block,dimension,cp_rank_fraction,cp_rank,internal_nodes,topology,eta,scientific_instance_hash,controlled_cp_components,tensor_reconstruction_error,operator_output_error_upper,recursive_representation_budget,closure_budget,interaction_budget,total_theorem_budget,observed_total_error,bound_tightness,seed_count_required,status
H,16,0.05,1,2,comb,0.001,c9e92b981b685421ad9708a620e0f5e9cf0c0853615bd5b49fc06dd783812d13,16,0.9682458365518543,0.9682458365518543,3.8114916731037085,0.001,0.0009682458365518543,3.8134599189402603,,,10,COMPLETE_ANALYTIC_CP_BUDGET
H,16,0.05,1,2,comb,0.01,d1d89b19e470b2fb4f0efab4f51a8b38707d13d3ab53234cd87c00efb6b83d5d,16,0.9682458365518543,0.9682458365518543,3.8114916731037085,0.01,0.009682458365518542,3.831174131469227,,,10,COMPLETE_ANALYTIC_CP_BUDGET
H,16,0.05,1,2,comb,0.1,8b7f524bf70e469bdfc2ffa4a97761653e2b0b481641768fb77e0eabbc3dde3c,16,0.9682458365518543,0.9682458365518543,3.8114916731037085,0.1,0.09682458365518543,4.008316256758894,,,10,COMPLETE_ANALYTIC_CP_BUDGET
H,16,0.05,1,2,balanced,0.001,7dab50bc6b6caab39ae78aff5d0cd2d7e69f011a315842c4b91baada61f61668,16,0.9682458365518543,0.9682458365518543,3.8114916731037085,0.001,0.0009682458365518543,3.8134599189402603,,,10,COMPLETE_ANALYTIC_CP_BUDGET
H,16,0.05,1,2,balanced,0.01,7cec9b1e581fa66adf1f7994ef3d72e6732b2dbe8edefb3571b903b5b82960f0,16,0.9682458365518543,0.9682458365518543,3.8114916731037085,0.01,0.009682458365518542,3.831174131469227,,,10,COMPLETE_ANALYTIC_CP_BUDGET
H,16,0.05,1,2,balanced,0.1,213b239cf2289fc9fc019a1c8f2317f278870b6003bdfb7733a2bc818560267d,16,0.9682458365518543,0.9682458365518543,3.8114916731037085,0.1,0.09682458365518543,4.008316256758894,,,10,COMPLETE_ANALYTIC_CP_BUDGET
H,16,0.05,1,4,comb,0.001,2b7ede6df4b19fb688d1bdb7680dbd4c1d845dc4f3878ee7d1d46704c030bacd,16,0.9682458365518543,0.9682458365518543,29.53137400741578,0.003,0.01987490394426878,29.55424891136005,,,10,COMPLETE_ANALYTIC_CP_BUDGET
H,16,0.05,1,4,comb,0.01,4edceec7e852c485ee752fdce22c781d1109fbfe47cdaa5028aa7a4fab352553,16,0.9682458365518543,0.9682458365518543,29.53137400741578,0.03,0.1987490394426878,29.76012304685847,,,10,COMPLETE_ANALYTIC_CP_BUDGET
H,16,0.05,1,4,comb,0.1,895bff142488aaa788a328546b5202ff2caad396898d0f9264406f55c8e4049a,16,0.9682458365518543,0.9682458365518543,29.53137400741578,0.30000000000000004,1.9874903944268782,31.81886440184266,,,10,COMPLETE_ANALYTIC_CP_BUDGET
H,16,0.05,1,4,balanced,0.001,b45452198c3479784b3c26dd7c22bea71b141ea539bac5c219f8e073db3f3a61,16,0.9682458365518543,0.9682458365518543,29.53137400741578,0.003,0.01987490394426878,29.55424891136005,,,10,COMPLETE_ANALYTIC_CP_BUDGET
H,16,0.05,1,4,balanced,0.01,76e3eef4e342dd9e1bcd7c933bcd4dfb56ccb601a24bf29634b27fb8920baabc,16,0.9682458365518543,0.9682458365518543,29.53137400741578,0.03,0.1987490394426878,29.76012304685847,,,10,COMPLETE_ANALYTIC_CP_BUDGET
H,16,0.05,1,4,balanced,0.1,712ac0db15c6b571d0752eeb6cc6185e7f4cb193743f5e5978471f7162429c71,16,0.9682458365518543,0.9682458365518543,29.53137400741578,0.30000000000000004,1.9874903944268782,31.81886440184266,,,10,COMPLETE_ANALYTIC_CP_BUDGET
H,16,0.05,1,8,comb,0.001,07b0f4825c3ceebb409249f780d8552c247eab16aca196b28014bdea753ad5d0,16,0.9682458365518543,0.9682458365518543,886.4025878908773,0.007,0.7940385742185222,887.2036264650958,,,10,COMPLETE_ANALYTIC_CP_BUDGET
H,16,0.05,1,8,comb,0.01,e0b1fc83d64f2cec83bc9ce64345b2a6f095f3b92acb9d3d7e7da38fd665651b,16,0.9682458365518543,0.9682458365518543,886.4025878908773,0.07,7.940385742185223,894.4129736330625,,,10,COMPLETE_ANALYTIC_CP_BUDGET
H,16,0.05,1,8,comb,0.1,b5c1165e7d9c2588bff16d8487b7ebcafe7ddf16d9cfd8e89e512b6342a2f7b0,16,0.9682458365518543,0.9682458365518543,886.4025878908773,0.7000000000000001,79.40385742185222,966.5064453127295,,,10,COMPLETE_ANALYTIC_CP_BUDGET
H,16,0.05,1,8,balanced,0.001,e2e36e396c5b00220ba8de3b23c923df1cd7a08b1be1c287f53bdb6e8be986c1,16,0.9682458365518543,0.9682458365518543,886.4025878908773,0.007,0.7940385742185222,887.2036264650958,,,10,COMPLETE_ANALYTIC_CP_BUDGET
H,16,0.05,1,8,balanced,0.01,78fd5a328a8c6fdd5871e02b981f3676ecdd84ae0fda04f59fb1a7772534debd,16,0.9682458365518543,0.9682458365518543,886.4025878908773,0.07,7.940385742185223,894.4129736330625,,,10,COMPLETE_ANALYTIC_CP_BUDGET
H,16,0.05,1,8,balanced,0.1,ef817d4075980d3e7fcf8167e8e272338e07c8e7921ea015fedcb03a033158d6,16,0.9682458365518543,0.9682458365518543,886.4025878908773,0.7000000000000001,79.40385742185222,966.5064453127295,,,10,COMPLETE_ANALYTIC_CP_BUDGET
H,16,0.05,1,16,comb,0.001,db1f7bdb086fc498b13ad1c9a29f962cf5af145a1e1af67ace08777623682a1a,16,0.9682458365518543,0.9682458365518543,399296.7198656873,0.015,386.6023865587638,399683.3372522461,,,10,COMPLETE_ANALYTIC_CP_BUDGET
H,16,0.05,1,16,comb,0.01,f059de7a1207f97045f28534c02997687b2c5a39c8da1b10666481a38ad3ded7,16,0.9682458365518543,0.9682458365518543,399296.7198656873,0.15,3866.023865587638,403162.893731275,,,10,COMPLETE_ANALYTIC_CP_BUDGET
H,16,0.05,1,16,comb,0.1,235ae70ab5fe95466b1a79bb15b62219a021cebba7fb384465448921d6adb810,16,0.9682458365518543,0.9682458365518543,399296.7198656873,1.5,38660.23865587638,437958.4585215637,,,10,COMPLETE_ANALYTIC_CP_BUDGET
H,16,0.05,1,16,balanced,0.001,bc0d77ca29944b1b00060918cd957662de204ba30195ac0123e9680dd60b1296,16,0.9682458365518543,0.9682458365518543,399296.7198656873,0.015,386.6023865587638,399683.3372522461,,,10,COMPLETE_ANALYTIC_CP_BUDGET
H,16,0.05,1,16,balanced,0.01,46bcaf35a9189ed490dbef539aa762c709cd69c281148ed9972aa6a818690c73,16,0.9682458365518543,0.9682458365518543,399296.7198656873,0.15,3866.023865587638,403162.893731275,,,10,COMPLETE_ANALYTIC_CP_BUDGET
H,16,0.05,1,16,balanced,0.1,5f393471023ea5620f62bf3576087102b966c76ac289138235036590d07d3384,16,0.9682458365518543,0.9682458365518543,399296.7198656873,1.5,38660.23865587638,437958.4585215637,,,10,COMPLETE_ANALYTIC_CP_BUDGET
H,16,0.1,2,2,comb,0.001,010f1faee665483da31efbb609eef1fd5424dd796a5efaf3ade9d8d3d8f048c5,16,0.9354143466934853,0.9354143466934853,3.6208286933869704,0.001,0.0009354143466934852,3.622764107733664,,,10,COMPLETE_ANALYTIC_CP_BUDGET
H,16,0.1,2,2,comb,0.01,331b4c781c5b7f6a82fbae24e12952b69a71e6d2a3fc3cbd4fcb92467b58ff98,16,0.9354143466934853,0.9354143466934853,3.6208286933869704,0.01,0.009354143466934852,3.640182836853905,,,10,COMPLETE_ANALYTIC_CP_BUDGET
H,16,0.1,2,2,comb,0.1,01b60d333b219be7a61f3a54ee4266b8d295d69e21c18620c3e4a3cb56005476,16,0.9354143466934853,0.9354143466934853,3.6208286933869704,0.1,0.09354143466934853,3.814370128056319,,,10,COMPLETE_ANALYTIC_CP_BUDGET
H,16,0.1,2,2,balanced,0.001,7da0a9a43bc107bca1ec33e2c0b360211d2fdb6e8893df7064c89aa366f89faf,16,0.9354143466934853,0.9354143466934853,3.6208286933869704,0.001,0.0009354143466934852,3.622764107733664,,,10,COMPLETE_ANALYTIC_CP_BUDGET
H,16,0.1,2,2,balanced,0.01,506963ac2048b0b462aedaf76b081350c33012a51c5415cb2fd86d88dd505a8e,16,0.9354143466934853,0.9354143466934853,3.6208286933869704,0.01,0.009354143466934852,3.640182836853905,,,10,COMPLETE_ANALYTIC_CP_BUDGET
H,16,0.1,2,2,balanced,0.1,b241790b90649154bbb9ba33d177b5b1ba232a83a314f5cf9936efa2031c1c86,16,0.9354143466934853,0.9354143466934853,3.6208286933869704,0.1,0.09354143466934853,3.814370128056319,,,10,COMPLETE_ANALYTIC_CP_BUDGET
H,16,0.1,2,4,comb,0.001,6a05850b58a2a7fbd49a3f775911fc562ee486ac0a545fdb5e9515431e4d52c7,16,0.9354143466934853,0.9354143466934853,27.126008027055533,0.003,0.018749191780311765,27.147757218835846,,,10,COMPLETE_ANALYTIC_CP_BUDGET
H,16,0.1,2,4,comb,0.01,50a2d014a99c16ea043d2b61c5743c85b65f6e996ec4924fed2151fc37d831d5,16,0.9354143466934853,0.9354143466934853,27.126008027055533,0.03,0.18749191780311764,27.343499944858653,,,10,COMPLETE_ANALYTIC_CP_BUDGET
H,16,0.1,2,4,comb,0.1,d4e13a5b5a7aabe697a52b956fdf28e5b7b7f29fa0864deedc74a14a1b8e696a,16,0.9354143466934853,0.9354143466934853,27.126008027055533,0.30000000000000004,1.8749191780311767,29.300927205086712,,,10,COMPLETE_ANALYTIC_CP_BUDGET
H,16,0.1,2,4,balanced,0.001,a5eb9eec7f50cd03ee7ccaef84639a08d93a837b21a28044819b35c86971b4bb,16,0.9354143466934853,0.9354143466934853,27.126008027055533,0.003,0.018749191780311765,27.147757218835846,,,10,COMPLETE_ANALYTIC_CP_BUDGET
H,16,0.1,2,4,balanced,0.01,38e2b6453c264e809253114c6e2ce307442a14bf7134d0dae8bba9dc1be4de11,16,0.9354143466934853,0.9354143466934853,27.126008027055533,0.03,0.18749191780311764,27.343499944858653,,,10,COMPLETE_ANALYTIC_CP_BUDGET
H,16,0.1,2,4,balanced,0.1,0d11ecd64f6f3b50998932b6545d05a396d5b8fb0ac240f247d1409da7f2f3e0,16,0.9354143466934853,0.9354143466934853,27.126008027055533,0.30000000000000004,1.8749191780311767,29.300927205086712,,,10,COMPLETE_ANALYTIC_CP_BUDGET
H,16,0.1,2,8,comb,0.001,7ab94d1aea8e6168a9a39a23187f0b40dde8e37df43a8f5d6c28ad5f606ced28,16,0.9354143466934853,0.9354143466934853,761.2226562850786,0.007,0.7050585937171864,761.9347148787958,,,10,COMPLETE_ANALYTIC_CP_BUDGET
H,16,0.1,2,8,comb,0.01,df7e1c57b91bd21cfef6016a03fb8c71a374c25ed94c5cd15a8992e5ee8804fe,16,0.9354143466934853,0.9354143466934853,761.2226562850786,0.07,7.050585937171864,768.3432422222505,,,10,COMPLETE_ANALYTIC_CP_BUDGET
H,16,0.1,2,8,comb,0.1,5e846dbc5e568c95818dac8d4175c794ad6e5864c8e162f6cb05578fdb849a68,16,0.9354143466934853,0.9354143466934853,761.2226562850786,0.7000000000000001,70.50585937171864,832.4285156567973,,,10,COMPLETE_ANALYTIC_CP_BUDGET
H,16,0.1,2,8,balanced,0.001,0f4f533cf78857ad2d00ab0cfd7c7dde9b27d85fe2cf2b4db7547897c870a10c,16,0.9354143466934853,0.9354143466934853,761.2226562850786,0.007,0.7050585937171864,761.9347148787958,,,10,COMPLETE_ANALYTIC_CP_BUDGET
H,16,0.1,2,8,balanced,0.01,0be40ecd480f5d6352e169ef89fc115ed317f54524e5737b1b037c7b030fbc17,16,0.9354143466934853,0.9354143466934853,761.2226562850786,0.07,7.050585937171864,768.3432422222505,,,10,COMPLETE_ANALYTIC_CP_BUDGET
H,16,0.1,2,8,balanced,0.1,ca4d4ae0bd5d05de3312e41c3a05c0c1d432c1319a6c895fbc6d77d97178a488,16,0.9354143466934853,0.9354143466934853,761.2226562850786,0.7000000000000001,70.50585937171864,832.4285156567973,,,10,COMPLETE_ANALYTIC_CP_BUDGET
H,16,0.1,2,16,comb,0.001,aca351b30c8444754ffc7cfbdbce46b1f0e46ecd412a859a3501e892fee55a77,16,0.9354143466934853,0.9354143466934853,299732.1642932889,0.015,300.38546426296205,300032.5647575519,,,10,COMPLETE_ANALYTIC_CP_BUDGET
H,16,0.1,2,16,comb,0.01,5639fe96449004a4467982d7c5cd130904494838ed05526aa88d5f200f2793aa,16,0.9354143466934853,0.9354143466934853,299732.1642932889,0.15,3003.8546426296207,302736.16893591854,,,10,COMPLETE_ANALYTIC_CP_BUDGET
H,16,0.1,2,16,comb,0.1,6410064b3aa53052b78f062651244e02f675d8f29c232e2b1a2a050ac10c7c7d,16,0.9354143466934853,0.9354143466934853,299732.1642932889,1.5,30038.546426296205,329772.21071958507,,,10,COMPLETE_ANALYTIC_CP_BUDGET
H,16,0.1,2,16,balanced,0.001,01c4ea69b49bbfa13ee08617fc6830ddaf51655c2d0925f1203b04b8f48bb97f,16,0.9354143466934853,0.9354143466934853,299732.1642932889,0.015,300.38546426296205,300032.5647575519,,,10,COMPLETE_ANALYTIC_CP_BUDGET
H,16,0.1,2,16,balanced,0.01,54c056f9274594fb321910f2d22d1b01c7caac39f70b64e10f7601dd3620a862,16,0.9354143466934853,0.9354143466934853,299732.1642932889,0.15,3003.8546426296207,302736.16893591854,,,10,COMPLETE_ANALYTIC_CP_BUDGET
H,16,0.1,2,16,balanced,0.1,856aa2a3f6eaacb6db2bab66e0a9ba3a7578ea736070240b2961df7a71707ec7,16,0.9354143466934853,0.9354143466934853,299732.1642932889,1.5,30038.546426296205,329772.21071958507,,,10,COMPLETE_ANALYTIC_CP_BUDGET
H,16,0.2,3,2,comb,0.001,10592b9e025a000ba96b87c6b4aeebe4970b896a98f47c683048af131df959b2,16,0.9013878188659973,0.9013878188659973,3.427775637731995,0.001,0.0009013878188659974,3.429677025550861,,,10,COMPLETE_ANALYTIC_CP_BUDGET
H,16,0.2,3,2,comb,0.01,bc006e84ff00dfd85444e29c8833479402b0d1a62f68c4a38b5b77e1f924a645,16,0.9013878188659973,0.9013878188659973,3.427775637731995,0.01,0.009013878188659974,3.4467895159206545,,,10,COMPLETE_ANALYTIC_CP_BUDGET
H,16,0.2,3,2,comb,0.1,a81f25689e1269859f30a3ed39b7e05ea10a3918995a532840d33fdb33740c0a,16,0.9013878188659973,0.9013878188659973,3.427775637731995,0.1,0.09013878188659974,3.617914419618595,,,10,COMPLETE_ANALYTIC_CP_BUDGET
H,16,0.2,3,2,balanced,0.001,32c3ed2c1981486ea3db8103535764136845d713e4baee0fab731b99787be388,16,0.9013878188659973,0.9013878188659973,3.427775637731995,0.001,0.0009013878188659974,3.429677025550861,,,10,COMPLETE_ANALYTIC_CP_BUDGET
H,16,0.2,3,2,balanced,0.01,c3cc6c7c1e90149d61a3a5bc720ed808d110154050f574b6d6abe85b79c457da,16,0.9013878188659973,0.9013878188659973,3.427775637731995,0.01,0.009013878188659974,3.4467895159206545,,,10,COMPLETE_ANALYTIC_CP_BUDGET
H,16,0.2,3,2,balanced,0.1,b4f62ae0d8490142290a67a670c7108618e5dafbf6d76f83ba331ffd7119df1b,16,0.9013878188659973,0.9013878188659973,3.427775637731995,0.1,0.09013878188659974,3.617914419618595,,,10,COMPLETE_ANALYTIC_CP_BUDGET
H,16,0.2,3,4,comb,0.001,11c04b917cdd8e6d8d300c080d2e8b92833099f2c764cd8d0050fb088ee59c68,16,0.9013878188659973,0.9013878188659973,24.784707509407465,0.003,0.01762212317827985,24.805329632585746,,,10,COMPLETE_ANALYTIC_CP_BUDGET
H,16,0.2,3,4,comb,0.01,89d16075abb097938e47bdac5d0082ff602f021a53bcef41d9d5be6d20458b8a,16,0.9013878188659973,0.9013878188659973,24.784707509407465,0.03,0.17622123178279847,24.990928741190263,,,10,COMPLETE_ANALYTIC_CP_BUDGET
H,16,0.2,3,4,comb,0.1,68304b0c07feb566e44e4da939900ce686911165221670d083ac5eabfb04e297,16,0.9013878188659973,0.9013878188659973,24.784707509407465,0.30000000000000004,1.762212317827985,26.84691982723545,,,10,COMPLETE_ANALYTIC_CP_BUDGET
H,16,0.2,3,4,balanced,0.001,11af03c8d3435befb4b54f1e8ad50ee2e83b618965cfc198fea9727d94ae58a8,16,0.9013878188659973,0.9013878188659973,24.784707509407465,0.003,0.01762212317827985,24.805329632585746,,,10,COMPLETE_ANALYTIC_CP_BUDGET
H,16,0.2,3,4,balanced,0.01,8184bd608a67038487b9f1de676d1f8415294b74e3b4212598dc882f57dd450f,16,0.9013878188659973,0.9013878188659973,24.784707509407465,0.03,0.17622123178279847,24.990928741190263,,,10,COMPLETE_ANALYTIC_CP_BUDGET
H,16,0.2,3,4,balanced,0.1,9d19825bd06973e0bbd92c4512c6354baf5ec5553a5900ac341d09a3e1cfd639,16,0.9013878188659973,0.9013878188659973,24.784707509407465,0.30000000000000004,1.762212317827985,26.84691982723545,,,10,COMPLETE_ANALYTIC_CP_BUDGET
H,16,0.2,3,8,comb,0.001,a9055ab4e379b96e481a0217d9db1bf5cd2408f539eca2c19ae973d678163cdb,16,0.9013878188659973,0.9013878188659973,647.8830572945316,0.007,0.6219165032714866,648.511973797803,,,10,COMPLETE_ANALYTIC_CP_BUDGET
H,16,0.2,3,8,comb,0.01,31ad00b1f40ff61ba95f168cb14615b512d1b472397375fc15a398bdd818dfbc,16,0.9013878188659973,0.9013878188659973,647.8830572945316,0.07,6.219165032714867,654.1722223272465,,,10,COMPLETE_ANALYTIC_CP_BUDGET
H,16,0.2,3,8,comb,0.1,8732ce4b7b6a8603f4c251980824b306be23fb8ad7d6f1cea546c964eac4da20,16,0.9013878188659973,0.9013878188659973,647.8830572945316,0.7000000000000001,62.191650327148665,710.7747076216802,,,10,COMPLETE_ANALYTIC_CP_BUDGET
H,16,0.2,3,8,balanced,0.001,6229d292bd0026c12ae11b46c9dadf67d5092b81fca5018abedac3297e40a8a7,16,0.9013878188659973,0.9013878188659973,647.8830572945316,0.007,0.6219165032714866,648.511973797803,,,10,COMPLETE_ANALYTIC_CP_BUDGET
H,16,0.2,3,8,balanced,0.01,f22875bea29f5689636f20ac0b7dcfb5c347580f73fae0d1a972b5a70c039bb6,16,0.9013878188659973,0.9013878188659973,647.8830572945316,0.07,6.219165032714867,654.1722223272465,,,10,COMPLETE_ANALYTIC_CP_BUDGET
H,16,0.2,3,8,balanced,0.1,2d0a6c01d3eac68b8dfd885423bea172ba00a9e002e09f47cf6e0b91ff08e9d7,16,0.9013878188659973,0.9013878188659973,647.8830572945316,0.7000000000000001,62.191650327148665,710.7747076216802,,,10,COMPLETE_ANALYTIC_CP_BUDGET
H,16,0.2,3,16,comb,0.001,7dbf813da26f943e3116496110b7d606365ed91f2fff5c94b667b3e641c4e2be,16,0.9013878188659973,0.9013878188659973,221356.4988173322,0.015,230.20967499319477,221586.7234923254,,,10,COMPLETE_ANALYTIC_CP_BUDGET
H,16,0.2,3,16,comb,0.01,feaea647d5e63272d3bd1c51731d99f1bb052274940cbbb68eb17fc908189395,16,0.9013878188659973,0.9013878188659973,221356.4988173322,0.15,2302.0967499319477,223658.74556726415,,,10,COMPLETE_ANALYTIC_CP_BUDGET
H,16,0.2,3,16,comb,0.1,81234fc02a339850f053983a4974a35503c2be16eeda2e6103ff702e6885cfef,16,0.9013878188659973,0.9013878188659973,221356.4988173322,1.5,23020.96749931948,244378.96631665167,,,10,COMPLETE_ANALYTIC_CP_BUDGET
H,16,0.2,3,16,balanced,0.001,06418dcd52355ea6fdd799d234d624527f47af92ad69697990459426839514c1,16,0.9013878188659973,0.9013878188659973,221356.4988173322,0.015,230.20967499319477,221586.7234923254,,,10,COMPLETE_ANALYTIC_CP_BUDGET
H,16,0.2,3,16,balanced,0.01,b95833f89b35482b011a1311cffbe289d646230bedbdf3c309082deff30b46b9,16,0.9013878188659973,0.9013878188659973,221356.4988173322,0.15,2302.0967499319477,223658.74556726415,,,10,COMPLETE_ANALYTIC_CP_BUDGET
H,16,0.2,3,16,balanced,0.1,d1da4ea9eeea4c2fffd76861d3b12a146829ea9b63ee864fc3eb7be422d466bd,16,0.9013878188659973,0.9013878188659973,221356.4988173322,1.5,23020.96749931948,244378.96631665167,,,10,COMPLETE_ANALYTIC_CP_BUDGET
H,16,0.4,6,2,comb,0.001,2b714914269de473670c92ea4220679a5db69106e218d3d753731f2427852124,16,0.7905694150420949,0.7905694150420949,2.83113883008419,0.001,0.000790569415042095,2.832929399499232,,,10,COMPLETE_ANALYTIC_CP_BUDGET
H,16,0.4,6,2,comb,0.01,8af4e85e2175dc395eee959ac697b7c9bf301839fefa54ffd14d0eab5c621bf7,16,0.7905694150420949,0.7905694150420949,2.83113883008419,0.01,0.00790569415042095,2.8490445242346105,,,10,COMPLETE_ANALYTIC_CP_BUDGET
H,16,0.4,6,2,comb,0.1,a0c00cfc32bc327e854c9eb691db51ecb2dc5255cf31e9b9bdf80dd8d6437664,16,0.7905694150420949,0.7905694150420949,2.83113883008419,0.1,0.0790569415042095,3.0101957715884,,,10,COMPLETE_ANALYTIC_CP_BUDGET
H,16,0.4,6,2,balanced,0.001,6b372194038e8cb88a83118293ad5a18e7fa5341b536366b27cc1830186db379,16,0.7905694150420949,0.7905694150420949,2.83113883008419,0.001,0.000790569415042095,2.832929399499232,,,10,COMPLETE_ANALYTIC_CP_BUDGET
H,16,0.4,6,2,balanced,0.01,46e8bf3511003df5bb13c921e5040ced81187841430c16d827dcc7e9dd2f937a,16,0.7905694150420949,0.7905694150420949,2.83113883008419,0.01,0.00790569415042095,2.8490445242346105,,,10,COMPLETE_ANALYTIC_CP_BUDGET
H,16,0.4,6,2,balanced,0.1,e5ea1b4ecc360707303e428a803a380e202c21fdd285d29b8705e92fccc71492,16,0.7905694150420949,0.7905694150420949,2.83113883008419,0.1,0.0790569415042095,3.0101957715884,,,10,COMPLETE_ANALYTIC_CP_BUDGET
H,16,0.4,6,4,comb,0.001,69d8939725f9d7ac0f58b7058e5726b71a381677331edb3ecdef90a52be1ab55,16,0.7905694150420949,0.7905694150420949,18.154048272984095,0.003,0.014222442388582786,18.17127071537268,,,10,COMPLETE_ANALYTIC_CP_BUDGET
H,16,0.4,6,4,comb,0.01,c6e4b1c81393ce773685cb0fa5cd7e7b3826eb734d5161d352c79bf53db79ef8,16,0.7905694150420949,0.7905694150420949,18.154048272984095,0.03,0.14222442388582784,18.326272696869925,,,10,COMPLETE_ANALYTIC_CP_BUDGET
H,16,0.4,6,4,comb,0.1,e146c677ed94cb73591be8554ffd89b8b0c16a90ade1ed55470e22e60c075d5a,16,0.7905694150420949,0.7905694150420949,18.154048272984095,0.30000000000000004,1.4222442388582788,19.876292511842376,,,10,COMPLETE_ANALYTIC_CP_BUDGET
H,16,0.4,6,4,balanced,0.001,6c9905bce41516c4ca0dbd4a15cc3d9feeae6288c6619a877e83182062422718,16,0.7905694150420949,0.7905694150420949,18.154048272984095,0.003,0.014222442388582786,18.17127071537268,,,10,COMPLETE_ANALYTIC_CP_BUDGET
H,16,0.4,6,4,balanced,0.01,f55ba3866bb5d2c3c3e973fd481be50caba8a1c78ff1df9501784ee96fb27a1d,16,0.7905694150420949,0.7905694150420949,18.154048272984095,0.03,0.14222442388582784,18.326272696869925,,,10,COMPLETE_ANALYTIC_CP_BUDGET
H,16,0.4,6,4,balanced,0.1,41a0b22353799f7b7670e1b70a26273d551599459f9c1dc8e5a16136be7485b8,16,0.7905694150420949,0.7905694150420949,18.154048272984095,0.30000000000000004,1.4222442388582788,19.876292511842376,,,10,COMPLETE_ANALYTIC_CP_BUDGET
H,16,0.4,6,8,comb,0.001,868783c928e3715fc4ddb5016c9a21be0febae6931bd4aea16ff3ef27ddba317,16,0.7905694150420949,0.7905694150420949,373.22276801626475,0.007,0.4060819075474138,373.63584992381215,,,10,COMPLETE_ANALYTIC_CP_BUDGET
H,16,0.4,6,8,comb,0.01,dfd10d69e44042fea22a4fd3af083ec24d18b39daaaec7b90ccd56db4c7855c0,16,0.7905694150420949,0.7905694150420949,373.22276801626475,0.07,4.0608190754741385,377.35358709173886,,,10,COMPLETE_ANALYTIC_CP_BUDGET
H,16,0.4,6,8,comb,0.1,387969d43dd189ce34b8edc0cf702b46c094fb3189e74deff5318b5f8a85e206,16,0.7905694150420949,0.7905694150420949,373.22276801626475,0.7000000000000001,40.608190754741386,414.5309587710061,,,10,COMPLETE_ANALYTIC_CP_BUDGET
H,16,0.4,6,8,balanced,0.001,0ed51bea1e70e9780e0d9353a2f55c511d1686b85c1cc5b5345eec3470eea682,16,0.7905694150420949,0.7905694150420949,373.22276801626475,0.007,0.4060819075474138,373.63584992381215,,,10,COMPLETE_ANALYTIC_CP_BUDGET
H,16,0.4,6,8,balanced,0.01,ddb0bb91d314d120aa856d09c42274b1707bc0975c237b59db0104d1dd90dcbc,16,0.7905694150420949,0.7905694150420949,373.22276801626475,0.07,4.0608190754741385,377.35358709173886,,,10,COMPLETE_ANALYTIC_CP_BUDGET
H,16,0.4,6,8,balanced,0.1,8a2a03573b2cb1eb415bef76375cbe5d62d0c65c6ed58ee336d19f7b4c267c4c,16,0.7905694150420949,0.7905694150420949,373.22276801626475,0.7000000000000001,40.608190754741386,414.5309587710061,,,10,COMPLETE_ANALYTIC_CP_BUDGET
H,16,0.4,6,16,comb,0.001,80512b9ba0a56b54efd1fb1f89812498f4a6a26d01f5aa51e73d76807bb005be,16,0.7905694150420949,0.7905694150420949,78872.8294849405,0.015,93.51667000293645,78966.36115494344,,,10,COMPLETE_ANALYTIC_CP_BUDGET
H,16,0.4,6,16,comb,0.01,b7d86ef0680fefb521b988f4e398818e0a8f82e84419ff0883feb27263c0ca20,16,0.7905694150420949,0.7905694150420949,78872.8294849405,0.15,935.1667000293645,79808.14618496987,,,10,COMPLETE_ANALYTIC_CP_BUDGET
H,16,0.4,6,16,comb,0.1,06fdf5fe645dad5460481166337fda3ee0bceec2d9839a0f5c0a278fdec8c36a,16,0.7905694150420949,0.7905694150420949,78872.8294849405,1.5,9351.667000293646,88225.99648523415,,,10,COMPLETE_ANALYTIC_CP_BUDGET
H,16,0.4,6,16,balanced,0.001,c8ac00c5db771a6dad79e704483538412b1ba1a8394e8ef9cfe4b9f3057e4e08,16,0.7905694150420949,0.7905694150420949,78872.8294849405,0.015,93.51667000293645,78966.36115494344,,,10,COMPLETE_ANALYTIC_CP_BUDGET
H,16,0.4,6,16,balanced,0.01,abe6da89184252b770430546fb10d73dd458247ddcc9a429d8858b1824576ed6,16,0.7905694150420949,0.7905694150420949,78872.8294849405,0.15,935.1667000293645,79808.14618496987,,,10,COMPLETE_ANALYTIC_CP_BUDGET
H,16,0.4,6,16,balanced,0.1,dfa2ea12835bc5ff9bd98fdd8d654fd67965882b39df172b7e799355164bd692,16,0.7905694150420949,0.7905694150420949,78872.8294849405,1.5,9351.667000293646,88225.99648523415,,,10,COMPLETE_ANALYTIC_CP_BUDGET
H,16,0.8,13,2,comb,0.001,5e35baa6e29c34de6f1889b2c32834225545fec17f518d001663229e44c71925,16,0.4330127018922193,0.4330127018922193,1.2410254037844384,0.001,0.0004330127018922192,1.2424584164863304,,,10,COMPLETE_ANALYTIC_CP_BUDGET
H,16,0.8,13,2,comb,0.01,c2dedc65dc939b4c78fc8ebafcaa053ab0d2b93887389acaa67354d993893f75,16,0.4330127018922193,0.4330127018922193,1.2410254037844384,0.01,0.004330127018922192,1.2553555308033606,,,10,COMPLETE_ANALYTIC_CP_BUDGET
H,16,0.8,13,2,comb,0.1,d936992a50327cf992a1a33fa4c57f7c62f4f223a39b36704a5de12b48f36495,16,0.4330127018922193,0.4330127018922193,1.2410254037844384,0.1,0.04330127018922192,1.3843266739736604,,,10,COMPLETE_ANALYTIC_CP_BUDGET
H,16,0.8,13,2,balanced,0.001,9697ad4555557eba0c580bbfd86869509369ef418fe9d22d58bed5cca72263ca,16,0.4330127018922193,0.4330127018922193,1.2410254037844384,0.001,0.0004330127018922192,1.2424584164863304,,,10,COMPLETE_ANALYTIC_CP_BUDGET
H,16,0.8,13,2,balanced,0.01,fdd00a1afc2113cb3e6a29d1f0e1a18d7493ba61e526b53461c2ffe100ed7407,16,0.4330127018922193,0.4330127018922193,1.2410254037844384,0.01,0.004330127018922192,1.2553555308033606,,,10,COMPLETE_ANALYTIC_CP_BUDGET
H,16,0.8,13,2,balanced,0.1,87f4ccc76292c25bcceb07da7a505f30d824d535ac762dcaea3c8b75fdb0dba8,16,0.4330127018922193,0.4330127018922193,1.2410254037844384,0.1,0.04330127018922192,1.3843266739736604,,,10,COMPLETE_ANALYTIC_CP_BUDGET
H,16,0.8,13,4,comb,0.001,7d788d8f68aceb0fe64c8a55dbbfdb8ded0382d98f3d9fbec1c2f2eb4e90e916,16,0.4330127018922193,0.4330127018922193,5.096954386826369,0.003,0.005828183961844344,5.105782570788214,,,10,COMPLETE_ANALYTIC_CP_BUDGET
H,16,0.8,13,4,comb,0.01,95ad072dc4970d5a49e8adfdf070ecfbcab80df81b99a04113acbc3ad6d82430,16,0.4330127018922193,0.4330127018922193,5.096954386826369,0.03,0.058281839618443444,5.185236226444813,,,10,COMPLETE_ANALYTIC_CP_BUDGET
H,16,0.8,13,4,comb,0.1,2bab8e3f5df41555908813723577dea416c72627f990e91fa11759ce60780d70,16,0.4330127018922193,0.4330127018922193,5.096954386826369,0.30000000000000004,0.5828183961844345,5.979772783010803,,,10,COMPLETE_ANALYTIC_CP_BUDGET
H,16,0.8,13,4,balanced,0.001,ac55350ecd8a153c662fb9b10456538e23d211455b41bdc35e92183fc2e8e3ac,16,0.4330127018922193,0.4330127018922193,5.096954386826369,0.003,0.005828183961844344,5.105782570788214,,,10,COMPLETE_ANALYTIC_CP_BUDGET
H,16,0.8,13,4,balanced,0.01,968b2b7e3d499cab75186ee2ff87129d418925cfcc03938a0fdc552b243fa6ec,16,0.4330127018922193,0.4330127018922193,5.096954386826369,0.03,0.058281839618443444,5.185236226444813,,,10,COMPLETE_ANALYTIC_CP_BUDGET
H,16,0.8,13,4,balanced,0.1,497f29d3a15073f3472e65e882ceb5669eb500a5931050f4d87e9ce86d9ff75e,16,0.4330127018922193,0.4330127018922193,5.096954386826369,0.30000000000000004,0.5828183961844345,5.979772783010803,,,10,COMPLETE_ANALYTIC_CP_BUDGET
H,16,0.8,13,8,comb,0.001,aa9946ab5aa7e189ef4832ed73ba3c217c5cfd1f8408a8546fd72291b1ebab8c,16,0.4330127018922193,0.4330127018922193,42.9873726587161,0.007,0.07986569911692575,43.07423835783302,,,10,COMPLETE_ANALYTIC_CP_BUDGET
H,16,0.8,13,8,comb,0.01,485a6a8e100c157970f225235bdfda54917df01e33b0ab61dc6c596158335d08,16,0.4330127018922193,0.4330127018922193,42.9873726587161,0.07,0.7986569911692575,43.85602964988536,,,10,COMPLETE_ANALYTIC_CP_BUDGET
H,16,0.8,13,8,comb,0.1,a02d3ce2d40a21468bc8d2ab526db380919228c41e2f01c94ed619a71626b439,16,0.4330127018922193,0.4330127018922193,42.9873726587161,0.7000000000000001,7.986569911692575,51.67394257040868,,,10,COMPLETE_ANALYTIC_CP_BUDGET
H,16,0.8,13,8,balanced,0.001,59e13a45311eea93902eddcb920060fd71559df23a4e53a70549d7186f67f5b4,16,0.4330127018922193,0.4330127018922193,42.9873726587161,0.007,0.07986569911692575,43.07423835783302,,,10,COMPLETE_ANALYTIC_CP_BUDGET
H,16,0.8,13,8,balanced,0.01,e90f1629b5614b8c3fa5d1c3bf7473adf812f62d4b7575f6065facb7b2e573b6,16,0.4330127018922193,0.4330127018922193,42.9873726587161,0.07,0.7986569911692575,43.85602964988536,,,10,COMPLETE_ANALYTIC_CP_BUDGET
H,16,0.8,13,8,balanced,0.1,2e6bffe4cb56c6c2a9608ec54cef8c91eacefafeae9b56a042fdd496039ab557,16,0.4330127018922193,0.4330127018922193,42.9873726587161,0.7000000000000001,7.986569911692575,51.67394257040868,,,10,COMPLETE_ANALYTIC_CP_BUDGET
H,16,0.8,13,16,comb,0.001,b277b863e5c4618bb72c665e1e239489fddb6ea44247d2312583528a48046449,16,0.4330127018922193,0.4330127018922193,1528.8723175103166,0.015,3.2951056652668065,1532.1824231755836,,,10,COMPLETE_ANALYTIC_CP_BUDGET
H,16,0.8,13,16,comb,0.01,6b65ce7b95871b74dc8cc99a71975197d19bb81b52d9c895487c1d577c882aee,16,0.4330127018922193,0.4330127018922193,1528.8723175103166,0.15,32.951056652668065,1561.9733741629848,,,10,COMPLETE_ANALYTIC_CP_BUDGET
H,16,0.8,13,16,comb,0.1,361df56117aed0e468ae5eb65b9379a6bed8b548ae13dc53c895f27c0497091d,16,0.4330127018922193,0.4330127018922193,1528.8723175103166,1.5,329.51056652668063,1859.8828840369972,,,10,COMPLETE_ANALYTIC_CP_BUDGET
H,16,0.8,13,16,balanced,0.001,a87ff509eb4e43bffeacd7f358f31cb3fdf69de63f45e57b19eecfb4772a85b1,16,0.4330127018922193,0.4330127018922193,1528.8723175103166,0.015,3.2951056652668065,1532.1824231755836,,,10,COMPLETE_ANALYTIC_CP_BUDGET
H,16,0.8,13,16,balanced,0.01,3517f1e0c3759ac5a5910ba35fafe5a0b158e12c07396c327d4f7f891740b847,16,0.4330127018922193,0.4330127018922193,1528.8723175103166,0.15,32.951056652668065,1561.9733741629848,,,10,COMPLETE_ANALYTIC_CP_BUDGET
H,16,0.8,13,16,balanced,0.1,b5554444b407c18de85eb3758d1654079c4fd86a2a6174f8614508be73225ec0,16,0.4330127018922193,0.4330127018922193,1528.8723175103166,1.5,329.51056652668063,1859.8828840369972,,,10,COMPLETE_ANALYTIC_CP_BUDGET
H,32,0.05,2,2,comb,0.001,639e68caeff2164a3b86e86aad2155aba4f3d97acfd5f85905e71ac76b7c2a27,32,0.9682458365518543,0.9682458365518543,3.8114916731037085,0.001,0.0009682458365518543,3.8134599189402603,,,10,COMPLETE_ANALYTIC_CP_BUDGET
H,32,0.05,2,2,comb,0.01,7e35092a6b021d8d60048cd7216bb3dd21bf8d24bddc145e48cbdca889c0e294,32,0.9682458365518543,0.9682458365518543,3.8114916731037085,0.01,0.009682458365518542,3.831174131469227,,,10,COMPLETE_ANALYTIC_CP_BUDGET
H,32,0.05,2,2,comb,0.1,556e0fee3a9db37c9b2f1c7052782df87750f5ceefacd10d51c690fc3cdc4ae5,32,0.9682458365518543,0.9682458365518543,3.8114916731037085,0.1,0.09682458365518543,4.008316256758894,,,10,COMPLETE_ANALYTIC_CP_BUDGET
H,32,0.05,2,2,balanced,0.001,8d3d097ad27e6a41bf0b6cf4ba41e1e33e327134197ec0971c767d7b93eb2465,32,0.9682458365518543,0.9682458365518543,3.8114916731037085,0.001,0.0009682458365518543,3.8134599189402603,,,10,COMPLETE_ANALYTIC_CP_BUDGET
H,32,0.05,2,2,balanced,0.01,98c5db19e85365d7f3de702ec76d0f6d8ef50a48cc20ae44032fbfbe4161e366,32,0.9682458365518543,0.9682458365518543,3.8114916731037085,0.01,0.009682458365518542,3.831174131469227,,,10,COMPLETE_ANALYTIC_CP_BUDGET
H,32,0.05,2,2,balanced,0.1,3bb0b407695ca9bde3c89bff0287b03737a65e5056e6d24e2303541c3c7a1b6d,32,0.9682458365518543,0.9682458365518543,3.8114916731037085,0.1,0.09682458365518543,4.008316256758894,,,10,COMPLETE_ANALYTIC_CP_BUDGET
H,32,0.05,2,4,comb,0.001,abfebe1b0b5b02d5b38ae1565fd49eed2f6b604d6d7b25e83246d26901cbcb00,32,0.9682458365518543,0.9682458365518543,29.53137400741578,0.003,0.01987490394426878,29.55424891136005,,,10,COMPLETE_ANALYTIC_CP_BUDGET
H,32,0.05,2,4,comb,0.01,436cf352b70f562f4b5932966a6f969cc5b75e5f7192d2183d1630f40abe8fc5,32,0.9682458365518543,0.9682458365518543,29.53137400741578,0.03,0.1987490394426878,29.76012304685847,,,10,COMPLETE_ANALYTIC_CP_BUDGET
H,32,0.05,2,4,comb,0.1,81d69d8d66e14bf113551134d85dc98f7dcbdf53b013335ddbae94ba64c3ccdc,32,0.9682458365518543,0.9682458365518543,29.53137400741578,0.30000000000000004,1.9874903944268782,31.81886440184266,,,10,COMPLETE_ANALYTIC_CP_BUDGET
H,32,0.05,2,4,balanced,0.001,0c74044e39b1484a682526ad1af2ab8fbec37bb071acb01b5c63babd8b3a81c4,32,0.9682458365518543,0.9682458365518543,29.53137400741578,0.003,0.01987490394426878,29.55424891136005,,,10,COMPLETE_ANALYTIC_CP_BUDGET
H,32,0.05,2,4,balanced,0.01,849b328bf68206bc775bff1e1ca5e32680edfb04234ea8e076c6e7c406b24373,32,0.9682458365518543,0.9682458365518543,29.53137400741578,0.03,0.1987490394426878,29.76012304685847,,,10,COMPLETE_ANALYTIC_CP_BUDGET
H,32,0.05,2,4,balanced,0.1,6209b45548a1f90eddfa9161960c05cb2090e9e4c7a4ce7ff001f9d2cbb3e8e8,32,0.9682458365518543,0.9682458365518543,29.53137400741578,0.30000000000000004,1.9874903944268782,31.81886440184266,,,10,COMPLETE_ANALYTIC_CP_BUDGET
H,32,0.05,2,8,comb,0.001,4428f1c455edc15c791db863d28351f776671b5ed0c452f1a0e90ea6b5da9b81,32,0.9682458365518543,0.9682458365518543,886.4025878908773,0.007,0.7940385742185222,887.2036264650958,,,10,COMPLETE_ANALYTIC_CP_BUDGET
H,32,0.05,2,8,comb,0.01,8642dbd36463ac23ddaefab150e89fa7094eca8e27f25448ed171c03a36bd868,32,0.9682458365518543,0.9682458365518543,886.4025878908773,0.07,7.940385742185223,894.4129736330625,,,10,COMPLETE_ANALYTIC_CP_BUDGET
H,32,0.05,2,8,comb,0.1,90f128abc195e930176f3e76875d9801eb2f32319bd188d60998b08197394f3e,32,0.9682458365518543,0.9682458365518543,886.4025878908773,0.7000000000000001,79.40385742185222,966.5064453127295,,,10,COMPLETE_ANALYTIC_CP_BUDGET
H,32,0.05,2,8,balanced,0.001,43fe25aa45acd579b6e54d1dea6107a324e62c26e15fd97d4fdc4c16573d8bec,32,0.9682458365518543,0.9682458365518543,886.4025878908773,0.007,0.7940385742185222,887.2036264650958,,,10,COMPLETE_ANALYTIC_CP_BUDGET
H,32,0.05,2,8,balanced,0.01,8b63372e364a612e647e67f523569cb7ff61c6b107a1c85079ec9a67cab7da66,32,0.9682458365518543,0.9682458365518543,886.4025878908773,0.07,7.940385742185223,894.4129736330625,,,10,COMPLETE_ANALYTIC_CP_BUDGET
H,32,0.05,2,8,balanced,0.1,e6ec7c846c5ebc13748d433975d5268f39c8fac7bb109e385834e4fca1a77938,32,0.9682458365518543,0.9682458365518543,886.4025878908773,0.7000000000000001,79.40385742185222,966.5064453127295,,,10,COMPLETE_ANALYTIC_CP_BUDGET
H,32,0.05,2,16,comb,0.001,6ba888fd5bea9da45fe3d8334bdf50581a4a6a70a92df29003f7cc6f8974ac2f,32,0.9682458365518543,0.9682458365518543,399296.7198656873,0.015,386.6023865587638,399683.3372522461,,,10,COMPLETE_ANALYTIC_CP_BUDGET
H,32,0.05,2,16,comb,0.01,05f5535f4e37475266afaf654cb5654e78770a5a7c4cfa4a90e4694e6c986f40,32,0.9682458365518543,0.9682458365518543,399296.7198656873,0.15,3866.023865587638,403162.893731275,,,10,COMPLETE_ANALYTIC_CP_BUDGET
H,32,0.05,2,16,comb,0.1,6a5fc95438fdc63bb2979000909719d2e0c4623f886a7915d064dfe780491a32,32,0.9682458365518543,0.9682458365518543,399296.7198656873,1.5,38660.23865587638,437958.4585215637,,,10,COMPLETE_ANALYTIC_CP_BUDGET
H,32,0.05,2,16,balanced,0.001,f2099d9b40d1e3e7544003e3272e5a357d7adb3db20d59506d7b6243dd687eaf,32,0.9682458365518543,0.9682458365518543,399296.7198656873,0.015,386.6023865587638,399683.3372522461,,,10,COMPLETE_ANALYTIC_CP_BUDGET
H,32,0.05,2,16,balanced,0.01,4d95e57c32252783bb8294d10bddec7a75a871176904bf657287e19d82d00858,32,0.9682458365518543,0.9682458365518543,399296.7198656873,0.15,3866.023865587638,403162.893731275,,,10,COMPLETE_ANALYTIC_CP_BUDGET
H,32,0.05,2,16,balanced,0.1,9492175a154951255fe0c1087153920269babd596b348c8c82788826b939e291,32,0.9682458365518543,0.9682458365518543,399296.7198656873,1.5,38660.23865587638,437958.4585215637,,,10,COMPLETE_ANALYTIC_CP_BUDGET
H,32,0.1,3,2,comb,0.001,cbf9852660f02dac177c860aa180ee5adf3e92bc4cad8389fa1e92f35d1fe81b,32,0.9519716382329886,0.9519716382329886,3.716443276465977,0.001,0.0009519716382329886,3.71839524810421,,,10,COMPLETE_ANALYTIC_CP_BUDGET
H,32,0.1,3,2,comb,0.01,46bac9cc8b7bf77bdec09ded8cecff55fa3e58295cf69906d6bb75474aa0262f,32,0.9519716382329886,0.9519716382329886,3.716443276465977,0.01,0.009519716382329886,3.735962992848307,,,10,COMPLETE_ANALYTIC_CP_BUDGET
H,32,0.1,3,2,comb,0.1,aa761e0e533c163244b1a3738c77a895c4791f024460b681d5cf69189b10af30,32,0.9519716382329886,0.9519716382329886,3.716443276465977,0.1,0.09519716382329886,3.911640440289276,,,10,COMPLETE_ANALYTIC_CP_BUDGET
H,32,0.1,3,2,balanced,0.001,aaa1986733c3fb3d8c4de877e7891f5751a00354d79f66e3056b8f50fa4f106c,32,0.9519716382329886,0.9519716382329886,3.716443276465977,0.001,0.0009519716382329886,3.71839524810421,,,10,COMPLETE_ANALYTIC_CP_BUDGET
H,32,0.1,3,2,balanced,0.01,c46b6dd4b52b7509126583ab68b052afd230821d276377257ab2d4f150267647,32,0.9519716382329886,0.9519716382329886,3.716443276465977,0.01,0.009519716382329886,3.735962992848307,,,10,COMPLETE_ANALYTIC_CP_BUDGET
H,32,0.1,3,2,balanced,0.1,30869aa5642f07dd0dafabce9ce78e33abce1fc285f4b4c527fb493b5afe6a7c,32,0.9519716382329886,0.9519716382329886,3.716443276465977,0.1,0.09519716382329886,3.911640440289276,,,10,COMPLETE_ANALYTIC_CP_BUDGET
H,32,0.1,3,4,comb,0.001,c2dbfefb5c357b62c1253b6a1c2c5e069f56cd897b56f126f56f714f1d5954f9,32,0.9519716382329886,0.9519716382329886,28.32073436871571,0.003,0.019312167635542835,28.343046536351252,,,10,COMPLETE_ANALYTIC_CP_BUDGET
H,32,0.1,3,4,comb,0.01,d1859156b2f2c0f9691f197180436f6513a59bef41926722dd7a667c431c2d15,32,0.9519716382329886,0.9519716382329886,28.32073436871571,0.03,0.19312167635542835,28.543856045071138,,,10,COMPLETE_ANALYTIC_CP_BUDGET
H,32,0.1,3,4,comb,0.1,16e9fc42d272b3ef2e82792128b1fe17726d758e42e4e329279bf40b767a3ef6,32,0.9519716382329886,0.9519716382329886,28.32073436871571,0.30000000000000004,1.9312167635542838,30.55195113226999,,,10,COMPLETE_ANALYTIC_CP_BUDGET
H,32,0.1,3,4,balanced,0.001,3b61b342ebe2e1b7071b9423688e86e65ca27ba147d3e21303782805e98968a7,32,0.9519716382329886,0.9519716382329886,28.32073436871571,0.003,0.019312167635542835,28.343046536351252,,,10,COMPLETE_ANALYTIC_CP_BUDGET
H,32,0.1,3,4,balanced,0.01,dc0f9a491feb439da4a67021fe3967f7c2241179c4adc4b433d4011cf316249b,32,0.9519716382329886,0.9519716382329886,28.32073436871571,0.03,0.19312167635542835,28.543856045071138,,,10,COMPLETE_ANALYTIC_CP_BUDGET
H,32,0.1,3,4,balanced,0.1,1a5e40bb38442c45a3e301ec45f056f5d95b4cb4f148622f4aebb8dd2d97474e,32,0.9519716382329886,0.9519716382329886,28.32073436871571,0.30000000000000004,1.9312167635542838,30.55195113226999,,,10,COMPLETE_ANALYTIC_CP_BUDGET
H,32,0.1,3,8,comb,0.001,9d472888d35880eba78041d4fb90083bcdb209553ba83999a7636a3313fb7fc8,32,0.9519716382329886,0.9519716382329886,822.2966461226538,0.007,0.7488098754841549,823.0524559981379,,,10,COMPLETE_ANALYTIC_CP_BUDGET
H,32,0.1,3,8,comb,0.01,d135452b3948893a7d28a9345eaf55b0cbac35c9a1dee66fa1049edc7aae33e3,32,0.9519716382329886,0.9519716382329886,822.2966461226538,0.07,7.488098754841549,829.8547448774954,,,10,COMPLETE_ANALYTIC_CP_BUDGET
H,32,0.1,3,8,comb,0.1,36400c0823aece81ea6dedea777c507458777db0edde0ff5d56165fd073ba5bc,32,0.9519716382329886,0.9519716382329886,822.2966461226538,0.7000000000000001,74.88098754841549,897.8776336710694,,,10,COMPLETE_ANALYTIC_CP_BUDGET
H,32,0.1,3,8,balanced,0.001,2c386ddb9b4108502b89deb95656025884e76879aef04816d2817546fea94dca,32,0.9519716382329886,0.9519716382329886,822.2966461226538,0.007,0.7488098754841549,823.0524559981379,,,10,COMPLETE_ANALYTIC_CP_BUDGET
H,32,0.1,3,8,balanced,0.01,a0befcc1ab57e78dc409a42ff79b22238be5e1ed203dc15118859320660d0e6f,32,0.9519716382329886,0.9519716382329886,822.2966461226538,0.07,7.488098754841549,829.8547448774954,,,10,COMPLETE_ANALYTIC_CP_BUDGET
H,32,0.1,3,8,balanced,0.1,80629052a947786733918767ab36ba1e0e0c5b72d50af61da125c1049226091c,32,0.9519716382329886,0.9519716382329886,822.2966461226538,0.7000000000000001,74.88098754841549,897.8776336710694,,,10,COMPLETE_ANALYTIC_CP_BUDGET
H,32,0.1,3,16,comb,0.001,310994737bdbb30c0ccd881efd12881a544435c83ce676fa3d1f0d6017d52dca,32,0.9519716382329886,0.9519716382329886,346614.3509038558,0.015,341.3302049638009,346955.6961088196,,,10,COMPLETE_ANALYTIC_CP_BUDGET
H,32,0.1,3,16,comb,0.01,e0f01b896d44b21b007402627160eafc5c9b25554a9519dce8e0cc8613dbb07a,32,0.9519716382329886,0.9519716382329886,346614.3509038558,0.15,3413.302049638009,350027.80295349384,,,10,COMPLETE_ANALYTIC_CP_BUDGET
H,32,0.1,3,16,comb,0.1,a69380aa2a6b3fee91459db7f2dc99459a8eab012a12aac0d951e86d64b80060,32,0.9519716382329886,0.9519716382329886,346614.3509038558,1.5,34133.02049638009,380748.8714002359,,,10,COMPLETE_ANALYTIC_CP_BUDGET
H,32,0.1,3,16,balanced,0.001,344e382d38d697317c54287c6cf0ee1fcbcbedf3095e8af7d3aba7cec34e9e62,32,0.9519716382329886,0.9519716382329886,346614.3509038558,0.015,341.3302049638009,346955.6961088196,,,10,COMPLETE_ANALYTIC_CP_BUDGET
H,32,0.1,3,16,balanced,0.01,55553efcfa8440cbcfef83a38a220a0748934a9d3586c614b5881fba209a40c3,32,0.9519716382329886,0.9519716382329886,346614.3509038558,0.15,3413.302049638009,350027.80295349384,,,10,COMPLETE_ANALYTIC_CP_BUDGET
H,32,0.1,3,16,balanced,0.1,383c6b984e607c73f7746c29a8d31963f71d63a020d3fa7d001144d6b00adb99,32,0.9519716382329886,0.9519716382329886,346614.3509038558,1.5,34133.02049638009,380748.8714002359,,,10,COMPLETE_ANALYTIC_CP_BUDGET
H,32,0.2,6,2,comb,0.001,6f91e064917752c8d2498595b796d3027ec39f4bc3a5aeaff520dacd6b10ae02,32,0.9013878188659973,0.9013878188659973,3.427775637731995,0.001,0.0009013878188659974,3.429677025550861,,,10,COMPLETE_ANALYTIC_CP_BUDGET
H,32,0.2,6,2,comb,0.01,6c3c9142f549d6f76932e551ff5562ddbd80587f4e292e5809272230e481625b,32,0.9013878188659973,0.9013878188659973,3.427775637731995,0.01,0.009013878188659974,3.4467895159206545,,,10,COMPLETE_ANALYTIC_CP_BUDGET
H,32,0.2,6,2,comb,0.1,21c020cb994bb249d0634ad6006484c313e7a3c425fb2507cf6a06b4a047d1d8,32,0.9013878188659973,0.9013878188659973,3.427775637731995,0.1,0.09013878188659974,3.617914419618595,,,10,COMPLETE_ANALYTIC_CP_BUDGET
H,32,0.2,6,2,balanced,0.001,299d38285f0dc039100a624b6479df3fd3407c91e2a6f8fad70e48c1744a3f0c,32,0.9013878188659973,0.9013878188659973,3.427775637731995,0.001,0.0009013878188659974,3.429677025550861,,,10,COMPLETE_ANALYTIC_CP_BUDGET
H,32,0.2,6,2,balanced,0.01,b8cc355f1dc74514528aa6167df74da34fbbe11876a1fe3ef7ebdfff2cd403f6,32,0.9013878188659973,0.9013878188659973,3.427775637731995,0.01,0.009013878188659974,3.4467895159206545,,,10,COMPLETE_ANALYTIC_CP_BUDGET
H,32,0.2,6,2,balanced,0.1,56294e7607c9e29b4b0b27fabd5489740000d0d7e2daff95714bf5ed41b0dea7,32,0.9013878188659973,0.9013878188659973,3.427775637731995,0.1,0.09013878188659974,3.617914419618595,,,10,COMPLETE_ANALYTIC_CP_BUDGET
H,32,0.2,6,4,comb,0.001,f25aaf88ef8f2a9d85cca53ba02fa41e548b88315b4de621d6765fce369021fc,32,0.9013878188659973,0.9013878188659973,24.784707509407465,0.003,0.01762212317827985,24.805329632585746,,,10,COMPLETE_ANALYTIC_CP_BUDGET
H,32,0.2,6,4,comb,0.01,811022a0979603c4213853a926d1c61a4e4ac6320cf9af28681301e166766939,32,0.9013878188659973,0.9013878188659973,24.784707509407465,0.03,0.17622123178279847,24.990928741190263,,,10,COMPLETE_ANALYTIC_CP_BUDGET
H,32,0.2,6,4,comb,0.1,408998da21c8695b6db4da26865f922edc06b93d86896e6ea0276debde65d3c2,32,0.9013878188659973,0.9013878188659973,24.784707509407465,0.30000000000000004,1.762212317827985,26.84691982723545,,,10,COMPLETE_ANALYTIC_CP_BUDGET
H,32,0.2,6,4,balanced,0.001,52cfe7ea269d48b0060df7ec1c8069aafbda12b8ee03518dee6daeabe5ee9e2a,32,0.9013878188659973,0.9013878188659973,24.784707509407465,0.003,0.01762212317827985,24.805329632585746,,,10,COMPLETE_ANALYTIC_CP_BUDGET
H,32,0.2,6,4,balanced,0.01,ac7da707c6d4af93e2818d79b89edd2bc7c654ea9bd3104992864911f14d440e,32,0.9013878188659973,0.9013878188659973,24.784707509407465,0.03,0.17622123178279847,24.990928741190263,,,10,COMPLETE_ANALYTIC_CP_BUDGET
H,32,0.2,6,4,balanced,0.1,f0380e12f77225489c91981cc41a59f2e1549c9c1438c8cff627ce6a665b2333,32,0.9013878188659973,0.9013878188659973,24.784707509407465,0.30000000000000004,1.762212317827985,26.84691982723545,,,10,COMPLETE_ANALYTIC_CP_BUDGET
H,32,0.2,6,8,comb,0.001,4dbf83b7841563f1af570473a33da6d0ba7711d4413b77ca3cf8d19358a9a3c1,32,0.9013878188659973,0.9013878188659973,647.8830572945316,0.007,0.6219165032714866,648.511973797803,,,10,COMPLETE_ANALYTIC_CP_BUDGET
H,32,0.2,6,8,comb,0.01,297ca5e3e777eda79174f3743855e774eabba1fff4d51df900ac3f39217b4a69,32,0.9013878188659973,0.9013878188659973,647.8830572945316,0.07,6.219165032714867,654.1722223272465,,,10,COMPLETE_ANALYTIC_CP_BUDGET
H,32,0.2,6,8,comb,0.1,306c92cf2862b838ff67c3292ac877b1db8bae4ccfed0884c1280c54997028cc,32,0.9013878188659973,0.9013878188659973,647.8830572945316,0.7000000000000001,62.191650327148665,710.7747076216802,,,10,COMPLETE_ANALYTIC_CP_BUDGET
H,32,0.2,6,8,balanced,0.001,c9ee07a8f6655e03a40ae5e1017aac7f78589df5b26583492fe63dd5c5fdd9b7,32,0.9013878188659973,0.9013878188659973,647.8830572945316,0.007,0.6219165032714866,648.511973797803,,,10,COMPLETE_ANALYTIC_CP_BUDGET
H,32,0.2,6,8,balanced,0.01,2f819c6e2df1e3e92b2aed478c3597a8c0b4bab4fb330c0afe31ccb5381a39a6,32,0.9013878188659973,0.9013878188659973,647.8830572945316,0.07,6.219165032714867,654.1722223272465,,,10,COMPLETE_ANALYTIC_CP_BUDGET
H,32,0.2,6,8,balanced,0.1,426d11b405ccd93dd463f6887cfb993981d2d1e6a344dcdaf10c3820ae907251,32,0.9013878188659973,0.9013878188659973,647.8830572945316,0.7000000000000001,62.191650327148665,710.7747076216802,,,10,COMPLETE_ANALYTIC_CP_BUDGET
H,32,0.2,6,16,comb,0.001,f004e5d5ac9c8a3f711abac6fac2482852cba2c4dff9f99220e9dd3641c75894,32,0.9013878188659973,0.9013878188659973,221356.4988173322,0.015,230.20967499319477,221586.7234923254,,,10,COMPLETE_ANALYTIC_CP_BUDGET
H,32,0.2,6,16,comb,0.01,bfa1738adff6a3728d3f1ef0e127050c9fd5a383b750c048d4f08ae05edcbd71,32,0.9013878188659973,0.9013878188659973,221356.4988173322,0.15,2302.0967499319477,223658.74556726415,,,10,COMPLETE_ANALYTIC_CP_BUDGET
H,32,0.2,6,16,comb,0.1,bec907a3a52ad37ec6eaba60934035b371aef635e2ad4869ce552453be92a03a,32,0.9013878188659973,0.9013878188659973,221356.4988173322,1.5,23020.96749931948,244378.96631665167,,,10,COMPLETE_ANALYTIC_CP_BUDGET
H,32,0.2,6,16,balanced,0.001,0e4d70d520f2307bef4ec814f75045e3ca0d109296d0f77421493a4b089dc2c3,32,0.9013878188659973,0.9013878188659973,221356.4988173322,0.015,230.20967499319477,221586.7234923254,,,10,COMPLETE_ANALYTIC_CP_BUDGET
H,32,0.2,6,16,balanced,0.01,493484192fe1aa36c666e26e39859938c3b0ff1525256901dd221e317c5b86d2,32,0.9013878188659973,0.9013878188659973,221356.4988173322,0.15,2302.0967499319477,223658.74556726415,,,10,COMPLETE_ANALYTIC_CP_BUDGET
H,32,0.2,6,16,balanced,0.1,308858930fff14fc755bb5a3c38aab0dfc441899232a3018c4d6109145c1cc11,32,0.9013878188659973,0.9013878188659973,221356.4988173322,1.5,23020.96749931948,244378.96631665167,,,10,COMPLETE_ANALYTIC_CP_BUDGET
H,32,0.4,13,2,comb,0.001,193e0b817a17c159ed44d1a2a1dd4f94e2381be3f66e14605f965ea507889bc5,32,0.770551750371122,0.770551750371122,2.728603500742244,0.001,0.0007705517503711219,2.730374052492615,,,10,COMPLETE_ANALYTIC_CP_BUDGET
H,32,0.4,13,2,comb,0.01,7c530e725688bc83b2e5702344efc0fb4d011a06e6d943e1e4984d242d342e87,32,0.770551750371122,0.770551750371122,2.728603500742244,0.01,0.007705517503711219,2.7463090182459546,,,10,COMPLETE_ANALYTIC_CP_BUDGET
H,32,0.4,13,2,comb,0.1,428342164a44e6c62509f75325ec22ea04421b6a04ea4be78230eaa13150e007,32,0.770551750371122,0.770551750371122,2.728603500742244,0.1,0.07705517503711219,2.905658675779356,,,10,COMPLETE_ANALYTIC_CP_BUDGET
H,32,0.4,13,2,balanced,0.001,579bba2b2480ff895a99b1a9ffd1db80eaa1f764aa6a90a6c81e93a3d7ba42d3,32,0.770551750371122,0.770551750371122,2.728603500742244,0.001,0.0007705517503711219,2.730374052492615,,,10,COMPLETE_ANALYTIC_CP_BUDGET
H,32,0.4,13,2,balanced,0.01,3b993fe7708ff2e196dd990e81af9141a0c59231b6e19bac5d25bb13902c55a6,32,0.770551750371122,0.770551750371122,2.728603500742244,0.01,0.007705517503711219,2.7463090182459546,,,10,COMPLETE_ANALYTIC_CP_BUDGET
H,32,0.4,13,2,balanced,0.1,840d9e15c3c3c7d866803f4f11a5fac9a17644caa3833957258d6620c1177f79,32,0.770551750371122,0.770551750371122,2.728603500742244,0.1,0.07705517503711219,2.905658675779356,,,10,COMPLETE_ANALYTIC_CP_BUDGET
H,32,0.4,13,4,comb,0.001,303a99b5fadbb64c175d74ba32e931c64d055d9f90c81101420a29fca22ea52e,32,0.770551750371122,0.770551750371122,17.107544472878725,0.003,0.013651261058688654,17.124195733937412,,,10,COMPLETE_ANALYTIC_CP_BUDGET
H,32,0.4,13,4,comb,0.01,9a40aae8f649080ea72fec90284d985f6e4c9c1ac73efe1fa11062108732c692,32,0.770551750371122,0.770551750371122,17.107544472878725,0.03,0.13651261058688655,17.274057083465614,,,10,COMPLETE_ANALYTIC_CP_BUDGET
H,32,0.4,13,4,comb,0.1,f60d6f20c8e3c2a4416a73b5387a224f1d289060484beed2f928fb65972e0448,32,0.770551750371122,0.770551750371122,17.107544472878725,0.30000000000000004,1.3651261058688655,18.77267057874759,,,10,COMPLETE_ANALYTIC_CP_BUDGET
H,32,0.4,13,4,balanced,0.001,da02211fa05d8769af7e513b936c63a4b37510f9e8aaf9a493d6f3fda6d8c979,32,0.770551750371122,0.770551750371122,17.107544472878725,0.003,0.013651261058688654,17.124195733937412,,,10,COMPLETE_ANALYTIC_CP_BUDGET
H,32,0.4,13,4,balanced,0.01,7e52d80e96d885cb75a9e1a5d3602005420ba63f903c7d6427bc27889fd21a86,32,0.770551750371122,0.770551750371122,17.107544472878725,0.03,0.13651261058688655,17.274057083465614,,,10,COMPLETE_ANALYTIC_CP_BUDGET
H,32,0.4,13,4,balanced,0.1,68a04d69f72c3b99205f6103c38d20f0709d8ce0d261169f15d2304202061841,32,0.770551750371122,0.770551750371122,17.107544472878725,0.30000000000000004,1.3651261058688655,18.77267057874759,,,10,COMPLETE_ANALYTIC_CP_BUDGET
H,32,0.4,13,8,comb,0.001,e661aca0c2a353fe9b02e8a40e8b5d334edee4440cf8a8c44af0c6a86d28ce7a,32,0.770551750371122,0.770551750371122,336.2421650064483,0.007,0.37481977296001284,336.6239847794083,,,10,COMPLETE_ANALYTIC_CP_BUDGET
H,32,0.4,13,8,comb,0.01,0ca893c2e43a0276389115907b3e1fe0afcfd837ca33941f3e6d5713c89e7156,32,0.770551750371122,0.770551750371122,336.2421650064483,0.07,3.7481977296001285,340.06036273604843,,,10,COMPLETE_ANALYTIC_CP_BUDGET
H,32,0.4,13,8,comb,0.1,b6b964783f57a5ca3df37257ba421dfb5e0d8f17c98606b5da5ad6820ae437db,32,0.770551750371122,0.770551750371122,336.2421650064483,0.7000000000000001,37.48197729600128,374.4241423024496,,,10,COMPLETE_ANALYTIC_CP_BUDGET
H,32,0.4,13,8,balanced,0.001,9f6372f40047a019605c9c616ab4ef438cb5eb332fbc5a854fcac4a36c86598c,32,0.770551750371122,0.770551750371122,336.2421650064483,0.007,0.37481977296001284,336.6239847794083,,,10,COMPLETE_ANALYTIC_CP_BUDGET
H,32,0.4,13,8,balanced,0.01,1d215d9b8282b96c434d5959c04137942858b6a249ed1a8ce003ad5cc62275ee,32,0.770551750371122,0.770551750371122,336.2421650064483,0.07,3.7481977296001285,340.06036273604843,,,10,COMPLETE_ANALYTIC_CP_BUDGET
H,32,0.4,13,8,balanced,0.1,eb258003a2ddd8ec0f9d1ad590988bd1aa3515eb73e2f6d2314d830eaa3343b3,32,0.770551750371122,0.770551750371122,336.2421650064483,0.7000000000000001,37.48197729600128,374.4241423024496,,,10,COMPLETE_ANALYTIC_CP_BUDGET
H,32,0.4,13,16,comb,0.001,49357bca1f62692babd7f8ee45a83c0013eb225d488df9fa12e12a0e8fadd740,32,0.770551750371122,0.770551750371122,64945.81469701169,0.015,79.002017674833,65024.831714686516,,,10,COMPLETE_ANALYTIC_CP_BUDGET
H,32,0.4,13,16,comb,0.01,575db07cb1e1edf72430b0fb1b9a1e1af8eebc4ac73128bde17b6e92a46a385a,32,0.770551750371122,0.770551750371122,64945.81469701169,0.15,790.02017674833,65735.98487376001,,,10,COMPLETE_ANALYTIC_CP_BUDGET
H,32,0.4,13,16,comb,0.1,274c9b2cfd79990417c807c0f37d4a1d2ef744a849ee4d3213262ca087f5f7fb,32,0.770551750371122,0.770551750371122,64945.81469701169,1.5,7900.2017674833005,72847.51646449498,,,10,COMPLETE_ANALYTIC_CP_BUDGET
H,32,0.4,13,16,balanced,0.001,b14951fc4df1b1c148fa061371cc06d7c45a16aac171164019c40d307f9ef755,32,0.770551750371122,0.770551750371122,64945.81469701169,0.015,79.002017674833,65024.831714686516,,,10,COMPLETE_ANALYTIC_CP_BUDGET
H,32,0.4,13,16,balanced,0.01,1b570205b4901f66e2d50c57cb71372a46d387ee54ccef83789d40761c95c71c,32,0.770551750371122,0.770551750371122,64945.81469701169,0.15,790.02017674833,65735.98487376001,,,10,COMPLETE_ANALYTIC_CP_BUDGET
H,32,0.4,13,16,balanced,0.1,cee2181f4f29fd67d304824d06df9c3b669447b3f0d0f2666a11bf4fac9df4f2,32,0.770551750371122,0.770551750371122,64945.81469701169,1.5,7900.2017674833005,72847.51646449498,,,10,COMPLETE_ANALYTIC_CP_BUDGET
H,32,0.8,26,2,comb,0.001,7553e4badf800f366df75969e2f0f5f079a2cd39a70265b9312826b126c0ab9e,32,0.4330127018922193,0.4330127018922193,1.2410254037844384,0.001,0.0004330127018922192,1.2424584164863304,,,10,COMPLETE_ANALYTIC_CP_BUDGET
H,32,0.8,26,2,comb,0.01,308f4491b5075d9949b718875870cb83c0af9128ddcf934188f7f609ee511994,32,0.4330127018922193,0.4330127018922193,1.2410254037844384,0.01,0.004330127018922192,1.2553555308033606,,,10,COMPLETE_ANALYTIC_CP_BUDGET
H,32,0.8,26,2,comb,0.1,1724320075c8eaa7d1b76f9ad821d34beed675226193b351529a93b95f190633,32,0.4330127018922193,0.4330127018922193,1.2410254037844384,0.1,0.04330127018922192,1.3843266739736604,,,10,COMPLETE_ANALYTIC_CP_BUDGET
H,32,0.8,26,2,balanced,0.001,dacdeb708d31af2c793f20c20eead5d570dd79d82cce18ca9d25d48f3516975b,32,0.4330127018922193,0.4330127018922193,1.2410254037844384,0.001,0.0004330127018922192,1.2424584164863304,,,10,COMPLETE_ANALYTIC_CP_BUDGET
H,32,0.8,26,2,balanced,0.01,e7ddc3f2fdd214e204a1473ebdb25e2c771f7a80aa64dd5ed57dc5568776f851,32,0.4330127018922193,0.4330127018922193,1.2410254037844384,0.01,0.004330127018922192,1.2553555308033606,,,10,COMPLETE_ANALYTIC_CP_BUDGET
H,32,0.8,26,2,balanced,0.1,2b50902f33ad5aa0f10784ee9df066370d48f200489e0816f5b75f1e74322301,32,0.4330127018922193,0.4330127018922193,1.2410254037844384,0.1,0.04330127018922192,1.3843266739736604,,,10,COMPLETE_ANALYTIC_CP_BUDGET
H,32,0.8,26,4,comb,0.001,0d4788072004859c78b3b82fc9cb56f3f20fd7bbed4ca7502ba37bf7ae6bfa67,32,0.4330127018922193,0.4330127018922193,5.096954386826369,0.003,0.005828183961844344,5.105782570788214,,,10,COMPLETE_ANALYTIC_CP_BUDGET
H,32,0.8,26,4,comb,0.01,4732bd4f178a787ac4f58c7ae73a11cc103031025b8362638f6e408912e41fb5,32,0.4330127018922193,0.4330127018922193,5.096954386826369,0.03,0.058281839618443444,5.185236226444813,,,10,COMPLETE_ANALYTIC_CP_BUDGET
H,32,0.8,26,4,comb,0.1,0adcc7d9041cf8fe9e3419c703602fc5aeae4a681ca5f7f31875d6514d1d9acf,32,0.4330127018922193,0.4330127018922193,5.096954386826369,0.30000000000000004,0.5828183961844345,5.979772783010803,,,10,COMPLETE_ANALYTIC_CP_BUDGET
H,32,0.8,26,4,balanced,0.001,e43b8c342ca4c61d1ff16c87d9a48ed2e3589a54e2905ba2142f50f7fc14d458,32,0.4330127018922193,0.4330127018922193,5.096954386826369,0.003,0.005828183961844344,5.105782570788214,,,10,COMPLETE_ANALYTIC_CP_BUDGET
H,32,0.8,26,4,balanced,0.01,365646817d24948669dfcf25877e3b4cd485b6c876e171a9a06fec0473907138,32,0.4330127018922193,0.4330127018922193,5.096954386826369,0.03,0.058281839618443444,5.185236226444813,,,10,COMPLETE_ANALYTIC_CP_BUDGET
H,32,0.8,26,4,balanced,0.1,bf798b3ece1a58a181ebac1253195d3299063a5b761e96b6f60c2b707aaaac9b,32,0.4330127018922193,0.4330127018922193,5.096954386826369,0.30000000000000004,0.5828183961844345,5.979772783010803,,,10,COMPLETE_ANALYTIC_CP_BUDGET
H,32,0.8,26,8,comb,0.001,d58e71b2105faa47384fc3a3cb4009fbb032ad4ec7d9e3ed8b1303ede4b6cf79,32,0.4330127018922193,0.4330127018922193,42.9873726587161,0.007,0.07986569911692575,43.07423835783302,,,10,COMPLETE_ANALYTIC_CP_BUDGET
H,32,0.8,26,8,comb,0.01,569a341a24c2ce5925432a0f0d6c1adb5d8efe52560be08f6f08883db061c075,32,0.4330127018922193,0.4330127018922193,42.9873726587161,0.07,0.7986569911692575,43.85602964988536,,,10,COMPLETE_ANALYTIC_CP_BUDGET
H,32,0.8,26,8,comb,0.1,7037071e2e4cfee4840f308e01931e384ce893766788b70f64ee8d20c27e1353,32,0.4330127018922193,0.4330127018922193,42.9873726587161,0.7000000000000001,7.986569911692575,51.67394257040868,,,10,COMPLETE_ANALYTIC_CP_BUDGET
H,32,0.8,26,8,balanced,0.001,56bcb31ebbe6d631d248c00888f7b1ae4d3eb3ca93f71ab0ed827bf7f2fcca27,32,0.4330127018922193,0.4330127018922193,42.9873726587161,0.007,0.07986569911692575,43.07423835783302,,,10,COMPLETE_ANALYTIC_CP_BUDGET
H,32,0.8,26,8,balanced,0.01,cccf645626800b21b349e5b0142b2d9548e092dded6f17b5fd69af4eab50cafc,32,0.4330127018922193,0.4330127018922193,42.9873726587161,0.07,0.7986569911692575,43.85602964988536,,,10,COMPLETE_ANALYTIC_CP_BUDGET
H,32,0.8,26,8,balanced,0.1,878b8e5ebb8ac20b7ea1b9375aa666f1bb20f82e3ecf8231a1e258bd8ce7343b,32,0.4330127018922193,0.4330127018922193,42.9873726587161,0.7000000000000001,7.986569911692575,51.67394257040868,,,10,COMPLETE_ANALYTIC_CP_BUDGET
H,32,0.8,26,16,comb,0.001,8b52628add3caea90f05e36900a2dbdc3a2e193fdeec60af6459c8dff03fe8f7,32,0.4330127018922193,0.4330127018922193,1528.8723175103166,0.015,3.2951056652668065,1532.1824231755836,,,10,COMPLETE_ANALYTIC_CP_BUDGET
H,32,0.8,26,16,comb,0.01,d48f31d72aab0459e8089c535cff7748b20c4f6c54db4a75a8066d9425be86ec,32,0.4330127018922193,0.4330127018922193,1528.8723175103166,0.15,32.951056652668065,1561.9733741629848,,,10,COMPLETE_ANALYTIC_CP_BUDGET
H,32,0.8,26,16,comb,0.1,91f1d1cabea1ef01e1827f763b0d5cbdf0846d72069cd42aefd51fc874cdc2cf,32,0.4330127018922193,0.4330127018922193,1528.8723175103166,1.5,329.51056652668063,1859.8828840369972,,,10,COMPLETE_ANALYTIC_CP_BUDGET
H,32,0.8,26,16,balanced,0.001,20cad89c40c4725a7536bff57d5c8218758934130f40aafb0c1a10472703a1fb,32,0.4330127018922193,0.4330127018922193,1528.8723175103166,0.015,3.2951056652668065,1532.1824231755836,,,10,COMPLETE_ANALYTIC_CP_BUDGET
H,32,0.8,26,16,balanced,0.01,112f82cee927bb6626dbae8221e001272d5f12e7001ecc9b35c4350e4a731a70,32,0.4330127018922193,0.4330127018922193,1528.8723175103166,0.15,32.951056652668065,1561.9733741629848,,,10,COMPLETE_ANALYTIC_CP_BUDGET
H,32,0.8,26,16,balanced,0.1,db1ef64208966242c65fbe713d446da7c52c4cc10216470b70ca174bab1dbc3b,32,0.4330127018922193,0.4330127018922193,1528.8723175103166,1.5,329.51056652668063,1859.8828840369972,,,10,COMPLETE_ANALYTIC_CP_BUDGET
H,64,0.05,3,2,comb,0.001,671854d915c844108d2380a29ff8885d5c644fdf29f2c311f06d1c9691e1866c,64,0.9762812094883317,0.9762812094883317,3.8588124189766635,0.001,0.0009762812094883318,3.8607887001861516,,,10,COMPLETE_ANALYTIC_CP_BUDGET
H,64,0.05,3,2,comb,0.01,a08e72e54791adebe0d378a4c5a2127e156d49804adaf99ced2ef8375d40d1ba,64,0.9762812094883317,0.9762812094883317,3.8588124189766635,0.01,0.009762812094883317,3.8785752310715464,,,10,COMPLETE_ANALYTIC_CP_BUDGET
H,64,0.05,3,2,comb,0.1,06a978a657290b55e82ec186a578f7e5f16e6544e3a3e0cf7ebc0f476d1aa09b,64,0.9762812094883317,0.9762812094883317,3.8588124189766635,0.1,0.09762812094883318,4.056440539925497,,,10,COMPLETE_ANALYTIC_CP_BUDGET
H,64,0.05,3,2,balanced,0.001,83cbd52b944130bbf23ec2be8dc3ba7ad26a4035f3798644c802d5204515f51d,64,0.9762812094883317,0.9762812094883317,3.8588124189766635,0.001,0.0009762812094883318,3.8607887001861516,,,10,COMPLETE_ANALYTIC_CP_BUDGET
H,64,0.05,3,2,balanced,0.01,72b137dcc37812c2310198b1b8bd8bc4bab0f0e6af9e552e41f0c92428d28c63,64,0.9762812094883317,0.9762812094883317,3.8588124189766635,0.01,0.009762812094883317,3.8785752310715464,,,10,COMPLETE_ANALYTIC_CP_BUDGET
H,64,0.05,3,2,balanced,0.1,dd4c9484c4666bf6ac83b6c263e76ba7522dde64cfa542ab5bd6f585d3a07453,64,0.9762812094883317,0.9762812094883317,3.8588124189766635,0.1,0.09762812094883318,4.056440539925497,,,10,COMPLETE_ANALYTIC_CP_BUDGET
H,64,0.05,3,4,comb,0.001,8020118701fca9dcf1df3a77ee322a1047821a5d1d6f25304253593d3f27f2a3,64,0.9762812094883317,0.9762812094883317,30.142630233976117,0.003,0.020156209968775683,30.165786443944892,,,10,COMPLETE_ANALYTIC_CP_BUDGET
H,64,0.05,3,4,comb,0.01,1fcc75b693ede27c8f463db6dec1f74437ed541618cd16c64a57603e7d59f436,64,0.9762812094883317,0.9762812094883317,30.142630233976117,0.03,0.20156209968775682,30.374192333663874,,,10,COMPLETE_ANALYTIC_CP_BUDGET
H,64,0.05,3,4,comb,0.1,9443f6296b2b5ad14d95ff1db4c5e1230f87e60df42132a69189cd14b8af3cb1,64,0.9762812094883317,0.9762812094883317,30.142630233976117,0.30000000000000004,2.0156209968775687,32.45825123085368,,,10,COMPLETE_ANALYTIC_CP_BUDGET
H,64,0.05,3,4,balanced,0.001,77ff54bdf4beccdbfa17bc02aca898f02240833962f6ba50da5f4b2d28228dfd,64,0.9762812094883317,0.9762812094883317,30.142630233976117,0.003,0.020156209968775683,30.165786443944892,,,10,COMPLETE_ANALYTIC_CP_BUDGET
H,64,0.05,3,4,balanced,0.01,23d00380e8e1cf1b14777b7eb95f5f14e0124e09957b0123d1023a656bf8e8c2,64,0.9762812094883317,0.9762812094883317,30.142630233976117,0.03,0.20156209968775682,30.374192333663874,,,10,COMPLETE_ANALYTIC_CP_BUDGET
H,64,0.05,3,4,balanced,0.1,34f3eaea95d4168f04e51cce1f8cb9843e85331eabd359721796e06461781214,64,0.9762812094883317,0.9762812094883317,30.142630233976117,0.30000000000000004,2.0156209968775687,32.45825123085368,,,10,COMPLETE_ANALYTIC_CP_BUDGET
H,64,0.05,3,8,comb,0.001,11dfed9b319bfce2d7356106d52c8fec2f122f5a126080412602fe5cd18187cd,64,0.9762812094883317,0.9762812094883317,919.6151285171836,0.007,0.8172125625610054,920.4393410797446,,,10,COMPLETE_ANALYTIC_CP_BUDGET
H,64,0.05,3,8,comb,0.01,17e34e4ac0aa39b0fad6b572f67492c132e6dd334b8e49f5625d4178b9fe96a0,64,0.9762812094883317,0.9762812094883317,919.6151285171836,0.07,8.172125625610056,927.8572541427937,,,10,COMPLETE_ANALYTIC_CP_BUDGET
H,64,0.05,3,8,comb,0.1,1a5292059b5b7d40534bf42d7d0f79429d71fbb4b4520d7847461efce41be243,64,0.9762812094883317,0.9762812094883317,919.6151285171836,0.7000000000000001,81.72125625610055,1002.0363847732842,,,10,COMPLETE_ANALYTIC_CP_BUDGET
H,64,0.05,3,8,balanced,0.001,7bf5d2eca22cd572b798ec32265a0885403ec814f3c0b81281d2b71f826e5e06,64,0.9762812094883317,0.9762812094883317,919.6151285171836,0.007,0.8172125625610054,920.4393410797446,,,10,COMPLETE_ANALYTIC_CP_BUDGET
H,64,0.05,3,8,balanced,0.01,be712abb4218bc7e18d411ca3b8d6877ec49c8dced02a4547366362582fa36c5,64,0.9762812094883317,0.9762812094883317,919.6151285171836,0.07,8.172125625610056,927.8572541427937,,,10,COMPLETE_ANALYTIC_CP_BUDGET
H,64,0.05,3,8,balanced,0.1,77a8c4c5f9fc690c465a80e05b44842077f6c24330a2273717630e3c06da138d,64,0.9762812094883317,0.9762812094883317,919.6151285171836,0.7000000000000001,81.72125625610055,1002.0363847732842,,,10,COMPLETE_ANALYTIC_CP_BUDGET
H,64,0.05,3,16,comb,0.001,b48374929fb56f15e892135474a49d045269a44f4745a9f9cce2d33c6e188a21,64,0.9762812094883317,0.9762812094883317,427982.5223337094,0.015,410.9666011906434,428393.50393490004,,,10,COMPLETE_ANALYTIC_CP_BUDGET
H,64,0.05,3,16,comb,0.01,e39b46a49e0dba790de3122c3e32a4ec2beec1806cfdcf1d6d11cc68bdd46b34,64,0.9762812094883317,0.9762812094883317,427982.5223337094,0.15,4109.666011906434,432092.3383456159,,,10,COMPLETE_ANALYTIC_CP_BUDGET
H,64,0.05,3,16,comb,0.1,6090c42f4dbb73eecfa4d90d39e07e3f2a658a4c766e7120859022e0ea60a850,64,0.9762812094883317,0.9762812094883317,427982.5223337094,1.5,41096.66011906434,469080.68245277373,,,10,COMPLETE_ANALYTIC_CP_BUDGET
H,64,0.05,3,16,balanced,0.001,c3e3731a74fbad0ec7877ff0f0f1c775410df72ee62f4c72557d503a85ca829c,64,0.9762812094883317,0.9762812094883317,427982.5223337094,0.015,410.9666011906434,428393.50393490004,,,10,COMPLETE_ANALYTIC_CP_BUDGET
H,64,0.05,3,16,balanced,0.01,8a7e65d4f7b52c7e5a6d04ae919d0d0e117aa7971776e356fe9b1bec9a086e1b,64,0.9762812094883317,0.9762812094883317,427982.5223337094,0.15,4109.666011906434,432092.3383456159,,,10,COMPLETE_ANALYTIC_CP_BUDGET
H,64,0.05,3,16,balanced,0.1,a90bb633837a224f4618887a177e4b805888f210cbc5be81662e6b051e1b02cf,64,0.9762812094883317,0.9762812094883317,427982.5223337094,1.5,41096.66011906434,469080.68245277373,,,10,COMPLETE_ANALYTIC_CP_BUDGET
H,64,0.1,6,2,comb,0.001,3916082c3243bf94af645abb084384be5eb87e021d56fbcef42ddaf2bc29d9ad,64,0.9519716382329886,0.9519716382329886,3.716443276465977,0.001,0.0009519716382329886,3.71839524810421,,,10,COMPLETE_ANALYTIC_CP_BUDGET
H,64,0.1,6,2,comb,0.01,21038e787596e0ef453b956daa1ee97be41fd68c230319425f2b93180204782d,64,0.9519716382329886,0.9519716382329886,3.716443276465977,0.01,0.009519716382329886,3.735962992848307,,,10,COMPLETE_ANALYTIC_CP_BUDGET
H,64,0.1,6,2,comb,0.1,ae8dce0f0df05abbed64f5a108cdab5cd54f0a696e0ccaacf3fd3fe6f4164e85,64,0.9519716382329886,0.9519716382329886,3.716443276465977,0.1,0.09519716382329886,3.911640440289276,,,10,COMPLETE_ANALYTIC_CP_BUDGET
H,64,0.1,6,2,balanced,0.001,2b3233666a3c3b7a20f6a8ec42a8e90c567cf7bc5309e0e03c161fb4f8ee4fa7,64,0.9519716382329886,0.9519716382329886,3.716443276465977,0.001,0.0009519716382329886,3.71839524810421,,,10,COMPLETE_ANALYTIC_CP_BUDGET
H,64,0.1,6,2,balanced,0.01,d47c5b4880ceb449cc4390c20f63d241f5abe9e28954160e4d7ecc211ad6ce94,64,0.9519716382329886,0.9519716382329886,3.716443276465977,0.01,0.009519716382329886,3.735962992848307,,,10,COMPLETE_ANALYTIC_CP_BUDGET
H,64,0.1,6,2,balanced,0.1,0f9e65dbf13747e5ed07850419e3536960cd4bd28bcb1d10e015f4ffb175bbc0,64,0.9519716382329886,0.9519716382329886,3.716443276465977,0.1,0.09519716382329886,3.911640440289276,,,10,COMPLETE_ANALYTIC_CP_BUDGET
H,64,0.1,6,4,comb,0.001,b6dce769571bd246262a6fbf7728a9299f5bce6cdea3a67bf7fc98a0e54263f1,64,0.9519716382329886,0.9519716382329886,28.32073436871571,0.003,0.019312167635542835,28.343046536351252,,,10,COMPLETE_ANALYTIC_CP_BUDGET
H,64,0.1,6,4,comb,0.01,950a090c3e7cafd4f36ada05dfff54cc6b74423ada06c4e75c061fdccd747701,64,0.9519716382329886,0.9519716382329886,28.32073436871571,0.03,0.19312167635542835,28.543856045071138,,,10,COMPLETE_ANALYTIC_CP_BUDGET
H,64,0.1,6,4,comb,0.1,e737506bba2ff2c0198022e6af2c41df5a11adbeb5ddc8946240a1563bff433b,64,0.9519716382329886,0.9519716382329886,28.32073436871571,0.30000000000000004,1.9312167635542838,30.55195113226999,,,10,COMPLETE_ANALYTIC_CP_BUDGET
H,64,0.1,6,4,balanced,0.001,478d04e7a5305dd9bb28977eb07bfefad651c0e8173256a996412cf790dc44ea,64,0.9519716382329886,0.9519716382329886,28.32073436871571,0.003,0.019312167635542835,28.343046536351252,,,10,COMPLETE_ANALYTIC_CP_BUDGET
H,64,0.1,6,4,balanced,0.01,5ac27568e799aac3c397b887b33d1aca8817159a72935e5972756e1070c5485c,64,0.9519716382329886,0.9519716382329886,28.32073436871571,0.03,0.19312167635542835,28.543856045071138,,,10,COMPLETE_ANALYTIC_CP_BUDGET
H,64,0.1,6,4,balanced,0.1,da700db38f6feb43542e01d91db7bbdd23996d0f149687df6bc9191573fe99c5,64,0.9519716382329886,0.9519716382329886,28.32073436871571,0.30000000000000004,1.9312167635542838,30.55195113226999,,,10,COMPLETE_ANALYTIC_CP_BUDGET
H,64,0.1,6,8,comb,0.001,5a363e88971d07f6f9576aaf228acce29fa509e8fedf6d31be0598484be7b81e,64,0.9519716382329886,0.9519716382329886,822.2966461226538,0.007,0.7488098754841549,823.0524559981379,,,10,COMPLETE_ANALYTIC_CP_BUDGET
H,64,0.1,6,8,comb,0.01,880d874201aa34f10302b9b5ae785440e569c68e5f86c2a0e66c44a2d0ad211c,64,0.9519716382329886,0.9519716382329886,822.2966461226538,0.07,7.488098754841549,829.8547448774954,,,10,COMPLETE_ANALYTIC_CP_BUDGET
H,64,0.1,6,8,comb,0.1,38724437a35eaeda6f7a243812065360adca315e64169df2e0390726f8e803ea,64,0.9519716382329886,0.9519716382329886,822.2966461226538,0.7000000000000001,74.88098754841549,897.8776336710694,,,10,COMPLETE_ANALYTIC_CP_BUDGET
H,64,0.1,6,8,balanced,0.001,f18f9f7ed13b2dc8385f06001ae0a051c57699622fbb4cc9c11fc1485e9099b4,64,0.9519716382329886,0.9519716382329886,822.2966461226538,0.007,0.7488098754841549,823.0524559981379,,,10,COMPLETE_ANALYTIC_CP_BUDGET
H,64,0.1,6,8,balanced,0.01,829cc31f1057b435ec71938d5ba90dbf2c9fcea43dd775dabbc75237355b4db2,64,0.9519716382329886,0.9519716382329886,822.2966461226538,0.07,7.488098754841549,829.8547448774954,,,10,COMPLETE_ANALYTIC_CP_BUDGET
H,64,0.1,6,8,balanced,0.1,5e3aaca71049df6eb54d83e3e6c187621ca1d79ba1df953544f635949c933291,64,0.9519716382329886,0.9519716382329886,822.2966461226538,0.7000000000000001,74.88098754841549,897.8776336710694,,,10,COMPLETE_ANALYTIC_CP_BUDGET
H,64,0.1,6,16,comb,0.001,c8b8ffdff26bdeab6358bb90fcdfb8cfb7241600e253afd71209ba17d61facb3,64,0.9519716382329886,0.9519716382329886,346614.3509038558,0.015,341.3302049638009,346955.6961088196,,,10,COMPLETE_ANALYTIC_CP_BUDGET
H,64,0.1,6,16,comb,0.01,5b2ae629e6fc3305630594583333c4f969a8ef7ee2b7a2e96ff6e99bcf902bcf,64,0.9519716382329886,0.9519716382329886,346614.3509038558,0.15,3413.302049638009,350027.80295349384,,,10,COMPLETE_ANALYTIC_CP_BUDGET
H,64,0.1,6,16,comb,0.1,f48e6042de31f808a2e05cd0d9d46186044c52a760716345d1d6fde9c8acc05d,64,0.9519716382329886,0.9519716382329886,346614.3509038558,1.5,34133.02049638009,380748.8714002359,,,10,COMPLETE_ANALYTIC_CP_BUDGET
H,64,0.1,6,16,balanced,0.001,5fd6b6fb7360dc33f900b34de536453e8eff263077acf70236a18a696245bb19,64,0.9519716382329886,0.9519716382329886,346614.3509038558,0.015,341.3302049638009,346955.6961088196,,,10,COMPLETE_ANALYTIC_CP_BUDGET
H,64,0.1,6,16,balanced,0.01,d57d80c6cf3ef2cd945844182b4af8c1111a38b6f384dc5b529cc5d8df5b1107,64,0.9519716382329886,0.9519716382329886,346614.3509038558,0.15,3413.302049638009,350027.80295349384,,,10,COMPLETE_ANALYTIC_CP_BUDGET
H,64,0.1,6,16,balanced,0.1,f3b4e2a582efc161ab769002fe6e5574ff7c624afea4526dd633b5d8247fb9ef,64,0.9519716382329886,0.9519716382329886,346614.3509038558,1.5,34133.02049638009,380748.8714002359,,,10,COMPLETE_ANALYTIC_CP_BUDGET
H,64,0.2,13,2,comb,0.001,0d167b474da5dfc33a1e74817e0c9e2abf64fad94798db8c885e10ce5d3276e9,64,0.8926785535678563,0.8926785535678563,3.3791071071357126,0.001,0.0008926785535678563,3.3809997856892804,,,10,COMPLETE_ANALYTIC_CP_BUDGET
H,64,0.2,13,2,comb,0.01,13216848849c166023455ed5219e05dfe7f9920c1ed9da1726bdf46721ca57a7,64,0.8926785535678563,0.8926785535678563,3.3791071071357126,0.01,0.008926785535678564,3.398033892671391,,,10,COMPLETE_ANALYTIC_CP_BUDGET
H,64,0.2,13,2,comb,0.1,dc99addd4be5b7891d9029c71fe65fdb984966cd1c7ba4c81cb42fbd93af1ab0,64,0.8926785535678563,0.8926785535678563,3.3791071071357126,0.1,0.08926785535678564,3.5683749624924985,,,10,COMPLETE_ANALYTIC_CP_BUDGET
H,64,0.2,13,2,balanced,0.001,ce87806883cd7701dafffb902cd518c7bfa267df4de7d69f52d740f635bd4c17,64,0.8926785535678563,0.8926785535678563,3.3791071071357126,0.001,0.0008926785535678563,3.3809997856892804,,,10,COMPLETE_ANALYTIC_CP_BUDGET
H,64,0.2,13,2,balanced,0.01,8973d5ca2f994db761758387ec04c3089fc6d95a753fd1defd4e0969a5823464,64,0.8926785535678563,0.8926785535678563,3.3791071071357126,0.01,0.008926785535678564,3.398033892671391,,,10,COMPLETE_ANALYTIC_CP_BUDGET
H,64,0.2,13,2,balanced,0.1,0ebc3c9eca776c3cd86d79c6c5836a09f2a88a95dc0d5ddc4cfd9cb79e5e89a9,64,0.8926785535678563,0.8926785535678563,3.3791071071357126,0.1,0.08926785535678564,3.5683749624924985,,,10,COMPLETE_ANALYTIC_CP_BUDGET
H,64,0.2,13,4,comb,0.001,5206b2041143c61d4ff85d6455b904adc92171a9954a34fe86999f667872e727,64,0.8926785535678563,0.8926785535678563,24.209491945264055,0.003,0.017340041649233865,24.22983198691329,,,10,COMPLETE_ANALYTIC_CP_BUDGET
H,64,0.2,13,4,comb,0.01,b7e419dce21425a5a0fdc92a430cbfd34c2b8a712103b91f70daab54f2bbfe20,64,0.8926785535678563,0.8926785535678563,24.209491945264055,0.03,0.17340041649233864,24.412892361756395,,,10,COMPLETE_ANALYTIC_CP_BUDGET
H,64,0.2,13,4,comb,0.1,bbe182c631a7a0e8efcceacdef91a79f0954fc97a3aeb5131075cfa4c58f8f74,64,0.8926785535678563,0.8926785535678563,24.209491945264055,0.30000000000000004,1.7340041649233868,26.243496110187444,,,10,COMPLETE_ANALYTIC_CP_BUDGET
H,64,0.2,13,4,balanced,0.001,095896eb309037aed588b3e175df129e685c7a2882154ab83897f3aca990c612,64,0.8926785535678563,0.8926785535678563,24.209491945264055,0.003,0.017340041649233865,24.22983198691329,,,10,COMPLETE_ANALYTIC_CP_BUDGET
H,64,0.2,13,4,balanced,0.01,5ed9e47881af4e9d6786d6f40be5881902df60d5e8fa0ed98577f095694514d4,64,0.8926785535678563,0.8926785535678563,24.209491945264055,0.03,0.17340041649233864,24.412892361756395,,,10,COMPLETE_ANALYTIC_CP_BUDGET
H,64,0.2,13,4,balanced,0.1,3c1d503930d51e27cebaaf761bdec5ff2bc0b4d940a99358de59f175e72f2408,64,0.8926785535678563,0.8926785535678563,24.209491945264055,0.30000000000000004,1.7340041649233868,26.243496110187444,,,10,COMPLETE_ANALYTIC_CP_BUDGET
H,64,0.2,13,8,comb,0.001,6a8002b5e2fd90d0da49499795c359861e807fb90d61988efcd3800101d11d18,64,0.8926785535678563,0.8926785535678563,621.3311331062109,0.007,0.6020263278926286,621.9401594341035,,,10,COMPLETE_ANALYTIC_CP_BUDGET
H,64,0.2,13,8,comb,0.01,9a4140e265cb714059d44778881038c6f5635ac6150f7eae3b721b360cce85bb,64,0.8926785535678563,0.8926785535678563,621.3311331062109,0.07,6.0202632789262855,627.4213963851373,,,10,COMPLETE_ANALYTIC_CP_BUDGET
H,64,0.2,13,8,comb,0.1,68cd443c7451615e1e0b6d15e08512834ecbb6df56dab7b78d29c6c777d2e79d,64,0.8926785535678563,0.8926785535678563,621.3311331062109,0.7000000000000001,60.20263278926286,682.2337658954739,,,10,COMPLETE_ANALYTIC_CP_BUDGET
H,64,0.2,13,8,balanced,0.001,92c677fc25e1438eb93f36d4097a057767dabdcef179fbdee370222c2f4281e6,64,0.8926785535678563,0.8926785535678563,621.3311331062109,0.007,0.6020263278926286,621.9401594341035,,,10,COMPLETE_ANALYTIC_CP_BUDGET
H,64,0.2,13,8,balanced,0.01,ea9caa4cdc3c9286c85e7e94166b3f3e814d574701ef74cab7683a1c21c1514a,64,0.8926785535678563,0.8926785535678563,621.3311331062109,0.07,6.0202632789262855,627.4213963851373,,,10,COMPLETE_ANALYTIC_CP_BUDGET
H,64,0.2,13,8,balanced,0.1,912e343fe6bff018c95b946395c2154aee333d75d45e469c5346ea2f4f90f11a,64,0.8926785535678563,0.8926785535678563,621.3311331062109,0.7000000000000001,60.20263278926286,682.2337658954739,,,10,COMPLETE_ANALYTIC_CP_BUDGET
H,64,0.2,13,16,comb,0.001,898154d95308a08fff44aab1e4763bbd9e3ddb29cd359cc9a7e703be2d458801,64,0.8926785535678563,0.8926785535678563,204629.38521348822,0.015,214.88883954100743,204844.28905302924,,,10,COMPLETE_ANALYTIC_CP_BUDGET
H,64,0.2,13,16,comb,0.01,f536406964368f07fe469d62887d908c73c4bb54019b45a2aaa84d10e310bbce,64,0.8926785535678563,0.8926785535678563,204629.38521348822,0.15,2148.8883954100743,206778.42360889827,,,10,COMPLETE_ANALYTIC_CP_BUDGET
H,64,0.2,13,16,comb,0.1,836d7e65d3b81e31da271af47c71e1b285d3b66ea8e27e1b2c36501119ceaaa4,64,0.8926785535678563,0.8926785535678563,204629.38521348822,1.5,21488.883954100744,226119.76916758897,,,10,COMPLETE_ANALYTIC_CP_BUDGET
H,64,0.2,13,16,balanced,0.001,94c4738a0ee4ff7aa512335b2884912ed90ac871af723eeb9cbb4c36120b1cac,64,0.8926785535678563,0.8926785535678563,204629.38521348822,0.015,214.88883954100743,204844.28905302924,,,10,COMPLETE_ANALYTIC_CP_BUDGET
H,64,0.2,13,16,balanced,0.01,3da4d03cf59dc1613cf719563753886301d873d6d86191549761d39badec5f97,64,0.8926785535678563,0.8926785535678563,204629.38521348822,0.15,2148.8883954100743,206778.42360889827,,,10,COMPLETE_ANALYTIC_CP_BUDGET
H,64,0.2,13,16,balanced,0.1,ba88a47dd17fbcea35bb25e828deb99306c3d28f3051d3c5f5aa2e56aba3a3a1,64,0.8926785535678563,0.8926785535678563,204629.38521348822,1.5,21488.883954100744,226119.76916758897,,,10,COMPLETE_ANALYTIC_CP_BUDGET
H,64,0.4,26,2,comb,0.001,5363b2a48776f37d8e3afd4de8d4efa85eb32de19009edcb55f147b80658300d,64,0.770551750371122,0.770551750371122,2.728603500742244,0.001,0.0007705517503711219,2.730374052492615,,,10,COMPLETE_ANALYTIC_CP_BUDGET
H,64,0.4,26,2,comb,0.01,22ec16a1617479b49c729af95898b758872a2b2db310ff654ee1897726b83725,64,0.770551750371122,0.770551750371122,2.728603500742244,0.01,0.007705517503711219,2.7463090182459546,,,10,COMPLETE_ANALYTIC_CP_BUDGET
H,64,0.4,26,2,comb,0.1,6b0d6da56b76783c7947f406a46699b7810696be73e4b4b9f5aa8fc680d05763,64,0.770551750371122,0.770551750371122,2.728603500742244,0.1,0.07705517503711219,2.905658675779356,,,10,COMPLETE_ANALYTIC_CP_BUDGET
H,64,0.4,26,2,balanced,0.001,4964aeac5989de5b13faa5bc74e936ea25a5a99e3a394ebead8d559197164024,64,0.770551750371122,0.770551750371122,2.728603500742244,0.001,0.0007705517503711219,2.730374052492615,,,10,COMPLETE_ANALYTIC_CP_BUDGET
H,64,0.4,26,2,balanced,0.01,f39e25e543aec37253b8c9e0084f00adcadb860428982fdff39bc23d80a2e543,64,0.770551750371122,0.770551750371122,2.728603500742244,0.01,0.007705517503711219,2.7463090182459546,,,10,COMPLETE_ANALYTIC_CP_BUDGET
H,64,0.4,26,2,balanced,0.1,eaa462436b4202245307d63f4c5ac61703870e5b946461e10323e2556407ff19,64,0.770551750371122,0.770551750371122,2.728603500742244,0.1,0.07705517503711219,2.905658675779356,,,10,COMPLETE_ANALYTIC_CP_BUDGET
H,64,0.4,26,4,comb,0.001,e592a648c2d6479431bed2987a124e7f6839b28396d97107ca006c084e155ff5,64,0.770551750371122,0.770551750371122,17.107544472878725,0.003,0.013651261058688654,17.124195733937412,,,10,COMPLETE_ANALYTIC_CP_BUDGET
H,64,0.4,26,4,comb,0.01,abf216e6ad1014eab6b39fd052b0e3c887506d0737f3e42adb924328e4f02dbe,64,0.770551750371122,0.770551750371122,17.107544472878725,0.03,0.13651261058688655,17.274057083465614,,,10,COMPLETE_ANALYTIC_CP_BUDGET
H,64,0.4,26,4,comb,0.1,c775aaac4b9aa3de366be776e0fd86298998206a6eb6d4e793b627d27a70cbb4,64,0.770551750371122,0.770551750371122,17.107544472878725,0.30000000000000004,1.3651261058688655,18.77267057874759,,,10,COMPLETE_ANALYTIC_CP_BUDGET
H,64,0.4,26,4,balanced,0.001,7de6ff79cf6171172a4112ab61f7cae1be24b31aa62dd705214201eb93d1c9f3,64,0.770551750371122,0.770551750371122,17.107544472878725,0.003,0.013651261058688654,17.124195733937412,,,10,COMPLETE_ANALYTIC_CP_BUDGET
H,64,0.4,26,4,balanced,0.01,02f28232dbd69facdfbf033f5557cd9e2374236cb78f9e2fec39b0bdc6547c30,64,0.770551750371122,0.770551750371122,17.107544472878725,0.03,0.13651261058688655,17.274057083465614,,,10,COMPLETE_ANALYTIC_CP_BUDGET
H,64,0.4,26,4,balanced,0.1,1242b86d9abea6a769a6e892474c45a72addfba1e43c5509b9421a7abaa2c3af,64,0.770551750371122,0.770551750371122,17.107544472878725,0.30000000000000004,1.3651261058688655,18.77267057874759,,,10,COMPLETE_ANALYTIC_CP_BUDGET
H,64,0.4,26,8,comb,0.001,06a1b9746b2a3f706950bac4f3f3620a4613901e186e185928e6c6914f8cd969,64,0.770551750371122,0.770551750371122,336.2421650064483,0.007,0.37481977296001284,336.6239847794083,,,10,COMPLETE_ANALYTIC_CP_BUDGET
H,64,0.4,26,8,comb,0.01,c2a6a9804265b781a323596190745925852f93dbc0c49170102d08dca5e94345,64,0.770551750371122,0.770551750371122,336.2421650064483,0.07,3.7481977296001285,340.06036273604843,,,10,COMPLETE_ANALYTIC_CP_BUDGET
H,64,0.4,26,8,comb,0.1,a6b82825f8cec66d515b94408109124c439af2a6e8e7465287124a9b731e9d6e,64,0.770551750371122,0.770551750371122,336.2421650064483,0.7000000000000001,37.48197729600128,374.4241423024496,,,10,COMPLETE_ANALYTIC_CP_BUDGET
H,64,0.4,26,8,balanced,0.001,559df9c824b76d23669b7191121f65fea9e650d8a6dc9e9f7c1ef89c895a59e0,64,0.770551750371122,0.770551750371122,336.2421650064483,0.007,0.37481977296001284,336.6239847794083,,,10,COMPLETE_ANALYTIC_CP_BUDGET
H,64,0.4,26,8,balanced,0.01,57720d375537a8907612e0a77e966eb92c95a7f01f84ac5bf326b90e85b2bfbf,64,0.770551750371122,0.770551750371122,336.2421650064483,0.07,3.7481977296001285,340.06036273604843,,,10,COMPLETE_ANALYTIC_CP_BUDGET
H,64,0.4,26,8,balanced,0.1,b5f68219a2db57e02f6b54b27ebcb649e36773e42a661dc434b22472a69154ea,64,0.770551750371122,0.770551750371122,336.2421650064483,0.7000000000000001,37.48197729600128,374.4241423024496,,,10,COMPLETE_ANALYTIC_CP_BUDGET
H,64,0.4,26,16,comb,0.001,4b657d4149e2fe808eb7aa71a47d230f0ccabc759bada18852591f09a6b6d06e,64,0.770551750371122,0.770551750371122,64945.81469701169,0.015,79.002017674833,65024.831714686516,,,10,COMPLETE_ANALYTIC_CP_BUDGET
H,64,0.4,26,16,comb,0.01,1bb01c7ed8c8f0e04ba98187f37b0da2445a77dce8efcdf7a25d71d00a07d183,64,0.770551750371122,0.770551750371122,64945.81469701169,0.15,790.02017674833,65735.98487376001,,,10,COMPLETE_ANALYTIC_CP_BUDGET
H,64,0.4,26,16,comb,0.1,1e957ec4e8fe396281e54d0f9f8574adfdcb28e58ea71d56b608304a81827164,64,0.770551750371122,0.770551750371122,64945.81469701169,1.5,7900.2017674833005,72847.51646449498,,,10,COMPLETE_ANALYTIC_CP_BUDGET
H,64,0.4,26,16,balanced,0.001,0918493753ad69602145ee63a04c1c002efabc898e6decd26d74cea591ee54a7,64,0.770551750371122,0.770551750371122,64945.81469701169,0.015,79.002017674833,65024.831714686516,,,10,COMPLETE_ANALYTIC_CP_BUDGET
H,64,0.4,26,16,balanced,0.01,6318a0150c42a71c510ad7d1d152e37fd4ede6c8289370101a7ded782c6e1ee1,64,0.770551750371122,0.770551750371122,64945.81469701169,0.15,790.02017674833,65735.98487376001,,,10,COMPLETE_ANALYTIC_CP_BUDGET
H,64,0.4,26,16,balanced,0.1,2168fbf6164e74111d335feb76556391c12b951e87c644c62a618b05c3224589,64,0.770551750371122,0.770551750371122,64945.81469701169,1.5,7900.2017674833005,72847.51646449498,,,10,COMPLETE_ANALYTIC_CP_BUDGET
H,64,0.8,51,2,comb,0.001,51fae9a403089d8242ca2d40b2e76bae88321bf4fe05d67f83f6979f855bf7e2,64,0.45069390943299864,0.45069390943299864,1.3076378188659974,0.001,0.0004506939094329987,1.3090885127754304,,,10,COMPLETE_ANALYTIC_CP_BUDGET
H,64,0.8,51,2,comb,0.01,d78e4853023f81ea92184751427fa9b9193ae83ee01f40efe34ae61b494e4af0,64,0.45069390943299864,0.45069390943299864,1.3076378188659974,0.01,0.004506939094329987,1.3221447579603274,,,10,COMPLETE_ANALYTIC_CP_BUDGET
H,64,0.8,51,2,comb,0.1,616d695af54fb9093a0492b0cd79578cd82da314ba53d52d4dbb8930155b2100,64,0.45069390943299864,0.45069390943299864,1.3076378188659974,0.1,0.04506939094329987,1.4527072098092972,,,10,COMPLETE_ANALYTIC_CP_BUDGET
H,64,0.8,51,2,balanced,0.001,5a0ea6f916ec0cd0c1c7ed6106964752f1eb0994f5a68fbf4c54fa44836ed9bf,64,0.45069390943299864,0.45069390943299864,1.3076378188659974,0.001,0.0004506939094329987,1.3090885127754304,,,10,COMPLETE_ANALYTIC_CP_BUDGET
H,64,0.8,51,2,balanced,0.01,a1dd39efd8159b33d858225924a8d99e664a47ed6f2b2ef7ac1d906488ddac53,64,0.45069390943299864,0.45069390943299864,1.3076378188659974,0.01,0.004506939094329987,1.3221447579603274,,,10,COMPLETE_ANALYTIC_CP_BUDGET
H,64,0.8,51,2,balanced,0.1,ef9a05c59d940903a03b4c36cfdb0fa8f4981047d309b4dc50d19de6d2f30c82,64,0.45069390943299864,0.45069390943299864,1.3076378188659974,0.1,0.04506939094329987,1.4527072098092972,,,10,COMPLETE_ANALYTIC_CP_BUDGET
H,64,0.8,51,4,comb,0.001,9be2196dcf7d653249963935384f4dd2f0b8bff85e41685754cefa0d4925e173,64,0.45069390943299864,0.45069390943299864,5.503881104474929,0.003,0.0061590117859577215,5.513040116260886,,,10,COMPLETE_ANALYTIC_CP_BUDGET
H,64,0.8,51,4,comb,0.01,83355acee9653a729f5297527b8102ec155afa8393423660319e2ed5355b5ae7,64,0.45069390943299864,0.45069390943299864,5.503881104474929,0.03,0.061590117859577215,5.595471222334506,,,10,COMPLETE_ANALYTIC_CP_BUDGET
H,64,0.8,51,4,comb,0.1,e21d65a7f94c057d5b988dce09c55ac571f2e5d02c593e5156abfd6f69af1c10,64,0.45069390943299864,0.45069390943299864,5.503881104474929,0.30000000000000004,0.6159011785957722,6.419782283070701,,,10,COMPLETE_ANALYTIC_CP_BUDGET
H,64,0.8,51,4,balanced,0.001,be4afd30bc140af6d76e11593f92da76f444862e53aef5f937dba909def27f82,64,0.45069390943299864,0.45069390943299864,5.503881104474929,0.003,0.0061590117859577215,5.513040116260886,,,10,COMPLETE_ANALYTIC_CP_BUDGET
H,64,0.8,51,4,balanced,0.01,d0bf02ed128609097a934dee12cbc26e88306b020173eadcdafcc28be6ccd732,64,0.45069390943299864,0.45069390943299864,5.503881104474929,0.03,0.061590117859577215,5.595471222334506,,,10,COMPLETE_ANALYTIC_CP_BUDGET
H,64,0.8,51,4,balanced,0.1,bd8b500d13012f203d74f5b318b3b725cdbb7557ad2cd2998e33d07ebf50523d,64,0.45069390943299864,0.45069390943299864,5.503881104474929,0.30000000000000004,0.6159011785957722,6.419782283070701,,,10,COMPLETE_ANALYTIC_CP_BUDGET
H,64,0.8,51,8,comb,0.001,1e79d566cc4438cd9ee67fc79b1fedd622fede563171b7324912687d56c1e72f,64,0.45069390943299864,0.45069390943299864,48.75309487569533,0.007,0.08765172952947396,48.847746605224806,,,10,COMPLETE_ANALYTIC_CP_BUDGET
H,64,0.8,51,8,comb,0.01,bd32708d8f692a1d67e9e97910d85831999dfca5b9f8bd3bd223b8dfb3a3689f,64,0.45069390943299864,0.45069390943299864,48.75309487569533,0.07,0.8765172952947397,49.69961217099007,,,10,COMPLETE_ANALYTIC_CP_BUDGET
H,64,0.8,51,8,comb,0.1,1a996323a235b78f7bf4237c1130b19c0648fae1e28245c708a18e4249386ca8,64,0.45069390943299864,0.45069390943299864,48.75309487569533,0.7000000000000001,8.765172952947397,58.21826782864273,,,10,COMPLETE_ANALYTIC_CP_BUDGET
H,64,0.8,51,8,balanced,0.001,36a9527b27b744a779ff140aa9d10cd119b2b289cd0b4dd2033b9e0d7cc6985a,64,0.45069390943299864,0.45069390943299864,48.75309487569533,0.007,0.08765172952947396,48.847746605224806,,,10,COMPLETE_ANALYTIC_CP_BUDGET
H,64,0.8,51,8,balanced,0.01,973406507ef8de7d42ce32c86902f2a37ce801668dc90549b8fa201319e78e45,64,0.45069390943299864,0.45069390943299864,48.75309487569533,0.07,0.8765172952947397,49.69961217099007,,,10,COMPLETE_ANALYTIC_CP_BUDGET
H,64,0.8,51,8,balanced,0.1,26125fa61a098485035c86df0d70747ce5a5c3062f32bc2ce2b584c403eb07cd,64,0.45069390943299864,0.45069390943299864,48.75309487569533,0.7000000000000001,8.765172952947397,58.21826782864273,,,10,COMPLETE_ANALYTIC_CP_BUDGET
H,64,0.8,51,16,comb,0.001,83564fc5d410a607d0cbf1767559ace7da6afe7d29de1371c41010076212cd6c,64,0.45069390943299864,0.45069390943299864,1912.6631363893803,0.015,3.9635798140048175,1916.6417162033852,,,10,COMPLETE_ANALYTIC_CP_BUDGET
H,64,0.8,51,16,comb,0.01,0b25ecf64d0f087a106567ac0548d917b212d7f505be7672cb61963a32107feb,64,0.45069390943299864,0.45069390943299864,1912.6631363893803,0.15,39.63579814004817,1952.4489345294285,,,10,COMPLETE_ANALYTIC_CP_BUDGET
H,64,0.8,51,16,comb,0.1,a90ffbe4b37a95c6ecd986a7fe2fb8be95f99ed48d357a72a7aa0fde3fb2ef58,64,0.45069390943299864,0.45069390943299864,1912.6631363893803,1.5,396.3579814004818,2310.521117789862,,,10,COMPLETE_ANALYTIC_CP_BUDGET
H,64,0.8,51,16,balanced,0.001,05f3bc5487454003fe4965684cea794df7a29312c39c6b850f5b276292616ede,64,0.45069390943299864,0.45069390943299864,1912.6631363893803,0.015,3.9635798140048175,1916.6417162033852,,,10,COMPLETE_ANALYTIC_CP_BUDGET
H,64,0.8,51,16,balanced,0.01,3e24c0b1c160b6cd337670b765b22f6bc3a462ab1410ad4c1b6c375025a43e67,64,0.45069390943299864,0.45069390943299864,1912.6631363893803,0.15,39.63579814004817,1952.4489345294285,,,10,COMPLETE_ANALYTIC_CP_BUDGET
H,64,0.8,51,16,balanced,0.1,aea40142d5edfedc0febe8588f45f0e252c278146fa7f387d2f553ae60fb3eff,64,0.45069390943299864,0.45069390943299864,1912.6631363893803,1.5,396.3579814004818,2310.521117789862,,,10,COMPLETE_ANALYTIC_CP_BUDGET
H,128,0.05,6,2,comb,0.001,59cb34ca66f8b01dd83bf2543fc68a99ebd3b98008314ebe840361fb5987d38c,128,0.9762812094883317,0.9762812094883317,3.8588124189766635,0.001,0.0009762812094883318,3.8607887001861516,,,10,COMPLETE_ANALYTIC_CP_BUDGET
H,128,0.05,6,2,comb,0.01,f67a3e8c5464eed805564a209be23e151f6f4e2ab157cb34518aa963975ea47e,128,0.9762812094883317,0.9762812094883317,3.8588124189766635,0.01,0.009762812094883317,3.8785752310715464,,,10,COMPLETE_ANALYTIC_CP_BUDGET
H,128,0.05,6,2,comb,0.1,b2a746b8fe639c8fb5f910a2fa2f94eb8cf1c1a90442c11fd08ca74073094338,128,0.9762812094883317,0.9762812094883317,3.8588124189766635,0.1,0.09762812094883318,4.056440539925497,,,10,COMPLETE_ANALYTIC_CP_BUDGET
H,128,0.05,6,2,balanced,0.001,899010cebacb173ab7e027e69f794bf0138edbdf538804b487c0f194c30d2a5d,128,0.9762812094883317,0.9762812094883317,3.8588124189766635,0.001,0.0009762812094883318,3.8607887001861516,,,10,COMPLETE_ANALYTIC_CP_BUDGET
H,128,0.05,6,2,balanced,0.01,d3f581909b68b41c1a974bb7527d370257b59925f8d3df325e04b1e316eadc23,128,0.9762812094883317,0.9762812094883317,3.8588124189766635,0.01,0.009762812094883317,3.8785752310715464,,,10,COMPLETE_ANALYTIC_CP_BUDGET
H,128,0.05,6,2,balanced,0.1,58e61fc1718444d96f3cca33560c7621c9fea4a1e482365deeadab7b07550e04,128,0.9762812094883317,0.9762812094883317,3.8588124189766635,0.1,0.09762812094883318,4.056440539925497,,,10,COMPLETE_ANALYTIC_CP_BUDGET
H,128,0.05,6,4,comb,0.001,2a668a4470a4ff2291885430fb01f227001407a194732913bb3994ce6c9c1280,128,0.9762812094883317,0.9762812094883317,30.142630233976117,0.003,0.020156209968775683,30.165786443944892,,,10,COMPLETE_ANALYTIC_CP_BUDGET
H,128,0.05,6,4,comb,0.01,1d2482814be1341215a51094bf893c449ef35567086926936967d2227f1e12da,128,0.9762812094883317,0.9762812094883317,30.142630233976117,0.03,0.20156209968775682,30.374192333663874,,,10,COMPLETE_ANALYTIC_CP_BUDGET
H,128,0.05,6,4,comb,0.1,57be8f8fc28c0bd88ab9e5e80130ecb90d0546d19531b01872e792fde76f9b90,128,0.9762812094883317,0.9762812094883317,30.142630233976117,0.30000000000000004,2.0156209968775687,32.45825123085368,,,10,COMPLETE_ANALYTIC_CP_BUDGET
H,128,0.05,6,4,balanced,0.001,a2d2e94400aac8833626c6e534162f1fe7055c2fa6f989b86d488600176767d8,128,0.9762812094883317,0.9762812094883317,30.142630233976117,0.003,0.020156209968775683,30.165786443944892,,,10,COMPLETE_ANALYTIC_CP_BUDGET
H,128,0.05,6,4,balanced,0.01,7b8bd111eb83428ab6897512edee3300ac44d88e63f47cf4390c547831a64d07,128,0.9762812094883317,0.9762812094883317,30.142630233976117,0.03,0.20156209968775682,30.374192333663874,,,10,COMPLETE_ANALYTIC_CP_BUDGET
H,128,0.05,6,4,balanced,0.1,266f120ef69ec095b2592dab3774e4e07c29256ab1d8ee78360f78e6b8519dda,128,0.9762812094883317,0.9762812094883317,30.142630233976117,0.30000000000000004,2.0156209968775687,32.45825123085368,,,10,COMPLETE_ANALYTIC_CP_BUDGET
H,128,0.05,6,8,comb,0.001,3ba94526ce665fae3792a9760d24e0e153ffa4d72d26102e4e0bb4058aabe7fa,128,0.9762812094883317,0.9762812094883317,919.6151285171836,0.007,0.8172125625610054,920.4393410797446,,,10,COMPLETE_ANALYTIC_CP_BUDGET
H,128,0.05,6,8,comb,0.01,9469272891f0f78bbf67e22e67a8905213b9bb0d22c04ea815df866a37517998,128,0.9762812094883317,0.9762812094883317,919.6151285171836,0.07,8.172125625610056,927.8572541427937,,,10,COMPLETE_ANALYTIC_CP_BUDGET
H,128,0.05,6,8,comb,0.1,a4bfbf9839f4772053ffea63168e223cb5982bb75eb33448f57fe20dcc7627d2,128,0.9762812094883317,0.9762812094883317,919.6151285171836,0.7000000000000001,81.72125625610055,1002.0363847732842,,,10,COMPLETE_ANALYTIC_CP_BUDGET
H,128,0.05,6,8,balanced,0.001,7a605f3c32ef6f0115406ec930de6aa6c179f2c5dc8985de1e48a596844e8c45,128,0.9762812094883317,0.9762812094883317,919.6151285171836,0.007,0.8172125625610054,920.4393410797446,,,10,COMPLETE_ANALYTIC_CP_BUDGET
H,128,0.05,6,8,balanced,0.01,4f730780c96e02f3d9b575609b9946776ed280061c79bff3ca92b917db0b131d,128,0.9762812094883317,0.9762812094883317,919.6151285171836,0.07,8.172125625610056,927.8572541427937,,,10,COMPLETE_ANALYTIC_CP_BUDGET
H,128,0.05,6,8,balanced,0.1,d5e12027b4e4fdf1e90eb9209fe17e73cdb7411f0cca8ae73d01d8470ef0ca38,128,0.9762812094883317,0.9762812094883317,919.6151285171836,0.7000000000000001,81.72125625610055,1002.0363847732842,,,10,COMPLETE_ANALYTIC_CP_BUDGET
H,128,0.05,6,16,comb,0.001,4ce615571a26376469239d12ceb1145123895b19197aa1c2d0352daa08667334,128,0.9762812094883317,0.9762812094883317,427982.5223337094,0.015,410.9666011906434,428393.50393490004,,,10,COMPLETE_ANALYTIC_CP_BUDGET
H,128,0.05,6,16,comb,0.01,aaac921e9b27ce205eabdc64ac2d318bc3dc5c9d425de96e2af7bea2798ca8af,128,0.9762812094883317,0.9762812094883317,427982.5223337094,0.15,4109.666011906434,432092.3383456159,,,10,COMPLETE_ANALYTIC_CP_BUDGET
H,128,0.05,6,16,comb,0.1,5eb9d8f4357c78a23a19c5209a55602f470cefb953a9943b4f09889ac0745438,128,0.9762812094883317,0.9762812094883317,427982.5223337094,1.5,41096.66011906434,469080.68245277373,,,10,COMPLETE_ANALYTIC_CP_BUDGET
H,128,0.05,6,16,balanced,0.001,21c2f22e6beec8c8cee0749cfe9395e3156839081d32957bc07d4f2afb5e1a61,128,0.9762812094883317,0.9762812094883317,427982.5223337094,0.015,410.9666011906434,428393.50393490004,,,10,COMPLETE_ANALYTIC_CP_BUDGET
H,128,0.05,6,16,balanced,0.01,1371778cd2cdafbdc29982d31bbeffadbec57a98019e0dc83e24e67250cb4008,128,0.9762812094883317,0.9762812094883317,427982.5223337094,0.15,4109.666011906434,432092.3383456159,,,10,COMPLETE_ANALYTIC_CP_BUDGET
H,128,0.05,6,16,balanced,0.1,1bc98b58a4c6667a2618e7adc9f09a0520cbd71b60df51d61c518293a3721e8a,128,0.9762812094883317,0.9762812094883317,427982.5223337094,1.5,41096.66011906434,469080.68245277373,,,10,COMPLETE_ANALYTIC_CP_BUDGET
H,128,0.1,13,2,comb,0.001,ca14cd3a2bb8e238e8595aa81f182d663b3de8875ed7d8341dac0365fdf277aa,128,0.9478594305064438,0.9478594305064438,3.6925938610128877,0.001,0.0009478594305064439,3.694541720443394,,,10,COMPLETE_ANALYTIC_CP_BUDGET
H,128,0.1,13,2,comb,0.01,a196e01fa05b63ca8e6f5e24823d1bfc00e366638563cbf8e8316e5dffeda3ca,128,0.9478594305064438,0.9478594305064438,3.6925938610128877,0.01,0.009478594305064439,3.712072455317952,,,10,COMPLETE_ANALYTIC_CP_BUDGET
H,128,0.1,13,2,comb,0.1,3d846be42a1fbc587941f4531ec42f817498e9f359a92a069ae8aa9d2fa8bfc9,128,0.9478594305064438,0.9478594305064438,3.6925938610128877,0.1,0.09478594305064439,3.8873798040635323,,,10,COMPLETE_ANALYTIC_CP_BUDGET
H,128,0.1,13,2,balanced,0.001,4063a10d53b9a4f22eb598dc8739851e17fb8aeb562e0ea94f105c02e16f96cb,128,0.9478594305064438,0.9478594305064438,3.6925938610128877,0.001,0.0009478594305064439,3.694541720443394,,,10,COMPLETE_ANALYTIC_CP_BUDGET
H,128,0.1,13,2,balanced,0.01,6d93d76eb313b2179a439da7e5c66f77c1b041a0dd48c0e16f15d88c1d0e3e3f,128,0.9478594305064438,0.9478594305064438,3.6925938610128877,0.01,0.009478594305064439,3.712072455317952,,,10,COMPLETE_ANALYTIC_CP_BUDGET
H,128,0.1,13,2,balanced,0.1,d040f517ae6640b555ed818c0791b8611fc0384e296f7440d4747a75669d359d,128,0.9478594305064438,0.9478594305064438,3.6925938610128877,0.1,0.09478594305064439,3.8873798040635323,,,10,COMPLETE_ANALYTIC_CP_BUDGET
H,128,0.1,13,4,comb,0.001,ac494c0dfe327ff3b2f45baf536365f088bc9c27010eaced5b161c87bc9026ba,128,0.9478594305064438,0.9478594305064438,28.020556972798374,0.003,0.019171449745844893,28.04272842254422,,,10,COMPLETE_ANALYTIC_CP_BUDGET
H,128,0.1,13,4,comb,0.01,f0386137f946fd2fe705c35a1375e1078c8468d63d8e5b14b83c30f98a74ae9d,128,0.9478594305064438,0.9478594305064438,28.020556972798374,0.03,0.19171449745844893,28.242271470256824,,,10,COMPLETE_ANALYTIC_CP_BUDGET
H,128,0.1,13,4,comb,0.1,ec7cba125a8b30e831a95d8a12f452de2b4577b1a01384cf55473dfc82a01015,128,0.9478594305064438,0.9478594305064438,28.020556972798374,0.30000000000000004,1.9171449745844897,30.237701947382863,,,10,COMPLETE_ANALYTIC_CP_BUDGET
H,128,0.1,13,4,balanced,0.001,e7af02776f41a0a9fb82d753cf330470bf91fc14ea632ff55a759f5d1a7d3a0b,128,0.9478594305064438,0.9478594305064438,28.020556972798374,0.003,0.019171449745844893,28.04272842254422,,,10,COMPLETE_ANALYTIC_CP_BUDGET
H,128,0.1,13,4,balanced,0.01,ee2ea3a253da14fc85fe0b541638aa57ea397def8c5fcee9b7b7a6074b0e45b6,128,0.9478594305064438,0.9478594305064438,28.020556972798374,0.03,0.19171449745844893,28.242271470256824,,,10,COMPLETE_ANALYTIC_CP_BUDGET
H,128,0.1,13,4,balanced,0.1,a6af56712695f1c29d978b87b869fff4229f41ba854765edbc68a4c33d27c2ec,128,0.9478594305064438,0.9478594305064438,28.020556972798374,0.30000000000000004,1.9171449745844897,30.237701947382863,,,10,COMPLETE_ANALYTIC_CP_BUDGET
H,128,0.1,13,8,comb,0.001,1d1aaf762d73d2a4f29e5ee37ec01ec68535811c1077c0a4cdea0ab0e0d49409,128,0.9478594305064438,0.9478594305064438,806.7467203815751,0.007,0.7377342481539821,807.491454629729,,,10,COMPLETE_ANALYTIC_CP_BUDGET
H,128,0.1,13,8,comb,0.01,7c19dc533fab1bd679bb62ce68b329277535d880bea5a2731fcd8e9b84f05df9,128,0.9478594305064438,0.9478594305064438,806.7467203815751,0.07,7.377342481539822,814.1940628631149,,,10,COMPLETE_ANALYTIC_CP_BUDGET
H,128,0.1,13,8,comb,0.1,77d8205bf72efdb934468c5430268ee6b1049569a15b6a2ec2b02d2bb22b10cc,128,0.9478594305064438,0.9478594305064438,806.7467203815751,0.7000000000000001,73.77342481539822,881.2201451969734,,,10,COMPLETE_ANALYTIC_CP_BUDGET
H,128,0.1,13,8,balanced,0.001,9978128180676b6b149ab3287f46c0716d340d0fbc6a9a10ffa7c0f0a4ba81df,128,0.9478594305064438,0.9478594305064438,806.7467203815751,0.007,0.7377342481539821,807.491454629729,,,10,COMPLETE_ANALYTIC_CP_BUDGET
H,128,0.1,13,8,balanced,0.01,f9648222fba67fee72963f90de82148ad0a5dccade91ccae5463eb499dc8c133,128,0.9478594305064438,0.9478594305064438,806.7467203815751,0.07,7.377342481539822,814.1940628631149,,,10,COMPLETE_ANALYTIC_CP_BUDGET
H,128,0.1,13,8,balanced,0.1,1b2036c37bfeddf396aa7b2ca6060db3cf1f7f3c9f24abe82513776e7591788f,128,0.9478594305064438,0.9478594305064438,806.7467203815751,0.7000000000000001,73.77342481539822,881.2201451969734,,,10,COMPLETE_ANALYTIC_CP_BUDGET
H,128,0.1,13,16,comb,0.001,eb7c82c4005a3ec8ba456a5a6dc106513a68b6c66bb78113a922678635fe0e2d,128,0.9478594305064438,0.9478594305064438,334370.61406991055,0.015,330.70118069258643,334701.33025060315,,,10,COMPLETE_ANALYTIC_CP_BUDGET
H,128,0.1,13,16,comb,0.01,b69c0d3f379aac4e0c7fbdc7f76ea10304e1a1a11d8332202dcc21597f5df155,128,0.9478594305064438,0.9478594305064438,334370.61406991055,0.15,3307.011806925864,337677.77587683644,,,10,COMPLETE_ANALYTIC_CP_BUDGET
H,128,0.1,13,16,comb,0.1,b69510bbd066fce059def763ba8328bfd72f50f34c187a551f08829f62ba9642,128,0.9478594305064438,0.9478594305064438,334370.61406991055,1.5,33070.11806925864,367442.2321391692,,,10,COMPLETE_ANALYTIC_CP_BUDGET
H,128,0.1,13,16,balanced,0.001,9eccb4b58f74579d914a4914eec78a1076cc098f3c6388a8cc8f8fef24f5215a,128,0.9478594305064438,0.9478594305064438,334370.61406991055,0.015,330.70118069258643,334701.33025060315,,,10,COMPLETE_ANALYTIC_CP_BUDGET
H,128,0.1,13,16,balanced,0.01,2591ddb10d5ac8cbb75a9127c4e45fe29a79fea6a6a29fe06eaa75610afe59a3,128,0.9478594305064438,0.9478594305064438,334370.61406991055,0.15,3307.011806925864,337677.77587683644,,,10,COMPLETE_ANALYTIC_CP_BUDGET
H,128,0.1,13,16,balanced,0.1,a231654702a6ebbfa9a1b37a40ef3af2c6bfaa8968841cc5a6f2877330acb527,128,0.9478594305064438,0.9478594305064438,334370.61406991055,1.5,33070.11806925864,367442.2321391692,,,10,COMPLETE_ANALYTIC_CP_BUDGET
H,128,0.2,26,2,comb,0.001,20a4ac243f26a3a182272c74a3e07a5570f8d0da3e6becb3148c5ba1403dfece,128,0.8926785535678563,0.8926785535678563,3.3791071071357126,0.001,0.0008926785535678563,3.3809997856892804,,,10,COMPLETE_ANALYTIC_CP_BUDGET
H,128,0.2,26,2,comb,0.01,0eee37bfb2e045cf632e2bb6955170d40561174c6ad9a9dc91692cab3a655bad,128,0.8926785535678563,0.8926785535678563,3.3791071071357126,0.01,0.008926785535678564,3.398033892671391,,,10,COMPLETE_ANALYTIC_CP_BUDGET
H,128,0.2,26,2,comb,0.1,181ef0f5f21ca3043c5c6fc85c0344040ae74209c9f46293bc819d3180c80e97,128,0.8926785535678563,0.8926785535678563,3.3791071071357126,0.1,0.08926785535678564,3.5683749624924985,,,10,COMPLETE_ANALYTIC_CP_BUDGET
H,128,0.2,26,2,balanced,0.001,59137970e38b7e4edde8d9be215e3bda2291986bd1d5b2c20df6e6b4156d7a45,128,0.8926785535678563,0.8926785535678563,3.3791071071357126,0.001,0.0008926785535678563,3.3809997856892804,,,10,COMPLETE_ANALYTIC_CP_BUDGET
H,128,0.2,26,2,balanced,0.01,457f8b208067709ae46ac8b243f26d35aa131b9b3f7581df97ac8ccb322d15dd,128,0.8926785535678563,0.8926785535678563,3.3791071071357126,0.01,0.008926785535678564,3.398033892671391,,,10,COMPLETE_ANALYTIC_CP_BUDGET
H,128,0.2,26,2,balanced,0.1,6792a5731d41dc5abe0e2b3901f7a9d0ddc5f8410470774281ff39650569c97f,128,0.8926785535678563,0.8926785535678563,3.3791071071357126,0.1,0.08926785535678564,3.5683749624924985,,,10,COMPLETE_ANALYTIC_CP_BUDGET
H,128,0.2,26,4,comb,0.001,a56ce937ceb4d2db39491f69b129e3d08cdf8667a1945ba9887df2da471cd4c4,128,0.8926785535678563,0.8926785535678563,24.209491945264055,0.003,0.017340041649233865,24.22983198691329,,,10,COMPLETE_ANALYTIC_CP_BUDGET
H,128,0.2,26,4,comb,0.01,965d4c7cd8f5da76ab37bda30e00b67d278537192be87da6dfbd650b5eb9c211,128,0.8926785535678563,0.8926785535678563,24.209491945264055,0.03,0.17340041649233864,24.412892361756395,,,10,COMPLETE_ANALYTIC_CP_BUDGET
H,128,0.2,26,4,comb,0.1,9281485a136c02a3873221aa142ab511732f92465885e43b1a18fa3c501c3ea9,128,0.8926785535678563,0.8926785535678563,24.209491945264055,0.30000000000000004,1.7340041649233868,26.243496110187444,,,10,COMPLETE_ANALYTIC_CP_BUDGET
H,128,0.2,26,4,balanced,0.001,6d549ff0944154f5315f484dcc77e07a1a6ddabfb1c4bc3003563fc610ae1a8c,128,0.8926785535678563,0.8926785535678563,24.209491945264055,0.003,0.017340041649233865,24.22983198691329,,,10,COMPLETE_ANALYTIC_CP_BUDGET
H,128,0.2,26,4,balanced,0.01,22e798b61a6a9bbd3132dbf5c22ece124235276a6ab282ebf0e44f6cb240398b,128,0.8926785535678563,0.8926785535678563,24.209491945264055,0.03,0.17340041649233864,24.412892361756395,,,10,COMPLETE_ANALYTIC_CP_BUDGET
H,128,0.2,26,4,balanced,0.1,71458a58e703e8bebb207d1953d8b05e140bc9bd9b8a5db73862544424bf1439,128,0.8926785535678563,0.8926785535678563,24.209491945264055,0.30000000000000004,1.7340041649233868,26.243496110187444,,,10,COMPLETE_ANALYTIC_CP_BUDGET
H,128,0.2,26,8,comb,0.001,836946a4c33f6e8e035a2a68be1389721ff6d344db39b851360b766952c2e057,128,0.8926785535678563,0.8926785535678563,621.3311331062109,0.007,0.6020263278926286,621.9401594341035,,,10,COMPLETE_ANALYTIC_CP_BUDGET
H,128,0.2,26,8,comb,0.01,8f264f02e828ea64f487ca4da45c1419b14213894c5fc98827e338a2f7abc721,128,0.8926785535678563,0.8926785535678563,621.3311331062109,0.07,6.0202632789262855,627.4213963851373,,,10,COMPLETE_ANALYTIC_CP_BUDGET
H,128,0.2,26,8,comb,0.1,054cf10bac050c6b9f1bc9dfe50a62c53345accd31c5675d97e0e7eff811237d,128,0.8926785535678563,0.8926785535678563,621.3311331062109,0.7000000000000001,60.20263278926286,682.2337658954739,,,10,COMPLETE_ANALYTIC_CP_BUDGET
H,128,0.2,26,8,balanced,0.001,10ab14ee6e87dfe30d9aaf557dbc4e6575330bb099becde2b86483b3202313b9,128,0.8926785535678563,0.8926785535678563,621.3311331062109,0.007,0.6020263278926286,621.9401594341035,,,10,COMPLETE_ANALYTIC_CP_BUDGET
H,128,0.2,26,8,balanced,0.01,eed9d75b15875badd95e74b9320aa186f263a9ca7aae9656e916fe1775d58976,128,0.8926785535678563,0.8926785535678563,621.3311331062109,0.07,6.0202632789262855,627.4213963851373,,,10,COMPLETE_ANALYTIC_CP_BUDGET
H,128,0.2,26,8,balanced,0.1,7261fe95befc2c34693caabe9dc69b0dca2602bbc1be7cf135d557d6895b968c,128,0.8926785535678563,0.8926785535678563,621.3311331062109,0.7000000000000001,60.20263278926286,682.2337658954739,,,10,COMPLETE_ANALYTIC_CP_BUDGET
H,128,0.2,26,16,comb,0.001,862d963f38ab0366a317ecf495890ed836f68750a632d540aca7a6ee6d6d52ab,128,0.8926785535678563,0.8926785535678563,204629.38521348822,0.015,214.88883954100743,204844.28905302924,,,10,COMPLETE_ANALYTIC_CP_BUDGET
H,128,0.2,26,16,comb,0.01,be79d4cb98323590ee86694acf69bf28c60c1f7e8bcb258952cd69ee78211b75,128,0.8926785535678563,0.8926785535678563,204629.38521348822,0.15,2148.8883954100743,206778.42360889827,,,10,COMPLETE_ANALYTIC_CP_BUDGET
H,128,0.2,26,16,comb,0.1,4b4b16f50ee801295cf27f2bf91a945a492cd5822b03109c6d7c18ec65078163,128,0.8926785535678563,0.8926785535678563,204629.38521348822,1.5,21488.883954100744,226119.76916758897,,,10,COMPLETE_ANALYTIC_CP_BUDGET
H,128,0.2,26,16,balanced,0.001,7c5964cdd7e83d6ca6347d17d54002d15815197692bba55864bb16222101aa86,128,0.8926785535678563,0.8926785535678563,204629.38521348822,0.015,214.88883954100743,204844.28905302924,,,10,COMPLETE_ANALYTIC_CP_BUDGET
H,128,0.2,26,16,balanced,0.01,4b20903c07c9f5da361f7c7d40c4cca36ba8dad14c692097408d9a0dc9464ca6,128,0.8926785535678563,0.8926785535678563,204629.38521348822,0.15,2148.8883954100743,206778.42360889827,,,10,COMPLETE_ANALYTIC_CP_BUDGET
H,128,0.2,26,16,balanced,0.1,5d540ccdbdb2a9aba5ec31a785ef447a888bc5598c92694051178a8557cba433,128,0.8926785535678563,0.8926785535678563,204629.38521348822,1.5,21488.883954100744,226119.76916758897,,,10,COMPLETE_ANALYTIC_CP_BUDGET
H,128,0.4,51,2,comb,0.001,bf8c945d56785e5c421d5451088f8bb2112ab51591ffbece4604f62827849e81,128,0.7756046028744286,0.7756046028744286,2.754334205748857,0.001,0.0007756046028744286,2.7561098103517314,,,10,COMPLETE_ANALYTIC_CP_BUDGET
H,128,0.4,51,2,comb,0.01,37b579c2ddd3d16de578cb62853c257a09d03fa8fecdcefa59e2945616baaca8,128,0.7756046028744286,0.7756046028744286,2.754334205748857,0.01,0.0077560460287442855,2.7720902517776014,,,10,COMPLETE_ANALYTIC_CP_BUDGET
H,128,0.4,51,2,comb,0.1,5c6d4987038eaaef7f1ffac60bf00c4925b80a64f1427179550d8ef84d2b1764,128,0.7756046028744286,0.7756046028744286,2.754334205748857,0.1,0.07756046028744286,2.9318946660363,,,10,COMPLETE_ANALYTIC_CP_BUDGET
H,128,0.4,51,2,balanced,0.001,f487d0fe33d604b449ea817c947ba01abc0c210352bc7035adf54035a60fe8f1,128,0.7756046028744286,0.7756046028744286,2.754334205748857,0.001,0.0007756046028744286,2.7561098103517314,,,10,COMPLETE_ANALYTIC_CP_BUDGET
H,128,0.4,51,2,balanced,0.01,4fbee1a9ad613ccb7194d8a7d36565b0f7b396b72e6296bcd72f2a5dcb53acba,128,0.7756046028744286,0.7756046028744286,2.754334205748857,0.01,0.0077560460287442855,2.7720902517776014,,,10,COMPLETE_ANALYTIC_CP_BUDGET
H,128,0.4,51,2,balanced,0.1,103ab66e6aeaf2ee6cb5d4577ecf6b976f4baad955de0dbe1e505898d7fba771,128,0.7756046028744286,0.7756046028744286,2.754334205748857,0.1,0.07756046028744286,2.9318946660363,,,10,COMPLETE_ANALYTIC_CP_BUDGET
H,128,0.4,51,4,comb,0.001,5684e69dc44cbe5528ad7df105db90d61dc8fa106e671b468a1065f5c3555cd9,128,0.7756046028744286,0.7756046028744286,17.367573904122498,0.003,0.013794227857619804,17.384368131980118,,,10,COMPLETE_ANALYTIC_CP_BUDGET
H,128,0.4,51,4,comb,0.01,61a890700ca6812fac7c2254f0637a46c05bda90cfec8be96a3bfd665f35b2b8,128,0.7756046028744286,0.7756046028744286,17.367573904122498,0.03,0.13794227857619804,17.535516182698696,,,10,COMPLETE_ANALYTIC_CP_BUDGET
H,128,0.4,51,4,comb,0.1,bd3609a1529a4afa23debb9c73b46df386742cc9856bb283d7c4f6607319ec7d,128,0.7756046028744286,0.7756046028744286,17.367573904122498,0.30000000000000004,1.3794227857619805,19.04699668988448,,,10,COMPLETE_ANALYTIC_CP_BUDGET
H,128,0.4,51,4,balanced,0.001,97a5d4dab779bd0932690f54155f5bdac01f2e00f8da827a8a285ad27877b210,128,0.7756046028744286,0.7756046028744286,17.367573904122498,0.003,0.013794227857619804,17.384368131980118,,,10,COMPLETE_ANALYTIC_CP_BUDGET
H,128,0.4,51,4,balanced,0.01,4de6a26e7b8154f60e4d33b464c8d687070e36b3c5259f93a613c6322da60eeb,128,0.7756046028744286,0.7756046028744286,17.367573904122498,0.03,0.13794227857619804,17.535516182698696,,,10,COMPLETE_ANALYTIC_CP_BUDGET
H,128,0.4,51,4,balanced,0.1,b5aef057e0277b9202b11f2fceafe0e2c861f7a22c4efb27911255987c2d5b73,128,0.7756046028744286,0.7756046028744286,17.367573904122498,0.30000000000000004,1.3794227857619805,19.04699668988448,,,10,COMPLETE_ANALYTIC_CP_BUDGET
H,128,0.4,51,8,comb,0.001,94706c7c226906e2a5c0633659fe65e52eb966b34653a46b5f967c16ecd5f4e2,128,0.7756046028744286,0.7756046028744286,345.26630731083486,0.007,0.3825129267894407,345.6558202376243,,,10,COMPLETE_ANALYTIC_CP_BUDGET
H,128,0.4,51,8,comb,0.01,0108c0dfe630e1b0316129370bc5441b89c09a496f1ac6f3ec583411a33a47cf,128,0.7756046028744286,0.7756046028744286,345.26630731083486,0.07,3.825129267894407,349.16143657872925,,,10,COMPLETE_ANALYTIC_CP_BUDGET
H,128,0.4,51,8,comb,0.1,6f820a0bd2193aa559c28d54e8bf42ad54f7089a3877d920f13193776e962000,128,0.7756046028744286,0.7756046028744286,345.26630731083486,0.7000000000000001,38.251292678944075,384.21759998977893,,,10,COMPLETE_ANALYTIC_CP_BUDGET
H,128,0.4,51,8,balanced,0.001,698fa0321d3f45f1a05e604dd0c9aec8cecba3c259d16ef994fddf01119f7b23,128,0.7756046028744286,0.7756046028744286,345.26630731083486,0.007,0.3825129267894407,345.6558202376243,,,10,COMPLETE_ANALYTIC_CP_BUDGET
H,128,0.4,51,8,balanced,0.01,cd2ddaf60109b20c3fe718d4bcbb8981d0591dcd2dd6358b54b4052abb84744b,128,0.7756046028744286,0.7756046028744286,345.26630731083486,0.07,3.825129267894407,349.16143657872925,,,10,COMPLETE_ANALYTIC_CP_BUDGET
H,128,0.4,51,8,balanced,0.1,803638f198965cc01800036205edaad04d15e38e03891893bbf5bac9fef7ff1b,128,0.7756046028744286,0.7756046028744286,345.26630731083486,0.7000000000000001,38.251292678944075,384.21759998977893,,,10,COMPLETE_ANALYTIC_CP_BUDGET
H,128,0.4,51,16,comb,0.001,3f5c35399af8d4a40681bb2defe8b17a1c72945312d3198366a9a68f29c59aa9,128,0.7756046028744286,0.7756046028744286,68226.68856456518,0.015,82.45294860710163,68309.15651317227,,,10,COMPLETE_ANALYTIC_CP_BUDGET
H,128,0.4,51,16,comb,0.01,53c5216f70f6d001cf99ecce999344477b0c3f75ebf8f93e45a0d19c38a1fba6,128,0.7756046028744286,0.7756046028744286,68226.68856456518,0.15,824.5294860710163,69051.36805063619,,,10,COMPLETE_ANALYTIC_CP_BUDGET
H,128,0.4,51,16,comb,0.1,7dad5d987a44bd4a53a2e1ff97d82ae7caf0cd2c404bfc5857c8b82a98c7ce60,128,0.7756046028744286,0.7756046028744286,68226.68856456518,1.5,8245.294860710164,76473.48342527534,,,10,COMPLETE_ANALYTIC_CP_BUDGET
H,128,0.4,51,16,balanced,0.001,4ef94ee6c703f6469281e2ec3cfb4b1f2c86ad92ed251bdb01c37c5176d37554,128,0.7756046028744286,0.7756046028744286,68226.68856456518,0.015,82.45294860710163,68309.15651317227,,,10,COMPLETE_ANALYTIC_CP_BUDGET
H,128,0.4,51,16,balanced,0.01,fdd538d53738685d1665c0c80432101bb3be4c619499d48f34b2199f4b6d6a15,128,0.7756046028744286,0.7756046028744286,68226.68856456518,0.15,824.5294860710163,69051.36805063619,,,10,COMPLETE_ANALYTIC_CP_BUDGET
H,128,0.4,51,16,balanced,0.1,f6d5d9add2d2c0da660e58010a78f7f33ad6f11686551f8b4232692fc5380ccd,128,0.7756046028744286,0.7756046028744286,68226.68856456518,1.5,8245.294860710164,76473.48342527534,,,10,COMPLETE_ANALYTIC_CP_BUDGET
H,128,0.8,102,2,comb,0.001,b741ba587b8e72f5f3112f9afa875bb17a16686188199042dda202c8c9268d10,128,0.45069390943299864,0.45069390943299864,1.3076378188659974,0.001,0.0004506939094329987,1.3090885127754304,,,10,COMPLETE_ANALYTIC_CP_BUDGET
H,128,0.8,102,2,comb,0.01,ba15b8df3cc274077cfbbc4feb417200cfe821d34c4fd34197d38021c199724c,128,0.45069390943299864,0.45069390943299864,1.3076378188659974,0.01,0.004506939094329987,1.3221447579603274,,,10,COMPLETE_ANALYTIC_CP_BUDGET
H,128,0.8,102,2,comb,0.1,a284ae91c30886fa410b22c08239b01c076c64b6e12d4bb517d837d5b1f872d1,128,0.45069390943299864,0.45069390943299864,1.3076378188659974,0.1,0.04506939094329987,1.4527072098092972,,,10,COMPLETE_ANALYTIC_CP_BUDGET
H,128,0.8,102,2,balanced,0.001,0c21ffa0c593fc83c1c2f14e2af5b972c30e3c581bc871742bfb673884d6adde,128,0.45069390943299864,0.45069390943299864,1.3076378188659974,0.001,0.0004506939094329987,1.3090885127754304,,,10,COMPLETE_ANALYTIC_CP_BUDGET
H,128,0.8,102,2,balanced,0.01,a6673371089bb14436ebd053e3562716892d4b9d5f8a9c79775b827d350cd77a,128,0.45069390943299864,0.45069390943299864,1.3076378188659974,0.01,0.004506939094329987,1.3221447579603274,,,10,COMPLETE_ANALYTIC_CP_BUDGET
H,128,0.8,102,2,balanced,0.1,b51e7bca7fb2dae26788f4391a5c782ea8f1744ad95856cb33309f6f3cca05de,128,0.45069390943299864,0.45069390943299864,1.3076378188659974,0.1,0.04506939094329987,1.4527072098092972,,,10,COMPLETE_ANALYTIC_CP_BUDGET
H,128,0.8,102,4,comb,0.001,e7b5ebef6aa9664598559ee788f32652833030d6939053a14e848717a11349f9,128,0.45069390943299864,0.45069390943299864,5.503881104474929,0.003,0.0061590117859577215,5.513040116260886,,,10,COMPLETE_ANALYTIC_CP_BUDGET
H,128,0.8,102,4,comb,0.01,fa23815bf943c2749f894093dbc8a1d6a841474dd6788d98a308de79f3de6c36,128,0.45069390943299864,0.45069390943299864,5.503881104474929,0.03,0.061590117859577215,5.595471222334506,,,10,COMPLETE_ANALYTIC_CP_BUDGET
H,128,0.8,102,4,comb,0.1,ab55a51cf369e26e14df2a7d1daf39e85b846c29b14ee65ea328d4d734a8e422,128,0.45069390943299864,0.45069390943299864,5.503881104474929,0.30000000000000004,0.6159011785957722,6.419782283070701,,,10,COMPLETE_ANALYTIC_CP_BUDGET
H,128,0.8,102,4,balanced,0.001,e5c7b624cb5c5847b31c1c812a8f461c7110b236da628d70db52e74167862a21,128,0.45069390943299864,0.45069390943299864,5.503881104474929,0.003,0.0061590117859577215,5.513040116260886,,,10,COMPLETE_ANALYTIC_CP_BUDGET
H,128,0.8,102,4,balanced,0.01,91cb3767516e417f9af270c3d40637db0a9e69d807e7b579ee10e5a303efd451,128,0.45069390943299864,0.45069390943299864,5.503881104474929,0.03,0.061590117859577215,5.595471222334506,,,10,COMPLETE_ANALYTIC_CP_BUDGET
H,128,0.8,102,4,balanced,0.1,d8f89985ca6452805f47d12c9e340c01dae118e11b78facc81bc1fd396ab2cfc,128,0.45069390943299864,0.45069390943299864,5.503881104474929,0.30000000000000004,0.6159011785957722,6.419782283070701,,,10,COMPLETE_ANALYTIC_CP_BUDGET
H,128,0.8,102,8,comb,0.001,4699c0001698ea26b9e124755a3ff469dbb1ce573292a6e6080ec48240f1dfad,128,0.45069390943299864,0.45069390943299864,48.75309487569533,0.007,0.08765172952947396,48.847746605224806,,,10,COMPLETE_ANALYTIC_CP_BUDGET
H,128,0.8,102,8,comb,0.01,ca324b97a6d937ca28e027682086c4b92aabc239756937783d282a303d51f459,128,0.45069390943299864,0.45069390943299864,48.75309487569533,0.07,0.8765172952947397,49.69961217099007,,,10,COMPLETE_ANALYTIC_CP_BUDGET
H,128,0.8,102,8,comb,0.1,20fbc3a39968c12575f53676e6389ba192a7666f96dfe167f819c06459c2f618,128,0.45069390943299864,0.45069390943299864,48.75309487569533,0.7000000000000001,8.765172952947397,58.21826782864273,,,10,COMPLETE_ANALYTIC_CP_BUDGET
H,128,0.8,102,8,balanced,0.001,72f2c056d984988ef122d892f63fad2384e6b069ea5781ce614248a7ae14a107,128,0.45069390943299864,0.45069390943299864,48.75309487569533,0.007,0.08765172952947396,48.847746605224806,,,10,COMPLETE_ANALYTIC_CP_BUDGET
H,128,0.8,102,8,balanced,0.01,88c80be60185bea56deee80c80b1fbacdda7e60c6007cce073ea2dc0dad2e7f0,128,0.45069390943299864,0.45069390943299864,48.75309487569533,0.07,0.8765172952947397,49.69961217099007,,,10,COMPLETE_ANALYTIC_CP_BUDGET
H,128,0.8,102,8,balanced,0.1,16e45c2ab3cbe1920d1ff22d91c87af4f15e299d360b4b3d820587ca070a9a6f,128,0.45069390943299864,0.45069390943299864,48.75309487569533,0.7000000000000001,8.765172952947397,58.21826782864273,,,10,COMPLETE_ANALYTIC_CP_BUDGET
H,128,0.8,102,16,comb,0.001,91eec97ce9abf13d7dfdce6f9b2b85da57e1970dac966a97caf930fb3eb4fbd4,128,0.45069390943299864,0.45069390943299864,1912.6631363893803,0.015,3.9635798140048175,1916.6417162033852,,,10,COMPLETE_ANALYTIC_CP_BUDGET
H,128,0.8,102,16,comb,0.01,2f66dfa95cc3d9ec93c5c28fb6861c718f4808bcac77ba1387ce2f8fd889631c,128,0.45069390943299864,0.45069390943299864,1912.6631363893803,0.15,39.63579814004817,1952.4489345294285,,,10,COMPLETE_ANALYTIC_CP_BUDGET
H,128,0.8,102,16,comb,0.1,e7984590c8f35f8d68396f9b7441a1358a64c51c991a72c2ebfe5f13bc04fffd,128,0.45069390943299864,0.45069390943299864,1912.6631363893803,1.5,396.3579814004818,2310.521117789862,,,10,COMPLETE_ANALYTIC_CP_BUDGET
H,128,0.8,102,16,balanced,0.001,84692a690a840ad30a6c359bf9fd1d1a378e2c8495bca923c82bc0d17b520146,128,0.45069390943299864,0.45069390943299864,1912.6631363893803,0.015,3.9635798140048175,1916.6417162033852,,,10,COMPLETE_ANALYTIC_CP_BUDGET
H,128,0.8,102,16,balanced,0.01,66a7dd273e0962283dd23f801eb8193771772e71993a8188ced199cd195db914,128,0.45069390943299864,0.45069390943299864,1912.6631363893803,0.15,39.63579814004817,1952.4489345294285,,,10,COMPLETE_ANALYTIC_CP_BUDGET
H,128,0.8,102,16,balanced,0.1,6ffb078d9f24899ff5a9dbc378ae83c93293623052b35e4b4098e13e95708f80,128,0.45069390943299864,0.45069390943299864,1912.6631363893803,1.5,396.3579814004818,2310.521117789862,,,10,COMPLETE_ANALYTIC_CP_BUDGET
