block,arity,internal_nodes,topology,dimension,requested_rank_ratio,projector_rank,eta,scientific_instance_hash,tree_hash,depth,strahler_number,ambient_lower,ambient_upper,projected_lower,projected_upper,dimension_two_embedded_lower_is_valid,larger_dimension_improvement_certified,seed_count_required,seed_evaluations_executed_full_core,optimizer_status,status
C,2,3,comb,2,0.125,1,0.0001,07c5338b2a320a614851cc943988e1d4f9d0f9ce7e9e02fda63a18101f0a723b,69cad430544b4cf0e2476864fc7fbfce938c61afa11c78436544e1a90d4d6b9d,3,2,2.9999999749999997,3.0,0.0002999999985,2.0,True,False,10,0,EXTENDED_PENDING_RESOURCE_GATE,COMPLETE_BASE_INSTANCE
C,2,3,comb,2,0.125,1,0.01,a3ac374b14440faca6b3aa6558948a3637baf469935b1f40fd702b6df9a3ccb9,69cad430544b4cf0e2476864fc7fbfce938c61afa11c78436544e1a90d4d6b9d,3,2,2.999750001250104,3.0,0.029998499962498124,2.0,True,False,10,0,EXTENDED_PENDING_RESOURCE_GATE,COMPLETE_BASE_INSTANCE
C,2,3,comb,2,0.125,1,0.1,938c5a42b06d80d81d226f7f57c84af0e64f4c186597c7e1335f0894a7994fd3,69cad430544b4cf0e2476864fc7fbfce938c61afa11c78436544e1a90d4d6b9d,3,2,2.975012605015313,3.0,0.298496231131986,2.0,True,False,10,0,EXTENDED_PENDING_RESOURCE_GATE,COMPLETE_BASE_INSTANCE
C,2,3,comb,2,0.125,1,0.5,6639259bd77f1cd4a83982092e02474323f98bf10958a7efe4ab5bb74f3e67c2,69cad430544b4cf0e2476864fc7fbfce938c61afa11c78436544e1a90d4d6b9d,3,2,2.384848003542364,3.0,1.2990381056766578,2.0,True,False,10,0,EXTENDED_PENDING_RESOURCE_GATE,COMPLETE_BASE_INSTANCE
C,2,3,comb,2,0.25,1,0.0001,e9b67a3f475db0118806650f495beac7f0f8684ddf97cb25798f077986e5cf64,69cad430544b4cf0e2476864fc7fbfce938c61afa11c78436544e1a90d4d6b9d,3,2,2.9999999749999997,3.0,0.0002999999985,2.0,True,False,10,0,EXTENDED_PENDING_RESOURCE_GATE,COMPLETE_BASE_INSTANCE
C,2,3,comb,2,0.25,1,0.01,db03a0bd67eb07f328ad7a6853ae56efd20264a28e322c2044912b7fe43de0c2,69cad430544b4cf0e2476864fc7fbfce938c61afa11c78436544e1a90d4d6b9d,3,2,2.999750001250104,3.0,0.029998499962498124,2.0,True,False,10,0,EXTENDED_PENDING_RESOURCE_GATE,COMPLETE_BASE_INSTANCE
C,2,3,comb,2,0.25,1,0.1,1f5a3b32b9e4a5dbd30c4eb125aace45e1cc4653f88b027867035e0b233ca47b,69cad430544b4cf0e2476864fc7fbfce938c61afa11c78436544e1a90d4d6b9d,3,2,2.975012605015313,3.0,0.298496231131986,2.0,True,False,10,0,EXTENDED_PENDING_RESOURCE_GATE,COMPLETE_BASE_INSTANCE
C,2,3,comb,2,0.25,1,0.5,ac6213baf43b61f7cd26dc7779c4d57b4b3174344e779746f384cc6ad187f9aa,69cad430544b4cf0e2476864fc7fbfce938c61afa11c78436544e1a90d4d6b9d,3,2,2.384848003542364,3.0,1.2990381056766578,2.0,True,False,10,0,EXTENDED_PENDING_RESOURCE_GATE,COMPLETE_BASE_INSTANCE
C,2,3,comb,2,0.5,1,0.0001,5a924d05d3fc4e80fca703b1ae410289e637b0dc1d295c23e0c499b2f2a52398,69cad430544b4cf0e2476864fc7fbfce938c61afa11c78436544e1a90d4d6b9d,3,2,2.9999999749999997,3.0,0.0002999999985,2.0,True,False,10,0,EXTENDED_PENDING_RESOURCE_GATE,COMPLETE_BASE_INSTANCE
C,2,3,comb,2,0.5,1,0.01,8701d174291df6d692b2bff9092603472237de2c3b06482d3c613a771a577d18,69cad430544b4cf0e2476864fc7fbfce938c61afa11c78436544e1a90d4d6b9d,3,2,2.999750001250104,3.0,0.029998499962498124,2.0,True,False,10,0,EXTENDED_PENDING_RESOURCE_GATE,COMPLETE_BASE_INSTANCE
C,2,3,comb,2,0.5,1,0.1,abc0863904305b09768fb2c4a863e5ce7702b5901e58ad21198b3c9a9ddc58c3,69cad430544b4cf0e2476864fc7fbfce938c61afa11c78436544e1a90d4d6b9d,3,2,2.975012605015313,3.0,0.298496231131986,2.0,True,False,10,0,EXTENDED_PENDING_RESOURCE_GATE,COMPLETE_BASE_INSTANCE
C,2,3,comb,2,0.5,1,0.5,33a57120d3ec0722f05c2dfd8207141dcc446769649acbbd369f4910aecd6fdc,69cad430544b4cf0e2476864fc7fbfce938c61afa11c78436544e1a90d4d6b9d,3,2,2.384848003542364,3.0,1.2990381056766578,2.0,True,False,10,0,EXTENDED_PENDING_RESOURCE_GATE,COMPLETE_BASE_INSTANCE
C,2,3,comb,2,0.75,1,0.0001,c2a3f0ed3fef353f816794b3a590588b373cba72ee23325565cb0baa5c447c50,69cad430544b4cf0e2476864fc7fbfce938c61afa11c78436544e1a90d4d6b9d,3,2,2.9999999749999997,3.0,0.0002999999985,2.0,True,False,10,0,EXTENDED_PENDING_RESOURCE_GATE,COMPLETE_BASE_INSTANCE
C,2,3,comb,2,0.75,1,0.01,884d33282ab5a1e08795945594cae617387c1d7f18f9a16fdcffc33c6a4aee66,69cad430544b4cf0e2476864fc7fbfce938c61afa11c78436544e1a90d4d6b9d,3,2,2.999750001250104,3.0,0.029998499962498124,2.0,True,False,10,0,EXTENDED_PENDING_RESOURCE_GATE,COMPLETE_BASE_INSTANCE
C,2,3,comb,2,0.75,1,0.1,24464494531b139f6bf83423dd04af48c8454febe9588d1256f98a093aa16926,69cad430544b4cf0e2476864fc7fbfce938c61afa11c78436544e1a90d4d6b9d,3,2,2.975012605015313,3.0,0.298496231131986,2.0,True,False,10,0,EXTENDED_PENDING_RESOURCE_GATE,COMPLETE_BASE_INSTANCE
C,2,3,comb,2,0.75,1,0.5,47874887196b216425447d9ec089c14d4dbe42a84e4366208087f830c13fb478,69cad430544b4cf0e2476864fc7fbfce938c61afa11c78436544e1a90d4d6b9d,3,2,2.384848003542364,3.0,1.2990381056766578,2.0,True,False,10,0,EXTENDED_PENDING_RESOURCE_GATE,COMPLETE_BASE_INSTANCE
C,2,3,comb,4,0.125,1,0.0001,25da64ecc610cb7fc13f0e29da07208cd137ac0f97b3e2c8ec33f6109a0d34c5,69cad430544b4cf0e2476864fc7fbfce938c61afa11c78436544e1a90d4d6b9d,3,2,2.9999999749999997,3.0,0.0002999999985,2.0,True,False,10,0,EXTENDED_PENDING_RESOURCE_GATE,COMPLETE_BASE_INSTANCE
C,2,3,comb,4,0.125,1,0.01,bd022fcd2f47534330656d6d0d28324a2f341b71f1115d841f2a0732c8319740,69cad430544b4cf0e2476864fc7fbfce938c61afa11c78436544e1a90d4d6b9d,3,2,2.999750001250104,3.0,0.029998499962498124,2.0,True,False,10,0,EXTENDED_PENDING_RESOURCE_GATE,COMPLETE_BASE_INSTANCE
C,2,3,comb,4,0.125,1,0.1,ee834e5b9148a12c33f90074b5004a91e9679eea4aad7ca6971c297d37bcbbce,69cad430544b4cf0e2476864fc7fbfce938c61afa11c78436544e1a90d4d6b9d,3,2,2.975012605015313,3.0,0.298496231131986,2.0,True,False,10,0,EXTENDED_PENDING_RESOURCE_GATE,COMPLETE_BASE_INSTANCE
C,2,3,comb,4,0.125,1,0.5,0fd71648fa9dd757cccdc3fcf4f6589e70fcee4965098510c437472c566b08fa,69cad430544b4cf0e2476864fc7fbfce938c61afa11c78436544e1a90d4d6b9d,3,2,2.384848003542364,3.0,1.2990381056766578,2.0,True,False,10,0,EXTENDED_PENDING_RESOURCE_GATE,COMPLETE_BASE_INSTANCE
C,2,3,comb,4,0.25,1,0.0001,ea5b52dcaefa1ca138d519be304ad551a81534cf6156924cb56a0f54ffb7ac58,69cad430544b4cf0e2476864fc7fbfce938c61afa11c78436544e1a90d4d6b9d,3,2,2.9999999749999997,3.0,0.0002999999985,2.0,True,False,10,0,EXTENDED_PENDING_RESOURCE_GATE,COMPLETE_BASE_INSTANCE
C,2,3,comb,4,0.25,1,0.01,12d02e60d368b70dddeb45815328ca4a437f9bccea3a7b889cf89f99a0fdac9e,69cad430544b4cf0e2476864fc7fbfce938c61afa11c78436544e1a90d4d6b9d,3,2,2.999750001250104,3.0,0.029998499962498124,2.0,True,False,10,0,EXTENDED_PENDING_RESOURCE_GATE,COMPLETE_BASE_INSTANCE
C,2,3,comb,4,0.25,1,0.1,bcb0fcf2b50e6ed43ff4bb155973ea19e9ed7aa5f24c6fe0ba0b5f766989ce8f,69cad430544b4cf0e2476864fc7fbfce938c61afa11c78436544e1a90d4d6b9d,3,2,2.975012605015313,3.0,0.298496231131986,2.0,True,False,10,0,EXTENDED_PENDING_RESOURCE_GATE,COMPLETE_BASE_INSTANCE
C,2,3,comb,4,0.25,1,0.5,070c82d7c169903c294e8739a8864198a45dfa4e094e6269868a41ea93b7d4f3,69cad430544b4cf0e2476864fc7fbfce938c61afa11c78436544e1a90d4d6b9d,3,2,2.384848003542364,3.0,1.2990381056766578,2.0,True,False,10,0,EXTENDED_PENDING_RESOURCE_GATE,COMPLETE_BASE_INSTANCE
C,2,3,comb,4,0.5,2,0.0001,90c11c145180555467d769fb1ad6c0fa69fa7dd5d941cbcbbfe4864d88e11d1e,69cad430544b4cf0e2476864fc7fbfce938c61afa11c78436544e1a90d4d6b9d,3,2,2.9999999749999997,3.0,0.0002999999985,2.0,True,False,10,0,EXTENDED_PENDING_RESOURCE_GATE,COMPLETE_BASE_INSTANCE
C,2,3,comb,4,0.5,2,0.01,b2b0e5543704c860b87894cf450167df64df39e6f01834b3ec0e8a65e44b5726,69cad430544b4cf0e2476864fc7fbfce938c61afa11c78436544e1a90d4d6b9d,3,2,2.999750001250104,3.0,0.029998499962498124,2.0,True,False,10,0,EXTENDED_PENDING_RESOURCE_GATE,COMPLETE_BASE_INSTANCE
C,2,3,comb,4,0.5,2,0.1,45d1ccae4e3e908ea4cb58636b6001ef8fe7cd9f0eb9c172812d07c21c1bc46e,69cad430544b4cf0e2476864fc7fbfce938c61afa11c78436544e1a90d4d6b9d,3,2,2.975012605015313,3.0,0.298496231131986,2.0,True,False,10,0,EXTENDED_PENDING_RESOURCE_GATE,COMPLETE_BASE_INSTANCE
C,2,3,comb,4,0.5,2,0.5,e58f99717bede07e7a9492dafc5dd026a223de8dbf5035c11092136fac984b47,69cad430544b4cf0e2476864fc7fbfce938c61afa11c78436544e1a90d4d6b9d,3,2,2.384848003542364,3.0,1.2990381056766578,2.0,True,False,10,0,EXTENDED_PENDING_RESOURCE_GATE,COMPLETE_BASE_INSTANCE
C,2,3,comb,4,0.75,3,0.0001,094d79ca5f4dead957d7f59a321d41065eb8ff8a398b9423f2307376ad58732e,69cad430544b4cf0e2476864fc7fbfce938c61afa11c78436544e1a90d4d6b9d,3,2,2.9999999749999997,3.0,0.0002999999985,2.0,True,False,10,0,EXTENDED_PENDING_RESOURCE_GATE,COMPLETE_BASE_INSTANCE
C,2,3,comb,4,0.75,3,0.01,1b8394e0375fa037f7e9d69ce39c17dced418d29ed2e14c225d68a80c14a1e05,69cad430544b4cf0e2476864fc7fbfce938c61afa11c78436544e1a90d4d6b9d,3,2,2.999750001250104,3.0,0.029998499962498124,2.0,True,False,10,0,EXTENDED_PENDING_RESOURCE_GATE,COMPLETE_BASE_INSTANCE
C,2,3,comb,4,0.75,3,0.1,c5807945626e2c8a1bce6bced5c47dbe70c356efd7267545265d80812a8cf916,69cad430544b4cf0e2476864fc7fbfce938c61afa11c78436544e1a90d4d6b9d,3,2,2.975012605015313,3.0,0.298496231131986,2.0,True,False,10,0,EXTENDED_PENDING_RESOURCE_GATE,COMPLETE_BASE_INSTANCE
C,2,3,comb,4,0.75,3,0.5,559242d85457c08b38ed9006b26f7ac832eb7eaa0fe6ec060654f903b90ece63,69cad430544b4cf0e2476864fc7fbfce938c61afa11c78436544e1a90d4d6b9d,3,2,2.384848003542364,3.0,1.2990381056766578,2.0,True,False,10,0,EXTENDED_PENDING_RESOURCE_GATE,COMPLETE_BASE_INSTANCE
C,2,3,comb,8,0.125,1,0.0001,7e5da04b2f90a6d680072ddf9e651c095b96f1430d11d6753a3e3909af679a08,69cad430544b4cf0e2476864fc7fbfce938c61afa11c78436544e1a90d4d6b9d,3,2,2.9999999749999997,3.0,0.0002999999985,2.0,True,False,10,0,EXTENDED_PENDING_RESOURCE_GATE,COMPLETE_BASE_INSTANCE
C,2,3,comb,8,0.125,1,0.01,f369136ab1ed2436713af96be11f2f0f9d19452085b27e3e2e24d9349e163594,69cad430544b4cf0e2476864fc7fbfce938c61afa11c78436544e1a90d4d6b9d,3,2,2.999750001250104,3.0,0.029998499962498124,2.0,True,False,10,0,EXTENDED_PENDING_RESOURCE_GATE,COMPLETE_BASE_INSTANCE
C,2,3,comb,8,0.125,1,0.1,d5d7e64c6eba28c9a504009cd4ad69ef3a864eec1cda2842c3a669a698739140,69cad430544b4cf0e2476864fc7fbfce938c61afa11c78436544e1a90d4d6b9d,3,2,2.975012605015313,3.0,0.298496231131986,2.0,True,False,10,0,EXTENDED_PENDING_RESOURCE_GATE,COMPLETE_BASE_INSTANCE
C,2,3,comb,8,0.125,1,0.5,f5fde699cdae0279ba86d1abcddd5956140087777d9f1c3931ba24dd55d6bd60,69cad430544b4cf0e2476864fc7fbfce938c61afa11c78436544e1a90d4d6b9d,3,2,2.384848003542364,3.0,1.2990381056766578,2.0,True,False,10,0,EXTENDED_PENDING_RESOURCE_GATE,COMPLETE_BASE_INSTANCE
C,2,3,comb,8,0.25,2,0.0001,dc06f7e0bd743b8bab453c1cd9935cc0ef04fb48311408b46768bad95b7ad4ab,69cad430544b4cf0e2476864fc7fbfce938c61afa11c78436544e1a90d4d6b9d,3,2,2.9999999749999997,3.0,0.0002999999985,2.0,True,False,10,0,EXTENDED_PENDING_RESOURCE_GATE,COMPLETE_BASE_INSTANCE
C,2,3,comb,8,0.25,2,0.01,e4cb359d8b9fa415bf25cea5186a6c64316d11fbfb098d34d62afa8da118fd3a,69cad430544b4cf0e2476864fc7fbfce938c61afa11c78436544e1a90d4d6b9d,3,2,2.999750001250104,3.0,0.029998499962498124,2.0,True,False,10,0,EXTENDED_PENDING_RESOURCE_GATE,COMPLETE_BASE_INSTANCE
C,2,3,comb,8,0.25,2,0.1,349ba1dd079d102e58a223267797399919ced86eb8b82a47077ce009aaadfc62,69cad430544b4cf0e2476864fc7fbfce938c61afa11c78436544e1a90d4d6b9d,3,2,2.975012605015313,3.0,0.298496231131986,2.0,True,False,10,0,EXTENDED_PENDING_RESOURCE_GATE,COMPLETE_BASE_INSTANCE
C,2,3,comb,8,0.25,2,0.5,9c985b2ae603523ac249700d2dcd94781249b5ad4afde91e025d02ce24846d09,69cad430544b4cf0e2476864fc7fbfce938c61afa11c78436544e1a90d4d6b9d,3,2,2.384848003542364,3.0,1.2990381056766578,2.0,True,False,10,0,EXTENDED_PENDING_RESOURCE_GATE,COMPLETE_BASE_INSTANCE
C,2,3,comb,8,0.5,4,0.0001,967fc8b5dd535a113870cdb98fcb2063e713c9527fc9b3e2d07d4994012fa228,69cad430544b4cf0e2476864fc7fbfce938c61afa11c78436544e1a90d4d6b9d,3,2,2.9999999749999997,3.0,0.0002999999985,2.0,True,False,10,0,EXTENDED_PENDING_RESOURCE_GATE,COMPLETE_BASE_INSTANCE
C,2,3,comb,8,0.5,4,0.01,1a9e42f6d44616442b76a1a2a8300165162dd66df0a33894f3d3e27018c16aa5,69cad430544b4cf0e2476864fc7fbfce938c61afa11c78436544e1a90d4d6b9d,3,2,2.999750001250104,3.0,0.029998499962498124,2.0,True,False,10,0,EXTENDED_PENDING_RESOURCE_GATE,COMPLETE_BASE_INSTANCE
C,2,3,comb,8,0.5,4,0.1,cc7454a3819e846b1e8fb125affa0f970c7b3e2ff5d5247f7be18fc2f9d22051,69cad430544b4cf0e2476864fc7fbfce938c61afa11c78436544e1a90d4d6b9d,3,2,2.975012605015313,3.0,0.298496231131986,2.0,True,False,10,0,EXTENDED_PENDING_RESOURCE_GATE,COMPLETE_BASE_INSTANCE
C,2,3,comb,8,0.5,4,0.5,d3cb1795fb44ca36e788e97c7a137a99ca517a5a5be93ba98e5a7fdd0774ab87,69cad430544b4cf0e2476864fc7fbfce938c61afa11c78436544e1a90d4d6b9d,3,2,2.384848003542364,3.0,1.2990381056766578,2.0,True,False,10,0,EXTENDED_PENDING_RESOURCE_GATE,COMPLETE_BASE_INSTANCE
C,2,3,comb,8,0.75,6,0.0001,eb0101fc315e48873ad3d2599e09bead5a430e1a3667e145d88177f9fea5c368,69cad430544b4cf0e2476864fc7fbfce938c61afa11c78436544e1a90d4d6b9d,3,2,2.9999999749999997,3.0,0.0002999999985,2.0,True,False,10,0,EXTENDED_PENDING_RESOURCE_GATE,COMPLETE_BASE_INSTANCE
C,2,3,comb,8,0.75,6,0.01,9c5620a6d7c61b6a8bbdb949354036114493564cc589489611070be45930b098,69cad430544b4cf0e2476864fc7fbfce938c61afa11c78436544e1a90d4d6b9d,3,2,2.999750001250104,3.0,0.029998499962498124,2.0,True,False,10,0,EXTENDED_PENDING_RESOURCE_GATE,COMPLETE_BASE_INSTANCE
C,2,3,comb,8,0.75,6,0.1,edc9566bc7d4216b400ad0afea442956ffbb1cfa32c670a2a6fcff5752ac7cfa,69cad430544b4cf0e2476864fc7fbfce938c61afa11c78436544e1a90d4d6b9d,3,2,2.975012605015313,3.0,0.298496231131986,2.0,True,False,10,0,EXTENDED_PENDING_RESOURCE_GATE,COMPLETE_BASE_INSTANCE
C,2,3,comb,8,0.75,6,0.5,51be406306226d4ffdb6d507ef2faae8fdb56f44f1683d5c593c7bd8af374494,69cad430544b4cf0e2476864fc7fbfce938c61afa11c78436544e1a90d4d6b9d,3,2,2.384848003542364,3.0,1.2990381056766578,2.0,True,False,10,0,EXTENDED_PENDING_RESOURCE_GATE,COMPLETE_BASE_INSTANCE
C,2,3,comb,16,0.125,2,0.0001,072a47649f419dea3a691e1396ef353d64eab47c77c614a7de22d53f80858851,69cad430544b4cf0e2476864fc7fbfce938c61afa11c78436544e1a90d4d6b9d,3,2,2.9999999749999997,3.0,0.0002999999985,2.0,True,False,10,0,EXTENDED_PENDING_RESOURCE_GATE,COMPLETE_BASE_INSTANCE
C,2,3,comb,16,0.125,2,0.01,837e5c4a80876ffcbe1e11f49921b281614d4975e8ca21734a6de1f01ac35e8d,69cad430544b4cf0e2476864fc7fbfce938c61afa11c78436544e1a90d4d6b9d,3,2,2.999750001250104,3.0,0.029998499962498124,2.0,True,False,10,0,EXTENDED_PENDING_RESOURCE_GATE,COMPLETE_BASE_INSTANCE
C,2,3,comb,16,0.125,2,0.1,13476629c2faae5c698ecde907d14eaa0cd0f48a806bd2969419d75f56be53fa,69cad430544b4cf0e2476864fc7fbfce938c61afa11c78436544e1a90d4d6b9d,3,2,2.975012605015313,3.0,0.298496231131986,2.0,True,False,10,0,EXTENDED_PENDING_RESOURCE_GATE,COMPLETE_BASE_INSTANCE
C,2,3,comb,16,0.125,2,0.5,617fe06f39fee598ca25c191c8a61ae966766d01e52e9007b5cbd91b64f46aad,69cad430544b4cf0e2476864fc7fbfce938c61afa11c78436544e1a90d4d6b9d,3,2,2.384848003542364,3.0,1.2990381056766578,2.0,True,False,10,0,EXTENDED_PENDING_RESOURCE_GATE,COMPLETE_BASE_INSTANCE
C,2,3,comb,16,0.25,4,0.0001,d23aaa1884bf4ea75d996e3cd35fc0e61ce57dc1bbe512d3aa56d69e7be5986b,69cad430544b4cf0e2476864fc7fbfce938c61afa11c78436544e1a90d4d6b9d,3,2,2.9999999749999997,3.0,0.0002999999985,2.0,True,False,10,0,EXTENDED_PENDING_RESOURCE_GATE,COMPLETE_BASE_INSTANCE
C,2,3,comb,16,0.25,4,0.01,686bfead3ed56199800a1aa7df60a76c785c2325790dc3292b8285ccc5cd1176,69cad430544b4cf0e2476864fc7fbfce938c61afa11c78436544e1a90d4d6b9d,3,2,2.999750001250104,3.0,0.029998499962498124,2.0,True,False,10,0,EXTENDED_PENDING_RESOURCE_GATE,COMPLETE_BASE_INSTANCE
C,2,3,comb,16,0.25,4,0.1,6683a710b1e6a09b4cbc3e6599aaa6c1dce7a755fbb7c4b48d35b93114b1aa65,69cad430544b4cf0e2476864fc7fbfce938c61afa11c78436544e1a90d4d6b9d,3,2,2.975012605015313,3.0,0.298496231131986,2.0,True,False,10,0,EXTENDED_PENDING_RESOURCE_GATE,COMPLETE_BASE_INSTANCE
C,2,3,comb,16,0.25,4,0.5,986464709aa2ce3adbe0641ab6ff67074f8a4090278c5dd68107a012f99bb156,69cad430544b4cf0e2476864fc7fbfce938c61afa11c78436544e1a90d4d6b9d,3,2,2.384848003542364,3.0,1.2990381056766578,2.0,True,False,10,0,EXTENDED_PENDING_RESOURCE_GATE,COMPLETE_BASE_INSTANCE
C,2,3,comb,16,0.5,8,0.0001,d48868ff12933fd9d38ddd4635d59c25b2c05b4aded2d7c0db4c100821057458,69cad430544b4cf0e2476864fc7fbfce938c61afa11c78436544e1a90d4d6b9d,3,2,2.9999999749999997,3.0,0.0002999999985,2.0,True,False,10,0,EXTENDED_PENDING_RESOURCE_GATE,COMPLETE_BASE_INSTANCE
C,2,3,comb,16,0.5,8,0.01,c8d29e703407203530d8cb3d8f434aede5b21a7acdced425a020036fe2cb3fd7,69cad430544b4cf0e2476864fc7fbfce938c61afa11c78436544e1a90d4d6b9d,3,2,2.999750001250104,3.0,0.029998499962498124,2.0,True,False,10,0,EXTENDED_PENDING_RESOURCE_GATE,COMPLETE_BASE_INSTANCE
C,2,3,comb,16,0.5,8,0.1,5f9ff823fb28d5d4ef8088e3a4da8fd90c3d32f608fa860723c798aa9422dae3,69cad430544b4cf0e2476864fc7fbfce938c61afa11c78436544e1a90d4d6b9d,3,2,2.975012605015313,3.0,0.298496231131986,2.0,True,False,10,0,EXTENDED_PENDING_RESOURCE_GATE,COMPLETE_BASE_INSTANCE
C,2,3,comb,16,0.5,8,0.5,b5f9817a195393f27d38d81aad234718c1df48262dab440276d651a89b0428c6,69cad430544b4cf0e2476864fc7fbfce938c61afa11c78436544e1a90d4d6b9d,3,2,2.384848003542364,3.0,1.2990381056766578,2.0,True,False,10,0,EXTENDED_PENDING_RESOURCE_GATE,COMPLETE_BASE_INSTANCE
C,2,3,comb,16,0.75,12,0.0001,6e08155d4bc18619bee25a8875071ad50365474b554706d2c8fcbfd3f28380ca,69cad430544b4cf0e2476864fc7fbfce938c61afa11c78436544e1a90d4d6b9d,3,2,2.9999999749999997,3.0,0.0002999999985,2.0,True,False,10,0,EXTENDED_PENDING_RESOURCE_GATE,COMPLETE_BASE_INSTANCE
C,2,3,comb,16,0.75,12,0.01,b26a43f528f0e9a2b9ac17ddccca9aee2c271007a38df20ebbeaa884b6b3e172,69cad430544b4cf0e2476864fc7fbfce938c61afa11c78436544e1a90d4d6b9d,3,2,2.999750001250104,3.0,0.029998499962498124,2.0,True,False,10,0,EXTENDED_PENDING_RESOURCE_GATE,COMPLETE_BASE_INSTANCE
C,2,3,comb,16,0.75,12,0.1,25d86970d8d3f135b11f2b71ad1e1172986c428aed207e9c58d10660c47f151a,69cad430544b4cf0e2476864fc7fbfce938c61afa11c78436544e1a90d4d6b9d,3,2,2.975012605015313,3.0,0.298496231131986,2.0,True,False,10,0,EXTENDED_PENDING_RESOURCE_GATE,COMPLETE_BASE_INSTANCE
C,2,3,comb,16,0.75,12,0.5,1ba2778632632f6da07bd40423d5b4654011a8f20d5979bf85607d5b6464f2d5,69cad430544b4cf0e2476864fc7fbfce938c61afa11c78436544e1a90d4d6b9d,3,2,2.384848003542364,3.0,1.2990381056766578,2.0,True,False,10,0,EXTENDED_PENDING_RESOURCE_GATE,COMPLETE_BASE_INSTANCE
C,2,3,comb,32,0.125,4,0.0001,bc6daa4ccf9bf0616d851255ab59fdefd4a5ad14be25fd1719368f21a5de6ca2,69cad430544b4cf0e2476864fc7fbfce938c61afa11c78436544e1a90d4d6b9d,3,2,2.9999999749999997,3.0,0.0002999999985,2.0,True,False,10,0,EXTENDED_PENDING_RESOURCE_GATE,COMPLETE_BASE_INSTANCE
C,2,3,comb,32,0.125,4,0.01,73a82c6d3e3ea469916e0f6e9192d518b995256807132a83980cb7bba48e6515,69cad430544b4cf0e2476864fc7fbfce938c61afa11c78436544e1a90d4d6b9d,3,2,2.999750001250104,3.0,0.029998499962498124,2.0,True,False,10,0,EXTENDED_PENDING_RESOURCE_GATE,COMPLETE_BASE_INSTANCE
C,2,3,comb,32,0.125,4,0.1,db6de415b8ac30f99b6312ebd75664d52e602aefc18cff98af9b1e18c3590e07,69cad430544b4cf0e2476864fc7fbfce938c61afa11c78436544e1a90d4d6b9d,3,2,2.975012605015313,3.0,0.298496231131986,2.0,True,False,10,0,EXTENDED_PENDING_RESOURCE_GATE,COMPLETE_BASE_INSTANCE
C,2,3,comb,32,0.125,4,0.5,c0a4303777053dd5da06216552a8dede1e98cb88792b37a27f38872cc7565b79,69cad430544b4cf0e2476864fc7fbfce938c61afa11c78436544e1a90d4d6b9d,3,2,2.384848003542364,3.0,1.2990381056766578,2.0,True,False,10,0,EXTENDED_PENDING_RESOURCE_GATE,COMPLETE_BASE_INSTANCE
C,2,3,comb,32,0.25,8,0.0001,ff27d8f4ec4c13f167dad1f1a8372dd284db445ffc1820070d5e814905772e7e,69cad430544b4cf0e2476864fc7fbfce938c61afa11c78436544e1a90d4d6b9d,3,2,2.9999999749999997,3.0,0.0002999999985,2.0,True,False,10,0,EXTENDED_PENDING_RESOURCE_GATE,COMPLETE_BASE_INSTANCE
C,2,3,comb,32,0.25,8,0.01,f1d53afe120e4279ec1043da03783ece3b96a5584288b6198f702e47511db524,69cad430544b4cf0e2476864fc7fbfce938c61afa11c78436544e1a90d4d6b9d,3,2,2.999750001250104,3.0,0.029998499962498124,2.0,True,False,10,0,EXTENDED_PENDING_RESOURCE_GATE,COMPLETE_BASE_INSTANCE
C,2,3,comb,32,0.25,8,0.1,5e2ff0f02581db210c400eb0c8e505844958268deef13e898a6763ec855b5eca,69cad430544b4cf0e2476864fc7fbfce938c61afa11c78436544e1a90d4d6b9d,3,2,2.975012605015313,3.0,0.298496231131986,2.0,True,False,10,0,EXTENDED_PENDING_RESOURCE_GATE,COMPLETE_BASE_INSTANCE
C,2,3,comb,32,0.25,8,0.5,a1a8bba431be469b32ad89f2842f64202917f1fdd2a8710dfd5dfac3af852d22,69cad430544b4cf0e2476864fc7fbfce938c61afa11c78436544e1a90d4d6b9d,3,2,2.384848003542364,3.0,1.2990381056766578,2.0,True,False,10,0,EXTENDED_PENDING_RESOURCE_GATE,COMPLETE_BASE_INSTANCE
C,2,3,comb,32,0.5,16,0.0001,4b31395c07e6a66ddc8dac3c475cc4f3b2fb92a369c34c965f91acd0c21e4de6,69cad430544b4cf0e2476864fc7fbfce938c61afa11c78436544e1a90d4d6b9d,3,2,2.9999999749999997,3.0,0.0002999999985,2.0,True,False,10,0,EXTENDED_PENDING_RESOURCE_GATE,COMPLETE_BASE_INSTANCE
C,2,3,comb,32,0.5,16,0.01,49fcdb277aa9d23330fd4122238bdfebc5c0731f23d0a9df0e59840bae450c96,69cad430544b4cf0e2476864fc7fbfce938c61afa11c78436544e1a90d4d6b9d,3,2,2.999750001250104,3.0,0.029998499962498124,2.0,True,False,10,0,EXTENDED_PENDING_RESOURCE_GATE,COMPLETE_BASE_INSTANCE
C,2,3,comb,32,0.5,16,0.1,06401a30d0ef8ed7ffaf70298ba5dde322fae324e9209dd526b45fa86566c539,69cad430544b4cf0e2476864fc7fbfce938c61afa11c78436544e1a90d4d6b9d,3,2,2.975012605015313,3.0,0.298496231131986,2.0,True,False,10,0,EXTENDED_PENDING_RESOURCE_GATE,COMPLETE_BASE_INSTANCE
C,2,3,comb,32,0.5,16,0.5,8313724fab1441ce2f54fd680862e71229ff9c6dc0356f2654eafb1fd78936c1,69cad430544b4cf0e2476864fc7fbfce938c61afa11c78436544e1a90d4d6b9d,3,2,2.384848003542364,3.0,1.2990381056766578,2.0,True,False,10,0,EXTENDED_PENDING_RESOURCE_GATE,COMPLETE_BASE_INSTANCE
C,2,3,comb,32,0.75,24,0.0001,0ecb5f2f768e6f41650650978bd3ae2d175cc1d788a4185e9c52ccb7ca0f1f5e,69cad430544b4cf0e2476864fc7fbfce938c61afa11c78436544e1a90d4d6b9d,3,2,2.9999999749999997,3.0,0.0002999999985,2.0,True,False,10,0,EXTENDED_PENDING_RESOURCE_GATE,COMPLETE_BASE_INSTANCE
C,2,3,comb,32,0.75,24,0.01,5f0afc89b7fa48fde171207259c60c0d80367c91472a84ba46e0a7514d32347f,69cad430544b4cf0e2476864fc7fbfce938c61afa11c78436544e1a90d4d6b9d,3,2,2.999750001250104,3.0,0.029998499962498124,2.0,True,False,10,0,EXTENDED_PENDING_RESOURCE_GATE,COMPLETE_BASE_INSTANCE
C,2,3,comb,32,0.75,24,0.1,c1cf8e0a75aed387dfa03022c1197540f7e6ef143f5a173f29796043ead78fc5,69cad430544b4cf0e2476864fc7fbfce938c61afa11c78436544e1a90d4d6b9d,3,2,2.975012605015313,3.0,0.298496231131986,2.0,True,False,10,0,EXTENDED_PENDING_RESOURCE_GATE,COMPLETE_BASE_INSTANCE
C,2,3,comb,32,0.75,24,0.5,fc7f7ff26c9ed3b288ac28422c95f7f4812c553740b275878e6dacffa6fc23d5,69cad430544b4cf0e2476864fc7fbfce938c61afa11c78436544e1a90d4d6b9d,3,2,2.384848003542364,3.0,1.2990381056766578,2.0,True,False,10,0,EXTENDED_PENDING_RESOURCE_GATE,COMPLETE_BASE_INSTANCE
C,2,3,comb,64,0.125,8,0.0001,4710bb39fa618c5870a4713d7135d6526f43f57c9db81e914674a674c4c4aa11,69cad430544b4cf0e2476864fc7fbfce938c61afa11c78436544e1a90d4d6b9d,3,2,2.9999999749999997,3.0,0.0002999999985,2.0,True,False,10,0,EXTENDED_PENDING_RESOURCE_GATE,COMPLETE_BASE_INSTANCE
C,2,3,comb,64,0.125,8,0.01,72d964a473dc34bf40d1fe903e9d453fe39ae628b0aca74dd037475ab6e9c221,69cad430544b4cf0e2476864fc7fbfce938c61afa11c78436544e1a90d4d6b9d,3,2,2.999750001250104,3.0,0.029998499962498124,2.0,True,False,10,0,EXTENDED_PENDING_RESOURCE_GATE,COMPLETE_BASE_INSTANCE
C,2,3,comb,64,0.125,8,0.1,405c56c5280c579afc622d3f3b4d73badcd37f79b53effa7c94011d84218fb70,69cad430544b4cf0e2476864fc7fbfce938c61afa11c78436544e1a90d4d6b9d,3,2,2.975012605015313,3.0,0.298496231131986,2.0,True,False,10,0,EXTENDED_PENDING_RESOURCE_GATE,COMPLETE_BASE_INSTANCE
C,2,3,comb,64,0.125,8,0.5,3b9c6035c8e6547d00ae0cd94b62176d82661c625440f6758156a6b929fccaac,69cad430544b4cf0e2476864fc7fbfce938c61afa11c78436544e1a90d4d6b9d,3,2,2.384848003542364,3.0,1.2990381056766578,2.0,True,False,10,0,EXTENDED_PENDING_RESOURCE_GATE,COMPLETE_BASE_INSTANCE
C,2,3,comb,64,0.25,16,0.0001,e68e492ebe5030cdef396abc366b6f3bbcb36cb9687fcb950d53cd63a9e9afdc,69cad430544b4cf0e2476864fc7fbfce938c61afa11c78436544e1a90d4d6b9d,3,2,2.9999999749999997,3.0,0.0002999999985,2.0,True,False,10,0,EXTENDED_PENDING_RESOURCE_GATE,COMPLETE_BASE_INSTANCE
C,2,3,comb,64,0.25,16,0.01,34dca9814bc48f51fd288133c30ad46ec9268b4d7c54491cb47805bc1f8dbadc,69cad430544b4cf0e2476864fc7fbfce938c61afa11c78436544e1a90d4d6b9d,3,2,2.999750001250104,3.0,0.029998499962498124,2.0,True,False,10,0,EXTENDED_PENDING_RESOURCE_GATE,COMPLETE_BASE_INSTANCE
C,2,3,comb,64,0.25,16,0.1,af73c1187b952c08f15ad3cb87fb60e715c3d94bf9713f31d729959555009804,69cad430544b4cf0e2476864fc7fbfce938c61afa11c78436544e1a90d4d6b9d,3,2,2.975012605015313,3.0,0.298496231131986,2.0,True,False,10,0,EXTENDED_PENDING_RESOURCE_GATE,COMPLETE_BASE_INSTANCE
C,2,3,comb,64,0.25,16,0.5,03d2f22611c9b224e7528d69e9a1c0b9d836325c268d2ce5f0c6d02077d55be1,69cad430544b4cf0e2476864fc7fbfce938c61afa11c78436544e1a90d4d6b9d,3,2,2.384848003542364,3.0,1.2990381056766578,2.0,True,False,10,0,EXTENDED_PENDING_RESOURCE_GATE,COMPLETE_BASE_INSTANCE
C,2,3,comb,64,0.5,32,0.0001,a500ff335ed8543627bc71a23095c8f479fea8086eabf28f531aa3fc62f42b8e,69cad430544b4cf0e2476864fc7fbfce938c61afa11c78436544e1a90d4d6b9d,3,2,2.9999999749999997,3.0,0.0002999999985,2.0,True,False,10,0,EXTENDED_PENDING_RESOURCE_GATE,COMPLETE_BASE_INSTANCE
C,2,3,comb,64,0.5,32,0.01,b968cced47e88189bf331cca63629ba03750900ef907e64ba7cece9a493dac1f,69cad430544b4cf0e2476864fc7fbfce938c61afa11c78436544e1a90d4d6b9d,3,2,2.999750001250104,3.0,0.029998499962498124,2.0,True,False,10,0,EXTENDED_PENDING_RESOURCE_GATE,COMPLETE_BASE_INSTANCE
C,2,3,comb,64,0.5,32,0.1,bc4c1f73da66fec8b1b54967e68d331b86cd122fffed6d5bccc4bf8cb4161121,69cad430544b4cf0e2476864fc7fbfce938c61afa11c78436544e1a90d4d6b9d,3,2,2.975012605015313,3.0,0.298496231131986,2.0,True,False,10,0,EXTENDED_PENDING_RESOURCE_GATE,COMPLETE_BASE_INSTANCE
C,2,3,comb,64,0.5,32,0.5,c0c3652bdca28cc71f512eeee3ae60a244a8c330c43d875fac639e2168830e5e,69cad430544b4cf0e2476864fc7fbfce938c61afa11c78436544e1a90d4d6b9d,3,2,2.384848003542364,3.0,1.2990381056766578,2.0,True,False,10,0,EXTENDED_PENDING_RESOURCE_GATE,COMPLETE_BASE_INSTANCE
C,2,3,comb,64,0.75,48,0.0001,e62d6b6608320b37281d52c165a02025faf524b46741b3c43bd0d0991a8ebe3a,69cad430544b4cf0e2476864fc7fbfce938c61afa11c78436544e1a90d4d6b9d,3,2,2.9999999749999997,3.0,0.0002999999985,2.0,True,False,10,0,EXTENDED_PENDING_RESOURCE_GATE,COMPLETE_BASE_INSTANCE
C,2,3,comb,64,0.75,48,0.01,6d6b6cac4339413db38abe91c5f3f3a3f0bbfe24ed9e71e394372eb9707c2bea,69cad430544b4cf0e2476864fc7fbfce938c61afa11c78436544e1a90d4d6b9d,3,2,2.999750001250104,3.0,0.029998499962498124,2.0,True,False,10,0,EXTENDED_PENDING_RESOURCE_GATE,COMPLETE_BASE_INSTANCE
C,2,3,comb,64,0.75,48,0.1,efc9b9d299fa73d5df5a51373c9bc3bcd108f29eb114ce7bcf3b0f51a8f35539,69cad430544b4cf0e2476864fc7fbfce938c61afa11c78436544e1a90d4d6b9d,3,2,2.975012605015313,3.0,0.298496231131986,2.0,True,False,10,0,EXTENDED_PENDING_RESOURCE_GATE,COMPLETE_BASE_INSTANCE
C,2,3,comb,64,0.75,48,0.5,638a53d089a33471ed77b63da909d54c2c7808ed97ee3de2d5bd873c6293c638,69cad430544b4cf0e2476864fc7fbfce938c61afa11c78436544e1a90d4d6b9d,3,2,2.384848003542364,3.0,1.2990381056766578,2.0,True,False,10,0,EXTENDED_PENDING_RESOURCE_GATE,COMPLETE_BASE_INSTANCE
C,2,3,balanced,2,0.125,1,0.0001,1b6b22bdd019e297379cac7d99bc13d6564ca60bd803584b884639651511c629,d7807b4a72d9e0c62255a28ab21f58c47c3499e1f3decc889df726c28d64c8c1,2,3,1.9999999824999999,3.0,9.99999995e-05,2.0,True,False,10,0,EXTENDED_PENDING_RESOURCE_GATE,COMPLETE_BASE_INSTANCE
C,2,3,balanced,2,0.125,1,0.01,c114301628b34e3c7a47b11b4453ee65d672bf5d6f118a12a2f96a56572c5365,d7807b4a72d9e0c62255a28ab21f58c47c3499e1f3decc889df726c28d64c8c1,2,3,1.9998249998437363,3.0,0.009999499987499374,2.0,True,False,10,0,EXTENDED_PENDING_RESOURCE_GATE,COMPLETE_BASE_INSTANCE
C,2,3,balanced,2,0.125,1,0.1,372d56c6eb2f929cda10747ee0f8c24d0e5134b55eb624b8f88b34afe805d5c6,d7807b4a72d9e0c62255a28ab21f58c47c3499e1f3decc889df726c28d64c8c1,2,3,1.9824984237068133,3.0,0.09949874371066199,2.0,True,False,10,0,EXTENDED_PENDING_RESOURCE_GATE,COMPLETE_BASE_INSTANCE
C,2,3,balanced,2,0.125,1,0.5,f9957178411e9d42768db3f2f000ab53524f09145092a033212bc3279e43427e,d7807b4a72d9e0c62255a28ab21f58c47c3499e1f3decc889df726c28d64c8c1,2,3,1.5612494995995994,3.0,0.4330127018922193,2.0,True,False,10,0,EXTENDED_PENDING_RESOURCE_GATE,COMPLETE_BASE_INSTANCE
C,2,3,balanced,2,0.25,1,0.0001,3263648549143e2064c9f7e4b96e147de38584a905bbd38f0db9b6441454b18e,d7807b4a72d9e0c62255a28ab21f58c47c3499e1f3decc889df726c28d64c8c1,2,3,1.9999999824999999,3.0,9.99999995e-05,2.0,True,False,10,0,EXTENDED_PENDING_RESOURCE_GATE,COMPLETE_BASE_INSTANCE
C,2,3,balanced,2,0.25,1,0.01,ba18301c3ae0030bc51667efb52f8335b5b0c2885d54e604205bcea3d189e3d7,d7807b4a72d9e0c62255a28ab21f58c47c3499e1f3decc889df726c28d64c8c1,2,3,1.9998249998437363,3.0,0.009999499987499374,2.0,True,False,10,0,EXTENDED_PENDING_RESOURCE_GATE,COMPLETE_BASE_INSTANCE
C,2,3,balanced,2,0.25,1,0.1,f65b652a392c1624bf06a9338789e8f2aaaa062758f6554d768a3639858f5e9e,d7807b4a72d9e0c62255a28ab21f58c47c3499e1f3decc889df726c28d64c8c1,2,3,1.9824984237068133,3.0,0.09949874371066199,2.0,True,False,10,0,EXTENDED_PENDING_RESOURCE_GATE,COMPLETE_BASE_INSTANCE
C,2,3,balanced,2,0.25,1,0.5,d75eaf9dc2621d347fd531312c000c658d4b61a2c0dbc3c905b299fa2c799b64,d7807b4a72d9e0c62255a28ab21f58c47c3499e1f3decc889df726c28d64c8c1,2,3,1.5612494995995994,3.0,0.4330127018922193,2.0,True,False,10,0,EXTENDED_PENDING_RESOURCE_GATE,COMPLETE_BASE_INSTANCE
C,2,3,balanced,2,0.5,1,0.0001,fe309cc3451a5c41890b52e75f1a225a6944766e5ef5ad61c88f6f0c307843fd,d7807b4a72d9e0c62255a28ab21f58c47c3499e1f3decc889df726c28d64c8c1,2,3,1.9999999824999999,3.0,9.99999995e-05,2.0,True,False,10,0,EXTENDED_PENDING_RESOURCE_GATE,COMPLETE_BASE_INSTANCE
C,2,3,balanced,2,0.5,1,0.01,b3383cb19b4c6746985a30be3f44a88b51582059591cbd6e1329a856d2f92408,d7807b4a72d9e0c62255a28ab21f58c47c3499e1f3decc889df726c28d64c8c1,2,3,1.9998249998437363,3.0,0.009999499987499374,2.0,True,False,10,0,EXTENDED_PENDING_RESOURCE_GATE,COMPLETE_BASE_INSTANCE
C,2,3,balanced,2,0.5,1,0.1,66d051bb4eae7ac8a728b7fafd3ef868cc2f5f93790a85f2ec6bc8e8e4fa9315,d7807b4a72d9e0c62255a28ab21f58c47c3499e1f3decc889df726c28d64c8c1,2,3,1.9824984237068133,3.0,0.09949874371066199,2.0,True,False,10,0,EXTENDED_PENDING_RESOURCE_GATE,COMPLETE_BASE_INSTANCE
C,2,3,balanced,2,0.5,1,0.5,45912278e93edf422c4f0b39f1b41cee03b50bbfade44a979a6195be1c8745df,d7807b4a72d9e0c62255a28ab21f58c47c3499e1f3decc889df726c28d64c8c1,2,3,1.5612494995995994,3.0,0.4330127018922193,2.0,True,False,10,0,EXTENDED_PENDING_RESOURCE_GATE,COMPLETE_BASE_INSTANCE
C,2,3,balanced,2,0.75,1,0.0001,9ec7fcfe8597832ae543b8bfb697a61612d961b2f147a2e9c2cbadeab20dbfa0,d7807b4a72d9e0c62255a28ab21f58c47c3499e1f3decc889df726c28d64c8c1,2,3,1.9999999824999999,3.0,9.99999995e-05,2.0,True,False,10,0,EXTENDED_PENDING_RESOURCE_GATE,COMPLETE_BASE_INSTANCE
C,2,3,balanced,2,0.75,1,0.01,bd53ebdc69aadc44cfdab5f0514bb36758ed16d5d6e4af699e3e385f085839f5,d7807b4a72d9e0c62255a28ab21f58c47c3499e1f3decc889df726c28d64c8c1,2,3,1.9998249998437363,3.0,0.009999499987499374,2.0,True,False,10,0,EXTENDED_PENDING_RESOURCE_GATE,COMPLETE_BASE_INSTANCE
C,2,3,balanced,2,0.75,1,0.1,564f8e893b6c4177cd5b3a6f61f4082453511aa4c90ea0b06415826a5319a728,d7807b4a72d9e0c62255a28ab21f58c47c3499e1f3decc889df726c28d64c8c1,2,3,1.9824984237068133,3.0,0.09949874371066199,2.0,True,False,10,0,EXTENDED_PENDING_RESOURCE_GATE,COMPLETE_BASE_INSTANCE
C,2,3,balanced,2,0.75,1,0.5,40293f30416c9432320b7384de5a10728ee45a474eb8910001c0f648437256c7,d7807b4a72d9e0c62255a28ab21f58c47c3499e1f3decc889df726c28d64c8c1,2,3,1.5612494995995994,3.0,0.4330127018922193,2.0,True,False,10,0,EXTENDED_PENDING_RESOURCE_GATE,COMPLETE_BASE_INSTANCE
C,2,3,balanced,4,0.125,1,0.0001,774279b83b2ec257879a352d451439c8b6e986a11f854e6e1f776fcaaa7f840e,d7807b4a72d9e0c62255a28ab21f58c47c3499e1f3decc889df726c28d64c8c1,2,3,1.9999999824999999,3.0,9.99999995e-05,2.0,True,False,10,0,EXTENDED_PENDING_RESOURCE_GATE,COMPLETE_BASE_INSTANCE
C,2,3,balanced,4,0.125,1,0.01,d06ba8340e90c1abeb73dadce8b801d2c15d72c80549ad1770622859e32209f8,d7807b4a72d9e0c62255a28ab21f58c47c3499e1f3decc889df726c28d64c8c1,2,3,1.9998249998437363,3.0,0.009999499987499374,2.0,True,False,10,0,EXTENDED_PENDING_RESOURCE_GATE,COMPLETE_BASE_INSTANCE
C,2,3,balanced,4,0.125,1,0.1,ea480555baf026fa49c176720e0f4aa4e8545a20b5d84d91cfce29598b355aa5,d7807b4a72d9e0c62255a28ab21f58c47c3499e1f3decc889df726c28d64c8c1,2,3,1.9824984237068133,3.0,0.09949874371066199,2.0,True,False,10,0,EXTENDED_PENDING_RESOURCE_GATE,COMPLETE_BASE_INSTANCE
C,2,3,balanced,4,0.125,1,0.5,0b92bd89f287c7bee512285090162c6bcc9f884a6585bace40c0f3bafcf54269,d7807b4a72d9e0c62255a28ab21f58c47c3499e1f3decc889df726c28d64c8c1,2,3,1.5612494995995994,3.0,0.4330127018922193,2.0,True,False,10,0,EXTENDED_PENDING_RESOURCE_GATE,COMPLETE_BASE_INSTANCE
C,2,3,balanced,4,0.25,1,0.0001,2b1702c9de8ae4bf6abe2822cc6fd3c4f55c1ab3772307051e33d417c32d4668,d7807b4a72d9e0c62255a28ab21f58c47c3499e1f3decc889df726c28d64c8c1,2,3,1.9999999824999999,3.0,9.99999995e-05,2.0,True,False,10,0,EXTENDED_PENDING_RESOURCE_GATE,COMPLETE_BASE_INSTANCE
C,2,3,balanced,4,0.25,1,0.01,3072c071e10a33f109ab431249f0125e76c12aef8766c45ecd17cb2de033f06e,d7807b4a72d9e0c62255a28ab21f58c47c3499e1f3decc889df726c28d64c8c1,2,3,1.9998249998437363,3.0,0.009999499987499374,2.0,True,False,10,0,EXTENDED_PENDING_RESOURCE_GATE,COMPLETE_BASE_INSTANCE
C,2,3,balanced,4,0.25,1,0.1,782c3cb8334b72213ee749127eef73efa5e85d3e5326028c9972a6306f7f69db,d7807b4a72d9e0c62255a28ab21f58c47c3499e1f3decc889df726c28d64c8c1,2,3,1.9824984237068133,3.0,0.09949874371066199,2.0,True,False,10,0,EXTENDED_PENDING_RESOURCE_GATE,COMPLETE_BASE_INSTANCE
C,2,3,balanced,4,0.25,1,0.5,bbf82496a981118235bcedb8ec2426be3a9dd1d27113c31dd76c97be77e0a8ce,d7807b4a72d9e0c62255a28ab21f58c47c3499e1f3decc889df726c28d64c8c1,2,3,1.5612494995995994,3.0,0.4330127018922193,2.0,True,False,10,0,EXTENDED_PENDING_RESOURCE_GATE,COMPLETE_BASE_INSTANCE
C,2,3,balanced,4,0.5,2,0.0001,daf1671daa3daa641428ecb6e3666d69c8743305b41d01a70c5d4aa144afb28f,d7807b4a72d9e0c62255a28ab21f58c47c3499e1f3decc889df726c28d64c8c1,2,3,1.9999999824999999,3.0,9.99999995e-05,2.0,True,False,10,0,EXTENDED_PENDING_RESOURCE_GATE,COMPLETE_BASE_INSTANCE
C,2,3,balanced,4,0.5,2,0.01,f88045c5ab9ad920cf6e2c13ef1091e815d24abfb86b59f753f60a839811e389,d7807b4a72d9e0c62255a28ab21f58c47c3499e1f3decc889df726c28d64c8c1,2,3,1.9998249998437363,3.0,0.009999499987499374,2.0,True,False,10,0,EXTENDED_PENDING_RESOURCE_GATE,COMPLETE_BASE_INSTANCE
C,2,3,balanced,4,0.5,2,0.1,8382c479d2d87e493ab86b85ee597741099e897aad9b1a6a5770c182399988b9,d7807b4a72d9e0c62255a28ab21f58c47c3499e1f3decc889df726c28d64c8c1,2,3,1.9824984237068133,3.0,0.09949874371066199,2.0,True,False,10,0,EXTENDED_PENDING_RESOURCE_GATE,COMPLETE_BASE_INSTANCE
C,2,3,balanced,4,0.5,2,0.5,fe7133ef4f26966db2bce99e98c10ee9e9ee9ef5ac0e0f37470b7982504222d2,d7807b4a72d9e0c62255a28ab21f58c47c3499e1f3decc889df726c28d64c8c1,2,3,1.5612494995995994,3.0,0.4330127018922193,2.0,True,False,10,0,EXTENDED_PENDING_RESOURCE_GATE,COMPLETE_BASE_INSTANCE
C,2,3,balanced,4,0.75,3,0.0001,cd5b49c369a43b585473076bb39f4a666c326c3f2d38779ef26abd074789108a,d7807b4a72d9e0c62255a28ab21f58c47c3499e1f3decc889df726c28d64c8c1,2,3,1.9999999824999999,3.0,9.99999995e-05,2.0,True,False,10,0,EXTENDED_PENDING_RESOURCE_GATE,COMPLETE_BASE_INSTANCE
C,2,3,balanced,4,0.75,3,0.01,d64ebd7e77ab3d484709dc8b2af51c7894e2f0153c987ab33472098a20d6b459,d7807b4a72d9e0c62255a28ab21f58c47c3499e1f3decc889df726c28d64c8c1,2,3,1.9998249998437363,3.0,0.009999499987499374,2.0,True,False,10,0,EXTENDED_PENDING_RESOURCE_GATE,COMPLETE_BASE_INSTANCE
C,2,3,balanced,4,0.75,3,0.1,3dac4c390be8e7afa874bcc6622a4715c55cc3a93ee09d18678fd1062004e0e5,d7807b4a72d9e0c62255a28ab21f58c47c3499e1f3decc889df726c28d64c8c1,2,3,1.9824984237068133,3.0,0.09949874371066199,2.0,True,False,10,0,EXTENDED_PENDING_RESOURCE_GATE,COMPLETE_BASE_INSTANCE
C,2,3,balanced,4,0.75,3,0.5,54bcab171c4abb3b3fc27c02af593ddc4aad08c7897041afd5f90e5e23e51f16,d7807b4a72d9e0c62255a28ab21f58c47c3499e1f3decc889df726c28d64c8c1,2,3,1.5612494995995994,3.0,0.4330127018922193,2.0,True,False,10,0,EXTENDED_PENDING_RESOURCE_GATE,COMPLETE_BASE_INSTANCE
C,2,3,balanced,8,0.125,1,0.0001,859d9cd09fcd7a50e91faabdc18bad7108c1bf3ac87b13fc7a3161ae9243e290,d7807b4a72d9e0c62255a28ab21f58c47c3499e1f3decc889df726c28d64c8c1,2,3,1.9999999824999999,3.0,9.99999995e-05,2.0,True,False,10,0,EXTENDED_PENDING_RESOURCE_GATE,COMPLETE_BASE_INSTANCE
C,2,3,balanced,8,0.125,1,0.01,9d456770b1ef4c439d08299b261ec70a0cd812560a9fd2df9967f50e4df5b531,d7807b4a72d9e0c62255a28ab21f58c47c3499e1f3decc889df726c28d64c8c1,2,3,1.9998249998437363,3.0,0.009999499987499374,2.0,True,False,10,0,EXTENDED_PENDING_RESOURCE_GATE,COMPLETE_BASE_INSTANCE
C,2,3,balanced,8,0.125,1,0.1,346545ba902dcfd9ed75170b045de196de41642bd3e7b1d7290087d58ce11d9f,d7807b4a72d9e0c62255a28ab21f58c47c3499e1f3decc889df726c28d64c8c1,2,3,1.9824984237068133,3.0,0.09949874371066199,2.0,True,False,10,0,EXTENDED_PENDING_RESOURCE_GATE,COMPLETE_BASE_INSTANCE
C,2,3,balanced,8,0.125,1,0.5,80bd9482451909ef878920eccaa580060d025843168e73e8bcafd7259ddc76e4,d7807b4a72d9e0c62255a28ab21f58c47c3499e1f3decc889df726c28d64c8c1,2,3,1.5612494995995994,3.0,0.4330127018922193,2.0,True,False,10,0,EXTENDED_PENDING_RESOURCE_GATE,COMPLETE_BASE_INSTANCE
C,2,3,balanced,8,0.25,2,0.0001,552f92aa44160ed3e359e300189408bb8b0f9ad52819f3d8534238bcab9b80b4,d7807b4a72d9e0c62255a28ab21f58c47c3499e1f3decc889df726c28d64c8c1,2,3,1.9999999824999999,3.0,9.99999995e-05,2.0,True,False,10,0,EXTENDED_PENDING_RESOURCE_GATE,COMPLETE_BASE_INSTANCE
C,2,3,balanced,8,0.25,2,0.01,e70cb5ae83451321193e05f47679aa164c350482b9b7d8ccb98db24f8a97f95c,d7807b4a72d9e0c62255a28ab21f58c47c3499e1f3decc889df726c28d64c8c1,2,3,1.9998249998437363,3.0,0.009999499987499374,2.0,True,False,10,0,EXTENDED_PENDING_RESOURCE_GATE,COMPLETE_BASE_INSTANCE
C,2,3,balanced,8,0.25,2,0.1,77909de45575139fa67a46d973f2b19c6b3c370153f62739aaa970bdba32ab40,d7807b4a72d9e0c62255a28ab21f58c47c3499e1f3decc889df726c28d64c8c1,2,3,1.9824984237068133,3.0,0.09949874371066199,2.0,True,False,10,0,EXTENDED_PENDING_RESOURCE_GATE,COMPLETE_BASE_INSTANCE
C,2,3,balanced,8,0.25,2,0.5,2f54a9cf6d17f8a4c33a14701eb9839222f56b355a44706b7cc5dbdb6809c9fb,d7807b4a72d9e0c62255a28ab21f58c47c3499e1f3decc889df726c28d64c8c1,2,3,1.5612494995995994,3.0,0.4330127018922193,2.0,True,False,10,0,EXTENDED_PENDING_RESOURCE_GATE,COMPLETE_BASE_INSTANCE
C,2,3,balanced,8,0.5,4,0.0001,a946aafe6bd0de684ec0a7d7259ca9e646f23fc79bb78b26503206ed60fe1808,d7807b4a72d9e0c62255a28ab21f58c47c3499e1f3decc889df726c28d64c8c1,2,3,1.9999999824999999,3.0,9.99999995e-05,2.0,True,False,10,0,EXTENDED_PENDING_RESOURCE_GATE,COMPLETE_BASE_INSTANCE
C,2,3,balanced,8,0.5,4,0.01,9080430fc8f57b5992142585f36ab405e82db5e72768e472a82ab0ec17d1bda8,d7807b4a72d9e0c62255a28ab21f58c47c3499e1f3decc889df726c28d64c8c1,2,3,1.9998249998437363,3.0,0.009999499987499374,2.0,True,False,10,0,EXTENDED_PENDING_RESOURCE_GATE,COMPLETE_BASE_INSTANCE
C,2,3,balanced,8,0.5,4,0.1,bb32f2f9c30907b9ca5fb2d7ef8aa44106cc3ce33dfc9fddb07daf6ace9d7b9f,d7807b4a72d9e0c62255a28ab21f58c47c3499e1f3decc889df726c28d64c8c1,2,3,1.9824984237068133,3.0,0.09949874371066199,2.0,True,False,10,0,EXTENDED_PENDING_RESOURCE_GATE,COMPLETE_BASE_INSTANCE
C,2,3,balanced,8,0.5,4,0.5,74fae6090ba13f2913037b6df526b9954a95bd44f60e074d69b1915129b80e31,d7807b4a72d9e0c62255a28ab21f58c47c3499e1f3decc889df726c28d64c8c1,2,3,1.5612494995995994,3.0,0.4330127018922193,2.0,True,False,10,0,EXTENDED_PENDING_RESOURCE_GATE,COMPLETE_BASE_INSTANCE
C,2,3,balanced,8,0.75,6,0.0001,5d9611a4641e49a5587eaf054193e0ce426f468d384da149730dbb7ba7301b67,d7807b4a72d9e0c62255a28ab21f58c47c3499e1f3decc889df726c28d64c8c1,2,3,1.9999999824999999,3.0,9.99999995e-05,2.0,True,False,10,0,EXTENDED_PENDING_RESOURCE_GATE,COMPLETE_BASE_INSTANCE
C,2,3,balanced,8,0.75,6,0.01,20524c4f733957022b0916e627c62d1fc34c82c3ba87221aad2dbec56e16bdaa,d7807b4a72d9e0c62255a28ab21f58c47c3499e1f3decc889df726c28d64c8c1,2,3,1.9998249998437363,3.0,0.009999499987499374,2.0,True,False,10,0,EXTENDED_PENDING_RESOURCE_GATE,COMPLETE_BASE_INSTANCE
C,2,3,balanced,8,0.75,6,0.1,c01374b2c261d9fe95edad72a36ccd84223c79976f55c45910fef47757c1e466,d7807b4a72d9e0c62255a28ab21f58c47c3499e1f3decc889df726c28d64c8c1,2,3,1.9824984237068133,3.0,0.09949874371066199,2.0,True,False,10,0,EXTENDED_PENDING_RESOURCE_GATE,COMPLETE_BASE_INSTANCE
C,2,3,balanced,8,0.75,6,0.5,08e102fe03cf35d39cc0da48f8125fd0dfe389b348e87eb8af794d7c8735d6c0,d7807b4a72d9e0c62255a28ab21f58c47c3499e1f3decc889df726c28d64c8c1,2,3,1.5612494995995994,3.0,0.4330127018922193,2.0,True,False,10,0,EXTENDED_PENDING_RESOURCE_GATE,COMPLETE_BASE_INSTANCE
C,2,3,balanced,16,0.125,2,0.0001,865c9d82ec8f9d57aec060e12b3a72b6de3faee8593392e0c97ae7cfeea6b66a,d7807b4a72d9e0c62255a28ab21f58c47c3499e1f3decc889df726c28d64c8c1,2,3,1.9999999824999999,3.0,9.99999995e-05,2.0,True,False,10,0,EXTENDED_PENDING_RESOURCE_GATE,COMPLETE_BASE_INSTANCE
C,2,3,balanced,16,0.125,2,0.01,44ac82dc5bea2450332d4bdd86db9fcb5b3f722fbd0a7f6933f24f5888b81720,d7807b4a72d9e0c62255a28ab21f58c47c3499e1f3decc889df726c28d64c8c1,2,3,1.9998249998437363,3.0,0.009999499987499374,2.0,True,False,10,0,EXTENDED_PENDING_RESOURCE_GATE,COMPLETE_BASE_INSTANCE
C,2,3,balanced,16,0.125,2,0.1,87715a9ea3af8c9d68edc36c624c311a75a37debbf9a821b31a7ae57cfb12309,d7807b4a72d9e0c62255a28ab21f58c47c3499e1f3decc889df726c28d64c8c1,2,3,1.9824984237068133,3.0,0.09949874371066199,2.0,True,False,10,0,EXTENDED_PENDING_RESOURCE_GATE,COMPLETE_BASE_INSTANCE
C,2,3,balanced,16,0.125,2,0.5,5d10f35d7bc356e0f7f46fe581377751c5c83d3ec2f698b93ee8d0386a3d5145,d7807b4a72d9e0c62255a28ab21f58c47c3499e1f3decc889df726c28d64c8c1,2,3,1.5612494995995994,3.0,0.4330127018922193,2.0,True,False,10,0,EXTENDED_PENDING_RESOURCE_GATE,COMPLETE_BASE_INSTANCE
C,2,3,balanced,16,0.25,4,0.0001,8af1a43bf6755fabfbfa3783a139da0dfc8a349fea3e50a7e15d7344847906f3,d7807b4a72d9e0c62255a28ab21f58c47c3499e1f3decc889df726c28d64c8c1,2,3,1.9999999824999999,3.0,9.99999995e-05,2.0,True,False,10,0,EXTENDED_PENDING_RESOURCE_GATE,COMPLETE_BASE_INSTANCE
C,2,3,balanced,16,0.25,4,0.01,9734a09b68ccc4d4ba2cf5c7dda3eb7c14a8445fdbefab1f13dbabd863f45eaf,d7807b4a72d9e0c62255a28ab21f58c47c3499e1f3decc889df726c28d64c8c1,2,3,1.9998249998437363,3.0,0.009999499987499374,2.0,True,False,10,0,EXTENDED_PENDING_RESOURCE_GATE,COMPLETE_BASE_INSTANCE
C,2,3,balanced,16,0.25,4,0.1,ba760cdeac516c998c2b0de58827b9a92314a3fe8f18e4adbc1f5fdbd57feb8d,d7807b4a72d9e0c62255a28ab21f58c47c3499e1f3decc889df726c28d64c8c1,2,3,1.9824984237068133,3.0,0.09949874371066199,2.0,True,False,10,0,EXTENDED_PENDING_RESOURCE_GATE,COMPLETE_BASE_INSTANCE
C,2,3,balanced,16,0.25,4,0.5,86d1b787e2c926e99a8186fd61d34d9a780eeb914d4fad87bdd937233b4974df,d7807b4a72d9e0c62255a28ab21f58c47c3499e1f3decc889df726c28d64c8c1,2,3,1.5612494995995994,3.0,0.4330127018922193,2.0,True,False,10,0,EXTENDED_PENDING_RESOURCE_GATE,COMPLETE_BASE_INSTANCE
C,2,3,balanced,16,0.5,8,0.0001,6a9f61f39ffb69f12ec45fcfa11ac4999ca323e77ec1c01854beebc8275c266a,d7807b4a72d9e0c62255a28ab21f58c47c3499e1f3decc889df726c28d64c8c1,2,3,1.9999999824999999,3.0,9.99999995e-05,2.0,True,False,10,0,EXTENDED_PENDING_RESOURCE_GATE,COMPLETE_BASE_INSTANCE
C,2,3,balanced,16,0.5,8,0.01,3f3dde94b6e21b25b3713c587585a9fdc3a59c640d248fe6dafb1bead842ed26,d7807b4a72d9e0c62255a28ab21f58c47c3499e1f3decc889df726c28d64c8c1,2,3,1.9998249998437363,3.0,0.009999499987499374,2.0,True,False,10,0,EXTENDED_PENDING_RESOURCE_GATE,COMPLETE_BASE_INSTANCE
C,2,3,balanced,16,0.5,8,0.1,bf9ce0f2f762c2d7c1e0cdddb735ac2bdb0b531f7f46b98a23f21493ef2cf6f8,d7807b4a72d9e0c62255a28ab21f58c47c3499e1f3decc889df726c28d64c8c1,2,3,1.9824984237068133,3.0,0.09949874371066199,2.0,True,False,10,0,EXTENDED_PENDING_RESOURCE_GATE,COMPLETE_BASE_INSTANCE
C,2,3,balanced,16,0.5,8,0.5,aba7d73542f4fc62f8e5853f59e88404d8df9b075bb865827d77e330e92fb5ca,d7807b4a72d9e0c62255a28ab21f58c47c3499e1f3decc889df726c28d64c8c1,2,3,1.5612494995995994,3.0,0.4330127018922193,2.0,True,False,10,0,EXTENDED_PENDING_RESOURCE_GATE,COMPLETE_BASE_INSTANCE
C,2,3,balanced,16,0.75,12,0.0001,d3f7364dbbcf07361800e5b8955ec06ba699226d6c32012a6e61926d4a1d49ed,d7807b4a72d9e0c62255a28ab21f58c47c3499e1f3decc889df726c28d64c8c1,2,3,1.9999999824999999,3.0,9.99999995e-05,2.0,True,False,10,0,EXTENDED_PENDING_RESOURCE_GATE,COMPLETE_BASE_INSTANCE
C,2,3,balanced,16,0.75,12,0.01,854ceaec12f09c7ef8772c8295c84f23feab9b85cf50a6196ccd5978600ae109,d7807b4a72d9e0c62255a28ab21f58c47c3499e1f3decc889df726c28d64c8c1,2,3,1.9998249998437363,3.0,0.009999499987499374,2.0,True,False,10,0,EXTENDED_PENDING_RESOURCE_GATE,COMPLETE_BASE_INSTANCE
C,2,3,balanced,16,0.75,12,0.1,9cf1d160bfa86cfb705e4d39794dad130ff6641d4b31ba523012f9f5a361e3db,d7807b4a72d9e0c62255a28ab21f58c47c3499e1f3decc889df726c28d64c8c1,2,3,1.9824984237068133,3.0,0.09949874371066199,2.0,True,False,10,0,EXTENDED_PENDING_RESOURCE_GATE,COMPLETE_BASE_INSTANCE
C,2,3,balanced,16,0.75,12,0.5,597a787e514ca240ee12b78c58c4939c3b6662c2af0a38e104b2331cc1c0bfe7,d7807b4a72d9e0c62255a28ab21f58c47c3499e1f3decc889df726c28d64c8c1,2,3,1.5612494995995994,3.0,0.4330127018922193,2.0,True,False,10,0,EXTENDED_PENDING_RESOURCE_GATE,COMPLETE_BASE_INSTANCE
C,2,3,balanced,32,0.125,4,0.0001,8a5b2dc1340d57ef5be70ba961e3272f1db0f74038e01b075429d56cd2400861,d7807b4a72d9e0c62255a28ab21f58c47c3499e1f3decc889df726c28d64c8c1,2,3,1.9999999824999999,3.0,9.99999995e-05,2.0,True,False,10,0,EXTENDED_PENDING_RESOURCE_GATE,COMPLETE_BASE_INSTANCE
C,2,3,balanced,32,0.125,4,0.01,9ec413de91732f423073af66fb2fd543f8adfe8bcafecb3cdba209177e405460,d7807b4a72d9e0c62255a28ab21f58c47c3499e1f3decc889df726c28d64c8c1,2,3,1.9998249998437363,3.0,0.009999499987499374,2.0,True,False,10,0,EXTENDED_PENDING_RESOURCE_GATE,COMPLETE_BASE_INSTANCE
C,2,3,balanced,32,0.125,4,0.1,aca6ecb6f090700b03f9366543fda4b7288a5af8b478e943c7b000cc73f389c8,d7807b4a72d9e0c62255a28ab21f58c47c3499e1f3decc889df726c28d64c8c1,2,3,1.9824984237068133,3.0,0.09949874371066199,2.0,True,False,10,0,EXTENDED_PENDING_RESOURCE_GATE,COMPLETE_BASE_INSTANCE
C,2,3,balanced,32,0.125,4,0.5,a57fa98c5465b4cb1ac03f64ad0da87d501c7f1d8b9b291635a709651efa9aef,d7807b4a72d9e0c62255a28ab21f58c47c3499e1f3decc889df726c28d64c8c1,2,3,1.5612494995995994,3.0,0.4330127018922193,2.0,True,False,10,0,EXTENDED_PENDING_RESOURCE_GATE,COMPLETE_BASE_INSTANCE
C,2,3,balanced,32,0.25,8,0.0001,781865d9f2e013fe1d97f5465e0221bd1916611d59179278f7394bfbc2358db2,d7807b4a72d9e0c62255a28ab21f58c47c3499e1f3decc889df726c28d64c8c1,2,3,1.9999999824999999,3.0,9.99999995e-05,2.0,True,False,10,0,EXTENDED_PENDING_RESOURCE_GATE,COMPLETE_BASE_INSTANCE
C,2,3,balanced,32,0.25,8,0.01,a0049934057130bab52c426bb999126e077b6b367dea87551c7878b10503f4da,d7807b4a72d9e0c62255a28ab21f58c47c3499e1f3decc889df726c28d64c8c1,2,3,1.9998249998437363,3.0,0.009999499987499374,2.0,True,False,10,0,EXTENDED_PENDING_RESOURCE_GATE,COMPLETE_BASE_INSTANCE
C,2,3,balanced,32,0.25,8,0.1,7c0cd051017becc2f51d3bb79b414d185fcbf6af4bf0ed4d5908b15983ad838d,d7807b4a72d9e0c62255a28ab21f58c47c3499e1f3decc889df726c28d64c8c1,2,3,1.9824984237068133,3.0,0.09949874371066199,2.0,True,False,10,0,EXTENDED_PENDING_RESOURCE_GATE,COMPLETE_BASE_INSTANCE
C,2,3,balanced,32,0.25,8,0.5,b14f278629999ca7b0bf48144a1e30389d3902c7a81eec00f64fcea7970fd69c,d7807b4a72d9e0c62255a28ab21f58c47c3499e1f3decc889df726c28d64c8c1,2,3,1.5612494995995994,3.0,0.4330127018922193,2.0,True,False,10,0,EXTENDED_PENDING_RESOURCE_GATE,COMPLETE_BASE_INSTANCE
C,2,3,balanced,32,0.5,16,0.0001,f6250cd17b512198f7afcfa0ec59f009e6e19ebaa3b98ca6290dc428730110e3,d7807b4a72d9e0c62255a28ab21f58c47c3499e1f3decc889df726c28d64c8c1,2,3,1.9999999824999999,3.0,9.99999995e-05,2.0,True,False,10,0,EXTENDED_PENDING_RESOURCE_GATE,COMPLETE_BASE_INSTANCE
C,2,3,balanced,32,0.5,16,0.01,f1e36219bba5ee5bf543886c088f472e63bd9826633309dd2fc2e68781e8e85b,d7807b4a72d9e0c62255a28ab21f58c47c3499e1f3decc889df726c28d64c8c1,2,3,1.9998249998437363,3.0,0.009999499987499374,2.0,True,False,10,0,EXTENDED_PENDING_RESOURCE_GATE,COMPLETE_BASE_INSTANCE
C,2,3,balanced,32,0.5,16,0.1,b057bee119ca08c1eaefa3c6e575f2cfd306cd6136e1baa285e7e14bf45e9f86,d7807b4a72d9e0c62255a28ab21f58c47c3499e1f3decc889df726c28d64c8c1,2,3,1.9824984237068133,3.0,0.09949874371066199,2.0,True,False,10,0,EXTENDED_PENDING_RESOURCE_GATE,COMPLETE_BASE_INSTANCE
C,2,3,balanced,32,0.5,16,0.5,760c90cf94324071460c86f8543ccac3009f86061233cf631ea62f9c59e97ea6,d7807b4a72d9e0c62255a28ab21f58c47c3499e1f3decc889df726c28d64c8c1,2,3,1.5612494995995994,3.0,0.4330127018922193,2.0,True,False,10,0,EXTENDED_PENDING_RESOURCE_GATE,COMPLETE_BASE_INSTANCE
C,2,3,balanced,32,0.75,24,0.0001,59d03479c8bcfe553853e796679800744ab63808c60773a70f97de109d3f6ac0,d7807b4a72d9e0c62255a28ab21f58c47c3499e1f3decc889df726c28d64c8c1,2,3,1.9999999824999999,3.0,9.99999995e-05,2.0,True,False,10,0,EXTENDED_PENDING_RESOURCE_GATE,COMPLETE_BASE_INSTANCE
C,2,3,balanced,32,0.75,24,0.01,c5e929ed499e6bf4a6f97445045ef2f0d8e5e70946c0cc96753870ad54da89c4,d7807b4a72d9e0c62255a28ab21f58c47c3499e1f3decc889df726c28d64c8c1,2,3,1.9998249998437363,3.0,0.009999499987499374,2.0,True,False,10,0,EXTENDED_PENDING_RESOURCE_GATE,COMPLETE_BASE_INSTANCE
C,2,3,balanced,32,0.75,24,0.1,0f44e255b73763f474dbb6c40244075c544f21cd26736e5c4fd56f1f407a7fe9,d7807b4a72d9e0c62255a28ab21f58c47c3499e1f3decc889df726c28d64c8c1,2,3,1.9824984237068133,3.0,0.09949874371066199,2.0,True,False,10,0,EXTENDED_PENDING_RESOURCE_GATE,COMPLETE_BASE_INSTANCE
C,2,3,balanced,32,0.75,24,0.5,0cb1799c9920cfe2aa873e89aa8b62129635105577554128e91c613d1833da37,d7807b4a72d9e0c62255a28ab21f58c47c3499e1f3decc889df726c28d64c8c1,2,3,1.5612494995995994,3.0,0.4330127018922193,2.0,True,False,10,0,EXTENDED_PENDING_RESOURCE_GATE,COMPLETE_BASE_INSTANCE
C,2,3,balanced,64,0.125,8,0.0001,673fa099de612aae3edc293c15c4d4253386263b5c105c928d473e64440f13da,d7807b4a72d9e0c62255a28ab21f58c47c3499e1f3decc889df726c28d64c8c1,2,3,1.9999999824999999,3.0,9.99999995e-05,2.0,True,False,10,0,EXTENDED_PENDING_RESOURCE_GATE,COMPLETE_BASE_INSTANCE
C,2,3,balanced,64,0.125,8,0.01,75c16c325f56b0d401bfff471120738c25439456150e05115b15105d85ba287c,d7807b4a72d9e0c62255a28ab21f58c47c3499e1f3decc889df726c28d64c8c1,2,3,1.9998249998437363,3.0,0.009999499987499374,2.0,True,False,10,0,EXTENDED_PENDING_RESOURCE_GATE,COMPLETE_BASE_INSTANCE
C,2,3,balanced,64,0.125,8,0.1,cafbe7e9283ea4346d769de00453120e65f3e433e4d839b4047179005b3faeec,d7807b4a72d9e0c62255a28ab21f58c47c3499e1f3decc889df726c28d64c8c1,2,3,1.9824984237068133,3.0,0.09949874371066199,2.0,True,False,10,0,EXTENDED_PENDING_RESOURCE_GATE,COMPLETE_BASE_INSTANCE
C,2,3,balanced,64,0.125,8,0.5,c233d5d4b59754eb405e301f7b979622c1ebea9dedebcee7004c971db4d6c656,d7807b4a72d9e0c62255a28ab21f58c47c3499e1f3decc889df726c28d64c8c1,2,3,1.5612494995995994,3.0,0.4330127018922193,2.0,True,False,10,0,EXTENDED_PENDING_RESOURCE_GATE,COMPLETE_BASE_INSTANCE
C,2,3,balanced,64,0.25,16,0.0001,4cfe2ba31f65398b1c08c5c546f80b25336ff9129b4d23c263c81fb1510bca30,d7807b4a72d9e0c62255a28ab21f58c47c3499e1f3decc889df726c28d64c8c1,2,3,1.9999999824999999,3.0,9.99999995e-05,2.0,True,False,10,0,EXTENDED_PENDING_RESOURCE_GATE,COMPLETE_BASE_INSTANCE
C,2,3,balanced,64,0.25,16,0.01,fe35c5bd25f0bf370da51d72517d69bdfbd4b5f6595171369caff40cd0d3528f,d7807b4a72d9e0c62255a28ab21f58c47c3499e1f3decc889df726c28d64c8c1,2,3,1.9998249998437363,3.0,0.009999499987499374,2.0,True,False,10,0,EXTENDED_PENDING_RESOURCE_GATE,COMPLETE_BASE_INSTANCE
C,2,3,balanced,64,0.25,16,0.1,3f025e1ae36f4d85b412153cf31caa996be533aaff192f262458df4ec9709dfb,d7807b4a72d9e0c62255a28ab21f58c47c3499e1f3decc889df726c28d64c8c1,2,3,1.9824984237068133,3.0,0.09949874371066199,2.0,True,False,10,0,EXTENDED_PENDING_RESOURCE_GATE,COMPLETE_BASE_INSTANCE
C,2,3,balanced,64,0.25,16,0.5,42affcc7234a14992754b2b4b15a4a2a47e3dfa58647aade5b226a037419c2b6,d7807b4a72d9e0c62255a28ab21f58c47c3499e1f3decc889df726c28d64c8c1,2,3,1.5612494995995994,3.0,0.4330127018922193,2.0,True,False,10,0,EXTENDED_PENDING_RESOURCE_GATE,COMPLETE_BASE_INSTANCE
C,2,3,balanced,64,0.5,32,0.0001,16cc170ccecc39fae71b904f950a30e2eab24c44d59c55fc26e86e37ac432d73,d7807b4a72d9e0c62255a28ab21f58c47c3499e1f3decc889df726c28d64c8c1,2,3,1.9999999824999999,3.0,9.99999995e-05,2.0,True,False,10,0,EXTENDED_PENDING_RESOURCE_GATE,COMPLETE_BASE_INSTANCE
C,2,3,balanced,64,0.5,32,0.01,c741ded5e1ac058b673d7eddcabfb3682cf957f7d7471307c97106acb57cb27c,d7807b4a72d9e0c62255a28ab21f58c47c3499e1f3decc889df726c28d64c8c1,2,3,1.9998249998437363,3.0,0.009999499987499374,2.0,True,False,10,0,EXTENDED_PENDING_RESOURCE_GATE,COMPLETE_BASE_INSTANCE
C,2,3,balanced,64,0.5,32,0.1,1ab192f847fb6b7368ab8071755c469aef547f14de654e6c7ac12990e40e9971,d7807b4a72d9e0c62255a28ab21f58c47c3499e1f3decc889df726c28d64c8c1,2,3,1.9824984237068133,3.0,0.09949874371066199,2.0,True,False,10,0,EXTENDED_PENDING_RESOURCE_GATE,COMPLETE_BASE_INSTANCE
C,2,3,balanced,64,0.5,32,0.5,6044384b8139403067219a1eb71a99845090a494be59441072b0cdb9d4d3499a,d7807b4a72d9e0c62255a28ab21f58c47c3499e1f3decc889df726c28d64c8c1,2,3,1.5612494995995994,3.0,0.4330127018922193,2.0,True,False,10,0,EXTENDED_PENDING_RESOURCE_GATE,COMPLETE_BASE_INSTANCE
C,2,3,balanced,64,0.75,48,0.0001,40d540f61ea5c5c6805a18d6ac4d1144d1ecb4379fb88ed5697a5560c0084227,d7807b4a72d9e0c62255a28ab21f58c47c3499e1f3decc889df726c28d64c8c1,2,3,1.9999999824999999,3.0,9.99999995e-05,2.0,True,False,10,0,EXTENDED_PENDING_RESOURCE_GATE,COMPLETE_BASE_INSTANCE
C,2,3,balanced,64,0.75,48,0.01,304ae7b4fb874ba925594c5d09ff2be561a42d6b2f9bf6a60ec47d2d642dcbd8,d7807b4a72d9e0c62255a28ab21f58c47c3499e1f3decc889df726c28d64c8c1,2,3,1.9998249998437363,3.0,0.009999499987499374,2.0,True,False,10,0,EXTENDED_PENDING_RESOURCE_GATE,COMPLETE_BASE_INSTANCE
C,2,3,balanced,64,0.75,48,0.1,21969ca3c191fb79ba055ae35d4ffc1e0bc0fd4b53a14a7bac2320238bcc48e7,d7807b4a72d9e0c62255a28ab21f58c47c3499e1f3decc889df726c28d64c8c1,2,3,1.9824984237068133,3.0,0.09949874371066199,2.0,True,False,10,0,EXTENDED_PENDING_RESOURCE_GATE,COMPLETE_BASE_INSTANCE
C,2,3,balanced,64,0.75,48,0.5,a7c1b4f122c9d1764dce582071c2fa70b3abdb1a6c83df5b0394f419d8e21e08,d7807b4a72d9e0c62255a28ab21f58c47c3499e1f3decc889df726c28d64c8c1,2,3,1.5612494995995994,3.0,0.4330127018922193,2.0,True,False,10,0,EXTENDED_PENDING_RESOURCE_GATE,COMPLETE_BASE_INSTANCE
C,2,3,random_ordered,2,0.125,1,0.0001,9779a1b098c0990eae23b1b635db951054742d815ed929a8ed4d816ea9ddb5ab,3413c21d7c0fff9ee49253647a85e3f92b69e9f5a2a89322c4fca90472ef7158,3,2,1.9999999824999999,3.0,9.99999995e-05,2.0,True,False,10,0,EXTENDED_PENDING_RESOURCE_GATE,COMPLETE_BASE_INSTANCE
C,2,3,random_ordered,2,0.125,1,0.01,f142b012d41ca8d16ca3dbb6165bc5ea7f7bab056e74451936db49858060d80a,3413c21d7c0fff9ee49253647a85e3f92b69e9f5a2a89322c4fca90472ef7158,3,2,1.9998249998437363,3.0,0.009999499987499374,2.0,True,False,10,0,EXTENDED_PENDING_RESOURCE_GATE,COMPLETE_BASE_INSTANCE
C,2,3,random_ordered,2,0.125,1,0.1,472d245ac5e251597cf5acd9b99dc72a3f84d56e4ac763de6dc5fb81e560c881,3413c21d7c0fff9ee49253647a85e3f92b69e9f5a2a89322c4fca90472ef7158,3,2,1.9824984237068133,3.0,0.09949874371066199,2.0,True,False,10,0,EXTENDED_PENDING_RESOURCE_GATE,COMPLETE_BASE_INSTANCE
C,2,3,random_ordered,2,0.125,1,0.5,2121da36bfe9b1fbcc7f0bb8bdc09121ab1c5fea73bf761e58c8120b0e40a177,3413c21d7c0fff9ee49253647a85e3f92b69e9f5a2a89322c4fca90472ef7158,3,2,1.5612494995995994,3.0,0.4330127018922193,2.0,True,False,10,0,EXTENDED_PENDING_RESOURCE_GATE,COMPLETE_BASE_INSTANCE
C,2,3,random_ordered,2,0.25,1,0.0001,02f43ce0aadfd543672f945a3d2afdf9671035caf0920f2bb01126611c9a59ea,3413c21d7c0fff9ee49253647a85e3f92b69e9f5a2a89322c4fca90472ef7158,3,2,1.9999999824999999,3.0,9.99999995e-05,2.0,True,False,10,0,EXTENDED_PENDING_RESOURCE_GATE,COMPLETE_BASE_INSTANCE
C,2,3,random_ordered,2,0.25,1,0.01,eccba8e1dcc2e16e1f34e119e3330c3ecf8de3342200848b15403f37bfa7015f,3413c21d7c0fff9ee49253647a85e3f92b69e9f5a2a89322c4fca90472ef7158,3,2,1.9998249998437363,3.0,0.009999499987499374,2.0,True,False,10,0,EXTENDED_PENDING_RESOURCE_GATE,COMPLETE_BASE_INSTANCE
C,2,3,random_ordered,2,0.25,1,0.1,138f22d30112d0236eca33fc14b42b3d15fa5189fbe0a2496e5f05a69618bd00,3413c21d7c0fff9ee49253647a85e3f92b69e9f5a2a89322c4fca90472ef7158,3,2,1.9824984237068133,3.0,0.09949874371066199,2.0,True,False,10,0,EXTENDED_PENDING_RESOURCE_GATE,COMPLETE_BASE_INSTANCE
C,2,3,random_ordered,2,0.25,1,0.5,6a9f90e7987e3da69d82cadbb7c32ffb8bf9f21f650dab5cccf6e4fa54c3c469,3413c21d7c0fff9ee49253647a85e3f92b69e9f5a2a89322c4fca90472ef7158,3,2,1.5612494995995994,3.0,0.4330127018922193,2.0,True,False,10,0,EXTENDED_PENDING_RESOURCE_GATE,COMPLETE_BASE_INSTANCE
C,2,3,random_ordered,2,0.5,1,0.0001,e3e9086df711e01e2d323ac55b7c88352536708e52a897c47a4735f815a39edd,3413c21d7c0fff9ee49253647a85e3f92b69e9f5a2a89322c4fca90472ef7158,3,2,1.9999999824999999,3.0,9.99999995e-05,2.0,True,False,10,0,EXTENDED_PENDING_RESOURCE_GATE,COMPLETE_BASE_INSTANCE
C,2,3,random_ordered,2,0.5,1,0.01,fabfcfd50c130e8f18557be899492a78a896b64c29d5eda612284dad7fdb74a2,3413c21d7c0fff9ee49253647a85e3f92b69e9f5a2a89322c4fca90472ef7158,3,2,1.9998249998437363,3.0,0.009999499987499374,2.0,True,False,10,0,EXTENDED_PENDING_RESOURCE_GATE,COMPLETE_BASE_INSTANCE
C,2,3,random_ordered,2,0.5,1,0.1,7785ab9041dc6b9fcd55793495af818bd5d6e0caba1b1b46a9b0215575fdfae8,3413c21d7c0fff9ee49253647a85e3f92b69e9f5a2a89322c4fca90472ef7158,3,2,1.9824984237068133,3.0,0.09949874371066199,2.0,True,False,10,0,EXTENDED_PENDING_RESOURCE_GATE,COMPLETE_BASE_INSTANCE
C,2,3,random_ordered,2,0.5,1,0.5,e981b9b88259f15418ee284b6da980d18456ae99bb13d22f1a004be077b02084,3413c21d7c0fff9ee49253647a85e3f92b69e9f5a2a89322c4fca90472ef7158,3,2,1.5612494995995994,3.0,0.4330127018922193,2.0,True,False,10,0,EXTENDED_PENDING_RESOURCE_GATE,COMPLETE_BASE_INSTANCE
C,2,3,random_ordered,2,0.75,1,0.0001,82be8b805b1dd096a12d3b2094ed4cf046531daefada187bbf2540b47ab87746,3413c21d7c0fff9ee49253647a85e3f92b69e9f5a2a89322c4fca90472ef7158,3,2,1.9999999824999999,3.0,9.99999995e-05,2.0,True,False,10,0,EXTENDED_PENDING_RESOURCE_GATE,COMPLETE_BASE_INSTANCE
C,2,3,random_ordered,2,0.75,1,0.01,0525ae4d12d5a3b60ad36d890a5d1850650422229ec49c309cf19fac525dd23a,3413c21d7c0fff9ee49253647a85e3f92b69e9f5a2a89322c4fca90472ef7158,3,2,1.9998249998437363,3.0,0.009999499987499374,2.0,True,False,10,0,EXTENDED_PENDING_RESOURCE_GATE,COMPLETE_BASE_INSTANCE
C,2,3,random_ordered,2,0.75,1,0.1,a37e9f6ebd242db386db540eae9bc3aa71ad6354f6e978c5916b29d3c50fe8f5,3413c21d7c0fff9ee49253647a85e3f92b69e9f5a2a89322c4fca90472ef7158,3,2,1.9824984237068133,3.0,0.09949874371066199,2.0,True,False,10,0,EXTENDED_PENDING_RESOURCE_GATE,COMPLETE_BASE_INSTANCE
C,2,3,random_ordered,2,0.75,1,0.5,c84d977b26b0a3346639ff0c113284eb3f5cc5000923b1df8efb35a09766552e,3413c21d7c0fff9ee49253647a85e3f92b69e9f5a2a89322c4fca90472ef7158,3,2,1.5612494995995994,3.0,0.4330127018922193,2.0,True,False,10,0,EXTENDED_PENDING_RESOURCE_GATE,COMPLETE_BASE_INSTANCE
C,2,3,random_ordered,4,0.125,1,0.0001,3c0da06177759e934a9925bda60c41f57a56d168d019bb1ec7043c2f6b63fe7f,3413c21d7c0fff9ee49253647a85e3f92b69e9f5a2a89322c4fca90472ef7158,3,2,1.9999999824999999,3.0,9.99999995e-05,2.0,True,False,10,0,EXTENDED_PENDING_RESOURCE_GATE,COMPLETE_BASE_INSTANCE
C,2,3,random_ordered,4,0.125,1,0.01,de059160afe3670c88de2b37e78c211103005e460c4103c228d547cdb74bf627,3413c21d7c0fff9ee49253647a85e3f92b69e9f5a2a89322c4fca90472ef7158,3,2,1.9998249998437363,3.0,0.009999499987499374,2.0,True,False,10,0,EXTENDED_PENDING_RESOURCE_GATE,COMPLETE_BASE_INSTANCE
C,2,3,random_ordered,4,0.125,1,0.1,3253401deda99479928aca5e7d2034c19209b9ca0d54968554e8c0bc5d5b6288,3413c21d7c0fff9ee49253647a85e3f92b69e9f5a2a89322c4fca90472ef7158,3,2,1.9824984237068133,3.0,0.09949874371066199,2.0,True,False,10,0,EXTENDED_PENDING_RESOURCE_GATE,COMPLETE_BASE_INSTANCE
C,2,3,random_ordered,4,0.125,1,0.5,c835b4f743a068d6fe1aec54eae2640f846a4974d3d45594cf5984c953ecba2e,3413c21d7c0fff9ee49253647a85e3f92b69e9f5a2a89322c4fca90472ef7158,3,2,1.5612494995995994,3.0,0.4330127018922193,2.0,True,False,10,0,EXTENDED_PENDING_RESOURCE_GATE,COMPLETE_BASE_INSTANCE
C,2,3,random_ordered,4,0.25,1,0.0001,b9621f760b09a8e5added6fa4c43ac0c327fa0547738f8d1351600032850014b,3413c21d7c0fff9ee49253647a85e3f92b69e9f5a2a89322c4fca90472ef7158,3,2,1.9999999824999999,3.0,9.99999995e-05,2.0,True,False,10,0,EXTENDED_PENDING_RESOURCE_GATE,COMPLETE_BASE_INSTANCE
C,2,3,random_ordered,4,0.25,1,0.01,ab9ce2d17123b67995144705f9cf57579e4b52d59aae7a748f9f54571dee5a25,3413c21d7c0fff9ee49253647a85e3f92b69e9f5a2a89322c4fca90472ef7158,3,2,1.9998249998437363,3.0,0.009999499987499374,2.0,True,False,10,0,EXTENDED_PENDING_RESOURCE_GATE,COMPLETE_BASE_INSTANCE
C,2,3,random_ordered,4,0.25,1,0.1,7b98f023be63996a45a729997d90f53283a0ff4bc2de0ea73cd09cecb479850e,3413c21d7c0fff9ee49253647a85e3f92b69e9f5a2a89322c4fca90472ef7158,3,2,1.9824984237068133,3.0,0.09949874371066199,2.0,True,False,10,0,EXTENDED_PENDING_RESOURCE_GATE,COMPLETE_BASE_INSTANCE
C,2,3,random_ordered,4,0.25,1,0.5,3fbe55b816e623df9ab365ac8eb9fd8ce841ab0e2e93cd98f3431463f4587042,3413c21d7c0fff9ee49253647a85e3f92b69e9f5a2a89322c4fca90472ef7158,3,2,1.5612494995995994,3.0,0.4330127018922193,2.0,True,False,10,0,EXTENDED_PENDING_RESOURCE_GATE,COMPLETE_BASE_INSTANCE
C,2,3,random_ordered,4,0.5,2,0.0001,3be35eb1edbbfb68e0e5f47818e5cce945ccb24bb69103d23c1fe857bbb9f90b,3413c21d7c0fff9ee49253647a85e3f92b69e9f5a2a89322c4fca90472ef7158,3,2,1.9999999824999999,3.0,9.99999995e-05,2.0,True,False,10,0,EXTENDED_PENDING_RESOURCE_GATE,COMPLETE_BASE_INSTANCE
C,2,3,random_ordered,4,0.5,2,0.01,120bb6a37457cc2225c7e925f89e2f63c27d8dd46d86d35b7d3f628e249b8324,3413c21d7c0fff9ee49253647a85e3f92b69e9f5a2a89322c4fca90472ef7158,3,2,1.9998249998437363,3.0,0.009999499987499374,2.0,True,False,10,0,EXTENDED_PENDING_RESOURCE_GATE,COMPLETE_BASE_INSTANCE
C,2,3,random_ordered,4,0.5,2,0.1,a1d10cb3ff47778c5db3dd5b4011360f4465a2ddecc2443c13c054c62fa1a2d9,3413c21d7c0fff9ee49253647a85e3f92b69e9f5a2a89322c4fca90472ef7158,3,2,1.9824984237068133,3.0,0.09949874371066199,2.0,True,False,10,0,EXTENDED_PENDING_RESOURCE_GATE,COMPLETE_BASE_INSTANCE
C,2,3,random_ordered,4,0.5,2,0.5,fdd1a7a8bfb16be732cd85b5c5241b9aca339a9cb6549bff1d4a44699a323443,3413c21d7c0fff9ee49253647a85e3f92b69e9f5a2a89322c4fca90472ef7158,3,2,1.5612494995995994,3.0,0.4330127018922193,2.0,True,False,10,0,EXTENDED_PENDING_RESOURCE_GATE,COMPLETE_BASE_INSTANCE
C,2,3,random_ordered,4,0.75,3,0.0001,24d93244a4c08550a12cafdddb92cb26af6663a4dd26a5d2165535206d556917,3413c21d7c0fff9ee49253647a85e3f92b69e9f5a2a89322c4fca90472ef7158,3,2,1.9999999824999999,3.0,9.99999995e-05,2.0,True,False,10,0,EXTENDED_PENDING_RESOURCE_GATE,COMPLETE_BASE_INSTANCE
C,2,3,random_ordered,4,0.75,3,0.01,2145eb96f970df0ab05b186806bfb26e04738d135e1e549e011006a9aab00409,3413c21d7c0fff9ee49253647a85e3f92b69e9f5a2a89322c4fca90472ef7158,3,2,1.9998249998437363,3.0,0.009999499987499374,2.0,True,False,10,0,EXTENDED_PENDING_RESOURCE_GATE,COMPLETE_BASE_INSTANCE
C,2,3,random_ordered,4,0.75,3,0.1,0744480397a1a43c8e724124ba321e8b16aff99a858c117e9c70ad62981944b6,3413c21d7c0fff9ee49253647a85e3f92b69e9f5a2a89322c4fca90472ef7158,3,2,1.9824984237068133,3.0,0.09949874371066199,2.0,True,False,10,0,EXTENDED_PENDING_RESOURCE_GATE,COMPLETE_BASE_INSTANCE
C,2,3,random_ordered,4,0.75,3,0.5,051c6f536f3947e831d037e9a901e89c1358a4a5aee781e8cd232b3122d54d47,3413c21d7c0fff9ee49253647a85e3f92b69e9f5a2a89322c4fca90472ef7158,3,2,1.5612494995995994,3.0,0.4330127018922193,2.0,True,False,10,0,EXTENDED_PENDING_RESOURCE_GATE,COMPLETE_BASE_INSTANCE
C,2,3,random_ordered,8,0.125,1,0.0001,f91f954b852925eb5824b2b1042e17a2a5610981104a71035bdcbdaabbc850e3,3413c21d7c0fff9ee49253647a85e3f92b69e9f5a2a89322c4fca90472ef7158,3,2,1.9999999824999999,3.0,9.99999995e-05,2.0,True,False,10,0,EXTENDED_PENDING_RESOURCE_GATE,COMPLETE_BASE_INSTANCE
C,2,3,random_ordered,8,0.125,1,0.01,9c3f2a3494a3e534ff445636a9e1a6fa7d022e1ff57e6d0cef57c8350a8d17e1,3413c21d7c0fff9ee49253647a85e3f92b69e9f5a2a89322c4fca90472ef7158,3,2,1.9998249998437363,3.0,0.009999499987499374,2.0,True,False,10,0,EXTENDED_PENDING_RESOURCE_GATE,COMPLETE_BASE_INSTANCE
C,2,3,random_ordered,8,0.125,1,0.1,1f9e05e7e6220d090ce32d994127c8c26fa7f3d7f77565a48e8d422da4bc42ff,3413c21d7c0fff9ee49253647a85e3f92b69e9f5a2a89322c4fca90472ef7158,3,2,1.9824984237068133,3.0,0.09949874371066199,2.0,True,False,10,0,EXTENDED_PENDING_RESOURCE_GATE,COMPLETE_BASE_INSTANCE
C,2,3,random_ordered,8,0.125,1,0.5,3b55f3e644c5a29449594816afb2ec5141eb6708b177f811b64e9e86d08d5e96,3413c21d7c0fff9ee49253647a85e3f92b69e9f5a2a89322c4fca90472ef7158,3,2,1.5612494995995994,3.0,0.4330127018922193,2.0,True,False,10,0,EXTENDED_PENDING_RESOURCE_GATE,COMPLETE_BASE_INSTANCE
C,2,3,random_ordered,8,0.25,2,0.0001,e69bbf5eeb0ea37669a2f267429102aa2bf2af3ae5cf6a8fb6522ee417e9c7e6,3413c21d7c0fff9ee49253647a85e3f92b69e9f5a2a89322c4fca90472ef7158,3,2,1.9999999824999999,3.0,9.99999995e-05,2.0,True,False,10,0,EXTENDED_PENDING_RESOURCE_GATE,COMPLETE_BASE_INSTANCE
C,2,3,random_ordered,8,0.25,2,0.01,59fd851a1f3ec97dacd72b6cc5988576803805348c0081da4fb46f65382596bf,3413c21d7c0fff9ee49253647a85e3f92b69e9f5a2a89322c4fca90472ef7158,3,2,1.9998249998437363,3.0,0.009999499987499374,2.0,True,False,10,0,EXTENDED_PENDING_RESOURCE_GATE,COMPLETE_BASE_INSTANCE
C,2,3,random_ordered,8,0.25,2,0.1,fa29cf10969ca3f2711b1d5290bb688d954eb4c1a935dd2cf072a103dd59ec34,3413c21d7c0fff9ee49253647a85e3f92b69e9f5a2a89322c4fca90472ef7158,3,2,1.9824984237068133,3.0,0.09949874371066199,2.0,True,False,10,0,EXTENDED_PENDING_RESOURCE_GATE,COMPLETE_BASE_INSTANCE
C,2,3,random_ordered,8,0.25,2,0.5,49f4bd7ea13d391b92754462eeeda67298fd69274283b1e557b65cccf54fd769,3413c21d7c0fff9ee49253647a85e3f92b69e9f5a2a89322c4fca90472ef7158,3,2,1.5612494995995994,3.0,0.4330127018922193,2.0,True,False,10,0,EXTENDED_PENDING_RESOURCE_GATE,COMPLETE_BASE_INSTANCE
C,2,3,random_ordered,8,0.5,4,0.0001,b253932d20b9c0982fbb4b0a41a4ef2bb9280ab8651c02ac82e4cefa6e089735,3413c21d7c0fff9ee49253647a85e3f92b69e9f5a2a89322c4fca90472ef7158,3,2,1.9999999824999999,3.0,9.99999995e-05,2.0,True,False,10,0,EXTENDED_PENDING_RESOURCE_GATE,COMPLETE_BASE_INSTANCE
C,2,3,random_ordered,8,0.5,4,0.01,abb96d7e9e4f4e09d6f8b17e297b557c8498721da9e4b82e7a77b9e09da6d8cf,3413c21d7c0fff9ee49253647a85e3f92b69e9f5a2a89322c4fca90472ef7158,3,2,1.9998249998437363,3.0,0.009999499987499374,2.0,True,False,10,0,EXTENDED_PENDING_RESOURCE_GATE,COMPLETE_BASE_INSTANCE
C,2,3,random_ordered,8,0.5,4,0.1,783d0d0ee6cf3b92979b4bb5b5a41e3dba4aacbade894155f0091cc4ef44716f,3413c21d7c0fff9ee49253647a85e3f92b69e9f5a2a89322c4fca90472ef7158,3,2,1.9824984237068133,3.0,0.09949874371066199,2.0,True,False,10,0,EXTENDED_PENDING_RESOURCE_GATE,COMPLETE_BASE_INSTANCE
C,2,3,random_ordered,8,0.5,4,0.5,7012c240d0d78a6e76d128fe76b8f178ef04db8b5bd8bea62032ca75b8f9012a,3413c21d7c0fff9ee49253647a85e3f92b69e9f5a2a89322c4fca90472ef7158,3,2,1.5612494995995994,3.0,0.4330127018922193,2.0,True,False,10,0,EXTENDED_PENDING_RESOURCE_GATE,COMPLETE_BASE_INSTANCE
C,2,3,random_ordered,8,0.75,6,0.0001,de87932b33515c9358060ca3d5a30058a6e02f1ab1745f97a792b61614a30fe0,3413c21d7c0fff9ee49253647a85e3f92b69e9f5a2a89322c4fca90472ef7158,3,2,1.9999999824999999,3.0,9.99999995e-05,2.0,True,False,10,0,EXTENDED_PENDING_RESOURCE_GATE,COMPLETE_BASE_INSTANCE
C,2,3,random_ordered,8,0.75,6,0.01,ea864c28b6c3ed41aac386c7b35148df8de6651c653be0d4e8ab9b4a29be8945,3413c21d7c0fff9ee49253647a85e3f92b69e9f5a2a89322c4fca90472ef7158,3,2,1.9998249998437363,3.0,0.009999499987499374,2.0,True,False,10,0,EXTENDED_PENDING_RESOURCE_GATE,COMPLETE_BASE_INSTANCE
C,2,3,random_ordered,8,0.75,6,0.1,4066cf8d0e3bd24df4106242dff1feaf2902d396866d37957cb2c16ee49deffd,3413c21d7c0fff9ee49253647a85e3f92b69e9f5a2a89322c4fca90472ef7158,3,2,1.9824984237068133,3.0,0.09949874371066199,2.0,True,False,10,0,EXTENDED_PENDING_RESOURCE_GATE,COMPLETE_BASE_INSTANCE
C,2,3,random_ordered,8,0.75,6,0.5,040e4950978b2830022912083927c368f286d3b638f8f45a83b1ab7be299f005,3413c21d7c0fff9ee49253647a85e3f92b69e9f5a2a89322c4fca90472ef7158,3,2,1.5612494995995994,3.0,0.4330127018922193,2.0,True,False,10,0,EXTENDED_PENDING_RESOURCE_GATE,COMPLETE_BASE_INSTANCE
C,2,3,random_ordered,16,0.125,2,0.0001,f2c6657558bd8494a55f2fcb871fe401c264dc4b5923dc049846c79ef445609b,3413c21d7c0fff9ee49253647a85e3f92b69e9f5a2a89322c4fca90472ef7158,3,2,1.9999999824999999,3.0,9.99999995e-05,2.0,True,False,10,0,EXTENDED_PENDING_RESOURCE_GATE,COMPLETE_BASE_INSTANCE
C,2,3,random_ordered,16,0.125,2,0.01,0d3ee66608d3bd415f882729a9c6f05964092e971b18c2d293412f326f3b6747,3413c21d7c0fff9ee49253647a85e3f92b69e9f5a2a89322c4fca90472ef7158,3,2,1.9998249998437363,3.0,0.009999499987499374,2.0,True,False,10,0,EXTENDED_PENDING_RESOURCE_GATE,COMPLETE_BASE_INSTANCE
C,2,3,random_ordered,16,0.125,2,0.1,c49635e8d24a6fbf180adffbf0eb9a2cfc3d52d6cf1f03ce06d8085bed85e4e6,3413c21d7c0fff9ee49253647a85e3f92b69e9f5a2a89322c4fca90472ef7158,3,2,1.9824984237068133,3.0,0.09949874371066199,2.0,True,False,10,0,EXTENDED_PENDING_RESOURCE_GATE,COMPLETE_BASE_INSTANCE
C,2,3,random_ordered,16,0.125,2,0.5,7cb6fa1153fbfc2a08597d33878893e95b21ee79cab47ec2bc0e682212e7c41d,3413c21d7c0fff9ee49253647a85e3f92b69e9f5a2a89322c4fca90472ef7158,3,2,1.5612494995995994,3.0,0.4330127018922193,2.0,True,False,10,0,EXTENDED_PENDING_RESOURCE_GATE,COMPLETE_BASE_INSTANCE
C,2,3,random_ordered,16,0.25,4,0.0001,7361fecc81759b8437114843feca50f139bd0dbaab0e9e74a5d563b538f467fc,3413c21d7c0fff9ee49253647a85e3f92b69e9f5a2a89322c4fca90472ef7158,3,2,1.9999999824999999,3.0,9.99999995e-05,2.0,True,False,10,0,EXTENDED_PENDING_RESOURCE_GATE,COMPLETE_BASE_INSTANCE
C,2,3,random_ordered,16,0.25,4,0.01,658c4a335e3819fbd3395571963482231051e299cdce78f9e3aa7850fe40fe22,3413c21d7c0fff9ee49253647a85e3f92b69e9f5a2a89322c4fca90472ef7158,3,2,1.9998249998437363,3.0,0.009999499987499374,2.0,True,False,10,0,EXTENDED_PENDING_RESOURCE_GATE,COMPLETE_BASE_INSTANCE
C,2,3,random_ordered,16,0.25,4,0.1,324c4b61d1d5efa880a83a950ac827941ed35d2bbe618bdb3f0867862a1bdfe4,3413c21d7c0fff9ee49253647a85e3f92b69e9f5a2a89322c4fca90472ef7158,3,2,1.9824984237068133,3.0,0.09949874371066199,2.0,True,False,10,0,EXTENDED_PENDING_RESOURCE_GATE,COMPLETE_BASE_INSTANCE
C,2,3,random_ordered,16,0.25,4,0.5,5dcbce4b513dec27dca741287f29e4caf8f3eb6b695cbb4353bfff2a66dc1971,3413c21d7c0fff9ee49253647a85e3f92b69e9f5a2a89322c4fca90472ef7158,3,2,1.5612494995995994,3.0,0.4330127018922193,2.0,True,False,10,0,EXTENDED_PENDING_RESOURCE_GATE,COMPLETE_BASE_INSTANCE
C,2,3,random_ordered,16,0.5,8,0.0001,0d16c2a52e607cfbb9fe4057c157e473f95cbd7e90f3378d94c2edfc9a6b3211,3413c21d7c0fff9ee49253647a85e3f92b69e9f5a2a89322c4fca90472ef7158,3,2,1.9999999824999999,3.0,9.99999995e-05,2.0,True,False,10,0,EXTENDED_PENDING_RESOURCE_GATE,COMPLETE_BASE_INSTANCE
C,2,3,random_ordered,16,0.5,8,0.01,0d51b7c9c082f623165dbeb2a4b73fa28a00dbac63d1f8efbe42564d2bf3d04b,3413c21d7c0fff9ee49253647a85e3f92b69e9f5a2a89322c4fca90472ef7158,3,2,1.9998249998437363,3.0,0.009999499987499374,2.0,True,False,10,0,EXTENDED_PENDING_RESOURCE_GATE,COMPLETE_BASE_INSTANCE
C,2,3,random_ordered,16,0.5,8,0.1,a16c76b5df55b9a68b7b3c4ee6c1616c2f63edd86a618fbc8cf4e0b2edf0bee2,3413c21d7c0fff9ee49253647a85e3f92b69e9f5a2a89322c4fca90472ef7158,3,2,1.9824984237068133,3.0,0.09949874371066199,2.0,True,False,10,0,EXTENDED_PENDING_RESOURCE_GATE,COMPLETE_BASE_INSTANCE
C,2,3,random_ordered,16,0.5,8,0.5,24570a72fec707a91e75f12a93c7c12599527e96066b92163fdf36aeed8e9e59,3413c21d7c0fff9ee49253647a85e3f92b69e9f5a2a89322c4fca90472ef7158,3,2,1.5612494995995994,3.0,0.4330127018922193,2.0,True,False,10,0,EXTENDED_PENDING_RESOURCE_GATE,COMPLETE_BASE_INSTANCE
C,2,3,random_ordered,16,0.75,12,0.0001,248ee0f5e01db2a0aaf22ebf286b296aa6f36bea9391e3156eaaa749019379a1,3413c21d7c0fff9ee49253647a85e3f92b69e9f5a2a89322c4fca90472ef7158,3,2,1.9999999824999999,3.0,9.99999995e-05,2.0,True,False,10,0,EXTENDED_PENDING_RESOURCE_GATE,COMPLETE_BASE_INSTANCE
C,2,3,random_ordered,16,0.75,12,0.01,21e43616bb53c84a01f8207f62edbebf1a5d9ba4488c60233353c8333f9171a7,3413c21d7c0fff9ee49253647a85e3f92b69e9f5a2a89322c4fca90472ef7158,3,2,1.9998249998437363,3.0,0.009999499987499374,2.0,True,False,10,0,EXTENDED_PENDING_RESOURCE_GATE,COMPLETE_BASE_INSTANCE
C,2,3,random_ordered,16,0.75,12,0.1,b657c8a93ff412f1ce35cbe288a45ac9007fff4bc82261121cb068c36bec4c16,3413c21d7c0fff9ee49253647a85e3f92b69e9f5a2a89322c4fca90472ef7158,3,2,1.9824984237068133,3.0,0.09949874371066199,2.0,True,False,10,0,EXTENDED_PENDING_RESOURCE_GATE,COMPLETE_BASE_INSTANCE
C,2,3,random_ordered,16,0.75,12,0.5,8645084106d4b2a4ddf3f30e3ebc052de9a5ef7df2a48e52cdf24d5f04022bdc,3413c21d7c0fff9ee49253647a85e3f92b69e9f5a2a89322c4fca90472ef7158,3,2,1.5612494995995994,3.0,0.4330127018922193,2.0,True,False,10,0,EXTENDED_PENDING_RESOURCE_GATE,COMPLETE_BASE_INSTANCE
C,2,3,random_ordered,32,0.125,4,0.0001,ed1844babda6b103875441718433b9e65007db074ea5fd92a891d778c5e424dd,3413c21d7c0fff9ee49253647a85e3f92b69e9f5a2a89322c4fca90472ef7158,3,2,1.9999999824999999,3.0,9.99999995e-05,2.0,True,False,10,0,EXTENDED_PENDING_RESOURCE_GATE,COMPLETE_BASE_INSTANCE
C,2,3,random_ordered,32,0.125,4,0.01,17e15f29ed70eeff2268f3d794bd7785e154f236fcfb25d2bbbb61354054ee54,3413c21d7c0fff9ee49253647a85e3f92b69e9f5a2a89322c4fca90472ef7158,3,2,1.9998249998437363,3.0,0.009999499987499374,2.0,True,False,10,0,EXTENDED_PENDING_RESOURCE_GATE,COMPLETE_BASE_INSTANCE
C,2,3,random_ordered,32,0.125,4,0.1,4264ad61622370a419515a996a8ff75d9a9b18bdebc778e33166605902968484,3413c21d7c0fff9ee49253647a85e3f92b69e9f5a2a89322c4fca90472ef7158,3,2,1.9824984237068133,3.0,0.09949874371066199,2.0,True,False,10,0,EXTENDED_PENDING_RESOURCE_GATE,COMPLETE_BASE_INSTANCE
C,2,3,random_ordered,32,0.125,4,0.5,955e2eab38c2dee6d4a8cc1a6caee3914ed6f9c5ef16871b32efaffa05a8e752,3413c21d7c0fff9ee49253647a85e3f92b69e9f5a2a89322c4fca90472ef7158,3,2,1.5612494995995994,3.0,0.4330127018922193,2.0,True,False,10,0,EXTENDED_PENDING_RESOURCE_GATE,COMPLETE_BASE_INSTANCE
C,2,3,random_ordered,32,0.25,8,0.0001,b423dbfd8670a5ee31dddc80a7b4f63e2c11951c23c497c49f2ba14bfd04a94b,3413c21d7c0fff9ee49253647a85e3f92b69e9f5a2a89322c4fca90472ef7158,3,2,1.9999999824999999,3.0,9.99999995e-05,2.0,True,False,10,0,EXTENDED_PENDING_RESOURCE_GATE,COMPLETE_BASE_INSTANCE
C,2,3,random_ordered,32,0.25,8,0.01,d539b31137078117c730b3cbd4f48f93bef272eca2785daae8bd73d5c053b521,3413c21d7c0fff9ee49253647a85e3f92b69e9f5a2a89322c4fca90472ef7158,3,2,1.9998249998437363,3.0,0.009999499987499374,2.0,True,False,10,0,EXTENDED_PENDING_RESOURCE_GATE,COMPLETE_BASE_INSTANCE
C,2,3,random_ordered,32,0.25,8,0.1,12996e762d13f1298dc8d48bcdb8d24a07f006407de82b0351624051277b4d51,3413c21d7c0fff9ee49253647a85e3f92b69e9f5a2a89322c4fca90472ef7158,3,2,1.9824984237068133,3.0,0.09949874371066199,2.0,True,False,10,0,EXTENDED_PENDING_RESOURCE_GATE,COMPLETE_BASE_INSTANCE
C,2,3,random_ordered,32,0.25,8,0.5,13befedd7890c64c56fc93462e45a2535a3be03263f30538fd7bd91139030ba6,3413c21d7c0fff9ee49253647a85e3f92b69e9f5a2a89322c4fca90472ef7158,3,2,1.5612494995995994,3.0,0.4330127018922193,2.0,True,False,10,0,EXTENDED_PENDING_RESOURCE_GATE,COMPLETE_BASE_INSTANCE
C,2,3,random_ordered,32,0.5,16,0.0001,36eff1abcf064cf14f60f281229a4032a5aff2f347127968fad77c817d57d972,3413c21d7c0fff9ee49253647a85e3f92b69e9f5a2a89322c4fca90472ef7158,3,2,1.9999999824999999,3.0,9.99999995e-05,2.0,True,False,10,0,EXTENDED_PENDING_RESOURCE_GATE,COMPLETE_BASE_INSTANCE
C,2,3,random_ordered,32,0.5,16,0.01,670c702c56d9781838caca0df024a47e1f8463bbc49221734f0fc329f053982d,3413c21d7c0fff9ee49253647a85e3f92b69e9f5a2a89322c4fca90472ef7158,3,2,1.9998249998437363,3.0,0.009999499987499374,2.0,True,False,10,0,EXTENDED_PENDING_RESOURCE_GATE,COMPLETE_BASE_INSTANCE
C,2,3,random_ordered,32,0.5,16,0.1,c3b3698010eda9eeb29cff914c41314a8cb2f451c82c1d202f254ee5cd7f2a79,3413c21d7c0fff9ee49253647a85e3f92b69e9f5a2a89322c4fca90472ef7158,3,2,1.9824984237068133,3.0,0.09949874371066199,2.0,True,False,10,0,EXTENDED_PENDING_RESOURCE_GATE,COMPLETE_BASE_INSTANCE
C,2,3,random_ordered,32,0.5,16,0.5,fad2a72b1fb7dc4b8368fd4f2d612cad14a6d4aef78bb5e0a0ccdc576734ef8b,3413c21d7c0fff9ee49253647a85e3f92b69e9f5a2a89322c4fca90472ef7158,3,2,1.5612494995995994,3.0,0.4330127018922193,2.0,True,False,10,0,EXTENDED_PENDING_RESOURCE_GATE,COMPLETE_BASE_INSTANCE
C,2,3,random_ordered,32,0.75,24,0.0001,8f5da46b0d067f43a34c6c96ba2a35dc27f037545f449fbcf6cee370deda46f5,3413c21d7c0fff9ee49253647a85e3f92b69e9f5a2a89322c4fca90472ef7158,3,2,1.9999999824999999,3.0,9.99999995e-05,2.0,True,False,10,0,EXTENDED_PENDING_RESOURCE_GATE,COMPLETE_BASE_INSTANCE
C,2,3,random_ordered,32,0.75,24,0.01,354b1c9fc0b34e3d34ec1b481d0a32e2574d5de9125138cc240879494cdcb49e,3413c21d7c0fff9ee49253647a85e3f92b69e9f5a2a89322c4fca90472ef7158,3,2,1.9998249998437363,3.0,0.009999499987499374,2.0,True,False,10,0,EXTENDED_PENDING_RESOURCE_GATE,COMPLETE_BASE_INSTANCE
C,2,3,random_ordered,32,0.75,24,0.1,85f36633109d43f3db4de2cca421add9910744fc9382ae727c903d56c44b9396,3413c21d7c0fff9ee49253647a85e3f92b69e9f5a2a89322c4fca90472ef7158,3,2,1.9824984237068133,3.0,0.09949874371066199,2.0,True,False,10,0,EXTENDED_PENDING_RESOURCE_GATE,COMPLETE_BASE_INSTANCE
C,2,3,random_ordered,32,0.75,24,0.5,b27a361a0c0602c2a839b3ffbe45b27531dcc361d8951734fb17569aacd1dbf8,3413c21d7c0fff9ee49253647a85e3f92b69e9f5a2a89322c4fca90472ef7158,3,2,1.5612494995995994,3.0,0.4330127018922193,2.0,True,False,10,0,EXTENDED_PENDING_RESOURCE_GATE,COMPLETE_BASE_INSTANCE
C,2,3,random_ordered,64,0.125,8,0.0001,072bc62e8376f6e59ed3f6f401aa1cb54b3a5c9b679e024600cf993080808f77,3413c21d7c0fff9ee49253647a85e3f92b69e9f5a2a89322c4fca90472ef7158,3,2,1.9999999824999999,3.0,9.99999995e-05,2.0,True,False,10,0,EXTENDED_PENDING_RESOURCE_GATE,COMPLETE_BASE_INSTANCE
C,2,3,random_ordered,64,0.125,8,0.01,b0bda49fbdad614117c5aec551331b359a3241512c29d8839d31174c908812ee,3413c21d7c0fff9ee49253647a85e3f92b69e9f5a2a89322c4fca90472ef7158,3,2,1.9998249998437363,3.0,0.009999499987499374,2.0,True,False,10,0,EXTENDED_PENDING_RESOURCE_GATE,COMPLETE_BASE_INSTANCE
C,2,3,random_ordered,64,0.125,8,0.1,7f06272e47dd3a3473ae7f9dba4532d1862a995ed98af384a5db685940c903d6,3413c21d7c0fff9ee49253647a85e3f92b69e9f5a2a89322c4fca90472ef7158,3,2,1.9824984237068133,3.0,0.09949874371066199,2.0,True,False,10,0,EXTENDED_PENDING_RESOURCE_GATE,COMPLETE_BASE_INSTANCE
C,2,3,random_ordered,64,0.125,8,0.5,778ba05395c69f2214e22755c5ef257ee42cfa9989a99031f91716886d5d819c,3413c21d7c0fff9ee49253647a85e3f92b69e9f5a2a89322c4fca90472ef7158,3,2,1.5612494995995994,3.0,0.4330127018922193,2.0,True,False,10,0,EXTENDED_PENDING_RESOURCE_GATE,COMPLETE_BASE_INSTANCE
C,2,3,random_ordered,64,0.25,16,0.0001,0343cccf8b28429d24ecb73dc22d849e851c3d53a490572d3eb6022dbc5d91eb,3413c21d7c0fff9ee49253647a85e3f92b69e9f5a2a89322c4fca90472ef7158,3,2,1.9999999824999999,3.0,9.99999995e-05,2.0,True,False,10,0,EXTENDED_PENDING_RESOURCE_GATE,COMPLETE_BASE_INSTANCE
C,2,3,random_ordered,64,0.25,16,0.01,7a7e989f48a179d5cccddbde4738a2077c3464ce85d2f26455e1cb0aaebf2625,3413c21d7c0fff9ee49253647a85e3f92b69e9f5a2a89322c4fca90472ef7158,3,2,1.9998249998437363,3.0,0.009999499987499374,2.0,True,False,10,0,EXTENDED_PENDING_RESOURCE_GATE,COMPLETE_BASE_INSTANCE
C,2,3,random_ordered,64,0.25,16,0.1,f77f8841f238c100a73b8aa6d371f5f0f3d44049e5fc7936465b130115db584f,3413c21d7c0fff9ee49253647a85e3f92b69e9f5a2a89322c4fca90472ef7158,3,2,1.9824984237068133,3.0,0.09949874371066199,2.0,True,False,10,0,EXTENDED_PENDING_RESOURCE_GATE,COMPLETE_BASE_INSTANCE
C,2,3,random_ordered,64,0.25,16,0.5,337c176d0d556389a55b37d4e2a6ea0db8182b94a06014ddd54b4a40f260b7f4,3413c21d7c0fff9ee49253647a85e3f92b69e9f5a2a89322c4fca90472ef7158,3,2,1.5612494995995994,3.0,0.4330127018922193,2.0,True,False,10,0,EXTENDED_PENDING_RESOURCE_GATE,COMPLETE_BASE_INSTANCE
C,2,3,random_ordered,64,0.5,32,0.0001,22d9555b1af3919c031d99b29039999db90445be380728ae0c8e851404f6aeeb,3413c21d7c0fff9ee49253647a85e3f92b69e9f5a2a89322c4fca90472ef7158,3,2,1.9999999824999999,3.0,9.99999995e-05,2.0,True,False,10,0,EXTENDED_PENDING_RESOURCE_GATE,COMPLETE_BASE_INSTANCE
C,2,3,random_ordered,64,0.5,32,0.01,46c48b839eb67b770991477c9e4d95ba2b95809302dc447e99e03f306aceee05,3413c21d7c0fff9ee49253647a85e3f92b69e9f5a2a89322c4fca90472ef7158,3,2,1.9998249998437363,3.0,0.009999499987499374,2.0,True,False,10,0,EXTENDED_PENDING_RESOURCE_GATE,COMPLETE_BASE_INSTANCE
C,2,3,random_ordered,64,0.5,32,0.1,e92eaf0f8531073e8f7755913855400b7e6755e343750f1c89f2777ccce99bcd,3413c21d7c0fff9ee49253647a85e3f92b69e9f5a2a89322c4fca90472ef7158,3,2,1.9824984237068133,3.0,0.09949874371066199,2.0,True,False,10,0,EXTENDED_PENDING_RESOURCE_GATE,COMPLETE_BASE_INSTANCE
C,2,3,random_ordered,64,0.5,32,0.5,e77f5fd55c65c600c8876c479faea24b52aee563788c27415cabd032416b13b8,3413c21d7c0fff9ee49253647a85e3f92b69e9f5a2a89322c4fca90472ef7158,3,2,1.5612494995995994,3.0,0.4330127018922193,2.0,True,False,10,0,EXTENDED_PENDING_RESOURCE_GATE,COMPLETE_BASE_INSTANCE
C,2,3,random_ordered,64,0.75,48,0.0001,36de062077ee7f2e91b97fc1c85a08df946aafd926223df40fc996d52c0ae89b,3413c21d7c0fff9ee49253647a85e3f92b69e9f5a2a89322c4fca90472ef7158,3,2,1.9999999824999999,3.0,9.99999995e-05,2.0,True,False,10,0,EXTENDED_PENDING_RESOURCE_GATE,COMPLETE_BASE_INSTANCE
C,2,3,random_ordered,64,0.75,48,0.01,013e3ef678b8fb192651314893be7f52bf4d8e6206d6c256c93ebaed5857aef8,3413c21d7c0fff9ee49253647a85e3f92b69e9f5a2a89322c4fca90472ef7158,3,2,1.9998249998437363,3.0,0.009999499987499374,2.0,True,False,10,0,EXTENDED_PENDING_RESOURCE_GATE,COMPLETE_BASE_INSTANCE
C,2,3,random_ordered,64,0.75,48,0.1,7d5b69bbdafdc5e4f0027d4ee40e4f8cbe54533cb39309667dd1b19240198a88,3413c21d7c0fff9ee49253647a85e3f92b69e9f5a2a89322c4fca90472ef7158,3,2,1.9824984237068133,3.0,0.09949874371066199,2.0,True,False,10,0,EXTENDED_PENDING_RESOURCE_GATE,COMPLETE_BASE_INSTANCE
C,2,3,random_ordered,64,0.75,48,0.5,cfdef299ffb2904a7a73ada9218546fea0379a53b32ac73e54ac6b00ed339ed9,3413c21d7c0fff9ee49253647a85e3f92b69e9f5a2a89322c4fca90472ef7158,3,2,1.5612494995995994,3.0,0.4330127018922193,2.0,True,False,10,0,EXTENDED_PENDING_RESOURCE_GATE,COMPLETE_BASE_INSTANCE
C,2,6,comb,2,0.125,1,0.0001,2c7c9ee498163012a49e751829995b98e96c649c337f35b0780466e8e049e689,baeaa8eabd6aa4e13cb29b3726c1584f3a2ebaa3b9e595c4a2331f83dc59cfed,6,2,5.999999837500001,6.0,0.0014999999550000002,5.0,True,False,10,0,EXTENDED_PENDING_RESOURCE_GATE,COMPLETE_BASE_INSTANCE
C,2,6,comb,2,0.125,1,0.01,50c0a118adb4667d19addda1ccd716c6a0c42b5875aa070c14b3b91d6f852f7b,baeaa8eabd6aa4e13cb29b3726c1584f3a2ebaa3b9e595c4a2331f83dc59cfed,6,2,5.998375148279659,6.0,0.14995500309999998,5.0,True,False,10,0,EXTENDED_PENDING_RESOURCE_GATE,COMPLETE_BASE_INSTANCE
C,2,6,comb,2,0.125,1,0.1,418fd09c015dd42afb5fdf3cbb1cf51d337c9e657fe96103d97a6289d539fd7d,baeaa8eabd6aa4e13cb29b3726c1584f3a2ebaa3b9e595c4a2331f83dc59cfed,6,2,5.838981230805593,6.0,1.4553099999999999,5.0,True,False,10,0,EXTENDED_PENDING_RESOURCE_GATE,COMPLETE_BASE_INSTANCE
C,2,6,comb,2,0.125,1,0.5,b5af719f1f1c424e7f8a08a2a992fcf7b41e0c0d24b6f745ce4fbbdb461862af,baeaa8eabd6aa4e13cb29b3726c1584f3a2ebaa3b9e595c4a2331f83dc59cfed,6,2,2.8437499999999996,6.0,2.8437499999999996,5.0,True,False,10,0,EXTENDED_PENDING_RESOURCE_GATE,COMPLETE_BASE_INSTANCE
C,2,6,comb,2,0.25,1,0.0001,dffb109b0471f4b26414c9ec0d218010cb99494039928be235f4a69496802d12,baeaa8eabd6aa4e13cb29b3726c1584f3a2ebaa3b9e595c4a2331f83dc59cfed,6,2,5.999999837500001,6.0,0.0014999999550000002,5.0,True,False,10,0,EXTENDED_PENDING_RESOURCE_GATE,COMPLETE_BASE_INSTANCE
C,2,6,comb,2,0.25,1,0.01,eca69c77213f75fbe78e3d31eadde053c95baa90dd38f4a9ccf4a284b3dc28cf,baeaa8eabd6aa4e13cb29b3726c1584f3a2ebaa3b9e595c4a2331f83dc59cfed,6,2,5.998375148279659,6.0,0.14995500309999998,5.0,True,False,10,0,EXTENDED_PENDING_RESOURCE_GATE,COMPLETE_BASE_INSTANCE
C,2,6,comb,2,0.25,1,0.1,29f6fac3a15166e1718ef9887bc606aa385321e4ef2718dd6467a83f1095016d,baeaa8eabd6aa4e13cb29b3726c1584f3a2ebaa3b9e595c4a2331f83dc59cfed,6,2,5.838981230805593,6.0,1.4553099999999999,5.0,True,False,10,0,EXTENDED_PENDING_RESOURCE_GATE,COMPLETE_BASE_INSTANCE
C,2,6,comb,2,0.25,1,0.5,a77f2d70da6a03de18e049384fa16fe9986725321754f6dd06075820a75df4e1,baeaa8eabd6aa4e13cb29b3726c1584f3a2ebaa3b9e595c4a2331f83dc59cfed,6,2,2.8437499999999996,6.0,2.8437499999999996,5.0,True,False,10,0,EXTENDED_PENDING_RESOURCE_GATE,COMPLETE_BASE_INSTANCE
C,2,6,comb,2,0.5,1,0.0001,b01f3b6d1a4d587e44af76182778323f10403c10fe0a51b16b6a8875bc4cfbf8,baeaa8eabd6aa4e13cb29b3726c1584f3a2ebaa3b9e595c4a2331f83dc59cfed,6,2,5.999999837500001,6.0,0.0014999999550000002,5.0,True,False,10,0,EXTENDED_PENDING_RESOURCE_GATE,COMPLETE_BASE_INSTANCE
C,2,6,comb,2,0.5,1,0.01,fa4eb3c91402e7fa7da3e632eff76f599ae24cdfe44532d68aca31483ff1aa9f,baeaa8eabd6aa4e13cb29b3726c1584f3a2ebaa3b9e595c4a2331f83dc59cfed,6,2,5.998375148279659,6.0,0.14995500309999998,5.0,True,False,10,0,EXTENDED_PENDING_RESOURCE_GATE,COMPLETE_BASE_INSTANCE
C,2,6,comb,2,0.5,1,0.1,c6a77820d8537803b5e32b235ac56fa53b7de1c2c0029e5fead9503052a59131,baeaa8eabd6aa4e13cb29b3726c1584f3a2ebaa3b9e595c4a2331f83dc59cfed,6,2,5.838981230805593,6.0,1.4553099999999999,5.0,True,False,10,0,EXTENDED_PENDING_RESOURCE_GATE,COMPLETE_BASE_INSTANCE
C,2,6,comb,2,0.5,1,0.5,a3448ce2ba72108979b034050fb6bea17d14f243005e59ccdf7c52cee45e906f,baeaa8eabd6aa4e13cb29b3726c1584f3a2ebaa3b9e595c4a2331f83dc59cfed,6,2,2.8437499999999996,6.0,2.8437499999999996,5.0,True,False,10,0,EXTENDED_PENDING_RESOURCE_GATE,COMPLETE_BASE_INSTANCE
C,2,6,comb,2,0.75,1,0.0001,f9dd8b81aab48259ec13a9b826dad7fe4cfdf1200280b5c9da4851777f9894e4,baeaa8eabd6aa4e13cb29b3726c1584f3a2ebaa3b9e595c4a2331f83dc59cfed,6,2,5.999999837500001,6.0,0.0014999999550000002,5.0,True,False,10,0,EXTENDED_PENDING_RESOURCE_GATE,COMPLETE_BASE_INSTANCE
C,2,6,comb,2,0.75,1,0.01,92d5350ee6223088a44d389e7b02efec2a048e0db8fd0a424358bfa85abe0506,baeaa8eabd6aa4e13cb29b3726c1584f3a2ebaa3b9e595c4a2331f83dc59cfed,6,2,5.998375148279659,6.0,0.14995500309999998,5.0,True,False,10,0,EXTENDED_PENDING_RESOURCE_GATE,COMPLETE_BASE_INSTANCE
C,2,6,comb,2,0.75,1,0.1,5854a271b3764fa016553cd4d16c7e7e6e5e4668921209c21596efbf1d01c5cf,baeaa8eabd6aa4e13cb29b3726c1584f3a2ebaa3b9e595c4a2331f83dc59cfed,6,2,5.838981230805593,6.0,1.4553099999999999,5.0,True,False,10,0,EXTENDED_PENDING_RESOURCE_GATE,COMPLETE_BASE_INSTANCE
C,2,6,comb,2,0.75,1,0.5,d013ee301b1b411285339345f288515c407635b3ce29ab9a13091e47dc442fbc,baeaa8eabd6aa4e13cb29b3726c1584f3a2ebaa3b9e595c4a2331f83dc59cfed,6,2,2.8437499999999996,6.0,2.8437499999999996,5.0,True,False,10,0,EXTENDED_PENDING_RESOURCE_GATE,COMPLETE_BASE_INSTANCE
C,2,6,comb,4,0.125,1,0.0001,495e56e60033db283adfd6b0f0db7fecb7b8aeb67336aafec77ea341f2e34775,baeaa8eabd6aa4e13cb29b3726c1584f3a2ebaa3b9e595c4a2331f83dc59cfed,6,2,5.999999837500001,6.0,0.0014999999550000002,5.0,True,False,10,0,EXTENDED_PENDING_RESOURCE_GATE,COMPLETE_BASE_INSTANCE
C,2,6,comb,4,0.125,1,0.01,3c6bc0c43f7242f4512bddc5add1bf1ae7ae277e009dc835e8701a7c30e918db,baeaa8eabd6aa4e13cb29b3726c1584f3a2ebaa3b9e595c4a2331f83dc59cfed,6,2,5.998375148279659,6.0,0.14995500309999998,5.0,True,False,10,0,EXTENDED_PENDING_RESOURCE_GATE,COMPLETE_BASE_INSTANCE
C,2,6,comb,4,0.125,1,0.1,fb4672d5c47aa8902201803c3f24c658bbcd8142937dc6411f3aba114873272d,baeaa8eabd6aa4e13cb29b3726c1584f3a2ebaa3b9e595c4a2331f83dc59cfed,6,2,5.838981230805593,6.0,1.4553099999999999,5.0,True,False,10,0,EXTENDED_PENDING_RESOURCE_GATE,COMPLETE_BASE_INSTANCE
C,2,6,comb,4,0.125,1,0.5,da3648546989ae0d28ef74e9b26920937c61644089b407ec9741fe15301cf91e,baeaa8eabd6aa4e13cb29b3726c1584f3a2ebaa3b9e595c4a2331f83dc59cfed,6,2,2.8437499999999996,6.0,2.8437499999999996,5.0,True,False,10,0,EXTENDED_PENDING_RESOURCE_GATE,COMPLETE_BASE_INSTANCE
C,2,6,comb,4,0.25,1,0.0001,ec1e94a78a77a24e4258a559fe158cb294884d2ec6b1e95f094ad2be97303b2f,baeaa8eabd6aa4e13cb29b3726c1584f3a2ebaa3b9e595c4a2331f83dc59cfed,6,2,5.999999837500001,6.0,0.0014999999550000002,5.0,True,False,10,0,EXTENDED_PENDING_RESOURCE_GATE,COMPLETE_BASE_INSTANCE
C,2,6,comb,4,0.25,1,0.01,cccd753054d1811337153a0e815c8f4ee26bb3167c902af5f1437caa2eaf0f09,baeaa8eabd6aa4e13cb29b3726c1584f3a2ebaa3b9e595c4a2331f83dc59cfed,6,2,5.998375148279659,6.0,0.14995500309999998,5.0,True,False,10,0,EXTENDED_PENDING_RESOURCE_GATE,COMPLETE_BASE_INSTANCE
C,2,6,comb,4,0.25,1,0.1,405e725742bcb563167870e52fb6b56455431e5c881757e2d9cd70f40f0c05f0,baeaa8eabd6aa4e13cb29b3726c1584f3a2ebaa3b9e595c4a2331f83dc59cfed,6,2,5.838981230805593,6.0,1.4553099999999999,5.0,True,False,10,0,EXTENDED_PENDING_RESOURCE_GATE,COMPLETE_BASE_INSTANCE
C,2,6,comb,4,0.25,1,0.5,46d70a9e3899d5bb8a1cb7ee06558f1bf27c03adce669ac167727ca7ab3701bb,baeaa8eabd6aa4e13cb29b3726c1584f3a2ebaa3b9e595c4a2331f83dc59cfed,6,2,2.8437499999999996,6.0,2.8437499999999996,5.0,True,False,10,0,EXTENDED_PENDING_RESOURCE_GATE,COMPLETE_BASE_INSTANCE
C,2,6,comb,4,0.5,2,0.0001,06af1f24b9f40a5a1cb38d701676853dec22249c6029d0b0ff89bbe0e3f9b704,baeaa8eabd6aa4e13cb29b3726c1584f3a2ebaa3b9e595c4a2331f83dc59cfed,6,2,5.999999837500001,6.0,0.0014999999550000002,5.0,True,False,10,0,EXTENDED_PENDING_RESOURCE_GATE,COMPLETE_BASE_INSTANCE
C,2,6,comb,4,0.5,2,0.01,e8d5b7d51b7378b40d94990121611c902168c14c83f0184391c86ff0fc40e920,baeaa8eabd6aa4e13cb29b3726c1584f3a2ebaa3b9e595c4a2331f83dc59cfed,6,2,5.998375148279659,6.0,0.14995500309999998,5.0,True,False,10,0,EXTENDED_PENDING_RESOURCE_GATE,COMPLETE_BASE_INSTANCE
C,2,6,comb,4,0.5,2,0.1,9af68188db4c289695f7554f11023423757860f63c19e684cd9b1d5a4f087a94,baeaa8eabd6aa4e13cb29b3726c1584f3a2ebaa3b9e595c4a2331f83dc59cfed,6,2,5.838981230805593,6.0,1.4553099999999999,5.0,True,False,10,0,EXTENDED_PENDING_RESOURCE_GATE,COMPLETE_BASE_INSTANCE
C,2,6,comb,4,0.5,2,0.5,9c40455120c147cd7a04fb91b9bbe66eb74d264686a6a979da632d12859314cd,baeaa8eabd6aa4e13cb29b3726c1584f3a2ebaa3b9e595c4a2331f83dc59cfed,6,2,2.8437499999999996,6.0,2.8437499999999996,5.0,True,False,10,0,EXTENDED_PENDING_RESOURCE_GATE,COMPLETE_BASE_INSTANCE
C,2,6,comb,4,0.75,3,0.0001,c59a04a1086e4ad9c83c7909fe01cfa19559ec03f840f8f630ee6ca006bd9b87,baeaa8eabd6aa4e13cb29b3726c1584f3a2ebaa3b9e595c4a2331f83dc59cfed,6,2,5.999999837500001,6.0,0.0014999999550000002,5.0,True,False,10,0,EXTENDED_PENDING_RESOURCE_GATE,COMPLETE_BASE_INSTANCE
C,2,6,comb,4,0.75,3,0.01,a3de80929ec90cc49ba4a9307c947833ba93e1519c93cc6e79532e3ef95368c7,baeaa8eabd6aa4e13cb29b3726c1584f3a2ebaa3b9e595c4a2331f83dc59cfed,6,2,5.998375148279659,6.0,0.14995500309999998,5.0,True,False,10,0,EXTENDED_PENDING_RESOURCE_GATE,COMPLETE_BASE_INSTANCE
C,2,6,comb,4,0.75,3,0.1,e1cfa4efa6b3d121bd243b03050d7ebfda5e0dbe2db54064991301a40e05c24e,baeaa8eabd6aa4e13cb29b3726c1584f3a2ebaa3b9e595c4a2331f83dc59cfed,6,2,5.838981230805593,6.0,1.4553099999999999,5.0,True,False,10,0,EXTENDED_PENDING_RESOURCE_GATE,COMPLETE_BASE_INSTANCE
C,2,6,comb,4,0.75,3,0.5,b9a9921bea69f8839a876ebf0b4754119357d62387e0ceb384b01c7da7e033d3,baeaa8eabd6aa4e13cb29b3726c1584f3a2ebaa3b9e595c4a2331f83dc59cfed,6,2,2.8437499999999996,6.0,2.8437499999999996,5.0,True,False,10,0,EXTENDED_PENDING_RESOURCE_GATE,COMPLETE_BASE_INSTANCE
C,2,6,comb,8,0.125,1,0.0001,80e37de664bb4fbdc9c893f06626ef1be5e1cebc942c4b2eb820aa0d2eedc244,baeaa8eabd6aa4e13cb29b3726c1584f3a2ebaa3b9e595c4a2331f83dc59cfed,6,2,5.999999837500001,6.0,0.0014999999550000002,5.0,True,False,10,0,EXTENDED_PENDING_RESOURCE_GATE,COMPLETE_BASE_INSTANCE
C,2,6,comb,8,0.125,1,0.01,8345dd3462d69cd24914d21b1cbce20030eafc41fe401b935333a8d8bd050eea,baeaa8eabd6aa4e13cb29b3726c1584f3a2ebaa3b9e595c4a2331f83dc59cfed,6,2,5.998375148279659,6.0,0.14995500309999998,5.0,True,False,10,0,EXTENDED_PENDING_RESOURCE_GATE,COMPLETE_BASE_INSTANCE
C,2,6,comb,8,0.125,1,0.1,f4727993560653a091b01523db7f9a865051c79343daf6ac4e791f6b8184b84c,baeaa8eabd6aa4e13cb29b3726c1584f3a2ebaa3b9e595c4a2331f83dc59cfed,6,2,5.838981230805593,6.0,1.4553099999999999,5.0,True,False,10,0,EXTENDED_PENDING_RESOURCE_GATE,COMPLETE_BASE_INSTANCE
C,2,6,comb,8,0.125,1,0.5,f2de39affdcef99d5fa3e58c24a2d1fdb61df7330aeb19167daf2af2b06d3b08,baeaa8eabd6aa4e13cb29b3726c1584f3a2ebaa3b9e595c4a2331f83dc59cfed,6,2,2.8437499999999996,6.0,2.8437499999999996,5.0,True,False,10,0,EXTENDED_PENDING_RESOURCE_GATE,COMPLETE_BASE_INSTANCE
C,2,6,comb,8,0.25,2,0.0001,9aab2c876911e785c8d1bbd52229022e98f30c54aa02a62e0f1db39dd6f1de26,baeaa8eabd6aa4e13cb29b3726c1584f3a2ebaa3b9e595c4a2331f83dc59cfed,6,2,5.999999837500001,6.0,0.0014999999550000002,5.0,True,False,10,0,EXTENDED_PENDING_RESOURCE_GATE,COMPLETE_BASE_INSTANCE
C,2,6,comb,8,0.25,2,0.01,d34511fb75f6300615c96787cb31d2b7d058604dd12032d88647a13f3a1fb873,baeaa8eabd6aa4e13cb29b3726c1584f3a2ebaa3b9e595c4a2331f83dc59cfed,6,2,5.998375148279659,6.0,0.14995500309999998,5.0,True,False,10,0,EXTENDED_PENDING_RESOURCE_GATE,COMPLETE_BASE_INSTANCE
C,2,6,comb,8,0.25,2,0.1,59d39b6c89677a0d925b22dc5d959771c9f29c1f6d7332ca5351c8d6ff72dc79,baeaa8eabd6aa4e13cb29b3726c1584f3a2ebaa3b9e595c4a2331f83dc59cfed,6,2,5.838981230805593,6.0,1.4553099999999999,5.0,True,False,10,0,EXTENDED_PENDING_RESOURCE_GATE,COMPLETE_BASE_INSTANCE
C,2,6,comb,8,0.25,2,0.5,b6a687598a8461c999f67cd95f5878e3aa12056925f95cbeaea2d9f8219b590a,baeaa8eabd6aa4e13cb29b3726c1584f3a2ebaa3b9e595c4a2331f83dc59cfed,6,2,2.8437499999999996,6.0,2.8437499999999996,5.0,True,False,10,0,EXTENDED_PENDING_RESOURCE_GATE,COMPLETE_BASE_INSTANCE
C,2,6,comb,8,0.5,4,0.0001,8d9d396d3257890fa99f6fb4616d35c5039f58259e49dc90837b65c839ebc9d2,baeaa8eabd6aa4e13cb29b3726c1584f3a2ebaa3b9e595c4a2331f83dc59cfed,6,2,5.999999837500001,6.0,0.0014999999550000002,5.0,True,False,10,0,EXTENDED_PENDING_RESOURCE_GATE,COMPLETE_BASE_INSTANCE
C,2,6,comb,8,0.5,4,0.01,8a07126c9dd7cf39e4d8dca8490e55791905387d8d32366df39f5e4dc6b51be4,baeaa8eabd6aa4e13cb29b3726c1584f3a2ebaa3b9e595c4a2331f83dc59cfed,6,2,5.998375148279659,6.0,0.14995500309999998,5.0,True,False,10,0,EXTENDED_PENDING_RESOURCE_GATE,COMPLETE_BASE_INSTANCE
C,2,6,comb,8,0.5,4,0.1,aed61340d66a7ae9658178dd2da2e8afedc411e03420a9ef84d202ec6f354856,baeaa8eabd6aa4e13cb29b3726c1584f3a2ebaa3b9e595c4a2331f83dc59cfed,6,2,5.838981230805593,6.0,1.4553099999999999,5.0,True,False,10,0,EXTENDED_PENDING_RESOURCE_GATE,COMPLETE_BASE_INSTANCE
C,2,6,comb,8,0.5,4,0.5,c772918d0765717b93541c846e52a5bb48291d53af1f728d3155f5312162e06f,baeaa8eabd6aa4e13cb29b3726c1584f3a2ebaa3b9e595c4a2331f83dc59cfed,6,2,2.8437499999999996,6.0,2.8437499999999996,5.0,True,False,10,0,EXTENDED_PENDING_RESOURCE_GATE,COMPLETE_BASE_INSTANCE
C,2,6,comb,8,0.75,6,0.0001,cedaaa032bd2ec72d8c48ac30636c90a61cd7f077506bbc03b6c2c0f94dca76e,baeaa8eabd6aa4e13cb29b3726c1584f3a2ebaa3b9e595c4a2331f83dc59cfed,6,2,5.999999837500001,6.0,0.0014999999550000002,5.0,True,False,10,0,EXTENDED_PENDING_RESOURCE_GATE,COMPLETE_BASE_INSTANCE
C,2,6,comb,8,0.75,6,0.01,b174f13808daf3bf962976f6c074f33b752c3267f105290022d11118985a4132,baeaa8eabd6aa4e13cb29b3726c1584f3a2ebaa3b9e595c4a2331f83dc59cfed,6,2,5.998375148279659,6.0,0.14995500309999998,5.0,True,False,10,0,EXTENDED_PENDING_RESOURCE_GATE,COMPLETE_BASE_INSTANCE
C,2,6,comb,8,0.75,6,0.1,a8f7c5e8cfdbb2955995aebcb3b317769af5a77e28bfd5f24c1cb075496acbaa,baeaa8eabd6aa4e13cb29b3726c1584f3a2ebaa3b9e595c4a2331f83dc59cfed,6,2,5.838981230805593,6.0,1.4553099999999999,5.0,True,False,10,0,EXTENDED_PENDING_RESOURCE_GATE,COMPLETE_BASE_INSTANCE
C,2,6,comb,8,0.75,6,0.5,a5c65845f708b074247f75f66fcc660fd23771bec25e4a67ca6428820171c4ac,baeaa8eabd6aa4e13cb29b3726c1584f3a2ebaa3b9e595c4a2331f83dc59cfed,6,2,2.8437499999999996,6.0,2.8437499999999996,5.0,True,False,10,0,EXTENDED_PENDING_RESOURCE_GATE,COMPLETE_BASE_INSTANCE
C,2,6,comb,16,0.125,2,0.0001,b11c9c15872cb886898f9aa94f2edf0d2be33786a8309d16a98e6cc2fb0fb23a,baeaa8eabd6aa4e13cb29b3726c1584f3a2ebaa3b9e595c4a2331f83dc59cfed,6,2,5.999999837500001,6.0,0.0014999999550000002,5.0,True,False,10,0,EXTENDED_PENDING_RESOURCE_GATE,COMPLETE_BASE_INSTANCE
C,2,6,comb,16,0.125,2,0.01,c01242c16959a4007a024c1e6a98d918d67cff9b56c4ca642c0f021386b6f9b5,baeaa8eabd6aa4e13cb29b3726c1584f3a2ebaa3b9e595c4a2331f83dc59cfed,6,2,5.998375148279659,6.0,0.14995500309999998,5.0,True,False,10,0,EXTENDED_PENDING_RESOURCE_GATE,COMPLETE_BASE_INSTANCE
C,2,6,comb,16,0.125,2,0.1,fe442b1ad04598e1700569a5d1dd826970f3872cf2b16b56bc1fdbfaff7bdba2,baeaa8eabd6aa4e13cb29b3726c1584f3a2ebaa3b9e595c4a2331f83dc59cfed,6,2,5.838981230805593,6.0,1.4553099999999999,5.0,True,False,10,0,EXTENDED_PENDING_RESOURCE_GATE,COMPLETE_BASE_INSTANCE
C,2,6,comb,16,0.125,2,0.5,c6a9c7d0bb365d899e10190820a22e14bfbbee89ed100f021b056acc11d63086,baeaa8eabd6aa4e13cb29b3726c1584f3a2ebaa3b9e595c4a2331f83dc59cfed,6,2,2.8437499999999996,6.0,2.8437499999999996,5.0,True,False,10,0,EXTENDED_PENDING_RESOURCE_GATE,COMPLETE_BASE_INSTANCE
C,2,6,comb,16,0.25,4,0.0001,6869ef41294dd7164c563fa69dac48a33d15b5c94ea8527cc7ca9015c7e0173f,baeaa8eabd6aa4e13cb29b3726c1584f3a2ebaa3b9e595c4a2331f83dc59cfed,6,2,5.999999837500001,6.0,0.0014999999550000002,5.0,True,False,10,0,EXTENDED_PENDING_RESOURCE_GATE,COMPLETE_BASE_INSTANCE
C,2,6,comb,16,0.25,4,0.01,8924db3beabad33fb7bbe8b050d705f506db77790bdab335bca8c556062685df,baeaa8eabd6aa4e13cb29b3726c1584f3a2ebaa3b9e595c4a2331f83dc59cfed,6,2,5.998375148279659,6.0,0.14995500309999998,5.0,True,False,10,0,EXTENDED_PENDING_RESOURCE_GATE,COMPLETE_BASE_INSTANCE
C,2,6,comb,16,0.25,4,0.1,94bb8a311a293414faad54e1a51f93f426f8d4660034e04e3ea77c7c19b2bc99,baeaa8eabd6aa4e13cb29b3726c1584f3a2ebaa3b9e595c4a2331f83dc59cfed,6,2,5.838981230805593,6.0,1.4553099999999999,5.0,True,False,10,0,EXTENDED_PENDING_RESOURCE_GATE,COMPLETE_BASE_INSTANCE
C,2,6,comb,16,0.25,4,0.5,8fa9af0b764d8720023b0e7085fdaade63f895a50d78d97ff39200c6acc9053f,baeaa8eabd6aa4e13cb29b3726c1584f3a2ebaa3b9e595c4a2331f83dc59cfed,6,2,2.8437499999999996,6.0,2.8437499999999996,5.0,True,False,10,0,EXTENDED_PENDING_RESOURCE_GATE,COMPLETE_BASE_INSTANCE
C,2,6,comb,16,0.5,8,0.0001,933c953f0ecdd8b527bc15d6d90aa9b3fca5f47077ab4acf0e4be59169d4bc89,baeaa8eabd6aa4e13cb29b3726c1584f3a2ebaa3b9e595c4a2331f83dc59cfed,6,2,5.999999837500001,6.0,0.0014999999550000002,5.0,True,False,10,0,EXTENDED_PENDING_RESOURCE_GATE,COMPLETE_BASE_INSTANCE
C,2,6,comb,16,0.5,8,0.01,5ae24da7fa128d2cbf298fc5d3ee5a7354fdd44d3e894f890313255daff6e479,baeaa8eabd6aa4e13cb29b3726c1584f3a2ebaa3b9e595c4a2331f83dc59cfed,6,2,5.998375148279659,6.0,0.14995500309999998,5.0,True,False,10,0,EXTENDED_PENDING_RESOURCE_GATE,COMPLETE_BASE_INSTANCE
C,2,6,comb,16,0.5,8,0.1,8607e41069598e107bc690d2e384824edda53471be01f2078d899d7c0bf7fc2a,baeaa8eabd6aa4e13cb29b3726c1584f3a2ebaa3b9e595c4a2331f83dc59cfed,6,2,5.838981230805593,6.0,1.4553099999999999,5.0,True,False,10,0,EXTENDED_PENDING_RESOURCE_GATE,COMPLETE_BASE_INSTANCE
C,2,6,comb,16,0.5,8,0.5,e2a6af4ba50f7357c6d8da0e13743ee250113867fe81cb0bb0f719cc7f596811,baeaa8eabd6aa4e13cb29b3726c1584f3a2ebaa3b9e595c4a2331f83dc59cfed,6,2,2.8437499999999996,6.0,2.8437499999999996,5.0,True,False,10,0,EXTENDED_PENDING_RESOURCE_GATE,COMPLETE_BASE_INSTANCE
C,2,6,comb,16,0.75,12,0.0001,cd2476ec7b2630a0e431565c7ebc785f6ff48738326527ba7c450695b096a43e,baeaa8eabd6aa4e13cb29b3726c1584f3a2ebaa3b9e595c4a2331f83dc59cfed,6,2,5.999999837500001,6.0,0.0014999999550000002,5.0,True,False,10,0,EXTENDED_PENDING_RESOURCE_GATE,COMPLETE_BASE_INSTANCE
C,2,6,comb,16,0.75,12,0.01,9f4ab9d07e245f56c7945af66d5229f6a920554f8a3131cc6f8e082351c8fe05,baeaa8eabd6aa4e13cb29b3726c1584f3a2ebaa3b9e595c4a2331f83dc59cfed,6,2,5.998375148279659,6.0,0.14995500309999998,5.0,True,False,10,0,EXTENDED_PENDING_RESOURCE_GATE,COMPLETE_BASE_INSTANCE
C,2,6,comb,16,0.75,12,0.1,d9e9e5e29712d2cbf62c762ce118325978ed0da413e7a3717c5a7263e60a84a4,baeaa8eabd6aa4e13cb29b3726c1584f3a2ebaa3b9e595c4a2331f83dc59cfed,6,2,5.838981230805593,6.0,1.4553099999999999,5.0,True,False,10,0,EXTENDED_PENDING_RESOURCE_GATE,COMPLETE_BASE_INSTANCE
C,2,6,comb,16,0.75,12,0.5,8581f32a4b6f0c87f28b7bc2b13e43de91bae808d6cb2df16f7db39cb06fd719,baeaa8eabd6aa4e13cb29b3726c1584f3a2ebaa3b9e595c4a2331f83dc59cfed,6,2,2.8437499999999996,6.0,2.8437499999999996,5.0,True,False,10,0,EXTENDED_PENDING_RESOURCE_GATE,COMPLETE_BASE_INSTANCE
C,2,6,comb,32,0.125,4,0.0001,611b2d069391bdf1c56881a0c19fd700ec33af092ee2ffbaba3818f49b8c25e4,baeaa8eabd6aa4e13cb29b3726c1584f3a2ebaa3b9e595c4a2331f83dc59cfed,6,2,5.999999837500001,6.0,0.0014999999550000002,5.0,True,False,10,0,EXTENDED_PENDING_RESOURCE_GATE,COMPLETE_BASE_INSTANCE
C,2,6,comb,32,0.125,4,0.01,dc8abfb24297fc1e2f8ee7f485877edf33d77da0e5583bf54ab3e5db8eb5070b,baeaa8eabd6aa4e13cb29b3726c1584f3a2ebaa3b9e595c4a2331f83dc59cfed,6,2,5.998375148279659,6.0,0.14995500309999998,5.0,True,False,10,0,EXTENDED_PENDING_RESOURCE_GATE,COMPLETE_BASE_INSTANCE
C,2,6,comb,32,0.125,4,0.1,115b2bb8e5619773828fb32b4b84a3197b9773cd8d5c99150af3a139c31db9ac,baeaa8eabd6aa4e13cb29b3726c1584f3a2ebaa3b9e595c4a2331f83dc59cfed,6,2,5.838981230805593,6.0,1.4553099999999999,5.0,True,False,10,0,EXTENDED_PENDING_RESOURCE_GATE,COMPLETE_BASE_INSTANCE
C,2,6,comb,32,0.125,4,0.5,6e90e11d060687adee47c2695ca927bcca11f191d776ed8fcfde9cfe5e237ee3,baeaa8eabd6aa4e13cb29b3726c1584f3a2ebaa3b9e595c4a2331f83dc59cfed,6,2,2.8437499999999996,6.0,2.8437499999999996,5.0,True,False,10,0,EXTENDED_PENDING_RESOURCE_GATE,COMPLETE_BASE_INSTANCE
C,2,6,comb,32,0.25,8,0.0001,5b92f5347de4eb8830a12f0a584343b1633204b0a2f37a753b033758d91cc1b9,baeaa8eabd6aa4e13cb29b3726c1584f3a2ebaa3b9e595c4a2331f83dc59cfed,6,2,5.999999837500001,6.0,0.0014999999550000002,5.0,True,False,10,0,EXTENDED_PENDING_RESOURCE_GATE,COMPLETE_BASE_INSTANCE
C,2,6,comb,32,0.25,8,0.01,8344d7b0673209e90a529daa6bde8ea731124782eec6f907408e582092478a9a,baeaa8eabd6aa4e13cb29b3726c1584f3a2ebaa3b9e595c4a2331f83dc59cfed,6,2,5.998375148279659,6.0,0.14995500309999998,5.0,True,False,10,0,EXTENDED_PENDING_RESOURCE_GATE,COMPLETE_BASE_INSTANCE
C,2,6,comb,32,0.25,8,0.1,08c4ae8a806acee85c8d9075bfd8aa6fcd9924b5b68837bc33c280c8cd22c0d7,baeaa8eabd6aa4e13cb29b3726c1584f3a2ebaa3b9e595c4a2331f83dc59cfed,6,2,5.838981230805593,6.0,1.4553099999999999,5.0,True,False,10,0,EXTENDED_PENDING_RESOURCE_GATE,COMPLETE_BASE_INSTANCE
C,2,6,comb,32,0.25,8,0.5,258866e486a9d7d86d960a0d39330646d34a1f9097288ba78924fd6665013fce,baeaa8eabd6aa4e13cb29b3726c1584f3a2ebaa3b9e595c4a2331f83dc59cfed,6,2,2.8437499999999996,6.0,2.8437499999999996,5.0,True,False,10,0,EXTENDED_PENDING_RESOURCE_GATE,COMPLETE_BASE_INSTANCE
C,2,6,comb,32,0.5,16,0.0001,4a450277008faaf41822a00bcf1ba20bfa40512915573a7b8184ea73a6cbb8da,baeaa8eabd6aa4e13cb29b3726c1584f3a2ebaa3b9e595c4a2331f83dc59cfed,6,2,5.999999837500001,6.0,0.0014999999550000002,5.0,True,False,10,0,EXTENDED_PENDING_RESOURCE_GATE,COMPLETE_BASE_INSTANCE
C,2,6,comb,32,0.5,16,0.01,d484c112dee981bd7aba066c274d3db4147983c592cb6735f4113ea5d865e26b,baeaa8eabd6aa4e13cb29b3726c1584f3a2ebaa3b9e595c4a2331f83dc59cfed,6,2,5.998375148279659,6.0,0.14995500309999998,5.0,True,False,10,0,EXTENDED_PENDING_RESOURCE_GATE,COMPLETE_BASE_INSTANCE
C,2,6,comb,32,0.5,16,0.1,e34f7a04a23d9cae918d6d185336f63c8bfc1270d58299a3dd2c0e1a99c19a9e,baeaa8eabd6aa4e13cb29b3726c1584f3a2ebaa3b9e595c4a2331f83dc59cfed,6,2,5.838981230805593,6.0,1.4553099999999999,5.0,True,False,10,0,EXTENDED_PENDING_RESOURCE_GATE,COMPLETE_BASE_INSTANCE
C,2,6,comb,32,0.5,16,0.5,d60cf22ea1bfd6d6720fd90eb04d47a7ed9c161f4134b9ba4c483312d5611f74,baeaa8eabd6aa4e13cb29b3726c1584f3a2ebaa3b9e595c4a2331f83dc59cfed,6,2,2.8437499999999996,6.0,2.8437499999999996,5.0,True,False,10,0,EXTENDED_PENDING_RESOURCE_GATE,COMPLETE_BASE_INSTANCE
C,2,6,comb,32,0.75,24,0.0001,f9358cdfd40c719ac424559145a314b4b1d1bddbccfe277c39095f3d6ede14b7,baeaa8eabd6aa4e13cb29b3726c1584f3a2ebaa3b9e595c4a2331f83dc59cfed,6,2,5.999999837500001,6.0,0.0014999999550000002,5.0,True,False,10,0,EXTENDED_PENDING_RESOURCE_GATE,COMPLETE_BASE_INSTANCE
C,2,6,comb,32,0.75,24,0.01,4f027b1e3a5cfdd515267dbab497b5eefbab77d36c2bbea5a626a921a7f9b50d,baeaa8eabd6aa4e13cb29b3726c1584f3a2ebaa3b9e595c4a2331f83dc59cfed,6,2,5.998375148279659,6.0,0.14995500309999998,5.0,True,False,10,0,EXTENDED_PENDING_RESOURCE_GATE,COMPLETE_BASE_INSTANCE
C,2,6,comb,32,0.75,24,0.1,46866420c4e223d6db7b2738b1e1c97a99fbda8b5da79f6ba8eb4911b3dc413a,baeaa8eabd6aa4e13cb29b3726c1584f3a2ebaa3b9e595c4a2331f83dc59cfed,6,2,5.838981230805593,6.0,1.4553099999999999,5.0,True,False,10,0,EXTENDED_PENDING_RESOURCE_GATE,COMPLETE_BASE_INSTANCE
C,2,6,comb,32,0.75,24,0.5,2f3da34b53e5276f37a131363deb631dff324ada42ed2da83b06b57e162ead8b,baeaa8eabd6aa4e13cb29b3726c1584f3a2ebaa3b9e595c4a2331f83dc59cfed,6,2,2.8437499999999996,6.0,2.8437499999999996,5.0,True,False,10,0,EXTENDED_PENDING_RESOURCE_GATE,COMPLETE_BASE_INSTANCE
C,2,6,comb,64,0.125,8,0.0001,32ffb7eef42970b417bf6aa5ffe80e954b2da5e0ba4fb9c265b44d6d14bbee54,baeaa8eabd6aa4e13cb29b3726c1584f3a2ebaa3b9e595c4a2331f83dc59cfed,6,2,5.999999837500001,6.0,0.0014999999550000002,5.0,True,False,10,0,EXTENDED_PENDING_RESOURCE_GATE,COMPLETE_BASE_INSTANCE
C,2,6,comb,64,0.125,8,0.01,c5a0243767cc1637df1737f62bd283a4a10e55ba90cf8ca84b1058774fcd2e9f,baeaa8eabd6aa4e13cb29b3726c1584f3a2ebaa3b9e595c4a2331f83dc59cfed,6,2,5.998375148279659,6.0,0.14995500309999998,5.0,True,False,10,0,EXTENDED_PENDING_RESOURCE_GATE,COMPLETE_BASE_INSTANCE
C,2,6,comb,64,0.125,8,0.1,f3732f36c8c07d0ae28ae62d7ca38ef3e81d3af4df26901321b840264c59b312,baeaa8eabd6aa4e13cb29b3726c1584f3a2ebaa3b9e595c4a2331f83dc59cfed,6,2,5.838981230805593,6.0,1.4553099999999999,5.0,True,False,10,0,EXTENDED_PENDING_RESOURCE_GATE,COMPLETE_BASE_INSTANCE
C,2,6,comb,64,0.125,8,0.5,41b13ce30a90accd8abe017bd3797acaea458c21fed9eb9e632dfafb1df68438,baeaa8eabd6aa4e13cb29b3726c1584f3a2ebaa3b9e595c4a2331f83dc59cfed,6,2,2.8437499999999996,6.0,2.8437499999999996,5.0,True,False,10,0,EXTENDED_PENDING_RESOURCE_GATE,COMPLETE_BASE_INSTANCE
C,2,6,comb,64,0.25,16,0.0001,8017b4146c4165ac7aa51390692fe47c3a4540cfc1eaadfa129379ab57edff22,baeaa8eabd6aa4e13cb29b3726c1584f3a2ebaa3b9e595c4a2331f83dc59cfed,6,2,5.999999837500001,6.0,0.0014999999550000002,5.0,True,False,10,0,EXTENDED_PENDING_RESOURCE_GATE,COMPLETE_BASE_INSTANCE
C,2,6,comb,64,0.25,16,0.01,0c903ac9ceb44f28746494a740b611e6c540bc8fd1de4e9dfaabce7cb84c718c,baeaa8eabd6aa4e13cb29b3726c1584f3a2ebaa3b9e595c4a2331f83dc59cfed,6,2,5.998375148279659,6.0,0.14995500309999998,5.0,True,False,10,0,EXTENDED_PENDING_RESOURCE_GATE,COMPLETE_BASE_INSTANCE
C,2,6,comb,64,0.25,16,0.1,27d0c00713e32f5506018947a41f9043b50e4a9d715efb7be0fe7dd2be0f7e0d,baeaa8eabd6aa4e13cb29b3726c1584f3a2ebaa3b9e595c4a2331f83dc59cfed,6,2,5.838981230805593,6.0,1.4553099999999999,5.0,True,False,10,0,EXTENDED_PENDING_RESOURCE_GATE,COMPLETE_BASE_INSTANCE
C,2,6,comb,64,0.25,16,0.5,e792078c383a3c2b2dff1515d3abe6da4b94ccd30c001f6390455f92b740bd3e,baeaa8eabd6aa4e13cb29b3726c1584f3a2ebaa3b9e595c4a2331f83dc59cfed,6,2,2.8437499999999996,6.0,2.8437499999999996,5.0,True,False,10,0,EXTENDED_PENDING_RESOURCE_GATE,COMPLETE_BASE_INSTANCE
C,2,6,comb,64,0.5,32,0.0001,cd02118630ec129ee054b0eed378dcb1be6114753d4a65fbef042a73c477177a,baeaa8eabd6aa4e13cb29b3726c1584f3a2ebaa3b9e595c4a2331f83dc59cfed,6,2,5.999999837500001,6.0,0.0014999999550000002,5.0,True,False,10,0,EXTENDED_PENDING_RESOURCE_GATE,COMPLETE_BASE_INSTANCE
C,2,6,comb,64,0.5,32,0.01,b3b5b591d1e8e7f56a6c136a61ecf0c3a32af52094205ce636c25d557872cc57,baeaa8eabd6aa4e13cb29b3726c1584f3a2ebaa3b9e595c4a2331f83dc59cfed,6,2,5.998375148279659,6.0,0.14995500309999998,5.0,True,False,10,0,EXTENDED_PENDING_RESOURCE_GATE,COMPLETE_BASE_INSTANCE
C,2,6,comb,64,0.5,32,0.1,7a8693dc460bc17ac61f1e761c6ec56ab997499ef45a6ddba33c4359011fb76f,baeaa8eabd6aa4e13cb29b3726c1584f3a2ebaa3b9e595c4a2331f83dc59cfed,6,2,5.838981230805593,6.0,1.4553099999999999,5.0,True,False,10,0,EXTENDED_PENDING_RESOURCE_GATE,COMPLETE_BASE_INSTANCE
C,2,6,comb,64,0.5,32,0.5,d299898d1079509a0e202533b9c8fa377f9a56e00b2774a3397a844f6686ab7a,baeaa8eabd6aa4e13cb29b3726c1584f3a2ebaa3b9e595c4a2331f83dc59cfed,6,2,2.8437499999999996,6.0,2.8437499999999996,5.0,True,False,10,0,EXTENDED_PENDING_RESOURCE_GATE,COMPLETE_BASE_INSTANCE
C,2,6,comb,64,0.75,48,0.0001,446790c37a23c671af05f8d3bac1d46bbc47eb42991119c77e56bb3d99669eb4,baeaa8eabd6aa4e13cb29b3726c1584f3a2ebaa3b9e595c4a2331f83dc59cfed,6,2,5.999999837500001,6.0,0.0014999999550000002,5.0,True,False,10,0,EXTENDED_PENDING_RESOURCE_GATE,COMPLETE_BASE_INSTANCE
C,2,6,comb,64,0.75,48,0.01,3c2698a0501fdb12292e27de918f640ca01c29426641652ef575c66fd779eac6,baeaa8eabd6aa4e13cb29b3726c1584f3a2ebaa3b9e595c4a2331f83dc59cfed,6,2,5.998375148279659,6.0,0.14995500309999998,5.0,True,False,10,0,EXTENDED_PENDING_RESOURCE_GATE,COMPLETE_BASE_INSTANCE
C,2,6,comb,64,0.75,48,0.1,78f9c651d06b050a28b5366170ed81df92b11f197d9b87ceacc0cc563081288e,baeaa8eabd6aa4e13cb29b3726c1584f3a2ebaa3b9e595c4a2331f83dc59cfed,6,2,5.838981230805593,6.0,1.4553099999999999,5.0,True,False,10,0,EXTENDED_PENDING_RESOURCE_GATE,COMPLETE_BASE_INSTANCE
C,2,6,comb,64,0.75,48,0.5,b52f9830d7cc1f787289ae3b8993390140ee9dac39c17d80b47569ff6d52c6a7,baeaa8eabd6aa4e13cb29b3726c1584f3a2ebaa3b9e595c4a2331f83dc59cfed,6,2,2.8437499999999996,6.0,2.8437499999999996,5.0,True,False,10,0,EXTENDED_PENDING_RESOURCE_GATE,COMPLETE_BASE_INSTANCE
C,2,6,balanced,2,0.125,1,0.0001,9b0cf3084a5e0002e9667b55b371ea3ebd9eb12d449e325636c8e32e63ce4a51,d9a2cd7e097306fcf72fa0218bf41e459ae5922dbdfb15759525de5565b92b35,3,3,2.9999999116666674,6.0,0.00039999998900000006,5.0,True,False,10,0,EXTENDED_PENDING_RESOURCE_GATE,COMPLETE_BASE_INSTANCE
C,2,6,balanced,2,0.125,1,0.01,332d6705c724b4083fc1b6ef0689f43e6d38cacf46e7e2e8d63717011d989f6c,d9a2cd7e097306fcf72fa0218bf41e459ae5922dbdfb15759525de5565b92b35,3,3,2.9991167366191345,6.0,0.0399890007,5.0,True,False,10,0,EXTENDED_PENDING_RESOURCE_GATE,COMPLETE_BASE_INSTANCE
C,2,6,balanced,2,0.125,1,0.1,a3cd3306de4b7ac253bf81edf51eb5f98191aad2ba8fb90eae25798f8d30f249,d9a2cd7e097306fcf72fa0218bf41e459ae5922dbdfb15759525de5565b92b35,3,3,2.9123649665692652,6.0,0.38906999999999997,5.0,True,False,10,0,EXTENDED_PENDING_RESOURCE_GATE,COMPLETE_BASE_INSTANCE
C,2,6,balanced,2,0.125,1,0.5,76ca4d3b5802d68cfed05c34c5bf261d6585d497bdd244041999980767088df4,d9a2cd7e097306fcf72fa0218bf41e459ae5922dbdfb15759525de5565b92b35,3,3,1.2090963826345689,6.0,0.8437499999999999,5.0,True,False,10,0,EXTENDED_PENDING_RESOURCE_GATE,COMPLETE_BASE_INSTANCE
C,2,6,balanced,2,0.25,1,0.0001,b66fea7dab2660d1ae5ca8562dffef408d9d18175e2f8c33f68a2949e97fecb3,d9a2cd7e097306fcf72fa0218bf41e459ae5922dbdfb15759525de5565b92b35,3,3,2.9999999116666674,6.0,0.00039999998900000006,5.0,True,False,10,0,EXTENDED_PENDING_RESOURCE_GATE,COMPLETE_BASE_INSTANCE
C,2,6,balanced,2,0.25,1,0.01,cbd040008839825f239c154db54f5cc1059bf7864f1a0ea9f60faa0ed5b7556c,d9a2cd7e097306fcf72fa0218bf41e459ae5922dbdfb15759525de5565b92b35,3,3,2.9991167366191345,6.0,0.0399890007,5.0,True,False,10,0,EXTENDED_PENDING_RESOURCE_GATE,COMPLETE_BASE_INSTANCE
C,2,6,balanced,2,0.25,1,0.1,d4e108a4df717269a64430b8250b7e8ce5c8b052612039ce7fd9216759028429,d9a2cd7e097306fcf72fa0218bf41e459ae5922dbdfb15759525de5565b92b35,3,3,2.9123649665692652,6.0,0.38906999999999997,5.0,True,False,10,0,EXTENDED_PENDING_RESOURCE_GATE,COMPLETE_BASE_INSTANCE
C,2,6,balanced,2,0.25,1,0.5,399e65a1f3f15d234c53347c8b38fcda78fdd9b8c574660aa8e6580378674c9a,d9a2cd7e097306fcf72fa0218bf41e459ae5922dbdfb15759525de5565b92b35,3,3,1.2090963826345689,6.0,0.8437499999999999,5.0,True,False,10,0,EXTENDED_PENDING_RESOURCE_GATE,COMPLETE_BASE_INSTANCE
C,2,6,balanced,2,0.5,1,0.0001,1767d0fa83ffa252150765d963e305cc4db7ce1c5c826d69769313a5ee31306a,d9a2cd7e097306fcf72fa0218bf41e459ae5922dbdfb15759525de5565b92b35,3,3,2.9999999116666674,6.0,0.00039999998900000006,5.0,True,False,10,0,EXTENDED_PENDING_RESOURCE_GATE,COMPLETE_BASE_INSTANCE
C,2,6,balanced,2,0.5,1,0.01,2d75caecced4fb4f2c6237fb3e751c9b1671a0e2bd3d9dcc79068b5af05d16fc,d9a2cd7e097306fcf72fa0218bf41e459ae5922dbdfb15759525de5565b92b35,3,3,2.9991167366191345,6.0,0.0399890007,5.0,True,False,10,0,EXTENDED_PENDING_RESOURCE_GATE,COMPLETE_BASE_INSTANCE
C,2,6,balanced,2,0.5,1,0.1,005cee4be9c2d51c192b615a0a479061e75282db4a94e26e9af42b15270f7cd5,d9a2cd7e097306fcf72fa0218bf41e459ae5922dbdfb15759525de5565b92b35,3,3,2.9123649665692652,6.0,0.38906999999999997,5.0,True,False,10,0,EXTENDED_PENDING_RESOURCE_GATE,COMPLETE_BASE_INSTANCE
C,2,6,balanced,2,0.5,1,0.5,1254b5e2868cbbf8f32c0c4a675baa8794d8b22fc7db2a630307d28969469452,d9a2cd7e097306fcf72fa0218bf41e459ae5922dbdfb15759525de5565b92b35,3,3,1.2090963826345689,6.0,0.8437499999999999,5.0,True,False,10,0,EXTENDED_PENDING_RESOURCE_GATE,COMPLETE_BASE_INSTANCE
C,2,6,balanced,2,0.75,1,0.0001,11bf6c2548950ee7ca3a994285a0dbef44406d7c888160a82870b8ed1d4aadd1,d9a2cd7e097306fcf72fa0218bf41e459ae5922dbdfb15759525de5565b92b35,3,3,2.9999999116666674,6.0,0.00039999998900000006,5.0,True,False,10,0,EXTENDED_PENDING_RESOURCE_GATE,COMPLETE_BASE_INSTANCE
C,2,6,balanced,2,0.75,1,0.01,2e61e31d8876f79f139c3d70cc5c4f71fbe6f4c831704b763cdf992bf8a9d38e,d9a2cd7e097306fcf72fa0218bf41e459ae5922dbdfb15759525de5565b92b35,3,3,2.9991167366191345,6.0,0.0399890007,5.0,True,False,10,0,EXTENDED_PENDING_RESOURCE_GATE,COMPLETE_BASE_INSTANCE
C,2,6,balanced,2,0.75,1,0.1,36fa97f24097b7c9a3a7ae4d8516d206bb4e425623049c5e1447620905fc0ed6,d9a2cd7e097306fcf72fa0218bf41e459ae5922dbdfb15759525de5565b92b35,3,3,2.9123649665692652,6.0,0.38906999999999997,5.0,True,False,10,0,EXTENDED_PENDING_RESOURCE_GATE,COMPLETE_BASE_INSTANCE
C,2,6,balanced,2,0.75,1,0.5,d8c506797c1636b24d101a2e2a61d1c019608a477159c7d9bf162e80fa28a2c6,d9a2cd7e097306fcf72fa0218bf41e459ae5922dbdfb15759525de5565b92b35,3,3,1.2090963826345689,6.0,0.8437499999999999,5.0,True,False,10,0,EXTENDED_PENDING_RESOURCE_GATE,COMPLETE_BASE_INSTANCE
C,2,6,balanced,4,0.125,1,0.0001,ecb9b6aff228b3440716970bd09a991017f2639359072572ec0a7a18192e6c35,d9a2cd7e097306fcf72fa0218bf41e459ae5922dbdfb15759525de5565b92b35,3,3,2.9999999116666674,6.0,0.00039999998900000006,5.0,True,False,10,0,EXTENDED_PENDING_RESOURCE_GATE,COMPLETE_BASE_INSTANCE
C,2,6,balanced,4,0.125,1,0.01,bdb6113d160ff0501fecb6ba65ac21c7c79fff0e67bd2cfb628f2e628433943a,d9a2cd7e097306fcf72fa0218bf41e459ae5922dbdfb15759525de5565b92b35,3,3,2.9991167366191345,6.0,0.0399890007,5.0,True,False,10,0,EXTENDED_PENDING_RESOURCE_GATE,COMPLETE_BASE_INSTANCE
C,2,6,balanced,4,0.125,1,0.1,9fe84db919116f265165c8c5e69036204ffc2fde2a5d56021f7db2a36ed657d3,d9a2cd7e097306fcf72fa0218bf41e459ae5922dbdfb15759525de5565b92b35,3,3,2.9123649665692652,6.0,0.38906999999999997,5.0,True,False,10,0,EXTENDED_PENDING_RESOURCE_GATE,COMPLETE_BASE_INSTANCE
C,2,6,balanced,4,0.125,1,0.5,c93061258583eb134a2e26638e479a6ce0fdc2ea22e5bb36ff7325e26b02d8eb,d9a2cd7e097306fcf72fa0218bf41e459ae5922dbdfb15759525de5565b92b35,3,3,1.2090963826345689,6.0,0.8437499999999999,5.0,True,False,10,0,EXTENDED_PENDING_RESOURCE_GATE,COMPLETE_BASE_INSTANCE
C,2,6,balanced,4,0.25,1,0.0001,1702336b976bfe8768b8f891580365e67b544dae2f30e359948736d5b2783967,d9a2cd7e097306fcf72fa0218bf41e459ae5922dbdfb15759525de5565b92b35,3,3,2.9999999116666674,6.0,0.00039999998900000006,5.0,True,False,10,0,EXTENDED_PENDING_RESOURCE_GATE,COMPLETE_BASE_INSTANCE
C,2,6,balanced,4,0.25,1,0.01,ce9f8b3fdb304f41b9fed1a167aa9add62728713ab2024c11ce60751975cbfc7,d9a2cd7e097306fcf72fa0218bf41e459ae5922dbdfb15759525de5565b92b35,3,3,2.9991167366191345,6.0,0.0399890007,5.0,True,False,10,0,EXTENDED_PENDING_RESOURCE_GATE,COMPLETE_BASE_INSTANCE
C,2,6,balanced,4,0.25,1,0.1,2f491466c301056f5496463156ce6cb6ac62a49e35f64002b090c68d83add5e9,d9a2cd7e097306fcf72fa0218bf41e459ae5922dbdfb15759525de5565b92b35,3,3,2.9123649665692652,6.0,0.38906999999999997,5.0,True,False,10,0,EXTENDED_PENDING_RESOURCE_GATE,COMPLETE_BASE_INSTANCE
C,2,6,balanced,4,0.25,1,0.5,75750aa284d09320de416ac36cf13ef7d8a4631065cfc5d0e755646f74d49fea,d9a2cd7e097306fcf72fa0218bf41e459ae5922dbdfb15759525de5565b92b35,3,3,1.2090963826345689,6.0,0.8437499999999999,5.0,True,False,10,0,EXTENDED_PENDING_RESOURCE_GATE,COMPLETE_BASE_INSTANCE
C,2,6,balanced,4,0.5,2,0.0001,49a9e666326e2adef71ee6a00a379933bee948693d90948487b8acbffdbe9169,d9a2cd7e097306fcf72fa0218bf41e459ae5922dbdfb15759525de5565b92b35,3,3,2.9999999116666674,6.0,0.00039999998900000006,5.0,True,False,10,0,EXTENDED_PENDING_RESOURCE_GATE,COMPLETE_BASE_INSTANCE
C,2,6,balanced,4,0.5,2,0.01,4de660ee3fdb782c52f3ad205ddae2275a44ef03e60f97e8d0f7554ab3652f50,d9a2cd7e097306fcf72fa0218bf41e459ae5922dbdfb15759525de5565b92b35,3,3,2.9991167366191345,6.0,0.0399890007,5.0,True,False,10,0,EXTENDED_PENDING_RESOURCE_GATE,COMPLETE_BASE_INSTANCE
C,2,6,balanced,4,0.5,2,0.1,ebe5325e04fa2dd64c3ccb362b7ea787160287a85be6a4cc5b634ef42ebadb48,d9a2cd7e097306fcf72fa0218bf41e459ae5922dbdfb15759525de5565b92b35,3,3,2.9123649665692652,6.0,0.38906999999999997,5.0,True,False,10,0,EXTENDED_PENDING_RESOURCE_GATE,COMPLETE_BASE_INSTANCE
C,2,6,balanced,4,0.5,2,0.5,0770e5069bffa6aa716a558e6966a409848cd417566a685ccd194cb820ca1030,d9a2cd7e097306fcf72fa0218bf41e459ae5922dbdfb15759525de5565b92b35,3,3,1.2090963826345689,6.0,0.8437499999999999,5.0,True,False,10,0,EXTENDED_PENDING_RESOURCE_GATE,COMPLETE_BASE_INSTANCE
C,2,6,balanced,4,0.75,3,0.0001,0292d1d32cd46b981d4dacbb76a114ed9e8f6c46bc6e5148d306ee98740b8db7,d9a2cd7e097306fcf72fa0218bf41e459ae5922dbdfb15759525de5565b92b35,3,3,2.9999999116666674,6.0,0.00039999998900000006,5.0,True,False,10,0,EXTENDED_PENDING_RESOURCE_GATE,COMPLETE_BASE_INSTANCE
C,2,6,balanced,4,0.75,3,0.01,79c39e0078e334dc1a55dddc04ecf7dde7adc0792b9b042f88dae91fb73d2c90,d9a2cd7e097306fcf72fa0218bf41e459ae5922dbdfb15759525de5565b92b35,3,3,2.9991167366191345,6.0,0.0399890007,5.0,True,False,10,0,EXTENDED_PENDING_RESOURCE_GATE,COMPLETE_BASE_INSTANCE
C,2,6,balanced,4,0.75,3,0.1,1a9c10443cc5449d06a862f9b8e36813c9687f12b47cb2dd66a3554e4286bc8a,d9a2cd7e097306fcf72fa0218bf41e459ae5922dbdfb15759525de5565b92b35,3,3,2.9123649665692652,6.0,0.38906999999999997,5.0,True,False,10,0,EXTENDED_PENDING_RESOURCE_GATE,COMPLETE_BASE_INSTANCE
C,2,6,balanced,4,0.75,3,0.5,269c15568e063277b6d59b232fbe5ecc28fe07e34a0e9137d84df2e09db0315b,d9a2cd7e097306fcf72fa0218bf41e459ae5922dbdfb15759525de5565b92b35,3,3,1.2090963826345689,6.0,0.8437499999999999,5.0,True,False,10,0,EXTENDED_PENDING_RESOURCE_GATE,COMPLETE_BASE_INSTANCE
C,2,6,balanced,8,0.125,1,0.0001,1e5169c98f610317dbda3ad39d72fdec82c8ba2a3c3ebe23dd63a91d467c5571,d9a2cd7e097306fcf72fa0218bf41e459ae5922dbdfb15759525de5565b92b35,3,3,2.9999999116666674,6.0,0.00039999998900000006,5.0,True,False,10,0,EXTENDED_PENDING_RESOURCE_GATE,COMPLETE_BASE_INSTANCE
C,2,6,balanced,8,0.125,1,0.01,6c64362ce7ec4c2fffbada4484193c0aa7f6b39763962a2ce44ea4074e13b2eb,d9a2cd7e097306fcf72fa0218bf41e459ae5922dbdfb15759525de5565b92b35,3,3,2.9991167366191345,6.0,0.0399890007,5.0,True,False,10,0,EXTENDED_PENDING_RESOURCE_GATE,COMPLETE_BASE_INSTANCE
C,2,6,balanced,8,0.125,1,0.1,a6f5d981d2afb58e8a3640061a55db55ebbeb32aaed002154fbb406797360bba,d9a2cd7e097306fcf72fa0218bf41e459ae5922dbdfb15759525de5565b92b35,3,3,2.9123649665692652,6.0,0.38906999999999997,5.0,True,False,10,0,EXTENDED_PENDING_RESOURCE_GATE,COMPLETE_BASE_INSTANCE
C,2,6,balanced,8,0.125,1,0.5,3ebb52df54607653c339c3b18a337a71f55f8ee4c12b12342b30f211995bd82f,d9a2cd7e097306fcf72fa0218bf41e459ae5922dbdfb15759525de5565b92b35,3,3,1.2090963826345689,6.0,0.8437499999999999,5.0,True,False,10,0,EXTENDED_PENDING_RESOURCE_GATE,COMPLETE_BASE_INSTANCE
C,2,6,balanced,8,0.25,2,0.0001,871178824f1793ee664450717464188e4b462e2bd50bae2f18c87dedb7ee3b90,d9a2cd7e097306fcf72fa0218bf41e459ae5922dbdfb15759525de5565b92b35,3,3,2.9999999116666674,6.0,0.00039999998900000006,5.0,True,False,10,0,EXTENDED_PENDING_RESOURCE_GATE,COMPLETE_BASE_INSTANCE
C,2,6,balanced,8,0.25,2,0.01,659c3f06d896cd99c48290dd7552a0799dd1ade1d3c301212bd15c6938313164,d9a2cd7e097306fcf72fa0218bf41e459ae5922dbdfb15759525de5565b92b35,3,3,2.9991167366191345,6.0,0.0399890007,5.0,True,False,10,0,EXTENDED_PENDING_RESOURCE_GATE,COMPLETE_BASE_INSTANCE
C,2,6,balanced,8,0.25,2,0.1,0a14e1bc9f062c0d239556d974bef0316a18732fd43deefd95ba3326e5f1be88,d9a2cd7e097306fcf72fa0218bf41e459ae5922dbdfb15759525de5565b92b35,3,3,2.9123649665692652,6.0,0.38906999999999997,5.0,True,False,10,0,EXTENDED_PENDING_RESOURCE_GATE,COMPLETE_BASE_INSTANCE
C,2,6,balanced,8,0.25,2,0.5,14ce22164556cb07cfd58b1f6eff33dd7b94b019cc1c4fa43c405b8f3115b11c,d9a2cd7e097306fcf72fa0218bf41e459ae5922dbdfb15759525de5565b92b35,3,3,1.2090963826345689,6.0,0.8437499999999999,5.0,True,False,10,0,EXTENDED_PENDING_RESOURCE_GATE,COMPLETE_BASE_INSTANCE
C,2,6,balanced,8,0.5,4,0.0001,db3def009f0ba4e1715c70f2e8394d5d59f949bd50bd698d0efbe705a5450f1f,d9a2cd7e097306fcf72fa0218bf41e459ae5922dbdfb15759525de5565b92b35,3,3,2.9999999116666674,6.0,0.00039999998900000006,5.0,True,False,10,0,EXTENDED_PENDING_RESOURCE_GATE,COMPLETE_BASE_INSTANCE
C,2,6,balanced,8,0.5,4,0.01,c0d24c8895139cf0fa81e1f5b2ce4f0a95587a14f86f3feaa7ad23bfea01ecba,d9a2cd7e097306fcf72fa0218bf41e459ae5922dbdfb15759525de5565b92b35,3,3,2.9991167366191345,6.0,0.0399890007,5.0,True,False,10,0,EXTENDED_PENDING_RESOURCE_GATE,COMPLETE_BASE_INSTANCE
C,2,6,balanced,8,0.5,4,0.1,d027da612b467e4c6e8b203393324752679baab6b53dea1c874f766c122bf8f7,d9a2cd7e097306fcf72fa0218bf41e459ae5922dbdfb15759525de5565b92b35,3,3,2.9123649665692652,6.0,0.38906999999999997,5.0,True,False,10,0,EXTENDED_PENDING_RESOURCE_GATE,COMPLETE_BASE_INSTANCE
C,2,6,balanced,8,0.5,4,0.5,d1d0004eba6dccb78d19e168e62ad178f30c419c698ea4b164b634b7993522f0,d9a2cd7e097306fcf72fa0218bf41e459ae5922dbdfb15759525de5565b92b35,3,3,1.2090963826345689,6.0,0.8437499999999999,5.0,True,False,10,0,EXTENDED_PENDING_RESOURCE_GATE,COMPLETE_BASE_INSTANCE
C,2,6,balanced,8,0.75,6,0.0001,b11ca54caca773cb401e8a437daa372a5c2a4a7bb9dc807cb8020c1b56268883,d9a2cd7e097306fcf72fa0218bf41e459ae5922dbdfb15759525de5565b92b35,3,3,2.9999999116666674,6.0,0.00039999998900000006,5.0,True,False,10,0,EXTENDED_PENDING_RESOURCE_GATE,COMPLETE_BASE_INSTANCE
C,2,6,balanced,8,0.75,6,0.01,07c343fc5bdf3dda6a8c2550f3a6d5352a4acddca6bafaf1f0ae0489503bc240,d9a2cd7e097306fcf72fa0218bf41e459ae5922dbdfb15759525de5565b92b35,3,3,2.9991167366191345,6.0,0.0399890007,5.0,True,False,10,0,EXTENDED_PENDING_RESOURCE_GATE,COMPLETE_BASE_INSTANCE
C,2,6,balanced,8,0.75,6,0.1,b838c3d20ff6b98cb1ab7e8207752be2fcbececc7fab7f4cac149df46d32a78c,d9a2cd7e097306fcf72fa0218bf41e459ae5922dbdfb15759525de5565b92b35,3,3,2.9123649665692652,6.0,0.38906999999999997,5.0,True,False,10,0,EXTENDED_PENDING_RESOURCE_GATE,COMPLETE_BASE_INSTANCE
C,2,6,balanced,8,0.75,6,0.5,69b9e9a53e885a6b1fb732ed7b4af5046d4dcefd28070db3cc2852d4e6de82c7,d9a2cd7e097306fcf72fa0218bf41e459ae5922dbdfb15759525de5565b92b35,3,3,1.2090963826345689,6.0,0.8437499999999999,5.0,True,False,10,0,EXTENDED_PENDING_RESOURCE_GATE,COMPLETE_BASE_INSTANCE
C,2,6,balanced,16,0.125,2,0.0001,2fe744f757e44fc351f5101c9262048e94db74491f869808d52ea6313c4ebd43,d9a2cd7e097306fcf72fa0218bf41e459ae5922dbdfb15759525de5565b92b35,3,3,2.9999999116666674,6.0,0.00039999998900000006,5.0,True,False,10,0,EXTENDED_PENDING_RESOURCE_GATE,COMPLETE_BASE_INSTANCE
C,2,6,balanced,16,0.125,2,0.01,5fd4c386908bdd4cc17d6237e7f4d2a14541ba87bae2ef2675545f89b7d71621,d9a2cd7e097306fcf72fa0218bf41e459ae5922dbdfb15759525de5565b92b35,3,3,2.9991167366191345,6.0,0.0399890007,5.0,True,False,10,0,EXTENDED_PENDING_RESOURCE_GATE,COMPLETE_BASE_INSTANCE
C,2,6,balanced,16,0.125,2,0.1,e095a9762a9bc156889ade79d3013167de82b0b35c6f6920113a15cbe6dfc977,d9a2cd7e097306fcf72fa0218bf41e459ae5922dbdfb15759525de5565b92b35,3,3,2.9123649665692652,6.0,0.38906999999999997,5.0,True,False,10,0,EXTENDED_PENDING_RESOURCE_GATE,COMPLETE_BASE_INSTANCE
C,2,6,balanced,16,0.125,2,0.5,107f7d5c7d688bc8e56be59d29e4661ff48d2a02c3aa8747ffe4086cc871c645,d9a2cd7e097306fcf72fa0218bf41e459ae5922dbdfb15759525de5565b92b35,3,3,1.2090963826345689,6.0,0.8437499999999999,5.0,True,False,10,0,EXTENDED_PENDING_RESOURCE_GATE,COMPLETE_BASE_INSTANCE
C,2,6,balanced,16,0.25,4,0.0001,b53aaa224e113b7465acbdd679daf3a350c33d1c6969693634fbed2260bcf435,d9a2cd7e097306fcf72fa0218bf41e459ae5922dbdfb15759525de5565b92b35,3,3,2.9999999116666674,6.0,0.00039999998900000006,5.0,True,False,10,0,EXTENDED_PENDING_RESOURCE_GATE,COMPLETE_BASE_INSTANCE
C,2,6,balanced,16,0.25,4,0.01,016131432c3aedbcb2e7a937e279e84eee2a1eb1328ee275fc7843b5c2088bd0,d9a2cd7e097306fcf72fa0218bf41e459ae5922dbdfb15759525de5565b92b35,3,3,2.9991167366191345,6.0,0.0399890007,5.0,True,False,10,0,EXTENDED_PENDING_RESOURCE_GATE,COMPLETE_BASE_INSTANCE
C,2,6,balanced,16,0.25,4,0.1,9e7e3c72709152271e5c36283cc1160bcbc926681cba21f035923b86a913742f,d9a2cd7e097306fcf72fa0218bf41e459ae5922dbdfb15759525de5565b92b35,3,3,2.9123649665692652,6.0,0.38906999999999997,5.0,True,False,10,0,EXTENDED_PENDING_RESOURCE_GATE,COMPLETE_BASE_INSTANCE
C,2,6,balanced,16,0.25,4,0.5,7febf436273053ddeca00c13c2b2194235b9be29d2f22cedea14bf44493bed9b,d9a2cd7e097306fcf72fa0218bf41e459ae5922dbdfb15759525de5565b92b35,3,3,1.2090963826345689,6.0,0.8437499999999999,5.0,True,False,10,0,EXTENDED_PENDING_RESOURCE_GATE,COMPLETE_BASE_INSTANCE
C,2,6,balanced,16,0.5,8,0.0001,932674af22f50e6c3e4688b3bc5e2aed0c3d89d0a4315acf374546a0ba47a08c,d9a2cd7e097306fcf72fa0218bf41e459ae5922dbdfb15759525de5565b92b35,3,3,2.9999999116666674,6.0,0.00039999998900000006,5.0,True,False,10,0,EXTENDED_PENDING_RESOURCE_GATE,COMPLETE_BASE_INSTANCE
C,2,6,balanced,16,0.5,8,0.01,6d304a61ac3f49f6fbdae511f69c610aef8da7517b43c55268e5a7245dcb42f6,d9a2cd7e097306fcf72fa0218bf41e459ae5922dbdfb15759525de5565b92b35,3,3,2.9991167366191345,6.0,0.0399890007,5.0,True,False,10,0,EXTENDED_PENDING_RESOURCE_GATE,COMPLETE_BASE_INSTANCE
C,2,6,balanced,16,0.5,8,0.1,aa41dcaaa54d90cae069c34ae31235b0d1045e63becb65d72851853b3d2caa87,d9a2cd7e097306fcf72fa0218bf41e459ae5922dbdfb15759525de5565b92b35,3,3,2.9123649665692652,6.0,0.38906999999999997,5.0,True,False,10,0,EXTENDED_PENDING_RESOURCE_GATE,COMPLETE_BASE_INSTANCE
C,2,6,balanced,16,0.5,8,0.5,e464cdfb59b521615ca6143b69e656b64b32a13ee41383f6d35a6cd45e0463b6,d9a2cd7e097306fcf72fa0218bf41e459ae5922dbdfb15759525de5565b92b35,3,3,1.2090963826345689,6.0,0.8437499999999999,5.0,True,False,10,0,EXTENDED_PENDING_RESOURCE_GATE,COMPLETE_BASE_INSTANCE
C,2,6,balanced,16,0.75,12,0.0001,b5afecc00bd314d4ae9f34b307c2293b102877d68a2fb2bae0f15234b59216ad,d9a2cd7e097306fcf72fa0218bf41e459ae5922dbdfb15759525de5565b92b35,3,3,2.9999999116666674,6.0,0.00039999998900000006,5.0,True,False,10,0,EXTENDED_PENDING_RESOURCE_GATE,COMPLETE_BASE_INSTANCE
C,2,6,balanced,16,0.75,12,0.01,9236d7b55e1bc9b18cb4c9cce80b331b055c3bfaa3a94df4a0ca94befb5262a8,d9a2cd7e097306fcf72fa0218bf41e459ae5922dbdfb15759525de5565b92b35,3,3,2.9991167366191345,6.0,0.0399890007,5.0,True,False,10,0,EXTENDED_PENDING_RESOURCE_GATE,COMPLETE_BASE_INSTANCE
C,2,6,balanced,16,0.75,12,0.1,4ddaae8a2ca822fbb1bec9f63d580dbdce81e5bef23e2793af935bd2c305e7e8,d9a2cd7e097306fcf72fa0218bf41e459ae5922dbdfb15759525de5565b92b35,3,3,2.9123649665692652,6.0,0.38906999999999997,5.0,True,False,10,0,EXTENDED_PENDING_RESOURCE_GATE,COMPLETE_BASE_INSTANCE
C,2,6,balanced,16,0.75,12,0.5,cd83c6b5fb52447406bb7eacf15bdf9fdb318b5e1374a07f13548ac2928f638d,d9a2cd7e097306fcf72fa0218bf41e459ae5922dbdfb15759525de5565b92b35,3,3,1.2090963826345689,6.0,0.8437499999999999,5.0,True,False,10,0,EXTENDED_PENDING_RESOURCE_GATE,COMPLETE_BASE_INSTANCE
C,2,6,balanced,32,0.125,4,0.0001,bc47781dbd09ab99403749a58d7f0f2b42b96bd37b55da21520d0ebe27511c67,d9a2cd7e097306fcf72fa0218bf41e459ae5922dbdfb15759525de5565b92b35,3,3,2.9999999116666674,6.0,0.00039999998900000006,5.0,True,False,10,0,EXTENDED_PENDING_RESOURCE_GATE,COMPLETE_BASE_INSTANCE
C,2,6,balanced,32,0.125,4,0.01,c0aac71167657145c5e7c8c99467cc6150968760f4a0b6cc0719a4b7da8d155d,d9a2cd7e097306fcf72fa0218bf41e459ae5922dbdfb15759525de5565b92b35,3,3,2.9991167366191345,6.0,0.0399890007,5.0,True,False,10,0,EXTENDED_PENDING_RESOURCE_GATE,COMPLETE_BASE_INSTANCE
C,2,6,balanced,32,0.125,4,0.1,687a71a6855d80a61161d3eb1e62e2376ba3135c02e682f3efb33a2d1a0c4382,d9a2cd7e097306fcf72fa0218bf41e459ae5922dbdfb15759525de5565b92b35,3,3,2.9123649665692652,6.0,0.38906999999999997,5.0,True,False,10,0,EXTENDED_PENDING_RESOURCE_GATE,COMPLETE_BASE_INSTANCE
C,2,6,balanced,32,0.125,4,0.5,6cd948d291c6f83da4fe8dfec19949e2e1a7675e17af17eac6b989b3f850cd92,d9a2cd7e097306fcf72fa0218bf41e459ae5922dbdfb15759525de5565b92b35,3,3,1.2090963826345689,6.0,0.8437499999999999,5.0,True,False,10,0,EXTENDED_PENDING_RESOURCE_GATE,COMPLETE_BASE_INSTANCE
C,2,6,balanced,32,0.25,8,0.0001,6142f000bb7dfc2edcbd88d11493500ce4c8d3e7f153f499ce7aab9a583f9bc4,d9a2cd7e097306fcf72fa0218bf41e459ae5922dbdfb15759525de5565b92b35,3,3,2.9999999116666674,6.0,0.00039999998900000006,5.0,True,False,10,0,EXTENDED_PENDING_RESOURCE_GATE,COMPLETE_BASE_INSTANCE
C,2,6,balanced,32,0.25,8,0.01,6b419f1178b5838bd754f4b1a1c04f3d8fad022d0787a6302128160b5a87da14,d9a2cd7e097306fcf72fa0218bf41e459ae5922dbdfb15759525de5565b92b35,3,3,2.9991167366191345,6.0,0.0399890007,5.0,True,False,10,0,EXTENDED_PENDING_RESOURCE_GATE,COMPLETE_BASE_INSTANCE
C,2,6,balanced,32,0.25,8,0.1,5d3ae837660cd62287fdfd9a4c5ad8928a479f9b586cc22d1833208fd96aca42,d9a2cd7e097306fcf72fa0218bf41e459ae5922dbdfb15759525de5565b92b35,3,3,2.9123649665692652,6.0,0.38906999999999997,5.0,True,False,10,0,EXTENDED_PENDING_RESOURCE_GATE,COMPLETE_BASE_INSTANCE
C,2,6,balanced,32,0.25,8,0.5,06abca024542910fc9b581416b03d075a9992e1d9b414d02340ab6d0a577b1ce,d9a2cd7e097306fcf72fa0218bf41e459ae5922dbdfb15759525de5565b92b35,3,3,1.2090963826345689,6.0,0.8437499999999999,5.0,True,False,10,0,EXTENDED_PENDING_RESOURCE_GATE,COMPLETE_BASE_INSTANCE
C,2,6,balanced,32,0.5,16,0.0001,dcaec46a5b4aacb5b4d29235892a1a4b00c7bb6b81bfbdaf404ece970b32742f,d9a2cd7e097306fcf72fa0218bf41e459ae5922dbdfb15759525de5565b92b35,3,3,2.9999999116666674,6.0,0.00039999998900000006,5.0,True,False,10,0,EXTENDED_PENDING_RESOURCE_GATE,COMPLETE_BASE_INSTANCE
C,2,6,balanced,32,0.5,16,0.01,f1a944064f6eec2bee9cbfbad5b77849305da61a11891a9d6add8768cda39cd8,d9a2cd7e097306fcf72fa0218bf41e459ae5922dbdfb15759525de5565b92b35,3,3,2.9991167366191345,6.0,0.0399890007,5.0,True,False,10,0,EXTENDED_PENDING_RESOURCE_GATE,COMPLETE_BASE_INSTANCE
C,2,6,balanced,32,0.5,16,0.1,e786b1d82f95be808c1b72500ec6360a2d93e10c98f05bf484ee047d9eb01e08,d9a2cd7e097306fcf72fa0218bf41e459ae5922dbdfb15759525de5565b92b35,3,3,2.9123649665692652,6.0,0.38906999999999997,5.0,True,False,10,0,EXTENDED_PENDING_RESOURCE_GATE,COMPLETE_BASE_INSTANCE
C,2,6,balanced,32,0.5,16,0.5,e139a523794645b9b27f71148ba960523631ea6891712f9e54c7536486f7afbc,d9a2cd7e097306fcf72fa0218bf41e459ae5922dbdfb15759525de5565b92b35,3,3,1.2090963826345689,6.0,0.8437499999999999,5.0,True,False,10,0,EXTENDED_PENDING_RESOURCE_GATE,COMPLETE_BASE_INSTANCE
C,2,6,balanced,32,0.75,24,0.0001,4b19f88bdd9053adf5f58b05f54a351bbe6b85b6abf35195d3ab8af4d9ba09d5,d9a2cd7e097306fcf72fa0218bf41e459ae5922dbdfb15759525de5565b92b35,3,3,2.9999999116666674,6.0,0.00039999998900000006,5.0,True,False,10,0,EXTENDED_PENDING_RESOURCE_GATE,COMPLETE_BASE_INSTANCE
C,2,6,balanced,32,0.75,24,0.01,d9fc8df348dd7bc0f7de60038277a50d9d04cf24920e53370b8251090608e093,d9a2cd7e097306fcf72fa0218bf41e459ae5922dbdfb15759525de5565b92b35,3,3,2.9991167366191345,6.0,0.0399890007,5.0,True,False,10,0,EXTENDED_PENDING_RESOURCE_GATE,COMPLETE_BASE_INSTANCE
C,2,6,balanced,32,0.75,24,0.1,89ab61342b9a52e6cc3eb5a11b226d7fcdace854c769eb4916d4e61f4e3cb40a,d9a2cd7e097306fcf72fa0218bf41e459ae5922dbdfb15759525de5565b92b35,3,3,2.9123649665692652,6.0,0.38906999999999997,5.0,True,False,10,0,EXTENDED_PENDING_RESOURCE_GATE,COMPLETE_BASE_INSTANCE
C,2,6,balanced,32,0.75,24,0.5,f4dc17bd8887e896c85192135b364e075081f3c5d0efd7aef423e5f973b31cec,d9a2cd7e097306fcf72fa0218bf41e459ae5922dbdfb15759525de5565b92b35,3,3,1.2090963826345689,6.0,0.8437499999999999,5.0,True,False,10,0,EXTENDED_PENDING_RESOURCE_GATE,COMPLETE_BASE_INSTANCE
C,2,6,balanced,64,0.125,8,0.0001,7ba199a3437a13aff0de2e3c090bd4b064bf009c587fd61774903d1eb00190f4,d9a2cd7e097306fcf72fa0218bf41e459ae5922dbdfb15759525de5565b92b35,3,3,2.9999999116666674,6.0,0.00039999998900000006,5.0,True,False,10,0,EXTENDED_PENDING_RESOURCE_GATE,COMPLETE_BASE_INSTANCE
C,2,6,balanced,64,0.125,8,0.01,ad39624ad25af541787e9f63cdbebfb444a18de3f17fac80cd10b66a97f74c1d,d9a2cd7e097306fcf72fa0218bf41e459ae5922dbdfb15759525de5565b92b35,3,3,2.9991167366191345,6.0,0.0399890007,5.0,True,False,10,0,EXTENDED_PENDING_RESOURCE_GATE,COMPLETE_BASE_INSTANCE
C,2,6,balanced,64,0.125,8,0.1,71fb2e7120170165fa0bc6f9027574afc12eea03fb35822d8e8061733b52e72f,d9a2cd7e097306fcf72fa0218bf41e459ae5922dbdfb15759525de5565b92b35,3,3,2.9123649665692652,6.0,0.38906999999999997,5.0,True,False,10,0,EXTENDED_PENDING_RESOURCE_GATE,COMPLETE_BASE_INSTANCE
C,2,6,balanced,64,0.125,8,0.5,376a53bbf0c5b8528b9f267d3f5d535bc44124c160f3ba5c2ca742cdc26b0b44,d9a2cd7e097306fcf72fa0218bf41e459ae5922dbdfb15759525de5565b92b35,3,3,1.2090963826345689,6.0,0.8437499999999999,5.0,True,False,10,0,EXTENDED_PENDING_RESOURCE_GATE,COMPLETE_BASE_INSTANCE
C,2,6,balanced,64,0.25,16,0.0001,7fef98ae0bd8782a2aee32940214878097217c9f9f0abcbc4089e89b779b7104,d9a2cd7e097306fcf72fa0218bf41e459ae5922dbdfb15759525de5565b92b35,3,3,2.9999999116666674,6.0,0.00039999998900000006,5.0,True,False,10,0,EXTENDED_PENDING_RESOURCE_GATE,COMPLETE_BASE_INSTANCE
C,2,6,balanced,64,0.25,16,0.01,f3cf8a2c3abae5066066f157e99ed7fbf4496a29023a69e702a50701261e2296,d9a2cd7e097306fcf72fa0218bf41e459ae5922dbdfb15759525de5565b92b35,3,3,2.9991167366191345,6.0,0.0399890007,5.0,True,False,10,0,EXTENDED_PENDING_RESOURCE_GATE,COMPLETE_BASE_INSTANCE
C,2,6,balanced,64,0.25,16,0.1,d3330cfd917c2fada5dbab463a1d8e6fcd33ddab3bb63258ad4668c410c1259f,d9a2cd7e097306fcf72fa0218bf41e459ae5922dbdfb15759525de5565b92b35,3,3,2.9123649665692652,6.0,0.38906999999999997,5.0,True,False,10,0,EXTENDED_PENDING_RESOURCE_GATE,COMPLETE_BASE_INSTANCE
C,2,6,balanced,64,0.25,16,0.5,60967376312463622bae4addf272bd7bf53945b18b1d7c8ae338465a62a401b4,d9a2cd7e097306fcf72fa0218bf41e459ae5922dbdfb15759525de5565b92b35,3,3,1.2090963826345689,6.0,0.8437499999999999,5.0,True,False,10,0,EXTENDED_PENDING_RESOURCE_GATE,COMPLETE_BASE_INSTANCE
C,2,6,balanced,64,0.5,32,0.0001,d841c7a95f21d38c11b06b0ca5abefe1504b66baae8ded918501f996acfd044b,d9a2cd7e097306fcf72fa0218bf41e459ae5922dbdfb15759525de5565b92b35,3,3,2.9999999116666674,6.0,0.00039999998900000006,5.0,True,False,10,0,EXTENDED_PENDING_RESOURCE_GATE,COMPLETE_BASE_INSTANCE
C,2,6,balanced,64,0.5,32,0.01,5e8111a2d462cbf62f886a354e91bb2f881f0bc8d53ebe80fadde7b496ec71ad,d9a2cd7e097306fcf72fa0218bf41e459ae5922dbdfb15759525de5565b92b35,3,3,2.9991167366191345,6.0,0.0399890007,5.0,True,False,10,0,EXTENDED_PENDING_RESOURCE_GATE,COMPLETE_BASE_INSTANCE
C,2,6,balanced,64,0.5,32,0.1,cc9e1f99720d6376c96b7b23a076f9ed5ee7096aa6dd5cd1dedb2c52deade8cd,d9a2cd7e097306fcf72fa0218bf41e459ae5922dbdfb15759525de5565b92b35,3,3,2.9123649665692652,6.0,0.38906999999999997,5.0,True,False,10,0,EXTENDED_PENDING_RESOURCE_GATE,COMPLETE_BASE_INSTANCE
C,2,6,balanced,64,0.5,32,0.5,210b61563c14327652f8837902a2c2c6f6caf01ff270b230915646bb42df9148,d9a2cd7e097306fcf72fa0218bf41e459ae5922dbdfb15759525de5565b92b35,3,3,1.2090963826345689,6.0,0.8437499999999999,5.0,True,False,10,0,EXTENDED_PENDING_RESOURCE_GATE,COMPLETE_BASE_INSTANCE
C,2,6,balanced,64,0.75,48,0.0001,949b0c6c18b45f40a75b9699781a37abee65b7976c33b6319f20d1109edc14a1,d9a2cd7e097306fcf72fa0218bf41e459ae5922dbdfb15759525de5565b92b35,3,3,2.9999999116666674,6.0,0.00039999998900000006,5.0,True,False,10,0,EXTENDED_PENDING_RESOURCE_GATE,COMPLETE_BASE_INSTANCE
C,2,6,balanced,64,0.75,48,0.01,0791a9eed5a8097e16fd1e81b571b3a9dca0b62c4cd68c2aae2e0c00b5135104,d9a2cd7e097306fcf72fa0218bf41e459ae5922dbdfb15759525de5565b92b35,3,3,2.9991167366191345,6.0,0.0399890007,5.0,True,False,10,0,EXTENDED_PENDING_RESOURCE_GATE,COMPLETE_BASE_INSTANCE
C,2,6,balanced,64,0.75,48,0.1,305297177c4a4cf289f65905e893b17bd853241a21f71548121f1a121d3f41ee,d9a2cd7e097306fcf72fa0218bf41e459ae5922dbdfb15759525de5565b92b35,3,3,2.9123649665692652,6.0,0.38906999999999997,5.0,True,False,10,0,EXTENDED_PENDING_RESOURCE_GATE,COMPLETE_BASE_INSTANCE
C,2,6,balanced,64,0.75,48,0.5,9da801a3787572006dcd476e2bc8126bb2e82bd6018a9ac7f76878edebde4dd9,d9a2cd7e097306fcf72fa0218bf41e459ae5922dbdfb15759525de5565b92b35,3,3,1.2090963826345689,6.0,0.8437499999999999,5.0,True,False,10,0,EXTENDED_PENDING_RESOURCE_GATE,COMPLETE_BASE_INSTANCE
C,2,6,random_ordered,2,0.125,1,0.0001,76a5c2dcec36b9c6b3e19f550cca930c90083d6a809395c045289c1fdbd1d8b0,1bdcec9be04d42ea61fbc730360385282fc214daa7d8def12e580f2bdc547b21,5,3,2.9999999116666674,6.0,0.00039999998900000006,5.0,True,False,10,0,EXTENDED_PENDING_RESOURCE_GATE,COMPLETE_BASE_INSTANCE
C,2,6,random_ordered,2,0.125,1,0.01,cd567ea077e8a0032f0d8ac8d57685b4f534bd3cf81fd301a3c2087b9a6cf67a,1bdcec9be04d42ea61fbc730360385282fc214daa7d8def12e580f2bdc547b21,5,3,2.9991167366191345,6.0,0.0399890007,5.0,True,False,10,0,EXTENDED_PENDING_RESOURCE_GATE,COMPLETE_BASE_INSTANCE
C,2,6,random_ordered,2,0.125,1,0.1,749ebdd65ec1d85be1fc613568ae2a60e7855b746a3b6d53b9ed186385ebae7f,1bdcec9be04d42ea61fbc730360385282fc214daa7d8def12e580f2bdc547b21,5,3,2.9123649665692652,6.0,0.38906999999999997,5.0,True,False,10,0,EXTENDED_PENDING_RESOURCE_GATE,COMPLETE_BASE_INSTANCE
C,2,6,random_ordered,2,0.125,1,0.5,4ccf461c414886f5f5bfbfe5ca0f92eed3bfb59afe25beb5bc22044b06f5b799,1bdcec9be04d42ea61fbc730360385282fc214daa7d8def12e580f2bdc547b21,5,3,1.2090963826345689,6.0,0.8437499999999999,5.0,True,False,10,0,EXTENDED_PENDING_RESOURCE_GATE,COMPLETE_BASE_INSTANCE
C,2,6,random_ordered,2,0.25,1,0.0001,d7eeb2dc8c2093c54ade3fd738c0e4217c64924c8cf39ec7c97d13707e9a0939,1bdcec9be04d42ea61fbc730360385282fc214daa7d8def12e580f2bdc547b21,5,3,2.9999999116666674,6.0,0.00039999998900000006,5.0,True,False,10,0,EXTENDED_PENDING_RESOURCE_GATE,COMPLETE_BASE_INSTANCE
C,2,6,random_ordered,2,0.25,1,0.01,9138621c99d3f014d3fede496a3836e36b4d2006fce10ef064c69dfd0af20f07,1bdcec9be04d42ea61fbc730360385282fc214daa7d8def12e580f2bdc547b21,5,3,2.9991167366191345,6.0,0.0399890007,5.0,True,False,10,0,EXTENDED_PENDING_RESOURCE_GATE,COMPLETE_BASE_INSTANCE
C,2,6,random_ordered,2,0.25,1,0.1,91b2c29558344004f8eb7e0d4c44ceb8f0ba2790840638120c6f6ba9afd16a0c,1bdcec9be04d42ea61fbc730360385282fc214daa7d8def12e580f2bdc547b21,5,3,2.9123649665692652,6.0,0.38906999999999997,5.0,True,False,10,0,EXTENDED_PENDING_RESOURCE_GATE,COMPLETE_BASE_INSTANCE
C,2,6,random_ordered,2,0.25,1,0.5,e68ac1551b0fef4c05ab5a72b7d8db8cbc8cf4b3349da039c1ab6942d4815e1b,1bdcec9be04d42ea61fbc730360385282fc214daa7d8def12e580f2bdc547b21,5,3,1.2090963826345689,6.0,0.8437499999999999,5.0,True,False,10,0,EXTENDED_PENDING_RESOURCE_GATE,COMPLETE_BASE_INSTANCE
C,2,6,random_ordered,2,0.5,1,0.0001,93074dfc1c2fb5cba6c0c6b397634481f1a19c38f6567a8980d648c8d037e2bd,1bdcec9be04d42ea61fbc730360385282fc214daa7d8def12e580f2bdc547b21,5,3,2.9999999116666674,6.0,0.00039999998900000006,5.0,True,False,10,0,EXTENDED_PENDING_RESOURCE_GATE,COMPLETE_BASE_INSTANCE
C,2,6,random_ordered,2,0.5,1,0.01,cbefde235cfcd4814274bdfa9acd7f6cd2e3b8380d79ce2f1d452927818f1e46,1bdcec9be04d42ea61fbc730360385282fc214daa7d8def12e580f2bdc547b21,5,3,2.9991167366191345,6.0,0.0399890007,5.0,True,False,10,0,EXTENDED_PENDING_RESOURCE_GATE,COMPLETE_BASE_INSTANCE
C,2,6,random_ordered,2,0.5,1,0.1,8721bb4df6754b612148b76de530afd5ab227709d5571bbab450f65543b71092,1bdcec9be04d42ea61fbc730360385282fc214daa7d8def12e580f2bdc547b21,5,3,2.9123649665692652,6.0,0.38906999999999997,5.0,True,False,10,0,EXTENDED_PENDING_RESOURCE_GATE,COMPLETE_BASE_INSTANCE
C,2,6,random_ordered,2,0.5,1,0.5,69361a27aa0a294a683a5146f8f9a4fbc461c2cac3c4ad9dc2bc0a88ff65d9ad,1bdcec9be04d42ea61fbc730360385282fc214daa7d8def12e580f2bdc547b21,5,3,1.2090963826345689,6.0,0.8437499999999999,5.0,True,False,10,0,EXTENDED_PENDING_RESOURCE_GATE,COMPLETE_BASE_INSTANCE
C,2,6,random_ordered,2,0.75,1,0.0001,b9caf3245f3b13327edbad66468e8164d5ec00ce94e4e5377dcc57339e684f31,1bdcec9be04d42ea61fbc730360385282fc214daa7d8def12e580f2bdc547b21,5,3,2.9999999116666674,6.0,0.00039999998900000006,5.0,True,False,10,0,EXTENDED_PENDING_RESOURCE_GATE,COMPLETE_BASE_INSTANCE
C,2,6,random_ordered,2,0.75,1,0.01,08f9fa10d53cadb63fb757ad31fbefbfdf7c39e22cd65457c5697f88a318bdd2,1bdcec9be04d42ea61fbc730360385282fc214daa7d8def12e580f2bdc547b21,5,3,2.9991167366191345,6.0,0.0399890007,5.0,True,False,10,0,EXTENDED_PENDING_RESOURCE_GATE,COMPLETE_BASE_INSTANCE
C,2,6,random_ordered,2,0.75,1,0.1,c6af538753321f73e994af23dd41e8f78b1143ae6385fc2bfe0cce6a78f85148,1bdcec9be04d42ea61fbc730360385282fc214daa7d8def12e580f2bdc547b21,5,3,2.9123649665692652,6.0,0.38906999999999997,5.0,True,False,10,0,EXTENDED_PENDING_RESOURCE_GATE,COMPLETE_BASE_INSTANCE
C,2,6,random_ordered,2,0.75,1,0.5,0504abddf8b18867c3211663e9d20baf15d362bb95dfba779e7b41d8e876656b,1bdcec9be04d42ea61fbc730360385282fc214daa7d8def12e580f2bdc547b21,5,3,1.2090963826345689,6.0,0.8437499999999999,5.0,True,False,10,0,EXTENDED_PENDING_RESOURCE_GATE,COMPLETE_BASE_INSTANCE
C,2,6,random_ordered,4,0.125,1,0.0001,4bdbe92eff0cc559f805e0d13952a82484dc49e19f76ac48c63c706c3c646ffe,1bdcec9be04d42ea61fbc730360385282fc214daa7d8def12e580f2bdc547b21,5,3,2.9999999116666674,6.0,0.00039999998900000006,5.0,True,False,10,0,EXTENDED_PENDING_RESOURCE_GATE,COMPLETE_BASE_INSTANCE
C,2,6,random_ordered,4,0.125,1,0.01,0cb71a57290bd0d332edbcf8ed6ad14bb743c4c2c85b1af0d5e6722120c66929,1bdcec9be04d42ea61fbc730360385282fc214daa7d8def12e580f2bdc547b21,5,3,2.9991167366191345,6.0,0.0399890007,5.0,True,False,10,0,EXTENDED_PENDING_RESOURCE_GATE,COMPLETE_BASE_INSTANCE
C,2,6,random_ordered,4,0.125,1,0.1,8a3a5e549bf58810023f666830cde0be373e17533fc8437b496196bb59a80540,1bdcec9be04d42ea61fbc730360385282fc214daa7d8def12e580f2bdc547b21,5,3,2.9123649665692652,6.0,0.38906999999999997,5.0,True,False,10,0,EXTENDED_PENDING_RESOURCE_GATE,COMPLETE_BASE_INSTANCE
C,2,6,random_ordered,4,0.125,1,0.5,828b9829e7c1f3b2e8f4740d9d5e0383bb1e9e6e23cbaf3a09adde0cadea94e0,1bdcec9be04d42ea61fbc730360385282fc214daa7d8def12e580f2bdc547b21,5,3,1.2090963826345689,6.0,0.8437499999999999,5.0,True,False,10,0,EXTENDED_PENDING_RESOURCE_GATE,COMPLETE_BASE_INSTANCE
C,2,6,random_ordered,4,0.25,1,0.0001,8da9498afbab6d4c6cb804426e1306874c4239a7b4d24f63607c0ee5b3fba8e6,1bdcec9be04d42ea61fbc730360385282fc214daa7d8def12e580f2bdc547b21,5,3,2.9999999116666674,6.0,0.00039999998900000006,5.0,True,False,10,0,EXTENDED_PENDING_RESOURCE_GATE,COMPLETE_BASE_INSTANCE
C,2,6,random_ordered,4,0.25,1,0.01,809a1a0763f920d65742cc84b9ea560d94dd199a0e2476d1fb5b35ced97d386b,1bdcec9be04d42ea61fbc730360385282fc214daa7d8def12e580f2bdc547b21,5,3,2.9991167366191345,6.0,0.0399890007,5.0,True,False,10,0,EXTENDED_PENDING_RESOURCE_GATE,COMPLETE_BASE_INSTANCE
C,2,6,random_ordered,4,0.25,1,0.1,0d514aee051912c7a7d73826bdaff6546e6cc3dce069bb293a943bd713636fbe,1bdcec9be04d42ea61fbc730360385282fc214daa7d8def12e580f2bdc547b21,5,3,2.9123649665692652,6.0,0.38906999999999997,5.0,True,False,10,0,EXTENDED_PENDING_RESOURCE_GATE,COMPLETE_BASE_INSTANCE
C,2,6,random_ordered,4,0.25,1,0.5,04a4cb50410b37a66cb7f2fac07f4569145e0add533b67da8d6fb56f0a7c6371,1bdcec9be04d42ea61fbc730360385282fc214daa7d8def12e580f2bdc547b21,5,3,1.2090963826345689,6.0,0.8437499999999999,5.0,True,False,10,0,EXTENDED_PENDING_RESOURCE_GATE,COMPLETE_BASE_INSTANCE
C,2,6,random_ordered,4,0.5,2,0.0001,e2f2fea595f0b4305c69218108c5850d25b8ea7c2067dc8677d58d2ef8ecc4dd,1bdcec9be04d42ea61fbc730360385282fc214daa7d8def12e580f2bdc547b21,5,3,2.9999999116666674,6.0,0.00039999998900000006,5.0,True,False,10,0,EXTENDED_PENDING_RESOURCE_GATE,COMPLETE_BASE_INSTANCE
C,2,6,random_ordered,4,0.5,2,0.01,7defd2bee8d70503ed31d072d4b6fd0e7f2a9b710c36d2b8be54a5ccb43ba387,1bdcec9be04d42ea61fbc730360385282fc214daa7d8def12e580f2bdc547b21,5,3,2.9991167366191345,6.0,0.0399890007,5.0,True,False,10,0,EXTENDED_PENDING_RESOURCE_GATE,COMPLETE_BASE_INSTANCE
C,2,6,random_ordered,4,0.5,2,0.1,84822395aa14cd889263356cc5f96e9ecf9d68711fc4a51761e45cb47147eb82,1bdcec9be04d42ea61fbc730360385282fc214daa7d8def12e580f2bdc547b21,5,3,2.9123649665692652,6.0,0.38906999999999997,5.0,True,False,10,0,EXTENDED_PENDING_RESOURCE_GATE,COMPLETE_BASE_INSTANCE
C,2,6,random_ordered,4,0.5,2,0.5,be313b52159fdf662356915b33b851798fef182953f7c50c4fb554772d2177e5,1bdcec9be04d42ea61fbc730360385282fc214daa7d8def12e580f2bdc547b21,5,3,1.2090963826345689,6.0,0.8437499999999999,5.0,True,False,10,0,EXTENDED_PENDING_RESOURCE_GATE,COMPLETE_BASE_INSTANCE
C,2,6,random_ordered,4,0.75,3,0.0001,b272263354bbf10e0718846e79f7dff4a4f1d935c294a9470e51ddd15050c1bf,1bdcec9be04d42ea61fbc730360385282fc214daa7d8def12e580f2bdc547b21,5,3,2.9999999116666674,6.0,0.00039999998900000006,5.0,True,False,10,0,EXTENDED_PENDING_RESOURCE_GATE,COMPLETE_BASE_INSTANCE
C,2,6,random_ordered,4,0.75,3,0.01,190fc668ced9aa6004d88b6878b32e514e8ab0b484b71bac512dd51d7e86eeb3,1bdcec9be04d42ea61fbc730360385282fc214daa7d8def12e580f2bdc547b21,5,3,2.9991167366191345,6.0,0.0399890007,5.0,True,False,10,0,EXTENDED_PENDING_RESOURCE_GATE,COMPLETE_BASE_INSTANCE
C,2,6,random_ordered,4,0.75,3,0.1,dcf121d285c463b9a9df10477e23977a2c369aa37ea31854ab9e26eee478a4ac,1bdcec9be04d42ea61fbc730360385282fc214daa7d8def12e580f2bdc547b21,5,3,2.9123649665692652,6.0,0.38906999999999997,5.0,True,False,10,0,EXTENDED_PENDING_RESOURCE_GATE,COMPLETE_BASE_INSTANCE
C,2,6,random_ordered,4,0.75,3,0.5,dc8c7e3964fe97bc1875b2f3dd17da4eb72655741a7506b8162cc6da87b8d6a6,1bdcec9be04d42ea61fbc730360385282fc214daa7d8def12e580f2bdc547b21,5,3,1.2090963826345689,6.0,0.8437499999999999,5.0,True,False,10,0,EXTENDED_PENDING_RESOURCE_GATE,COMPLETE_BASE_INSTANCE
C,2,6,random_ordered,8,0.125,1,0.0001,b36789b33974ce5f25260def77b809a95c31a3f7435536c2d250528644043d9d,1bdcec9be04d42ea61fbc730360385282fc214daa7d8def12e580f2bdc547b21,5,3,2.9999999116666674,6.0,0.00039999998900000006,5.0,True,False,10,0,EXTENDED_PENDING_RESOURCE_GATE,COMPLETE_BASE_INSTANCE
C,2,6,random_ordered,8,0.125,1,0.01,93ddefc8ace8850120d651138bc57c322fbfe823b6e248c0ae065ee536f817a4,1bdcec9be04d42ea61fbc730360385282fc214daa7d8def12e580f2bdc547b21,5,3,2.9991167366191345,6.0,0.0399890007,5.0,True,False,10,0,EXTENDED_PENDING_RESOURCE_GATE,COMPLETE_BASE_INSTANCE
C,2,6,random_ordered,8,0.125,1,0.1,83bbd4ca49ee15ac19dc1fd745f00dae1069f9b5120e0e5e1c88cf26e7268f01,1bdcec9be04d42ea61fbc730360385282fc214daa7d8def12e580f2bdc547b21,5,3,2.9123649665692652,6.0,0.38906999999999997,5.0,True,False,10,0,EXTENDED_PENDING_RESOURCE_GATE,COMPLETE_BASE_INSTANCE
C,2,6,random_ordered,8,0.125,1,0.5,5380acd545224211956dac8f07073324721f5dcda3eea5e3cb628ce3972d180a,1bdcec9be04d42ea61fbc730360385282fc214daa7d8def12e580f2bdc547b21,5,3,1.2090963826345689,6.0,0.8437499999999999,5.0,True,False,10,0,EXTENDED_PENDING_RESOURCE_GATE,COMPLETE_BASE_INSTANCE
C,2,6,random_ordered,8,0.25,2,0.0001,169e5dec6bcbc9e472ef25c9124ac529be581e71860159efccc70adcfdf60088,1bdcec9be04d42ea61fbc730360385282fc214daa7d8def12e580f2bdc547b21,5,3,2.9999999116666674,6.0,0.00039999998900000006,5.0,True,False,10,0,EXTENDED_PENDING_RESOURCE_GATE,COMPLETE_BASE_INSTANCE
C,2,6,random_ordered,8,0.25,2,0.01,bb35db4ea044f7de783c3cd4697a59def6bcf59d680c0cb2508b42204b5195e8,1bdcec9be04d42ea61fbc730360385282fc214daa7d8def12e580f2bdc547b21,5,3,2.9991167366191345,6.0,0.0399890007,5.0,True,False,10,0,EXTENDED_PENDING_RESOURCE_GATE,COMPLETE_BASE_INSTANCE
C,2,6,random_ordered,8,0.25,2,0.1,d0cd2ebd3db2f3dfa85a667b4e920d2d2b7d8822f409afc287b4a19d1c351cee,1bdcec9be04d42ea61fbc730360385282fc214daa7d8def12e580f2bdc547b21,5,3,2.9123649665692652,6.0,0.38906999999999997,5.0,True,False,10,0,EXTENDED_PENDING_RESOURCE_GATE,COMPLETE_BASE_INSTANCE
C,2,6,random_ordered,8,0.25,2,0.5,fd488402ebd8703e2bc23b3f89239dd72759ad98f6ca8fc5862fdaa244488bec,1bdcec9be04d42ea61fbc730360385282fc214daa7d8def12e580f2bdc547b21,5,3,1.2090963826345689,6.0,0.8437499999999999,5.0,True,False,10,0,EXTENDED_PENDING_RESOURCE_GATE,COMPLETE_BASE_INSTANCE
C,2,6,random_ordered,8,0.5,4,0.0001,8fe2c2cdbe5cf516603c7295f877e1e46e97e1ec305d5fee60bc4e3b534a5328,1bdcec9be04d42ea61fbc730360385282fc214daa7d8def12e580f2bdc547b21,5,3,2.9999999116666674,6.0,0.00039999998900000006,5.0,True,False,10,0,EXTENDED_PENDING_RESOURCE_GATE,COMPLETE_BASE_INSTANCE
C,2,6,random_ordered,8,0.5,4,0.01,1cd4f08637559f6caf4bf99ded6dd5068f24327097b1999f9bc859baf9134266,1bdcec9be04d42ea61fbc730360385282fc214daa7d8def12e580f2bdc547b21,5,3,2.9991167366191345,6.0,0.0399890007,5.0,True,False,10,0,EXTENDED_PENDING_RESOURCE_GATE,COMPLETE_BASE_INSTANCE
C,2,6,random_ordered,8,0.5,4,0.1,9192d8d30c0d0871d1060c35fbb75eed665ea5be702ed242ff73a344dfcd67a4,1bdcec9be04d42ea61fbc730360385282fc214daa7d8def12e580f2bdc547b21,5,3,2.9123649665692652,6.0,0.38906999999999997,5.0,True,False,10,0,EXTENDED_PENDING_RESOURCE_GATE,COMPLETE_BASE_INSTANCE
C,2,6,random_ordered,8,0.5,4,0.5,33a8b5d399d27099ecee2ceb0f34ab29d7573a0be6319ceb109da71d02ee854f,1bdcec9be04d42ea61fbc730360385282fc214daa7d8def12e580f2bdc547b21,5,3,1.2090963826345689,6.0,0.8437499999999999,5.0,True,False,10,0,EXTENDED_PENDING_RESOURCE_GATE,COMPLETE_BASE_INSTANCE
C,2,6,random_ordered,8,0.75,6,0.0001,07d755ddc40d5db88076a7611163399a823eb3664c2d323060f3753467a9c6d3,1bdcec9be04d42ea61fbc730360385282fc214daa7d8def12e580f2bdc547b21,5,3,2.9999999116666674,6.0,0.00039999998900000006,5.0,True,False,10,0,EXTENDED_PENDING_RESOURCE_GATE,COMPLETE_BASE_INSTANCE
C,2,6,random_ordered,8,0.75,6,0.01,de0980f6c132e31268524ccd97a690ef2b1550102c541a9152db92e623d6e48e,1bdcec9be04d42ea61fbc730360385282fc214daa7d8def12e580f2bdc547b21,5,3,2.9991167366191345,6.0,0.0399890007,5.0,True,False,10,0,EXTENDED_PENDING_RESOURCE_GATE,COMPLETE_BASE_INSTANCE
C,2,6,random_ordered,8,0.75,6,0.1,d375c36d2562f1afaa972de5d0f3bce98b8382dcc3c0eb83a118ab7f3d6d12b9,1bdcec9be04d42ea61fbc730360385282fc214daa7d8def12e580f2bdc547b21,5,3,2.9123649665692652,6.0,0.38906999999999997,5.0,True,False,10,0,EXTENDED_PENDING_RESOURCE_GATE,COMPLETE_BASE_INSTANCE
C,2,6,random_ordered,8,0.75,6,0.5,fe0e20bbd7dc4c65270c6b9d44732d675b3c193323cf91eecc3a745be527642b,1bdcec9be04d42ea61fbc730360385282fc214daa7d8def12e580f2bdc547b21,5,3,1.2090963826345689,6.0,0.8437499999999999,5.0,True,False,10,0,EXTENDED_PENDING_RESOURCE_GATE,COMPLETE_BASE_INSTANCE
C,2,6,random_ordered,16,0.125,2,0.0001,58676b9bd2485a4f90ec7212def047599757f51d042d9fd60d20cea2220eed31,1bdcec9be04d42ea61fbc730360385282fc214daa7d8def12e580f2bdc547b21,5,3,2.9999999116666674,6.0,0.00039999998900000006,5.0,True,False,10,0,EXTENDED_PENDING_RESOURCE_GATE,COMPLETE_BASE_INSTANCE
C,2,6,random_ordered,16,0.125,2,0.01,d6ef8168190da7f5f798ebb7aa3bd92cb68c141aa5766d8b153cdcb7c5635630,1bdcec9be04d42ea61fbc730360385282fc214daa7d8def12e580f2bdc547b21,5,3,2.9991167366191345,6.0,0.0399890007,5.0,True,False,10,0,EXTENDED_PENDING_RESOURCE_GATE,COMPLETE_BASE_INSTANCE
C,2,6,random_ordered,16,0.125,2,0.1,d28d6564519b63153846605901f3e90c2ae4b1c2b5fd3a3dda00e30f109de972,1bdcec9be04d42ea61fbc730360385282fc214daa7d8def12e580f2bdc547b21,5,3,2.9123649665692652,6.0,0.38906999999999997,5.0,True,False,10,0,EXTENDED_PENDING_RESOURCE_GATE,COMPLETE_BASE_INSTANCE
C,2,6,random_ordered,16,0.125,2,0.5,322a621cf2129d41c76013f8e89eccf1fa914d8cfc2d91039413d5cff2079079,1bdcec9be04d42ea61fbc730360385282fc214daa7d8def12e580f2bdc547b21,5,3,1.2090963826345689,6.0,0.8437499999999999,5.0,True,False,10,0,EXTENDED_PENDING_RESOURCE_GATE,COMPLETE_BASE_INSTANCE
C,2,6,random_ordered,16,0.25,4,0.0001,7c9bf11b1a90257d0cbb4173f67c72dc113fc1a28ddbf9f2b61c120b18a5353c,1bdcec9be04d42ea61fbc730360385282fc214daa7d8def12e580f2bdc547b21,5,3,2.9999999116666674,6.0,0.00039999998900000006,5.0,True,False,10,0,EXTENDED_PENDING_RESOURCE_GATE,COMPLETE_BASE_INSTANCE
C,2,6,random_ordered,16,0.25,4,0.01,c13f008398039fdcdacffd099aea29d114e7f4248206316684a2ed4b9a1395e8,1bdcec9be04d42ea61fbc730360385282fc214daa7d8def12e580f2bdc547b21,5,3,2.9991167366191345,6.0,0.0399890007,5.0,True,False,10,0,EXTENDED_PENDING_RESOURCE_GATE,COMPLETE_BASE_INSTANCE
C,2,6,random_ordered,16,0.25,4,0.1,9765427e90e0cdc99a2241878f4e59be548f94869bdffefd38c74f74963aea2b,1bdcec9be04d42ea61fbc730360385282fc214daa7d8def12e580f2bdc547b21,5,3,2.9123649665692652,6.0,0.38906999999999997,5.0,True,False,10,0,EXTENDED_PENDING_RESOURCE_GATE,COMPLETE_BASE_INSTANCE
C,2,6,random_ordered,16,0.25,4,0.5,921db368cb237f84aa6c20781e1585aebdd34db3d4fe3941894cac170e8b483a,1bdcec9be04d42ea61fbc730360385282fc214daa7d8def12e580f2bdc547b21,5,3,1.2090963826345689,6.0,0.8437499999999999,5.0,True,False,10,0,EXTENDED_PENDING_RESOURCE_GATE,COMPLETE_BASE_INSTANCE
C,2,6,random_ordered,16,0.5,8,0.0001,9962bef27f198b4a2653a3a5477cf314012dccd856f2a8c25a05990365918e39,1bdcec9be04d42ea61fbc730360385282fc214daa7d8def12e580f2bdc547b21,5,3,2.9999999116666674,6.0,0.00039999998900000006,5.0,True,False,10,0,EXTENDED_PENDING_RESOURCE_GATE,COMPLETE_BASE_INSTANCE
C,2,6,random_ordered,16,0.5,8,0.01,74e7d9039f6c74164fca19a3088b6288ed3267a2c8c6ab697b0894e3ec32b779,1bdcec9be04d42ea61fbc730360385282fc214daa7d8def12e580f2bdc547b21,5,3,2.9991167366191345,6.0,0.0399890007,5.0,True,False,10,0,EXTENDED_PENDING_RESOURCE_GATE,COMPLETE_BASE_INSTANCE
C,2,6,random_ordered,16,0.5,8,0.1,13ac928dcde67d5e00edeb1fabf313d886fca0d238beb9baa83d12b16b0c897c,1bdcec9be04d42ea61fbc730360385282fc214daa7d8def12e580f2bdc547b21,5,3,2.9123649665692652,6.0,0.38906999999999997,5.0,True,False,10,0,EXTENDED_PENDING_RESOURCE_GATE,COMPLETE_BASE_INSTANCE
C,2,6,random_ordered,16,0.5,8,0.5,0857d9f0c812e9d47c01e0c5df32e2f926d39181c9dcc1913bb4b1effd49fa34,1bdcec9be04d42ea61fbc730360385282fc214daa7d8def12e580f2bdc547b21,5,3,1.2090963826345689,6.0,0.8437499999999999,5.0,True,False,10,0,EXTENDED_PENDING_RESOURCE_GATE,COMPLETE_BASE_INSTANCE
C,2,6,random_ordered,16,0.75,12,0.0001,fd126255d3f3d4f8a067a35b0e57a7d610b5e3f81f2adfd54c591dcb72964676,1bdcec9be04d42ea61fbc730360385282fc214daa7d8def12e580f2bdc547b21,5,3,2.9999999116666674,6.0,0.00039999998900000006,5.0,True,False,10,0,EXTENDED_PENDING_RESOURCE_GATE,COMPLETE_BASE_INSTANCE
C,2,6,random_ordered,16,0.75,12,0.01,a3c4bee97471a431a66e3cebc5a4f97b10bc8d122f63a4d8fc94e3290f7733a1,1bdcec9be04d42ea61fbc730360385282fc214daa7d8def12e580f2bdc547b21,5,3,2.9991167366191345,6.0,0.0399890007,5.0,True,False,10,0,EXTENDED_PENDING_RESOURCE_GATE,COMPLETE_BASE_INSTANCE
C,2,6,random_ordered,16,0.75,12,0.1,b8d8a173d0996180bf8c168b0f83b19136308d0e83d61e14c382b8691f9420ec,1bdcec9be04d42ea61fbc730360385282fc214daa7d8def12e580f2bdc547b21,5,3,2.9123649665692652,6.0,0.38906999999999997,5.0,True,False,10,0,EXTENDED_PENDING_RESOURCE_GATE,COMPLETE_BASE_INSTANCE
C,2,6,random_ordered,16,0.75,12,0.5,3c82ccb39510e20f3a00353a9b7a7585c218db8672385a739f5eb6b76c9668fa,1bdcec9be04d42ea61fbc730360385282fc214daa7d8def12e580f2bdc547b21,5,3,1.2090963826345689,6.0,0.8437499999999999,5.0,True,False,10,0,EXTENDED_PENDING_RESOURCE_GATE,COMPLETE_BASE_INSTANCE
C,2,6,random_ordered,32,0.125,4,0.0001,00eb109ef60fdcd6d456738e9644abd3c1fadad62e483a70b0a820564600a23b,1bdcec9be04d42ea61fbc730360385282fc214daa7d8def12e580f2bdc547b21,5,3,2.9999999116666674,6.0,0.00039999998900000006,5.0,True,False,10,0,EXTENDED_PENDING_RESOURCE_GATE,COMPLETE_BASE_INSTANCE
C,2,6,random_ordered,32,0.125,4,0.01,0ba8952e3be4575fadf40d5e4092574947e6a0f924cd9a54f757612d8c673285,1bdcec9be04d42ea61fbc730360385282fc214daa7d8def12e580f2bdc547b21,5,3,2.9991167366191345,6.0,0.0399890007,5.0,True,False,10,0,EXTENDED_PENDING_RESOURCE_GATE,COMPLETE_BASE_INSTANCE
C,2,6,random_ordered,32,0.125,4,0.1,357ff754ecfde01c783d41e0776985837c59f4885567360e7f6d25a8325566d3,1bdcec9be04d42ea61fbc730360385282fc214daa7d8def12e580f2bdc547b21,5,3,2.9123649665692652,6.0,0.38906999999999997,5.0,True,False,10,0,EXTENDED_PENDING_RESOURCE_GATE,COMPLETE_BASE_INSTANCE
C,2,6,random_ordered,32,0.125,4,0.5,d7322ec37eaf091d99e48aac14df2a1781e564c3aa14054d92ffffb00c9b56af,1bdcec9be04d42ea61fbc730360385282fc214daa7d8def12e580f2bdc547b21,5,3,1.2090963826345689,6.0,0.8437499999999999,5.0,True,False,10,0,EXTENDED_PENDING_RESOURCE_GATE,COMPLETE_BASE_INSTANCE
C,2,6,random_ordered,32,0.25,8,0.0001,bff6f5d8e892c6fdaf25b923dd311ac0be467bb3a540232954224f37c7df15a9,1bdcec9be04d42ea61fbc730360385282fc214daa7d8def12e580f2bdc547b21,5,3,2.9999999116666674,6.0,0.00039999998900000006,5.0,True,False,10,0,EXTENDED_PENDING_RESOURCE_GATE,COMPLETE_BASE_INSTANCE
C,2,6,random_ordered,32,0.25,8,0.01,80b12a7c17d207ce17a1e03ec555bcf2d8e91120785dbe7023f881e0af8376cd,1bdcec9be04d42ea61fbc730360385282fc214daa7d8def12e580f2bdc547b21,5,3,2.9991167366191345,6.0,0.0399890007,5.0,True,False,10,0,EXTENDED_PENDING_RESOURCE_GATE,COMPLETE_BASE_INSTANCE
C,2,6,random_ordered,32,0.25,8,0.1,602a1044a9713e21418d4f274afffaa9a25207bf980dc4289dba764e43770b57,1bdcec9be04d42ea61fbc730360385282fc214daa7d8def12e580f2bdc547b21,5,3,2.9123649665692652,6.0,0.38906999999999997,5.0,True,False,10,0,EXTENDED_PENDING_RESOURCE_GATE,COMPLETE_BASE_INSTANCE
C,2,6,random_ordered,32,0.25,8,0.5,2ef14f7454cc085b3e2777b1f10d3e941ba37aaaa0e30b90d7e284fb3f854801,1bdcec9be04d42ea61fbc730360385282fc214daa7d8def12e580f2bdc547b21,5,3,1.2090963826345689,6.0,0.8437499999999999,5.0,True,False,10,0,EXTENDED_PENDING_RESOURCE_GATE,COMPLETE_BASE_INSTANCE
C,2,6,random_ordered,32,0.5,16,0.0001,0e4170d3da8c86c5e5b1d4ab70510bfeb7a6454904ecb3b87a803e9f1eca2f8b,1bdcec9be04d42ea61fbc730360385282fc214daa7d8def12e580f2bdc547b21,5,3,2.9999999116666674,6.0,0.00039999998900000006,5.0,True,False,10,0,EXTENDED_PENDING_RESOURCE_GATE,COMPLETE_BASE_INSTANCE
C,2,6,random_ordered,32,0.5,16,0.01,a17849e65e6bf47b814fe68b4c17adcb5fc587fa5ee4cddafad7bf59d238ad13,1bdcec9be04d42ea61fbc730360385282fc214daa7d8def12e580f2bdc547b21,5,3,2.9991167366191345,6.0,0.0399890007,5.0,True,False,10,0,EXTENDED_PENDING_RESOURCE_GATE,COMPLETE_BASE_INSTANCE
C,2,6,random_ordered,32,0.5,16,0.1,adea632e34ba908ab1c5d41d062550f0fb18d62c3105c931ab1a7cf5e204159e,1bdcec9be04d42ea61fbc730360385282fc214daa7d8def12e580f2bdc547b21,5,3,2.9123649665692652,6.0,0.38906999999999997,5.0,True,False,10,0,EXTENDED_PENDING_RESOURCE_GATE,COMPLETE_BASE_INSTANCE
C,2,6,random_ordered,32,0.5,16,0.5,19d58b784289d16c97d5bf73c16a0356616d90ae9c0fd34118a5d6541430a894,1bdcec9be04d42ea61fbc730360385282fc214daa7d8def12e580f2bdc547b21,5,3,1.2090963826345689,6.0,0.8437499999999999,5.0,True,False,10,0,EXTENDED_PENDING_RESOURCE_GATE,COMPLETE_BASE_INSTANCE
C,2,6,random_ordered,32,0.75,24,0.0001,51f19bd40f7089050e26728e4a378250ce1100ea2168d60dd64c88fa85160c92,1bdcec9be04d42ea61fbc730360385282fc214daa7d8def12e580f2bdc547b21,5,3,2.9999999116666674,6.0,0.00039999998900000006,5.0,True,False,10,0,EXTENDED_PENDING_RESOURCE_GATE,COMPLETE_BASE_INSTANCE
C,2,6,random_ordered,32,0.75,24,0.01,aac4ffaa7583972f0c450593fe46caaa26c497fdd8235587264cc881d880fe05,1bdcec9be04d42ea61fbc730360385282fc214daa7d8def12e580f2bdc547b21,5,3,2.9991167366191345,6.0,0.0399890007,5.0,True,False,10,0,EXTENDED_PENDING_RESOURCE_GATE,COMPLETE_BASE_INSTANCE
C,2,6,random_ordered,32,0.75,24,0.1,844bc82f32f274b5b838789aab447c7a7b8f6b01d40c99f9a758ffdf3c690187,1bdcec9be04d42ea61fbc730360385282fc214daa7d8def12e580f2bdc547b21,5,3,2.9123649665692652,6.0,0.38906999999999997,5.0,True,False,10,0,EXTENDED_PENDING_RESOURCE_GATE,COMPLETE_BASE_INSTANCE
C,2,6,random_ordered,32,0.75,24,0.5,0c4e92a46ab8de721915fad9a1c8c0871e3c14f6ad3457adb4336960f5aa088d,1bdcec9be04d42ea61fbc730360385282fc214daa7d8def12e580f2bdc547b21,5,3,1.2090963826345689,6.0,0.8437499999999999,5.0,True,False,10,0,EXTENDED_PENDING_RESOURCE_GATE,COMPLETE_BASE_INSTANCE
C,2,6,random_ordered,64,0.125,8,0.0001,dd11d326446a11def5259329e12ebfe0d1a5759fa0323136e955c9c63db93861,1bdcec9be04d42ea61fbc730360385282fc214daa7d8def12e580f2bdc547b21,5,3,2.9999999116666674,6.0,0.00039999998900000006,5.0,True,False,10,0,EXTENDED_PENDING_RESOURCE_GATE,COMPLETE_BASE_INSTANCE
C,2,6,random_ordered,64,0.125,8,0.01,c8618ee6e53853786bbe172b345957767f72d3db53f7d5e72fe0e5cb84e97d1a,1bdcec9be04d42ea61fbc730360385282fc214daa7d8def12e580f2bdc547b21,5,3,2.9991167366191345,6.0,0.0399890007,5.0,True,False,10,0,EXTENDED_PENDING_RESOURCE_GATE,COMPLETE_BASE_INSTANCE
C,2,6,random_ordered,64,0.125,8,0.1,67f8e56fa00633c826abc3cc12fcd8ca24385b1b2eec24ef2ae39d0c90f10e44,1bdcec9be04d42ea61fbc730360385282fc214daa7d8def12e580f2bdc547b21,5,3,2.9123649665692652,6.0,0.38906999999999997,5.0,True,False,10,0,EXTENDED_PENDING_RESOURCE_GATE,COMPLETE_BASE_INSTANCE
C,2,6,random_ordered,64,0.125,8,0.5,b246e4cfb75c12f014941b729ab91c3297ebb0955e20da3b365a89a868f745d6,1bdcec9be04d42ea61fbc730360385282fc214daa7d8def12e580f2bdc547b21,5,3,1.2090963826345689,6.0,0.8437499999999999,5.0,True,False,10,0,EXTENDED_PENDING_RESOURCE_GATE,COMPLETE_BASE_INSTANCE
C,2,6,random_ordered,64,0.25,16,0.0001,2458516e3eff91f75b4b0decb120924999cb5c331c3dece755e2669b5fe0d802,1bdcec9be04d42ea61fbc730360385282fc214daa7d8def12e580f2bdc547b21,5,3,2.9999999116666674,6.0,0.00039999998900000006,5.0,True,False,10,0,EXTENDED_PENDING_RESOURCE_GATE,COMPLETE_BASE_INSTANCE
C,2,6,random_ordered,64,0.25,16,0.01,184a20ea7d6ce19b481d84966a127ee65fe0d34a67071b9e1ce67d213a5b45a2,1bdcec9be04d42ea61fbc730360385282fc214daa7d8def12e580f2bdc547b21,5,3,2.9991167366191345,6.0,0.0399890007,5.0,True,False,10,0,EXTENDED_PENDING_RESOURCE_GATE,COMPLETE_BASE_INSTANCE
C,2,6,random_ordered,64,0.25,16,0.1,266b8cabd83fd61cc46edfb414d72a8b5f6310753ef04435f503759a59487014,1bdcec9be04d42ea61fbc730360385282fc214daa7d8def12e580f2bdc547b21,5,3,2.9123649665692652,6.0,0.38906999999999997,5.0,True,False,10,0,EXTENDED_PENDING_RESOURCE_GATE,COMPLETE_BASE_INSTANCE
C,2,6,random_ordered,64,0.25,16,0.5,370a860075ef0b2106c755090fb08f070191cc26b9ed74975e71c00030633e36,1bdcec9be04d42ea61fbc730360385282fc214daa7d8def12e580f2bdc547b21,5,3,1.2090963826345689,6.0,0.8437499999999999,5.0,True,False,10,0,EXTENDED_PENDING_RESOURCE_GATE,COMPLETE_BASE_INSTANCE
C,2,6,random_ordered,64,0.5,32,0.0001,5d1c2d825612daf376a37dfffce14d35aaffe1763c8004754f9dcbf0f221c57d,1bdcec9be04d42ea61fbc730360385282fc214daa7d8def12e580f2bdc547b21,5,3,2.9999999116666674,6.0,0.00039999998900000006,5.0,True,False,10,0,EXTENDED_PENDING_RESOURCE_GATE,COMPLETE_BASE_INSTANCE
C,2,6,random_ordered,64,0.5,32,0.01,8a36ee3882d18b8f7a03e41f781ee3ac940975cbcbe4d651b0664730266409ae,1bdcec9be04d42ea61fbc730360385282fc214daa7d8def12e580f2bdc547b21,5,3,2.9991167366191345,6.0,0.0399890007,5.0,True,False,10,0,EXTENDED_PENDING_RESOURCE_GATE,COMPLETE_BASE_INSTANCE
C,2,6,random_ordered,64,0.5,32,0.1,fe3f030fa77aabdcf6cf51dab94e323552b9f0088f456757d02227511ec2f09f,1bdcec9be04d42ea61fbc730360385282fc214daa7d8def12e580f2bdc547b21,5,3,2.9123649665692652,6.0,0.38906999999999997,5.0,True,False,10,0,EXTENDED_PENDING_RESOURCE_GATE,COMPLETE_BASE_INSTANCE
C,2,6,random_ordered,64,0.5,32,0.5,91835da902ec41c3446d4cff468f93c01e1b2d5de4f85b3da6a8486c93fade5e,1bdcec9be04d42ea61fbc730360385282fc214daa7d8def12e580f2bdc547b21,5,3,1.2090963826345689,6.0,0.8437499999999999,5.0,True,False,10,0,EXTENDED_PENDING_RESOURCE_GATE,COMPLETE_BASE_INSTANCE
C,2,6,random_ordered,64,0.75,48,0.0001,7294cab6aa81589ddfcd33fd84652da84660f01cdc22d53188aaecab39095c5b,1bdcec9be04d42ea61fbc730360385282fc214daa7d8def12e580f2bdc547b21,5,3,2.9999999116666674,6.0,0.00039999998900000006,5.0,True,False,10,0,EXTENDED_PENDING_RESOURCE_GATE,COMPLETE_BASE_INSTANCE
C,2,6,random_ordered,64,0.75,48,0.01,578e6d46f3da63021bd946e9d576b9b9b86c47aefa945ed988581cf113041e24,1bdcec9be04d42ea61fbc730360385282fc214daa7d8def12e580f2bdc547b21,5,3,2.9991167366191345,6.0,0.0399890007,5.0,True,False,10,0,EXTENDED_PENDING_RESOURCE_GATE,COMPLETE_BASE_INSTANCE
C,2,6,random_ordered,64,0.75,48,0.1,c09da537d11ff84c28a16bce0a027bbccd6aea36b49e17605ad083e5f19a2cd2,1bdcec9be04d42ea61fbc730360385282fc214daa7d8def12e580f2bdc547b21,5,3,2.9123649665692652,6.0,0.38906999999999997,5.0,True,False,10,0,EXTENDED_PENDING_RESOURCE_GATE,COMPLETE_BASE_INSTANCE
C,2,6,random_ordered,64,0.75,48,0.5,6e4f4eb0bd06c22af92384b0208d5c4ceb3ebf25916061c4e70b925548c36dc1,1bdcec9be04d42ea61fbc730360385282fc214daa7d8def12e580f2bdc547b21,5,3,1.2090963826345689,6.0,0.8437499999999999,5.0,True,False,10,0,EXTENDED_PENDING_RESOURCE_GATE,COMPLETE_BASE_INSTANCE
C,2,12,comb,2,0.125,1,0.0001,407cb5a93b0e8b4541f9a661d6b3b8df0f6277e13ba93755b20e4068a1a19e23,c52b629d5e4094d17ca1a7db0140e19eb8114527e26568b898a9c4b716ad201e,12,2,11.999998955000034,12.0,0.006599999175000035,11.0,True,False,10,0,EXTENDED_PENDING_RESOURCE_GATE,COMPLETE_BASE_INSTANCE
C,2,12,comb,2,0.125,1,0.01,5b993d88833f46b8004eb6f2175767c39a59ba9868941411891cb4b4c83879e4,c52b629d5e4094d17ca1a7db0140e19eb8114527e26568b898a9c4b716ad201e,12,2,11.989553461058371,12.0,0.6591753563310361,11.0,True,False,10,0,EXTENDED_PENDING_RESOURCE_GATE,COMPLETE_BASE_INSTANCE
C,2,12,comb,2,0.125,1,0.1,8c2f7040204af6e82ca3f2950225aae47166e1cddc407971167d74220f5bdc48,c52b629d5e4094d17ca1a7db0140e19eb8114527e26568b898a9c4b716ad201e,12,2,10.989116686439175,12.0,5.80995641753,11.0,True,False,10,0,EXTENDED_PENDING_RESOURCE_GATE,COMPLETE_BASE_INSTANCE
C,2,12,comb,2,0.125,1,0.5,93630b62345275d354267bb7ba13b5abeea5c02e38723acc26e8221df6c7f4a5,c52b629d5e4094d17ca1a7db0140e19eb8114527e26568b898a9c4b716ad201e,12,2,1.6440429687499998,12.0,1.6440429687499998,11.0,True,False,10,0,EXTENDED_PENDING_RESOURCE_GATE,COMPLETE_BASE_INSTANCE
C,2,12,comb,2,0.25,1,0.0001,1bfad667c8c3e4b58b0b5f8d280bbf316f4d90893641386ed4f82dc90f926593,c52b629d5e4094d17ca1a7db0140e19eb8114527e26568b898a9c4b716ad201e,12,2,11.999998955000034,12.0,0.006599999175000035,11.0,True,False,10,0,EXTENDED_PENDING_RESOURCE_GATE,COMPLETE_BASE_INSTANCE
C,2,12,comb,2,0.25,1,0.01,1ea8e3a1077becf400b0d056c9c700155f5d812b8b66de0e35f7865de58a7275,c52b629d5e4094d17ca1a7db0140e19eb8114527e26568b898a9c4b716ad201e,12,2,11.989553461058371,12.0,0.6591753563310361,11.0,True,False,10,0,EXTENDED_PENDING_RESOURCE_GATE,COMPLETE_BASE_INSTANCE
C,2,12,comb,2,0.25,1,0.1,d65bba088dbef9a9be3e65787782a271fbe53714f86764ae43ab6c82a4dc5f32,c52b629d5e4094d17ca1a7db0140e19eb8114527e26568b898a9c4b716ad201e,12,2,10.989116686439175,12.0,5.80995641753,11.0,True,False,10,0,EXTENDED_PENDING_RESOURCE_GATE,COMPLETE_BASE_INSTANCE
C,2,12,comb,2,0.25,1,0.5,bd77dd56a9b698598a8cb591e28b79df9c78fa3094ed3899fa42923dbfbafa48,c52b629d5e4094d17ca1a7db0140e19eb8114527e26568b898a9c4b716ad201e,12,2,1.6440429687499998,12.0,1.6440429687499998,11.0,True,False,10,0,EXTENDED_PENDING_RESOURCE_GATE,COMPLETE_BASE_INSTANCE
C,2,12,comb,2,0.5,1,0.0001,e8f059ede7b2d31f2f6eac0feb10221810bc3b79d6d064414e6e973c78209d28,c52b629d5e4094d17ca1a7db0140e19eb8114527e26568b898a9c4b716ad201e,12,2,11.999998955000034,12.0,0.006599999175000035,11.0,True,False,10,0,EXTENDED_PENDING_RESOURCE_GATE,COMPLETE_BASE_INSTANCE
C,2,12,comb,2,0.5,1,0.01,9b19e00caedd0b5c4504a58b452ab0d4437c3c1e2967114546f89bc5efa458a2,c52b629d5e4094d17ca1a7db0140e19eb8114527e26568b898a9c4b716ad201e,12,2,11.989553461058371,12.0,0.6591753563310361,11.0,True,False,10,0,EXTENDED_PENDING_RESOURCE_GATE,COMPLETE_BASE_INSTANCE
C,2,12,comb,2,0.5,1,0.1,c1ceae48dd7f9487d81982e3411eaf62c769c909f8dcb124071465e2d7f01280,c52b629d5e4094d17ca1a7db0140e19eb8114527e26568b898a9c4b716ad201e,12,2,10.989116686439175,12.0,5.80995641753,11.0,True,False,10,0,EXTENDED_PENDING_RESOURCE_GATE,COMPLETE_BASE_INSTANCE
C,2,12,comb,2,0.5,1,0.5,bbc16544aba2e045118077410dc21befae92aad215bc8cc445ddf971c1101e33,c52b629d5e4094d17ca1a7db0140e19eb8114527e26568b898a9c4b716ad201e,12,2,1.6440429687499998,12.0,1.6440429687499998,11.0,True,False,10,0,EXTENDED_PENDING_RESOURCE_GATE,COMPLETE_BASE_INSTANCE
C,2,12,comb,2,0.75,1,0.0001,8fc50e647ab0703ccae62c2b025d518b699849040cc6b17ab909ebaef6d9bb00,c52b629d5e4094d17ca1a7db0140e19eb8114527e26568b898a9c4b716ad201e,12,2,11.999998955000034,12.0,0.006599999175000035,11.0,True,False,10,0,EXTENDED_PENDING_RESOURCE_GATE,COMPLETE_BASE_INSTANCE
C,2,12,comb,2,0.75,1,0.01,ed33643fbc887b898d01896bcd11533bafa8806dc415bbc5b8641df7e73f05c6,c52b629d5e4094d17ca1a7db0140e19eb8114527e26568b898a9c4b716ad201e,12,2,11.989553461058371,12.0,0.6591753563310361,11.0,True,False,10,0,EXTENDED_PENDING_RESOURCE_GATE,COMPLETE_BASE_INSTANCE
C,2,12,comb,2,0.75,1,0.1,eefc68c0bfe0579f5b53953c35b89c65bd750318bfdec94020fb622d49405441,c52b629d5e4094d17ca1a7db0140e19eb8114527e26568b898a9c4b716ad201e,12,2,10.989116686439175,12.0,5.80995641753,11.0,True,False,10,0,EXTENDED_PENDING_RESOURCE_GATE,COMPLETE_BASE_INSTANCE
C,2,12,comb,2,0.75,1,0.5,50db5740cbfe44d3081a6c72b66f257cb5554b7f91a6611b1cbecd221f14be8d,c52b629d5e4094d17ca1a7db0140e19eb8114527e26568b898a9c4b716ad201e,12,2,1.6440429687499998,12.0,1.6440429687499998,11.0,True,False,10,0,EXTENDED_PENDING_RESOURCE_GATE,COMPLETE_BASE_INSTANCE
C,2,12,comb,4,0.125,1,0.0001,9647a170ec1d66ed6aa3d6259a02102694c249d440e61d062c04c9143188654f,c52b629d5e4094d17ca1a7db0140e19eb8114527e26568b898a9c4b716ad201e,12,2,11.999998955000034,12.0,0.006599999175000035,11.0,True,False,10,0,EXTENDED_PENDING_RESOURCE_GATE,COMPLETE_BASE_INSTANCE
C,2,12,comb,4,0.125,1,0.01,6ceaf8bca96f537f4541fb3c437eb4bd4e94a72f46e02d3bd7dbe103a714cf5b,c52b629d5e4094d17ca1a7db0140e19eb8114527e26568b898a9c4b716ad201e,12,2,11.989553461058371,12.0,0.6591753563310361,11.0,True,False,10,0,EXTENDED_PENDING_RESOURCE_GATE,COMPLETE_BASE_INSTANCE
C,2,12,comb,4,0.125,1,0.1,a4f5b04a2e1285eb511bafe5dfe8e09e311bf00248a422ec5cc31fc108a33496,c52b629d5e4094d17ca1a7db0140e19eb8114527e26568b898a9c4b716ad201e,12,2,10.989116686439175,12.0,5.80995641753,11.0,True,False,10,0,EXTENDED_PENDING_RESOURCE_GATE,COMPLETE_BASE_INSTANCE
C,2,12,comb,4,0.125,1,0.5,f8f1f16dfe1b8c58581e01078f42bb8444eb10bd69b8cdccef0fb39a183372ad,c52b629d5e4094d17ca1a7db0140e19eb8114527e26568b898a9c4b716ad201e,12,2,1.6440429687499998,12.0,1.6440429687499998,11.0,True,False,10,0,EXTENDED_PENDING_RESOURCE_GATE,COMPLETE_BASE_INSTANCE
C,2,12,comb,4,0.25,1,0.0001,ba8fb0ac98f620033087ce1ae645fd4c7008e39a9bf7c962e8e932bc6f89a96c,c52b629d5e4094d17ca1a7db0140e19eb8114527e26568b898a9c4b716ad201e,12,2,11.999998955000034,12.0,0.006599999175000035,11.0,True,False,10,0,EXTENDED_PENDING_RESOURCE_GATE,COMPLETE_BASE_INSTANCE
C,2,12,comb,4,0.25,1,0.01,a66839acfa521d4f4b3934c1cb4c1b266294fcc2fad7fc66fccc04f3937bd922,c52b629d5e4094d17ca1a7db0140e19eb8114527e26568b898a9c4b716ad201e,12,2,11.989553461058371,12.0,0.6591753563310361,11.0,True,False,10,0,EXTENDED_PENDING_RESOURCE_GATE,COMPLETE_BASE_INSTANCE
C,2,12,comb,4,0.25,1,0.1,0dc7f8a2587f9cf83b064bfb2db981fc57421be93b5a61fe201884e87cbd7df1,c52b629d5e4094d17ca1a7db0140e19eb8114527e26568b898a9c4b716ad201e,12,2,10.989116686439175,12.0,5.80995641753,11.0,True,False,10,0,EXTENDED_PENDING_RESOURCE_GATE,COMPLETE_BASE_INSTANCE
C,2,12,comb,4,0.25,1,0.5,19ab9badc33f9210f749475b5f3195e79af06cf4ed0f750641291c3b0e53601f,c52b629d5e4094d17ca1a7db0140e19eb8114527e26568b898a9c4b716ad201e,12,2,1.6440429687499998,12.0,1.6440429687499998,11.0,True,False,10,0,EXTENDED_PENDING_RESOURCE_GATE,COMPLETE_BASE_INSTANCE
C,2,12,comb,4,0.5,2,0.0001,07d27f9b0c07423fcefdb6b0e428f465a9bad46a77f5d145780b94c248aa9a15,c52b629d5e4094d17ca1a7db0140e19eb8114527e26568b898a9c4b716ad201e,12,2,11.999998955000034,12.0,0.006599999175000035,11.0,True,False,10,0,EXTENDED_PENDING_RESOURCE_GATE,COMPLETE_BASE_INSTANCE
C,2,12,comb,4,0.5,2,0.01,b1384196d1f5c9fa822da6ce2155664712deb16de4991615d350196991edf878,c52b629d5e4094d17ca1a7db0140e19eb8114527e26568b898a9c4b716ad201e,12,2,11.989553461058371,12.0,0.6591753563310361,11.0,True,False,10,0,EXTENDED_PENDING_RESOURCE_GATE,COMPLETE_BASE_INSTANCE
C,2,12,comb,4,0.5,2,0.1,072b9587613d2eaea20cc0b77397a031799e0a9389f152e89c5d9661c300e498,c52b629d5e4094d17ca1a7db0140e19eb8114527e26568b898a9c4b716ad201e,12,2,10.989116686439175,12.0,5.80995641753,11.0,True,False,10,0,EXTENDED_PENDING_RESOURCE_GATE,COMPLETE_BASE_INSTANCE
C,2,12,comb,4,0.5,2,0.5,d222d05908747ce01d55e1a15240e5065a1a2a0a93a333d9f32a8af678097421,c52b629d5e4094d17ca1a7db0140e19eb8114527e26568b898a9c4b716ad201e,12,2,1.6440429687499998,12.0,1.6440429687499998,11.0,True,False,10,0,EXTENDED_PENDING_RESOURCE_GATE,COMPLETE_BASE_INSTANCE
C,2,12,comb,4,0.75,3,0.0001,1b1ddd73ab940637ee6037da0e11259e5ece5ad4f1901339f2a2c49aed59ec35,c52b629d5e4094d17ca1a7db0140e19eb8114527e26568b898a9c4b716ad201e,12,2,11.999998955000034,12.0,0.006599999175000035,11.0,True,False,10,0,EXTENDED_PENDING_RESOURCE_GATE,COMPLETE_BASE_INSTANCE
C,2,12,comb,4,0.75,3,0.01,3415eb2bfff1823e389c4e137f1620d34512220c0c662d0ac762982d6294c55b,c52b629d5e4094d17ca1a7db0140e19eb8114527e26568b898a9c4b716ad201e,12,2,11.989553461058371,12.0,0.6591753563310361,11.0,True,False,10,0,EXTENDED_PENDING_RESOURCE_GATE,COMPLETE_BASE_INSTANCE
C,2,12,comb,4,0.75,3,0.1,7fda007f45c6ba4ed5caee008912574523cf52c4f6c5659f166132c5cbd138f6,c52b629d5e4094d17ca1a7db0140e19eb8114527e26568b898a9c4b716ad201e,12,2,10.989116686439175,12.0,5.80995641753,11.0,True,False,10,0,EXTENDED_PENDING_RESOURCE_GATE,COMPLETE_BASE_INSTANCE
C,2,12,comb,4,0.75,3,0.5,5fe9073739056503333b292b005a4e34c80a494d4586ea8abb0ea75845e5cd97,c52b629d5e4094d17ca1a7db0140e19eb8114527e26568b898a9c4b716ad201e,12,2,1.6440429687499998,12.0,1.6440429687499998,11.0,True,False,10,0,EXTENDED_PENDING_RESOURCE_GATE,COMPLETE_BASE_INSTANCE
C,2,12,comb,8,0.125,1,0.0001,6e0ee10d3cb67353f79733d9f8fc01c05b37ab2c17911f4eaf6984c5af0a8549,c52b629d5e4094d17ca1a7db0140e19eb8114527e26568b898a9c4b716ad201e,12,2,11.999998955000034,12.0,0.006599999175000035,11.0,True,False,10,0,EXTENDED_PENDING_RESOURCE_GATE,COMPLETE_BASE_INSTANCE
C,2,12,comb,8,0.125,1,0.01,087e7903ba937886bccdb7d172cf617a008aef982adca43aacaba748eb6090d5,c52b629d5e4094d17ca1a7db0140e19eb8114527e26568b898a9c4b716ad201e,12,2,11.989553461058371,12.0,0.6591753563310361,11.0,True,False,10,0,EXTENDED_PENDING_RESOURCE_GATE,COMPLETE_BASE_INSTANCE
C,2,12,comb,8,0.125,1,0.1,307bd759aa22eb233df9f7f055aca612e6c69c3fbc56fc3fb2134d2c4dd8f21d,c52b629d5e4094d17ca1a7db0140e19eb8114527e26568b898a9c4b716ad201e,12,2,10.989116686439175,12.0,5.80995641753,11.0,True,False,10,0,EXTENDED_PENDING_RESOURCE_GATE,COMPLETE_BASE_INSTANCE
C,2,12,comb,8,0.125,1,0.5,250822ff538e7e64bdcdbbdf7bb79686293298e83bb3f31cd7b751eb25d8791a,c52b629d5e4094d17ca1a7db0140e19eb8114527e26568b898a9c4b716ad201e,12,2,1.6440429687499998,12.0,1.6440429687499998,11.0,True,False,10,0,EXTENDED_PENDING_RESOURCE_GATE,COMPLETE_BASE_INSTANCE
C,2,12,comb,8,0.25,2,0.0001,0e251c854fe3f1871111ae4cd2624e41807dddf47300c718b9daaf28cf4a278d,c52b629d5e4094d17ca1a7db0140e19eb8114527e26568b898a9c4b716ad201e,12,2,11.999998955000034,12.0,0.006599999175000035,11.0,True,False,10,0,EXTENDED_PENDING_RESOURCE_GATE,COMPLETE_BASE_INSTANCE
C,2,12,comb,8,0.25,2,0.01,2e04c0c02a38e9ca256f67abbb4504d135118a32dc446ee01698e5f45f43fd79,c52b629d5e4094d17ca1a7db0140e19eb8114527e26568b898a9c4b716ad201e,12,2,11.989553461058371,12.0,0.6591753563310361,11.0,True,False,10,0,EXTENDED_PENDING_RESOURCE_GATE,COMPLETE_BASE_INSTANCE
C,2,12,comb,8,0.25,2,0.1,e6773582799cb2c6e948c7a8dcfbb26fe6903e14d5e8a47e718681f00d776197,c52b629d5e4094d17ca1a7db0140e19eb8114527e26568b898a9c4b716ad201e,12,2,10.989116686439175,12.0,5.80995641753,11.0,True,False,10,0,EXTENDED_PENDING_RESOURCE_GATE,COMPLETE_BASE_INSTANCE
C,2,12,comb,8,0.25,2,0.5,d8ba0b8bf851572736683a7ed13d421607bcc4d5631fa2f66b7f6851d0fc1647,c52b629d5e4094d17ca1a7db0140e19eb8114527e26568b898a9c4b716ad201e,12,2,1.6440429687499998,12.0,1.6440429687499998,11.0,True,False,10,0,EXTENDED_PENDING_RESOURCE_GATE,COMPLETE_BASE_INSTANCE
C,2,12,comb,8,0.5,4,0.0001,582e763aa9877a6deca3cfef644ad1198a4ace4c9fa74a06c809758600c6b739,c52b629d5e4094d17ca1a7db0140e19eb8114527e26568b898a9c4b716ad201e,12,2,11.999998955000034,12.0,0.006599999175000035,11.0,True,False,10,0,EXTENDED_PENDING_RESOURCE_GATE,COMPLETE_BASE_INSTANCE
C,2,12,comb,8,0.5,4,0.01,83b4dd80778b2f7d9ab35ae5bd31afac40a14c0cf4fd983d1889e8cf0dab671f,c52b629d5e4094d17ca1a7db0140e19eb8114527e26568b898a9c4b716ad201e,12,2,11.989553461058371,12.0,0.6591753563310361,11.0,True,False,10,0,EXTENDED_PENDING_RESOURCE_GATE,COMPLETE_BASE_INSTANCE
C,2,12,comb,8,0.5,4,0.1,decd29483d0b518e5d1945a3eadfbecbede8c4af4c07d30043c3c9ea87ff9f18,c52b629d5e4094d17ca1a7db0140e19eb8114527e26568b898a9c4b716ad201e,12,2,10.989116686439175,12.0,5.80995641753,11.0,True,False,10,0,EXTENDED_PENDING_RESOURCE_GATE,COMPLETE_BASE_INSTANCE
C,2,12,comb,8,0.5,4,0.5,3810798371748cef96660e76836ea902ab4324628d6910113e89e7fdbe292cb6,c52b629d5e4094d17ca1a7db0140e19eb8114527e26568b898a9c4b716ad201e,12,2,1.6440429687499998,12.0,1.6440429687499998,11.0,True,False,10,0,EXTENDED_PENDING_RESOURCE_GATE,COMPLETE_BASE_INSTANCE
C,2,12,comb,8,0.75,6,0.0001,cfcc3d76597dab7c5943a5a90b083bd49d2f599cd08f16b89563b218090ac18a,c52b629d5e4094d17ca1a7db0140e19eb8114527e26568b898a9c4b716ad201e,12,2,11.999998955000034,12.0,0.006599999175000035,11.0,True,False,10,0,EXTENDED_PENDING_RESOURCE_GATE,COMPLETE_BASE_INSTANCE
C,2,12,comb,8,0.75,6,0.01,be41b13023929f05d01a45b48feb8733ea72d27c077bbc2dc76e4b4b234ea3b8,c52b629d5e4094d17ca1a7db0140e19eb8114527e26568b898a9c4b716ad201e,12,2,11.989553461058371,12.0,0.6591753563310361,11.0,True,False,10,0,EXTENDED_PENDING_RESOURCE_GATE,COMPLETE_BASE_INSTANCE
C,2,12,comb,8,0.75,6,0.1,d82a0d209ffaf2ca77dd4ac1585fd0f1c6c53061a1601f593085faaa47e20d42,c52b629d5e4094d17ca1a7db0140e19eb8114527e26568b898a9c4b716ad201e,12,2,10.989116686439175,12.0,5.80995641753,11.0,True,False,10,0,EXTENDED_PENDING_RESOURCE_GATE,COMPLETE_BASE_INSTANCE
C,2,12,comb,8,0.75,6,0.5,b3cf1ef6a827bdc3fcda308cc7ddca2fe41fd7a3a7fe774229be36f8c527e2e9,c52b629d5e4094d17ca1a7db0140e19eb8114527e26568b898a9c4b716ad201e,12,2,1.6440429687499998,12.0,1.6440429687499998,11.0,True,False,10,0,EXTENDED_PENDING_RESOURCE_GATE,COMPLETE_BASE_INSTANCE
C,2,12,comb,16,0.125,2,0.0001,be8e9a1d817892dbf770aba92923169067f63b02ed7f8d09cfc158dd898072eb,c52b629d5e4094d17ca1a7db0140e19eb8114527e26568b898a9c4b716ad201e,12,2,11.999998955000034,12.0,0.006599999175000035,11.0,True,False,10,0,EXTENDED_PENDING_RESOURCE_GATE,COMPLETE_BASE_INSTANCE
C,2,12,comb,16,0.125,2,0.01,291447ae57be13508c96993da661ec03711a1b7e13e6e14b08066f59d5f62901,c52b629d5e4094d17ca1a7db0140e19eb8114527e26568b898a9c4b716ad201e,12,2,11.989553461058371,12.0,0.6591753563310361,11.0,True,False,10,0,EXTENDED_PENDING_RESOURCE_GATE,COMPLETE_BASE_INSTANCE
C,2,12,comb,16,0.125,2,0.1,37042526d8c246af1015975bea790e88315dae23c308c3830ff71537266b4bff,c52b629d5e4094d17ca1a7db0140e19eb8114527e26568b898a9c4b716ad201e,12,2,10.989116686439175,12.0,5.80995641753,11.0,True,False,10,0,EXTENDED_PENDING_RESOURCE_GATE,COMPLETE_BASE_INSTANCE
C,2,12,comb,16,0.125,2,0.5,6689d930377663fbfc2f7902cb415f98aa30ce505b4eb27bcc78d6ac2f7ac956,c52b629d5e4094d17ca1a7db0140e19eb8114527e26568b898a9c4b716ad201e,12,2,1.6440429687499998,12.0,1.6440429687499998,11.0,True,False,10,0,EXTENDED_PENDING_RESOURCE_GATE,COMPLETE_BASE_INSTANCE
C,2,12,comb,16,0.25,4,0.0001,4f7d0001a5df6873fad37616f332595cb5a128c7bef48c9736fb6490a005c2ad,c52b629d5e4094d17ca1a7db0140e19eb8114527e26568b898a9c4b716ad201e,12,2,11.999998955000034,12.0,0.006599999175000035,11.0,True,False,10,0,EXTENDED_PENDING_RESOURCE_GATE,COMPLETE_BASE_INSTANCE
C,2,12,comb,16,0.25,4,0.01,5e5c9a802b3302fed149da3987e08389b6cedc1bfed5962465b08797f2fedb9c,c52b629d5e4094d17ca1a7db0140e19eb8114527e26568b898a9c4b716ad201e,12,2,11.989553461058371,12.0,0.6591753563310361,11.0,True,False,10,0,EXTENDED_PENDING_RESOURCE_GATE,COMPLETE_BASE_INSTANCE
C,2,12,comb,16,0.25,4,0.1,a7e1eb165585bef9d40359b107084be75b955b53057ad2baf24559bc4871bdaa,c52b629d5e4094d17ca1a7db0140e19eb8114527e26568b898a9c4b716ad201e,12,2,10.989116686439175,12.0,5.80995641753,11.0,True,False,10,0,EXTENDED_PENDING_RESOURCE_GATE,COMPLETE_BASE_INSTANCE
C,2,12,comb,16,0.25,4,0.5,916fa5726d0bd2fdd606a3ad96ce1db53802a21077c4482abe3aa266d938579e,c52b629d5e4094d17ca1a7db0140e19eb8114527e26568b898a9c4b716ad201e,12,2,1.6440429687499998,12.0,1.6440429687499998,11.0,True,False,10,0,EXTENDED_PENDING_RESOURCE_GATE,COMPLETE_BASE_INSTANCE
C,2,12,comb,16,0.5,8,0.0001,282cd1d7517d471ec4d60487d139ff3d618f6380d3b9d664cb3a7d5d075443eb,c52b629d5e4094d17ca1a7db0140e19eb8114527e26568b898a9c4b716ad201e,12,2,11.999998955000034,12.0,0.006599999175000035,11.0,True,False,10,0,EXTENDED_PENDING_RESOURCE_GATE,COMPLETE_BASE_INSTANCE
C,2,12,comb,16,0.5,8,0.01,3b41c6820221c9285d716458e717325125ce4e4bd8a47119692df286d5fa41e3,c52b629d5e4094d17ca1a7db0140e19eb8114527e26568b898a9c4b716ad201e,12,2,11.989553461058371,12.0,0.6591753563310361,11.0,True,False,10,0,EXTENDED_PENDING_RESOURCE_GATE,COMPLETE_BASE_INSTANCE
C,2,12,comb,16,0.5,8,0.1,335ae6e88dd46521682cd98dd0e75a58fb3e1ef6d5339ce7cdfee485079f3856,c52b629d5e4094d17ca1a7db0140e19eb8114527e26568b898a9c4b716ad201e,12,2,10.989116686439175,12.0,5.80995641753,11.0,True,False,10,0,EXTENDED_PENDING_RESOURCE_GATE,COMPLETE_BASE_INSTANCE
C,2,12,comb,16,0.5,8,0.5,88570d5af4c7beace966130e5bf04250057b6e618ca938910afc53cc2d547f32,c52b629d5e4094d17ca1a7db0140e19eb8114527e26568b898a9c4b716ad201e,12,2,1.6440429687499998,12.0,1.6440429687499998,11.0,True,False,10,0,EXTENDED_PENDING_RESOURCE_GATE,COMPLETE_BASE_INSTANCE
C,2,12,comb,16,0.75,12,0.0001,4ca6e0e71299ea3a09df347e10170555a027fc08947b80e28df3413154e89734,c52b629d5e4094d17ca1a7db0140e19eb8114527e26568b898a9c4b716ad201e,12,2,11.999998955000034,12.0,0.006599999175000035,11.0,True,False,10,0,EXTENDED_PENDING_RESOURCE_GATE,COMPLETE_BASE_INSTANCE
C,2,12,comb,16,0.75,12,0.01,8397158bbe4fb42f50e228558c3d91c8e85e80711fc7df8ef65987814ff32131,c52b629d5e4094d17ca1a7db0140e19eb8114527e26568b898a9c4b716ad201e,12,2,11.989553461058371,12.0,0.6591753563310361,11.0,True,False,10,0,EXTENDED_PENDING_RESOURCE_GATE,COMPLETE_BASE_INSTANCE
C,2,12,comb,16,0.75,12,0.1,56456092d5da5411690cde2c1e01839b24bd966dde87772d475812b8b5d2f1be,c52b629d5e4094d17ca1a7db0140e19eb8114527e26568b898a9c4b716ad201e,12,2,10.989116686439175,12.0,5.80995641753,11.0,True,False,10,0,EXTENDED_PENDING_RESOURCE_GATE,COMPLETE_BASE_INSTANCE
C,2,12,comb,16,0.75,12,0.5,54f33d4538c47bcefdd02669035cfcf5c284c215a635f8e8091ccdffbcc23eeb,c52b629d5e4094d17ca1a7db0140e19eb8114527e26568b898a9c4b716ad201e,12,2,1.6440429687499998,12.0,1.6440429687499998,11.0,True,False,10,0,EXTENDED_PENDING_RESOURCE_GATE,COMPLETE_BASE_INSTANCE
C,2,12,comb,32,0.125,4,0.0001,f3cb10328c2f17a3174f28de0b528a6dc622c2125a065b287b919f9abcc81194,c52b629d5e4094d17ca1a7db0140e19eb8114527e26568b898a9c4b716ad201e,12,2,11.999998955000034,12.0,0.006599999175000035,11.0,True,False,10,0,EXTENDED_PENDING_RESOURCE_GATE,COMPLETE_BASE_INSTANCE
C,2,12,comb,32,0.125,4,0.01,7f32515448586c764f203a7bb31423d98c5b607cf1a184a51f6cf11fc4af9136,c52b629d5e4094d17ca1a7db0140e19eb8114527e26568b898a9c4b716ad201e,12,2,11.989553461058371,12.0,0.6591753563310361,11.0,True,False,10,0,EXTENDED_PENDING_RESOURCE_GATE,COMPLETE_BASE_INSTANCE
C,2,12,comb,32,0.125,4,0.1,0ea4837d7728dc062b412f97d102e26c59eef58faf54126d50a5a63740fae920,c52b629d5e4094d17ca1a7db0140e19eb8114527e26568b898a9c4b716ad201e,12,2,10.989116686439175,12.0,5.80995641753,11.0,True,False,10,0,EXTENDED_PENDING_RESOURCE_GATE,COMPLETE_BASE_INSTANCE
C,2,12,comb,32,0.125,4,0.5,6577a108ff35759b8653f67bf48e172069a15c1e8f8f3bb04a7291517329c2cd,c52b629d5e4094d17ca1a7db0140e19eb8114527e26568b898a9c4b716ad201e,12,2,1.6440429687499998,12.0,1.6440429687499998,11.0,True,False,10,0,EXTENDED_PENDING_RESOURCE_GATE,COMPLETE_BASE_INSTANCE
C,2,12,comb,32,0.25,8,0.0001,a82014109c224ee989a8c466c00671d35fc4c2287fae1415097708076560543f,c52b629d5e4094d17ca1a7db0140e19eb8114527e26568b898a9c4b716ad201e,12,2,11.999998955000034,12.0,0.006599999175000035,11.0,True,False,10,0,EXTENDED_PENDING_RESOURCE_GATE,COMPLETE_BASE_INSTANCE
C,2,12,comb,32,0.25,8,0.01,0a32a5c9a3cdd2eece4d8d884d29c402d68021ba4b9a2f3803bc225e0374fb99,c52b629d5e4094d17ca1a7db0140e19eb8114527e26568b898a9c4b716ad201e,12,2,11.989553461058371,12.0,0.6591753563310361,11.0,True,False,10,0,EXTENDED_PENDING_RESOURCE_GATE,COMPLETE_BASE_INSTANCE
C,2,12,comb,32,0.25,8,0.1,0cd5d9e9dee95f97764d133c3946b54c5721a18853ed3141fe1cfc5e27bb0d5e,c52b629d5e4094d17ca1a7db0140e19eb8114527e26568b898a9c4b716ad201e,12,2,10.989116686439175,12.0,5.80995641753,11.0,True,False,10,0,EXTENDED_PENDING_RESOURCE_GATE,COMPLETE_BASE_INSTANCE
C,2,12,comb,32,0.25,8,0.5,a10c24235c380a7e888dceb96a56852b55dc9b0bfeccfff0bf8c5bc9b268981a,c52b629d5e4094d17ca1a7db0140e19eb8114527e26568b898a9c4b716ad201e,12,2,1.6440429687499998,12.0,1.6440429687499998,11.0,True,False,10,0,EXTENDED_PENDING_RESOURCE_GATE,COMPLETE_BASE_INSTANCE
C,2,12,comb,32,0.5,16,0.0001,e14fe7ef4f8484ec7adc1a94d2e566a8d8b5e413c024ad7ad1fa3a37ffef3f39,c52b629d5e4094d17ca1a7db0140e19eb8114527e26568b898a9c4b716ad201e,12,2,11.999998955000034,12.0,0.006599999175000035,11.0,True,False,10,0,EXTENDED_PENDING_RESOURCE_GATE,COMPLETE_BASE_INSTANCE
C,2,12,comb,32,0.5,16,0.01,8d1eca76a8cde34e80b9becd722d68e260045a56be1d580fc7f803ff14c6ab81,c52b629d5e4094d17ca1a7db0140e19eb8114527e26568b898a9c4b716ad201e,12,2,11.989553461058371,12.0,0.6591753563310361,11.0,True,False,10,0,EXTENDED_PENDING_RESOURCE_GATE,COMPLETE_BASE_INSTANCE
C,2,12,comb,32,0.5,16,0.1,a3975fc66b6db3569f74be5592b551cf896cd80be5146c3b36241a268be799d4,c52b629d5e4094d17ca1a7db0140e19eb8114527e26568b898a9c4b716ad201e,12,2,10.989116686439175,12.0,5.80995641753,11.0,True,False,10,0,EXTENDED_PENDING_RESOURCE_GATE,COMPLETE_BASE_INSTANCE
C,2,12,comb,32,0.5,16,0.5,e6b153beec25d0dcf2fadbffc775e254241fad4e7941b6ff7c7c3308a3247e6a,c52b629d5e4094d17ca1a7db0140e19eb8114527e26568b898a9c4b716ad201e,12,2,1.6440429687499998,12.0,1.6440429687499998,11.0,True,False,10,0,EXTENDED_PENDING_RESOURCE_GATE,COMPLETE_BASE_INSTANCE
C,2,12,comb,32,0.75,24,0.0001,c21bd5b9071fdeb470fa12b40418dd47a1b1f4f548c155638057e4bd44ef7049,c52b629d5e4094d17ca1a7db0140e19eb8114527e26568b898a9c4b716ad201e,12,2,11.999998955000034,12.0,0.006599999175000035,11.0,True,False,10,0,EXTENDED_PENDING_RESOURCE_GATE,COMPLETE_BASE_INSTANCE
C,2,12,comb,32,0.75,24,0.01,327fa1b6ba59264328400b6611ab2e518c822db0ca2eb2b0021ee5ebd271e645,c52b629d5e4094d17ca1a7db0140e19eb8114527e26568b898a9c4b716ad201e,12,2,11.989553461058371,12.0,0.6591753563310361,11.0,True,False,10,0,EXTENDED_PENDING_RESOURCE_GATE,COMPLETE_BASE_INSTANCE
C,2,12,comb,32,0.75,24,0.1,52941f422357659332ba65239bccfb5c3e768b584974e105d78b1b496dfa1d9e,c52b629d5e4094d17ca1a7db0140e19eb8114527e26568b898a9c4b716ad201e,12,2,10.989116686439175,12.0,5.80995641753,11.0,True,False,10,0,EXTENDED_PENDING_RESOURCE_GATE,COMPLETE_BASE_INSTANCE
C,2,12,comb,32,0.75,24,0.5,b0550cccd1cad448a1cf66d2ecaebd4196e05b0bc514069e74391cfad0c1e718,c52b629d5e4094d17ca1a7db0140e19eb8114527e26568b898a9c4b716ad201e,12,2,1.6440429687499998,12.0,1.6440429687499998,11.0,True,False,10,0,EXTENDED_PENDING_RESOURCE_GATE,COMPLETE_BASE_INSTANCE
C,2,12,comb,64,0.125,8,0.0001,c655d648d2f0b2e64f4d286ed90f0a09734129b39a3f03bb3871c1eb47bc7762,c52b629d5e4094d17ca1a7db0140e19eb8114527e26568b898a9c4b716ad201e,12,2,11.999998955000034,12.0,0.006599999175000035,11.0,True,False,10,0,EXTENDED_PENDING_RESOURCE_GATE,COMPLETE_BASE_INSTANCE
C,2,12,comb,64,0.125,8,0.01,ff42bef5f49b23d0504caa29f5a2739f0e033358fe6fb99f9baa70a8e45b224f,c52b629d5e4094d17ca1a7db0140e19eb8114527e26568b898a9c4b716ad201e,12,2,11.989553461058371,12.0,0.6591753563310361,11.0,True,False,10,0,EXTENDED_PENDING_RESOURCE_GATE,COMPLETE_BASE_INSTANCE
C,2,12,comb,64,0.125,8,0.1,a9831f57ca405cbfc449decc9d403cb5dbb875cd4c45e6909cf59f8d865878d4,c52b629d5e4094d17ca1a7db0140e19eb8114527e26568b898a9c4b716ad201e,12,2,10.989116686439175,12.0,5.80995641753,11.0,True,False,10,0,EXTENDED_PENDING_RESOURCE_GATE,COMPLETE_BASE_INSTANCE
C,2,12,comb,64,0.125,8,0.5,402fbbe3e001f9adddd67990c2fe2de5ccb654d8e56cfd8133d25595a65d5380,c52b629d5e4094d17ca1a7db0140e19eb8114527e26568b898a9c4b716ad201e,12,2,1.6440429687499998,12.0,1.6440429687499998,11.0,True,False,10,0,EXTENDED_PENDING_RESOURCE_GATE,COMPLETE_BASE_INSTANCE
C,2,12,comb,64,0.25,16,0.0001,e0c21f3dfc5bda630e68b26523ef01473d964934961ec679578137d7c2a47597,c52b629d5e4094d17ca1a7db0140e19eb8114527e26568b898a9c4b716ad201e,12,2,11.999998955000034,12.0,0.006599999175000035,11.0,True,False,10,0,EXTENDED_PENDING_RESOURCE_GATE,COMPLETE_BASE_INSTANCE
C,2,12,comb,64,0.25,16,0.01,398fc2a131ddb2829e387105fabb89ad54c305d65ba3a6f5a5efbb4f49dbd93b,c52b629d5e4094d17ca1a7db0140e19eb8114527e26568b898a9c4b716ad201e,12,2,11.989553461058371,12.0,0.6591753563310361,11.0,True,False,10,0,EXTENDED_PENDING_RESOURCE_GATE,COMPLETE_BASE_INSTANCE
C,2,12,comb,64,0.25,16,0.1,6f8c1b2edd893696d34c28c46180a0fe75dab0b6420eaaab7853ad1819f5e66f,c52b629d5e4094d17ca1a7db0140e19eb8114527e26568b898a9c4b716ad201e,12,2,10.989116686439175,12.0,5.80995641753,11.0,True,False,10,0,EXTENDED_PENDING_RESOURCE_GATE,COMPLETE_BASE_INSTANCE
C,2,12,comb,64,0.25,16,0.5,8d8378765b9ff699b9e8852e8455fdf188cf104692f58666588764a7d135b235,c52b629d5e4094d17ca1a7db0140e19eb8114527e26568b898a9c4b716ad201e,12,2,1.6440429687499998,12.0,1.6440429687499998,11.0,True,False,10,0,EXTENDED_PENDING_RESOURCE_GATE,COMPLETE_BASE_INSTANCE
C,2,12,comb,64,0.5,32,0.0001,2393386e9ded4ab0061cac910233cb695ef134c7748b19290e0cc8397828c11a,c52b629d5e4094d17ca1a7db0140e19eb8114527e26568b898a9c4b716ad201e,12,2,11.999998955000034,12.0,0.006599999175000035,11.0,True,False,10,0,EXTENDED_PENDING_RESOURCE_GATE,COMPLETE_BASE_INSTANCE
C,2,12,comb,64,0.5,32,0.01,68bc042fb5ba2c1c68beca3f7402b891d5f26153bef185236f6a3ebcc6d89766,c52b629d5e4094d17ca1a7db0140e19eb8114527e26568b898a9c4b716ad201e,12,2,11.989553461058371,12.0,0.6591753563310361,11.0,True,False,10,0,EXTENDED_PENDING_RESOURCE_GATE,COMPLETE_BASE_INSTANCE
C,2,12,comb,64,0.5,32,0.1,bc3dc41886fb6049498a3ad9edda11f6130333534849549af197cd152ac530f8,c52b629d5e4094d17ca1a7db0140e19eb8114527e26568b898a9c4b716ad201e,12,2,10.989116686439175,12.0,5.80995641753,11.0,True,False,10,0,EXTENDED_PENDING_RESOURCE_GATE,COMPLETE_BASE_INSTANCE
C,2,12,comb,64,0.5,32,0.5,073ea149545ed10cae312d76375c5c17ed8fdb269ca587702580bdc21af2d8e1,c52b629d5e4094d17ca1a7db0140e19eb8114527e26568b898a9c4b716ad201e,12,2,1.6440429687499998,12.0,1.6440429687499998,11.0,True,False,10,0,EXTENDED_PENDING_RESOURCE_GATE,COMPLETE_BASE_INSTANCE
C,2,12,comb,64,0.75,48,0.0001,36a4bdabd50033ecfb85f92e64962d7783963bfae40bf7b9c6c1aebca7db4bba,c52b629d5e4094d17ca1a7db0140e19eb8114527e26568b898a9c4b716ad201e,12,2,11.999998955000034,12.0,0.006599999175000035,11.0,True,False,10,0,EXTENDED_PENDING_RESOURCE_GATE,COMPLETE_BASE_INSTANCE
C,2,12,comb,64,0.75,48,0.01,b8b53f891da71afbfda4a1933bdd78bcc8affc9ee6bf48c3c04670aab68d4777,c52b629d5e4094d17ca1a7db0140e19eb8114527e26568b898a9c4b716ad201e,12,2,11.989553461058371,12.0,0.6591753563310361,11.0,True,False,10,0,EXTENDED_PENDING_RESOURCE_GATE,COMPLETE_BASE_INSTANCE
C,2,12,comb,64,0.75,48,0.1,d149581b9f778fbb26ac44a57aac4dc4c5656b027a87b9267c7108d95d9f328c,c52b629d5e4094d17ca1a7db0140e19eb8114527e26568b898a9c4b716ad201e,12,2,10.989116686439175,12.0,5.80995641753,11.0,True,False,10,0,EXTENDED_PENDING_RESOURCE_GATE,COMPLETE_BASE_INSTANCE
C,2,12,comb,64,0.75,48,0.5,5f6152a8a2964378b7ab8ef8c25c8baa48d1c043b05f7d9e33fd469c8d70f527,c52b629d5e4094d17ca1a7db0140e19eb8114527e26568b898a9c4b716ad201e,12,2,1.6440429687499998,12.0,1.6440429687499998,11.0,True,False,10,0,EXTENDED_PENDING_RESOURCE_GATE,COMPLETE_BASE_INSTANCE
C,2,12,balanced,2,0.125,1,0.0001,5fdd75632ab74c3d2c202c4608ca5501b145b2e4c0c29a12dc82a10bd7cfd902,18cec6dd708b08949afab2a59abccf3720d5ec8b36c83a86fef8e452fe945bb1,4,4,3.999999691250009,12.0,0.001099999907000003,11.0,True,False,10,0,EXTENDED_PENDING_RESOURCE_GATE,COMPLETE_BASE_INSTANCE
C,2,12,balanced,2,0.125,1,0.01,1f027f3655fc1c5e11deb1f1176641d363a477b24f39948301529f01b42baa10,18cec6dd708b08949afab2a59abccf3720d5ec8b36c83a86fef8e452fe945bb1,4,4,3.9969134507730946,12.0,0.1099070311948704,11.0,True,False,10,0,EXTENDED_PENDING_RESOURCE_GATE,COMPLETE_BASE_INSTANCE
C,2,12,balanced,2,0.125,1,0.1,a900f31ee035ea0074a52f3e2259c3a1353af467451cf8791f318c0726f51360,18cec6dd708b08949afab2a59abccf3720d5ec8b36c83a86fef8e452fe945bb1,4,4,3.7006153966991406,12.0,1.01006910873,11.0,True,False,10,0,EXTENDED_PENDING_RESOURCE_GATE,COMPLETE_BASE_INSTANCE
C,2,12,balanced,2,0.125,1,0.5,d4aef882812823bc1bd1299868a9391384fc06021b0489d3cea5a8d163b74258,18cec6dd708b08949afab2a59abccf3720d5ec8b36c83a86fef8e452fe945bb1,4,4,0.35595703124999994,12.0,0.35595703124999994,11.0,True,False,10,0,EXTENDED_PENDING_RESOURCE_GATE,COMPLETE_BASE_INSTANCE
C,2,12,balanced,2,0.25,1,0.0001,720f1ebac95cb4e4da206ff8eedd893c1c8dd9ac1259efc30cd7d21d0c0c0253,18cec6dd708b08949afab2a59abccf3720d5ec8b36c83a86fef8e452fe945bb1,4,4,3.999999691250009,12.0,0.001099999907000003,11.0,True,False,10,0,EXTENDED_PENDING_RESOURCE_GATE,COMPLETE_BASE_INSTANCE
C,2,12,balanced,2,0.25,1,0.01,01bd959e65690e0bbd2d64348be710ab107c45a465a3f558290475d81dabf07f,18cec6dd708b08949afab2a59abccf3720d5ec8b36c83a86fef8e452fe945bb1,4,4,3.9969134507730946,12.0,0.1099070311948704,11.0,True,False,10,0,EXTENDED_PENDING_RESOURCE_GATE,COMPLETE_BASE_INSTANCE
C,2,12,balanced,2,0.25,1,0.1,356eb4dea91c9bf8920ba29030f93cb1b3ab5f365bc31be0afdb50252daf498c,18cec6dd708b08949afab2a59abccf3720d5ec8b36c83a86fef8e452fe945bb1,4,4,3.7006153966991406,12.0,1.01006910873,11.0,True,False,10,0,EXTENDED_PENDING_RESOURCE_GATE,COMPLETE_BASE_INSTANCE
C,2,12,balanced,2,0.25,1,0.5,e3d32a795e8d0077104d30c5c1143713a231f007f8e33073261f26944524dd34,18cec6dd708b08949afab2a59abccf3720d5ec8b36c83a86fef8e452fe945bb1,4,4,0.35595703124999994,12.0,0.35595703124999994,11.0,True,False,10,0,EXTENDED_PENDING_RESOURCE_GATE,COMPLETE_BASE_INSTANCE
C,2,12,balanced,2,0.5,1,0.0001,cc50a667dad84805078339a64009ddd71c45e7babe0a70a8de71f1084ea2eb9b,18cec6dd708b08949afab2a59abccf3720d5ec8b36c83a86fef8e452fe945bb1,4,4,3.999999691250009,12.0,0.001099999907000003,11.0,True,False,10,0,EXTENDED_PENDING_RESOURCE_GATE,COMPLETE_BASE_INSTANCE
C,2,12,balanced,2,0.5,1,0.01,c3a424def1400eaabe8ee83a120c23bbe877aee2d523f4f83738f18ff45d42e1,18cec6dd708b08949afab2a59abccf3720d5ec8b36c83a86fef8e452fe945bb1,4,4,3.9969134507730946,12.0,0.1099070311948704,11.0,True,False,10,0,EXTENDED_PENDING_RESOURCE_GATE,COMPLETE_BASE_INSTANCE
C,2,12,balanced,2,0.5,1,0.1,bd4927cecea6a325e300418e96f2ce367ee48d0b6579434e049435b1b248fe1e,18cec6dd708b08949afab2a59abccf3720d5ec8b36c83a86fef8e452fe945bb1,4,4,3.7006153966991406,12.0,1.01006910873,11.0,True,False,10,0,EXTENDED_PENDING_RESOURCE_GATE,COMPLETE_BASE_INSTANCE
C,2,12,balanced,2,0.5,1,0.5,833facde82a54f2a5f14ad9843a4c9fb00afcf7d17bee5da6abbe9605b25fef5,18cec6dd708b08949afab2a59abccf3720d5ec8b36c83a86fef8e452fe945bb1,4,4,0.35595703124999994,12.0,0.35595703124999994,11.0,True,False,10,0,EXTENDED_PENDING_RESOURCE_GATE,COMPLETE_BASE_INSTANCE
C,2,12,balanced,2,0.75,1,0.0001,56ef5f648d7261ad34b3c2e4e37b21ff5caf3e291021806fba14904fec92ef0c,18cec6dd708b08949afab2a59abccf3720d5ec8b36c83a86fef8e452fe945bb1,4,4,3.999999691250009,12.0,0.001099999907000003,11.0,True,False,10,0,EXTENDED_PENDING_RESOURCE_GATE,COMPLETE_BASE_INSTANCE
C,2,12,balanced,2,0.75,1,0.01,49fde834205c0c71c289fe723975da286221213873712520202ed4bdd5a56f6e,18cec6dd708b08949afab2a59abccf3720d5ec8b36c83a86fef8e452fe945bb1,4,4,3.9969134507730946,12.0,0.1099070311948704,11.0,True,False,10,0,EXTENDED_PENDING_RESOURCE_GATE,COMPLETE_BASE_INSTANCE
C,2,12,balanced,2,0.75,1,0.1,15b822a9dd92adb565004f600e7c403a77f672ab0bf74786b82e51e36f0c93b9,18cec6dd708b08949afab2a59abccf3720d5ec8b36c83a86fef8e452fe945bb1,4,4,3.7006153966991406,12.0,1.01006910873,11.0,True,False,10,0,EXTENDED_PENDING_RESOURCE_GATE,COMPLETE_BASE_INSTANCE
C,2,12,balanced,2,0.75,1,0.5,08b2b34c685136d78efff77108be3280d4a34912400122077d588b2da73614c6,18cec6dd708b08949afab2a59abccf3720d5ec8b36c83a86fef8e452fe945bb1,4,4,0.35595703124999994,12.0,0.35595703124999994,11.0,True,False,10,0,EXTENDED_PENDING_RESOURCE_GATE,COMPLETE_BASE_INSTANCE
C,2,12,balanced,4,0.125,1,0.0001,c15a78aa757fbb1ddbf4bfc0919da599e1adf17c3868b8b40f7eb3baada76369,18cec6dd708b08949afab2a59abccf3720d5ec8b36c83a86fef8e452fe945bb1,4,4,3.999999691250009,12.0,0.001099999907000003,11.0,True,False,10,0,EXTENDED_PENDING_RESOURCE_GATE,COMPLETE_BASE_INSTANCE
C,2,12,balanced,4,0.125,1,0.01,1165870b9d071c246e3352f0e082d18361390e028b52ea148eb5a2110c287f3a,18cec6dd708b08949afab2a59abccf3720d5ec8b36c83a86fef8e452fe945bb1,4,4,3.9969134507730946,12.0,0.1099070311948704,11.0,True,False,10,0,EXTENDED_PENDING_RESOURCE_GATE,COMPLETE_BASE_INSTANCE
C,2,12,balanced,4,0.125,1,0.1,d57f1ee939fd045d04d1997d67aa625e6949cb0ff0de9a10db985d0e21da9bd1,18cec6dd708b08949afab2a59abccf3720d5ec8b36c83a86fef8e452fe945bb1,4,4,3.7006153966991406,12.0,1.01006910873,11.0,True,False,10,0,EXTENDED_PENDING_RESOURCE_GATE,COMPLETE_BASE_INSTANCE
C,2,12,balanced,4,0.125,1,0.5,34b1de40729b90cff6558ce523a238bc66bf7ac304cd0e9e9a4c2023919115bb,18cec6dd708b08949afab2a59abccf3720d5ec8b36c83a86fef8e452fe945bb1,4,4,0.35595703124999994,12.0,0.35595703124999994,11.0,True,False,10,0,EXTENDED_PENDING_RESOURCE_GATE,COMPLETE_BASE_INSTANCE
C,2,12,balanced,4,0.25,1,0.0001,8a9616c6676e622a91332eec9191ac08657d1d7ca602cccf3ea6ad3839803d52,18cec6dd708b08949afab2a59abccf3720d5ec8b36c83a86fef8e452fe945bb1,4,4,3.999999691250009,12.0,0.001099999907000003,11.0,True,False,10,0,EXTENDED_PENDING_RESOURCE_GATE,COMPLETE_BASE_INSTANCE
C,2,12,balanced,4,0.25,1,0.01,1d8a5f3e7a79cea1df0f65cccf5a6280af67174ce0ee334fc7d8acdc150dda28,18cec6dd708b08949afab2a59abccf3720d5ec8b36c83a86fef8e452fe945bb1,4,4,3.9969134507730946,12.0,0.1099070311948704,11.0,True,False,10,0,EXTENDED_PENDING_RESOURCE_GATE,COMPLETE_BASE_INSTANCE
C,2,12,balanced,4,0.25,1,0.1,f9df693c0a4f904cb629753e43e0fd0ed28b744c95a1436557822632c807ad33,18cec6dd708b08949afab2a59abccf3720d5ec8b36c83a86fef8e452fe945bb1,4,4,3.7006153966991406,12.0,1.01006910873,11.0,True,False,10,0,EXTENDED_PENDING_RESOURCE_GATE,COMPLETE_BASE_INSTANCE
C,2,12,balanced,4,0.25,1,0.5,e9eed57a5a5f151d2a2079a41a0263bd0a70e7be4e83b872215b68aac9e9f485,18cec6dd708b08949afab2a59abccf3720d5ec8b36c83a86fef8e452fe945bb1,4,4,0.35595703124999994,12.0,0.35595703124999994,11.0,True,False,10,0,EXTENDED_PENDING_RESOURCE_GATE,COMPLETE_BASE_INSTANCE
C,2,12,balanced,4,0.5,2,0.0001,546b991f123582dd54b6c11e9b06b5a15578fa3afdd17d63dc8bda1373148d5d,18cec6dd708b08949afab2a59abccf3720d5ec8b36c83a86fef8e452fe945bb1,4,4,3.999999691250009,12.0,0.001099999907000003,11.0,True,False,10,0,EXTENDED_PENDING_RESOURCE_GATE,COMPLETE_BASE_INSTANCE
C,2,12,balanced,4,0.5,2,0.01,3655eb90c72aca3b634673657c2031b1a2b3611c15e019082248d491fea5b026,18cec6dd708b08949afab2a59abccf3720d5ec8b36c83a86fef8e452fe945bb1,4,4,3.9969134507730946,12.0,0.1099070311948704,11.0,True,False,10,0,EXTENDED_PENDING_RESOURCE_GATE,COMPLETE_BASE_INSTANCE
C,2,12,balanced,4,0.5,2,0.1,7e2f9733dc13a86b825592a0ca294eadfdbecb141ce7add1086ed16f13749a86,18cec6dd708b08949afab2a59abccf3720d5ec8b36c83a86fef8e452fe945bb1,4,4,3.7006153966991406,12.0,1.01006910873,11.0,True,False,10,0,EXTENDED_PENDING_RESOURCE_GATE,COMPLETE_BASE_INSTANCE
C,2,12,balanced,4,0.5,2,0.5,953d8005e60c9583f587f921ed8595d9de1ccc15e09c0461abc1e533255d85f2,18cec6dd708b08949afab2a59abccf3720d5ec8b36c83a86fef8e452fe945bb1,4,4,0.35595703124999994,12.0,0.35595703124999994,11.0,True,False,10,0,EXTENDED_PENDING_RESOURCE_GATE,COMPLETE_BASE_INSTANCE
C,2,12,balanced,4,0.75,3,0.0001,c60a2a4477c48c81c4267059c3da3878ea5317563a6effaeb45a1a9c23fb10e6,18cec6dd708b08949afab2a59abccf3720d5ec8b36c83a86fef8e452fe945bb1,4,4,3.999999691250009,12.0,0.001099999907000003,11.0,True,False,10,0,EXTENDED_PENDING_RESOURCE_GATE,COMPLETE_BASE_INSTANCE
C,2,12,balanced,4,0.75,3,0.01,0715afd556fc4b19b504636b39b0b57956351dfffef8c5577b81c3782e5fc0c3,18cec6dd708b08949afab2a59abccf3720d5ec8b36c83a86fef8e452fe945bb1,4,4,3.9969134507730946,12.0,0.1099070311948704,11.0,True,False,10,0,EXTENDED_PENDING_RESOURCE_GATE,COMPLETE_BASE_INSTANCE
C,2,12,balanced,4,0.75,3,0.1,7182b134c07e2e4998ee364188fb1d10c4c82c0b872f1ec2b9c9fb8ad422f978,18cec6dd708b08949afab2a59abccf3720d5ec8b36c83a86fef8e452fe945bb1,4,4,3.7006153966991406,12.0,1.01006910873,11.0,True,False,10,0,EXTENDED_PENDING_RESOURCE_GATE,COMPLETE_BASE_INSTANCE
C,2,12,balanced,4,0.75,3,0.5,3599a97770946c162ac53f7c0aaf1cb59c70b7b5a74db84597c03061302edc6f,18cec6dd708b08949afab2a59abccf3720d5ec8b36c83a86fef8e452fe945bb1,4,4,0.35595703124999994,12.0,0.35595703124999994,11.0,True,False,10,0,EXTENDED_PENDING_RESOURCE_GATE,COMPLETE_BASE_INSTANCE
C,2,12,balanced,8,0.125,1,0.0001,b5795f5f35518bf9d3000326132c38656fb3805ff676f9518efa66c5957e97e7,18cec6dd708b08949afab2a59abccf3720d5ec8b36c83a86fef8e452fe945bb1,4,4,3.999999691250009,12.0,0.001099999907000003,11.0,True,False,10,0,EXTENDED_PENDING_RESOURCE_GATE,COMPLETE_BASE_INSTANCE
C,2,12,balanced,8,0.125,1,0.01,91cc21b787ce835a5668def15979610f69b97f4bb7ac98cd720a0dc74462787d,18cec6dd708b08949afab2a59abccf3720d5ec8b36c83a86fef8e452fe945bb1,4,4,3.9969134507730946,12.0,0.1099070311948704,11.0,True,False,10,0,EXTENDED_PENDING_RESOURCE_GATE,COMPLETE_BASE_INSTANCE
C,2,12,balanced,8,0.125,1,0.1,d7a12ba2c79b4cf333f5db85ad0ff3761702561e1a1ac16fcf4e71417ca7ab4a,18cec6dd708b08949afab2a59abccf3720d5ec8b36c83a86fef8e452fe945bb1,4,4,3.7006153966991406,12.0,1.01006910873,11.0,True,False,10,0,EXTENDED_PENDING_RESOURCE_GATE,COMPLETE_BASE_INSTANCE
C,2,12,balanced,8,0.125,1,0.5,ac6a69bc51fe3e1ebcfc0ffd61ab125b0cbeb185db8f6bd170e6c0951c0a7b78,18cec6dd708b08949afab2a59abccf3720d5ec8b36c83a86fef8e452fe945bb1,4,4,0.35595703124999994,12.0,0.35595703124999994,11.0,True,False,10,0,EXTENDED_PENDING_RESOURCE_GATE,COMPLETE_BASE_INSTANCE
C,2,12,balanced,8,0.25,2,0.0001,c4e4753326dc2aed8d208f8f8d213ff01edb409f08d87067fe19420836dd19c7,18cec6dd708b08949afab2a59abccf3720d5ec8b36c83a86fef8e452fe945bb1,4,4,3.999999691250009,12.0,0.001099999907000003,11.0,True,False,10,0,EXTENDED_PENDING_RESOURCE_GATE,COMPLETE_BASE_INSTANCE
C,2,12,balanced,8,0.25,2,0.01,aac9f5404d799458b39c0c90195baad176f482f56d0041be2373413f9aadab2e,18cec6dd708b08949afab2a59abccf3720d5ec8b36c83a86fef8e452fe945bb1,4,4,3.9969134507730946,12.0,0.1099070311948704,11.0,True,False,10,0,EXTENDED_PENDING_RESOURCE_GATE,COMPLETE_BASE_INSTANCE
C,2,12,balanced,8,0.25,2,0.1,12ee49b2d7d164923089b39f8905d865a88cac2d9c3dc6613dbc4bb360abc333,18cec6dd708b08949afab2a59abccf3720d5ec8b36c83a86fef8e452fe945bb1,4,4,3.7006153966991406,12.0,1.01006910873,11.0,True,False,10,0,EXTENDED_PENDING_RESOURCE_GATE,COMPLETE_BASE_INSTANCE
C,2,12,balanced,8,0.25,2,0.5,c35e68cc3ad7224d84566b58b2de39b78a08dd579cea7cf13f52a916553b1e18,18cec6dd708b08949afab2a59abccf3720d5ec8b36c83a86fef8e452fe945bb1,4,4,0.35595703124999994,12.0,0.35595703124999994,11.0,True,False,10,0,EXTENDED_PENDING_RESOURCE_GATE,COMPLETE_BASE_INSTANCE
C,2,12,balanced,8,0.5,4,0.0001,3d69544dca54f119198b7afb94ea3eecdf3fae497136e8876a3a04710483e5b3,18cec6dd708b08949afab2a59abccf3720d5ec8b36c83a86fef8e452fe945bb1,4,4,3.999999691250009,12.0,0.001099999907000003,11.0,True,False,10,0,EXTENDED_PENDING_RESOURCE_GATE,COMPLETE_BASE_INSTANCE
C,2,12,balanced,8,0.5,4,0.01,020fd1e3e8c66f895a9ee2fd5a2bff01983bd41fc18478bb2f52f8a8dbf483b4,18cec6dd708b08949afab2a59abccf3720d5ec8b36c83a86fef8e452fe945bb1,4,4,3.9969134507730946,12.0,0.1099070311948704,11.0,True,False,10,0,EXTENDED_PENDING_RESOURCE_GATE,COMPLETE_BASE_INSTANCE
C,2,12,balanced,8,0.5,4,0.1,f714027652c5793423a8a7861d9af19d497cba1803c2bb62d44338c6cf1ffb4e,18cec6dd708b08949afab2a59abccf3720d5ec8b36c83a86fef8e452fe945bb1,4,4,3.7006153966991406,12.0,1.01006910873,11.0,True,False,10,0,EXTENDED_PENDING_RESOURCE_GATE,COMPLETE_BASE_INSTANCE
C,2,12,balanced,8,0.5,4,0.5,ced7b46e0444e87152a7830ebc8cfed7da83686f56c34e09b0e868cb08c79737,18cec6dd708b08949afab2a59abccf3720d5ec8b36c83a86fef8e452fe945bb1,4,4,0.35595703124999994,12.0,0.35595703124999994,11.0,True,False,10,0,EXTENDED_PENDING_RESOURCE_GATE,COMPLETE_BASE_INSTANCE
C,2,12,balanced,8,0.75,6,0.0001,01069affb077fffaa362a546c118d5d0da95328a387beee14e35608130caffc0,18cec6dd708b08949afab2a59abccf3720d5ec8b36c83a86fef8e452fe945bb1,4,4,3.999999691250009,12.0,0.001099999907000003,11.0,True,False,10,0,EXTENDED_PENDING_RESOURCE_GATE,COMPLETE_BASE_INSTANCE
C,2,12,balanced,8,0.75,6,0.01,e2381f897ee35b280d5fcd3b5869d1bda8d987fed0d4701286a140a33fe73e91,18cec6dd708b08949afab2a59abccf3720d5ec8b36c83a86fef8e452fe945bb1,4,4,3.9969134507730946,12.0,0.1099070311948704,11.0,True,False,10,0,EXTENDED_PENDING_RESOURCE_GATE,COMPLETE_BASE_INSTANCE
C,2,12,balanced,8,0.75,6,0.1,1c2e664322d5b47802ef8e45022fc0b1edd4b529a65ebe31b0aa714ba4e4ea22,18cec6dd708b08949afab2a59abccf3720d5ec8b36c83a86fef8e452fe945bb1,4,4,3.7006153966991406,12.0,1.01006910873,11.0,True,False,10,0,EXTENDED_PENDING_RESOURCE_GATE,COMPLETE_BASE_INSTANCE
C,2,12,balanced,8,0.75,6,0.5,5b2f4cfbc84dea5e5dcb459df6b17248c8e5919aa63ecbd916ae9abe7f0a6b2e,18cec6dd708b08949afab2a59abccf3720d5ec8b36c83a86fef8e452fe945bb1,4,4,0.35595703124999994,12.0,0.35595703124999994,11.0,True,False,10,0,EXTENDED_PENDING_RESOURCE_GATE,COMPLETE_BASE_INSTANCE
C,2,12,balanced,16,0.125,2,0.0001,92e47198d42f99c63a5832febe0b9caffe863dd58d2c44a7a464171b720cd563,18cec6dd708b08949afab2a59abccf3720d5ec8b36c83a86fef8e452fe945bb1,4,4,3.999999691250009,12.0,0.001099999907000003,11.0,True,False,10,0,EXTENDED_PENDING_RESOURCE_GATE,COMPLETE_BASE_INSTANCE
C,2,12,balanced,16,0.125,2,0.01,c4fc7942174561c70967db94a8ea71c931d588fa32a1d3263e2daa188cc6bdff,18cec6dd708b08949afab2a59abccf3720d5ec8b36c83a86fef8e452fe945bb1,4,4,3.9969134507730946,12.0,0.1099070311948704,11.0,True,False,10,0,EXTENDED_PENDING_RESOURCE_GATE,COMPLETE_BASE_INSTANCE
C,2,12,balanced,16,0.125,2,0.1,656b2d525cb71071f81bcb45ef3188e47570aa6c6e72dce1bcaa360d900870ab,18cec6dd708b08949afab2a59abccf3720d5ec8b36c83a86fef8e452fe945bb1,4,4,3.7006153966991406,12.0,1.01006910873,11.0,True,False,10,0,EXTENDED_PENDING_RESOURCE_GATE,COMPLETE_BASE_INSTANCE
C,2,12,balanced,16,0.125,2,0.5,ea34e1665d5c63226cf4d7f0a902624af2d643ca609ec574fe7210a9f2a03578,18cec6dd708b08949afab2a59abccf3720d5ec8b36c83a86fef8e452fe945bb1,4,4,0.35595703124999994,12.0,0.35595703124999994,11.0,True,False,10,0,EXTENDED_PENDING_RESOURCE_GATE,COMPLETE_BASE_INSTANCE
C,2,12,balanced,16,0.25,4,0.0001,a324790daf2b6a9642f6d5cc1d1c1fcbdab5d4b1e916bf814fafa786159f5c6d,18cec6dd708b08949afab2a59abccf3720d5ec8b36c83a86fef8e452fe945bb1,4,4,3.999999691250009,12.0,0.001099999907000003,11.0,True,False,10,0,EXTENDED_PENDING_RESOURCE_GATE,COMPLETE_BASE_INSTANCE
C,2,12,balanced,16,0.25,4,0.01,fcb6a9c5dc1ef6d6d6fee5a907e96301d96e20bc4f0500809bc0ef7941bf3a20,18cec6dd708b08949afab2a59abccf3720d5ec8b36c83a86fef8e452fe945bb1,4,4,3.9969134507730946,12.0,0.1099070311948704,11.0,True,False,10,0,EXTENDED_PENDING_RESOURCE_GATE,COMPLETE_BASE_INSTANCE
C,2,12,balanced,16,0.25,4,0.1,97181854e1f8cb4c31b074276e8c6a733073b6d029a255a19135d4389c3ea4b7,18cec6dd708b08949afab2a59abccf3720d5ec8b36c83a86fef8e452fe945bb1,4,4,3.7006153966991406,12.0,1.01006910873,11.0,True,False,10,0,EXTENDED_PENDING_RESOURCE_GATE,COMPLETE_BASE_INSTANCE
C,2,12,balanced,16,0.25,4,0.5,b91119b2b17d74332bf9e36e0bc763e40b62d4c10cb31e468a79a7a57d07730b,18cec6dd708b08949afab2a59abccf3720d5ec8b36c83a86fef8e452fe945bb1,4,4,0.35595703124999994,12.0,0.35595703124999994,11.0,True,False,10,0,EXTENDED_PENDING_RESOURCE_GATE,COMPLETE_BASE_INSTANCE
C,2,12,balanced,16,0.5,8,0.0001,9244200406b75c8a8ce824d4f4c07bde718c2aebd07bee07ff5125070c63ed23,18cec6dd708b08949afab2a59abccf3720d5ec8b36c83a86fef8e452fe945bb1,4,4,3.999999691250009,12.0,0.001099999907000003,11.0,True,False,10,0,EXTENDED_PENDING_RESOURCE_GATE,COMPLETE_BASE_INSTANCE
C,2,12,balanced,16,0.5,8,0.01,aad83887e001de024cf854dfacdf676d51a6e72535bee01ce88a9dc3259d2b85,18cec6dd708b08949afab2a59abccf3720d5ec8b36c83a86fef8e452fe945bb1,4,4,3.9969134507730946,12.0,0.1099070311948704,11.0,True,False,10,0,EXTENDED_PENDING_RESOURCE_GATE,COMPLETE_BASE_INSTANCE
C,2,12,balanced,16,0.5,8,0.1,c3c388d9734810dd5100e8d2e6da5fd0f784bffb962a779d1b531ea9441a248d,18cec6dd708b08949afab2a59abccf3720d5ec8b36c83a86fef8e452fe945bb1,4,4,3.7006153966991406,12.0,1.01006910873,11.0,True,False,10,0,EXTENDED_PENDING_RESOURCE_GATE,COMPLETE_BASE_INSTANCE
C,2,12,balanced,16,0.5,8,0.5,5b9b203db724386199336079b1fe0e55fcf7c003a7c3ee6e92db343e7a4e4534,18cec6dd708b08949afab2a59abccf3720d5ec8b36c83a86fef8e452fe945bb1,4,4,0.35595703124999994,12.0,0.35595703124999994,11.0,True,False,10,0,EXTENDED_PENDING_RESOURCE_GATE,COMPLETE_BASE_INSTANCE
C,2,12,balanced,16,0.75,12,0.0001,196b461e03fcd336d66c5d6cacfef47cb873d78d28a64615027de3c5d8b90ba5,18cec6dd708b08949afab2a59abccf3720d5ec8b36c83a86fef8e452fe945bb1,4,4,3.999999691250009,12.0,0.001099999907000003,11.0,True,False,10,0,EXTENDED_PENDING_RESOURCE_GATE,COMPLETE_BASE_INSTANCE
C,2,12,balanced,16,0.75,12,0.01,630556edf89f4210507ad9b00c1f4e7a9caefbdfca88d51af56d86cc73546d57,18cec6dd708b08949afab2a59abccf3720d5ec8b36c83a86fef8e452fe945bb1,4,4,3.9969134507730946,12.0,0.1099070311948704,11.0,True,False,10,0,EXTENDED_PENDING_RESOURCE_GATE,COMPLETE_BASE_INSTANCE
C,2,12,balanced,16,0.75,12,0.1,6fbdb7983c6185a1dcbc664c45c41046c69825d077ca9e3ca1e04543dde2639b,18cec6dd708b08949afab2a59abccf3720d5ec8b36c83a86fef8e452fe945bb1,4,4,3.7006153966991406,12.0,1.01006910873,11.0,True,False,10,0,EXTENDED_PENDING_RESOURCE_GATE,COMPLETE_BASE_INSTANCE
C,2,12,balanced,16,0.75,12,0.5,86b20ef63e205fb7ded9e3be71e4880b859f2f323f68f3c8c66ffe3505ddae2f,18cec6dd708b08949afab2a59abccf3720d5ec8b36c83a86fef8e452fe945bb1,4,4,0.35595703124999994,12.0,0.35595703124999994,11.0,True,False,10,0,EXTENDED_PENDING_RESOURCE_GATE,COMPLETE_BASE_INSTANCE
C,2,12,balanced,32,0.125,4,0.0001,84ae4fcc73d5d9dfbe8313e45e67391c5f64d5afe9cb0e671c4db26cf0674802,18cec6dd708b08949afab2a59abccf3720d5ec8b36c83a86fef8e452fe945bb1,4,4,3.999999691250009,12.0,0.001099999907000003,11.0,True,False,10,0,EXTENDED_PENDING_RESOURCE_GATE,COMPLETE_BASE_INSTANCE
C,2,12,balanced,32,0.125,4,0.01,204468a472a587bc6ed4deec436f5d2abe0553ac93c03c750564bff25e3ee902,18cec6dd708b08949afab2a59abccf3720d5ec8b36c83a86fef8e452fe945bb1,4,4,3.9969134507730946,12.0,0.1099070311948704,11.0,True,False,10,0,EXTENDED_PENDING_RESOURCE_GATE,COMPLETE_BASE_INSTANCE
C,2,12,balanced,32,0.125,4,0.1,761fc7cc1e0b1053d9ff474f53d76ab586eaa13591b35d5deac15085dd06bcf6,18cec6dd708b08949afab2a59abccf3720d5ec8b36c83a86fef8e452fe945bb1,4,4,3.7006153966991406,12.0,1.01006910873,11.0,True,False,10,0,EXTENDED_PENDING_RESOURCE_GATE,COMPLETE_BASE_INSTANCE
C,2,12,balanced,32,0.125,4,0.5,3bc7fd60512a67026e59e80c6390c2e08f2b2ab6235a7ff59e19a4f9ca8abac3,18cec6dd708b08949afab2a59abccf3720d5ec8b36c83a86fef8e452fe945bb1,4,4,0.35595703124999994,12.0,0.35595703124999994,11.0,True,False,10,0,EXTENDED_PENDING_RESOURCE_GATE,COMPLETE_BASE_INSTANCE
C,2,12,balanced,32,0.25,8,0.0001,dc65e30ad0b74c2ef92280df0400a18231d388b1379f03ad47327796285e7eff,18cec6dd708b08949afab2a59abccf3720d5ec8b36c83a86fef8e452fe945bb1,4,4,3.999999691250009,12.0,0.001099999907000003,11.0,True,False,10,0,EXTENDED_PENDING_RESOURCE_GATE,COMPLETE_BASE_INSTANCE
C,2,12,balanced,32,0.25,8,0.01,9275cb208af3b97e8002bed206b85ddf5b3e061199b9a59638549f44bb4711e3,18cec6dd708b08949afab2a59abccf3720d5ec8b36c83a86fef8e452fe945bb1,4,4,3.9969134507730946,12.0,0.1099070311948704,11.0,True,False,10,0,EXTENDED_PENDING_RESOURCE_GATE,COMPLETE_BASE_INSTANCE
C,2,12,balanced,32,0.25,8,0.1,58bd2f06a8155838191ee66be0edb7348d5adbdaec7cd6a53bbc5a666cb669a4,18cec6dd708b08949afab2a59abccf3720d5ec8b36c83a86fef8e452fe945bb1,4,4,3.7006153966991406,12.0,1.01006910873,11.0,True,False,10,0,EXTENDED_PENDING_RESOURCE_GATE,COMPLETE_BASE_INSTANCE
C,2,12,balanced,32,0.25,8,0.5,917f73566c5f3ed88f470c8dcc5d4fc5babeba48d832e307cb8fd31bc2324458,18cec6dd708b08949afab2a59abccf3720d5ec8b36c83a86fef8e452fe945bb1,4,4,0.35595703124999994,12.0,0.35595703124999994,11.0,True,False,10,0,EXTENDED_PENDING_RESOURCE_GATE,COMPLETE_BASE_INSTANCE
C,2,12,balanced,32,0.5,16,0.0001,99f7a79f707ad1a46234ccd6914e9796805895e46e9efd1f0aee20718e3b76b8,18cec6dd708b08949afab2a59abccf3720d5ec8b36c83a86fef8e452fe945bb1,4,4,3.999999691250009,12.0,0.001099999907000003,11.0,True,False,10,0,EXTENDED_PENDING_RESOURCE_GATE,COMPLETE_BASE_INSTANCE
C,2,12,balanced,32,0.5,16,0.01,54b8560517e82e12152c6aa8250618ab437e08d058cdbacbdefbf8c6df1ca8c9,18cec6dd708b08949afab2a59abccf3720d5ec8b36c83a86fef8e452fe945bb1,4,4,3.9969134507730946,12.0,0.1099070311948704,11.0,True,False,10,0,EXTENDED_PENDING_RESOURCE_GATE,COMPLETE_BASE_INSTANCE
C,2,12,balanced,32,0.5,16,0.1,78ddde121cb7d33eaa9dda4b3e111cd35368781b5688d19245639fa015af12c5,18cec6dd708b08949afab2a59abccf3720d5ec8b36c83a86fef8e452fe945bb1,4,4,3.7006153966991406,12.0,1.01006910873,11.0,True,False,10,0,EXTENDED_PENDING_RESOURCE_GATE,COMPLETE_BASE_INSTANCE
C,2,12,balanced,32,0.5,16,0.5,fcf1b10f93980e74c8a04511ef9afa5c113da4dacb19888810b9077765c5e6b5,18cec6dd708b08949afab2a59abccf3720d5ec8b36c83a86fef8e452fe945bb1,4,4,0.35595703124999994,12.0,0.35595703124999994,11.0,True,False,10,0,EXTENDED_PENDING_RESOURCE_GATE,COMPLETE_BASE_INSTANCE
C,2,12,balanced,32,0.75,24,0.0001,b341f4e50716b2c10bbefdf90183fe023c902bc723848cb24801236fabdb164f,18cec6dd708b08949afab2a59abccf3720d5ec8b36c83a86fef8e452fe945bb1,4,4,3.999999691250009,12.0,0.001099999907000003,11.0,True,False,10,0,EXTENDED_PENDING_RESOURCE_GATE,COMPLETE_BASE_INSTANCE
C,2,12,balanced,32,0.75,24,0.01,e9fda64628aa1bc7ce991c499d7e2aedbd9a58fa381b0447f5f51eb2ccbc27ff,18cec6dd708b08949afab2a59abccf3720d5ec8b36c83a86fef8e452fe945bb1,4,4,3.9969134507730946,12.0,0.1099070311948704,11.0,True,False,10,0,EXTENDED_PENDING_RESOURCE_GATE,COMPLETE_BASE_INSTANCE
C,2,12,balanced,32,0.75,24,0.1,929e39b80b919787928ad17325847ba05eae934e5c2bd9dda0d9c9a2e8a9aaea,18cec6dd708b08949afab2a59abccf3720d5ec8b36c83a86fef8e452fe945bb1,4,4,3.7006153966991406,12.0,1.01006910873,11.0,True,False,10,0,EXTENDED_PENDING_RESOURCE_GATE,COMPLETE_BASE_INSTANCE
C,2,12,balanced,32,0.75,24,0.5,ba6943065129dddf4b0efcc63ca460dfa65c37d408b749f5fc9ded81adfeac27,18cec6dd708b08949afab2a59abccf3720d5ec8b36c83a86fef8e452fe945bb1,4,4,0.35595703124999994,12.0,0.35595703124999994,11.0,True,False,10,0,EXTENDED_PENDING_RESOURCE_GATE,COMPLETE_BASE_INSTANCE
C,2,12,balanced,64,0.125,8,0.0001,c91075032d813b4510819561bbc80384ba60b6856b38121ec2ad39ea372f99e5,18cec6dd708b08949afab2a59abccf3720d5ec8b36c83a86fef8e452fe945bb1,4,4,3.999999691250009,12.0,0.001099999907000003,11.0,True,False,10,0,EXTENDED_PENDING_RESOURCE_GATE,COMPLETE_BASE_INSTANCE
C,2,12,balanced,64,0.125,8,0.01,c4ddc3946c39c8801e0aa3cb32ff39fb829ac7500e5205dbd565548bf76a2f19,18cec6dd708b08949afab2a59abccf3720d5ec8b36c83a86fef8e452fe945bb1,4,4,3.9969134507730946,12.0,0.1099070311948704,11.0,True,False,10,0,EXTENDED_PENDING_RESOURCE_GATE,COMPLETE_BASE_INSTANCE
C,2,12,balanced,64,0.125,8,0.1,13cbcea84d4b81b2f4ac08020fdd9c199d3ec13f4898369956791d54751d1827,18cec6dd708b08949afab2a59abccf3720d5ec8b36c83a86fef8e452fe945bb1,4,4,3.7006153966991406,12.0,1.01006910873,11.0,True,False,10,0,EXTENDED_PENDING_RESOURCE_GATE,COMPLETE_BASE_INSTANCE
C,2,12,balanced,64,0.125,8,0.5,77423710927215cafee07fa40fc3c5047410db4a21752c5acfd8291b8a2cac73,18cec6dd708b08949afab2a59abccf3720d5ec8b36c83a86fef8e452fe945bb1,4,4,0.35595703124999994,12.0,0.35595703124999994,11.0,True,False,10,0,EXTENDED_PENDING_RESOURCE_GATE,COMPLETE_BASE_INSTANCE
C,2,12,balanced,64,0.25,16,0.0001,20d7e6219430d2a8167ee0176f278cfd17b9a3946eb369756cb29e31ba1d2374,18cec6dd708b08949afab2a59abccf3720d5ec8b36c83a86fef8e452fe945bb1,4,4,3.999999691250009,12.0,0.001099999907000003,11.0,True,False,10,0,EXTENDED_PENDING_RESOURCE_GATE,COMPLETE_BASE_INSTANCE
C,2,12,balanced,64,0.25,16,0.01,09753b82ef0c2fcc23115dd48d71c653395cc0dfe253f6872e077e25d3be5d93,18cec6dd708b08949afab2a59abccf3720d5ec8b36c83a86fef8e452fe945bb1,4,4,3.9969134507730946,12.0,0.1099070311948704,11.0,True,False,10,0,EXTENDED_PENDING_RESOURCE_GATE,COMPLETE_BASE_INSTANCE
C,2,12,balanced,64,0.25,16,0.1,f95e565324c848e69a563a051dcb9ea3deb6ca0eade2e9f0b3b9babba6be7c7d,18cec6dd708b08949afab2a59abccf3720d5ec8b36c83a86fef8e452fe945bb1,4,4,3.7006153966991406,12.0,1.01006910873,11.0,True,False,10,0,EXTENDED_PENDING_RESOURCE_GATE,COMPLETE_BASE_INSTANCE
C,2,12,balanced,64,0.25,16,0.5,a7590186829613dd3b221ebb1b206a38434857f9d3a82b735bf88f45e062cc74,18cec6dd708b08949afab2a59abccf3720d5ec8b36c83a86fef8e452fe945bb1,4,4,0.35595703124999994,12.0,0.35595703124999994,11.0,True,False,10,0,EXTENDED_PENDING_RESOURCE_GATE,COMPLETE_BASE_INSTANCE
C,2,12,balanced,64,0.5,32,0.0001,500ea31240ff1dd5e8ac78d82ccd1ff9311399565d5e50b08376740442f93e0e,18cec6dd708b08949afab2a59abccf3720d5ec8b36c83a86fef8e452fe945bb1,4,4,3.999999691250009,12.0,0.001099999907000003,11.0,True,False,10,0,EXTENDED_PENDING_RESOURCE_GATE,COMPLETE_BASE_INSTANCE
C,2,12,balanced,64,0.5,32,0.01,a8f4f6dddc71ec451bf1118ee0adfac39e52d5f96dc899d43300d39b3825ccf1,18cec6dd708b08949afab2a59abccf3720d5ec8b36c83a86fef8e452fe945bb1,4,4,3.9969134507730946,12.0,0.1099070311948704,11.0,True,False,10,0,EXTENDED_PENDING_RESOURCE_GATE,COMPLETE_BASE_INSTANCE
C,2,12,balanced,64,0.5,32,0.1,201d1ed291164db5e88ff8e9b0a67c188d5c5485f7bffc1ac9f068e18f1d50e1,18cec6dd708b08949afab2a59abccf3720d5ec8b36c83a86fef8e452fe945bb1,4,4,3.7006153966991406,12.0,1.01006910873,11.0,True,False,10,0,EXTENDED_PENDING_RESOURCE_GATE,COMPLETE_BASE_INSTANCE
C,2,12,balanced,64,0.5,32,0.5,c139dae41c88c31f2bee08e1a2b11bcf625759c61de2c2ba45274c87cf245c25,18cec6dd708b08949afab2a59abccf3720d5ec8b36c83a86fef8e452fe945bb1,4,4,0.35595703124999994,12.0,0.35595703124999994,11.0,True,False,10,0,EXTENDED_PENDING_RESOURCE_GATE,COMPLETE_BASE_INSTANCE
C,2,12,balanced,64,0.75,48,0.0001,ebab54cefe9abaf0bbb21627ee899f29dcdfb545c4768dc415ee0ca3cf6634c0,18cec6dd708b08949afab2a59abccf3720d5ec8b36c83a86fef8e452fe945bb1,4,4,3.999999691250009,12.0,0.001099999907000003,11.0,True,False,10,0,EXTENDED_PENDING_RESOURCE_GATE,COMPLETE_BASE_INSTANCE
C,2,12,balanced,64,0.75,48,0.01,6d928568c3eec4341443d311714f526d95a47e7cb51d3c5966b67a1657d80ecd,18cec6dd708b08949afab2a59abccf3720d5ec8b36c83a86fef8e452fe945bb1,4,4,3.9969134507730946,12.0,0.1099070311948704,11.0,True,False,10,0,EXTENDED_PENDING_RESOURCE_GATE,COMPLETE_BASE_INSTANCE
C,2,12,balanced,64,0.75,48,0.1,aa1c5a3b85c001a38da3d5c1012d4053a60ef7da6ab4f0ce1d5fca1339f9b36f,18cec6dd708b08949afab2a59abccf3720d5ec8b36c83a86fef8e452fe945bb1,4,4,3.7006153966991406,12.0,1.01006910873,11.0,True,False,10,0,EXTENDED_PENDING_RESOURCE_GATE,COMPLETE_BASE_INSTANCE
C,2,12,balanced,64,0.75,48,0.5,27ab82566973fd1de140565ff164ea318fc1eb4b2e32930b2a573ed12a4fc8a7,18cec6dd708b08949afab2a59abccf3720d5ec8b36c83a86fef8e452fe945bb1,4,4,0.35595703124999994,12.0,0.35595703124999994,11.0,True,False,10,0,EXTENDED_PENDING_RESOURCE_GATE,COMPLETE_BASE_INSTANCE
C,2,12,random_ordered,2,0.125,1,0.0001,a63a1c9a09911b389e39ad220a82b1112a567026022ab93dc54cde375a0accc6,185d7ae8e782a651402f947372b9042062ae1909382fae47c0fb3ab4788cd567,6,4,1.9999998725000034,12.0,0.0004999999680000008,11.0,True,False,10,0,EXTENDED_PENDING_RESOURCE_GATE,COMPLETE_BASE_INSTANCE
C,2,12,random_ordered,2,0.125,1,0.01,4088a2ec18499f2f68e252da6491b68756a051bcd0d152b1440f3bc95f649571,185d7ae8e782a651402f947372b9042062ae1909382fae47c0fb3ab4788cd567,6,4,1.9987253635370452,12.0,0.04996800809899006,11.0,True,False,10,0,EXTENDED_PENDING_RESOURCE_GATE,COMPLETE_BASE_INSTANCE
C,2,12,random_ordered,2,0.125,1,0.1,8c739245a465db092d20d49c14ca9b06ccce3a692e51b4a5364a599c140dde26,185d7ae8e782a651402f947372b9042062ae1909382fae47c0fb3ab4788cd567,6,4,1.8760796521185676,12.0,0.46879996184999995,11.0,True,False,10,0,EXTENDED_PENDING_RESOURCE_GATE,COMPLETE_BASE_INSTANCE
C,2,12,random_ordered,2,0.125,1,0.5,b482cd809c2b1ace6262ba1ae423ea90ed3ed9d2343bf40864c5bfef1af7ca7e,185d7ae8e782a651402f947372b9042062ae1909382fae47c0fb3ab4788cd567,6,4,0.35595703124999994,12.0,0.35595703124999994,11.0,True,False,10,0,EXTENDED_PENDING_RESOURCE_GATE,COMPLETE_BASE_INSTANCE
C,2,12,random_ordered,2,0.25,1,0.0001,5eb17e02e4ddeaab10b3f4027cbbe040e02583385f3d39921c5aee6980274b5f,185d7ae8e782a651402f947372b9042062ae1909382fae47c0fb3ab4788cd567,6,4,1.9999998725000034,12.0,0.0004999999680000008,11.0,True,False,10,0,EXTENDED_PENDING_RESOURCE_GATE,COMPLETE_BASE_INSTANCE
C,2,12,random_ordered,2,0.25,1,0.01,eb1f59c2c4ea5d537ae05004f79529022bb4fce03cdb7fdbab969d4be0877779,185d7ae8e782a651402f947372b9042062ae1909382fae47c0fb3ab4788cd567,6,4,1.9987253635370452,12.0,0.04996800809899006,11.0,True,False,10,0,EXTENDED_PENDING_RESOURCE_GATE,COMPLETE_BASE_INSTANCE
C,2,12,random_ordered,2,0.25,1,0.1,8f52bd3bf385b1c03c53234b9ec8bc6a1f4997dc9212cc7caee8ab814f9e2333,185d7ae8e782a651402f947372b9042062ae1909382fae47c0fb3ab4788cd567,6,4,1.8760796521185676,12.0,0.46879996184999995,11.0,True,False,10,0,EXTENDED_PENDING_RESOURCE_GATE,COMPLETE_BASE_INSTANCE
C,2,12,random_ordered,2,0.25,1,0.5,b43879541aa596ae163b587af8d7d2e16605277cb9093d9d117c978f4410a3ae,185d7ae8e782a651402f947372b9042062ae1909382fae47c0fb3ab4788cd567,6,4,0.35595703124999994,12.0,0.35595703124999994,11.0,True,False,10,0,EXTENDED_PENDING_RESOURCE_GATE,COMPLETE_BASE_INSTANCE
C,2,12,random_ordered,2,0.5,1,0.0001,5c533bd6186410a81a6a5f4a0825dfb8c061b6331af8d7784ecc16729230366b,185d7ae8e782a651402f947372b9042062ae1909382fae47c0fb3ab4788cd567,6,4,1.9999998725000034,12.0,0.0004999999680000008,11.0,True,False,10,0,EXTENDED_PENDING_RESOURCE_GATE,COMPLETE_BASE_INSTANCE
C,2,12,random_ordered,2,0.5,1,0.01,6bb26c0f12f9ab59e705c1d6d4818aa4658f2f688d4971b58f028ace830d24af,185d7ae8e782a651402f947372b9042062ae1909382fae47c0fb3ab4788cd567,6,4,1.9987253635370452,12.0,0.04996800809899006,11.0,True,False,10,0,EXTENDED_PENDING_RESOURCE_GATE,COMPLETE_BASE_INSTANCE
C,2,12,random_ordered,2,0.5,1,0.1,38ff717ae28e85934e7f7f977d9f0f005143023538cff2e5a9f123f87f709cfa,185d7ae8e782a651402f947372b9042062ae1909382fae47c0fb3ab4788cd567,6,4,1.8760796521185676,12.0,0.46879996184999995,11.0,True,False,10,0,EXTENDED_PENDING_RESOURCE_GATE,COMPLETE_BASE_INSTANCE
C,2,12,random_ordered,2,0.5,1,0.5,d1e1d359f16fedf37eafe8363829c80161756929785c6b433611c51b502ac60d,185d7ae8e782a651402f947372b9042062ae1909382fae47c0fb3ab4788cd567,6,4,0.35595703124999994,12.0,0.35595703124999994,11.0,True,False,10,0,EXTENDED_PENDING_RESOURCE_GATE,COMPLETE_BASE_INSTANCE
C,2,12,random_ordered,2,0.75,1,0.0001,78da33b4953f17c0cf010f391791ea81c222ae55476c0e8472ad680da5c76db8,185d7ae8e782a651402f947372b9042062ae1909382fae47c0fb3ab4788cd567,6,4,1.9999998725000034,12.0,0.0004999999680000008,11.0,True,False,10,0,EXTENDED_PENDING_RESOURCE_GATE,COMPLETE_BASE_INSTANCE
C,2,12,random_ordered,2,0.75,1,0.01,3015d8ce765d72cdfe5269d1409983acaf3af361058cccea6f687d1601382896,185d7ae8e782a651402f947372b9042062ae1909382fae47c0fb3ab4788cd567,6,4,1.9987253635370452,12.0,0.04996800809899006,11.0,True,False,10,0,EXTENDED_PENDING_RESOURCE_GATE,COMPLETE_BASE_INSTANCE
C,2,12,random_ordered,2,0.75,1,0.1,450d5a755575ca74badb0a6432449e042a07c7b33e0324cb8b112c838294334d,185d7ae8e782a651402f947372b9042062ae1909382fae47c0fb3ab4788cd567,6,4,1.8760796521185676,12.0,0.46879996184999995,11.0,True,False,10,0,EXTENDED_PENDING_RESOURCE_GATE,COMPLETE_BASE_INSTANCE
C,2,12,random_ordered,2,0.75,1,0.5,f161f3805c3af34d39f96f6db6358840ba303f19fb0b054efe2e8e2740413fcd,185d7ae8e782a651402f947372b9042062ae1909382fae47c0fb3ab4788cd567,6,4,0.35595703124999994,12.0,0.35595703124999994,11.0,True,False,10,0,EXTENDED_PENDING_RESOURCE_GATE,COMPLETE_BASE_INSTANCE
C,2,12,random_ordered,4,0.125,1,0.0001,d9b721c812dcb2792cc8a5f646dd2f07cdc22c7ab28fc7f60b9f184c2af16606,185d7ae8e782a651402f947372b9042062ae1909382fae47c0fb3ab4788cd567,6,4,1.9999998725000034,12.0,0.0004999999680000008,11.0,True,False,10,0,EXTENDED_PENDING_RESOURCE_GATE,COMPLETE_BASE_INSTANCE
C,2,12,random_ordered,4,0.125,1,0.01,d7af2b0149c885a2bbd11182f59afc71c499a8402f9b4e38a314ec25444295d3,185d7ae8e782a651402f947372b9042062ae1909382fae47c0fb3ab4788cd567,6,4,1.9987253635370452,12.0,0.04996800809899006,11.0,True,False,10,0,EXTENDED_PENDING_RESOURCE_GATE,COMPLETE_BASE_INSTANCE
C,2,12,random_ordered,4,0.125,1,0.1,757f1507979f63d7e8d5985484c7d50040cb0d7c7b0c99d2dc01cc9f92aad799,185d7ae8e782a651402f947372b9042062ae1909382fae47c0fb3ab4788cd567,6,4,1.8760796521185676,12.0,0.46879996184999995,11.0,True,False,10,0,EXTENDED_PENDING_RESOURCE_GATE,COMPLETE_BASE_INSTANCE
C,2,12,random_ordered,4,0.125,1,0.5,7312ea37b04f0e49ba3e20f0e8144f4e447dfb002a558de57f4ec99d46b1f103,185d7ae8e782a651402f947372b9042062ae1909382fae47c0fb3ab4788cd567,6,4,0.35595703124999994,12.0,0.35595703124999994,11.0,True,False,10,0,EXTENDED_PENDING_RESOURCE_GATE,COMPLETE_BASE_INSTANCE
C,2,12,random_ordered,4,0.25,1,0.0001,a2fe0b0549d5ec490b9c11204ae1db960ed72ebb63ad52b10e3f757b204abea6,185d7ae8e782a651402f947372b9042062ae1909382fae47c0fb3ab4788cd567,6,4,1.9999998725000034,12.0,0.0004999999680000008,11.0,True,False,10,0,EXTENDED_PENDING_RESOURCE_GATE,COMPLETE_BASE_INSTANCE
C,2,12,random_ordered,4,0.25,1,0.01,2401c4e2ab3dfb600d988713feed3f536ad6fe9cba1b0a4eb2c6520340fa19a3,185d7ae8e782a651402f947372b9042062ae1909382fae47c0fb3ab4788cd567,6,4,1.9987253635370452,12.0,0.04996800809899006,11.0,True,False,10,0,EXTENDED_PENDING_RESOURCE_GATE,COMPLETE_BASE_INSTANCE
C,2,12,random_ordered,4,0.25,1,0.1,77871ad4e0349e68a04b04ca9d5720fb91654fb50cf0d0ed7b5468a872860107,185d7ae8e782a651402f947372b9042062ae1909382fae47c0fb3ab4788cd567,6,4,1.8760796521185676,12.0,0.46879996184999995,11.0,True,False,10,0,EXTENDED_PENDING_RESOURCE_GATE,COMPLETE_BASE_INSTANCE
C,2,12,random_ordered,4,0.25,1,0.5,7c8297b29449ed49a16d9eb16ae53ac985807b0d75c7c554e4147e2cb195ddba,185d7ae8e782a651402f947372b9042062ae1909382fae47c0fb3ab4788cd567,6,4,0.35595703124999994,12.0,0.35595703124999994,11.0,True,False,10,0,EXTENDED_PENDING_RESOURCE_GATE,COMPLETE_BASE_INSTANCE
C,2,12,random_ordered,4,0.5,2,0.0001,990374eb485538df567177acfefa3d1d68117a9118c21e64747775b7cb710de1,185d7ae8e782a651402f947372b9042062ae1909382fae47c0fb3ab4788cd567,6,4,1.9999998725000034,12.0,0.0004999999680000008,11.0,True,False,10,0,EXTENDED_PENDING_RESOURCE_GATE,COMPLETE_BASE_INSTANCE
C,2,12,random_ordered,4,0.5,2,0.01,6f4d1b294336641f16d057f209e56ad36521e355a797c4195108b74442aad78d,185d7ae8e782a651402f947372b9042062ae1909382fae47c0fb3ab4788cd567,6,4,1.9987253635370452,12.0,0.04996800809899006,11.0,True,False,10,0,EXTENDED_PENDING_RESOURCE_GATE,COMPLETE_BASE_INSTANCE
C,2,12,random_ordered,4,0.5,2,0.1,4feda5bca7fd07db7187209be4bd2d542bd46f4e9c7fd0bfef65b033aeb04f36,185d7ae8e782a651402f947372b9042062ae1909382fae47c0fb3ab4788cd567,6,4,1.8760796521185676,12.0,0.46879996184999995,11.0,True,False,10,0,EXTENDED_PENDING_RESOURCE_GATE,COMPLETE_BASE_INSTANCE
C,2,12,random_ordered,4,0.5,2,0.5,6a25eacfb14de56b64f53e1c6933c14f23c10d72016d942c7649a82bbb2f4d13,185d7ae8e782a651402f947372b9042062ae1909382fae47c0fb3ab4788cd567,6,4,0.35595703124999994,12.0,0.35595703124999994,11.0,True,False,10,0,EXTENDED_PENDING_RESOURCE_GATE,COMPLETE_BASE_INSTANCE
C,2,12,random_ordered,4,0.75,3,0.0001,6c961f66848094a4a6d9fc5e4fa119868ca4ebbe7d7e441ef6a34a48ccd9b9bd,185d7ae8e782a651402f947372b9042062ae1909382fae47c0fb3ab4788cd567,6,4,1.9999998725000034,12.0,0.0004999999680000008,11.0,True,False,10,0,EXTENDED_PENDING_RESOURCE_GATE,COMPLETE_BASE_INSTANCE
C,2,12,random_ordered,4,0.75,3,0.01,8cd209d88f7dae87bcd126562649f283d6cd7951aa347ebe30c8c29cbebb41cb,185d7ae8e782a651402f947372b9042062ae1909382fae47c0fb3ab4788cd567,6,4,1.9987253635370452,12.0,0.04996800809899006,11.0,True,False,10,0,EXTENDED_PENDING_RESOURCE_GATE,COMPLETE_BASE_INSTANCE
C,2,12,random_ordered,4,0.75,3,0.1,081226e5970ffaff8291e8b3620b896438e9d0947fcf22716639e188d8d0755a,185d7ae8e782a651402f947372b9042062ae1909382fae47c0fb3ab4788cd567,6,4,1.8760796521185676,12.0,0.46879996184999995,11.0,True,False,10,0,EXTENDED_PENDING_RESOURCE_GATE,COMPLETE_BASE_INSTANCE
C,2,12,random_ordered,4,0.75,3,0.5,54674cb54d2ca22cb8eea59af25a8ff37cd6b858d8edf7f690e0b69b0319091b,185d7ae8e782a651402f947372b9042062ae1909382fae47c0fb3ab4788cd567,6,4,0.35595703124999994,12.0,0.35595703124999994,11.0,True,False,10,0,EXTENDED_PENDING_RESOURCE_GATE,COMPLETE_BASE_INSTANCE
C,2,12,random_ordered,8,0.125,1,0.0001,89750dd01309359ec787a2e01b80e4e69928c49fef4b7402f9baab14043a6556,185d7ae8e782a651402f947372b9042062ae1909382fae47c0fb3ab4788cd567,6,4,1.9999998725000034,12.0,0.0004999999680000008,11.0,True,False,10,0,EXTENDED_PENDING_RESOURCE_GATE,COMPLETE_BASE_INSTANCE
C,2,12,random_ordered,8,0.125,1,0.01,116c69c2d1357bc1fec1e5da04b314220c983ae1e70aaa056c5a87bbcf013167,185d7ae8e782a651402f947372b9042062ae1909382fae47c0fb3ab4788cd567,6,4,1.9987253635370452,12.0,0.04996800809899006,11.0,True,False,10,0,EXTENDED_PENDING_RESOURCE_GATE,COMPLETE_BASE_INSTANCE
C,2,12,random_ordered,8,0.125,1,0.1,1e62e9f3b2e15274ddfcf7e5b6ee61ba5aa3ddeca274dc9414edc277933d2bb1,185d7ae8e782a651402f947372b9042062ae1909382fae47c0fb3ab4788cd567,6,4,1.8760796521185676,12.0,0.46879996184999995,11.0,True,False,10,0,EXTENDED_PENDING_RESOURCE_GATE,COMPLETE_BASE_INSTANCE
C,2,12,random_ordered,8,0.125,1,0.5,3377a900a535eded2cdd5a33f365d1d3e972a6a540185177bf02588b1812b82b,185d7ae8e782a651402f947372b9042062ae1909382fae47c0fb3ab4788cd567,6,4,0.35595703124999994,12.0,0.35595703124999994,11.0,True,False,10,0,EXTENDED_PENDING_RESOURCE_GATE,COMPLETE_BASE_INSTANCE
C,2,12,random_ordered,8,0.25,2,0.0001,4d301cfb2843271fbca6f35222e65d1c1dd199abcf15cb6f6d00383e0a8c1e2e,185d7ae8e782a651402f947372b9042062ae1909382fae47c0fb3ab4788cd567,6,4,1.9999998725000034,12.0,0.0004999999680000008,11.0,True,False,10,0,EXTENDED_PENDING_RESOURCE_GATE,COMPLETE_BASE_INSTANCE
C,2,12,random_ordered,8,0.25,2,0.01,85a13802af93e15a493b21b4b426a7f3f4be224cf6b175aef30a22e5c5c19dc7,185d7ae8e782a651402f947372b9042062ae1909382fae47c0fb3ab4788cd567,6,4,1.9987253635370452,12.0,0.04996800809899006,11.0,True,False,10,0,EXTENDED_PENDING_RESOURCE_GATE,COMPLETE_BASE_INSTANCE
C,2,12,random_ordered,8,0.25,2,0.1,bb1f1bfe56a57ccd56a6b7eaf378d889c533da3f56107f747886493a4e109fd1,185d7ae8e782a651402f947372b9042062ae1909382fae47c0fb3ab4788cd567,6,4,1.8760796521185676,12.0,0.46879996184999995,11.0,True,False,10,0,EXTENDED_PENDING_RESOURCE_GATE,COMPLETE_BASE_INSTANCE
C,2,12,random_ordered,8,0.25,2,0.5,a7a5efdfbaad8ba06565f29c90cbc4f14b582e489e39a5a59d44236f859bcd2a,185d7ae8e782a651402f947372b9042062ae1909382fae47c0fb3ab4788cd567,6,4,0.35595703124999994,12.0,0.35595703124999994,11.0,True,False,10,0,EXTENDED_PENDING_RESOURCE_GATE,COMPLETE_BASE_INSTANCE
C,2,12,random_ordered,8,0.5,4,0.0001,6026ba57e854515c26f9b5277275bd71e12ad40359c22910e12a0cf7e1082c52,185d7ae8e782a651402f947372b9042062ae1909382fae47c0fb3ab4788cd567,6,4,1.9999998725000034,12.0,0.0004999999680000008,11.0,True,False,10,0,EXTENDED_PENDING_RESOURCE_GATE,COMPLETE_BASE_INSTANCE
C,2,12,random_ordered,8,0.5,4,0.01,46c77d985bf249b3533609a913b3fdbea7d6862b3573500c5ea52796e6f8a459,185d7ae8e782a651402f947372b9042062ae1909382fae47c0fb3ab4788cd567,6,4,1.9987253635370452,12.0,0.04996800809899006,11.0,True,False,10,0,EXTENDED_PENDING_RESOURCE_GATE,COMPLETE_BASE_INSTANCE
C,2,12,random_ordered,8,0.5,4,0.1,9e1a5530a87c238fdeacfec2a4da634b2f02c5f6fcdb5f28e82cc1dfeaee72a3,185d7ae8e782a651402f947372b9042062ae1909382fae47c0fb3ab4788cd567,6,4,1.8760796521185676,12.0,0.46879996184999995,11.0,True,False,10,0,EXTENDED_PENDING_RESOURCE_GATE,COMPLETE_BASE_INSTANCE
C,2,12,random_ordered,8,0.5,4,0.5,bdc38f4ede9d7f7bcd03de863c07bc160468c84acb6fbd71633105338c285438,185d7ae8e782a651402f947372b9042062ae1909382fae47c0fb3ab4788cd567,6,4,0.35595703124999994,12.0,0.35595703124999994,11.0,True,False,10,0,EXTENDED_PENDING_RESOURCE_GATE,COMPLETE_BASE_INSTANCE
C,2,12,random_ordered,8,0.75,6,0.0001,a4e301b7c7ef16a93f74e39262c26d856e1d2d0095b2cc29891f822075f5795a,185d7ae8e782a651402f947372b9042062ae1909382fae47c0fb3ab4788cd567,6,4,1.9999998725000034,12.0,0.0004999999680000008,11.0,True,False,10,0,EXTENDED_PENDING_RESOURCE_GATE,COMPLETE_BASE_INSTANCE
C,2,12,random_ordered,8,0.75,6,0.01,50c04cb341e8088876340f8c19d7ff11f40dac672fa5b0d22b982a0377604f90,185d7ae8e782a651402f947372b9042062ae1909382fae47c0fb3ab4788cd567,6,4,1.9987253635370452,12.0,0.04996800809899006,11.0,True,False,10,0,EXTENDED_PENDING_RESOURCE_GATE,COMPLETE_BASE_INSTANCE
C,2,12,random_ordered,8,0.75,6,0.1,ed2c8d44576b0481b4aec5e6f75a70f3d1b3f6306f82c308f236bbfe67a7fe82,185d7ae8e782a651402f947372b9042062ae1909382fae47c0fb3ab4788cd567,6,4,1.8760796521185676,12.0,0.46879996184999995,11.0,True,False,10,0,EXTENDED_PENDING_RESOURCE_GATE,COMPLETE_BASE_INSTANCE
C,2,12,random_ordered,8,0.75,6,0.5,3f878b0cc421303d5a749a4d6e009fc039a1ddeb4747041c53232b13ed9130d3,185d7ae8e782a651402f947372b9042062ae1909382fae47c0fb3ab4788cd567,6,4,0.35595703124999994,12.0,0.35595703124999994,11.0,True,False,10,0,EXTENDED_PENDING_RESOURCE_GATE,COMPLETE_BASE_INSTANCE
C,2,12,random_ordered,16,0.125,2,0.0001,757e86500068712947f3a42ac71c6b710ccce9113a7a8b8ea2a3807573c4f3bf,185d7ae8e782a651402f947372b9042062ae1909382fae47c0fb3ab4788cd567,6,4,1.9999998725000034,12.0,0.0004999999680000008,11.0,True,False,10,0,EXTENDED_PENDING_RESOURCE_GATE,COMPLETE_BASE_INSTANCE
C,2,12,random_ordered,16,0.125,2,0.01,6cd045dea0b8f3a97868a83cc3978ffcd0a592e5c2c4ad16b4d3e8235da8a78a,185d7ae8e782a651402f947372b9042062ae1909382fae47c0fb3ab4788cd567,6,4,1.9987253635370452,12.0,0.04996800809899006,11.0,True,False,10,0,EXTENDED_PENDING_RESOURCE_GATE,COMPLETE_BASE_INSTANCE
C,2,12,random_ordered,16,0.125,2,0.1,f267cc7aed415e9ceac6d8405ba797db990f5a4ff5b0e43ee9cfdf170af44bcb,185d7ae8e782a651402f947372b9042062ae1909382fae47c0fb3ab4788cd567,6,4,1.8760796521185676,12.0,0.46879996184999995,11.0,True,False,10,0,EXTENDED_PENDING_RESOURCE_GATE,COMPLETE_BASE_INSTANCE
C,2,12,random_ordered,16,0.125,2,0.5,6474ed00e1b7fc4dc0fd0e4d1c8d2b5d187d25d60e3b2a51b98fa5714a98cbfd,185d7ae8e782a651402f947372b9042062ae1909382fae47c0fb3ab4788cd567,6,4,0.35595703124999994,12.0,0.35595703124999994,11.0,True,False,10,0,EXTENDED_PENDING_RESOURCE_GATE,COMPLETE_BASE_INSTANCE
C,2,12,random_ordered,16,0.25,4,0.0001,64e9feb433ff21d8632b455e75486af90bd2df22e05b0fbfd49dad164092106e,185d7ae8e782a651402f947372b9042062ae1909382fae47c0fb3ab4788cd567,6,4,1.9999998725000034,12.0,0.0004999999680000008,11.0,True,False,10,0,EXTENDED_PENDING_RESOURCE_GATE,COMPLETE_BASE_INSTANCE
C,2,12,random_ordered,16,0.25,4,0.01,c98582645072b52f48381c88f0e092dee97f109298a79746907ec7fb241d6176,185d7ae8e782a651402f947372b9042062ae1909382fae47c0fb3ab4788cd567,6,4,1.9987253635370452,12.0,0.04996800809899006,11.0,True,False,10,0,EXTENDED_PENDING_RESOURCE_GATE,COMPLETE_BASE_INSTANCE
C,2,12,random_ordered,16,0.25,4,0.1,fc83290b7ee62236e9b885498015ebefc5ea4ab98bfdad8e96cca76e3e7f5f55,185d7ae8e782a651402f947372b9042062ae1909382fae47c0fb3ab4788cd567,6,4,1.8760796521185676,12.0,0.46879996184999995,11.0,True,False,10,0,EXTENDED_PENDING_RESOURCE_GATE,COMPLETE_BASE_INSTANCE
C,2,12,random_ordered,16,0.25,4,0.5,6dcc50dc21275f5d814af4f882ae4756ed29534391febb2ded741a4ac15c2def,185d7ae8e782a651402f947372b9042062ae1909382fae47c0fb3ab4788cd567,6,4,0.35595703124999994,12.0,0.35595703124999994,11.0,True,False,10,0,EXTENDED_PENDING_RESOURCE_GATE,COMPLETE_BASE_INSTANCE
C,2,12,random_ordered,16,0.5,8,0.0001,52a5828c7c298e95e13468c24ee5ed0bf5277a4942cae59e381962ab155c9b19,185d7ae8e782a651402f947372b9042062ae1909382fae47c0fb3ab4788cd567,6,4,1.9999998725000034,12.0,0.0004999999680000008,11.0,True,False,10,0,EXTENDED_PENDING_RESOURCE_GATE,COMPLETE_BASE_INSTANCE
C,2,12,random_ordered,16,0.5,8,0.01,86dd572ea419fa5b5d003471633904cb1491c3a621acd2a8cd9eb941d19e7060,185d7ae8e782a651402f947372b9042062ae1909382fae47c0fb3ab4788cd567,6,4,1.9987253635370452,12.0,0.04996800809899006,11.0,True,False,10,0,EXTENDED_PENDING_RESOURCE_GATE,COMPLETE_BASE_INSTANCE
C,2,12,random_ordered,16,0.5,8,0.1,19454a8374287e19e37a63be5ebf831b441c52c33b63c5e1c5bccc95f8277965,185d7ae8e782a651402f947372b9042062ae1909382fae47c0fb3ab4788cd567,6,4,1.8760796521185676,12.0,0.46879996184999995,11.0,True,False,10,0,EXTENDED_PENDING_RESOURCE_GATE,COMPLETE_BASE_INSTANCE
C,2,12,random_ordered,16,0.5,8,0.5,58c10f5a486d6eb0fcbfc9b143233f508155a5b7e70f5621bf4449d55db606dc,185d7ae8e782a651402f947372b9042062ae1909382fae47c0fb3ab4788cd567,6,4,0.35595703124999994,12.0,0.35595703124999994,11.0,True,False,10,0,EXTENDED_PENDING_RESOURCE_GATE,COMPLETE_BASE_INSTANCE
C,2,12,random_ordered,16,0.75,12,0.0001,f49df9ef3621d8b19f65ef2f95d0220e2b29eb0b0131ec66370fdf0868571da3,185d7ae8e782a651402f947372b9042062ae1909382fae47c0fb3ab4788cd567,6,4,1.9999998725000034,12.0,0.0004999999680000008,11.0,True,False,10,0,EXTENDED_PENDING_RESOURCE_GATE,COMPLETE_BASE_INSTANCE
C,2,12,random_ordered,16,0.75,12,0.01,0b26101a18bc86da745ac2af462fb2422136b58c95f6dc8c7e08a1d2b832726d,185d7ae8e782a651402f947372b9042062ae1909382fae47c0fb3ab4788cd567,6,4,1.9987253635370452,12.0,0.04996800809899006,11.0,True,False,10,0,EXTENDED_PENDING_RESOURCE_GATE,COMPLETE_BASE_INSTANCE
C,2,12,random_ordered,16,0.75,12,0.1,9472fb578566a0fa6475ed1e6129d768fa02871bfdccc307109a6187574da883,185d7ae8e782a651402f947372b9042062ae1909382fae47c0fb3ab4788cd567,6,4,1.8760796521185676,12.0,0.46879996184999995,11.0,True,False,10,0,EXTENDED_PENDING_RESOURCE_GATE,COMPLETE_BASE_INSTANCE
C,2,12,random_ordered,16,0.75,12,0.5,334a571ecd02a2a94c261423b88a59a973cb198888ab21fba9a58b563c6cf66d,185d7ae8e782a651402f947372b9042062ae1909382fae47c0fb3ab4788cd567,6,4,0.35595703124999994,12.0,0.35595703124999994,11.0,True,False,10,0,EXTENDED_PENDING_RESOURCE_GATE,COMPLETE_BASE_INSTANCE
C,2,12,random_ordered,32,0.125,4,0.0001,8890778ec0c2fe95507387618eb5cb342d83e97d864a2ad82591b9eb5809819d,185d7ae8e782a651402f947372b9042062ae1909382fae47c0fb3ab4788cd567,6,4,1.9999998725000034,12.0,0.0004999999680000008,11.0,True,False,10,0,EXTENDED_PENDING_RESOURCE_GATE,COMPLETE_BASE_INSTANCE
C,2,12,random_ordered,32,0.125,4,0.01,f342c012e0596cdc9a9d1f30e2bd10cb3e1f82f1d29c759e8dd6248450f3c3b7,185d7ae8e782a651402f947372b9042062ae1909382fae47c0fb3ab4788cd567,6,4,1.9987253635370452,12.0,0.04996800809899006,11.0,True,False,10,0,EXTENDED_PENDING_RESOURCE_GATE,COMPLETE_BASE_INSTANCE
C,2,12,random_ordered,32,0.125,4,0.1,814a39880e39a50a2f9ad6ac76dc9f91227d05072515e36ee0713fba8e9bc5a0,185d7ae8e782a651402f947372b9042062ae1909382fae47c0fb3ab4788cd567,6,4,1.8760796521185676,12.0,0.46879996184999995,11.0,True,False,10,0,EXTENDED_PENDING_RESOURCE_GATE,COMPLETE_BASE_INSTANCE
C,2,12,random_ordered,32,0.125,4,0.5,10f01e060837429d5090260f431139109410f44e8c1fa2846084fb7644d97439,185d7ae8e782a651402f947372b9042062ae1909382fae47c0fb3ab4788cd567,6,4,0.35595703124999994,12.0,0.35595703124999994,11.0,True,False,10,0,EXTENDED_PENDING_RESOURCE_GATE,COMPLETE_BASE_INSTANCE
C,2,12,random_ordered,32,0.25,8,0.0001,aaf87cc530c3647004c5e35b836e04ffd72f3e2ba9cda7342ad69feafd40952f,185d7ae8e782a651402f947372b9042062ae1909382fae47c0fb3ab4788cd567,6,4,1.9999998725000034,12.0,0.0004999999680000008,11.0,True,False,10,0,EXTENDED_PENDING_RESOURCE_GATE,COMPLETE_BASE_INSTANCE
C,2,12,random_ordered,32,0.25,8,0.01,ff6db5d24b6276cfe189e6a4e8f8f1cf572bec8bf9435b53c50b5799cb1c599b,185d7ae8e782a651402f947372b9042062ae1909382fae47c0fb3ab4788cd567,6,4,1.9987253635370452,12.0,0.04996800809899006,11.0,True,False,10,0,EXTENDED_PENDING_RESOURCE_GATE,COMPLETE_BASE_INSTANCE
C,2,12,random_ordered,32,0.25,8,0.1,08445e140c9e094fc987e6584f4d01bbc56978c4bad096c4225ac073653511f7,185d7ae8e782a651402f947372b9042062ae1909382fae47c0fb3ab4788cd567,6,4,1.8760796521185676,12.0,0.46879996184999995,11.0,True,False,10,0,EXTENDED_PENDING_RESOURCE_GATE,COMPLETE_BASE_INSTANCE
C,2,12,random_ordered,32,0.25,8,0.5,b23947ba1dfc256a54e4dd869f096d74b6b195cb7d7936ae1fb2d3f1543aa40c,185d7ae8e782a651402f947372b9042062ae1909382fae47c0fb3ab4788cd567,6,4,0.35595703124999994,12.0,0.35595703124999994,11.0,True,False,10,0,EXTENDED_PENDING_RESOURCE_GATE,COMPLETE_BASE_INSTANCE
C,2,12,random_ordered,32,0.5,16,0.0001,0d6ea6a3cb29d1b5c10ce9c1a547827b787f1a65b0e6a93b307ecd724af83be8,185d7ae8e782a651402f947372b9042062ae1909382fae47c0fb3ab4788cd567,6,4,1.9999998725000034,12.0,0.0004999999680000008,11.0,True,False,10,0,EXTENDED_PENDING_RESOURCE_GATE,COMPLETE_BASE_INSTANCE
C,2,12,random_ordered,32,0.5,16,0.01,f099f11e98a5d9e9acebd1784d17d4c26d00f3d523d73d7e73bf7063261d7498,185d7ae8e782a651402f947372b9042062ae1909382fae47c0fb3ab4788cd567,6,4,1.9987253635370452,12.0,0.04996800809899006,11.0,True,False,10,0,EXTENDED_PENDING_RESOURCE_GATE,COMPLETE_BASE_INSTANCE
C,2,12,random_ordered,32,0.5,16,0.1,aa78cf0cfb646dcc6a517d39f49dfbd97ee6b94a197bc82e13245dd9f63983c9,185d7ae8e782a651402f947372b9042062ae1909382fae47c0fb3ab4788cd567,6,4,1.8760796521185676,12.0,0.46879996184999995,11.0,True,False,10,0,EXTENDED_PENDING_RESOURCE_GATE,COMPLETE_BASE_INSTANCE
C,2,12,random_ordered,32,0.5,16,0.5,c7bc57ef0cfa9c910385fa7cd799c8614f71155e80bef422465b3e8dd1b97c0c,185d7ae8e782a651402f947372b9042062ae1909382fae47c0fb3ab4788cd567,6,4,0.35595703124999994,12.0,0.35595703124999994,11.0,True,False,10,0,EXTENDED_PENDING_RESOURCE_GATE,COMPLETE_BASE_INSTANCE
C,2,12,random_ordered,32,0.75,24,0.0001,a705bf3463c7546d72f7caf70ff3e898ac16a899dfeadfc99ff45c00801298e3,185d7ae8e782a651402f947372b9042062ae1909382fae47c0fb3ab4788cd567,6,4,1.9999998725000034,12.0,0.0004999999680000008,11.0,True,False,10,0,EXTENDED_PENDING_RESOURCE_GATE,COMPLETE_BASE_INSTANCE
C,2,12,random_ordered,32,0.75,24,0.01,76384b686280cc57b178888c8ba6bdbe2ce2bbd01f5b7ad71b6fefffcc3d546d,185d7ae8e782a651402f947372b9042062ae1909382fae47c0fb3ab4788cd567,6,4,1.9987253635370452,12.0,0.04996800809899006,11.0,True,False,10,0,EXTENDED_PENDING_RESOURCE_GATE,COMPLETE_BASE_INSTANCE
C,2,12,random_ordered,32,0.75,24,0.1,3725c2896f35f5887b53b6eb3334ce3e5b8e762943bed05ce22e5ddd41ef5f94,185d7ae8e782a651402f947372b9042062ae1909382fae47c0fb3ab4788cd567,6,4,1.8760796521185676,12.0,0.46879996184999995,11.0,True,False,10,0,EXTENDED_PENDING_RESOURCE_GATE,COMPLETE_BASE_INSTANCE
C,2,12,random_ordered,32,0.75,24,0.5,b28bf228e59a59c941069dbe0dd4abcf767988d55335a372079f43127cc29109,185d7ae8e782a651402f947372b9042062ae1909382fae47c0fb3ab4788cd567,6,4,0.35595703124999994,12.0,0.35595703124999994,11.0,True,False,10,0,EXTENDED_PENDING_RESOURCE_GATE,COMPLETE_BASE_INSTANCE
C,2,12,random_ordered,64,0.125,8,0.0001,53a70211e333cf83d058947a96e198b9c08cbd48865d142ea61b24d65f570ca3,185d7ae8e782a651402f947372b9042062ae1909382fae47c0fb3ab4788cd567,6,4,1.9999998725000034,12.0,0.0004999999680000008,11.0,True,False,10,0,EXTENDED_PENDING_RESOURCE_GATE,COMPLETE_BASE_INSTANCE
C,2,12,random_ordered,64,0.125,8,0.01,5906c603eae750d4494a2eef06161adf4cd955f06853f00b6afd4fb34f57c660,185d7ae8e782a651402f947372b9042062ae1909382fae47c0fb3ab4788cd567,6,4,1.9987253635370452,12.0,0.04996800809899006,11.0,True,False,10,0,EXTENDED_PENDING_RESOURCE_GATE,COMPLETE_BASE_INSTANCE
C,2,12,random_ordered,64,0.125,8,0.1,e8fc9a382200232c7a1890c24aa7045ff7a6e427b3d4aceb58c74949c7651b88,185d7ae8e782a651402f947372b9042062ae1909382fae47c0fb3ab4788cd567,6,4,1.8760796521185676,12.0,0.46879996184999995,11.0,True,False,10,0,EXTENDED_PENDING_RESOURCE_GATE,COMPLETE_BASE_INSTANCE
C,2,12,random_ordered,64,0.125,8,0.5,e009a3d6ad52a8d8fc80b2f739998a16a642a997b78c0adbb633a2fc6b3ba9fb,185d7ae8e782a651402f947372b9042062ae1909382fae47c0fb3ab4788cd567,6,4,0.35595703124999994,12.0,0.35595703124999994,11.0,True,False,10,0,EXTENDED_PENDING_RESOURCE_GATE,COMPLETE_BASE_INSTANCE
C,2,12,random_ordered,64,0.25,16,0.0001,e1d2d4ef9d80e0775c86553b3897ae90c39bd65c18b4264052ee3646841293e2,185d7ae8e782a651402f947372b9042062ae1909382fae47c0fb3ab4788cd567,6,4,1.9999998725000034,12.0,0.0004999999680000008,11.0,True,False,10,0,EXTENDED_PENDING_RESOURCE_GATE,COMPLETE_BASE_INSTANCE
C,2,12,random_ordered,64,0.25,16,0.01,6375e5fc8be1490485ae4881e84efb4b8fb703af1675627512e0ec2b3fc8efa7,185d7ae8e782a651402f947372b9042062ae1909382fae47c0fb3ab4788cd567,6,4,1.9987253635370452,12.0,0.04996800809899006,11.0,True,False,10,0,EXTENDED_PENDING_RESOURCE_GATE,COMPLETE_BASE_INSTANCE
C,2,12,random_ordered,64,0.25,16,0.1,56b8cd13c0d0b01e21789ba77c877a2ec071d8ac6f4d239fa04f48191521d5cf,185d7ae8e782a651402f947372b9042062ae1909382fae47c0fb3ab4788cd567,6,4,1.8760796521185676,12.0,0.46879996184999995,11.0,True,False,10,0,EXTENDED_PENDING_RESOURCE_GATE,COMPLETE_BASE_INSTANCE
C,2,12,random_ordered,64,0.25,16,0.5,a347daa36b2d3a7b1709cde996a3a5ad646ffb2d945769a37a0fd157f2d98c05,185d7ae8e782a651402f947372b9042062ae1909382fae47c0fb3ab4788cd567,6,4,0.35595703124999994,12.0,0.35595703124999994,11.0,True,False,10,0,EXTENDED_PENDING_RESOURCE_GATE,COMPLETE_BASE_INSTANCE
C,2,12,random_ordered,64,0.5,32,0.0001,593679d5a33875dda3930838cd7621fe35626f69279477a456cd253e94d041dc,185d7ae8e782a651402f947372b9042062ae1909382fae47c0fb3ab4788cd567,6,4,1.9999998725000034,12.0,0.0004999999680000008,11.0,True,False,10,0,EXTENDED_PENDING_RESOURCE_GATE,COMPLETE_BASE_INSTANCE
C,2,12,random_ordered,64,0.5,32,0.01,a5d3c5980a5ce46e77dc83773d8556da46c8ddac69183ab7e147a68393eb9fe7,185d7ae8e782a651402f947372b9042062ae1909382fae47c0fb3ab4788cd567,6,4,1.9987253635370452,12.0,0.04996800809899006,11.0,True,False,10,0,EXTENDED_PENDING_RESOURCE_GATE,COMPLETE_BASE_INSTANCE
C,2,12,random_ordered,64,0.5,32,0.1,0f9f0eee50a81413bf0dc7b35968caeafa335862dfe47dd04a555f513e93fc44,185d7ae8e782a651402f947372b9042062ae1909382fae47c0fb3ab4788cd567,6,4,1.8760796521185676,12.0,0.46879996184999995,11.0,True,False,10,0,EXTENDED_PENDING_RESOURCE_GATE,COMPLETE_BASE_INSTANCE
C,2,12,random_ordered,64,0.5,32,0.5,9530fd8e3cd2ff768d8b171fa8605a29a9396d0cf06ecc6c93ddd2ca5b303338,185d7ae8e782a651402f947372b9042062ae1909382fae47c0fb3ab4788cd567,6,4,0.35595703124999994,12.0,0.35595703124999994,11.0,True,False,10,0,EXTENDED_PENDING_RESOURCE_GATE,COMPLETE_BASE_INSTANCE
C,2,12,random_ordered,64,0.75,48,0.0001,c93f88ac4171d30d17b8bef717b89955a664989c944e00fd6f26a65b29c0335e,185d7ae8e782a651402f947372b9042062ae1909382fae47c0fb3ab4788cd567,6,4,1.9999998725000034,12.0,0.0004999999680000008,11.0,True,False,10,0,EXTENDED_PENDING_RESOURCE_GATE,COMPLETE_BASE_INSTANCE
C,2,12,random_ordered,64,0.75,48,0.01,b8c2657999131badb12b554e9c58bbb6473b894b750f3837fc48d7295be683ef,185d7ae8e782a651402f947372b9042062ae1909382fae47c0fb3ab4788cd567,6,4,1.9987253635370452,12.0,0.04996800809899006,11.0,True,False,10,0,EXTENDED_PENDING_RESOURCE_GATE,COMPLETE_BASE_INSTANCE
C,2,12,random_ordered,64,0.75,48,0.1,453a57d8ba5461c8f4b89b28e42902e06c2c3faf40423308931799e0a3beb829,185d7ae8e782a651402f947372b9042062ae1909382fae47c0fb3ab4788cd567,6,4,1.8760796521185676,12.0,0.46879996184999995,11.0,True,False,10,0,EXTENDED_PENDING_RESOURCE_GATE,COMPLETE_BASE_INSTANCE
C,2,12,random_ordered,64,0.75,48,0.5,7c4c548a61709db8c0c8af4154fed1462bed99ab7e1bb741f620069a0828bd1b,185d7ae8e782a651402f947372b9042062ae1909382fae47c0fb3ab4788cd567,6,4,0.35595703124999994,12.0,0.35595703124999994,11.0,True,False,10,0,EXTENDED_PENDING_RESOURCE_GATE,COMPLETE_BASE_INSTANCE
C,2,24,comb,2,0.125,1,0.0001,6fc3257dd91e9fe351a24359de57eb6ad4cc43564c3d5485bbc08aedfa86d745,cd1d2d894a0f671da4f4d945af902ada39c3bef067a401be7099e6f2a6dd0a93,24,2,23.99999287000077,24.0,0.02759998633800256,23.0,True,False,10,0,EXTENDED_PENDING_RESOURCE_GATE,COMPLETE_BASE_INSTANCE
C,2,24,comb,2,0.125,1,0.01,841f426569875a4c3b055962629a3d41f30f11bf8b805e46c7465cdee414d769,cd1d2d894a0f671da4f4d945af902ada39c3bef067a401be7099e6f2a6dd0a93,24,2,23.92877705089293,24.0,2.7463635789086016,23.0,True,False,10,0,EXTENDED_PENDING_RESOURCE_GATE,COMPLETE_BASE_INSTANCE
C,2,24,comb,2,0.125,1,0.1,c4a5e2f04d512212fd41483db5e44fb5ef222442e836733b3579d5c0f840e488,cd1d2d894a0f671da4f4d945af902ada39c3bef067a401be7099e6f2a6dd0a93,24,2,17.600307636278437,24.0,16.26486711207687,23.0,True,False,10,0,EXTENDED_PENDING_RESOURCE_GATE,COMPLETE_BASE_INSTANCE
C,2,24,comb,2,0.125,1,0.5,bc12a98bf9e710bf8e6213e59fad859a264ea2f3fea0242cd12a558bae7c34ce,cd1d2d894a0f671da4f4d945af902ada39c3bef067a401be7099e6f2a6dd0a93,24,2,1.936647295951843,24.0,1.936647295951843,23.0,True,False,10,0,EXTENDED_PENDING_RESOURCE_GATE,COMPLETE_BASE_INSTANCE
C,2,24,comb,2,0.25,1,0.0001,91514a5a1a07e5beb896b3c1adbc41bd8d97d2935625bd384a8d75581847b833,cd1d2d894a0f671da4f4d945af902ada39c3bef067a401be7099e6f2a6dd0a93,24,2,23.99999287000077,24.0,0.02759998633800256,23.0,True,False,10,0,EXTENDED_PENDING_RESOURCE_GATE,COMPLETE_BASE_INSTANCE
C,2,24,comb,2,0.25,1,0.01,f8e77e755f9ddadb0259dca427ef64bab94c799316a9c03eccbcc7b941ff2885,cd1d2d894a0f671da4f4d945af902ada39c3bef067a401be7099e6f2a6dd0a93,24,2,23.92877705089293,24.0,2.7463635789086016,23.0,True,False,10,0,EXTENDED_PENDING_RESOURCE_GATE,COMPLETE_BASE_INSTANCE
C,2,24,comb,2,0.25,1,0.1,d2280707bbc5e0bbe6714f73134ead906b40320c4dab2fe07d75e461b430ead1,cd1d2d894a0f671da4f4d945af902ada39c3bef067a401be7099e6f2a6dd0a93,24,2,17.600307636278437,24.0,16.26486711207687,23.0,True,False,10,0,EXTENDED_PENDING_RESOURCE_GATE,COMPLETE_BASE_INSTANCE
C,2,24,comb,2,0.25,1,0.5,3dbc7a433373ed0df507daecf4c7d8ef5c5c57a65a33b1fe16430f527d2bbdbe,cd1d2d894a0f671da4f4d945af902ada39c3bef067a401be7099e6f2a6dd0a93,24,2,1.936647295951843,24.0,1.936647295951843,23.0,True,False,10,0,EXTENDED_PENDING_RESOURCE_GATE,COMPLETE_BASE_INSTANCE
C,2,24,comb,2,0.5,1,0.0001,b165f3d33e736feddb48d64e684125c1270e0cf000f0f4401f9525ebdab4c1d6,cd1d2d894a0f671da4f4d945af902ada39c3bef067a401be7099e6f2a6dd0a93,24,2,23.99999287000077,24.0,0.02759998633800256,23.0,True,False,10,0,EXTENDED_PENDING_RESOURCE_GATE,COMPLETE_BASE_INSTANCE
C,2,24,comb,2,0.5,1,0.01,e836b6f1ecae1cbcfe821835d899be51e210d79fed25315e55849b4df7cf4012,cd1d2d894a0f671da4f4d945af902ada39c3bef067a401be7099e6f2a6dd0a93,24,2,23.92877705089293,24.0,2.7463635789086016,23.0,True,False,10,0,EXTENDED_PENDING_RESOURCE_GATE,COMPLETE_BASE_INSTANCE
C,2,24,comb,2,0.5,1,0.1,bc116771ab89326f35fd36eae018bef38e5c5803096ffa225e8202a85750fbcc,cd1d2d894a0f671da4f4d945af902ada39c3bef067a401be7099e6f2a6dd0a93,24,2,17.600307636278437,24.0,16.26486711207687,23.0,True,False,10,0,EXTENDED_PENDING_RESOURCE_GATE,COMPLETE_BASE_INSTANCE
C,2,24,comb,2,0.5,1,0.5,9ba9d0af1c086286a2005f7052222816603d695ee20bed1df1290fc625d239ca,cd1d2d894a0f671da4f4d945af902ada39c3bef067a401be7099e6f2a6dd0a93,24,2,1.936647295951843,24.0,1.936647295951843,23.0,True,False,10,0,EXTENDED_PENDING_RESOURCE_GATE,COMPLETE_BASE_INSTANCE
C,2,24,comb,2,0.75,1,0.0001,2ce174ee37ae63a3cbf4c8187c6555f0b9b26423fe1e5b7849a242b15468e3cc,cd1d2d894a0f671da4f4d945af902ada39c3bef067a401be7099e6f2a6dd0a93,24,2,23.99999287000077,24.0,0.02759998633800256,23.0,True,False,10,0,EXTENDED_PENDING_RESOURCE_GATE,COMPLETE_BASE_INSTANCE
C,2,24,comb,2,0.75,1,0.01,798007e59f808b9f9ab0b8c05bfdf03792dc1f5283d9155e0722d1b49fa1e0f2,cd1d2d894a0f671da4f4d945af902ada39c3bef067a401be7099e6f2a6dd0a93,24,2,23.92877705089293,24.0,2.7463635789086016,23.0,True,False,10,0,EXTENDED_PENDING_RESOURCE_GATE,COMPLETE_BASE_INSTANCE
C,2,24,comb,2,0.75,1,0.1,79456f98a1c66984604f80c3d84b352c7cdeb26f57f9bbbbf55a8c038d3fc5e0,cd1d2d894a0f671da4f4d945af902ada39c3bef067a401be7099e6f2a6dd0a93,24,2,17.600307636278437,24.0,16.26486711207687,23.0,True,False,10,0,EXTENDED_PENDING_RESOURCE_GATE,COMPLETE_BASE_INSTANCE
C,2,24,comb,2,0.75,1,0.5,02a200721a69b11df4f51cb5c8ad6afa328d530daf3bb94f72c45636ea0adcf4,cd1d2d894a0f671da4f4d945af902ada39c3bef067a401be7099e6f2a6dd0a93,24,2,1.936647295951843,24.0,1.936647295951843,23.0,True,False,10,0,EXTENDED_PENDING_RESOURCE_GATE,COMPLETE_BASE_INSTANCE
C,2,24,comb,4,0.125,1,0.0001,075b94f00700f5fec2c5966594bf77f6049023071b80216933b8a4790732c3ad,cd1d2d894a0f671da4f4d945af902ada39c3bef067a401be7099e6f2a6dd0a93,24,2,23.99999287000077,24.0,0.02759998633800256,23.0,True,False,10,0,EXTENDED_PENDING_RESOURCE_GATE,COMPLETE_BASE_INSTANCE
C,2,24,comb,4,0.125,1,0.01,8ae4b3daee66b4cdd294259ed07a2803cc692fb8cec169c5dfdc885c0ef605ad,cd1d2d894a0f671da4f4d945af902ada39c3bef067a401be7099e6f2a6dd0a93,24,2,23.92877705089293,24.0,2.7463635789086016,23.0,True,False,10,0,EXTENDED_PENDING_RESOURCE_GATE,COMPLETE_BASE_INSTANCE
C,2,24,comb,4,0.125,1,0.1,b68e42da6a9ef6eb9350b519d6e5b006d1fb8e2932d72f872f207cc4aa840fa9,cd1d2d894a0f671da4f4d945af902ada39c3bef067a401be7099e6f2a6dd0a93,24,2,17.600307636278437,24.0,16.26486711207687,23.0,True,False,10,0,EXTENDED_PENDING_RESOURCE_GATE,COMPLETE_BASE_INSTANCE
C,2,24,comb,4,0.125,1,0.5,7898f4424c941bf8f8dad8abd2c0726ff4ca1692e8b67764ae0a302f789b7c55,cd1d2d894a0f671da4f4d945af902ada39c3bef067a401be7099e6f2a6dd0a93,24,2,1.936647295951843,24.0,1.936647295951843,23.0,True,False,10,0,EXTENDED_PENDING_RESOURCE_GATE,COMPLETE_BASE_INSTANCE
C,2,24,comb,4,0.25,1,0.0001,386a77145c4ef1a84f5eb42c3251e034bdfcb2eae032cb1ce8c1881d914653de,cd1d2d894a0f671da4f4d945af902ada39c3bef067a401be7099e6f2a6dd0a93,24,2,23.99999287000077,24.0,0.02759998633800256,23.0,True,False,10,0,EXTENDED_PENDING_RESOURCE_GATE,COMPLETE_BASE_INSTANCE
C,2,24,comb,4,0.25,1,0.01,06437c08a145077fda464905916992eeb3c9196d34de1c48bcfa42be43c3a5af,cd1d2d894a0f671da4f4d945af902ada39c3bef067a401be7099e6f2a6dd0a93,24,2,23.92877705089293,24.0,2.7463635789086016,23.0,True,False,10,0,EXTENDED_PENDING_RESOURCE_GATE,COMPLETE_BASE_INSTANCE
C,2,24,comb,4,0.25,1,0.1,e7d96e4538ef51a8f4f57b5dab5760d7f37037bc75ae78f48998b66ed9961bc3,cd1d2d894a0f671da4f4d945af902ada39c3bef067a401be7099e6f2a6dd0a93,24,2,17.600307636278437,24.0,16.26486711207687,23.0,True,False,10,0,EXTENDED_PENDING_RESOURCE_GATE,COMPLETE_BASE_INSTANCE
C,2,24,comb,4,0.25,1,0.5,47fc54b682a94a98fdfd90038c0d59d21b880b09ca4bc3fd1c229435f5309143,cd1d2d894a0f671da4f4d945af902ada39c3bef067a401be7099e6f2a6dd0a93,24,2,1.936647295951843,24.0,1.936647295951843,23.0,True,False,10,0,EXTENDED_PENDING_RESOURCE_GATE,COMPLETE_BASE_INSTANCE
C,2,24,comb,4,0.5,2,0.0001,dfc9dbe0354f591ed1b5839d682fa12053614a58d5bbddb4d1549daad820dcd4,cd1d2d894a0f671da4f4d945af902ada39c3bef067a401be7099e6f2a6dd0a93,24,2,23.99999287000077,24.0,0.02759998633800256,23.0,True,False,10,0,EXTENDED_PENDING_RESOURCE_GATE,COMPLETE_BASE_INSTANCE
C,2,24,comb,4,0.5,2,0.01,9be5e5d27cb6dacdb302aef59a0e36762aaa89bdc8b02fa91a676a5fcb35a548,cd1d2d894a0f671da4f4d945af902ada39c3bef067a401be7099e6f2a6dd0a93,24,2,23.92877705089293,24.0,2.7463635789086016,23.0,True,False,10,0,EXTENDED_PENDING_RESOURCE_GATE,COMPLETE_BASE_INSTANCE
C,2,24,comb,4,0.5,2,0.1,26adc67e3051e5f06de249c8c139a552e3596a033796009024a08d7677cf8d98,cd1d2d894a0f671da4f4d945af902ada39c3bef067a401be7099e6f2a6dd0a93,24,2,17.600307636278437,24.0,16.26486711207687,23.0,True,False,10,0,EXTENDED_PENDING_RESOURCE_GATE,COMPLETE_BASE_INSTANCE
C,2,24,comb,4,0.5,2,0.5,7df6ce4658c8aecfc8dc958eb317cd6bc251b6ff3bb81002d51a78e97bd6d1c2,cd1d2d894a0f671da4f4d945af902ada39c3bef067a401be7099e6f2a6dd0a93,24,2,1.936647295951843,24.0,1.936647295951843,23.0,True,False,10,0,EXTENDED_PENDING_RESOURCE_GATE,COMPLETE_BASE_INSTANCE
C,2,24,comb,4,0.75,3,0.0001,0e782fdc840a0f4187bf4a4584a7c2799251343a810260b964a6f8064b03e4ef,cd1d2d894a0f671da4f4d945af902ada39c3bef067a401be7099e6f2a6dd0a93,24,2,23.99999287000077,24.0,0.02759998633800256,23.0,True,False,10,0,EXTENDED_PENDING_RESOURCE_GATE,COMPLETE_BASE_INSTANCE
C,2,24,comb,4,0.75,3,0.01,8fae0a96110f4b8fde8b60542f1d92ec6aebab77d13caee9943299ed9f16e35d,cd1d2d894a0f671da4f4d945af902ada39c3bef067a401be7099e6f2a6dd0a93,24,2,23.92877705089293,24.0,2.7463635789086016,23.0,True,False,10,0,EXTENDED_PENDING_RESOURCE_GATE,COMPLETE_BASE_INSTANCE
C,2,24,comb,4,0.75,3,0.1,5fabc75c92e49f0e36c61e9c8bd46715518a72d19682fa92c1f4a3eebd1d0c8d,cd1d2d894a0f671da4f4d945af902ada39c3bef067a401be7099e6f2a6dd0a93,24,2,17.600307636278437,24.0,16.26486711207687,23.0,True,False,10,0,EXTENDED_PENDING_RESOURCE_GATE,COMPLETE_BASE_INSTANCE
C,2,24,comb,4,0.75,3,0.5,c2aca1bec39c5303d740524fc52cd257dee3f745ebef7351b13823a2c1da241b,cd1d2d894a0f671da4f4d945af902ada39c3bef067a401be7099e6f2a6dd0a93,24,2,1.936647295951843,24.0,1.936647295951843,23.0,True,False,10,0,EXTENDED_PENDING_RESOURCE_GATE,COMPLETE_BASE_INSTANCE
C,2,24,comb,8,0.125,1,0.0001,f1fc6cf2fab4456ab4dc6fa0cec12d5208b1a9818334cf298c5c46ce5a6b218a,cd1d2d894a0f671da4f4d945af902ada39c3bef067a401be7099e6f2a6dd0a93,24,2,23.99999287000077,24.0,0.02759998633800256,23.0,True,False,10,0,EXTENDED_PENDING_RESOURCE_GATE,COMPLETE_BASE_INSTANCE
C,2,24,comb,8,0.125,1,0.01,6ecfe2b03caaaf285b16918c5bfc20f4f4c149d88bd4ff38ef64a35bea648de9,cd1d2d894a0f671da4f4d945af902ada39c3bef067a401be7099e6f2a6dd0a93,24,2,23.92877705089293,24.0,2.7463635789086016,23.0,True,False,10,0,EXTENDED_PENDING_RESOURCE_GATE,COMPLETE_BASE_INSTANCE
C,2,24,comb,8,0.125,1,0.1,b9e0a98cb76a2d2a454edb1a75ede5b788c5616485c68d1f8cdcc807d24dfa34,cd1d2d894a0f671da4f4d945af902ada39c3bef067a401be7099e6f2a6dd0a93,24,2,17.600307636278437,24.0,16.26486711207687,23.0,True,False,10,0,EXTENDED_PENDING_RESOURCE_GATE,COMPLETE_BASE_INSTANCE
C,2,24,comb,8,0.125,1,0.5,e9c477989f38510382b70932981317fc3690546fddd7338209476e372da365ba,cd1d2d894a0f671da4f4d945af902ada39c3bef067a401be7099e6f2a6dd0a93,24,2,1.936647295951843,24.0,1.936647295951843,23.0,True,False,10,0,EXTENDED_PENDING_RESOURCE_GATE,COMPLETE_BASE_INSTANCE
C,2,24,comb,8,0.25,2,0.0001,eea411a16ded885c2463c943552d87c4aedd821bdcede25c2c61a0b333676b8f,cd1d2d894a0f671da4f4d945af902ada39c3bef067a401be7099e6f2a6dd0a93,24,2,23.99999287000077,24.0,0.02759998633800256,23.0,True,False,10,0,EXTENDED_PENDING_RESOURCE_GATE,COMPLETE_BASE_INSTANCE
C,2,24,comb,8,0.25,2,0.01,98cf51fc76b3ab62f50c8d558d08a9afd651b8378f9cbe67ce379e28a1c1e347,cd1d2d894a0f671da4f4d945af902ada39c3bef067a401be7099e6f2a6dd0a93,24,2,23.92877705089293,24.0,2.7463635789086016,23.0,True,False,10,0,EXTENDED_PENDING_RESOURCE_GATE,COMPLETE_BASE_INSTANCE
C,2,24,comb,8,0.25,2,0.1,cc9d8e6be19a40ed0157070d57bf1235f0831230ccf23c05038b17fb02b7a3f3,cd1d2d894a0f671da4f4d945af902ada39c3bef067a401be7099e6f2a6dd0a93,24,2,17.600307636278437,24.0,16.26486711207687,23.0,True,False,10,0,EXTENDED_PENDING_RESOURCE_GATE,COMPLETE_BASE_INSTANCE
C,2,24,comb,8,0.25,2,0.5,8153165f8a28d67211ee9119939b9851643660954db57a4819460ebca77ee38e,cd1d2d894a0f671da4f4d945af902ada39c3bef067a401be7099e6f2a6dd0a93,24,2,1.936647295951843,24.0,1.936647295951843,23.0,True,False,10,0,EXTENDED_PENDING_RESOURCE_GATE,COMPLETE_BASE_INSTANCE
C,2,24,comb,8,0.5,4,0.0001,1afe25dd594fb6bd9c76cbe1748dffbb9b7525b5e71f9c5c6822ce95b404d16c,cd1d2d894a0f671da4f4d945af902ada39c3bef067a401be7099e6f2a6dd0a93,24,2,23.99999287000077,24.0,0.02759998633800256,23.0,True,False,10,0,EXTENDED_PENDING_RESOURCE_GATE,COMPLETE_BASE_INSTANCE
C,2,24,comb,8,0.5,4,0.01,d52370a144d16b91126b22f65e816efb758ef9e4218ceda0aeb10fb2f5201e41,cd1d2d894a0f671da4f4d945af902ada39c3bef067a401be7099e6f2a6dd0a93,24,2,23.92877705089293,24.0,2.7463635789086016,23.0,True,False,10,0,EXTENDED_PENDING_RESOURCE_GATE,COMPLETE_BASE_INSTANCE
C,2,24,comb,8,0.5,4,0.1,27d6159e50a6f851134753c8c9e93b35c67010e246b9148295a3ddadb11a76d3,cd1d2d894a0f671da4f4d945af902ada39c3bef067a401be7099e6f2a6dd0a93,24,2,17.600307636278437,24.0,16.26486711207687,23.0,True,False,10,0,EXTENDED_PENDING_RESOURCE_GATE,COMPLETE_BASE_INSTANCE
C,2,24,comb,8,0.5,4,0.5,8a8070a79900d3b31e9a603d6f02a4675afab65cb178983465447ed5d4bf449f,cd1d2d894a0f671da4f4d945af902ada39c3bef067a401be7099e6f2a6dd0a93,24,2,1.936647295951843,24.0,1.936647295951843,23.0,True,False,10,0,EXTENDED_PENDING_RESOURCE_GATE,COMPLETE_BASE_INSTANCE
C,2,24,comb,8,0.75,6,0.0001,8160385ab953da97ad1fa6e8805284f93f28c44ba69974513dbd24fd9f0d27eb,cd1d2d894a0f671da4f4d945af902ada39c3bef067a401be7099e6f2a6dd0a93,24,2,23.99999287000077,24.0,0.02759998633800256,23.0,True,False,10,0,EXTENDED_PENDING_RESOURCE_GATE,COMPLETE_BASE_INSTANCE
C,2,24,comb,8,0.75,6,0.01,05ce7f3ec4a7ee69073e92bd80157f8b9c9d32a3fd094222a0ef4343c9a2c5d2,cd1d2d894a0f671da4f4d945af902ada39c3bef067a401be7099e6f2a6dd0a93,24,2,23.92877705089293,24.0,2.7463635789086016,23.0,True,False,10,0,EXTENDED_PENDING_RESOURCE_GATE,COMPLETE_BASE_INSTANCE
C,2,24,comb,8,0.75,6,0.1,9259950b097136b91e06f92ca05250a9569d537157ce07685186c31e1eb12551,cd1d2d894a0f671da4f4d945af902ada39c3bef067a401be7099e6f2a6dd0a93,24,2,17.600307636278437,24.0,16.26486711207687,23.0,True,False,10,0,EXTENDED_PENDING_RESOURCE_GATE,COMPLETE_BASE_INSTANCE
C,2,24,comb,8,0.75,6,0.5,a23ef8440c15fa46329910bdb7441440a43be503b0b8ed6617369a267af0c77a,cd1d2d894a0f671da4f4d945af902ada39c3bef067a401be7099e6f2a6dd0a93,24,2,1.936647295951843,24.0,1.936647295951843,23.0,True,False,10,0,EXTENDED_PENDING_RESOURCE_GATE,COMPLETE_BASE_INSTANCE
C,2,24,comb,16,0.125,2,0.0001,b51ffaa7e0aec7d816f2af8056c48706f2efc60e34de1bcfc1655fa0999a8da9,cd1d2d894a0f671da4f4d945af902ada39c3bef067a401be7099e6f2a6dd0a93,24,2,23.99999287000077,24.0,0.02759998633800256,23.0,True,False,10,0,EXTENDED_PENDING_RESOURCE_GATE,COMPLETE_BASE_INSTANCE
C,2,24,comb,16,0.125,2,0.01,65b459e74e800bda63378edd44f2a8a2e80ab3bbf0da75b87adc3ff99544081b,cd1d2d894a0f671da4f4d945af902ada39c3bef067a401be7099e6f2a6dd0a93,24,2,23.92877705089293,24.0,2.7463635789086016,23.0,True,False,10,0,EXTENDED_PENDING_RESOURCE_GATE,COMPLETE_BASE_INSTANCE
C,2,24,comb,16,0.125,2,0.1,6bccca1ff59b68337251bb26dd188b4e4e40c25bce4bc20646ec681247de6d39,cd1d2d894a0f671da4f4d945af902ada39c3bef067a401be7099e6f2a6dd0a93,24,2,17.600307636278437,24.0,16.26486711207687,23.0,True,False,10,0,EXTENDED_PENDING_RESOURCE_GATE,COMPLETE_BASE_INSTANCE
C,2,24,comb,16,0.125,2,0.5,784a52bc4170e00e66af68fa71a76e8fd68457ec2416dfde75a21dbe139ecf3d,cd1d2d894a0f671da4f4d945af902ada39c3bef067a401be7099e6f2a6dd0a93,24,2,1.936647295951843,24.0,1.936647295951843,23.0,True,False,10,0,EXTENDED_PENDING_RESOURCE_GATE,COMPLETE_BASE_INSTANCE
C,2,24,comb,16,0.25,4,0.0001,bbdc883747076dfc5da884e7e3d2db3f39f98ca80a5c0cdea9d74c6d180d216a,cd1d2d894a0f671da4f4d945af902ada39c3bef067a401be7099e6f2a6dd0a93,24,2,23.99999287000077,24.0,0.02759998633800256,23.0,True,False,10,0,EXTENDED_PENDING_RESOURCE_GATE,COMPLETE_BASE_INSTANCE
C,2,24,comb,16,0.25,4,0.01,f2e0ac9c77f4b079d5437de01c70c310731fa974c781acfc48bf82d3fefb2045,cd1d2d894a0f671da4f4d945af902ada39c3bef067a401be7099e6f2a6dd0a93,24,2,23.92877705089293,24.0,2.7463635789086016,23.0,True,False,10,0,EXTENDED_PENDING_RESOURCE_GATE,COMPLETE_BASE_INSTANCE
C,2,24,comb,16,0.25,4,0.1,6ed59efb29d1c44fd038f2109334612818d5cf1554321c8d5fef586a10571e68,cd1d2d894a0f671da4f4d945af902ada39c3bef067a401be7099e6f2a6dd0a93,24,2,17.600307636278437,24.0,16.26486711207687,23.0,True,False,10,0,EXTENDED_PENDING_RESOURCE_GATE,COMPLETE_BASE_INSTANCE
C,2,24,comb,16,0.25,4,0.5,65a417d151709546640ca93ecc343fd44b41d6f5d58d3dfca7aa269c99efe628,cd1d2d894a0f671da4f4d945af902ada39c3bef067a401be7099e6f2a6dd0a93,24,2,1.936647295951843,24.0,1.936647295951843,23.0,True,False,10,0,EXTENDED_PENDING_RESOURCE_GATE,COMPLETE_BASE_INSTANCE
C,2,24,comb,16,0.5,8,0.0001,776a6e6bac8b1c9f4848d3d9f8122ac1985b372afdc2ff3874ed94ea93a6183e,cd1d2d894a0f671da4f4d945af902ada39c3bef067a401be7099e6f2a6dd0a93,24,2,23.99999287000077,24.0,0.02759998633800256,23.0,True,False,10,0,EXTENDED_PENDING_RESOURCE_GATE,COMPLETE_BASE_INSTANCE
C,2,24,comb,16,0.5,8,0.01,dff38f17fa07c4f4de0da4c930c20c9dcc79c3f1bdb6ddd72054bb24f56b2098,cd1d2d894a0f671da4f4d945af902ada39c3bef067a401be7099e6f2a6dd0a93,24,2,23.92877705089293,24.0,2.7463635789086016,23.0,True,False,10,0,EXTENDED_PENDING_RESOURCE_GATE,COMPLETE_BASE_INSTANCE
C,2,24,comb,16,0.5,8,0.1,f80b6df59b2e88d1b153d7768ee23ea1c25182dca299851ef3a03004169dcd12,cd1d2d894a0f671da4f4d945af902ada39c3bef067a401be7099e6f2a6dd0a93,24,2,17.600307636278437,24.0,16.26486711207687,23.0,True,False,10,0,EXTENDED_PENDING_RESOURCE_GATE,COMPLETE_BASE_INSTANCE
C,2,24,comb,16,0.5,8,0.5,11c8b813b9ba39019d4123ec8a54a2e7ab54fe9ba9dace5a8d6d2bde57c3e016,cd1d2d894a0f671da4f4d945af902ada39c3bef067a401be7099e6f2a6dd0a93,24,2,1.936647295951843,24.0,1.936647295951843,23.0,True,False,10,0,EXTENDED_PENDING_RESOURCE_GATE,COMPLETE_BASE_INSTANCE
C,2,24,comb,16,0.75,12,0.0001,f67f03282a68af2ae5aaed3f8ed16e8818d3de685d903e915b05c3c7ed0f3556,cd1d2d894a0f671da4f4d945af902ada39c3bef067a401be7099e6f2a6dd0a93,24,2,23.99999287000077,24.0,0.02759998633800256,23.0,True,False,10,0,EXTENDED_PENDING_RESOURCE_GATE,COMPLETE_BASE_INSTANCE
C,2,24,comb,16,0.75,12,0.01,569da12bf3542fc220e28303a311dbb03809dd57a2a63ed8e21389216d91294a,cd1d2d894a0f671da4f4d945af902ada39c3bef067a401be7099e6f2a6dd0a93,24,2,23.92877705089293,24.0,2.7463635789086016,23.0,True,False,10,0,EXTENDED_PENDING_RESOURCE_GATE,COMPLETE_BASE_INSTANCE
C,2,24,comb,16,0.75,12,0.1,4414888bbb091c7ff550ee66dfbde4250b57f22fbc7c30679c19bfe904706cb7,cd1d2d894a0f671da4f4d945af902ada39c3bef067a401be7099e6f2a6dd0a93,24,2,17.600307636278437,24.0,16.26486711207687,23.0,True,False,10,0,EXTENDED_PENDING_RESOURCE_GATE,COMPLETE_BASE_INSTANCE
C,2,24,comb,16,0.75,12,0.5,44a5fea60cbc843887b453ba11ae5fd005e6841c4b99499cfc42719484f17bed,cd1d2d894a0f671da4f4d945af902ada39c3bef067a401be7099e6f2a6dd0a93,24,2,1.936647295951843,24.0,1.936647295951843,23.0,True,False,10,0,EXTENDED_PENDING_RESOURCE_GATE,COMPLETE_BASE_INSTANCE
C,2,24,comb,32,0.125,4,0.0001,807942ef714ba4b5463121c157dc0afa86088ccb65a832df0f6aae35e327e2c2,cd1d2d894a0f671da4f4d945af902ada39c3bef067a401be7099e6f2a6dd0a93,24,2,23.99999287000077,24.0,0.02759998633800256,23.0,True,False,10,0,EXTENDED_PENDING_RESOURCE_GATE,COMPLETE_BASE_INSTANCE
C,2,24,comb,32,0.125,4,0.01,680fc3ae24b9af063d2f4b7bc96e6411680adc021ed53d54469eb0372fc2a4bd,cd1d2d894a0f671da4f4d945af902ada39c3bef067a401be7099e6f2a6dd0a93,24,2,23.92877705089293,24.0,2.7463635789086016,23.0,True,False,10,0,EXTENDED_PENDING_RESOURCE_GATE,COMPLETE_BASE_INSTANCE
C,2,24,comb,32,0.125,4,0.1,ad9a75c8e47e7a95e2173e171de27d6216c72ab2a560edbab98b7bdc561f97b8,cd1d2d894a0f671da4f4d945af902ada39c3bef067a401be7099e6f2a6dd0a93,24,2,17.600307636278437,24.0,16.26486711207687,23.0,True,False,10,0,EXTENDED_PENDING_RESOURCE_GATE,COMPLETE_BASE_INSTANCE
C,2,24,comb,32,0.125,4,0.5,c43b18719677f959afdeb29846f0cd67675c2a94a1a01f17095a454542d37e41,cd1d2d894a0f671da4f4d945af902ada39c3bef067a401be7099e6f2a6dd0a93,24,2,1.936647295951843,24.0,1.936647295951843,23.0,True,False,10,0,EXTENDED_PENDING_RESOURCE_GATE,COMPLETE_BASE_INSTANCE
C,2,24,comb,32,0.25,8,0.0001,e040b528d3c9de2f0b6f1bfa78d335fb982da5f8109fef65ae9174427ad7c591,cd1d2d894a0f671da4f4d945af902ada39c3bef067a401be7099e6f2a6dd0a93,24,2,23.99999287000077,24.0,0.02759998633800256,23.0,True,False,10,0,EXTENDED_PENDING_RESOURCE_GATE,COMPLETE_BASE_INSTANCE
C,2,24,comb,32,0.25,8,0.01,b0860515d302e06490d3ef7c9282b9e6878c4267a64df656d5e0d4c5a2ecaae9,cd1d2d894a0f671da4f4d945af902ada39c3bef067a401be7099e6f2a6dd0a93,24,2,23.92877705089293,24.0,2.7463635789086016,23.0,True,False,10,0,EXTENDED_PENDING_RESOURCE_GATE,COMPLETE_BASE_INSTANCE
C,2,24,comb,32,0.25,8,0.1,5beeb466cf59ada2aafae0151e718ae883757e52eef30d78c0a04b0c1db1fa21,cd1d2d894a0f671da4f4d945af902ada39c3bef067a401be7099e6f2a6dd0a93,24,2,17.600307636278437,24.0,16.26486711207687,23.0,True,False,10,0,EXTENDED_PENDING_RESOURCE_GATE,COMPLETE_BASE_INSTANCE
C,2,24,comb,32,0.25,8,0.5,f20001e2197f8f2fc8af85cf259ae8af166fa41a1a4692210344c959560887d8,cd1d2d894a0f671da4f4d945af902ada39c3bef067a401be7099e6f2a6dd0a93,24,2,1.936647295951843,24.0,1.936647295951843,23.0,True,False,10,0,EXTENDED_PENDING_RESOURCE_GATE,COMPLETE_BASE_INSTANCE
C,2,24,comb,32,0.5,16,0.0001,e3d7e6936d0cd323ad3ddccfc92928e9f6e398e83eec2883b134335cf34ee52f,cd1d2d894a0f671da4f4d945af902ada39c3bef067a401be7099e6f2a6dd0a93,24,2,23.99999287000077,24.0,0.02759998633800256,23.0,True,False,10,0,EXTENDED_PENDING_RESOURCE_GATE,COMPLETE_BASE_INSTANCE
C,2,24,comb,32,0.5,16,0.01,ff7831ee8defe122b5450d4450d2af42700c0449dfee3d66e0eeab7e501dc827,cd1d2d894a0f671da4f4d945af902ada39c3bef067a401be7099e6f2a6dd0a93,24,2,23.92877705089293,24.0,2.7463635789086016,23.0,True,False,10,0,EXTENDED_PENDING_RESOURCE_GATE,COMPLETE_BASE_INSTANCE
C,2,24,comb,32,0.5,16,0.1,8d2518fa6e8fcfe96c5cb0fbf5fa4aa1118e4064875179774fd4a658e84c473e,cd1d2d894a0f671da4f4d945af902ada39c3bef067a401be7099e6f2a6dd0a93,24,2,17.600307636278437,24.0,16.26486711207687,23.0,True,False,10,0,EXTENDED_PENDING_RESOURCE_GATE,COMPLETE_BASE_INSTANCE
C,2,24,comb,32,0.5,16,0.5,52ff3a3f7f3054909f2d853fa2d3e9bb79fc1b105d2bc68c30f2133290bc386f,cd1d2d894a0f671da4f4d945af902ada39c3bef067a401be7099e6f2a6dd0a93,24,2,1.936647295951843,24.0,1.936647295951843,23.0,True,False,10,0,EXTENDED_PENDING_RESOURCE_GATE,COMPLETE_BASE_INSTANCE
C,2,24,comb,32,0.75,24,0.0001,763a9587013e05b32ee19de712c71ff84ff4f560bf441b1242408758e8ef4a60,cd1d2d894a0f671da4f4d945af902ada39c3bef067a401be7099e6f2a6dd0a93,24,2,23.99999287000077,24.0,0.02759998633800256,23.0,True,False,10,0,EXTENDED_PENDING_RESOURCE_GATE,COMPLETE_BASE_INSTANCE
C,2,24,comb,32,0.75,24,0.01,8fd09fc23421467b9517c63902341fe5306a364eda7d283613c8ce8cb7897d78,cd1d2d894a0f671da4f4d945af902ada39c3bef067a401be7099e6f2a6dd0a93,24,2,23.92877705089293,24.0,2.7463635789086016,23.0,True,False,10,0,EXTENDED_PENDING_RESOURCE_GATE,COMPLETE_BASE_INSTANCE
C,2,24,comb,32,0.75,24,0.1,653441e8a85fa2b0bf54dc0a22f30fce8e1e31f24e6ff62456f38338b0e7d2b4,cd1d2d894a0f671da4f4d945af902ada39c3bef067a401be7099e6f2a6dd0a93,24,2,17.600307636278437,24.0,16.26486711207687,23.0,True,False,10,0,EXTENDED_PENDING_RESOURCE_GATE,COMPLETE_BASE_INSTANCE
C,2,24,comb,32,0.75,24,0.5,63ba89939fb0f1e34e131c60590c6434a1ad7b9102406d828c46c3e66a439073,cd1d2d894a0f671da4f4d945af902ada39c3bef067a401be7099e6f2a6dd0a93,24,2,1.936647295951843,24.0,1.936647295951843,23.0,True,False,10,0,EXTENDED_PENDING_RESOURCE_GATE,COMPLETE_BASE_INSTANCE
C,2,24,comb,64,0.125,8,0.0001,026793e6208e19b9532ca3f7615156cccece3b5e3431ac08a34f1349c4bcd561,cd1d2d894a0f671da4f4d945af902ada39c3bef067a401be7099e6f2a6dd0a93,24,2,23.99999287000077,24.0,0.02759998633800256,23.0,True,False,10,0,EXTENDED_PENDING_RESOURCE_GATE,COMPLETE_BASE_INSTANCE
C,2,24,comb,64,0.125,8,0.01,d5320255a80975c2088e6eb99a2c6a45e9624d9ce7ccad0771833d202deb69df,cd1d2d894a0f671da4f4d945af902ada39c3bef067a401be7099e6f2a6dd0a93,24,2,23.92877705089293,24.0,2.7463635789086016,23.0,True,False,10,0,EXTENDED_PENDING_RESOURCE_GATE,COMPLETE_BASE_INSTANCE
C,2,24,comb,64,0.125,8,0.1,42fa218a295fca24e5429ad0abef6b2993160965b7a6804c2f8b659947d8ecd8,cd1d2d894a0f671da4f4d945af902ada39c3bef067a401be7099e6f2a6dd0a93,24,2,17.600307636278437,24.0,16.26486711207687,23.0,True,False,10,0,EXTENDED_PENDING_RESOURCE_GATE,COMPLETE_BASE_INSTANCE
C,2,24,comb,64,0.125,8,0.5,6ba3a5e2dfab3b28610d4da3dc1a611ae70d966d032a8dc998534bbd9c0ffcc3,cd1d2d894a0f671da4f4d945af902ada39c3bef067a401be7099e6f2a6dd0a93,24,2,1.936647295951843,24.0,1.936647295951843,23.0,True,False,10,0,EXTENDED_PENDING_RESOURCE_GATE,COMPLETE_BASE_INSTANCE
C,2,24,comb,64,0.25,16,0.0001,31a22577c218866d37f8b125c374f0e1e53fee008ca68908bbfa18f8162e5a54,cd1d2d894a0f671da4f4d945af902ada39c3bef067a401be7099e6f2a6dd0a93,24,2,23.99999287000077,24.0,0.02759998633800256,23.0,True,False,10,0,EXTENDED_PENDING_RESOURCE_GATE,COMPLETE_BASE_INSTANCE
C,2,24,comb,64,0.25,16,0.01,dfd50ab12f8a4f36a07d11cfaa972a3931ba8e00a67274cd30036ad1797bcff5,cd1d2d894a0f671da4f4d945af902ada39c3bef067a401be7099e6f2a6dd0a93,24,2,23.92877705089293,24.0,2.7463635789086016,23.0,True,False,10,0,EXTENDED_PENDING_RESOURCE_GATE,COMPLETE_BASE_INSTANCE
C,2,24,comb,64,0.25,16,0.1,06f40dc32644731f03f757dcc97459baab9858cd9cc9d4f2f0c9048e2ec0b29f,cd1d2d894a0f671da4f4d945af902ada39c3bef067a401be7099e6f2a6dd0a93,24,2,17.600307636278437,24.0,16.26486711207687,23.0,True,False,10,0,EXTENDED_PENDING_RESOURCE_GATE,COMPLETE_BASE_INSTANCE
C,2,24,comb,64,0.25,16,0.5,b5a3a2ef464d3b9f3eb9847479585af24fa52014fb55fa2c2473052718db260b,cd1d2d894a0f671da4f4d945af902ada39c3bef067a401be7099e6f2a6dd0a93,24,2,1.936647295951843,24.0,1.936647295951843,23.0,True,False,10,0,EXTENDED_PENDING_RESOURCE_GATE,COMPLETE_BASE_INSTANCE
C,2,24,comb,64,0.5,32,0.0001,f5414d428308bd2d4eca2d5842ccd92fc4d87fd301127d1fb457091016a4867d,cd1d2d894a0f671da4f4d945af902ada39c3bef067a401be7099e6f2a6dd0a93,24,2,23.99999287000077,24.0,0.02759998633800256,23.0,True,False,10,0,EXTENDED_PENDING_RESOURCE_GATE,COMPLETE_BASE_INSTANCE
C,2,24,comb,64,0.5,32,0.01,2f81d5a5a625e11796bd81c4716eb474bd8eb49f198bd39ced15c7825cae3689,cd1d2d894a0f671da4f4d945af902ada39c3bef067a401be7099e6f2a6dd0a93,24,2,23.92877705089293,24.0,2.7463635789086016,23.0,True,False,10,0,EXTENDED_PENDING_RESOURCE_GATE,COMPLETE_BASE_INSTANCE
C,2,24,comb,64,0.5,32,0.1,639d9aad00862da9e5710948f11542f52528c366d96e548a8f79b838e3f05394,cd1d2d894a0f671da4f4d945af902ada39c3bef067a401be7099e6f2a6dd0a93,24,2,17.600307636278437,24.0,16.26486711207687,23.0,True,False,10,0,EXTENDED_PENDING_RESOURCE_GATE,COMPLETE_BASE_INSTANCE
C,2,24,comb,64,0.5,32,0.5,723dca7b7841320245cccdeee764d18ed02291bfc3471756061385e0dd065e03,cd1d2d894a0f671da4f4d945af902ada39c3bef067a401be7099e6f2a6dd0a93,24,2,1.936647295951843,24.0,1.936647295951843,23.0,True,False,10,0,EXTENDED_PENDING_RESOURCE_GATE,COMPLETE_BASE_INSTANCE
C,2,24,comb,64,0.75,48,0.0001,1a3deca1be9aecbc76dde30dec116fdc96b7eadc1776e8face89e84241ef67c3,cd1d2d894a0f671da4f4d945af902ada39c3bef067a401be7099e6f2a6dd0a93,24,2,23.99999287000077,24.0,0.02759998633800256,23.0,True,False,10,0,EXTENDED_PENDING_RESOURCE_GATE,COMPLETE_BASE_INSTANCE
C,2,24,comb,64,0.75,48,0.01,8fdb1750cf7a9edeb18fe9ca9d1ae8ed4daf6812d69b34f39432f1780a13ffec,cd1d2d894a0f671da4f4d945af902ada39c3bef067a401be7099e6f2a6dd0a93,24,2,23.92877705089293,24.0,2.7463635789086016,23.0,True,False,10,0,EXTENDED_PENDING_RESOURCE_GATE,COMPLETE_BASE_INSTANCE
C,2,24,comb,64,0.75,48,0.1,903be23857e5911316be973f5f602c7feaece1dbce70a2d1e75d35dbf421cde5,cd1d2d894a0f671da4f4d945af902ada39c3bef067a401be7099e6f2a6dd0a93,24,2,17.600307636278437,24.0,16.26486711207687,23.0,True,False,10,0,EXTENDED_PENDING_RESOURCE_GATE,COMPLETE_BASE_INSTANCE
C,2,24,comb,64,0.75,48,0.5,3e1c3433351baa76a73c07e9e99bb12b3bb39153b10fa20e38205e3f89ee7884,cd1d2d894a0f671da4f4d945af902ada39c3bef067a401be7099e6f2a6dd0a93,24,2,1.936647295951843,24.0,1.936647295951843,23.0,True,False,10,0,EXTENDED_PENDING_RESOURCE_GATE,COMPLETE_BASE_INSTANCE
C,2,24,balanced,2,0.125,1,0.0001,838c6a3f62044610f5dc048ff54b0f7157cabeb3d5a0804e4b7a5c4c66f963f9,dc490a148eda5e0abc575f53650c182dcf88ccd6b8f974f3afbdf43e1252ddaf,5,5,4.999999201000057,24.0,0.0025999994490000546,23.0,True,False,10,0,EXTENDED_PENDING_RESOURCE_GATE,COMPLETE_BASE_INSTANCE
C,2,24,balanced,2,0.125,1,0.01,97da5d50baa8aa0061c8652aed59471d69bd7d924fdac70c12e5612a53217aab,dc490a148eda5e0abc575f53650c182dcf88ccd6b8f974f3afbdf43e1252ddaf,5,5,4.9920157964911205,24.0,0.25944954766924283,23.0,True,False,10,0,EXTENDED_PENDING_RESOURCE_GATE,COMPLETE_BASE_INSTANCE
C,2,24,balanced,2,0.125,1,0.1,90ec07d48b2ce32556db32f3a98afbc72863d5d9be5eddf7abc88a1ae00a9682,dc490a148eda5e0abc575f53650c182dcf88ccd6b8f974f3afbdf43e1252ddaf,5,5,4.25656211583802,24.0,2.1006203793743046,23.0,True,False,10,0,EXTENDED_PENDING_RESOURCE_GATE,COMPLETE_BASE_INSTANCE
C,2,24,balanced,2,0.125,1,0.5,285e8868d17966f7bf0ab1e3a31fb78ce443293ad98426a2ec8422213ae94a0d,dc490a148eda5e0abc575f53650c182dcf88ccd6b8f974f3afbdf43e1252ddaf,5,5,0.06335270404815672,24.0,0.06335270404815672,23.0,True,False,10,0,EXTENDED_PENDING_RESOURCE_GATE,COMPLETE_BASE_INSTANCE
C,2,24,balanced,2,0.25,1,0.0001,d22d133b13e5d14ac170a5023715abd58970b4e7a53f9568b11599aaaf454d75,dc490a148eda5e0abc575f53650c182dcf88ccd6b8f974f3afbdf43e1252ddaf,5,5,4.999999201000057,24.0,0.0025999994490000546,23.0,True,False,10,0,EXTENDED_PENDING_RESOURCE_GATE,COMPLETE_BASE_INSTANCE
C,2,24,balanced,2,0.25,1,0.01,b1b4e7ca6544194d809c71fb24d34d9a2afc106ce3dda1d52e7ccff4013c0a76,dc490a148eda5e0abc575f53650c182dcf88ccd6b8f974f3afbdf43e1252ddaf,5,5,4.9920157964911205,24.0,0.25944954766924283,23.0,True,False,10,0,EXTENDED_PENDING_RESOURCE_GATE,COMPLETE_BASE_INSTANCE
C,2,24,balanced,2,0.25,1,0.1,eaefd5df1ce0ccb85db3ea169f1abd2b820d9604ce82ce4240509ef12d9eb9c7,dc490a148eda5e0abc575f53650c182dcf88ccd6b8f974f3afbdf43e1252ddaf,5,5,4.25656211583802,24.0,2.1006203793743046,23.0,True,False,10,0,EXTENDED_PENDING_RESOURCE_GATE,COMPLETE_BASE_INSTANCE
C,2,24,balanced,2,0.25,1,0.5,c4ff1e9c723d6cbd4174a5c660df66a36fbb40731262b3e7bf81cf139eaed105,dc490a148eda5e0abc575f53650c182dcf88ccd6b8f974f3afbdf43e1252ddaf,5,5,0.06335270404815672,24.0,0.06335270404815672,23.0,True,False,10,0,EXTENDED_PENDING_RESOURCE_GATE,COMPLETE_BASE_INSTANCE
C,2,24,balanced,2,0.5,1,0.0001,42aa31a0e5ff7bf05816135908d3b19536f50c35678f50ead1e3cce462e0951c,dc490a148eda5e0abc575f53650c182dcf88ccd6b8f974f3afbdf43e1252ddaf,5,5,4.999999201000057,24.0,0.0025999994490000546,23.0,True,False,10,0,EXTENDED_PENDING_RESOURCE_GATE,COMPLETE_BASE_INSTANCE
C,2,24,balanced,2,0.5,1,0.01,31017547c50482b5f0bcb2a49c2057788869bb1366e27cf08f5da38160608822,dc490a148eda5e0abc575f53650c182dcf88ccd6b8f974f3afbdf43e1252ddaf,5,5,4.9920157964911205,24.0,0.25944954766924283,23.0,True,False,10,0,EXTENDED_PENDING_RESOURCE_GATE,COMPLETE_BASE_INSTANCE
C,2,24,balanced,2,0.5,1,0.1,d99dec9e4e024a087fa1bcebf0cd1c19405c4b5c62952d84afe87e6e1d776891,dc490a148eda5e0abc575f53650c182dcf88ccd6b8f974f3afbdf43e1252ddaf,5,5,4.25656211583802,24.0,2.1006203793743046,23.0,True,False,10,0,EXTENDED_PENDING_RESOURCE_GATE,COMPLETE_BASE_INSTANCE
C,2,24,balanced,2,0.5,1,0.5,d502164f92390ea208d205d4d9eb02c9e9f61898dbf572597394b4c7125c04ea,dc490a148eda5e0abc575f53650c182dcf88ccd6b8f974f3afbdf43e1252ddaf,5,5,0.06335270404815672,24.0,0.06335270404815672,23.0,True,False,10,0,EXTENDED_PENDING_RESOURCE_GATE,COMPLETE_BASE_INSTANCE
C,2,24,balanced,2,0.75,1,0.0001,831376ef171d3574d083c2fed488f6f6eac350eea1721c15e4fff849881fe8fa,dc490a148eda5e0abc575f53650c182dcf88ccd6b8f974f3afbdf43e1252ddaf,5,5,4.999999201000057,24.0,0.0025999994490000546,23.0,True,False,10,0,EXTENDED_PENDING_RESOURCE_GATE,COMPLETE_BASE_INSTANCE
C,2,24,balanced,2,0.75,1,0.01,3a491c4fd50673775b8b630114bdcb44395fe1009e46ac75bfba414588c68977,dc490a148eda5e0abc575f53650c182dcf88ccd6b8f974f3afbdf43e1252ddaf,5,5,4.9920157964911205,24.0,0.25944954766924283,23.0,True,False,10,0,EXTENDED_PENDING_RESOURCE_GATE,COMPLETE_BASE_INSTANCE
C,2,24,balanced,2,0.75,1,0.1,0d0f65bb66ed392d07fab90ea68855d1ea019288f988b111a50273605fd086e1,dc490a148eda5e0abc575f53650c182dcf88ccd6b8f974f3afbdf43e1252ddaf,5,5,4.25656211583802,24.0,2.1006203793743046,23.0,True,False,10,0,EXTENDED_PENDING_RESOURCE_GATE,COMPLETE_BASE_INSTANCE
C,2,24,balanced,2,0.75,1,0.5,00057acc5a21435dc025529ceb466b4150f8715f83113ac93168aa1a49209d0e,dc490a148eda5e0abc575f53650c182dcf88ccd6b8f974f3afbdf43e1252ddaf,5,5,0.06335270404815672,24.0,0.06335270404815672,23.0,True,False,10,0,EXTENDED_PENDING_RESOURCE_GATE,COMPLETE_BASE_INSTANCE
C,2,24,balanced,4,0.125,1,0.0001,ee94521d4ebaa607ae5c09ea7976ae0417e3648a8f76adba9323e36e74aa3478,dc490a148eda5e0abc575f53650c182dcf88ccd6b8f974f3afbdf43e1252ddaf,5,5,4.999999201000057,24.0,0.0025999994490000546,23.0,True,False,10,0,EXTENDED_PENDING_RESOURCE_GATE,COMPLETE_BASE_INSTANCE
C,2,24,balanced,4,0.125,1,0.01,7d8160c2315e1c9596298603fd2189d69241d201537381c346c4bbbef0d30d6d,dc490a148eda5e0abc575f53650c182dcf88ccd6b8f974f3afbdf43e1252ddaf,5,5,4.9920157964911205,24.0,0.25944954766924283,23.0,True,False,10,0,EXTENDED_PENDING_RESOURCE_GATE,COMPLETE_BASE_INSTANCE
C,2,24,balanced,4,0.125,1,0.1,151d43e2b170cc09479e4ace5e76391f8ffbb04e37ce0b39b099ca4fe0c92e50,dc490a148eda5e0abc575f53650c182dcf88ccd6b8f974f3afbdf43e1252ddaf,5,5,4.25656211583802,24.0,2.1006203793743046,23.0,True,False,10,0,EXTENDED_PENDING_RESOURCE_GATE,COMPLETE_BASE_INSTANCE
C,2,24,balanced,4,0.125,1,0.5,d0e2219bd1f9fba4458fc4c4b460a1f67e6509e181f7ecc615d6def5b9096351,dc490a148eda5e0abc575f53650c182dcf88ccd6b8f974f3afbdf43e1252ddaf,5,5,0.06335270404815672,24.0,0.06335270404815672,23.0,True,False,10,0,EXTENDED_PENDING_RESOURCE_GATE,COMPLETE_BASE_INSTANCE
C,2,24,balanced,4,0.25,1,0.0001,1f473516fab232f419363cbc8843098509ad3527a30d27869c8f110f53695936,dc490a148eda5e0abc575f53650c182dcf88ccd6b8f974f3afbdf43e1252ddaf,5,5,4.999999201000057,24.0,0.0025999994490000546,23.0,True,False,10,0,EXTENDED_PENDING_RESOURCE_GATE,COMPLETE_BASE_INSTANCE
C,2,24,balanced,4,0.25,1,0.01,ebfcf83b5ce29feb8913ab957de8c9620942f25de02219a918cac1627e2d2994,dc490a148eda5e0abc575f53650c182dcf88ccd6b8f974f3afbdf43e1252ddaf,5,5,4.9920157964911205,24.0,0.25944954766924283,23.0,True,False,10,0,EXTENDED_PENDING_RESOURCE_GATE,COMPLETE_BASE_INSTANCE
C,2,24,balanced,4,0.25,1,0.1,142fbf65696bdf1c2668a4281aa7ca996c07375c44006ded2ae1324652b15da8,dc490a148eda5e0abc575f53650c182dcf88ccd6b8f974f3afbdf43e1252ddaf,5,5,4.25656211583802,24.0,2.1006203793743046,23.0,True,False,10,0,EXTENDED_PENDING_RESOURCE_GATE,COMPLETE_BASE_INSTANCE
C,2,24,balanced,4,0.25,1,0.5,ce95fc13322ccef50cb7c91dd16b2e0b8d97939e225cf87a7ceeb52175ac77a4,dc490a148eda5e0abc575f53650c182dcf88ccd6b8f974f3afbdf43e1252ddaf,5,5,0.06335270404815672,24.0,0.06335270404815672,23.0,True,False,10,0,EXTENDED_PENDING_RESOURCE_GATE,COMPLETE_BASE_INSTANCE
C,2,24,balanced,4,0.5,2,0.0001,5e982bb4580afa27feec2eb0aeab248a6cf2eccd310aaff31bd34d15fe220805,dc490a148eda5e0abc575f53650c182dcf88ccd6b8f974f3afbdf43e1252ddaf,5,5,4.999999201000057,24.0,0.0025999994490000546,23.0,True,False,10,0,EXTENDED_PENDING_RESOURCE_GATE,COMPLETE_BASE_INSTANCE
C,2,24,balanced,4,0.5,2,0.01,ab67aee760c83f68528c090a7549ae91e8ef3eb4ad48c824a30deff50c2b06d0,dc490a148eda5e0abc575f53650c182dcf88ccd6b8f974f3afbdf43e1252ddaf,5,5,4.9920157964911205,24.0,0.25944954766924283,23.0,True,False,10,0,EXTENDED_PENDING_RESOURCE_GATE,COMPLETE_BASE_INSTANCE
C,2,24,balanced,4,0.5,2,0.1,9c2b8167c187d158c1d65985966ba8a4d62292939a51c419869266d1ed077b49,dc490a148eda5e0abc575f53650c182dcf88ccd6b8f974f3afbdf43e1252ddaf,5,5,4.25656211583802,24.0,2.1006203793743046,23.0,True,False,10,0,EXTENDED_PENDING_RESOURCE_GATE,COMPLETE_BASE_INSTANCE
C,2,24,balanced,4,0.5,2,0.5,39fab854110ef22fe6897326a612e4e47c4ec447bc61060cd65045a8e313850a,dc490a148eda5e0abc575f53650c182dcf88ccd6b8f974f3afbdf43e1252ddaf,5,5,0.06335270404815672,24.0,0.06335270404815672,23.0,True,False,10,0,EXTENDED_PENDING_RESOURCE_GATE,COMPLETE_BASE_INSTANCE
C,2,24,balanced,4,0.75,3,0.0001,45a0adea6be791a5554d429ae84d1b75a436fc7f12259001840aae301a81420d,dc490a148eda5e0abc575f53650c182dcf88ccd6b8f974f3afbdf43e1252ddaf,5,5,4.999999201000057,24.0,0.0025999994490000546,23.0,True,False,10,0,EXTENDED_PENDING_RESOURCE_GATE,COMPLETE_BASE_INSTANCE
C,2,24,balanced,4,0.75,3,0.01,c0d2660558731a6adf92f89a3146ce8477227d0bf2ab2207c43fd3e26f941c76,dc490a148eda5e0abc575f53650c182dcf88ccd6b8f974f3afbdf43e1252ddaf,5,5,4.9920157964911205,24.0,0.25944954766924283,23.0,True,False,10,0,EXTENDED_PENDING_RESOURCE_GATE,COMPLETE_BASE_INSTANCE
C,2,24,balanced,4,0.75,3,0.1,23b67624f7b320b0769e7f313f533b7604d8755bc8b4bbcd62880dd3d8e1f538,dc490a148eda5e0abc575f53650c182dcf88ccd6b8f974f3afbdf43e1252ddaf,5,5,4.25656211583802,24.0,2.1006203793743046,23.0,True,False,10,0,EXTENDED_PENDING_RESOURCE_GATE,COMPLETE_BASE_INSTANCE
C,2,24,balanced,4,0.75,3,0.5,9ea8fd8ab83d42d2d7a80c9add7e71725c3f7f54eca080f7b1f789622999d27f,dc490a148eda5e0abc575f53650c182dcf88ccd6b8f974f3afbdf43e1252ddaf,5,5,0.06335270404815672,24.0,0.06335270404815672,23.0,True,False,10,0,EXTENDED_PENDING_RESOURCE_GATE,COMPLETE_BASE_INSTANCE
C,2,24,balanced,8,0.125,1,0.0001,5b069c1bf5411648623368ca49cd0db660b130dc358a411aa88996ec0cb06099,dc490a148eda5e0abc575f53650c182dcf88ccd6b8f974f3afbdf43e1252ddaf,5,5,4.999999201000057,24.0,0.0025999994490000546,23.0,True,False,10,0,EXTENDED_PENDING_RESOURCE_GATE,COMPLETE_BASE_INSTANCE
C,2,24,balanced,8,0.125,1,0.01,16edc819bd9bfc962df863595e855348e1719f5ff74e300a9488e5d7019d9ba3,dc490a148eda5e0abc575f53650c182dcf88ccd6b8f974f3afbdf43e1252ddaf,5,5,4.9920157964911205,24.0,0.25944954766924283,23.0,True,False,10,0,EXTENDED_PENDING_RESOURCE_GATE,COMPLETE_BASE_INSTANCE
C,2,24,balanced,8,0.125,1,0.1,51b8de462a2704d761eddfe4aa12170c68c41c1e4a737c8dc62d34de9926b261,dc490a148eda5e0abc575f53650c182dcf88ccd6b8f974f3afbdf43e1252ddaf,5,5,4.25656211583802,24.0,2.1006203793743046,23.0,True,False,10,0,EXTENDED_PENDING_RESOURCE_GATE,COMPLETE_BASE_INSTANCE
C,2,24,balanced,8,0.125,1,0.5,87f866796821404fe8d43096c14f4cab9deaa4ce075d6cdbb9f581f09d80a733,dc490a148eda5e0abc575f53650c182dcf88ccd6b8f974f3afbdf43e1252ddaf,5,5,0.06335270404815672,24.0,0.06335270404815672,23.0,True,False,10,0,EXTENDED_PENDING_RESOURCE_GATE,COMPLETE_BASE_INSTANCE
C,2,24,balanced,8,0.25,2,0.0001,07a15398d9ce262800bba328fd9f4bfde807f54eb447908f478a87a1590bfb34,dc490a148eda5e0abc575f53650c182dcf88ccd6b8f974f3afbdf43e1252ddaf,5,5,4.999999201000057,24.0,0.0025999994490000546,23.0,True,False,10,0,EXTENDED_PENDING_RESOURCE_GATE,COMPLETE_BASE_INSTANCE
C,2,24,balanced,8,0.25,2,0.01,fcfa9d92b7987805098ded4fb0f3c5076be6af6c897b98c20a73d29d2d6a1aa3,dc490a148eda5e0abc575f53650c182dcf88ccd6b8f974f3afbdf43e1252ddaf,5,5,4.9920157964911205,24.0,0.25944954766924283,23.0,True,False,10,0,EXTENDED_PENDING_RESOURCE_GATE,COMPLETE_BASE_INSTANCE
C,2,24,balanced,8,0.25,2,0.1,82e558023ebc8b23cca5e0f4be570e487dedae9cdd2239ca8c99c0cb2a79c597,dc490a148eda5e0abc575f53650c182dcf88ccd6b8f974f3afbdf43e1252ddaf,5,5,4.25656211583802,24.0,2.1006203793743046,23.0,True,False,10,0,EXTENDED_PENDING_RESOURCE_GATE,COMPLETE_BASE_INSTANCE
C,2,24,balanced,8,0.25,2,0.5,82026345ebcbdf1af9c33f9c563f47fa2bd124036d3410ec5d6b3e2e8d9cd72b,dc490a148eda5e0abc575f53650c182dcf88ccd6b8f974f3afbdf43e1252ddaf,5,5,0.06335270404815672,24.0,0.06335270404815672,23.0,True,False,10,0,EXTENDED_PENDING_RESOURCE_GATE,COMPLETE_BASE_INSTANCE
C,2,24,balanced,8,0.5,4,0.0001,cc18db7f9666b59363dfa81f35e4c9ca30d10a70b071fbdaa203941222537e81,dc490a148eda5e0abc575f53650c182dcf88ccd6b8f974f3afbdf43e1252ddaf,5,5,4.999999201000057,24.0,0.0025999994490000546,23.0,True,False,10,0,EXTENDED_PENDING_RESOURCE_GATE,COMPLETE_BASE_INSTANCE
C,2,24,balanced,8,0.5,4,0.01,da28197fe18806c2a5de9396d6527db40d586b00e3190bb7fa7788a8f8e66784,dc490a148eda5e0abc575f53650c182dcf88ccd6b8f974f3afbdf43e1252ddaf,5,5,4.9920157964911205,24.0,0.25944954766924283,23.0,True,False,10,0,EXTENDED_PENDING_RESOURCE_GATE,COMPLETE_BASE_INSTANCE
C,2,24,balanced,8,0.5,4,0.1,486e57bd3fbc9a0e82cb46d26a3cd78e534965156a9a03bb01465089c5bec7d2,dc490a148eda5e0abc575f53650c182dcf88ccd6b8f974f3afbdf43e1252ddaf,5,5,4.25656211583802,24.0,2.1006203793743046,23.0,True,False,10,0,EXTENDED_PENDING_RESOURCE_GATE,COMPLETE_BASE_INSTANCE
C,2,24,balanced,8,0.5,4,0.5,ea1a4f5cfbc36c5a778594fdebf121910b636ff4fa5351c3ed4e9b7006299793,dc490a148eda5e0abc575f53650c182dcf88ccd6b8f974f3afbdf43e1252ddaf,5,5,0.06335270404815672,24.0,0.06335270404815672,23.0,True,False,10,0,EXTENDED_PENDING_RESOURCE_GATE,COMPLETE_BASE_INSTANCE
C,2,24,balanced,8,0.75,6,0.0001,72ad8e6f0c058da03306016dbe720e3c58aed3e27be26e3ab641baa046cbad20,dc490a148eda5e0abc575f53650c182dcf88ccd6b8f974f3afbdf43e1252ddaf,5,5,4.999999201000057,24.0,0.0025999994490000546,23.0,True,False,10,0,EXTENDED_PENDING_RESOURCE_GATE,COMPLETE_BASE_INSTANCE
C,2,24,balanced,8,0.75,6,0.01,e9c4cff4f20b5f13d108b83e986ceecf6c93ceefe2b8f976498898839d740288,dc490a148eda5e0abc575f53650c182dcf88ccd6b8f974f3afbdf43e1252ddaf,5,5,4.9920157964911205,24.0,0.25944954766924283,23.0,True,False,10,0,EXTENDED_PENDING_RESOURCE_GATE,COMPLETE_BASE_INSTANCE
C,2,24,balanced,8,0.75,6,0.1,ea549de376a9680dd87262f8755d8830424bee86443f6755d097d29c9c3083c3,dc490a148eda5e0abc575f53650c182dcf88ccd6b8f974f3afbdf43e1252ddaf,5,5,4.25656211583802,24.0,2.1006203793743046,23.0,True,False,10,0,EXTENDED_PENDING_RESOURCE_GATE,COMPLETE_BASE_INSTANCE
C,2,24,balanced,8,0.75,6,0.5,d81d862a2df8c0ca3c804675be3d5c3645afd213dd4ca6d2735902f0d480dd14,dc490a148eda5e0abc575f53650c182dcf88ccd6b8f974f3afbdf43e1252ddaf,5,5,0.06335270404815672,24.0,0.06335270404815672,23.0,True,False,10,0,EXTENDED_PENDING_RESOURCE_GATE,COMPLETE_BASE_INSTANCE
C,2,24,balanced,16,0.125,2,0.0001,c8755bf996e53e5b54df36f6ff817e14672f8b749445d283dbb5c513d27038ea,dc490a148eda5e0abc575f53650c182dcf88ccd6b8f974f3afbdf43e1252ddaf,5,5,4.999999201000057,24.0,0.0025999994490000546,23.0,True,False,10,0,EXTENDED_PENDING_RESOURCE_GATE,COMPLETE_BASE_INSTANCE
C,2,24,balanced,16,0.125,2,0.01,3e35cdae3af88c98552a8e9cb96213fb00018bd18174322e6fa51b793c5096f4,dc490a148eda5e0abc575f53650c182dcf88ccd6b8f974f3afbdf43e1252ddaf,5,5,4.9920157964911205,24.0,0.25944954766924283,23.0,True,False,10,0,EXTENDED_PENDING_RESOURCE_GATE,COMPLETE_BASE_INSTANCE
C,2,24,balanced,16,0.125,2,0.1,5f7a6ac37f9fe83167a5702947f87ca9b65bbc356a91e93e8e6df59ee6b426fc,dc490a148eda5e0abc575f53650c182dcf88ccd6b8f974f3afbdf43e1252ddaf,5,5,4.25656211583802,24.0,2.1006203793743046,23.0,True,False,10,0,EXTENDED_PENDING_RESOURCE_GATE,COMPLETE_BASE_INSTANCE
C,2,24,balanced,16,0.125,2,0.5,a801af222a56c195354dac12b40e460e41183d18c76c7b9b5a8b4a303c18784a,dc490a148eda5e0abc575f53650c182dcf88ccd6b8f974f3afbdf43e1252ddaf,5,5,0.06335270404815672,24.0,0.06335270404815672,23.0,True,False,10,0,EXTENDED_PENDING_RESOURCE_GATE,COMPLETE_BASE_INSTANCE
C,2,24,balanced,16,0.25,4,0.0001,6c089effc24720f0430b3a855497a56a94cd2a6ba868e95408e51a245e38e244,dc490a148eda5e0abc575f53650c182dcf88ccd6b8f974f3afbdf43e1252ddaf,5,5,4.999999201000057,24.0,0.0025999994490000546,23.0,True,False,10,0,EXTENDED_PENDING_RESOURCE_GATE,COMPLETE_BASE_INSTANCE
C,2,24,balanced,16,0.25,4,0.01,c9bd7b61a9d4de219af6d1f3be53f5d6139213ca78709077a072f63e36d698c3,dc490a148eda5e0abc575f53650c182dcf88ccd6b8f974f3afbdf43e1252ddaf,5,5,4.9920157964911205,24.0,0.25944954766924283,23.0,True,False,10,0,EXTENDED_PENDING_RESOURCE_GATE,COMPLETE_BASE_INSTANCE
C,2,24,balanced,16,0.25,4,0.1,a64612b84011b233d0cde820019f55aff1042a32f9345ad5a15a3957c80ba542,dc490a148eda5e0abc575f53650c182dcf88ccd6b8f974f3afbdf43e1252ddaf,5,5,4.25656211583802,24.0,2.1006203793743046,23.0,True,False,10,0,EXTENDED_PENDING_RESOURCE_GATE,COMPLETE_BASE_INSTANCE
C,2,24,balanced,16,0.25,4,0.5,d2377f2077207f730cd5ba5b9d1f362ed749fb3e54ddc108fddd36f1d43829ea,dc490a148eda5e0abc575f53650c182dcf88ccd6b8f974f3afbdf43e1252ddaf,5,5,0.06335270404815672,24.0,0.06335270404815672,23.0,True,False,10,0,EXTENDED_PENDING_RESOURCE_GATE,COMPLETE_BASE_INSTANCE
C,2,24,balanced,16,0.5,8,0.0001,a2d9e0abee9d0d01fd6dbba7606c630a90faa26eacfe9989cb140caa7949cbd7,dc490a148eda5e0abc575f53650c182dcf88ccd6b8f974f3afbdf43e1252ddaf,5,5,4.999999201000057,24.0,0.0025999994490000546,23.0,True,False,10,0,EXTENDED_PENDING_RESOURCE_GATE,COMPLETE_BASE_INSTANCE
C,2,24,balanced,16,0.5,8,0.01,656c6b7e422929f5197ae05bd1c4ebea6ad86b6d1f20ba84d1a5cbbad19f90e5,dc490a148eda5e0abc575f53650c182dcf88ccd6b8f974f3afbdf43e1252ddaf,5,5,4.9920157964911205,24.0,0.25944954766924283,23.0,True,False,10,0,EXTENDED_PENDING_RESOURCE_GATE,COMPLETE_BASE_INSTANCE
C,2,24,balanced,16,0.5,8,0.1,56fd246e7530aa18052307b3da9b5f0254cb0587c8446f89edfc00ad8fd8a77b,dc490a148eda5e0abc575f53650c182dcf88ccd6b8f974f3afbdf43e1252ddaf,5,5,4.25656211583802,24.0,2.1006203793743046,23.0,True,False,10,0,EXTENDED_PENDING_RESOURCE_GATE,COMPLETE_BASE_INSTANCE
C,2,24,balanced,16,0.5,8,0.5,59a74713be12d7c316bd368d97a1e3e6cf9005b3c0d8317ca52a1925faf36c09,dc490a148eda5e0abc575f53650c182dcf88ccd6b8f974f3afbdf43e1252ddaf,5,5,0.06335270404815672,24.0,0.06335270404815672,23.0,True,False,10,0,EXTENDED_PENDING_RESOURCE_GATE,COMPLETE_BASE_INSTANCE
C,2,24,balanced,16,0.75,12,0.0001,a7b0a26ae9928b6212a3dadb442524cbe31f714df17897b0df8a7a03affba626,dc490a148eda5e0abc575f53650c182dcf88ccd6b8f974f3afbdf43e1252ddaf,5,5,4.999999201000057,24.0,0.0025999994490000546,23.0,True,False,10,0,EXTENDED_PENDING_RESOURCE_GATE,COMPLETE_BASE_INSTANCE
C,2,24,balanced,16,0.75,12,0.01,963715d2453e29436fb3143f21300924140b770826dbc1d0754b829809120184,dc490a148eda5e0abc575f53650c182dcf88ccd6b8f974f3afbdf43e1252ddaf,5,5,4.9920157964911205,24.0,0.25944954766924283,23.0,True,False,10,0,EXTENDED_PENDING_RESOURCE_GATE,COMPLETE_BASE_INSTANCE
C,2,24,balanced,16,0.75,12,0.1,c98b0baab1804d778c77da74aee6a98ffdc2544e6c567ce7b49beec2ed3404a4,dc490a148eda5e0abc575f53650c182dcf88ccd6b8f974f3afbdf43e1252ddaf,5,5,4.25656211583802,24.0,2.1006203793743046,23.0,True,False,10,0,EXTENDED_PENDING_RESOURCE_GATE,COMPLETE_BASE_INSTANCE
C,2,24,balanced,16,0.75,12,0.5,7885903b9de3137610539f33fde13e716ba99735cc6cb6327029820c6c023b41,dc490a148eda5e0abc575f53650c182dcf88ccd6b8f974f3afbdf43e1252ddaf,5,5,0.06335270404815672,24.0,0.06335270404815672,23.0,True,False,10,0,EXTENDED_PENDING_RESOURCE_GATE,COMPLETE_BASE_INSTANCE
C,2,24,balanced,32,0.125,4,0.0001,ea90227dd5029913a228ecd2e5643889375c0a856f3ee5c5805e0fff7f3ac777,dc490a148eda5e0abc575f53650c182dcf88ccd6b8f974f3afbdf43e1252ddaf,5,5,4.999999201000057,24.0,0.0025999994490000546,23.0,True,False,10,0,EXTENDED_PENDING_RESOURCE_GATE,COMPLETE_BASE_INSTANCE
C,2,24,balanced,32,0.125,4,0.01,14c7c8cf17de5914516a621d5342bd2dd63ec79ef8182d72d8b3146ec389185d,dc490a148eda5e0abc575f53650c182dcf88ccd6b8f974f3afbdf43e1252ddaf,5,5,4.9920157964911205,24.0,0.25944954766924283,23.0,True,False,10,0,EXTENDED_PENDING_RESOURCE_GATE,COMPLETE_BASE_INSTANCE
C,2,24,balanced,32,0.125,4,0.1,39df5f970dfbb2959548a26672758da46bc9c26427f7e0b3494aaf7ddc51b138,dc490a148eda5e0abc575f53650c182dcf88ccd6b8f974f3afbdf43e1252ddaf,5,5,4.25656211583802,24.0,2.1006203793743046,23.0,True,False,10,0,EXTENDED_PENDING_RESOURCE_GATE,COMPLETE_BASE_INSTANCE
C,2,24,balanced,32,0.125,4,0.5,1055bc363dcedc270e515e6397fcedf87990ad86c4ec4577a9b83c2ed4746928,dc490a148eda5e0abc575f53650c182dcf88ccd6b8f974f3afbdf43e1252ddaf,5,5,0.06335270404815672,24.0,0.06335270404815672,23.0,True,False,10,0,EXTENDED_PENDING_RESOURCE_GATE,COMPLETE_BASE_INSTANCE
C,2,24,balanced,32,0.25,8,0.0001,37135f9dcf9322b2c181f37efe9aa0949e40b5910885b3f942e343f3a8049eec,dc490a148eda5e0abc575f53650c182dcf88ccd6b8f974f3afbdf43e1252ddaf,5,5,4.999999201000057,24.0,0.0025999994490000546,23.0,True,False,10,0,EXTENDED_PENDING_RESOURCE_GATE,COMPLETE_BASE_INSTANCE
C,2,24,balanced,32,0.25,8,0.01,0a82ddf4d903589191f97e33797e27994bf6682c3c776ea9428268a07c2a66c6,dc490a148eda5e0abc575f53650c182dcf88ccd6b8f974f3afbdf43e1252ddaf,5,5,4.9920157964911205,24.0,0.25944954766924283,23.0,True,False,10,0,EXTENDED_PENDING_RESOURCE_GATE,COMPLETE_BASE_INSTANCE
C,2,24,balanced,32,0.25,8,0.1,2620b4debdf2140687252952c152a5c59e3442d09b0f31a33634c7b04d8998cb,dc490a148eda5e0abc575f53650c182dcf88ccd6b8f974f3afbdf43e1252ddaf,5,5,4.25656211583802,24.0,2.1006203793743046,23.0,True,False,10,0,EXTENDED_PENDING_RESOURCE_GATE,COMPLETE_BASE_INSTANCE
C,2,24,balanced,32,0.25,8,0.5,3b807c363bcbae06d9c6e62496a6f118353d17167bdc32fea81f170e9da1b37c,dc490a148eda5e0abc575f53650c182dcf88ccd6b8f974f3afbdf43e1252ddaf,5,5,0.06335270404815672,24.0,0.06335270404815672,23.0,True,False,10,0,EXTENDED_PENDING_RESOURCE_GATE,COMPLETE_BASE_INSTANCE
C,2,24,balanced,32,0.5,16,0.0001,a1b9ec945dd444312ea3c6e22d6d1d6245bcc36617b43df5ba2eb951a5dc5e9c,dc490a148eda5e0abc575f53650c182dcf88ccd6b8f974f3afbdf43e1252ddaf,5,5,4.999999201000057,24.0,0.0025999994490000546,23.0,True,False,10,0,EXTENDED_PENDING_RESOURCE_GATE,COMPLETE_BASE_INSTANCE
C,2,24,balanced,32,0.5,16,0.01,aa530f45dd2d1b584df356069a5d9f8c2e25101891b5112bc902c688fe824d7f,dc490a148eda5e0abc575f53650c182dcf88ccd6b8f974f3afbdf43e1252ddaf,5,5,4.9920157964911205,24.0,0.25944954766924283,23.0,True,False,10,0,EXTENDED_PENDING_RESOURCE_GATE,COMPLETE_BASE_INSTANCE
C,2,24,balanced,32,0.5,16,0.1,ef8a9c1a263d63461e6b4b852c8da1c644b3a0c553d9aace090c26c00c2e4fc7,dc490a148eda5e0abc575f53650c182dcf88ccd6b8f974f3afbdf43e1252ddaf,5,5,4.25656211583802,24.0,2.1006203793743046,23.0,True,False,10,0,EXTENDED_PENDING_RESOURCE_GATE,COMPLETE_BASE_INSTANCE
C,2,24,balanced,32,0.5,16,0.5,aabf130c7e4f243c9cdbaf6368885d4398199488cc0d1e84e4f6f35eb632c137,dc490a148eda5e0abc575f53650c182dcf88ccd6b8f974f3afbdf43e1252ddaf,5,5,0.06335270404815672,24.0,0.06335270404815672,23.0,True,False,10,0,EXTENDED_PENDING_RESOURCE_GATE,COMPLETE_BASE_INSTANCE
C,2,24,balanced,32,0.75,24,0.0001,914c08a4c27fea3b0919f1338b21638ae9e5ba57a11c05aaf0bd06b1152bd570,dc490a148eda5e0abc575f53650c182dcf88ccd6b8f974f3afbdf43e1252ddaf,5,5,4.999999201000057,24.0,0.0025999994490000546,23.0,True,False,10,0,EXTENDED_PENDING_RESOURCE_GATE,COMPLETE_BASE_INSTANCE
C,2,24,balanced,32,0.75,24,0.01,a76df08ade829e7c2358c02ef2ca8a9fc9830e37c0565ca10d58316161a1bc86,dc490a148eda5e0abc575f53650c182dcf88ccd6b8f974f3afbdf43e1252ddaf,5,5,4.9920157964911205,24.0,0.25944954766924283,23.0,True,False,10,0,EXTENDED_PENDING_RESOURCE_GATE,COMPLETE_BASE_INSTANCE
C,2,24,balanced,32,0.75,24,0.1,071698f0684f2650b3957021c2266bbb5e55945c6397c1d53522b54bfc2e02c9,dc490a148eda5e0abc575f53650c182dcf88ccd6b8f974f3afbdf43e1252ddaf,5,5,4.25656211583802,24.0,2.1006203793743046,23.0,True,False,10,0,EXTENDED_PENDING_RESOURCE_GATE,COMPLETE_BASE_INSTANCE
C,2,24,balanced,32,0.75,24,0.5,8d69eaadc9e52bcb9c73e131f5c985974bd6365f7e6d294a446efcc8771adfc4,dc490a148eda5e0abc575f53650c182dcf88ccd6b8f974f3afbdf43e1252ddaf,5,5,0.06335270404815672,24.0,0.06335270404815672,23.0,True,False,10,0,EXTENDED_PENDING_RESOURCE_GATE,COMPLETE_BASE_INSTANCE
C,2,24,balanced,64,0.125,8,0.0001,2226df8ac7bd54f60022848d9bd903c51a174d8b6ba5f61d2455a7a40c333c92,dc490a148eda5e0abc575f53650c182dcf88ccd6b8f974f3afbdf43e1252ddaf,5,5,4.999999201000057,24.0,0.0025999994490000546,23.0,True,False,10,0,EXTENDED_PENDING_RESOURCE_GATE,COMPLETE_BASE_INSTANCE
C,2,24,balanced,64,0.125,8,0.01,8f4c9239de9809ffcbd4bb5a06378830d066b115928ed1747d3dfc75f4188107,dc490a148eda5e0abc575f53650c182dcf88ccd6b8f974f3afbdf43e1252ddaf,5,5,4.9920157964911205,24.0,0.25944954766924283,23.0,True,False,10,0,EXTENDED_PENDING_RESOURCE_GATE,COMPLETE_BASE_INSTANCE
C,2,24,balanced,64,0.125,8,0.1,2a1f0c1ed13df214bd5a539eff65741bcfaeb7319c702d3937e1539167135cb7,dc490a148eda5e0abc575f53650c182dcf88ccd6b8f974f3afbdf43e1252ddaf,5,5,4.25656211583802,24.0,2.1006203793743046,23.0,True,False,10,0,EXTENDED_PENDING_RESOURCE_GATE,COMPLETE_BASE_INSTANCE
C,2,24,balanced,64,0.125,8,0.5,d24bbbd35e85870c6795b49477da7c153fbfdae61800eec9e23e5fb4da3362a8,dc490a148eda5e0abc575f53650c182dcf88ccd6b8f974f3afbdf43e1252ddaf,5,5,0.06335270404815672,24.0,0.06335270404815672,23.0,True,False,10,0,EXTENDED_PENDING_RESOURCE_GATE,COMPLETE_BASE_INSTANCE
C,2,24,balanced,64,0.25,16,0.0001,b7d82136504d81e31ff427205522ef29c9861f79b943dde695322342f7cb9cdf,dc490a148eda5e0abc575f53650c182dcf88ccd6b8f974f3afbdf43e1252ddaf,5,5,4.999999201000057,24.0,0.0025999994490000546,23.0,True,False,10,0,EXTENDED_PENDING_RESOURCE_GATE,COMPLETE_BASE_INSTANCE
C,2,24,balanced,64,0.25,16,0.01,89f86a0966d7d792517d8465ff912befce86db60b6bcf3708a1a0449ed8f2e68,dc490a148eda5e0abc575f53650c182dcf88ccd6b8f974f3afbdf43e1252ddaf,5,5,4.9920157964911205,24.0,0.25944954766924283,23.0,True,False,10,0,EXTENDED_PENDING_RESOURCE_GATE,COMPLETE_BASE_INSTANCE
C,2,24,balanced,64,0.25,16,0.1,b32a40cc2c244d24414c2789b83497fe2d36a463f28b4f2ce91761a6b5121cbf,dc490a148eda5e0abc575f53650c182dcf88ccd6b8f974f3afbdf43e1252ddaf,5,5,4.25656211583802,24.0,2.1006203793743046,23.0,True,False,10,0,EXTENDED_PENDING_RESOURCE_GATE,COMPLETE_BASE_INSTANCE
C,2,24,balanced,64,0.25,16,0.5,f3e80404e86f65235d5a025b342edc29056afedbc661c828c60841153093bff9,dc490a148eda5e0abc575f53650c182dcf88ccd6b8f974f3afbdf43e1252ddaf,5,5,0.06335270404815672,24.0,0.06335270404815672,23.0,True,False,10,0,EXTENDED_PENDING_RESOURCE_GATE,COMPLETE_BASE_INSTANCE
C,2,24,balanced,64,0.5,32,0.0001,5c23dbc275c10d04106449b6959c3e25dafcfa0c2ec049df8fd20b95dd3363da,dc490a148eda5e0abc575f53650c182dcf88ccd6b8f974f3afbdf43e1252ddaf,5,5,4.999999201000057,24.0,0.0025999994490000546,23.0,True,False,10,0,EXTENDED_PENDING_RESOURCE_GATE,COMPLETE_BASE_INSTANCE
C,2,24,balanced,64,0.5,32,0.01,8006020abc8effa2012fa3bb7ff7be9df83b5b398335f0124761590522b6d8e6,dc490a148eda5e0abc575f53650c182dcf88ccd6b8f974f3afbdf43e1252ddaf,5,5,4.9920157964911205,24.0,0.25944954766924283,23.0,True,False,10,0,EXTENDED_PENDING_RESOURCE_GATE,COMPLETE_BASE_INSTANCE
C,2,24,balanced,64,0.5,32,0.1,798620d708f25fe305d82bb989ec03e2056fab1d56aefb4f2b93274d61a90a94,dc490a148eda5e0abc575f53650c182dcf88ccd6b8f974f3afbdf43e1252ddaf,5,5,4.25656211583802,24.0,2.1006203793743046,23.0,True,False,10,0,EXTENDED_PENDING_RESOURCE_GATE,COMPLETE_BASE_INSTANCE
C,2,24,balanced,64,0.5,32,0.5,834d91a2f273929f095ff5ee5b888aef41d005bdc29cd3ce7354e29fdf56a0cc,dc490a148eda5e0abc575f53650c182dcf88ccd6b8f974f3afbdf43e1252ddaf,5,5,0.06335270404815672,24.0,0.06335270404815672,23.0,True,False,10,0,EXTENDED_PENDING_RESOURCE_GATE,COMPLETE_BASE_INSTANCE
C,2,24,balanced,64,0.75,48,0.0001,abaf5925e19e058c35e5e09bf69fc893609105f067f0143b3b6b1b9269be42c1,dc490a148eda5e0abc575f53650c182dcf88ccd6b8f974f3afbdf43e1252ddaf,5,5,4.999999201000057,24.0,0.0025999994490000546,23.0,True,False,10,0,EXTENDED_PENDING_RESOURCE_GATE,COMPLETE_BASE_INSTANCE
C,2,24,balanced,64,0.75,48,0.01,ae8385e8a9a3e13787133ba68f4cb7e0826417b88bf8d290c0644d0e0ef46c55,dc490a148eda5e0abc575f53650c182dcf88ccd6b8f974f3afbdf43e1252ddaf,5,5,4.9920157964911205,24.0,0.25944954766924283,23.0,True,False,10,0,EXTENDED_PENDING_RESOURCE_GATE,COMPLETE_BASE_INSTANCE
C,2,24,balanced,64,0.75,48,0.1,5679cf9f5a0ba5b5a2373a51f7d0f2294ff8df93e4b5e3fee326c915c8790fbc,dc490a148eda5e0abc575f53650c182dcf88ccd6b8f974f3afbdf43e1252ddaf,5,5,4.25656211583802,24.0,2.1006203793743046,23.0,True,False,10,0,EXTENDED_PENDING_RESOURCE_GATE,COMPLETE_BASE_INSTANCE
C,2,24,balanced,64,0.75,48,0.5,560b8d2b557aaab14e9939083bfe4394142dd7bb3d81fd2a7d2801aaed9b0486,dc490a148eda5e0abc575f53650c182dcf88ccd6b8f974f3afbdf43e1252ddaf,5,5,0.06335270404815672,24.0,0.06335270404815672,23.0,True,False,10,0,EXTENDED_PENDING_RESOURCE_GATE,COMPLETE_BASE_INSTANCE
C,2,24,random_ordered,2,0.125,1,0.0001,50dab573267ac03fa0cc9cd67ccb406c804fc8b28d14e6f5bd6505b36b69ae80,d775a3b6f80aa2fccc40dd59e271a19cbff0d94347ca8c72a557397e0ee1a152,10,4,3.9999994212500383,24.0,0.001699999697000025,23.0,True,False,10,0,EXTENDED_PENDING_RESOURCE_GATE,COMPLETE_BASE_INSTANCE
C,2,24,random_ordered,2,0.125,1,0.01,075dc963dfd0a154610a54fd03029b1f2fb052007fb31bf85ba8bce11152ae65,d775a3b6f80aa2fccc40dd59e271a19cbff0d94347ca8c72a557397e0ee1a152,10,4,3.9942163340664085,24.0,0.16969725137305294,23.0,True,False,10,0,EXTENDED_PENDING_RESOURCE_GATE,COMPLETE_BASE_INSTANCE
C,2,24,random_ordered,2,0.125,1,0.1,b44358e385e4df70f63b2200320ca7e75e2a63191b898edd17c15459edc2966a,d775a3b6f80aa2fccc40dd59e271a19cbff0d94347ca8c72a557397e0ee1a152,10,4,3.4581080741000867,24.0,1.420922068657509,23.0,True,False,10,0,EXTENDED_PENDING_RESOURCE_GATE,COMPLETE_BASE_INSTANCE
C,2,24,random_ordered,2,0.125,1,0.5,9185705c32235f829887220da4b3acfd58fb287d546243500ab4ec558608f545,d775a3b6f80aa2fccc40dd59e271a19cbff0d94347ca8c72a557397e0ee1a152,10,4,0.06335270404815672,24.0,0.06335270404815672,23.0,True,False,10,0,EXTENDED_PENDING_RESOURCE_GATE,COMPLETE_BASE_INSTANCE
C,2,24,random_ordered,2,0.25,1,0.0001,f8622419b82ad884fa034655052dfc817acbbf36b7965a000723cfb67fd54d52,d775a3b6f80aa2fccc40dd59e271a19cbff0d94347ca8c72a557397e0ee1a152,10,4,3.9999994212500383,24.0,0.001699999697000025,23.0,True,False,10,0,EXTENDED_PENDING_RESOURCE_GATE,COMPLETE_BASE_INSTANCE
C,2,24,random_ordered,2,0.25,1,0.01,6a047c1409d2077252ce0ba4d1e797d8ac538699bbd25e8053c5fdd090082fd4,d775a3b6f80aa2fccc40dd59e271a19cbff0d94347ca8c72a557397e0ee1a152,10,4,3.9942163340664085,24.0,0.16969725137305294,23.0,True,False,10,0,EXTENDED_PENDING_RESOURCE_GATE,COMPLETE_BASE_INSTANCE
C,2,24,random_ordered,2,0.25,1,0.1,0b18fe0937bc859665b98797dfd1b6b8c8c6e102a14a009fb7cdc9919b19f6d4,d775a3b6f80aa2fccc40dd59e271a19cbff0d94347ca8c72a557397e0ee1a152,10,4,3.4581080741000867,24.0,1.420922068657509,23.0,True,False,10,0,EXTENDED_PENDING_RESOURCE_GATE,COMPLETE_BASE_INSTANCE
C,2,24,random_ordered,2,0.25,1,0.5,ef6666e34f659a7cf13fc7d1ee915b783d11b27602b979b0e2f4e7b6b1421dff,d775a3b6f80aa2fccc40dd59e271a19cbff0d94347ca8c72a557397e0ee1a152,10,4,0.06335270404815672,24.0,0.06335270404815672,23.0,True,False,10,0,EXTENDED_PENDING_RESOURCE_GATE,COMPLETE_BASE_INSTANCE
C,2,24,random_ordered,2,0.5,1,0.0001,a2440986af38e7ed522620521e062d3f31db468ddb01a5c0e635003ac2c7bdbe,d775a3b6f80aa2fccc40dd59e271a19cbff0d94347ca8c72a557397e0ee1a152,10,4,3.9999994212500383,24.0,0.001699999697000025,23.0,True,False,10,0,EXTENDED_PENDING_RESOURCE_GATE,COMPLETE_BASE_INSTANCE
C,2,24,random_ordered,2,0.5,1,0.01,95659a2fbf595b11e31ba3a4888060fc13281495a598eb9329d4fc845dd80506,d775a3b6f80aa2fccc40dd59e271a19cbff0d94347ca8c72a557397e0ee1a152,10,4,3.9942163340664085,24.0,0.16969725137305294,23.0,True,False,10,0,EXTENDED_PENDING_RESOURCE_GATE,COMPLETE_BASE_INSTANCE
C,2,24,random_ordered,2,0.5,1,0.1,90cc307be083002f0ed3cf525e2d9d386b1ac5315f62220a7de8372a2f412960,d775a3b6f80aa2fccc40dd59e271a19cbff0d94347ca8c72a557397e0ee1a152,10,4,3.4581080741000867,24.0,1.420922068657509,23.0,True,False,10,0,EXTENDED_PENDING_RESOURCE_GATE,COMPLETE_BASE_INSTANCE
C,2,24,random_ordered,2,0.5,1,0.5,6522f002717439a74a01d40c55185dcd33ead91a2763d325a6b92eb3bf9ac6ac,d775a3b6f80aa2fccc40dd59e271a19cbff0d94347ca8c72a557397e0ee1a152,10,4,0.06335270404815672,24.0,0.06335270404815672,23.0,True,False,10,0,EXTENDED_PENDING_RESOURCE_GATE,COMPLETE_BASE_INSTANCE
C,2,24,random_ordered,2,0.75,1,0.0001,fbd8786347dffce620178dee78790473aef4bf1bc52ce8947a9f59edc8901804,d775a3b6f80aa2fccc40dd59e271a19cbff0d94347ca8c72a557397e0ee1a152,10,4,3.9999994212500383,24.0,0.001699999697000025,23.0,True,False,10,0,EXTENDED_PENDING_RESOURCE_GATE,COMPLETE_BASE_INSTANCE
C,2,24,random_ordered,2,0.75,1,0.01,96477fcac1a22b0c91e4dd076f21a7edc319b7e11b0b567a77aebd61326816fd,d775a3b6f80aa2fccc40dd59e271a19cbff0d94347ca8c72a557397e0ee1a152,10,4,3.9942163340664085,24.0,0.16969725137305294,23.0,True,False,10,0,EXTENDED_PENDING_RESOURCE_GATE,COMPLETE_BASE_INSTANCE
C,2,24,random_ordered,2,0.75,1,0.1,ff6f3aac6c1cf767c1b68ebbbd33d98b0feb7f2ef84009142e3186ebb4ea3a8d,d775a3b6f80aa2fccc40dd59e271a19cbff0d94347ca8c72a557397e0ee1a152,10,4,3.4581080741000867,24.0,1.420922068657509,23.0,True,False,10,0,EXTENDED_PENDING_RESOURCE_GATE,COMPLETE_BASE_INSTANCE
C,2,24,random_ordered,2,0.75,1,0.5,e7c4b80a25fc8a7e53265d1f26f9ba39dae5d08f73dea2eb1842396605444bd5,d775a3b6f80aa2fccc40dd59e271a19cbff0d94347ca8c72a557397e0ee1a152,10,4,0.06335270404815672,24.0,0.06335270404815672,23.0,True,False,10,0,EXTENDED_PENDING_RESOURCE_GATE,COMPLETE_BASE_INSTANCE
C,2,24,random_ordered,4,0.125,1,0.0001,691437b088e5ed4617856a49f8c039f0490861192ffdb68a0f541a147c99d663,d775a3b6f80aa2fccc40dd59e271a19cbff0d94347ca8c72a557397e0ee1a152,10,4,3.9999994212500383,24.0,0.001699999697000025,23.0,True,False,10,0,EXTENDED_PENDING_RESOURCE_GATE,COMPLETE_BASE_INSTANCE
C,2,24,random_ordered,4,0.125,1,0.01,6cf08331800af5d9c321d8bfc97018bef16313fbc9316e3d9c7662c1d34d8826,d775a3b6f80aa2fccc40dd59e271a19cbff0d94347ca8c72a557397e0ee1a152,10,4,3.9942163340664085,24.0,0.16969725137305294,23.0,True,False,10,0,EXTENDED_PENDING_RESOURCE_GATE,COMPLETE_BASE_INSTANCE
C,2,24,random_ordered,4,0.125,1,0.1,7f71bdc0bdbfebf95927d71fcbdb9f791048a224cd390f4e04873869cc50ace4,d775a3b6f80aa2fccc40dd59e271a19cbff0d94347ca8c72a557397e0ee1a152,10,4,3.4581080741000867,24.0,1.420922068657509,23.0,True,False,10,0,EXTENDED_PENDING_RESOURCE_GATE,COMPLETE_BASE_INSTANCE
C,2,24,random_ordered,4,0.125,1,0.5,5fd1878f88ab1aed677188ad3d9f3ed3d674f7e4912c908554450fa2c5d22262,d775a3b6f80aa2fccc40dd59e271a19cbff0d94347ca8c72a557397e0ee1a152,10,4,0.06335270404815672,24.0,0.06335270404815672,23.0,True,False,10,0,EXTENDED_PENDING_RESOURCE_GATE,COMPLETE_BASE_INSTANCE
C,2,24,random_ordered,4,0.25,1,0.0001,0f4206a662d1240c7b74bee41bd4f6efda95ef20914ed6d1b503bf457a71f888,d775a3b6f80aa2fccc40dd59e271a19cbff0d94347ca8c72a557397e0ee1a152,10,4,3.9999994212500383,24.0,0.001699999697000025,23.0,True,False,10,0,EXTENDED_PENDING_RESOURCE_GATE,COMPLETE_BASE_INSTANCE
C,2,24,random_ordered,4,0.25,1,0.01,b2f0080e12ce8ba6410a0ee1c6b33633bf33c7a890805c011185a8da137fb7ac,d775a3b6f80aa2fccc40dd59e271a19cbff0d94347ca8c72a557397e0ee1a152,10,4,3.9942163340664085,24.0,0.16969725137305294,23.0,True,False,10,0,EXTENDED_PENDING_RESOURCE_GATE,COMPLETE_BASE_INSTANCE
C,2,24,random_ordered,4,0.25,1,0.1,3435f105c1f91823b537914770eec66533e9a6c481e8444d514cdcafa089e083,d775a3b6f80aa2fccc40dd59e271a19cbff0d94347ca8c72a557397e0ee1a152,10,4,3.4581080741000867,24.0,1.420922068657509,23.0,True,False,10,0,EXTENDED_PENDING_RESOURCE_GATE,COMPLETE_BASE_INSTANCE
C,2,24,random_ordered,4,0.25,1,0.5,a964163761370ec53673e8e8a47999f79a92bf94e1f8288015e9f99e17d52381,d775a3b6f80aa2fccc40dd59e271a19cbff0d94347ca8c72a557397e0ee1a152,10,4,0.06335270404815672,24.0,0.06335270404815672,23.0,True,False,10,0,EXTENDED_PENDING_RESOURCE_GATE,COMPLETE_BASE_INSTANCE
C,2,24,random_ordered,4,0.5,2,0.0001,2b6ebb95144636bfaaa4d1d466a26203594fd028c651e4f4587682819ef2b7fc,d775a3b6f80aa2fccc40dd59e271a19cbff0d94347ca8c72a557397e0ee1a152,10,4,3.9999994212500383,24.0,0.001699999697000025,23.0,True,False,10,0,EXTENDED_PENDING_RESOURCE_GATE,COMPLETE_BASE_INSTANCE
C,2,24,random_ordered,4,0.5,2,0.01,4607062220edbde228f4c3aa8a24099cdf728d5356282c98106128e3eb7cca86,d775a3b6f80aa2fccc40dd59e271a19cbff0d94347ca8c72a557397e0ee1a152,10,4,3.9942163340664085,24.0,0.16969725137305294,23.0,True,False,10,0,EXTENDED_PENDING_RESOURCE_GATE,COMPLETE_BASE_INSTANCE
C,2,24,random_ordered,4,0.5,2,0.1,1f9c4612bd89047b3ea14e83c1c1c9c0ce6cc24f8f11ecc1be5315b3465f1712,d775a3b6f80aa2fccc40dd59e271a19cbff0d94347ca8c72a557397e0ee1a152,10,4,3.4581080741000867,24.0,1.420922068657509,23.0,True,False,10,0,EXTENDED_PENDING_RESOURCE_GATE,COMPLETE_BASE_INSTANCE
C,2,24,random_ordered,4,0.5,2,0.5,ac41334bf3ca541d67db723b2bb6ddf2f9b863e804aa4b0b7f3cc56c4953bfd8,d775a3b6f80aa2fccc40dd59e271a19cbff0d94347ca8c72a557397e0ee1a152,10,4,0.06335270404815672,24.0,0.06335270404815672,23.0,True,False,10,0,EXTENDED_PENDING_RESOURCE_GATE,COMPLETE_BASE_INSTANCE
C,2,24,random_ordered,4,0.75,3,0.0001,039fdda632f9854bd597a524085bb8eebc11fc666629ac91919be0d6d9533577,d775a3b6f80aa2fccc40dd59e271a19cbff0d94347ca8c72a557397e0ee1a152,10,4,3.9999994212500383,24.0,0.001699999697000025,23.0,True,False,10,0,EXTENDED_PENDING_RESOURCE_GATE,COMPLETE_BASE_INSTANCE
C,2,24,random_ordered,4,0.75,3,0.01,1d2dec21b0ebc7bcc79d735ad000586e118f340745e8f2d82a874e5fde309706,d775a3b6f80aa2fccc40dd59e271a19cbff0d94347ca8c72a557397e0ee1a152,10,4,3.9942163340664085,24.0,0.16969725137305294,23.0,True,False,10,0,EXTENDED_PENDING_RESOURCE_GATE,COMPLETE_BASE_INSTANCE
C,2,24,random_ordered,4,0.75,3,0.1,329a836a0ac91ebfc85685f74b5b95db8ef49f38dc6367c022a76fac093f67db,d775a3b6f80aa2fccc40dd59e271a19cbff0d94347ca8c72a557397e0ee1a152,10,4,3.4581080741000867,24.0,1.420922068657509,23.0,True,False,10,0,EXTENDED_PENDING_RESOURCE_GATE,COMPLETE_BASE_INSTANCE
C,2,24,random_ordered,4,0.75,3,0.5,6caf9ee8e16a96f12df760ba39990d73569f8914ee04e3d736545b6beb1880e0,d775a3b6f80aa2fccc40dd59e271a19cbff0d94347ca8c72a557397e0ee1a152,10,4,0.06335270404815672,24.0,0.06335270404815672,23.0,True,False,10,0,EXTENDED_PENDING_RESOURCE_GATE,COMPLETE_BASE_INSTANCE
C,2,24,random_ordered,8,0.125,1,0.0001,3f1d8712a0c3eef49b2c6cf318d7432e3a37c41a1a5f8632b736c27b4ecbc152,d775a3b6f80aa2fccc40dd59e271a19cbff0d94347ca8c72a557397e0ee1a152,10,4,3.9999994212500383,24.0,0.001699999697000025,23.0,True,False,10,0,EXTENDED_PENDING_RESOURCE_GATE,COMPLETE_BASE_INSTANCE
C,2,24,random_ordered,8,0.125,1,0.01,266b69e6c2255ce568c70fb05afc39274d26eb415fa4d2ccf9ded50fdcd97090,d775a3b6f80aa2fccc40dd59e271a19cbff0d94347ca8c72a557397e0ee1a152,10,4,3.9942163340664085,24.0,0.16969725137305294,23.0,True,False,10,0,EXTENDED_PENDING_RESOURCE_GATE,COMPLETE_BASE_INSTANCE
C,2,24,random_ordered,8,0.125,1,0.1,1a45e992155ec6e7bbaf4056d13b61a3bf70bd35e365bfde99e7bc177444839a,d775a3b6f80aa2fccc40dd59e271a19cbff0d94347ca8c72a557397e0ee1a152,10,4,3.4581080741000867,24.0,1.420922068657509,23.0,True,False,10,0,EXTENDED_PENDING_RESOURCE_GATE,COMPLETE_BASE_INSTANCE
C,2,24,random_ordered,8,0.125,1,0.5,f4b6e66082879d5b8b1c9fa967318146053e1c07c9003552702dc54e167893d9,d775a3b6f80aa2fccc40dd59e271a19cbff0d94347ca8c72a557397e0ee1a152,10,4,0.06335270404815672,24.0,0.06335270404815672,23.0,True,False,10,0,EXTENDED_PENDING_RESOURCE_GATE,COMPLETE_BASE_INSTANCE
C,2,24,random_ordered,8,0.25,2,0.0001,6eabede469b78466ef52986114b316d16404e22f3f1a596a5a849adf9b39203d,d775a3b6f80aa2fccc40dd59e271a19cbff0d94347ca8c72a557397e0ee1a152,10,4,3.9999994212500383,24.0,0.001699999697000025,23.0,True,False,10,0,EXTENDED_PENDING_RESOURCE_GATE,COMPLETE_BASE_INSTANCE
C,2,24,random_ordered,8,0.25,2,0.01,5afb578492ce5c5d003993182bec8230ed76e144462078cf84c9b0e2b934666e,d775a3b6f80aa2fccc40dd59e271a19cbff0d94347ca8c72a557397e0ee1a152,10,4,3.9942163340664085,24.0,0.16969725137305294,23.0,True,False,10,0,EXTENDED_PENDING_RESOURCE_GATE,COMPLETE_BASE_INSTANCE
C,2,24,random_ordered,8,0.25,2,0.1,015738c832a7cb0609fba0f188cb127a18b417aa50809dc52c6b21df32558567,d775a3b6f80aa2fccc40dd59e271a19cbff0d94347ca8c72a557397e0ee1a152,10,4,3.4581080741000867,24.0,1.420922068657509,23.0,True,False,10,0,EXTENDED_PENDING_RESOURCE_GATE,COMPLETE_BASE_INSTANCE
C,2,24,random_ordered,8,0.25,2,0.5,dcbcae5918877e469f1a747089182d1c85c3fa1177d33ce3105b9564ec76cc27,d775a3b6f80aa2fccc40dd59e271a19cbff0d94347ca8c72a557397e0ee1a152,10,4,0.06335270404815672,24.0,0.06335270404815672,23.0,True,False,10,0,EXTENDED_PENDING_RESOURCE_GATE,COMPLETE_BASE_INSTANCE
C,2,24,random_ordered,8,0.5,4,0.0001,876c20f99791ae5b671f96162c9ca86f941c621191d9ddfd6aaad536b6bb1b53,d775a3b6f80aa2fccc40dd59e271a19cbff0d94347ca8c72a557397e0ee1a152,10,4,3.9999994212500383,24.0,0.001699999697000025,23.0,True,False,10,0,EXTENDED_PENDING_RESOURCE_GATE,COMPLETE_BASE_INSTANCE
C,2,24,random_ordered,8,0.5,4,0.01,2b760f58fa0563d64ec9d5fc70c2db57a224201d46170f57162059388dba50e6,d775a3b6f80aa2fccc40dd59e271a19cbff0d94347ca8c72a557397e0ee1a152,10,4,3.9942163340664085,24.0,0.16969725137305294,23.0,True,False,10,0,EXTENDED_PENDING_RESOURCE_GATE,COMPLETE_BASE_INSTANCE
C,2,24,random_ordered,8,0.5,4,0.1,fd7b4a745cba0b77745cd71c8a1cfc4b9531213af32fb7cb9ef665842683e8ec,d775a3b6f80aa2fccc40dd59e271a19cbff0d94347ca8c72a557397e0ee1a152,10,4,3.4581080741000867,24.0,1.420922068657509,23.0,True,False,10,0,EXTENDED_PENDING_RESOURCE_GATE,COMPLETE_BASE_INSTANCE
C,2,24,random_ordered,8,0.5,4,0.5,822b98daf2e066f9e841d464a9c9a52bbdd575f2b8be8e78fbe3f3b89426a29b,d775a3b6f80aa2fccc40dd59e271a19cbff0d94347ca8c72a557397e0ee1a152,10,4,0.06335270404815672,24.0,0.06335270404815672,23.0,True,False,10,0,EXTENDED_PENDING_RESOURCE_GATE,COMPLETE_BASE_INSTANCE
C,2,24,random_ordered,8,0.75,6,0.0001,01a0f85ac34dd4dee418d0c997a4ff06d2392a858ce30c4b31e36a522453fba5,d775a3b6f80aa2fccc40dd59e271a19cbff0d94347ca8c72a557397e0ee1a152,10,4,3.9999994212500383,24.0,0.001699999697000025,23.0,True,False,10,0,EXTENDED_PENDING_RESOURCE_GATE,COMPLETE_BASE_INSTANCE
C,2,24,random_ordered,8,0.75,6,0.01,174e36d086901c1001db82546a6e0fc53c0fdd8a5b882d67f6b62a2280e84c15,d775a3b6f80aa2fccc40dd59e271a19cbff0d94347ca8c72a557397e0ee1a152,10,4,3.9942163340664085,24.0,0.16969725137305294,23.0,True,False,10,0,EXTENDED_PENDING_RESOURCE_GATE,COMPLETE_BASE_INSTANCE
C,2,24,random_ordered,8,0.75,6,0.1,3c15ca6ce28179918364c973eb68196224198858d60638c3b543730e924451e1,d775a3b6f80aa2fccc40dd59e271a19cbff0d94347ca8c72a557397e0ee1a152,10,4,3.4581080741000867,24.0,1.420922068657509,23.0,True,False,10,0,EXTENDED_PENDING_RESOURCE_GATE,COMPLETE_BASE_INSTANCE
C,2,24,random_ordered,8,0.75,6,0.5,66412050b85f55815a75c69dd713bf4bcf25fadcb5af4de3d01b28a2158919d4,d775a3b6f80aa2fccc40dd59e271a19cbff0d94347ca8c72a557397e0ee1a152,10,4,0.06335270404815672,24.0,0.06335270404815672,23.0,True,False,10,0,EXTENDED_PENDING_RESOURCE_GATE,COMPLETE_BASE_INSTANCE
C,2,24,random_ordered,16,0.125,2,0.0001,cea9c931cb93ee3e1bd8da3ab8bf2e7053a2d2c540c99aad0c5574c37d8d2fc4,d775a3b6f80aa2fccc40dd59e271a19cbff0d94347ca8c72a557397e0ee1a152,10,4,3.9999994212500383,24.0,0.001699999697000025,23.0,True,False,10,0,EXTENDED_PENDING_RESOURCE_GATE,COMPLETE_BASE_INSTANCE
C,2,24,random_ordered,16,0.125,2,0.01,ed749e1d372dbc1473b5d90c8b77e2e902c6db6604d0c46674f42ccd1b1d4378,d775a3b6f80aa2fccc40dd59e271a19cbff0d94347ca8c72a557397e0ee1a152,10,4,3.9942163340664085,24.0,0.16969725137305294,23.0,True,False,10,0,EXTENDED_PENDING_RESOURCE_GATE,COMPLETE_BASE_INSTANCE
C,2,24,random_ordered,16,0.125,2,0.1,2ce318eefc78929aa9570218707d853de1d41e9385bd1f11cc028bcdac3e7d03,d775a3b6f80aa2fccc40dd59e271a19cbff0d94347ca8c72a557397e0ee1a152,10,4,3.4581080741000867,24.0,1.420922068657509,23.0,True,False,10,0,EXTENDED_PENDING_RESOURCE_GATE,COMPLETE_BASE_INSTANCE
C,2,24,random_ordered,16,0.125,2,0.5,36a64a0b5e147c1ec37754811df169c6be57ff5d545e485172cb4429ba436daa,d775a3b6f80aa2fccc40dd59e271a19cbff0d94347ca8c72a557397e0ee1a152,10,4,0.06335270404815672,24.0,0.06335270404815672,23.0,True,False,10,0,EXTENDED_PENDING_RESOURCE_GATE,COMPLETE_BASE_INSTANCE
C,2,24,random_ordered,16,0.25,4,0.0001,e9eb91905437174f24fc2d9e2a379c35809520a3b49dc9087da0f3a25abddd16,d775a3b6f80aa2fccc40dd59e271a19cbff0d94347ca8c72a557397e0ee1a152,10,4,3.9999994212500383,24.0,0.001699999697000025,23.0,True,False,10,0,EXTENDED_PENDING_RESOURCE_GATE,COMPLETE_BASE_INSTANCE
C,2,24,random_ordered,16,0.25,4,0.01,37aebb43ff9994fdfe0e096b1402f5b232a1b995428a6449795041665aad7a39,d775a3b6f80aa2fccc40dd59e271a19cbff0d94347ca8c72a557397e0ee1a152,10,4,3.9942163340664085,24.0,0.16969725137305294,23.0,True,False,10,0,EXTENDED_PENDING_RESOURCE_GATE,COMPLETE_BASE_INSTANCE
C,2,24,random_ordered,16,0.25,4,0.1,eb003d8bf08fcef55f2556a6cab562aeabc6314ed21918d2ee6182c604a2fe88,d775a3b6f80aa2fccc40dd59e271a19cbff0d94347ca8c72a557397e0ee1a152,10,4,3.4581080741000867,24.0,1.420922068657509,23.0,True,False,10,0,EXTENDED_PENDING_RESOURCE_GATE,COMPLETE_BASE_INSTANCE
C,2,24,random_ordered,16,0.25,4,0.5,d3a0db4f1d8fcc75e5bb0b615b1e31a58c34e42dbde9b8a7c77d8729ab345450,d775a3b6f80aa2fccc40dd59e271a19cbff0d94347ca8c72a557397e0ee1a152,10,4,0.06335270404815672,24.0,0.06335270404815672,23.0,True,False,10,0,EXTENDED_PENDING_RESOURCE_GATE,COMPLETE_BASE_INSTANCE
C,2,24,random_ordered,16,0.5,8,0.0001,2e01e85a821b7b4983673b1ecf798bbb0b8801b561271c90a755ab5ba1706260,d775a3b6f80aa2fccc40dd59e271a19cbff0d94347ca8c72a557397e0ee1a152,10,4,3.9999994212500383,24.0,0.001699999697000025,23.0,True,False,10,0,EXTENDED_PENDING_RESOURCE_GATE,COMPLETE_BASE_INSTANCE
C,2,24,random_ordered,16,0.5,8,0.01,372653cc8c03fc804fde8273786f3185ef4bfd88ed4254a6bf3dfb3c4542e360,d775a3b6f80aa2fccc40dd59e271a19cbff0d94347ca8c72a557397e0ee1a152,10,4,3.9942163340664085,24.0,0.16969725137305294,23.0,True,False,10,0,EXTENDED_PENDING_RESOURCE_GATE,COMPLETE_BASE_INSTANCE
C,2,24,random_ordered,16,0.5,8,0.1,51db75b2e2f57e8140738a2c23e0b4f5a15b4568d63b33dd9c5cc1939d172b2f,d775a3b6f80aa2fccc40dd59e271a19cbff0d94347ca8c72a557397e0ee1a152,10,4,3.4581080741000867,24.0,1.420922068657509,23.0,True,False,10,0,EXTENDED_PENDING_RESOURCE_GATE,COMPLETE_BASE_INSTANCE
C,2,24,random_ordered,16,0.5,8,0.5,0ec20c852f417c2cc3954704043616b1e400bfb8eba7c40354ca2b97a88143dc,d775a3b6f80aa2fccc40dd59e271a19cbff0d94347ca8c72a557397e0ee1a152,10,4,0.06335270404815672,24.0,0.06335270404815672,23.0,True,False,10,0,EXTENDED_PENDING_RESOURCE_GATE,COMPLETE_BASE_INSTANCE
C,2,24,random_ordered,16,0.75,12,0.0001,3cf74e728b7c0f631300f7a7bdf6e6e4badc364f4fbb896b367a8140ed0eba2e,d775a3b6f80aa2fccc40dd59e271a19cbff0d94347ca8c72a557397e0ee1a152,10,4,3.9999994212500383,24.0,0.001699999697000025,23.0,True,False,10,0,EXTENDED_PENDING_RESOURCE_GATE,COMPLETE_BASE_INSTANCE
C,2,24,random_ordered,16,0.75,12,0.01,56bd0133d79a6e399a65bfc6806a92c4d6a7bc16e15e362165d276e5c58db1ff,d775a3b6f80aa2fccc40dd59e271a19cbff0d94347ca8c72a557397e0ee1a152,10,4,3.9942163340664085,24.0,0.16969725137305294,23.0,True,False,10,0,EXTENDED_PENDING_RESOURCE_GATE,COMPLETE_BASE_INSTANCE
C,2,24,random_ordered,16,0.75,12,0.1,fe25287e3ff97e08416ccfbcf66bde5d1c83677c7ce880301fa713daa12e3156,d775a3b6f80aa2fccc40dd59e271a19cbff0d94347ca8c72a557397e0ee1a152,10,4,3.4581080741000867,24.0,1.420922068657509,23.0,True,False,10,0,EXTENDED_PENDING_RESOURCE_GATE,COMPLETE_BASE_INSTANCE
C,2,24,random_ordered,16,0.75,12,0.5,a4e42520cdd97d36b70b24fa2d9d3da4bf085dd96b0c1a7215d6cd4c4510d084,d775a3b6f80aa2fccc40dd59e271a19cbff0d94347ca8c72a557397e0ee1a152,10,4,0.06335270404815672,24.0,0.06335270404815672,23.0,True,False,10,0,EXTENDED_PENDING_RESOURCE_GATE,COMPLETE_BASE_INSTANCE
C,2,24,random_ordered,32,0.125,4,0.0001,eb8292eba5485087c1d218b89aa45347fefc77bfc88b40657e931386e5a876ec,d775a3b6f80aa2fccc40dd59e271a19cbff0d94347ca8c72a557397e0ee1a152,10,4,3.9999994212500383,24.0,0.001699999697000025,23.0,True,False,10,0,EXTENDED_PENDING_RESOURCE_GATE,COMPLETE_BASE_INSTANCE
C,2,24,random_ordered,32,0.125,4,0.01,521b6287501e7f947f6bb6bd475f8fb27ee0090f6764a22892969cee74a92f04,d775a3b6f80aa2fccc40dd59e271a19cbff0d94347ca8c72a557397e0ee1a152,10,4,3.9942163340664085,24.0,0.16969725137305294,23.0,True,False,10,0,EXTENDED_PENDING_RESOURCE_GATE,COMPLETE_BASE_INSTANCE
C,2,24,random_ordered,32,0.125,4,0.1,c5540172f758d6f0657b4403c2d0abd7d7e377003380cf15db2666cc8d20cae5,d775a3b6f80aa2fccc40dd59e271a19cbff0d94347ca8c72a557397e0ee1a152,10,4,3.4581080741000867,24.0,1.420922068657509,23.0,True,False,10,0,EXTENDED_PENDING_RESOURCE_GATE,COMPLETE_BASE_INSTANCE
C,2,24,random_ordered,32,0.125,4,0.5,4e868402b0f6ab475d319ebe13e965457f4f11f1414dddbbced08ae8a7cd6c0d,d775a3b6f80aa2fccc40dd59e271a19cbff0d94347ca8c72a557397e0ee1a152,10,4,0.06335270404815672,24.0,0.06335270404815672,23.0,True,False,10,0,EXTENDED_PENDING_RESOURCE_GATE,COMPLETE_BASE_INSTANCE
C,2,24,random_ordered,32,0.25,8,0.0001,5ccf3320a689ec0ceebe1ae8bdda1482a9275a44ee865af85b78d8d6e68b3ae8,d775a3b6f80aa2fccc40dd59e271a19cbff0d94347ca8c72a557397e0ee1a152,10,4,3.9999994212500383,24.0,0.001699999697000025,23.0,True,False,10,0,EXTENDED_PENDING_RESOURCE_GATE,COMPLETE_BASE_INSTANCE
C,2,24,random_ordered,32,0.25,8,0.01,1ec2180395473583cbcdd040aa5c70279e12b2b64e1a1c590276667528bdd310,d775a3b6f80aa2fccc40dd59e271a19cbff0d94347ca8c72a557397e0ee1a152,10,4,3.9942163340664085,24.0,0.16969725137305294,23.0,True,False,10,0,EXTENDED_PENDING_RESOURCE_GATE,COMPLETE_BASE_INSTANCE
C,2,24,random_ordered,32,0.25,8,0.1,8bd390040f7523fe751014ebbc249726f7fd66d5bb7ae25a16826f9393ab6e86,d775a3b6f80aa2fccc40dd59e271a19cbff0d94347ca8c72a557397e0ee1a152,10,4,3.4581080741000867,24.0,1.420922068657509,23.0,True,False,10,0,EXTENDED_PENDING_RESOURCE_GATE,COMPLETE_BASE_INSTANCE
C,2,24,random_ordered,32,0.25,8,0.5,75ef73df99acb5b0339ace41903b891c90ee254f743d7851062f71101fd9b567,d775a3b6f80aa2fccc40dd59e271a19cbff0d94347ca8c72a557397e0ee1a152,10,4,0.06335270404815672,24.0,0.06335270404815672,23.0,True,False,10,0,EXTENDED_PENDING_RESOURCE_GATE,COMPLETE_BASE_INSTANCE
C,2,24,random_ordered,32,0.5,16,0.0001,24ad8a28ae548a31acbe4b6bf3fc186e8ceda2d93a706a0dbb3a7e02b8f2a2a1,d775a3b6f80aa2fccc40dd59e271a19cbff0d94347ca8c72a557397e0ee1a152,10,4,3.9999994212500383,24.0,0.001699999697000025,23.0,True,False,10,0,EXTENDED_PENDING_RESOURCE_GATE,COMPLETE_BASE_INSTANCE
C,2,24,random_ordered,32,0.5,16,0.01,bc230a4ff4562c01dd5b93d0cf2b63e638053386e53ed1f8faecaf166d66cd57,d775a3b6f80aa2fccc40dd59e271a19cbff0d94347ca8c72a557397e0ee1a152,10,4,3.9942163340664085,24.0,0.16969725137305294,23.0,True,False,10,0,EXTENDED_PENDING_RESOURCE_GATE,COMPLETE_BASE_INSTANCE
C,2,24,random_ordered,32,0.5,16,0.1,5cf2acb614794c34dd36d1ac388d04f5b2993a3c2acc76a178e3b8feb3078a42,d775a3b6f80aa2fccc40dd59e271a19cbff0d94347ca8c72a557397e0ee1a152,10,4,3.4581080741000867,24.0,1.420922068657509,23.0,True,False,10,0,EXTENDED_PENDING_RESOURCE_GATE,COMPLETE_BASE_INSTANCE
C,2,24,random_ordered,32,0.5,16,0.5,d6bfcafa0e85376bb8d04198415850d8f675465e1340547c477e22b696429552,d775a3b6f80aa2fccc40dd59e271a19cbff0d94347ca8c72a557397e0ee1a152,10,4,0.06335270404815672,24.0,0.06335270404815672,23.0,True,False,10,0,EXTENDED_PENDING_RESOURCE_GATE,COMPLETE_BASE_INSTANCE
C,2,24,random_ordered,32,0.75,24,0.0001,75a39c9743903ed22ebd785ea5468b4e981b404a9b9524f90f4aab185738559e,d775a3b6f80aa2fccc40dd59e271a19cbff0d94347ca8c72a557397e0ee1a152,10,4,3.9999994212500383,24.0,0.001699999697000025,23.0,True,False,10,0,EXTENDED_PENDING_RESOURCE_GATE,COMPLETE_BASE_INSTANCE
C,2,24,random_ordered,32,0.75,24,0.01,8caf2662fcfb70c109b43b07a82d4a99627aece0ff5f76d25b9541da3fa75955,d775a3b6f80aa2fccc40dd59e271a19cbff0d94347ca8c72a557397e0ee1a152,10,4,3.9942163340664085,24.0,0.16969725137305294,23.0,True,False,10,0,EXTENDED_PENDING_RESOURCE_GATE,COMPLETE_BASE_INSTANCE
C,2,24,random_ordered,32,0.75,24,0.1,850e676051b7a91782a68da32d482f29850f047822ffee0e2086a29caf89b42d,d775a3b6f80aa2fccc40dd59e271a19cbff0d94347ca8c72a557397e0ee1a152,10,4,3.4581080741000867,24.0,1.420922068657509,23.0,True,False,10,0,EXTENDED_PENDING_RESOURCE_GATE,COMPLETE_BASE_INSTANCE
C,2,24,random_ordered,32,0.75,24,0.5,f6d2826d027b7737ef93be2911c13f07dcffb5f67a37b94250ff236c14742652,d775a3b6f80aa2fccc40dd59e271a19cbff0d94347ca8c72a557397e0ee1a152,10,4,0.06335270404815672,24.0,0.06335270404815672,23.0,True,False,10,0,EXTENDED_PENDING_RESOURCE_GATE,COMPLETE_BASE_INSTANCE
C,2,24,random_ordered,64,0.125,8,0.0001,f71ca636ad2d2e39d4021fbfb76d7a51f0b54a7215d388f408f101d50d21f155,d775a3b6f80aa2fccc40dd59e271a19cbff0d94347ca8c72a557397e0ee1a152,10,4,3.9999994212500383,24.0,0.001699999697000025,23.0,True,False,10,0,EXTENDED_PENDING_RESOURCE_GATE,COMPLETE_BASE_INSTANCE
C,2,24,random_ordered,64,0.125,8,0.01,a6e307dc9dc4eae4a0498865afafbda466d24eea14869ba7bb553bf867a868b3,d775a3b6f80aa2fccc40dd59e271a19cbff0d94347ca8c72a557397e0ee1a152,10,4,3.9942163340664085,24.0,0.16969725137305294,23.0,True,False,10,0,EXTENDED_PENDING_RESOURCE_GATE,COMPLETE_BASE_INSTANCE
C,2,24,random_ordered,64,0.125,8,0.1,49bfa87105775623878eb6bf1d3e5d6eeb071b08184763c75ddbdfaf70dbd6c6,d775a3b6f80aa2fccc40dd59e271a19cbff0d94347ca8c72a557397e0ee1a152,10,4,3.4581080741000867,24.0,1.420922068657509,23.0,True,False,10,0,EXTENDED_PENDING_RESOURCE_GATE,COMPLETE_BASE_INSTANCE
C,2,24,random_ordered,64,0.125,8,0.5,f99209143e63239389d11f2b095ba92ecdfb4656d3733b0fc54b6aeb3dd0f345,d775a3b6f80aa2fccc40dd59e271a19cbff0d94347ca8c72a557397e0ee1a152,10,4,0.06335270404815672,24.0,0.06335270404815672,23.0,True,False,10,0,EXTENDED_PENDING_RESOURCE_GATE,COMPLETE_BASE_INSTANCE
C,2,24,random_ordered,64,0.25,16,0.0001,fbc42f60eada91745d2c11d732cbda94556222a77e973b7d2f557896af0fdf2b,d775a3b6f80aa2fccc40dd59e271a19cbff0d94347ca8c72a557397e0ee1a152,10,4,3.9999994212500383,24.0,0.001699999697000025,23.0,True,False,10,0,EXTENDED_PENDING_RESOURCE_GATE,COMPLETE_BASE_INSTANCE
C,2,24,random_ordered,64,0.25,16,0.01,d68ec2993fe94315022b9abf4061223d277b150caaab60e4872d3788e8f9971e,d775a3b6f80aa2fccc40dd59e271a19cbff0d94347ca8c72a557397e0ee1a152,10,4,3.9942163340664085,24.0,0.16969725137305294,23.0,True,False,10,0,EXTENDED_PENDING_RESOURCE_GATE,COMPLETE_BASE_INSTANCE
C,2,24,random_ordered,64,0.25,16,0.1,021a8349a8a9851d5cdd16950e7118f5b4153bf09ca53701677322390526e7b4,d775a3b6f80aa2fccc40dd59e271a19cbff0d94347ca8c72a557397e0ee1a152,10,4,3.4581080741000867,24.0,1.420922068657509,23.0,True,False,10,0,EXTENDED_PENDING_RESOURCE_GATE,COMPLETE_BASE_INSTANCE
C,2,24,random_ordered,64,0.25,16,0.5,9ffe9b0ceffd545ac3009b363273bd248082c2baa4e84303a0f86f1bd95b1d2d,d775a3b6f80aa2fccc40dd59e271a19cbff0d94347ca8c72a557397e0ee1a152,10,4,0.06335270404815672,24.0,0.06335270404815672,23.0,True,False,10,0,EXTENDED_PENDING_RESOURCE_GATE,COMPLETE_BASE_INSTANCE
C,2,24,random_ordered,64,0.5,32,0.0001,7e60ae38d367581a57ae07badd4f8096e84fbe541806743aa0653d632980bb37,d775a3b6f80aa2fccc40dd59e271a19cbff0d94347ca8c72a557397e0ee1a152,10,4,3.9999994212500383,24.0,0.001699999697000025,23.0,True,False,10,0,EXTENDED_PENDING_RESOURCE_GATE,COMPLETE_BASE_INSTANCE
C,2,24,random_ordered,64,0.5,32,0.01,0d0f47c32d3ec7b207d57a569027719fdd2d699028c7d219a08d52fc65e8d072,d775a3b6f80aa2fccc40dd59e271a19cbff0d94347ca8c72a557397e0ee1a152,10,4,3.9942163340664085,24.0,0.16969725137305294,23.0,True,False,10,0,EXTENDED_PENDING_RESOURCE_GATE,COMPLETE_BASE_INSTANCE
C,2,24,random_ordered,64,0.5,32,0.1,6fd21b951222d7771a9987bc59d5cdbb22d90abb776f917d3dbdbe9775a14453,d775a3b6f80aa2fccc40dd59e271a19cbff0d94347ca8c72a557397e0ee1a152,10,4,3.4581080741000867,24.0,1.420922068657509,23.0,True,False,10,0,EXTENDED_PENDING_RESOURCE_GATE,COMPLETE_BASE_INSTANCE
C,2,24,random_ordered,64,0.5,32,0.5,483f4079129e41d4197f021932fb92cbc4cc384707fa010b92a6c5c1ada18b78,d775a3b6f80aa2fccc40dd59e271a19cbff0d94347ca8c72a557397e0ee1a152,10,4,0.06335270404815672,24.0,0.06335270404815672,23.0,True,False,10,0,EXTENDED_PENDING_RESOURCE_GATE,COMPLETE_BASE_INSTANCE
C,2,24,random_ordered,64,0.75,48,0.0001,4717c045c1425f68b3c8af7aa0dd5e6bf34fdfa08c7b89588c66b446407593fa,d775a3b6f80aa2fccc40dd59e271a19cbff0d94347ca8c72a557397e0ee1a152,10,4,3.9999994212500383,24.0,0.001699999697000025,23.0,True,False,10,0,EXTENDED_PENDING_RESOURCE_GATE,COMPLETE_BASE_INSTANCE
C,2,24,random_ordered,64,0.75,48,0.01,b0116b47fa5321c5dffeb1b8075f26857bd3dff8366e896af4e1ae40a5ed2f35,d775a3b6f80aa2fccc40dd59e271a19cbff0d94347ca8c72a557397e0ee1a152,10,4,3.9942163340664085,24.0,0.16969725137305294,23.0,True,False,10,0,EXTENDED_PENDING_RESOURCE_GATE,COMPLETE_BASE_INSTANCE
C,2,24,random_ordered,64,0.75,48,0.1,bb4479cbd445d415eb39bb8e220f881e9396344e582ce99613e05c70b38cb711,d775a3b6f80aa2fccc40dd59e271a19cbff0d94347ca8c72a557397e0ee1a152,10,4,3.4581080741000867,24.0,1.420922068657509,23.0,True,False,10,0,EXTENDED_PENDING_RESOURCE_GATE,COMPLETE_BASE_INSTANCE
C,2,24,random_ordered,64,0.75,48,0.5,09ac1ea97f319d8e5acb66970bc2c94f2650befb04b15fd5a18b08c106de6e60,d775a3b6f80aa2fccc40dd59e271a19cbff0d94347ca8c72a557397e0ee1a152,10,4,0.06335270404815672,24.0,0.06335270404815672,23.0,True,False,10,0,EXTENDED_PENDING_RESOURCE_GATE,COMPLETE_BASE_INSTANCE
C,3,3,comb,2,0.125,1,0.0001,dbe7c3fb3ec06751bde9c33a2930286e41774dd6acb7d29e19b982806cb772c7,bef49f0c8de89a72b306dfb7fa0755c61494ac708957700d9d12bc14a78dcfcd,3,2,2.9999999749999997,3.0,0.0002999999985,2.0,True,False,10,0,EXTENDED_PENDING_RESOURCE_GATE,COMPLETE_BASE_INSTANCE
C,3,3,comb,2,0.125,1,0.01,0eaaece4a5526dff9af82877b5160fa2c5d93ef471f865f39eb7344ecff03b46,bef49f0c8de89a72b306dfb7fa0755c61494ac708957700d9d12bc14a78dcfcd,3,2,2.999750001250104,3.0,0.029998499962498124,2.0,True,False,10,0,EXTENDED_PENDING_RESOURCE_GATE,COMPLETE_BASE_INSTANCE
C,3,3,comb,2,0.125,1,0.1,7e7e249d964b056d0bb8d7a6eea4cbe5bb7e277828fbf33152df8d50aeffbf49,bef49f0c8de89a72b306dfb7fa0755c61494ac708957700d9d12bc14a78dcfcd,3,2,2.975012605015313,3.0,0.298496231131986,2.0,True,False,10,0,EXTENDED_PENDING_RESOURCE_GATE,COMPLETE_BASE_INSTANCE
C,3,3,comb,2,0.125,1,0.5,42ad0e209adf35eb8c68bdd82f2a9ec340800eeac414a70040cffbd2128cb57c,bef49f0c8de89a72b306dfb7fa0755c61494ac708957700d9d12bc14a78dcfcd,3,2,2.384848003542364,3.0,1.2990381056766578,2.0,True,False,10,0,EXTENDED_PENDING_RESOURCE_GATE,COMPLETE_BASE_INSTANCE
C,3,3,comb,2,0.25,1,0.0001,046c620d2c67e55535ae7bbc550fd287ae89bb96f96204f5c433846b6363e56c,bef49f0c8de89a72b306dfb7fa0755c61494ac708957700d9d12bc14a78dcfcd,3,2,2.9999999749999997,3.0,0.0002999999985,2.0,True,False,10,0,EXTENDED_PENDING_RESOURCE_GATE,COMPLETE_BASE_INSTANCE
C,3,3,comb,2,0.25,1,0.01,47debfd4616aa078432e8c2af8d63975da20c7eb324c158d1725fcf06e3a554e,bef49f0c8de89a72b306dfb7fa0755c61494ac708957700d9d12bc14a78dcfcd,3,2,2.999750001250104,3.0,0.029998499962498124,2.0,True,False,10,0,EXTENDED_PENDING_RESOURCE_GATE,COMPLETE_BASE_INSTANCE
C,3,3,comb,2,0.25,1,0.1,807d319f4ea6333422736ef01648186dedf92cca9abebf0bf5febe07c4c9e069,bef49f0c8de89a72b306dfb7fa0755c61494ac708957700d9d12bc14a78dcfcd,3,2,2.975012605015313,3.0,0.298496231131986,2.0,True,False,10,0,EXTENDED_PENDING_RESOURCE_GATE,COMPLETE_BASE_INSTANCE
C,3,3,comb,2,0.25,1,0.5,07254642529e814862bf6bdcbac9f853d99ce69e14990646b014d380e1d3b51b,bef49f0c8de89a72b306dfb7fa0755c61494ac708957700d9d12bc14a78dcfcd,3,2,2.384848003542364,3.0,1.2990381056766578,2.0,True,False,10,0,EXTENDED_PENDING_RESOURCE_GATE,COMPLETE_BASE_INSTANCE
C,3,3,comb,2,0.5,1,0.0001,8eacbd416a68c7cc2410fdca2371abd7d72bc09188cd47ea58cde991ac6f34be,bef49f0c8de89a72b306dfb7fa0755c61494ac708957700d9d12bc14a78dcfcd,3,2,2.9999999749999997,3.0,0.0002999999985,2.0,True,False,10,0,EXTENDED_PENDING_RESOURCE_GATE,COMPLETE_BASE_INSTANCE
C,3,3,comb,2,0.5,1,0.01,6f97ed974b134653d408d159afe8275f3975f6029f8e4a2c2ed869310f5e3906,bef49f0c8de89a72b306dfb7fa0755c61494ac708957700d9d12bc14a78dcfcd,3,2,2.999750001250104,3.0,0.029998499962498124,2.0,True,False,10,0,EXTENDED_PENDING_RESOURCE_GATE,COMPLETE_BASE_INSTANCE
C,3,3,comb,2,0.5,1,0.1,a32506d46119e3a0fa110a7e9ba64a8097dfc4cc95b6177046c2db1b0c087b1a,bef49f0c8de89a72b306dfb7fa0755c61494ac708957700d9d12bc14a78dcfcd,3,2,2.975012605015313,3.0,0.298496231131986,2.0,True,False,10,0,EXTENDED_PENDING_RESOURCE_GATE,COMPLETE_BASE_INSTANCE
C,3,3,comb,2,0.5,1,0.5,2a8b74df3a1b8c946479a0106c97706bdfd132cbac8a4898326da50176aa3f00,bef49f0c8de89a72b306dfb7fa0755c61494ac708957700d9d12bc14a78dcfcd,3,2,2.384848003542364,3.0,1.2990381056766578,2.0,True,False,10,0,EXTENDED_PENDING_RESOURCE_GATE,COMPLETE_BASE_INSTANCE
C,3,3,comb,2,0.75,1,0.0001,87f8e2f960de34fab4cc43e933b38635290cf9a64a488916fd823575366958ff,bef49f0c8de89a72b306dfb7fa0755c61494ac708957700d9d12bc14a78dcfcd,3,2,2.9999999749999997,3.0,0.0002999999985,2.0,True,False,10,0,EXTENDED_PENDING_RESOURCE_GATE,COMPLETE_BASE_INSTANCE
C,3,3,comb,2,0.75,1,0.01,b624ddc99b1f0847f61aa6c92f4e7ebc22f89de29b99f40806b92532eb93cffd,bef49f0c8de89a72b306dfb7fa0755c61494ac708957700d9d12bc14a78dcfcd,3,2,2.999750001250104,3.0,0.029998499962498124,2.0,True,False,10,0,EXTENDED_PENDING_RESOURCE_GATE,COMPLETE_BASE_INSTANCE
C,3,3,comb,2,0.75,1,0.1,bc174d8c0c91922faddf1a4157491ec78cd86b6d9c9ed9e63c4235ef3d6deeb6,bef49f0c8de89a72b306dfb7fa0755c61494ac708957700d9d12bc14a78dcfcd,3,2,2.975012605015313,3.0,0.298496231131986,2.0,True,False,10,0,EXTENDED_PENDING_RESOURCE_GATE,COMPLETE_BASE_INSTANCE
C,3,3,comb,2,0.75,1,0.5,6fe959d3485baa9603eb5f2c1f643a2b4bbba0519a9e32ba92f7621171a92297,bef49f0c8de89a72b306dfb7fa0755c61494ac708957700d9d12bc14a78dcfcd,3,2,2.384848003542364,3.0,1.2990381056766578,2.0,True,False,10,0,EXTENDED_PENDING_RESOURCE_GATE,COMPLETE_BASE_INSTANCE
C,3,3,comb,4,0.125,1,0.0001,5310d815f59b56f7f8e39ee4819ee21d165e3ab174ccf750818484713130c8bb,bef49f0c8de89a72b306dfb7fa0755c61494ac708957700d9d12bc14a78dcfcd,3,2,2.9999999749999997,3.0,0.0002999999985,2.0,True,False,10,0,EXTENDED_PENDING_RESOURCE_GATE,COMPLETE_BASE_INSTANCE
C,3,3,comb,4,0.125,1,0.01,11a897d37bee626b37f6a08f58bbcd8475f23353afdc28a58b9c7578c6f9f85c,bef49f0c8de89a72b306dfb7fa0755c61494ac708957700d9d12bc14a78dcfcd,3,2,2.999750001250104,3.0,0.029998499962498124,2.0,True,False,10,0,EXTENDED_PENDING_RESOURCE_GATE,COMPLETE_BASE_INSTANCE
C,3,3,comb,4,0.125,1,0.1,7de2932646657fdb231e7ec8521b6f644f6274f25a91b42b71a6c7563247af0f,bef49f0c8de89a72b306dfb7fa0755c61494ac708957700d9d12bc14a78dcfcd,3,2,2.975012605015313,3.0,0.298496231131986,2.0,True,False,10,0,EXTENDED_PENDING_RESOURCE_GATE,COMPLETE_BASE_INSTANCE
C,3,3,comb,4,0.125,1,0.5,46418b7f563ea8e0180d899864b9c66a5a84dfb859582877c9801341b4ea5b08,bef49f0c8de89a72b306dfb7fa0755c61494ac708957700d9d12bc14a78dcfcd,3,2,2.384848003542364,3.0,1.2990381056766578,2.0,True,False,10,0,EXTENDED_PENDING_RESOURCE_GATE,COMPLETE_BASE_INSTANCE
C,3,3,comb,4,0.25,1,0.0001,99f92a4a6dbd80f99d2251fdc90504b45d0800324f0d2815f610cc95f03060e5,bef49f0c8de89a72b306dfb7fa0755c61494ac708957700d9d12bc14a78dcfcd,3,2,2.9999999749999997,3.0,0.0002999999985,2.0,True,False,10,0,EXTENDED_PENDING_RESOURCE_GATE,COMPLETE_BASE_INSTANCE
C,3,3,comb,4,0.25,1,0.01,dbcedec328eb47068fe79befdc11caff61842df492f793a593b3fce627d066f5,bef49f0c8de89a72b306dfb7fa0755c61494ac708957700d9d12bc14a78dcfcd,3,2,2.999750001250104,3.0,0.029998499962498124,2.0,True,False,10,0,EXTENDED_PENDING_RESOURCE_GATE,COMPLETE_BASE_INSTANCE
C,3,3,comb,4,0.25,1,0.1,2f66a48b7b55b881aa7fc26f156d77b9644d3d00512fe6b485a099cc151be483,bef49f0c8de89a72b306dfb7fa0755c61494ac708957700d9d12bc14a78dcfcd,3,2,2.975012605015313,3.0,0.298496231131986,2.0,True,False,10,0,EXTENDED_PENDING_RESOURCE_GATE,COMPLETE_BASE_INSTANCE
C,3,3,comb,4,0.25,1,0.5,43cf5ecf1d4ee9dc1a2f1f04ccb90bffba2e56c19c30da151135cd41d3ad70ed,bef49f0c8de89a72b306dfb7fa0755c61494ac708957700d9d12bc14a78dcfcd,3,2,2.384848003542364,3.0,1.2990381056766578,2.0,True,False,10,0,EXTENDED_PENDING_RESOURCE_GATE,COMPLETE_BASE_INSTANCE
C,3,3,comb,4,0.5,2,0.0001,a56fb5007d380ff2cf26bde2966b73dcc7448849c09e29429fe18a610b5e55f2,bef49f0c8de89a72b306dfb7fa0755c61494ac708957700d9d12bc14a78dcfcd,3,2,2.9999999749999997,3.0,0.0002999999985,2.0,True,False,10,0,EXTENDED_PENDING_RESOURCE_GATE,COMPLETE_BASE_INSTANCE
C,3,3,comb,4,0.5,2,0.01,cbc1e3bd5e7a809987931cd82f344cb5903f5c2df0192229ca99d5080e135f45,bef49f0c8de89a72b306dfb7fa0755c61494ac708957700d9d12bc14a78dcfcd,3,2,2.999750001250104,3.0,0.029998499962498124,2.0,True,False,10,0,EXTENDED_PENDING_RESOURCE_GATE,COMPLETE_BASE_INSTANCE
C,3,3,comb,4,0.5,2,0.1,3edfd61ac2679f765e5bf628841f39bb6699b0bc11e67543d6717a6fccefbdc4,bef49f0c8de89a72b306dfb7fa0755c61494ac708957700d9d12bc14a78dcfcd,3,2,2.975012605015313,3.0,0.298496231131986,2.0,True,False,10,0,EXTENDED_PENDING_RESOURCE_GATE,COMPLETE_BASE_INSTANCE
C,3,3,comb,4,0.5,2,0.5,d0673825c851a6cb3bc58affde763e012f56a6f90af85cdc42c41b99cee4bc6e,bef49f0c8de89a72b306dfb7fa0755c61494ac708957700d9d12bc14a78dcfcd,3,2,2.384848003542364,3.0,1.2990381056766578,2.0,True,False,10,0,EXTENDED_PENDING_RESOURCE_GATE,COMPLETE_BASE_INSTANCE
C,3,3,comb,4,0.75,3,0.0001,2ff44c5cd486eeb8bdd3aba927c2f81bbb63767e77d57521c32b69197458e851,bef49f0c8de89a72b306dfb7fa0755c61494ac708957700d9d12bc14a78dcfcd,3,2,2.9999999749999997,3.0,0.0002999999985,2.0,True,False,10,0,EXTENDED_PENDING_RESOURCE_GATE,COMPLETE_BASE_INSTANCE
C,3,3,comb,4,0.75,3,0.01,538c6ffdd15f271a5fc4fe8daf2d5764c71985abf19122584355be06c9882e56,bef49f0c8de89a72b306dfb7fa0755c61494ac708957700d9d12bc14a78dcfcd,3,2,2.999750001250104,3.0,0.029998499962498124,2.0,True,False,10,0,EXTENDED_PENDING_RESOURCE_GATE,COMPLETE_BASE_INSTANCE
C,3,3,comb,4,0.75,3,0.1,0aea47f7fa03fad04cb566f5814f95092f26bd2346e87c2ac00e134b5faaaa2d,bef49f0c8de89a72b306dfb7fa0755c61494ac708957700d9d12bc14a78dcfcd,3,2,2.975012605015313,3.0,0.298496231131986,2.0,True,False,10,0,EXTENDED_PENDING_RESOURCE_GATE,COMPLETE_BASE_INSTANCE
C,3,3,comb,4,0.75,3,0.5,503babc01d8ff71c91fa13461433fb5fb3f4c5fe5629fd6808024c68e4345a2c,bef49f0c8de89a72b306dfb7fa0755c61494ac708957700d9d12bc14a78dcfcd,3,2,2.384848003542364,3.0,1.2990381056766578,2.0,True,False,10,0,EXTENDED_PENDING_RESOURCE_GATE,COMPLETE_BASE_INSTANCE
C,3,3,comb,8,0.125,1,0.0001,6910245b19907511a591aee1071c210fa6128f8578660db5f86df40ef7aac6f1,bef49f0c8de89a72b306dfb7fa0755c61494ac708957700d9d12bc14a78dcfcd,3,2,2.9999999749999997,3.0,0.0002999999985,2.0,True,False,10,0,EXTENDED_PENDING_RESOURCE_GATE,COMPLETE_BASE_INSTANCE
C,3,3,comb,8,0.125,1,0.01,c1ad769141a681009f96ed2a8664a08c6b3823950a66713970cf15c68f45ec40,bef49f0c8de89a72b306dfb7fa0755c61494ac708957700d9d12bc14a78dcfcd,3,2,2.999750001250104,3.0,0.029998499962498124,2.0,True,False,10,0,EXTENDED_PENDING_RESOURCE_GATE,COMPLETE_BASE_INSTANCE
C,3,3,comb,8,0.125,1,0.1,a3fb34777ba0c6eaa724bd107e680ddd1b182e97642f33015e671763fc756d2b,bef49f0c8de89a72b306dfb7fa0755c61494ac708957700d9d12bc14a78dcfcd,3,2,2.975012605015313,3.0,0.298496231131986,2.0,True,False,10,0,EXTENDED_PENDING_RESOURCE_GATE,COMPLETE_BASE_INSTANCE
C,3,3,comb,8,0.125,1,0.5,4983d5c3c81d49c12f03d10caa7a8cd0e66845f866b6844c313905b925839db1,bef49f0c8de89a72b306dfb7fa0755c61494ac708957700d9d12bc14a78dcfcd,3,2,2.384848003542364,3.0,1.2990381056766578,2.0,True,False,10,0,EXTENDED_PENDING_RESOURCE_GATE,COMPLETE_BASE_INSTANCE
C,3,3,comb,8,0.25,2,0.0001,09eb56fea11f5fdc1f0482ecdd82f489006fa4d842ae54498ba9a5cd6901364a,bef49f0c8de89a72b306dfb7fa0755c61494ac708957700d9d12bc14a78dcfcd,3,2,2.9999999749999997,3.0,0.0002999999985,2.0,True,False,10,0,EXTENDED_PENDING_RESOURCE_GATE,COMPLETE_BASE_INSTANCE
C,3,3,comb,8,0.25,2,0.01,44f5f4bc3ea5bed8eefac8d5dd6549c2d81a9faaa36dff71d33ff9bc5d8dc532,bef49f0c8de89a72b306dfb7fa0755c61494ac708957700d9d12bc14a78dcfcd,3,2,2.999750001250104,3.0,0.029998499962498124,2.0,True,False,10,0,EXTENDED_PENDING_RESOURCE_GATE,COMPLETE_BASE_INSTANCE
C,3,3,comb,8,0.25,2,0.1,d66507d0ba89a32f270e8a81e06fe42ae06ae9963b177758b979cd8c65cb68cc,bef49f0c8de89a72b306dfb7fa0755c61494ac708957700d9d12bc14a78dcfcd,3,2,2.975012605015313,3.0,0.298496231131986,2.0,True,False,10,0,EXTENDED_PENDING_RESOURCE_GATE,COMPLETE_BASE_INSTANCE
C,3,3,comb,8,0.25,2,0.5,a4ec1ffd0d2913fdd1045fda1de97b12f11776178d4694e8e83f232b225a0d03,bef49f0c8de89a72b306dfb7fa0755c61494ac708957700d9d12bc14a78dcfcd,3,2,2.384848003542364,3.0,1.2990381056766578,2.0,True,False,10,0,EXTENDED_PENDING_RESOURCE_GATE,COMPLETE_BASE_INSTANCE
C,3,3,comb,8,0.5,4,0.0001,320e55bad1ba311a91bc5a6cf9c5641e61343489077de434cb1f1c8a2ef14fe5,bef49f0c8de89a72b306dfb7fa0755c61494ac708957700d9d12bc14a78dcfcd,3,2,2.9999999749999997,3.0,0.0002999999985,2.0,True,False,10,0,EXTENDED_PENDING_RESOURCE_GATE,COMPLETE_BASE_INSTANCE
C,3,3,comb,8,0.5,4,0.01,b7f89445656774c5f5c0881c8f61fe3fbf7dec8f1b59d0946331ef4771a1e54e,bef49f0c8de89a72b306dfb7fa0755c61494ac708957700d9d12bc14a78dcfcd,3,2,2.999750001250104,3.0,0.029998499962498124,2.0,True,False,10,0,EXTENDED_PENDING_RESOURCE_GATE,COMPLETE_BASE_INSTANCE
C,3,3,comb,8,0.5,4,0.1,9b21114cb597231ae8ce0a5ebb120a9a62afd1a3105a2968c2985291bee8f469,bef49f0c8de89a72b306dfb7fa0755c61494ac708957700d9d12bc14a78dcfcd,3,2,2.975012605015313,3.0,0.298496231131986,2.0,True,False,10,0,EXTENDED_PENDING_RESOURCE_GATE,COMPLETE_BASE_INSTANCE
C,3,3,comb,8,0.5,4,0.5,9f51631d70f3eb81822478a06cde1ae5f91484947bab36dd9ac1cc37e19a6ef3,bef49f0c8de89a72b306dfb7fa0755c61494ac708957700d9d12bc14a78dcfcd,3,2,2.384848003542364,3.0,1.2990381056766578,2.0,True,False,10,0,EXTENDED_PENDING_RESOURCE_GATE,COMPLETE_BASE_INSTANCE
C,3,3,comb,8,0.75,6,0.0001,52dc2034c907ba52a0e3ff2c39041648a647a2ac745302df2d940fffff6cf8f1,bef49f0c8de89a72b306dfb7fa0755c61494ac708957700d9d12bc14a78dcfcd,3,2,2.9999999749999997,3.0,0.0002999999985,2.0,True,False,10,0,EXTENDED_PENDING_RESOURCE_GATE,COMPLETE_BASE_INSTANCE
C,3,3,comb,8,0.75,6,0.01,22454c7a98273817f79c64bbc9464f10badd908232c5c6b4eefdc96ec4e947f7,bef49f0c8de89a72b306dfb7fa0755c61494ac708957700d9d12bc14a78dcfcd,3,2,2.999750001250104,3.0,0.029998499962498124,2.0,True,False,10,0,EXTENDED_PENDING_RESOURCE_GATE,COMPLETE_BASE_INSTANCE
C,3,3,comb,8,0.75,6,0.1,7fccc5bb766f03e336a4d872a47fe0fd0746f421fe20fecf8506fa1ea9bb59aa,bef49f0c8de89a72b306dfb7fa0755c61494ac708957700d9d12bc14a78dcfcd,3,2,2.975012605015313,3.0,0.298496231131986,2.0,True,False,10,0,EXTENDED_PENDING_RESOURCE_GATE,COMPLETE_BASE_INSTANCE
C,3,3,comb,8,0.75,6,0.5,1a0009ef23ca3ad5712b20c10ff4ff7c92557c01ffa3060bda5ff35c9b7d10c6,bef49f0c8de89a72b306dfb7fa0755c61494ac708957700d9d12bc14a78dcfcd,3,2,2.384848003542364,3.0,1.2990381056766578,2.0,True,False,10,0,EXTENDED_PENDING_RESOURCE_GATE,COMPLETE_BASE_INSTANCE
C,3,3,comb,16,0.125,2,0.0001,b2a46193f3e9c508609d64f8fa809a65d8e298e1019687a71b9d558c4d004f74,bef49f0c8de89a72b306dfb7fa0755c61494ac708957700d9d12bc14a78dcfcd,3,2,2.9999999749999997,3.0,0.0002999999985,2.0,True,False,10,0,EXTENDED_PENDING_RESOURCE_GATE,COMPLETE_BASE_INSTANCE
C,3,3,comb,16,0.125,2,0.01,e99355c13d31d1410a760fcff9d66f5be695739bd25de8df641e37eb0f3f2f33,bef49f0c8de89a72b306dfb7fa0755c61494ac708957700d9d12bc14a78dcfcd,3,2,2.999750001250104,3.0,0.029998499962498124,2.0,True,False,10,0,EXTENDED_PENDING_RESOURCE_GATE,COMPLETE_BASE_INSTANCE
C,3,3,comb,16,0.125,2,0.1,b04e772c1501d8a5ff65fa84ddc3b9fbf525ecb8808e4b00ce202d825cf4276b,bef49f0c8de89a72b306dfb7fa0755c61494ac708957700d9d12bc14a78dcfcd,3,2,2.975012605015313,3.0,0.298496231131986,2.0,True,False,10,0,EXTENDED_PENDING_RESOURCE_GATE,COMPLETE_BASE_INSTANCE
C,3,3,comb,16,0.125,2,0.5,18aa6c1a897d6df186f048032da0a7df7c40ef6ea130a073fbe87432055f5f89,bef49f0c8de89a72b306dfb7fa0755c61494ac708957700d9d12bc14a78dcfcd,3,2,2.384848003542364,3.0,1.2990381056766578,2.0,True,False,10,0,EXTENDED_PENDING_RESOURCE_GATE,COMPLETE_BASE_INSTANCE
C,3,3,comb,16,0.25,4,0.0001,9bda21f03a6173b1aca8161f21c6827c4058cb243453a6829bd4906c3c492efe,bef49f0c8de89a72b306dfb7fa0755c61494ac708957700d9d12bc14a78dcfcd,3,2,2.9999999749999997,3.0,0.0002999999985,2.0,True,False,10,0,EXTENDED_PENDING_RESOURCE_GATE,COMPLETE_BASE_INSTANCE
C,3,3,comb,16,0.25,4,0.01,157fb4e190fc5b40b2541477b6645445e04d79e784079098aafcd7bb202e19b7,bef49f0c8de89a72b306dfb7fa0755c61494ac708957700d9d12bc14a78dcfcd,3,2,2.999750001250104,3.0,0.029998499962498124,2.0,True,False,10,0,EXTENDED_PENDING_RESOURCE_GATE,COMPLETE_BASE_INSTANCE
C,3,3,comb,16,0.25,4,0.1,706d869e03fb1269da32c48e437eb6740797c5eecfb5e8ec6ddaa9b40f87b054,bef49f0c8de89a72b306dfb7fa0755c61494ac708957700d9d12bc14a78dcfcd,3,2,2.975012605015313,3.0,0.298496231131986,2.0,True,False,10,0,EXTENDED_PENDING_RESOURCE_GATE,COMPLETE_BASE_INSTANCE
C,3,3,comb,16,0.25,4,0.5,5d6d898e8e31b98cda5a6f3346f865c302e2a7a5677b5f4914557f947ddaa28b,bef49f0c8de89a72b306dfb7fa0755c61494ac708957700d9d12bc14a78dcfcd,3,2,2.384848003542364,3.0,1.2990381056766578,2.0,True,False,10,0,EXTENDED_PENDING_RESOURCE_GATE,COMPLETE_BASE_INSTANCE
C,3,3,comb,16,0.5,8,0.0001,b8be4eed67687fd97eaa955647367343cac30ad538996b6c265515bdd5acd8ba,bef49f0c8de89a72b306dfb7fa0755c61494ac708957700d9d12bc14a78dcfcd,3,2,2.9999999749999997,3.0,0.0002999999985,2.0,True,False,10,0,EXTENDED_PENDING_RESOURCE_GATE,COMPLETE_BASE_INSTANCE
C,3,3,comb,16,0.5,8,0.01,dd9da7dd3da9057af014b322623ef8b21f902c8ca966e8cc2f2b66f29c351497,bef49f0c8de89a72b306dfb7fa0755c61494ac708957700d9d12bc14a78dcfcd,3,2,2.999750001250104,3.0,0.029998499962498124,2.0,True,False,10,0,EXTENDED_PENDING_RESOURCE_GATE,COMPLETE_BASE_INSTANCE
C,3,3,comb,16,0.5,8,0.1,e492e4b696e0d98b88d6c4f8694a75f4d9a9d5c12d7b2e2e92c026a8fcb39cd7,bef49f0c8de89a72b306dfb7fa0755c61494ac708957700d9d12bc14a78dcfcd,3,2,2.975012605015313,3.0,0.298496231131986,2.0,True,False,10,0,EXTENDED_PENDING_RESOURCE_GATE,COMPLETE_BASE_INSTANCE
C,3,3,comb,16,0.5,8,0.5,b1efd8bf5184e667aeec10d32d84f8b312dc28c3c29f79dc1abddf508ec11024,bef49f0c8de89a72b306dfb7fa0755c61494ac708957700d9d12bc14a78dcfcd,3,2,2.384848003542364,3.0,1.2990381056766578,2.0,True,False,10,0,EXTENDED_PENDING_RESOURCE_GATE,COMPLETE_BASE_INSTANCE
C,3,3,comb,16,0.75,12,0.0001,05b7c74ab0361bc1891ee026bd5f6f63551e82ce13b31e564ebe504a9996ee03,bef49f0c8de89a72b306dfb7fa0755c61494ac708957700d9d12bc14a78dcfcd,3,2,2.9999999749999997,3.0,0.0002999999985,2.0,True,False,10,0,EXTENDED_PENDING_RESOURCE_GATE,COMPLETE_BASE_INSTANCE
C,3,3,comb,16,0.75,12,0.01,3f9127b9c9fb3d86348a44c293ada27e751a37c9dcb3cd104098950bce996e52,bef49f0c8de89a72b306dfb7fa0755c61494ac708957700d9d12bc14a78dcfcd,3,2,2.999750001250104,3.0,0.029998499962498124,2.0,True,False,10,0,EXTENDED_PENDING_RESOURCE_GATE,COMPLETE_BASE_INSTANCE
C,3,3,comb,16,0.75,12,0.1,ffcc1294e8b7f0d99ce69b477c50b4e7918249d1a4c8406b3a42b244f09bb39b,bef49f0c8de89a72b306dfb7fa0755c61494ac708957700d9d12bc14a78dcfcd,3,2,2.975012605015313,3.0,0.298496231131986,2.0,True,False,10,0,EXTENDED_PENDING_RESOURCE_GATE,COMPLETE_BASE_INSTANCE
C,3,3,comb,16,0.75,12,0.5,2a67c70bb6e26b56494f9767babb3626ea333c43106513cad1f1f20d2395feb3,bef49f0c8de89a72b306dfb7fa0755c61494ac708957700d9d12bc14a78dcfcd,3,2,2.384848003542364,3.0,1.2990381056766578,2.0,True,False,10,0,EXTENDED_PENDING_RESOURCE_GATE,COMPLETE_BASE_INSTANCE
C,3,3,comb,32,0.125,4,0.0001,3fd88f707bfb6d72e1ff9a97b517e5077d3ab2cf21d8a7523756881702a77856,bef49f0c8de89a72b306dfb7fa0755c61494ac708957700d9d12bc14a78dcfcd,3,2,2.9999999749999997,3.0,0.0002999999985,2.0,True,False,10,0,EXTENDED_PENDING_RESOURCE_GATE,COMPLETE_BASE_INSTANCE
C,3,3,comb,32,0.125,4,0.01,a4cb5af180f911418c7ea5872ff548722f8c60912dff35de73d67d6e9d470e22,bef49f0c8de89a72b306dfb7fa0755c61494ac708957700d9d12bc14a78dcfcd,3,2,2.999750001250104,3.0,0.029998499962498124,2.0,True,False,10,0,EXTENDED_PENDING_RESOURCE_GATE,COMPLETE_BASE_INSTANCE
C,3,3,comb,32,0.125,4,0.1,9231e6daf4291fd3a4226bc4e9c527a372ada5b7af34d2ed5d57698d66a1ae5f,bef49f0c8de89a72b306dfb7fa0755c61494ac708957700d9d12bc14a78dcfcd,3,2,2.975012605015313,3.0,0.298496231131986,2.0,True,False,10,0,EXTENDED_PENDING_RESOURCE_GATE,COMPLETE_BASE_INSTANCE
C,3,3,comb,32,0.125,4,0.5,baa03a87854e5f068e4b19d7c51e62e9b8ae42f500d728084d9e46c6990b702d,bef49f0c8de89a72b306dfb7fa0755c61494ac708957700d9d12bc14a78dcfcd,3,2,2.384848003542364,3.0,1.2990381056766578,2.0,True,False,10,0,EXTENDED_PENDING_RESOURCE_GATE,COMPLETE_BASE_INSTANCE
C,3,3,comb,32,0.25,8,0.0001,ae22de4e4e43a136f536ea3bdccfb094ba6bccc3fbd4d1a66a1d96b50b2c3ab4,bef49f0c8de89a72b306dfb7fa0755c61494ac708957700d9d12bc14a78dcfcd,3,2,2.9999999749999997,3.0,0.0002999999985,2.0,True,False,10,0,EXTENDED_PENDING_RESOURCE_GATE,COMPLETE_BASE_INSTANCE
C,3,3,comb,32,0.25,8,0.01,f47ac0de9c9fbcf3fa289a780bb6064b4ae3191583fc2b98fc0d6c3838bccf63,bef49f0c8de89a72b306dfb7fa0755c61494ac708957700d9d12bc14a78dcfcd,3,2,2.999750001250104,3.0,0.029998499962498124,2.0,True,False,10,0,EXTENDED_PENDING_RESOURCE_GATE,COMPLETE_BASE_INSTANCE
C,3,3,comb,32,0.25,8,0.1,c49a6aad128151d5ded668e68648ffce8779cf2682d03113f2f0f52b95a10a70,bef49f0c8de89a72b306dfb7fa0755c61494ac708957700d9d12bc14a78dcfcd,3,2,2.975012605015313,3.0,0.298496231131986,2.0,True,False,10,0,EXTENDED_PENDING_RESOURCE_GATE,COMPLETE_BASE_INSTANCE
C,3,3,comb,32,0.25,8,0.5,c246867cd383c08f35666f59f02626aab145576467a88df4700fc2594d53af65,bef49f0c8de89a72b306dfb7fa0755c61494ac708957700d9d12bc14a78dcfcd,3,2,2.384848003542364,3.0,1.2990381056766578,2.0,True,False,10,0,EXTENDED_PENDING_RESOURCE_GATE,COMPLETE_BASE_INSTANCE
C,3,3,comb,32,0.5,16,0.0001,8ea68d238aed046008fef63868941a894caf48c7c5bd49d1d1f6e409ead0c717,bef49f0c8de89a72b306dfb7fa0755c61494ac708957700d9d12bc14a78dcfcd,3,2,2.9999999749999997,3.0,0.0002999999985,2.0,True,False,10,0,EXTENDED_PENDING_RESOURCE_GATE,COMPLETE_BASE_INSTANCE
C,3,3,comb,32,0.5,16,0.01,dd5b746d2cb5c5ed9076b87304acaac022b818c8aab492980af05d75c4f08a86,bef49f0c8de89a72b306dfb7fa0755c61494ac708957700d9d12bc14a78dcfcd,3,2,2.999750001250104,3.0,0.029998499962498124,2.0,True,False,10,0,EXTENDED_PENDING_RESOURCE_GATE,COMPLETE_BASE_INSTANCE
C,3,3,comb,32,0.5,16,0.1,07a4d5b11d356acd84b0f3a3a1c7ac4e4631a598b5ca1855a2390f78a5631283,bef49f0c8de89a72b306dfb7fa0755c61494ac708957700d9d12bc14a78dcfcd,3,2,2.975012605015313,3.0,0.298496231131986,2.0,True,False,10,0,EXTENDED_PENDING_RESOURCE_GATE,COMPLETE_BASE_INSTANCE
C,3,3,comb,32,0.5,16,0.5,46e11ab9417afd70576c7cab46a977414e75aa5e4133733c3aed7091be41cb6e,bef49f0c8de89a72b306dfb7fa0755c61494ac708957700d9d12bc14a78dcfcd,3,2,2.384848003542364,3.0,1.2990381056766578,2.0,True,False,10,0,EXTENDED_PENDING_RESOURCE_GATE,COMPLETE_BASE_INSTANCE
C,3,3,comb,32,0.75,24,0.0001,156a052b9e93a92bbc43cb510c49db767008021783fac72ce61084f348757d41,bef49f0c8de89a72b306dfb7fa0755c61494ac708957700d9d12bc14a78dcfcd,3,2,2.9999999749999997,3.0,0.0002999999985,2.0,True,False,10,0,EXTENDED_PENDING_RESOURCE_GATE,COMPLETE_BASE_INSTANCE
C,3,3,comb,32,0.75,24,0.01,c1d680461a0446b7ca23bc798d5eafd70db4f327fee6f7adfcf80866faedcea7,bef49f0c8de89a72b306dfb7fa0755c61494ac708957700d9d12bc14a78dcfcd,3,2,2.999750001250104,3.0,0.029998499962498124,2.0,True,False,10,0,EXTENDED_PENDING_RESOURCE_GATE,COMPLETE_BASE_INSTANCE
C,3,3,comb,32,0.75,24,0.1,e726ce748ac37b57b976662572b60cb7d32a68f9a823b81e3947e2e9b8cffc41,bef49f0c8de89a72b306dfb7fa0755c61494ac708957700d9d12bc14a78dcfcd,3,2,2.975012605015313,3.0,0.298496231131986,2.0,True,False,10,0,EXTENDED_PENDING_RESOURCE_GATE,COMPLETE_BASE_INSTANCE
C,3,3,comb,32,0.75,24,0.5,74d75c6281e08b08413bf3ca1bbe45778597e798dc97f552c467c448d2ff283a,bef49f0c8de89a72b306dfb7fa0755c61494ac708957700d9d12bc14a78dcfcd,3,2,2.384848003542364,3.0,1.2990381056766578,2.0,True,False,10,0,EXTENDED_PENDING_RESOURCE_GATE,COMPLETE_BASE_INSTANCE
C,3,3,comb,64,0.125,8,0.0001,cf20c4f0967640c50b317853be60f1f8bdd8e867bf9b8023f34d616e64fcc19f,bef49f0c8de89a72b306dfb7fa0755c61494ac708957700d9d12bc14a78dcfcd,3,2,2.9999999749999997,3.0,0.0002999999985,2.0,True,False,10,0,EXTENDED_PENDING_RESOURCE_GATE,COMPLETE_BASE_INSTANCE
C,3,3,comb,64,0.125,8,0.01,27d1de2c232695c14b4622ef146a66897323c7f40ae2bb630f36393e62f0ff6d,bef49f0c8de89a72b306dfb7fa0755c61494ac708957700d9d12bc14a78dcfcd,3,2,2.999750001250104,3.0,0.029998499962498124,2.0,True,False,10,0,EXTENDED_PENDING_RESOURCE_GATE,COMPLETE_BASE_INSTANCE
C,3,3,comb,64,0.125,8,0.1,4876ba79090f581b23401ef3cd9dc571d8c1ff6fc10881bc9c990c787a8dbe05,bef49f0c8de89a72b306dfb7fa0755c61494ac708957700d9d12bc14a78dcfcd,3,2,2.975012605015313,3.0,0.298496231131986,2.0,True,False,10,0,EXTENDED_PENDING_RESOURCE_GATE,COMPLETE_BASE_INSTANCE
C,3,3,comb,64,0.125,8,0.5,810b8221fafcf3fea4d6cf8622ce73cdf5d89b3760555cd99b3488ce9449f171,bef49f0c8de89a72b306dfb7fa0755c61494ac708957700d9d12bc14a78dcfcd,3,2,2.384848003542364,3.0,1.2990381056766578,2.0,True,False,10,0,EXTENDED_PENDING_RESOURCE_GATE,COMPLETE_BASE_INSTANCE
C,3,3,comb,64,0.25,16,0.0001,711e9498b6babef15da1fa232818f1cd0d20182bd90c9d54f3294859534a947c,bef49f0c8de89a72b306dfb7fa0755c61494ac708957700d9d12bc14a78dcfcd,3,2,2.9999999749999997,3.0,0.0002999999985,2.0,True,False,10,0,EXTENDED_PENDING_RESOURCE_GATE,COMPLETE_BASE_INSTANCE
C,3,3,comb,64,0.25,16,0.01,12de3bd337a1ec83261f64ee51ed67f40edd328c6d4f0bac622f291390aa4973,bef49f0c8de89a72b306dfb7fa0755c61494ac708957700d9d12bc14a78dcfcd,3,2,2.999750001250104,3.0,0.029998499962498124,2.0,True,False,10,0,EXTENDED_PENDING_RESOURCE_GATE,COMPLETE_BASE_INSTANCE
C,3,3,comb,64,0.25,16,0.1,fbe90cd52850bc3821d885506ff644d83d1580e5ed4cb4f4b5662e42dce55f79,bef49f0c8de89a72b306dfb7fa0755c61494ac708957700d9d12bc14a78dcfcd,3,2,2.975012605015313,3.0,0.298496231131986,2.0,True,False,10,0,EXTENDED_PENDING_RESOURCE_GATE,COMPLETE_BASE_INSTANCE
C,3,3,comb,64,0.25,16,0.5,aa59fcf0f3f5b2d76be246de133c80b155c3f2351229c4ee8f18b4b1fb8d2c22,bef49f0c8de89a72b306dfb7fa0755c61494ac708957700d9d12bc14a78dcfcd,3,2,2.384848003542364,3.0,1.2990381056766578,2.0,True,False,10,0,EXTENDED_PENDING_RESOURCE_GATE,COMPLETE_BASE_INSTANCE
C,3,3,comb,64,0.5,32,0.0001,16138a942797b5d7a3dced2c87ea3791ac4aa593886f7b4e0785668e7701735e,bef49f0c8de89a72b306dfb7fa0755c61494ac708957700d9d12bc14a78dcfcd,3,2,2.9999999749999997,3.0,0.0002999999985,2.0,True,False,10,0,EXTENDED_PENDING_RESOURCE_GATE,COMPLETE_BASE_INSTANCE
C,3,3,comb,64,0.5,32,0.01,a974a3e01ec67c74f03f46678143772ded5b43b0404d8a7816480cc534075518,bef49f0c8de89a72b306dfb7fa0755c61494ac708957700d9d12bc14a78dcfcd,3,2,2.999750001250104,3.0,0.029998499962498124,2.0,True,False,10,0,EXTENDED_PENDING_RESOURCE_GATE,COMPLETE_BASE_INSTANCE
C,3,3,comb,64,0.5,32,0.1,fae476c87a0e9857e87605ecf3b291fcec0b741f681c2a7eeb1091e981003eb2,bef49f0c8de89a72b306dfb7fa0755c61494ac708957700d9d12bc14a78dcfcd,3,2,2.975012605015313,3.0,0.298496231131986,2.0,True,False,10,0,EXTENDED_PENDING_RESOURCE_GATE,COMPLETE_BASE_INSTANCE
C,3,3,comb,64,0.5,32,0.5,fa7dc683f820d7671c57f967599afdc48d44c67e27de77ddab47ab00c7bb6e50,bef49f0c8de89a72b306dfb7fa0755c61494ac708957700d9d12bc14a78dcfcd,3,2,2.384848003542364,3.0,1.2990381056766578,2.0,True,False,10,0,EXTENDED_PENDING_RESOURCE_GATE,COMPLETE_BASE_INSTANCE
C,3,3,comb,64,0.75,48,0.0001,d85d1f8245521ed81eb81f6dd54e77d13f171fe35b28961d3726432f3a6e4fc9,bef49f0c8de89a72b306dfb7fa0755c61494ac708957700d9d12bc14a78dcfcd,3,2,2.9999999749999997,3.0,0.0002999999985,2.0,True,False,10,0,EXTENDED_PENDING_RESOURCE_GATE,COMPLETE_BASE_INSTANCE
C,3,3,comb,64,0.75,48,0.01,1bac695a3ac782b752419ffa8ffc227a6d8593d8f22c2eaf64b283874599758d,bef49f0c8de89a72b306dfb7fa0755c61494ac708957700d9d12bc14a78dcfcd,3,2,2.999750001250104,3.0,0.029998499962498124,2.0,True,False,10,0,EXTENDED_PENDING_RESOURCE_GATE,COMPLETE_BASE_INSTANCE
C,3,3,comb,64,0.75,48,0.1,d78cd4355e2e6d534cbbbd5d24f1bf89748acb641ce4d3abb4b74f2715f42c9b,bef49f0c8de89a72b306dfb7fa0755c61494ac708957700d9d12bc14a78dcfcd,3,2,2.975012605015313,3.0,0.298496231131986,2.0,True,False,10,0,EXTENDED_PENDING_RESOURCE_GATE,COMPLETE_BASE_INSTANCE
C,3,3,comb,64,0.75,48,0.5,8aafcb078f321c83154953c5637240122e7adfda455d1dcb49ad1c9a8030bc43,bef49f0c8de89a72b306dfb7fa0755c61494ac708957700d9d12bc14a78dcfcd,3,2,2.384848003542364,3.0,1.2990381056766578,2.0,True,False,10,0,EXTENDED_PENDING_RESOURCE_GATE,COMPLETE_BASE_INSTANCE
C,3,3,balanced,2,0.125,1,0.0001,c445d65dfe47d3a8d9802e9aea2e8d3de3e333c2c25ebfc36d7bfaaff4487b51,2c9f6934fc97fd323496843819b335cba4c84ff21716ee66e2e09a23c8176a8c,2,3,1.9999999824999999,3.0,9.99999995e-05,2.0,True,False,10,0,EXTENDED_PENDING_RESOURCE_GATE,COMPLETE_BASE_INSTANCE
C,3,3,balanced,2,0.125,1,0.01,4b0f47448ad5e786e2629b362da3f842d9ea16bfc859012703f748c84d182f0b,2c9f6934fc97fd323496843819b335cba4c84ff21716ee66e2e09a23c8176a8c,2,3,1.9998249998437363,3.0,0.009999499987499374,2.0,True,False,10,0,EXTENDED_PENDING_RESOURCE_GATE,COMPLETE_BASE_INSTANCE
C,3,3,balanced,2,0.125,1,0.1,c8fba633e6c37a42968b404d0816bd16ea7b6c93c3b8a15adec06c0c6d7772b8,2c9f6934fc97fd323496843819b335cba4c84ff21716ee66e2e09a23c8176a8c,2,3,1.9824984237068133,3.0,0.09949874371066199,2.0,True,False,10,0,EXTENDED_PENDING_RESOURCE_GATE,COMPLETE_BASE_INSTANCE
C,3,3,balanced,2,0.125,1,0.5,6eb2d5acd8cb805f068467009ce150814ef4ad72854e3280801e273e40fe0bcb,2c9f6934fc97fd323496843819b335cba4c84ff21716ee66e2e09a23c8176a8c,2,3,1.5612494995995994,3.0,0.4330127018922193,2.0,True,False,10,0,EXTENDED_PENDING_RESOURCE_GATE,COMPLETE_BASE_INSTANCE
C,3,3,balanced,2,0.25,1,0.0001,258d46fa6bce7e29aa7bba9010be0faa7de1f24225d835ffd2712fe77e7113ce,2c9f6934fc97fd323496843819b335cba4c84ff21716ee66e2e09a23c8176a8c,2,3,1.9999999824999999,3.0,9.99999995e-05,2.0,True,False,10,0,EXTENDED_PENDING_RESOURCE_GATE,COMPLETE_BASE_INSTANCE
C,3,3,balanced,2,0.25,1,0.01,569ca4a0ad0ded67af3637d2a8473b2e2a2caffbe51d5c9f8607af468afa4163,2c9f6934fc97fd323496843819b335cba4c84ff21716ee66e2e09a23c8176a8c,2,3,1.9998249998437363,3.0,0.009999499987499374,2.0,True,False,10,0,EXTENDED_PENDING_RESOURCE_GATE,COMPLETE_BASE_INSTANCE
C,3,3,balanced,2,0.25,1,0.1,74e39433ea9b079f0e2db936b7fc998da1b05b73fffad5cdaeed84f7ad6a63d4,2c9f6934fc97fd323496843819b335cba4c84ff21716ee66e2e09a23c8176a8c,2,3,1.9824984237068133,3.0,0.09949874371066199,2.0,True,False,10,0,EXTENDED_PENDING_RESOURCE_GATE,COMPLETE_BASE_INSTANCE
C,3,3,balanced,2,0.25,1,0.5,68a8ac562adeb0b6935b0f440e9b0ddf2a153b12efb142e148a3b768ea9168d5,2c9f6934fc97fd323496843819b335cba4c84ff21716ee66e2e09a23c8176a8c,2,3,1.5612494995995994,3.0,0.4330127018922193,2.0,True,False,10,0,EXTENDED_PENDING_RESOURCE_GATE,COMPLETE_BASE_INSTANCE
C,3,3,balanced,2,0.5,1,0.0001,9caa654dd91eea6e08e109d8abcd8e0cb659f9f42ead2ba22a4b40ba0516e51d,2c9f6934fc97fd323496843819b335cba4c84ff21716ee66e2e09a23c8176a8c,2,3,1.9999999824999999,3.0,9.99999995e-05,2.0,True,False,10,0,EXTENDED_PENDING_RESOURCE_GATE,COMPLETE_BASE_INSTANCE
C,3,3,balanced,2,0.5,1,0.01,06c44d28986a1d53bb6dbbc2891475f714ceac9e640d741646b28a9fd4dcfeee,2c9f6934fc97fd323496843819b335cba4c84ff21716ee66e2e09a23c8176a8c,2,3,1.9998249998437363,3.0,0.009999499987499374,2.0,True,False,10,0,EXTENDED_PENDING_RESOURCE_GATE,COMPLETE_BASE_INSTANCE
C,3,3,balanced,2,0.5,1,0.1,a9da134d30a2dcf4e0add6bfa5187e8737e2156741562b9e3c8340b043f226f2,2c9f6934fc97fd323496843819b335cba4c84ff21716ee66e2e09a23c8176a8c,2,3,1.9824984237068133,3.0,0.09949874371066199,2.0,True,False,10,0,EXTENDED_PENDING_RESOURCE_GATE,COMPLETE_BASE_INSTANCE
C,3,3,balanced,2,0.5,1,0.5,fcd8b09a4555c4e37d80f321f268db9af0a0087f21958b57c788c3bbde0ed449,2c9f6934fc97fd323496843819b335cba4c84ff21716ee66e2e09a23c8176a8c,2,3,1.5612494995995994,3.0,0.4330127018922193,2.0,True,False,10,0,EXTENDED_PENDING_RESOURCE_GATE,COMPLETE_BASE_INSTANCE
C,3,3,balanced,2,0.75,1,0.0001,37bef1813be3afbc9f910fbf5232902e9627d15b17476567559024d17303a8cd,2c9f6934fc97fd323496843819b335cba4c84ff21716ee66e2e09a23c8176a8c,2,3,1.9999999824999999,3.0,9.99999995e-05,2.0,True,False,10,0,EXTENDED_PENDING_RESOURCE_GATE,COMPLETE_BASE_INSTANCE
C,3,3,balanced,2,0.75,1,0.01,c00cd7ae524e34322b083e7f980bae17849c5a833e0d7eb25768a2e5cfd378da,2c9f6934fc97fd323496843819b335cba4c84ff21716ee66e2e09a23c8176a8c,2,3,1.9998249998437363,3.0,0.009999499987499374,2.0,True,False,10,0,EXTENDED_PENDING_RESOURCE_GATE,COMPLETE_BASE_INSTANCE
C,3,3,balanced,2,0.75,1,0.1,8ecaf254c2904d97c9bae93966a59596ef3f6adfae3d39dea702d32185145c28,2c9f6934fc97fd323496843819b335cba4c84ff21716ee66e2e09a23c8176a8c,2,3,1.9824984237068133,3.0,0.09949874371066199,2.0,True,False,10,0,EXTENDED_PENDING_RESOURCE_GATE,COMPLETE_BASE_INSTANCE
C,3,3,balanced,2,0.75,1,0.5,db3118bcd260fb325ae417d26334d58a098f78d2af83e78d1043b3de3578e766,2c9f6934fc97fd323496843819b335cba4c84ff21716ee66e2e09a23c8176a8c,2,3,1.5612494995995994,3.0,0.4330127018922193,2.0,True,False,10,0,EXTENDED_PENDING_RESOURCE_GATE,COMPLETE_BASE_INSTANCE
C,3,3,balanced,4,0.125,1,0.0001,956609166fd77e680f8d5ac37a4e782b2879aba5c0ee087d34f6a1477568ad6a,2c9f6934fc97fd323496843819b335cba4c84ff21716ee66e2e09a23c8176a8c,2,3,1.9999999824999999,3.0,9.99999995e-05,2.0,True,False,10,0,EXTENDED_PENDING_RESOURCE_GATE,COMPLETE_BASE_INSTANCE
C,3,3,balanced,4,0.125,1,0.01,766d100f136acbfdb1cbe35c6ae93e2bff635b448420d150714bae3e04d893b6,2c9f6934fc97fd323496843819b335cba4c84ff21716ee66e2e09a23c8176a8c,2,3,1.9998249998437363,3.0,0.009999499987499374,2.0,True,False,10,0,EXTENDED_PENDING_RESOURCE_GATE,COMPLETE_BASE_INSTANCE
C,3,3,balanced,4,0.125,1,0.1,dc28a977719c80b191feb1624229b20a841619ec7985501aea213f9a95b66349,2c9f6934fc97fd323496843819b335cba4c84ff21716ee66e2e09a23c8176a8c,2,3,1.9824984237068133,3.0,0.09949874371066199,2.0,True,False,10,0,EXTENDED_PENDING_RESOURCE_GATE,COMPLETE_BASE_INSTANCE
C,3,3,balanced,4,0.125,1,0.5,2694d30b941be56f4b9a9e725f82470e929d43e51f8d9598e7aad2a665d420cf,2c9f6934fc97fd323496843819b335cba4c84ff21716ee66e2e09a23c8176a8c,2,3,1.5612494995995994,3.0,0.4330127018922193,2.0,True,False,10,0,EXTENDED_PENDING_RESOURCE_GATE,COMPLETE_BASE_INSTANCE
C,3,3,balanced,4,0.25,1,0.0001,1f1331b5459d8839cfe95c7db8523bfe5497a429a974646d92c2b997b4ba506b,2c9f6934fc97fd323496843819b335cba4c84ff21716ee66e2e09a23c8176a8c,2,3,1.9999999824999999,3.0,9.99999995e-05,2.0,True,False,10,0,EXTENDED_PENDING_RESOURCE_GATE,COMPLETE_BASE_INSTANCE
C,3,3,balanced,4,0.25,1,0.01,d7837398fb92cd54b2a8e35c259166bb32319606aecd4eb51870c343bfa305ac,2c9f6934fc97fd323496843819b335cba4c84ff21716ee66e2e09a23c8176a8c,2,3,1.9998249998437363,3.0,0.009999499987499374,2.0,True,False,10,0,EXTENDED_PENDING_RESOURCE_GATE,COMPLETE_BASE_INSTANCE
C,3,3,balanced,4,0.25,1,0.1,fb09c7bb32ed6a50b5701dfb9a252c801bc6a5bdce591f92424ab2e109f81679,2c9f6934fc97fd323496843819b335cba4c84ff21716ee66e2e09a23c8176a8c,2,3,1.9824984237068133,3.0,0.09949874371066199,2.0,True,False,10,0,EXTENDED_PENDING_RESOURCE_GATE,COMPLETE_BASE_INSTANCE
C,3,3,balanced,4,0.25,1,0.5,986340c7f69fcebabae61bc4b8a9834b7eabf030792bc07fd4a8a24f57d4eeb2,2c9f6934fc97fd323496843819b335cba4c84ff21716ee66e2e09a23c8176a8c,2,3,1.5612494995995994,3.0,0.4330127018922193,2.0,True,False,10,0,EXTENDED_PENDING_RESOURCE_GATE,COMPLETE_BASE_INSTANCE
C,3,3,balanced,4,0.5,2,0.0001,670619a142fe7d44b127f4cd8b730dc98f9a4c66ec14e793b8d3d5656d3e118d,2c9f6934fc97fd323496843819b335cba4c84ff21716ee66e2e09a23c8176a8c,2,3,1.9999999824999999,3.0,9.99999995e-05,2.0,True,False,10,0,EXTENDED_PENDING_RESOURCE_GATE,COMPLETE_BASE_INSTANCE
C,3,3,balanced,4,0.5,2,0.01,1d9ab5adac3138958ea6890a3d80d2bb24714fe3b889b80df6455eaa3bfc3960,2c9f6934fc97fd323496843819b335cba4c84ff21716ee66e2e09a23c8176a8c,2,3,1.9998249998437363,3.0,0.009999499987499374,2.0,True,False,10,0,EXTENDED_PENDING_RESOURCE_GATE,COMPLETE_BASE_INSTANCE
C,3,3,balanced,4,0.5,2,0.1,46f4cadd58c9e2aec34a55361361706de50d8ba430cce7ef2ff8fb96a7256340,2c9f6934fc97fd323496843819b335cba4c84ff21716ee66e2e09a23c8176a8c,2,3,1.9824984237068133,3.0,0.09949874371066199,2.0,True,False,10,0,EXTENDED_PENDING_RESOURCE_GATE,COMPLETE_BASE_INSTANCE
C,3,3,balanced,4,0.5,2,0.5,55e609cd74cbb1895b86009b88e5788279f5d28eafc3f5ff8f15858f171b8bfa,2c9f6934fc97fd323496843819b335cba4c84ff21716ee66e2e09a23c8176a8c,2,3,1.5612494995995994,3.0,0.4330127018922193,2.0,True,False,10,0,EXTENDED_PENDING_RESOURCE_GATE,COMPLETE_BASE_INSTANCE
C,3,3,balanced,4,0.75,3,0.0001,5a765f0c433226e3a9521ac815000208a8c0d691d98234a23c08db1594ee1842,2c9f6934fc97fd323496843819b335cba4c84ff21716ee66e2e09a23c8176a8c,2,3,1.9999999824999999,3.0,9.99999995e-05,2.0,True,False,10,0,EXTENDED_PENDING_RESOURCE_GATE,COMPLETE_BASE_INSTANCE
C,3,3,balanced,4,0.75,3,0.01,3d456909f0291110e1e1a4a44fc55e5e94ab2b2c2c4c4640813e8bc1c3f672c4,2c9f6934fc97fd323496843819b335cba4c84ff21716ee66e2e09a23c8176a8c,2,3,1.9998249998437363,3.0,0.009999499987499374,2.0,True,False,10,0,EXTENDED_PENDING_RESOURCE_GATE,COMPLETE_BASE_INSTANCE
C,3,3,balanced,4,0.75,3,0.1,9f2fda7bef23b852cf50af6dd0fd9cac11baa388cdf0e6ace82f9e6f548831a9,2c9f6934fc97fd323496843819b335cba4c84ff21716ee66e2e09a23c8176a8c,2,3,1.9824984237068133,3.0,0.09949874371066199,2.0,True,False,10,0,EXTENDED_PENDING_RESOURCE_GATE,COMPLETE_BASE_INSTANCE
C,3,3,balanced,4,0.75,3,0.5,36bf4e33d61dab7bb73f3e849eef59e6beaa052381adfef4b7524ed9a9acdc2c,2c9f6934fc97fd323496843819b335cba4c84ff21716ee66e2e09a23c8176a8c,2,3,1.5612494995995994,3.0,0.4330127018922193,2.0,True,False,10,0,EXTENDED_PENDING_RESOURCE_GATE,COMPLETE_BASE_INSTANCE
C,3,3,balanced,8,0.125,1,0.0001,5c38ac80690aad4e019f56bbb3d78143f44461182394a0a441da5e4ac5f21104,2c9f6934fc97fd323496843819b335cba4c84ff21716ee66e2e09a23c8176a8c,2,3,1.9999999824999999,3.0,9.99999995e-05,2.0,True,False,10,0,EXTENDED_PENDING_RESOURCE_GATE,COMPLETE_BASE_INSTANCE
C,3,3,balanced,8,0.125,1,0.01,22a9cb0eff2417834bb8f062cfe68bad09b2fe7a5ad5725004b650781731dbe2,2c9f6934fc97fd323496843819b335cba4c84ff21716ee66e2e09a23c8176a8c,2,3,1.9998249998437363,3.0,0.009999499987499374,2.0,True,False,10,0,EXTENDED_PENDING_RESOURCE_GATE,COMPLETE_BASE_INSTANCE
C,3,3,balanced,8,0.125,1,0.1,87071cfc3c4720098fe744981ff6b045688de53dce83177ea091420062b682ce,2c9f6934fc97fd323496843819b335cba4c84ff21716ee66e2e09a23c8176a8c,2,3,1.9824984237068133,3.0,0.09949874371066199,2.0,True,False,10,0,EXTENDED_PENDING_RESOURCE_GATE,COMPLETE_BASE_INSTANCE
C,3,3,balanced,8,0.125,1,0.5,12b8e1c0e5e92c1fc02399651c1013e3d3732939ddffab8521f39a3e91068fdf,2c9f6934fc97fd323496843819b335cba4c84ff21716ee66e2e09a23c8176a8c,2,3,1.5612494995995994,3.0,0.4330127018922193,2.0,True,False,10,0,EXTENDED_PENDING_RESOURCE_GATE,COMPLETE_BASE_INSTANCE
C,3,3,balanced,8,0.25,2,0.0001,d882288ac1c4d964e8a9771a1b87d776b817b75515ef636a59693582adc32eab,2c9f6934fc97fd323496843819b335cba4c84ff21716ee66e2e09a23c8176a8c,2,3,1.9999999824999999,3.0,9.99999995e-05,2.0,True,False,10,0,EXTENDED_PENDING_RESOURCE_GATE,COMPLETE_BASE_INSTANCE
C,3,3,balanced,8,0.25,2,0.01,5961057273488555362be6d4e448de82876f692fbeb318c9e2aacd84c340ad7d,2c9f6934fc97fd323496843819b335cba4c84ff21716ee66e2e09a23c8176a8c,2,3,1.9998249998437363,3.0,0.009999499987499374,2.0,True,False,10,0,EXTENDED_PENDING_RESOURCE_GATE,COMPLETE_BASE_INSTANCE
C,3,3,balanced,8,0.25,2,0.1,103f17b74f5cf8b1a32a102332d70cc92b751b5d3ab1cbeaf1293d83af06a38c,2c9f6934fc97fd323496843819b335cba4c84ff21716ee66e2e09a23c8176a8c,2,3,1.9824984237068133,3.0,0.09949874371066199,2.0,True,False,10,0,EXTENDED_PENDING_RESOURCE_GATE,COMPLETE_BASE_INSTANCE
C,3,3,balanced,8,0.25,2,0.5,abf868dc7154fe6868882cd20562892abb51e4d3f7ec25e6d35314657aafeb5b,2c9f6934fc97fd323496843819b335cba4c84ff21716ee66e2e09a23c8176a8c,2,3,1.5612494995995994,3.0,0.4330127018922193,2.0,True,False,10,0,EXTENDED_PENDING_RESOURCE_GATE,COMPLETE_BASE_INSTANCE
C,3,3,balanced,8,0.5,4,0.0001,d7b4f584080f648b5123d639607ed40d2495d6e186d1cd5ee5a4a0d3569da893,2c9f6934fc97fd323496843819b335cba4c84ff21716ee66e2e09a23c8176a8c,2,3,1.9999999824999999,3.0,9.99999995e-05,2.0,True,False,10,0,EXTENDED_PENDING_RESOURCE_GATE,COMPLETE_BASE_INSTANCE
C,3,3,balanced,8,0.5,4,0.01,e1fcaeca72549e19466ab332e748b795f483a70f5559a2bb497bd1e083de0ef7,2c9f6934fc97fd323496843819b335cba4c84ff21716ee66e2e09a23c8176a8c,2,3,1.9998249998437363,3.0,0.009999499987499374,2.0,True,False,10,0,EXTENDED_PENDING_RESOURCE_GATE,COMPLETE_BASE_INSTANCE
C,3,3,balanced,8,0.5,4,0.1,d03f6eec01ecaf61683b9a869eb4cc8980982f8b9d9703fcff3604444ab79ba7,2c9f6934fc97fd323496843819b335cba4c84ff21716ee66e2e09a23c8176a8c,2,3,1.9824984237068133,3.0,0.09949874371066199,2.0,True,False,10,0,EXTENDED_PENDING_RESOURCE_GATE,COMPLETE_BASE_INSTANCE
C,3,3,balanced,8,0.5,4,0.5,56ea9a8388e9b6ccd1e66f06fe6cef3c6434f92ce66a69ac4abb7cc04d2c6cda,2c9f6934fc97fd323496843819b335cba4c84ff21716ee66e2e09a23c8176a8c,2,3,1.5612494995995994,3.0,0.4330127018922193,2.0,True,False,10,0,EXTENDED_PENDING_RESOURCE_GATE,COMPLETE_BASE_INSTANCE
C,3,3,balanced,8,0.75,6,0.0001,8649115e85b2db0108a33379996c504fc738eb85a66f3cf4777a9bf2c074defd,2c9f6934fc97fd323496843819b335cba4c84ff21716ee66e2e09a23c8176a8c,2,3,1.9999999824999999,3.0,9.99999995e-05,2.0,True,False,10,0,EXTENDED_PENDING_RESOURCE_GATE,COMPLETE_BASE_INSTANCE
C,3,3,balanced,8,0.75,6,0.01,f69a584d0f67deb51ab7b9f32ed2408d987d03747c6f6c64d8c95a680437dbf3,2c9f6934fc97fd323496843819b335cba4c84ff21716ee66e2e09a23c8176a8c,2,3,1.9998249998437363,3.0,0.009999499987499374,2.0,True,False,10,0,EXTENDED_PENDING_RESOURCE_GATE,COMPLETE_BASE_INSTANCE
C,3,3,balanced,8,0.75,6,0.1,2c5dd05d77f4c7bff57d0f6ed2c1bf7100d39d890a6cef4345a092092ffff739,2c9f6934fc97fd323496843819b335cba4c84ff21716ee66e2e09a23c8176a8c,2,3,1.9824984237068133,3.0,0.09949874371066199,2.0,True,False,10,0,EXTENDED_PENDING_RESOURCE_GATE,COMPLETE_BASE_INSTANCE
C,3,3,balanced,8,0.75,6,0.5,1a68d94720de31ba80129d5ed51de91d86954c3f146ce67d2cc643973e13a48e,2c9f6934fc97fd323496843819b335cba4c84ff21716ee66e2e09a23c8176a8c,2,3,1.5612494995995994,3.0,0.4330127018922193,2.0,True,False,10,0,EXTENDED_PENDING_RESOURCE_GATE,COMPLETE_BASE_INSTANCE
C,3,3,balanced,16,0.125,2,0.0001,0bcdebd8cb8f1187ae5ba09f43135ececa659d4bc7058df90f1cb681982035d3,2c9f6934fc97fd323496843819b335cba4c84ff21716ee66e2e09a23c8176a8c,2,3,1.9999999824999999,3.0,9.99999995e-05,2.0,True,False,10,0,EXTENDED_PENDING_RESOURCE_GATE,COMPLETE_BASE_INSTANCE
C,3,3,balanced,16,0.125,2,0.01,78ab8a9d358383fb5240b1d433e9714242bdd9588c9ecd496a72a035365d939e,2c9f6934fc97fd323496843819b335cba4c84ff21716ee66e2e09a23c8176a8c,2,3,1.9998249998437363,3.0,0.009999499987499374,2.0,True,False,10,0,EXTENDED_PENDING_RESOURCE_GATE,COMPLETE_BASE_INSTANCE
C,3,3,balanced,16,0.125,2,0.1,6b5e2b118cb4c415961f996fa5379714270d7d0feabb0c4a7def33bfc33e61ad,2c9f6934fc97fd323496843819b335cba4c84ff21716ee66e2e09a23c8176a8c,2,3,1.9824984237068133,3.0,0.09949874371066199,2.0,True,False,10,0,EXTENDED_PENDING_RESOURCE_GATE,COMPLETE_BASE_INSTANCE
C,3,3,balanced,16,0.125,2,0.5,85dbba26004928a72f33557a922948ff805aec2446701f7df02832981ee2cf5a,2c9f6934fc97fd323496843819b335cba4c84ff21716ee66e2e09a23c8176a8c,2,3,1.5612494995995994,3.0,0.4330127018922193,2.0,True,False,10,0,EXTENDED_PENDING_RESOURCE_GATE,COMPLETE_BASE_INSTANCE
C,3,3,balanced,16,0.25,4,0.0001,6ea6f9f592bf7adfbfae514d73ee768a4b39ababa63882bf28c440569c876466,2c9f6934fc97fd323496843819b335cba4c84ff21716ee66e2e09a23c8176a8c,2,3,1.9999999824999999,3.0,9.99999995e-05,2.0,True,False,10,0,EXTENDED_PENDING_RESOURCE_GATE,COMPLETE_BASE_INSTANCE
C,3,3,balanced,16,0.25,4,0.01,adc0195952d296773b13f8527ed23f4177e01d9bb9d43c9fea14dd7f7bd64954,2c9f6934fc97fd323496843819b335cba4c84ff21716ee66e2e09a23c8176a8c,2,3,1.9998249998437363,3.0,0.009999499987499374,2.0,True,False,10,0,EXTENDED_PENDING_RESOURCE_GATE,COMPLETE_BASE_INSTANCE
C,3,3,balanced,16,0.25,4,0.1,9cbced55ac2ddc7938f7c70ca262e47e94f2917361ebee497b87c6d9eb802692,2c9f6934fc97fd323496843819b335cba4c84ff21716ee66e2e09a23c8176a8c,2,3,1.9824984237068133,3.0,0.09949874371066199,2.0,True,False,10,0,EXTENDED_PENDING_RESOURCE_GATE,COMPLETE_BASE_INSTANCE
C,3,3,balanced,16,0.25,4,0.5,40c585b2d38e480d2b8b6be6e4a9fcb187f7030ca1bdb71fcf07099523043cec,2c9f6934fc97fd323496843819b335cba4c84ff21716ee66e2e09a23c8176a8c,2,3,1.5612494995995994,3.0,0.4330127018922193,2.0,True,False,10,0,EXTENDED_PENDING_RESOURCE_GATE,COMPLETE_BASE_INSTANCE
C,3,3,balanced,16,0.5,8,0.0001,8d220ea170ffeff7b7f36e719ca4a01b7e4047db977bbd7c64827ff29dcaef33,2c9f6934fc97fd323496843819b335cba4c84ff21716ee66e2e09a23c8176a8c,2,3,1.9999999824999999,3.0,9.99999995e-05,2.0,True,False,10,0,EXTENDED_PENDING_RESOURCE_GATE,COMPLETE_BASE_INSTANCE
C,3,3,balanced,16,0.5,8,0.01,3fecae4008fcfafba04be4aeb7a451f7b65ebc77d507a2bd723e6d1951a6fbf0,2c9f6934fc97fd323496843819b335cba4c84ff21716ee66e2e09a23c8176a8c,2,3,1.9998249998437363,3.0,0.009999499987499374,2.0,True,False,10,0,EXTENDED_PENDING_RESOURCE_GATE,COMPLETE_BASE_INSTANCE
C,3,3,balanced,16,0.5,8,0.1,af241e6d08f76f1f75df22ce76277c0619adb984c271ba9d1b963d192b680172,2c9f6934fc97fd323496843819b335cba4c84ff21716ee66e2e09a23c8176a8c,2,3,1.9824984237068133,3.0,0.09949874371066199,2.0,True,False,10,0,EXTENDED_PENDING_RESOURCE_GATE,COMPLETE_BASE_INSTANCE
C,3,3,balanced,16,0.5,8,0.5,88553bd4e17a4b12ea32e0ff0426890bc617679185d29ed23835344e02f9f5e6,2c9f6934fc97fd323496843819b335cba4c84ff21716ee66e2e09a23c8176a8c,2,3,1.5612494995995994,3.0,0.4330127018922193,2.0,True,False,10,0,EXTENDED_PENDING_RESOURCE_GATE,COMPLETE_BASE_INSTANCE
C,3,3,balanced,16,0.75,12,0.0001,6bca47fa8165a3fbbe039180c32da1e682712d20fc499421dbddf9a5a508c6b3,2c9f6934fc97fd323496843819b335cba4c84ff21716ee66e2e09a23c8176a8c,2,3,1.9999999824999999,3.0,9.99999995e-05,2.0,True,False,10,0,EXTENDED_PENDING_RESOURCE_GATE,COMPLETE_BASE_INSTANCE
C,3,3,balanced,16,0.75,12,0.01,29cb1257f7e69af49468b44fb334c92715629d930b11d4468d93df3e9e8da36f,2c9f6934fc97fd323496843819b335cba4c84ff21716ee66e2e09a23c8176a8c,2,3,1.9998249998437363,3.0,0.009999499987499374,2.0,True,False,10,0,EXTENDED_PENDING_RESOURCE_GATE,COMPLETE_BASE_INSTANCE
C,3,3,balanced,16,0.75,12,0.1,173182c1254e60aa3b9365082aa6cd6bbc7784bd7a3c476cfd654fda1c791afc,2c9f6934fc97fd323496843819b335cba4c84ff21716ee66e2e09a23c8176a8c,2,3,1.9824984237068133,3.0,0.09949874371066199,2.0,True,False,10,0,EXTENDED_PENDING_RESOURCE_GATE,COMPLETE_BASE_INSTANCE
C,3,3,balanced,16,0.75,12,0.5,e6c8520ca599d8e96f76fc31ece7c6d2103dcfe93d4f1a38e54194c851da348d,2c9f6934fc97fd323496843819b335cba4c84ff21716ee66e2e09a23c8176a8c,2,3,1.5612494995995994,3.0,0.4330127018922193,2.0,True,False,10,0,EXTENDED_PENDING_RESOURCE_GATE,COMPLETE_BASE_INSTANCE
C,3,3,balanced,32,0.125,4,0.0001,75a145badb9fb313387320a376e69ec5908cd1756fe349507e772ff17f7acd8c,2c9f6934fc97fd323496843819b335cba4c84ff21716ee66e2e09a23c8176a8c,2,3,1.9999999824999999,3.0,9.99999995e-05,2.0,True,False,10,0,EXTENDED_PENDING_RESOURCE_GATE,COMPLETE_BASE_INSTANCE
C,3,3,balanced,32,0.125,4,0.01,c7a58fc7ebb529c76a53b9920638e49d87b92a7978f764249cfc32b6ec35a2cc,2c9f6934fc97fd323496843819b335cba4c84ff21716ee66e2e09a23c8176a8c,2,3,1.9998249998437363,3.0,0.009999499987499374,2.0,True,False,10,0,EXTENDED_PENDING_RESOURCE_GATE,COMPLETE_BASE_INSTANCE
C,3,3,balanced,32,0.125,4,0.1,c47736ff2e6e27174b00bf0de9a5a0deb9541b6c99772025828d3458c7209aaf,2c9f6934fc97fd323496843819b335cba4c84ff21716ee66e2e09a23c8176a8c,2,3,1.9824984237068133,3.0,0.09949874371066199,2.0,True,False,10,0,EXTENDED_PENDING_RESOURCE_GATE,COMPLETE_BASE_INSTANCE
C,3,3,balanced,32,0.125,4,0.5,16d1fdb2ac03be405248237ac176e9b4af89f281c40f197d033badd926851f85,2c9f6934fc97fd323496843819b335cba4c84ff21716ee66e2e09a23c8176a8c,2,3,1.5612494995995994,3.0,0.4330127018922193,2.0,True,False,10,0,EXTENDED_PENDING_RESOURCE_GATE,COMPLETE_BASE_INSTANCE
C,3,3,balanced,32,0.25,8,0.0001,978d2855739f4fc828bf02f23feecfcdd2a4b576fbfeb37d3208e55690a2b4ff,2c9f6934fc97fd323496843819b335cba4c84ff21716ee66e2e09a23c8176a8c,2,3,1.9999999824999999,3.0,9.99999995e-05,2.0,True,False,10,0,EXTENDED_PENDING_RESOURCE_GATE,COMPLETE_BASE_INSTANCE
C,3,3,balanced,32,0.25,8,0.01,d3979293f9ecde8c1288b650386f8c7748c1e1679fd18ce2965fe37c8b87a509,2c9f6934fc97fd323496843819b335cba4c84ff21716ee66e2e09a23c8176a8c,2,3,1.9998249998437363,3.0,0.009999499987499374,2.0,True,False,10,0,EXTENDED_PENDING_RESOURCE_GATE,COMPLETE_BASE_INSTANCE
C,3,3,balanced,32,0.25,8,0.1,56fd9e68c76a65e7e21aa6a5e615bfda789740f17ff00d8865565b03abd643fe,2c9f6934fc97fd323496843819b335cba4c84ff21716ee66e2e09a23c8176a8c,2,3,1.9824984237068133,3.0,0.09949874371066199,2.0,True,False,10,0,EXTENDED_PENDING_RESOURCE_GATE,COMPLETE_BASE_INSTANCE
C,3,3,balanced,32,0.25,8,0.5,c8b2a5b632c2bd8801fb235796589f53ad7c5bb2baacad8e22340f6139431cc5,2c9f6934fc97fd323496843819b335cba4c84ff21716ee66e2e09a23c8176a8c,2,3,1.5612494995995994,3.0,0.4330127018922193,2.0,True,False,10,0,EXTENDED_PENDING_RESOURCE_GATE,COMPLETE_BASE_INSTANCE
C,3,3,balanced,32,0.5,16,0.0001,93f9ab79616ac9e128a7defa705dad9b787110d66f42bda6e1fb486b1765fdc9,2c9f6934fc97fd323496843819b335cba4c84ff21716ee66e2e09a23c8176a8c,2,3,1.9999999824999999,3.0,9.99999995e-05,2.0,True,False,10,0,EXTENDED_PENDING_RESOURCE_GATE,COMPLETE_BASE_INSTANCE
C,3,3,balanced,32,0.5,16,0.01,7fe80ae152ca99b9ee214f763c239fd548f544c581d2a804455d839a83df3685,2c9f6934fc97fd323496843819b335cba4c84ff21716ee66e2e09a23c8176a8c,2,3,1.9998249998437363,3.0,0.009999499987499374,2.0,True,False,10,0,EXTENDED_PENDING_RESOURCE_GATE,COMPLETE_BASE_INSTANCE
C,3,3,balanced,32,0.5,16,0.1,8dd030ed1eb44e2c480027d781c5991dc656be87912d4927bf32ee93d2c16891,2c9f6934fc97fd323496843819b335cba4c84ff21716ee66e2e09a23c8176a8c,2,3,1.9824984237068133,3.0,0.09949874371066199,2.0,True,False,10,0,EXTENDED_PENDING_RESOURCE_GATE,COMPLETE_BASE_INSTANCE
C,3,3,balanced,32,0.5,16,0.5,4ebc5bdf3d53b5500d1a90eb3756b75dd51876bc46835adaa74a580f9a207db5,2c9f6934fc97fd323496843819b335cba4c84ff21716ee66e2e09a23c8176a8c,2,3,1.5612494995995994,3.0,0.4330127018922193,2.0,True,False,10,0,EXTENDED_PENDING_RESOURCE_GATE,COMPLETE_BASE_INSTANCE
C,3,3,balanced,32,0.75,24,0.0001,b63f13f0f3ebb201a4b0fe69b43e1756c324d353df8de369e48aa6dc2297798e,2c9f6934fc97fd323496843819b335cba4c84ff21716ee66e2e09a23c8176a8c,2,3,1.9999999824999999,3.0,9.99999995e-05,2.0,True,False,10,0,EXTENDED_PENDING_RESOURCE_GATE,COMPLETE_BASE_INSTANCE
C,3,3,balanced,32,0.75,24,0.01,60dca24671332c5880d5f962ce592608fa6090cd7587ceff97173e75000c6ce8,2c9f6934fc97fd323496843819b335cba4c84ff21716ee66e2e09a23c8176a8c,2,3,1.9998249998437363,3.0,0.009999499987499374,2.0,True,False,10,0,EXTENDED_PENDING_RESOURCE_GATE,COMPLETE_BASE_INSTANCE
C,3,3,balanced,32,0.75,24,0.1,7d7bb0224aa8cc71ed8afb2908ec554b382b7bfdff34de8d7490d805f7520727,2c9f6934fc97fd323496843819b335cba4c84ff21716ee66e2e09a23c8176a8c,2,3,1.9824984237068133,3.0,0.09949874371066199,2.0,True,False,10,0,EXTENDED_PENDING_RESOURCE_GATE,COMPLETE_BASE_INSTANCE
C,3,3,balanced,32,0.75,24,0.5,d0b942780a807abad82636778a9ed1293b57461dcb94b11d05277787086fe65e,2c9f6934fc97fd323496843819b335cba4c84ff21716ee66e2e09a23c8176a8c,2,3,1.5612494995995994,3.0,0.4330127018922193,2.0,True,False,10,0,EXTENDED_PENDING_RESOURCE_GATE,COMPLETE_BASE_INSTANCE
C,3,3,balanced,64,0.125,8,0.0001,de1240852838bfa0af1a0eaaea75070b9cd1870e02a5828bb4d22b613d169fa1,2c9f6934fc97fd323496843819b335cba4c84ff21716ee66e2e09a23c8176a8c,2,3,1.9999999824999999,3.0,9.99999995e-05,2.0,True,False,10,0,EXTENDED_PENDING_RESOURCE_GATE,COMPLETE_BASE_INSTANCE
C,3,3,balanced,64,0.125,8,0.01,0fd3e3b189f53e3202ba2ae33bee4924c82e4567cb02135fc37b17f38be8c71f,2c9f6934fc97fd323496843819b335cba4c84ff21716ee66e2e09a23c8176a8c,2,3,1.9998249998437363,3.0,0.009999499987499374,2.0,True,False,10,0,EXTENDED_PENDING_RESOURCE_GATE,COMPLETE_BASE_INSTANCE
C,3,3,balanced,64,0.125,8,0.1,f9b321f269f83aa3c77ea705105ce136f9e33a76c681137c00cd91b07bb4182e,2c9f6934fc97fd323496843819b335cba4c84ff21716ee66e2e09a23c8176a8c,2,3,1.9824984237068133,3.0,0.09949874371066199,2.0,True,False,10,0,EXTENDED_PENDING_RESOURCE_GATE,COMPLETE_BASE_INSTANCE
C,3,3,balanced,64,0.125,8,0.5,bbe39ff9544e53b94d56e6df54e34f40ecb4bc58d50ad8da93097b15bd77f93c,2c9f6934fc97fd323496843819b335cba4c84ff21716ee66e2e09a23c8176a8c,2,3,1.5612494995995994,3.0,0.4330127018922193,2.0,True,False,10,0,EXTENDED_PENDING_RESOURCE_GATE,COMPLETE_BASE_INSTANCE
C,3,3,balanced,64,0.25,16,0.0001,51ae8e894e70398d3ae993158c7e869fd98f362c3b9dfec9c3d86619f2b28c19,2c9f6934fc97fd323496843819b335cba4c84ff21716ee66e2e09a23c8176a8c,2,3,1.9999999824999999,3.0,9.99999995e-05,2.0,True,False,10,0,EXTENDED_PENDING_RESOURCE_GATE,COMPLETE_BASE_INSTANCE
C,3,3,balanced,64,0.25,16,0.01,9e98d13a1b102f33527c1790b2457fce6fb850ae0018e01ad92df66b0a8b8cde,2c9f6934fc97fd323496843819b335cba4c84ff21716ee66e2e09a23c8176a8c,2,3,1.9998249998437363,3.0,0.009999499987499374,2.0,True,False,10,0,EXTENDED_PENDING_RESOURCE_GATE,COMPLETE_BASE_INSTANCE
C,3,3,balanced,64,0.25,16,0.1,1c94297bf819ab7138d7f60773c290cc89a1b36d40a9812992298bd683c07633,2c9f6934fc97fd323496843819b335cba4c84ff21716ee66e2e09a23c8176a8c,2,3,1.9824984237068133,3.0,0.09949874371066199,2.0,True,False,10,0,EXTENDED_PENDING_RESOURCE_GATE,COMPLETE_BASE_INSTANCE
C,3,3,balanced,64,0.25,16,0.5,8984f655f97be55f4add51b1dbadc5ef04e47498cf863af412db34b1d2609ba7,2c9f6934fc97fd323496843819b335cba4c84ff21716ee66e2e09a23c8176a8c,2,3,1.5612494995995994,3.0,0.4330127018922193,2.0,True,False,10,0,EXTENDED_PENDING_RESOURCE_GATE,COMPLETE_BASE_INSTANCE
C,3,3,balanced,64,0.5,32,0.0001,8c98f40cfd36ea1ab0d5f9fd044a23c549a6c907ca241c5fd1d909cbf645c993,2c9f6934fc97fd323496843819b335cba4c84ff21716ee66e2e09a23c8176a8c,2,3,1.9999999824999999,3.0,9.99999995e-05,2.0,True,False,10,0,EXTENDED_PENDING_RESOURCE_GATE,COMPLETE_BASE_INSTANCE
C,3,3,balanced,64,0.5,32,0.01,656f0740292fe248b5a758ed9a5bc1783628275f256725989d412108a171a7a3,2c9f6934fc97fd323496843819b335cba4c84ff21716ee66e2e09a23c8176a8c,2,3,1.9998249998437363,3.0,0.009999499987499374,2.0,True,False,10,0,EXTENDED_PENDING_RESOURCE_GATE,COMPLETE_BASE_INSTANCE
C,3,3,balanced,64,0.5,32,0.1,5880d881598f41b46d609943e88d0917c55244e171b5362b4e05060266284222,2c9f6934fc97fd323496843819b335cba4c84ff21716ee66e2e09a23c8176a8c,2,3,1.9824984237068133,3.0,0.09949874371066199,2.0,True,False,10,0,EXTENDED_PENDING_RESOURCE_GATE,COMPLETE_BASE_INSTANCE
C,3,3,balanced,64,0.5,32,0.5,0d44f7f2405c7262aedf8bceff7f097984692b41d82ac73c92755ad496f37e8f,2c9f6934fc97fd323496843819b335cba4c84ff21716ee66e2e09a23c8176a8c,2,3,1.5612494995995994,3.0,0.4330127018922193,2.0,True,False,10,0,EXTENDED_PENDING_RESOURCE_GATE,COMPLETE_BASE_INSTANCE
C,3,3,balanced,64,0.75,48,0.0001,a2ce1f2f86d1610e8549ce9cf0dddc78ac6819b4fc989567faa70a07ba61575a,2c9f6934fc97fd323496843819b335cba4c84ff21716ee66e2e09a23c8176a8c,2,3,1.9999999824999999,3.0,9.99999995e-05,2.0,True,False,10,0,EXTENDED_PENDING_RESOURCE_GATE,COMPLETE_BASE_INSTANCE
C,3,3,balanced,64,0.75,48,0.01,3ae98ddfd5bee7fa0c04085580beebcf379bd0d395cb0c94ae84d7a03abe07c2,2c9f6934fc97fd323496843819b335cba4c84ff21716ee66e2e09a23c8176a8c,2,3,1.9998249998437363,3.0,0.009999499987499374,2.0,True,False,10,0,EXTENDED_PENDING_RESOURCE_GATE,COMPLETE_BASE_INSTANCE
C,3,3,balanced,64,0.75,48,0.1,f492c7b086f600c005cee6fa39f26dc71aa9d9720857727b0e7987b21bf2bb8b,2c9f6934fc97fd323496843819b335cba4c84ff21716ee66e2e09a23c8176a8c,2,3,1.9824984237068133,3.0,0.09949874371066199,2.0,True,False,10,0,EXTENDED_PENDING_RESOURCE_GATE,COMPLETE_BASE_INSTANCE
C,3,3,balanced,64,0.75,48,0.5,a3eba86d1e9ec7b7ca695c32c414491cebbdeaf01f842574dfeaab4dedd5bc26,2c9f6934fc97fd323496843819b335cba4c84ff21716ee66e2e09a23c8176a8c,2,3,1.5612494995995994,3.0,0.4330127018922193,2.0,True,False,10,0,EXTENDED_PENDING_RESOURCE_GATE,COMPLETE_BASE_INSTANCE
C,3,3,random_ordered,2,0.125,1,0.0001,f5081a24a4742ba6bffc3b804d0992bef18e306952b07b55dd0d81588376294e,1fdfb63881f638879f3fc9b0f72e5e4dc9670780205f3e73a5a37afb6d035736,3,2,1.9999999824999999,3.0,9.99999995e-05,2.0,True,False,10,0,EXTENDED_PENDING_RESOURCE_GATE,COMPLETE_BASE_INSTANCE
C,3,3,random_ordered,2,0.125,1,0.01,1efd1aba0228c86c5c6429925cc0d3ffb8443f311068cff4f6be4ea86a13b667,1fdfb63881f638879f3fc9b0f72e5e4dc9670780205f3e73a5a37afb6d035736,3,2,1.9998249998437363,3.0,0.009999499987499374,2.0,True,False,10,0,EXTENDED_PENDING_RESOURCE_GATE,COMPLETE_BASE_INSTANCE
C,3,3,random_ordered,2,0.125,1,0.1,6f6c4b09beebee7fcbf4f3fbd3f7e04b15060f41f4dbca20ffd773837f4b5507,1fdfb63881f638879f3fc9b0f72e5e4dc9670780205f3e73a5a37afb6d035736,3,2,1.9824984237068133,3.0,0.09949874371066199,2.0,True,False,10,0,EXTENDED_PENDING_RESOURCE_GATE,COMPLETE_BASE_INSTANCE
C,3,3,random_ordered,2,0.125,1,0.5,616c16d287f74107a5c542a997c37dfea69df32a9ad77d507099439eaab8bd90,1fdfb63881f638879f3fc9b0f72e5e4dc9670780205f3e73a5a37afb6d035736,3,2,1.5612494995995994,3.0,0.4330127018922193,2.0,True,False,10,0,EXTENDED_PENDING_RESOURCE_GATE,COMPLETE_BASE_INSTANCE
C,3,3,random_ordered,2,0.25,1,0.0001,9aa9eb23352d8041ffe4015dfddef264aaa64fce4707455c324a7d9298da71af,1fdfb63881f638879f3fc9b0f72e5e4dc9670780205f3e73a5a37afb6d035736,3,2,1.9999999824999999,3.0,9.99999995e-05,2.0,True,False,10,0,EXTENDED_PENDING_RESOURCE_GATE,COMPLETE_BASE_INSTANCE
C,3,3,random_ordered,2,0.25,1,0.01,87278181348be86c90ec73a3a3175cc1b0f6048d87ed5cdb36b979f556078139,1fdfb63881f638879f3fc9b0f72e5e4dc9670780205f3e73a5a37afb6d035736,3,2,1.9998249998437363,3.0,0.009999499987499374,2.0,True,False,10,0,EXTENDED_PENDING_RESOURCE_GATE,COMPLETE_BASE_INSTANCE
C,3,3,random_ordered,2,0.25,1,0.1,214b2d6ceae0f1107a4e47df19deb0d674f0b455228d9f5e39aa0dc101cc7524,1fdfb63881f638879f3fc9b0f72e5e4dc9670780205f3e73a5a37afb6d035736,3,2,1.9824984237068133,3.0,0.09949874371066199,2.0,True,False,10,0,EXTENDED_PENDING_RESOURCE_GATE,COMPLETE_BASE_INSTANCE
C,3,3,random_ordered,2,0.25,1,0.5,927f70da3666c51169b7b0b531e5d2f4a691736a0b29ded34a4390a1ca064130,1fdfb63881f638879f3fc9b0f72e5e4dc9670780205f3e73a5a37afb6d035736,3,2,1.5612494995995994,3.0,0.4330127018922193,2.0,True,False,10,0,EXTENDED_PENDING_RESOURCE_GATE,COMPLETE_BASE_INSTANCE
C,3,3,random_ordered,2,0.5,1,0.0001,199dd5457aeb6062deb2651a181b3db77e7aea9bf69c095c8fa98d48f3372ccc,1fdfb63881f638879f3fc9b0f72e5e4dc9670780205f3e73a5a37afb6d035736,3,2,1.9999999824999999,3.0,9.99999995e-05,2.0,True,False,10,0,EXTENDED_PENDING_RESOURCE_GATE,COMPLETE_BASE_INSTANCE
C,3,3,random_ordered,2,0.5,1,0.01,33b433a6a156a4c5a8cd1ff5084cbbbd2da3f1a9d1be40d810279e26e7ae2939,1fdfb63881f638879f3fc9b0f72e5e4dc9670780205f3e73a5a37afb6d035736,3,2,1.9998249998437363,3.0,0.009999499987499374,2.0,True,False,10,0,EXTENDED_PENDING_RESOURCE_GATE,COMPLETE_BASE_INSTANCE
C,3,3,random_ordered,2,0.5,1,0.1,7bc940bea600d0e32385464fc2db8f178e17c009e72060328af3b5745997379b,1fdfb63881f638879f3fc9b0f72e5e4dc9670780205f3e73a5a37afb6d035736,3,2,1.9824984237068133,3.0,0.09949874371066199,2.0,True,False,10,0,EXTENDED_PENDING_RESOURCE_GATE,COMPLETE_BASE_INSTANCE
C,3,3,random_ordered,2,0.5,1,0.5,709116f8d4c7608c7584ea957ff27fdf426a8458a6b725f2dd07f7d3ad6a7242,1fdfb63881f638879f3fc9b0f72e5e4dc9670780205f3e73a5a37afb6d035736,3,2,1.5612494995995994,3.0,0.4330127018922193,2.0,True,False,10,0,EXTENDED_PENDING_RESOURCE_GATE,COMPLETE_BASE_INSTANCE
C,3,3,random_ordered,2,0.75,1,0.0001,083dd52cd2e68d06d526226f804f48c948eab8ccb04e5bc9fd65d65c5cfea7f9,1fdfb63881f638879f3fc9b0f72e5e4dc9670780205f3e73a5a37afb6d035736,3,2,1.9999999824999999,3.0,9.99999995e-05,2.0,True,False,10,0,EXTENDED_PENDING_RESOURCE_GATE,COMPLETE_BASE_INSTANCE
C,3,3,random_ordered,2,0.75,1,0.01,0c94b0d8c3e91b144d309e49ca9f912b6c3bc32027a0d90d7a382e0e0992d695,1fdfb63881f638879f3fc9b0f72e5e4dc9670780205f3e73a5a37afb6d035736,3,2,1.9998249998437363,3.0,0.009999499987499374,2.0,True,False,10,0,EXTENDED_PENDING_RESOURCE_GATE,COMPLETE_BASE_INSTANCE
C,3,3,random_ordered,2,0.75,1,0.1,e8a151eeb57364c929f15638340472074949d4b9c11ea8be2c56d77b945b8424,1fdfb63881f638879f3fc9b0f72e5e4dc9670780205f3e73a5a37afb6d035736,3,2,1.9824984237068133,3.0,0.09949874371066199,2.0,True,False,10,0,EXTENDED_PENDING_RESOURCE_GATE,COMPLETE_BASE_INSTANCE
C,3,3,random_ordered,2,0.75,1,0.5,f5ee6b6546ab8217c10061e400e28fd52ea0a066d1528ed4abac486d6484f277,1fdfb63881f638879f3fc9b0f72e5e4dc9670780205f3e73a5a37afb6d035736,3,2,1.5612494995995994,3.0,0.4330127018922193,2.0,True,False,10,0,EXTENDED_PENDING_RESOURCE_GATE,COMPLETE_BASE_INSTANCE
C,3,3,random_ordered,4,0.125,1,0.0001,c6390d5c949e85484db9e60d91aa9718ac78281c86ffa749cc8bf4b255025356,1fdfb63881f638879f3fc9b0f72e5e4dc9670780205f3e73a5a37afb6d035736,3,2,1.9999999824999999,3.0,9.99999995e-05,2.0,True,False,10,0,EXTENDED_PENDING_RESOURCE_GATE,COMPLETE_BASE_INSTANCE
C,3,3,random_ordered,4,0.125,1,0.01,2d959873a6bb86bd1e569603e5bd95bb4d91e3b1dacc1b900cd409532d728788,1fdfb63881f638879f3fc9b0f72e5e4dc9670780205f3e73a5a37afb6d035736,3,2,1.9998249998437363,3.0,0.009999499987499374,2.0,True,False,10,0,EXTENDED_PENDING_RESOURCE_GATE,COMPLETE_BASE_INSTANCE
C,3,3,random_ordered,4,0.125,1,0.1,5b81234c4c93ce326ee4b978da89e67dab346181758cd4854c3004cd89ff465a,1fdfb63881f638879f3fc9b0f72e5e4dc9670780205f3e73a5a37afb6d035736,3,2,1.9824984237068133,3.0,0.09949874371066199,2.0,True,False,10,0,EXTENDED_PENDING_RESOURCE_GATE,COMPLETE_BASE_INSTANCE
C,3,3,random_ordered,4,0.125,1,0.5,6d32c68a81c4bed796c4491456718b19980468db4ee0b2f0ffb715d402bcad6a,1fdfb63881f638879f3fc9b0f72e5e4dc9670780205f3e73a5a37afb6d035736,3,2,1.5612494995995994,3.0,0.4330127018922193,2.0,True,False,10,0,EXTENDED_PENDING_RESOURCE_GATE,COMPLETE_BASE_INSTANCE
C,3,3,random_ordered,4,0.25,1,0.0001,9efaf4bee6b2c76a158b85150700cdb2837854d69c6a9a397e5a6e5b594c8218,1fdfb63881f638879f3fc9b0f72e5e4dc9670780205f3e73a5a37afb6d035736,3,2,1.9999999824999999,3.0,9.99999995e-05,2.0,True,False,10,0,EXTENDED_PENDING_RESOURCE_GATE,COMPLETE_BASE_INSTANCE
C,3,3,random_ordered,4,0.25,1,0.01,1184f0b9f223fded8c8aeab92bb4c7ed04d5139e666c9922758dcaf4600b632c,1fdfb63881f638879f3fc9b0f72e5e4dc9670780205f3e73a5a37afb6d035736,3,2,1.9998249998437363,3.0,0.009999499987499374,2.0,True,False,10,0,EXTENDED_PENDING_RESOURCE_GATE,COMPLETE_BASE_INSTANCE
C,3,3,random_ordered,4,0.25,1,0.1,efdd2a68bd80f8645370e27b6984f7bd6ab47517b9e25e9f7d159ebbdbe23171,1fdfb63881f638879f3fc9b0f72e5e4dc9670780205f3e73a5a37afb6d035736,3,2,1.9824984237068133,3.0,0.09949874371066199,2.0,True,False,10,0,EXTENDED_PENDING_RESOURCE_GATE,COMPLETE_BASE_INSTANCE
C,3,3,random_ordered,4,0.25,1,0.5,7d0b3e3c7d7c82da6f8fe1663f8c160786b4d1d6102c9e9ff83afb79ecdf1a36,1fdfb63881f638879f3fc9b0f72e5e4dc9670780205f3e73a5a37afb6d035736,3,2,1.5612494995995994,3.0,0.4330127018922193,2.0,True,False,10,0,EXTENDED_PENDING_RESOURCE_GATE,COMPLETE_BASE_INSTANCE
C,3,3,random_ordered,4,0.5,2,0.0001,53099b676df8fedbcac0ce462ff520f12d4321038e7295d813f2bd4aace84294,1fdfb63881f638879f3fc9b0f72e5e4dc9670780205f3e73a5a37afb6d035736,3,2,1.9999999824999999,3.0,9.99999995e-05,2.0,True,False,10,0,EXTENDED_PENDING_RESOURCE_GATE,COMPLETE_BASE_INSTANCE
C,3,3,random_ordered,4,0.5,2,0.01,1128e140bc69002601207da752f6bf240f7f2149a502c15e6e2a0dd1873b7000,1fdfb63881f638879f3fc9b0f72e5e4dc9670780205f3e73a5a37afb6d035736,3,2,1.9998249998437363,3.0,0.009999499987499374,2.0,True,False,10,0,EXTENDED_PENDING_RESOURCE_GATE,COMPLETE_BASE_INSTANCE
C,3,3,random_ordered,4,0.5,2,0.1,ab18fa472d12b4b80521a2c0f5db0bf0c76ff7aa40de3eccf2b2fb5086de2c16,1fdfb63881f638879f3fc9b0f72e5e4dc9670780205f3e73a5a37afb6d035736,3,2,1.9824984237068133,3.0,0.09949874371066199,2.0,True,False,10,0,EXTENDED_PENDING_RESOURCE_GATE,COMPLETE_BASE_INSTANCE
C,3,3,random_ordered,4,0.5,2,0.5,05fbb38f61b67d3191aceb39f38935e139150c9fca01c9d9ba48a160c6a4eff8,1fdfb63881f638879f3fc9b0f72e5e4dc9670780205f3e73a5a37afb6d035736,3,2,1.5612494995995994,3.0,0.4330127018922193,2.0,True,False,10,0,EXTENDED_PENDING_RESOURCE_GATE,COMPLETE_BASE_INSTANCE
C,3,3,random_ordered,4,0.75,3,0.0001,afd29fc789ccab4800e54ee896132d26c89da123ce246dd1d7de136870a3707e,1fdfb63881f638879f3fc9b0f72e5e4dc9670780205f3e73a5a37afb6d035736,3,2,1.9999999824999999,3.0,9.99999995e-05,2.0,True,False,10,0,EXTENDED_PENDING_RESOURCE_GATE,COMPLETE_BASE_INSTANCE
C,3,3,random_ordered,4,0.75,3,0.01,832118e4d7cf8944406c2a3783160815092e62eaceb94c899d9972151ca2ccee,1fdfb63881f638879f3fc9b0f72e5e4dc9670780205f3e73a5a37afb6d035736,3,2,1.9998249998437363,3.0,0.009999499987499374,2.0,True,False,10,0,EXTENDED_PENDING_RESOURCE_GATE,COMPLETE_BASE_INSTANCE
C,3,3,random_ordered,4,0.75,3,0.1,bc22b97e2870b5a82ba8815a1216dd9f9fd29d394d52989ab09328578c1626e9,1fdfb63881f638879f3fc9b0f72e5e4dc9670780205f3e73a5a37afb6d035736,3,2,1.9824984237068133,3.0,0.09949874371066199,2.0,True,False,10,0,EXTENDED_PENDING_RESOURCE_GATE,COMPLETE_BASE_INSTANCE
C,3,3,random_ordered,4,0.75,3,0.5,c6785520494c062511e13c27a861893314291996af5140a40d54bbee0ba98a14,1fdfb63881f638879f3fc9b0f72e5e4dc9670780205f3e73a5a37afb6d035736,3,2,1.5612494995995994,3.0,0.4330127018922193,2.0,True,False,10,0,EXTENDED_PENDING_RESOURCE_GATE,COMPLETE_BASE_INSTANCE
C,3,3,random_ordered,8,0.125,1,0.0001,ffd4456f7b04f2e2a0537b0707a537995f0d2f280ba3831aecb6d579b215ab34,1fdfb63881f638879f3fc9b0f72e5e4dc9670780205f3e73a5a37afb6d035736,3,2,1.9999999824999999,3.0,9.99999995e-05,2.0,True,False,10,0,EXTENDED_PENDING_RESOURCE_GATE,COMPLETE_BASE_INSTANCE
C,3,3,random_ordered,8,0.125,1,0.01,8f4f1169bad35f44cb2232cff4e8822108870b79d95611de5fcbbfff0255b2cd,1fdfb63881f638879f3fc9b0f72e5e4dc9670780205f3e73a5a37afb6d035736,3,2,1.9998249998437363,3.0,0.009999499987499374,2.0,True,False,10,0,EXTENDED_PENDING_RESOURCE_GATE,COMPLETE_BASE_INSTANCE
C,3,3,random_ordered,8,0.125,1,0.1,b4018639b6d0b41712ae0210f6b4c1cc9ed16893ad30de0c28e847e2ed49978e,1fdfb63881f638879f3fc9b0f72e5e4dc9670780205f3e73a5a37afb6d035736,3,2,1.9824984237068133,3.0,0.09949874371066199,2.0,True,False,10,0,EXTENDED_PENDING_RESOURCE_GATE,COMPLETE_BASE_INSTANCE
C,3,3,random_ordered,8,0.125,1,0.5,99103ad91909b8bd871840a8f9fd32f876506e53aa55a2fbaf8bcc53c9fe6882,1fdfb63881f638879f3fc9b0f72e5e4dc9670780205f3e73a5a37afb6d035736,3,2,1.5612494995995994,3.0,0.4330127018922193,2.0,True,False,10,0,EXTENDED_PENDING_RESOURCE_GATE,COMPLETE_BASE_INSTANCE
C,3,3,random_ordered,8,0.25,2,0.0001,c90b9c4e30860d51e1364c33242c13134c6c1b33c683ee2b17f4a84cd6a0f3cd,1fdfb63881f638879f3fc9b0f72e5e4dc9670780205f3e73a5a37afb6d035736,3,2,1.9999999824999999,3.0,9.99999995e-05,2.0,True,False,10,0,EXTENDED_PENDING_RESOURCE_GATE,COMPLETE_BASE_INSTANCE
C,3,3,random_ordered,8,0.25,2,0.01,32a185918a4eeb3c526585dff55524c2d1183433f77de742757aee85aaed0fe5,1fdfb63881f638879f3fc9b0f72e5e4dc9670780205f3e73a5a37afb6d035736,3,2,1.9998249998437363,3.0,0.009999499987499374,2.0,True,False,10,0,EXTENDED_PENDING_RESOURCE_GATE,COMPLETE_BASE_INSTANCE
C,3,3,random_ordered,8,0.25,2,0.1,8b9f4c023b8dd02cadf2312d99b549759726e6908e47449f73715b0fbecaf9a4,1fdfb63881f638879f3fc9b0f72e5e4dc9670780205f3e73a5a37afb6d035736,3,2,1.9824984237068133,3.0,0.09949874371066199,2.0,True,False,10,0,EXTENDED_PENDING_RESOURCE_GATE,COMPLETE_BASE_INSTANCE
C,3,3,random_ordered,8,0.25,2,0.5,403f7edfa6d8e59fd53c00dc6f201265f8f901499bf339cdb51da3449c5f47cb,1fdfb63881f638879f3fc9b0f72e5e4dc9670780205f3e73a5a37afb6d035736,3,2,1.5612494995995994,3.0,0.4330127018922193,2.0,True,False,10,0,EXTENDED_PENDING_RESOURCE_GATE,COMPLETE_BASE_INSTANCE
C,3,3,random_ordered,8,0.5,4,0.0001,1ae07223dafe85e98315e724c5471f16c4d7fe93ffc939a59084c1d6a05805ae,1fdfb63881f638879f3fc9b0f72e5e4dc9670780205f3e73a5a37afb6d035736,3,2,1.9999999824999999,3.0,9.99999995e-05,2.0,True,False,10,0,EXTENDED_PENDING_RESOURCE_GATE,COMPLETE_BASE_INSTANCE
C,3,3,random_ordered,8,0.5,4,0.01,639fe234e96676929036277451e1e908275eb768c7f3849040e379120a49a9b5,1fdfb63881f638879f3fc9b0f72e5e4dc9670780205f3e73a5a37afb6d035736,3,2,1.9998249998437363,3.0,0.009999499987499374,2.0,True,False,10,0,EXTENDED_PENDING_RESOURCE_GATE,COMPLETE_BASE_INSTANCE
C,3,3,random_ordered,8,0.5,4,0.1,6510a9f086d8f191c451fcf809db6539c90186564273ae6b2149e23d1ff1ffec,1fdfb63881f638879f3fc9b0f72e5e4dc9670780205f3e73a5a37afb6d035736,3,2,1.9824984237068133,3.0,0.09949874371066199,2.0,True,False,10,0,EXTENDED_PENDING_RESOURCE_GATE,COMPLETE_BASE_INSTANCE
C,3,3,random_ordered,8,0.5,4,0.5,f2671b6983b31eb32299c51413a5fc8031b0b0dc84be6f33c2bfe4095a3af4fe,1fdfb63881f638879f3fc9b0f72e5e4dc9670780205f3e73a5a37afb6d035736,3,2,1.5612494995995994,3.0,0.4330127018922193,2.0,True,False,10,0,EXTENDED_PENDING_RESOURCE_GATE,COMPLETE_BASE_INSTANCE
C,3,3,random_ordered,8,0.75,6,0.0001,61ee86fd09d3b6778d0e9dc1f7ad0c3fa930c3a908e77290855b7004e27243a5,1fdfb63881f638879f3fc9b0f72e5e4dc9670780205f3e73a5a37afb6d035736,3,2,1.9999999824999999,3.0,9.99999995e-05,2.0,True,False,10,0,EXTENDED_PENDING_RESOURCE_GATE,COMPLETE_BASE_INSTANCE
C,3,3,random_ordered,8,0.75,6,0.01,adbad30d0b40b4b850e62e2fc95501683a4bcbf6da47c37a9dccec26f0ac30dc,1fdfb63881f638879f3fc9b0f72e5e4dc9670780205f3e73a5a37afb6d035736,3,2,1.9998249998437363,3.0,0.009999499987499374,2.0,True,False,10,0,EXTENDED_PENDING_RESOURCE_GATE,COMPLETE_BASE_INSTANCE
C,3,3,random_ordered,8,0.75,6,0.1,05add49145373e610115ac6ff3c4cb2ba83916f3a63270c2e5ad0260b1a81d77,1fdfb63881f638879f3fc9b0f72e5e4dc9670780205f3e73a5a37afb6d035736,3,2,1.9824984237068133,3.0,0.09949874371066199,2.0,True,False,10,0,EXTENDED_PENDING_RESOURCE_GATE,COMPLETE_BASE_INSTANCE
C,3,3,random_ordered,8,0.75,6,0.5,f86cba39c1ac276609ee3840ee22474c437b9c031adb1ac3bdaf69257052cd9d,1fdfb63881f638879f3fc9b0f72e5e4dc9670780205f3e73a5a37afb6d035736,3,2,1.5612494995995994,3.0,0.4330127018922193,2.0,True,False,10,0,EXTENDED_PENDING_RESOURCE_GATE,COMPLETE_BASE_INSTANCE
C,3,3,random_ordered,16,0.125,2,0.0001,38aac1d8768cea228b1fdee9c2a0715801ba4abb85d325f408167e32f0865caa,1fdfb63881f638879f3fc9b0f72e5e4dc9670780205f3e73a5a37afb6d035736,3,2,1.9999999824999999,3.0,9.99999995e-05,2.0,True,False,10,0,EXTENDED_PENDING_RESOURCE_GATE,COMPLETE_BASE_INSTANCE
C,3,3,random_ordered,16,0.125,2,0.01,1f2904e98b8383a71e98b9ce68c2f34f8c46be1b4c1fe040b18ba2f095b170d8,1fdfb63881f638879f3fc9b0f72e5e4dc9670780205f3e73a5a37afb6d035736,3,2,1.9998249998437363,3.0,0.009999499987499374,2.0,True,False,10,0,EXTENDED_PENDING_RESOURCE_GATE,COMPLETE_BASE_INSTANCE
C,3,3,random_ordered,16,0.125,2,0.1,65dc4d24e40f4e6f7e1b43cb2902b3e6a4e8f2aab23e02e43a738a46a4bcd0ff,1fdfb63881f638879f3fc9b0f72e5e4dc9670780205f3e73a5a37afb6d035736,3,2,1.9824984237068133,3.0,0.09949874371066199,2.0,True,False,10,0,EXTENDED_PENDING_RESOURCE_GATE,COMPLETE_BASE_INSTANCE
C,3,3,random_ordered,16,0.125,2,0.5,a760d1be37bcb52d8030f12f5a47f479043e7ca836b08cf9dae540be49d5bd83,1fdfb63881f638879f3fc9b0f72e5e4dc9670780205f3e73a5a37afb6d035736,3,2,1.5612494995995994,3.0,0.4330127018922193,2.0,True,False,10,0,EXTENDED_PENDING_RESOURCE_GATE,COMPLETE_BASE_INSTANCE
C,3,3,random_ordered,16,0.25,4,0.0001,532689043ad567699a95a0024df3dc0c9de5984740547be1f3e0a3a502d8b306,1fdfb63881f638879f3fc9b0f72e5e4dc9670780205f3e73a5a37afb6d035736,3,2,1.9999999824999999,3.0,9.99999995e-05,2.0,True,False,10,0,EXTENDED_PENDING_RESOURCE_GATE,COMPLETE_BASE_INSTANCE
C,3,3,random_ordered,16,0.25,4,0.01,8967e2de87b350e1c13b81699bfe74b0689eeae559e2c705206b9b233b151a40,1fdfb63881f638879f3fc9b0f72e5e4dc9670780205f3e73a5a37afb6d035736,3,2,1.9998249998437363,3.0,0.009999499987499374,2.0,True,False,10,0,EXTENDED_PENDING_RESOURCE_GATE,COMPLETE_BASE_INSTANCE
C,3,3,random_ordered,16,0.25,4,0.1,d9659a30004d5234ab91ec0bd4ee4bba26c9cf15b467a04c090bfaa48f90168c,1fdfb63881f638879f3fc9b0f72e5e4dc9670780205f3e73a5a37afb6d035736,3,2,1.9824984237068133,3.0,0.09949874371066199,2.0,True,False,10,0,EXTENDED_PENDING_RESOURCE_GATE,COMPLETE_BASE_INSTANCE
C,3,3,random_ordered,16,0.25,4,0.5,8701e68ad598b91e20f2d6b20ab8d0a76bed8edc9f3c4022cef7cff2a90e1fda,1fdfb63881f638879f3fc9b0f72e5e4dc9670780205f3e73a5a37afb6d035736,3,2,1.5612494995995994,3.0,0.4330127018922193,2.0,True,False,10,0,EXTENDED_PENDING_RESOURCE_GATE,COMPLETE_BASE_INSTANCE
C,3,3,random_ordered,16,0.5,8,0.0001,3fb7f847bab916bbcccf516fa7aa9e4f730f3d42d9b631ac769fd9aeba7a00a3,1fdfb63881f638879f3fc9b0f72e5e4dc9670780205f3e73a5a37afb6d035736,3,2,1.9999999824999999,3.0,9.99999995e-05,2.0,True,False,10,0,EXTENDED_PENDING_RESOURCE_GATE,COMPLETE_BASE_INSTANCE
C,3,3,random_ordered,16,0.5,8,0.01,d7dd6587ecbc6ef385b8d56b60da405bce7fba4e3af445620c7c09933ad7feda,1fdfb63881f638879f3fc9b0f72e5e4dc9670780205f3e73a5a37afb6d035736,3,2,1.9998249998437363,3.0,0.009999499987499374,2.0,True,False,10,0,EXTENDED_PENDING_RESOURCE_GATE,COMPLETE_BASE_INSTANCE
C,3,3,random_ordered,16,0.5,8,0.1,4d7bdfed216d478a8420713e5aa7a3a51a90f74a678a4d1a8eaba1086ac8ac48,1fdfb63881f638879f3fc9b0f72e5e4dc9670780205f3e73a5a37afb6d035736,3,2,1.9824984237068133,3.0,0.09949874371066199,2.0,True,False,10,0,EXTENDED_PENDING_RESOURCE_GATE,COMPLETE_BASE_INSTANCE
C,3,3,random_ordered,16,0.5,8,0.5,bbb3f3787dd8318e50fe5a93dd234519c263f80a12865b96211a1e92476bbd7e,1fdfb63881f638879f3fc9b0f72e5e4dc9670780205f3e73a5a37afb6d035736,3,2,1.5612494995995994,3.0,0.4330127018922193,2.0,True,False,10,0,EXTENDED_PENDING_RESOURCE_GATE,COMPLETE_BASE_INSTANCE
C,3,3,random_ordered,16,0.75,12,0.0001,ba69548d4e066624807109a3e3793915eae675c492ec01c42460ed6bb85370bd,1fdfb63881f638879f3fc9b0f72e5e4dc9670780205f3e73a5a37afb6d035736,3,2,1.9999999824999999,3.0,9.99999995e-05,2.0,True,False,10,0,EXTENDED_PENDING_RESOURCE_GATE,COMPLETE_BASE_INSTANCE
C,3,3,random_ordered,16,0.75,12,0.01,5ed84ebc232e33d432b6e84dbf04935d057368c36ee84d89782740a1a96e2013,1fdfb63881f638879f3fc9b0f72e5e4dc9670780205f3e73a5a37afb6d035736,3,2,1.9998249998437363,3.0,0.009999499987499374,2.0,True,False,10,0,EXTENDED_PENDING_RESOURCE_GATE,COMPLETE_BASE_INSTANCE
C,3,3,random_ordered,16,0.75,12,0.1,9af1a6f320192db2d3d648a6938005c08995813159c564d8ae6740311c822070,1fdfb63881f638879f3fc9b0f72e5e4dc9670780205f3e73a5a37afb6d035736,3,2,1.9824984237068133,3.0,0.09949874371066199,2.0,True,False,10,0,EXTENDED_PENDING_RESOURCE_GATE,COMPLETE_BASE_INSTANCE
C,3,3,random_ordered,16,0.75,12,0.5,c8163b77a281f50727c7ad264934505b201e64aa5c9b3bfae442ef6395ffad94,1fdfb63881f638879f3fc9b0f72e5e4dc9670780205f3e73a5a37afb6d035736,3,2,1.5612494995995994,3.0,0.4330127018922193,2.0,True,False,10,0,EXTENDED_PENDING_RESOURCE_GATE,COMPLETE_BASE_INSTANCE
C,3,3,random_ordered,32,0.125,4,0.0001,2e8f40e58ad9663861ecf7912ac6255d81759a9ac1b6a3962fbe4af80268d137,1fdfb63881f638879f3fc9b0f72e5e4dc9670780205f3e73a5a37afb6d035736,3,2,1.9999999824999999,3.0,9.99999995e-05,2.0,True,False,10,0,EXTENDED_PENDING_RESOURCE_GATE,COMPLETE_BASE_INSTANCE
C,3,3,random_ordered,32,0.125,4,0.01,712e0a91625cd64fe45509b8626d928b0c0de0166d46c116cb2356d24a6552db,1fdfb63881f638879f3fc9b0f72e5e4dc9670780205f3e73a5a37afb6d035736,3,2,1.9998249998437363,3.0,0.009999499987499374,2.0,True,False,10,0,EXTENDED_PENDING_RESOURCE_GATE,COMPLETE_BASE_INSTANCE
C,3,3,random_ordered,32,0.125,4,0.1,a6374e82ab73cc39b21441ce5357eb862119d5e44df735408e0e52708cd5270a,1fdfb63881f638879f3fc9b0f72e5e4dc9670780205f3e73a5a37afb6d035736,3,2,1.9824984237068133,3.0,0.09949874371066199,2.0,True,False,10,0,EXTENDED_PENDING_RESOURCE_GATE,COMPLETE_BASE_INSTANCE
C,3,3,random_ordered,32,0.125,4,0.5,330bc57203e0b63a8671085c7d1124d155437b8bb569faa4213206d4bcb6d9c8,1fdfb63881f638879f3fc9b0f72e5e4dc9670780205f3e73a5a37afb6d035736,3,2,1.5612494995995994,3.0,0.4330127018922193,2.0,True,False,10,0,EXTENDED_PENDING_RESOURCE_GATE,COMPLETE_BASE_INSTANCE
C,3,3,random_ordered,32,0.25,8,0.0001,800d1d96554b79e240f489ecac6c9154159e08abbf64e58e4d7267966ed4bd40,1fdfb63881f638879f3fc9b0f72e5e4dc9670780205f3e73a5a37afb6d035736,3,2,1.9999999824999999,3.0,9.99999995e-05,2.0,True,False,10,0,EXTENDED_PENDING_RESOURCE_GATE,COMPLETE_BASE_INSTANCE
C,3,3,random_ordered,32,0.25,8,0.01,b87755c41396867d529e0fa6639a7c894dad897c1170851578415b725f00ac47,1fdfb63881f638879f3fc9b0f72e5e4dc9670780205f3e73a5a37afb6d035736,3,2,1.9998249998437363,3.0,0.009999499987499374,2.0,True,False,10,0,EXTENDED_PENDING_RESOURCE_GATE,COMPLETE_BASE_INSTANCE
C,3,3,random_ordered,32,0.25,8,0.1,61aa96249b1741cbe5ce6276d20f0727079cc8f6f0b9fd4a11d49f16b5d232c1,1fdfb63881f638879f3fc9b0f72e5e4dc9670780205f3e73a5a37afb6d035736,3,2,1.9824984237068133,3.0,0.09949874371066199,2.0,True,False,10,0,EXTENDED_PENDING_RESOURCE_GATE,COMPLETE_BASE_INSTANCE
C,3,3,random_ordered,32,0.25,8,0.5,131ee1bca59bb71583692622d0e4b72591ff344d5237c6237cf32715b826c6aa,1fdfb63881f638879f3fc9b0f72e5e4dc9670780205f3e73a5a37afb6d035736,3,2,1.5612494995995994,3.0,0.4330127018922193,2.0,True,False,10,0,EXTENDED_PENDING_RESOURCE_GATE,COMPLETE_BASE_INSTANCE
C,3,3,random_ordered,32,0.5,16,0.0001,41103eb4239c2793ad119bc9bc880fee12f658d23519f5f93ca3635b0ab0b751,1fdfb63881f638879f3fc9b0f72e5e4dc9670780205f3e73a5a37afb6d035736,3,2,1.9999999824999999,3.0,9.99999995e-05,2.0,True,False,10,0,EXTENDED_PENDING_RESOURCE_GATE,COMPLETE_BASE_INSTANCE
C,3,3,random_ordered,32,0.5,16,0.01,5195dce93eb5c5025d89d9e378df86800a7312443a48ad90614b2a66ccbb1527,1fdfb63881f638879f3fc9b0f72e5e4dc9670780205f3e73a5a37afb6d035736,3,2,1.9998249998437363,3.0,0.009999499987499374,2.0,True,False,10,0,EXTENDED_PENDING_RESOURCE_GATE,COMPLETE_BASE_INSTANCE
C,3,3,random_ordered,32,0.5,16,0.1,1eb8b7da4125ed1e988d8affd9e640b42d43faa7dc0d6aeaaaed681cfdcfcd42,1fdfb63881f638879f3fc9b0f72e5e4dc9670780205f3e73a5a37afb6d035736,3,2,1.9824984237068133,3.0,0.09949874371066199,2.0,True,False,10,0,EXTENDED_PENDING_RESOURCE_GATE,COMPLETE_BASE_INSTANCE
C,3,3,random_ordered,32,0.5,16,0.5,33d86400a3d3a5105d2ca86f7e95c540b125c7892d7f2fa816471922ff78c67b,1fdfb63881f638879f3fc9b0f72e5e4dc9670780205f3e73a5a37afb6d035736,3,2,1.5612494995995994,3.0,0.4330127018922193,2.0,True,False,10,0,EXTENDED_PENDING_RESOURCE_GATE,COMPLETE_BASE_INSTANCE
C,3,3,random_ordered,32,0.75,24,0.0001,885c739f545f1ec29038c2dcdd7ae91508a17a534cf2dbcbe9c1bbfdfc27dc01,1fdfb63881f638879f3fc9b0f72e5e4dc9670780205f3e73a5a37afb6d035736,3,2,1.9999999824999999,3.0,9.99999995e-05,2.0,True,False,10,0,EXTENDED_PENDING_RESOURCE_GATE,COMPLETE_BASE_INSTANCE
C,3,3,random_ordered,32,0.75,24,0.01,e51a728af4b1cd5ead96cd18d83fd59afec6b014be833461e79f32f4a615eccc,1fdfb63881f638879f3fc9b0f72e5e4dc9670780205f3e73a5a37afb6d035736,3,2,1.9998249998437363,3.0,0.009999499987499374,2.0,True,False,10,0,EXTENDED_PENDING_RESOURCE_GATE,COMPLETE_BASE_INSTANCE
C,3,3,random_ordered,32,0.75,24,0.1,c16209fad3e53e85fc7f7d1f4f1e10b990ad19ef6d7740505e7b03895d63f7a4,1fdfb63881f638879f3fc9b0f72e5e4dc9670780205f3e73a5a37afb6d035736,3,2,1.9824984237068133,3.0,0.09949874371066199,2.0,True,False,10,0,EXTENDED_PENDING_RESOURCE_GATE,COMPLETE_BASE_INSTANCE
C,3,3,random_ordered,32,0.75,24,0.5,631a3e4bf7ea57ba31acc6bde7f105efcce497dfb93c37b26651be8560b91d26,1fdfb63881f638879f3fc9b0f72e5e4dc9670780205f3e73a5a37afb6d035736,3,2,1.5612494995995994,3.0,0.4330127018922193,2.0,True,False,10,0,EXTENDED_PENDING_RESOURCE_GATE,COMPLETE_BASE_INSTANCE
C,3,3,random_ordered,64,0.125,8,0.0001,966c45d24968c8e4bda96ec2c68ee57335d3e73b223984597ba305eab6a6b0c5,1fdfb63881f638879f3fc9b0f72e5e4dc9670780205f3e73a5a37afb6d035736,3,2,1.9999999824999999,3.0,9.99999995e-05,2.0,True,False,10,0,EXTENDED_PENDING_RESOURCE_GATE,COMPLETE_BASE_INSTANCE
C,3,3,random_ordered,64,0.125,8,0.01,33551c70d296906989a25b6874d95302510696028f79275c4a56a9883ab1e746,1fdfb63881f638879f3fc9b0f72e5e4dc9670780205f3e73a5a37afb6d035736,3,2,1.9998249998437363,3.0,0.009999499987499374,2.0,True,False,10,0,EXTENDED_PENDING_RESOURCE_GATE,COMPLETE_BASE_INSTANCE
C,3,3,random_ordered,64,0.125,8,0.1,16c76e85b6b56e78e159a5104c3d0804aaa6ff8f1c0bb3e629813baaaac87ba5,1fdfb63881f638879f3fc9b0f72e5e4dc9670780205f3e73a5a37afb6d035736,3,2,1.9824984237068133,3.0,0.09949874371066199,2.0,True,False,10,0,EXTENDED_PENDING_RESOURCE_GATE,COMPLETE_BASE_INSTANCE
C,3,3,random_ordered,64,0.125,8,0.5,9e021d3b0a7b27a447a84cdd79ef309298443b77b246c9b1ec2e1985760c077c,1fdfb63881f638879f3fc9b0f72e5e4dc9670780205f3e73a5a37afb6d035736,3,2,1.5612494995995994,3.0,0.4330127018922193,2.0,True,False,10,0,EXTENDED_PENDING_RESOURCE_GATE,COMPLETE_BASE_INSTANCE
C,3,3,random_ordered,64,0.25,16,0.0001,e29c72eb143571a70ddc3d5a3d9d3b63c907fbdcfc8d379ec26cb770f3bf3537,1fdfb63881f638879f3fc9b0f72e5e4dc9670780205f3e73a5a37afb6d035736,3,2,1.9999999824999999,3.0,9.99999995e-05,2.0,True,False,10,0,EXTENDED_PENDING_RESOURCE_GATE,COMPLETE_BASE_INSTANCE
C,3,3,random_ordered,64,0.25,16,0.01,092886c50c1d587f98eb45f8186bfcb2b2d2cb46719264b2e36d1af89e0a0f56,1fdfb63881f638879f3fc9b0f72e5e4dc9670780205f3e73a5a37afb6d035736,3,2,1.9998249998437363,3.0,0.009999499987499374,2.0,True,False,10,0,EXTENDED_PENDING_RESOURCE_GATE,COMPLETE_BASE_INSTANCE
C,3,3,random_ordered,64,0.25,16,0.1,5050c4db9403cb7eaacb5e709ce4b5973b0bcc4fe25907add8ae0588de5ba52a,1fdfb63881f638879f3fc9b0f72e5e4dc9670780205f3e73a5a37afb6d035736,3,2,1.9824984237068133,3.0,0.09949874371066199,2.0,True,False,10,0,EXTENDED_PENDING_RESOURCE_GATE,COMPLETE_BASE_INSTANCE
C,3,3,random_ordered,64,0.25,16,0.5,f2e3bd5344e638b0a67484fedf4fd387d9aa9bb2f6751067e0255979e51b4762,1fdfb63881f638879f3fc9b0f72e5e4dc9670780205f3e73a5a37afb6d035736,3,2,1.5612494995995994,3.0,0.4330127018922193,2.0,True,False,10,0,EXTENDED_PENDING_RESOURCE_GATE,COMPLETE_BASE_INSTANCE
C,3,3,random_ordered,64,0.5,32,0.0001,3cae6cdacad47be28cc0124f345af60dbfdcf9275d8f65a873223659d00eabdd,1fdfb63881f638879f3fc9b0f72e5e4dc9670780205f3e73a5a37afb6d035736,3,2,1.9999999824999999,3.0,9.99999995e-05,2.0,True,False,10,0,EXTENDED_PENDING_RESOURCE_GATE,COMPLETE_BASE_INSTANCE
C,3,3,random_ordered,64,0.5,32,0.01,43427cda1d39d2985dec1a424278c5b484e460192edc7e2ffdb9fcc2d05ab748,1fdfb63881f638879f3fc9b0f72e5e4dc9670780205f3e73a5a37afb6d035736,3,2,1.9998249998437363,3.0,0.009999499987499374,2.0,True,False,10,0,EXTENDED_PENDING_RESOURCE_GATE,COMPLETE_BASE_INSTANCE
C,3,3,random_ordered,64,0.5,32,0.1,5c5d8d5f1e764267226ca6a964e2b4a60f4d41a5b9e23fcbdf9eac5f3fd88542,1fdfb63881f638879f3fc9b0f72e5e4dc9670780205f3e73a5a37afb6d035736,3,2,1.9824984237068133,3.0,0.09949874371066199,2.0,True,False,10,0,EXTENDED_PENDING_RESOURCE_GATE,COMPLETE_BASE_INSTANCE
C,3,3,random_ordered,64,0.5,32,0.5,3ae799cb4bccd786258b5d974469b0170fefcbcacc5219c4e3e7599d5ccd42a6,1fdfb63881f638879f3fc9b0f72e5e4dc9670780205f3e73a5a37afb6d035736,3,2,1.5612494995995994,3.0,0.4330127018922193,2.0,True,False,10,0,EXTENDED_PENDING_RESOURCE_GATE,COMPLETE_BASE_INSTANCE
C,3,3,random_ordered,64,0.75,48,0.0001,e0ac1dbcfb5b2444252847aa373de3704fd748d2bc5928b1503ae34b5ed2dc9f,1fdfb63881f638879f3fc9b0f72e5e4dc9670780205f3e73a5a37afb6d035736,3,2,1.9999999824999999,3.0,9.99999995e-05,2.0,True,False,10,0,EXTENDED_PENDING_RESOURCE_GATE,COMPLETE_BASE_INSTANCE
C,3,3,random_ordered,64,0.75,48,0.01,ae0eef81c508797dad921f1ad73e55887dcc02b4f3f55ba23dd09bbb0ad11864,1fdfb63881f638879f3fc9b0f72e5e4dc9670780205f3e73a5a37afb6d035736,3,2,1.9998249998437363,3.0,0.009999499987499374,2.0,True,False,10,0,EXTENDED_PENDING_RESOURCE_GATE,COMPLETE_BASE_INSTANCE
C,3,3,random_ordered,64,0.75,48,0.1,6e8f466af21a17734eb3cb92ab09b77a4694dc708616d1072fa3ac942014ad16,1fdfb63881f638879f3fc9b0f72e5e4dc9670780205f3e73a5a37afb6d035736,3,2,1.9824984237068133,3.0,0.09949874371066199,2.0,True,False,10,0,EXTENDED_PENDING_RESOURCE_GATE,COMPLETE_BASE_INSTANCE
C,3,3,random_ordered,64,0.75,48,0.5,407d57f01796b5ed5c9ffd81beea8b0b9803cabe16dc31a31b6540f25c2b7308,1fdfb63881f638879f3fc9b0f72e5e4dc9670780205f3e73a5a37afb6d035736,3,2,1.5612494995995994,3.0,0.4330127018922193,2.0,True,False,10,0,EXTENDED_PENDING_RESOURCE_GATE,COMPLETE_BASE_INSTANCE
C,3,6,comb,2,0.125,1,0.0001,a686c91918e44e4ea271d1aa736723cd022c7c372353e3997e946f6dd03e78b4,a85783b3bb7bb5beecb74b1ecd2ee92080238f8ed99747d74f1848f2ceb30d3f,6,2,5.999999837500001,6.0,0.0014999999550000002,5.0,True,False,10,0,EXTENDED_PENDING_RESOURCE_GATE,COMPLETE_BASE_INSTANCE
C,3,6,comb,2,0.125,1,0.01,fce73bd9c2ca0a22af90eb949f30f21eefdcb89c688f10fa2163ce453b465dab,a85783b3bb7bb5beecb74b1ecd2ee92080238f8ed99747d74f1848f2ceb30d3f,6,2,5.998375148279659,6.0,0.14995500309999998,5.0,True,False,10,0,EXTENDED_PENDING_RESOURCE_GATE,COMPLETE_BASE_INSTANCE
C,3,6,comb,2,0.125,1,0.1,d7a675c7854374209d55ad5153a94a63678c6b815971cc739dc34fa07e904072,a85783b3bb7bb5beecb74b1ecd2ee92080238f8ed99747d74f1848f2ceb30d3f,6,2,5.838981230805593,6.0,1.4553099999999999,5.0,True,False,10,0,EXTENDED_PENDING_RESOURCE_GATE,COMPLETE_BASE_INSTANCE
C,3,6,comb,2,0.125,1,0.5,7fd70df8ae8169d3dd6d3289e90312a331ce8ac55da97112a2a4cab2f2f3b608,a85783b3bb7bb5beecb74b1ecd2ee92080238f8ed99747d74f1848f2ceb30d3f,6,2,2.8437499999999996,6.0,2.8437499999999996,5.0,True,False,10,0,EXTENDED_PENDING_RESOURCE_GATE,COMPLETE_BASE_INSTANCE
C,3,6,comb,2,0.25,1,0.0001,71ca7b6703d853bfdd5c60c9853ceedfe1bcc33fc760539cfb256996727d740a,a85783b3bb7bb5beecb74b1ecd2ee92080238f8ed99747d74f1848f2ceb30d3f,6,2,5.999999837500001,6.0,0.0014999999550000002,5.0,True,False,10,0,EXTENDED_PENDING_RESOURCE_GATE,COMPLETE_BASE_INSTANCE
C,3,6,comb,2,0.25,1,0.01,6f2de613af7721bc5b217347cb50b3d1c74a8dddb3620d95c332a3f06b746084,a85783b3bb7bb5beecb74b1ecd2ee92080238f8ed99747d74f1848f2ceb30d3f,6,2,5.998375148279659,6.0,0.14995500309999998,5.0,True,False,10,0,EXTENDED_PENDING_RESOURCE_GATE,COMPLETE_BASE_INSTANCE
C,3,6,comb,2,0.25,1,0.1,13fc7a507ee0c41f2193f023c8a642d50852f579f3746aa1a9d9ffebf4f53e31,a85783b3bb7bb5beecb74b1ecd2ee92080238f8ed99747d74f1848f2ceb30d3f,6,2,5.838981230805593,6.0,1.4553099999999999,5.0,True,False,10,0,EXTENDED_PENDING_RESOURCE_GATE,COMPLETE_BASE_INSTANCE
C,3,6,comb,2,0.25,1,0.5,f5f86305cdfe4b6581df8c6c53339ddc9d647a73f885c2b735846e10dd120917,a85783b3bb7bb5beecb74b1ecd2ee92080238f8ed99747d74f1848f2ceb30d3f,6,2,2.8437499999999996,6.0,2.8437499999999996,5.0,True,False,10,0,EXTENDED_PENDING_RESOURCE_GATE,COMPLETE_BASE_INSTANCE
C,3,6,comb,2,0.5,1,0.0001,c2a531ed973b747146186a5d035b63378217d2da67b6ef6c303b803013acaede,a85783b3bb7bb5beecb74b1ecd2ee92080238f8ed99747d74f1848f2ceb30d3f,6,2,5.999999837500001,6.0,0.0014999999550000002,5.0,True,False,10,0,EXTENDED_PENDING_RESOURCE_GATE,COMPLETE_BASE_INSTANCE
C,3,6,comb,2,0.5,1,0.01,8b715ac24cbc1b87249b7241dc7ec4e0c07bdbef155c1e9de33865e5d8737d7c,a85783b3bb7bb5beecb74b1ecd2ee92080238f8ed99747d74f1848f2ceb30d3f,6,2,5.998375148279659,6.0,0.14995500309999998,5.0,True,False,10,0,EXTENDED_PENDING_RESOURCE_GATE,COMPLETE_BASE_INSTANCE
C,3,6,comb,2,0.5,1,0.1,2106de1d96d786f51b75f0fb297e3d11bb0f0ed120d71aba7a7df762c13d56bf,a85783b3bb7bb5beecb74b1ecd2ee92080238f8ed99747d74f1848f2ceb30d3f,6,2,5.838981230805593,6.0,1.4553099999999999,5.0,True,False,10,0,EXTENDED_PENDING_RESOURCE_GATE,COMPLETE_BASE_INSTANCE
C,3,6,comb,2,0.5,1,0.5,3dd184dd4a6223e408a60c6cd5136eca5d41fe2ada808c7fc2e9ab1af796061d,a85783b3bb7bb5beecb74b1ecd2ee92080238f8ed99747d74f1848f2ceb30d3f,6,2,2.8437499999999996,6.0,2.8437499999999996,5.0,True,False,10,0,EXTENDED_PENDING_RESOURCE_GATE,COMPLETE_BASE_INSTANCE
C,3,6,comb,2,0.75,1,0.0001,e7655bfafd0f5e48fe0062ba2f885842bfd9867f150a6558132b0b5723f1e8e2,a85783b3bb7bb5beecb74b1ecd2ee92080238f8ed99747d74f1848f2ceb30d3f,6,2,5.999999837500001,6.0,0.0014999999550000002,5.0,True,False,10,0,EXTENDED_PENDING_RESOURCE_GATE,COMPLETE_BASE_INSTANCE
C,3,6,comb,2,0.75,1,0.01,06e2339b7aef5e7552e97c2ff1f617342b78434493ce4dff47f756a1505ac762,a85783b3bb7bb5beecb74b1ecd2ee92080238f8ed99747d74f1848f2ceb30d3f,6,2,5.998375148279659,6.0,0.14995500309999998,5.0,True,False,10,0,EXTENDED_PENDING_RESOURCE_GATE,COMPLETE_BASE_INSTANCE
C,3,6,comb,2,0.75,1,0.1,02fd64b584f1dc224dedb80db4ac859158040bda4503fb73f74d44596e1efbc1,a85783b3bb7bb5beecb74b1ecd2ee92080238f8ed99747d74f1848f2ceb30d3f,6,2,5.838981230805593,6.0,1.4553099999999999,5.0,True,False,10,0,EXTENDED_PENDING_RESOURCE_GATE,COMPLETE_BASE_INSTANCE
C,3,6,comb,2,0.75,1,0.5,56332610ef81b350133b55e47d5e34d76cd23666e4e4c3e3857e20583a3207c2,a85783b3bb7bb5beecb74b1ecd2ee92080238f8ed99747d74f1848f2ceb30d3f,6,2,2.8437499999999996,6.0,2.8437499999999996,5.0,True,False,10,0,EXTENDED_PENDING_RESOURCE_GATE,COMPLETE_BASE_INSTANCE
C,3,6,comb,4,0.125,1,0.0001,1fa12342fd551a7b08f0e06e0e54d3f566287feb46ca94718c8caa15e9ca364c,a85783b3bb7bb5beecb74b1ecd2ee92080238f8ed99747d74f1848f2ceb30d3f,6,2,5.999999837500001,6.0,0.0014999999550000002,5.0,True,False,10,0,EXTENDED_PENDING_RESOURCE_GATE,COMPLETE_BASE_INSTANCE
C,3,6,comb,4,0.125,1,0.01,022250a080c32524796576925de4d19f0163ed331febee24302d9aa69ee84c0f,a85783b3bb7bb5beecb74b1ecd2ee92080238f8ed99747d74f1848f2ceb30d3f,6,2,5.998375148279659,6.0,0.14995500309999998,5.0,True,False,10,0,EXTENDED_PENDING_RESOURCE_GATE,COMPLETE_BASE_INSTANCE
C,3,6,comb,4,0.125,1,0.1,7f216f270bf2e7a8b8e5e4c4f93766c71e8405c821f30a99b23504a5f65c370f,a85783b3bb7bb5beecb74b1ecd2ee92080238f8ed99747d74f1848f2ceb30d3f,6,2,5.838981230805593,6.0,1.4553099999999999,5.0,True,False,10,0,EXTENDED_PENDING_RESOURCE_GATE,COMPLETE_BASE_INSTANCE
C,3,6,comb,4,0.125,1,0.5,0ad07b37c417e9b0e591aeca715ba0c3a1e33493e968977164a28a5c493b81c6,a85783b3bb7bb5beecb74b1ecd2ee92080238f8ed99747d74f1848f2ceb30d3f,6,2,2.8437499999999996,6.0,2.8437499999999996,5.0,True,False,10,0,EXTENDED_PENDING_RESOURCE_GATE,COMPLETE_BASE_INSTANCE
C,3,6,comb,4,0.25,1,0.0001,1038832ec745e86e21b3c3457f2b93f475c50893eef09b926197ddb939cd59c4,a85783b3bb7bb5beecb74b1ecd2ee92080238f8ed99747d74f1848f2ceb30d3f,6,2,5.999999837500001,6.0,0.0014999999550000002,5.0,True,False,10,0,EXTENDED_PENDING_RESOURCE_GATE,COMPLETE_BASE_INSTANCE
C,3,6,comb,4,0.25,1,0.01,3546a152e5b70bb2f14ea1871f49b55c0ab32e6923cd4b89da1d6e2370b8a411,a85783b3bb7bb5beecb74b1ecd2ee92080238f8ed99747d74f1848f2ceb30d3f,6,2,5.998375148279659,6.0,0.14995500309999998,5.0,True,False,10,0,EXTENDED_PENDING_RESOURCE_GATE,COMPLETE_BASE_INSTANCE
C,3,6,comb,4,0.25,1,0.1,9fbbbfa8915e5ff42e9cd209c6444ec221ec9992dd122336e57ff5766048fea6,a85783b3bb7bb5beecb74b1ecd2ee92080238f8ed99747d74f1848f2ceb30d3f,6,2,5.838981230805593,6.0,1.4553099999999999,5.0,True,False,10,0,EXTENDED_PENDING_RESOURCE_GATE,COMPLETE_BASE_INSTANCE
C,3,6,comb,4,0.25,1,0.5,88ea20851bf10b0dd668a007a8b49afb825d37dc06ca67aff0ea702af94e2a3f,a85783b3bb7bb5beecb74b1ecd2ee92080238f8ed99747d74f1848f2ceb30d3f,6,2,2.8437499999999996,6.0,2.8437499999999996,5.0,True,False,10,0,EXTENDED_PENDING_RESOURCE_GATE,COMPLETE_BASE_INSTANCE
C,3,6,comb,4,0.5,2,0.0001,b38ea77517088c33251e7adbfd5b45147b7f80b010d7300fa267699e370e0dd6,a85783b3bb7bb5beecb74b1ecd2ee92080238f8ed99747d74f1848f2ceb30d3f,6,2,5.999999837500001,6.0,0.0014999999550000002,5.0,True,False,10,0,EXTENDED_PENDING_RESOURCE_GATE,COMPLETE_BASE_INSTANCE
C,3,6,comb,4,0.5,2,0.01,9cd4fc0758a767301569a8cf3f9bd4fae23a4da7bff5eb6fd30e79050bd354e6,a85783b3bb7bb5beecb74b1ecd2ee92080238f8ed99747d74f1848f2ceb30d3f,6,2,5.998375148279659,6.0,0.14995500309999998,5.0,True,False,10,0,EXTENDED_PENDING_RESOURCE_GATE,COMPLETE_BASE_INSTANCE
C,3,6,comb,4,0.5,2,0.1,a42d84f9a3b7ae1eceab44fbb672962c17a6e8f7a7524088f44d547fd7e37e7b,a85783b3bb7bb5beecb74b1ecd2ee92080238f8ed99747d74f1848f2ceb30d3f,6,2,5.838981230805593,6.0,1.4553099999999999,5.0,True,False,10,0,EXTENDED_PENDING_RESOURCE_GATE,COMPLETE_BASE_INSTANCE
C,3,6,comb,4,0.5,2,0.5,ab3bc1fe3e9603544804709ff93ad9a5903b750a27560f2230d316619efccf29,a85783b3bb7bb5beecb74b1ecd2ee92080238f8ed99747d74f1848f2ceb30d3f,6,2,2.8437499999999996,6.0,2.8437499999999996,5.0,True,False,10,0,EXTENDED_PENDING_RESOURCE_GATE,COMPLETE_BASE_INSTANCE
C,3,6,comb,4,0.75,3,0.0001,8e007354d423a0e04cf57e19bba7af6b046321e683a1c007174a333149885ee5,a85783b3bb7bb5beecb74b1ecd2ee92080238f8ed99747d74f1848f2ceb30d3f,6,2,5.999999837500001,6.0,0.0014999999550000002,5.0,True,False,10,0,EXTENDED_PENDING_RESOURCE_GATE,COMPLETE_BASE_INSTANCE
C,3,6,comb,4,0.75,3,0.01,698af6fe0917e2c9fa6d593e0cde9b0853e82b574fc0e50b3df3a5ec262f2e95,a85783b3bb7bb5beecb74b1ecd2ee92080238f8ed99747d74f1848f2ceb30d3f,6,2,5.998375148279659,6.0,0.14995500309999998,5.0,True,False,10,0,EXTENDED_PENDING_RESOURCE_GATE,COMPLETE_BASE_INSTANCE
C,3,6,comb,4,0.75,3,0.1,51dd9600982601b427712d8c5cd1b6315a75b7eaa03c7eba3a247d686a9711e1,a85783b3bb7bb5beecb74b1ecd2ee92080238f8ed99747d74f1848f2ceb30d3f,6,2,5.838981230805593,6.0,1.4553099999999999,5.0,True,False,10,0,EXTENDED_PENDING_RESOURCE_GATE,COMPLETE_BASE_INSTANCE
C,3,6,comb,4,0.75,3,0.5,1983b353d6721a93e185c2cf74e5e65a608d05cbb27f2fc7b2d64d0765de4ca2,a85783b3bb7bb5beecb74b1ecd2ee92080238f8ed99747d74f1848f2ceb30d3f,6,2,2.8437499999999996,6.0,2.8437499999999996,5.0,True,False,10,0,EXTENDED_PENDING_RESOURCE_GATE,COMPLETE_BASE_INSTANCE
C,3,6,comb,8,0.125,1,0.0001,807e3f23765af23187e919fbb82a70ec25d14ba210409b8e55e15d6ba548d9af,a85783b3bb7bb5beecb74b1ecd2ee92080238f8ed99747d74f1848f2ceb30d3f,6,2,5.999999837500001,6.0,0.0014999999550000002,5.0,True,False,10,0,EXTENDED_PENDING_RESOURCE_GATE,COMPLETE_BASE_INSTANCE
C,3,6,comb,8,0.125,1,0.01,f34df97bbca32eb617a623dfdbdd17f57509529e41379a0320ddce2954b8ab4a,a85783b3bb7bb5beecb74b1ecd2ee92080238f8ed99747d74f1848f2ceb30d3f,6,2,5.998375148279659,6.0,0.14995500309999998,5.0,True,False,10,0,EXTENDED_PENDING_RESOURCE_GATE,COMPLETE_BASE_INSTANCE
C,3,6,comb,8,0.125,1,0.1,a480b0c25ce85659855f5911715798128a6a27adbc1b3f5928c879ff2d09b07a,a85783b3bb7bb5beecb74b1ecd2ee92080238f8ed99747d74f1848f2ceb30d3f,6,2,5.838981230805593,6.0,1.4553099999999999,5.0,True,False,10,0,EXTENDED_PENDING_RESOURCE_GATE,COMPLETE_BASE_INSTANCE
C,3,6,comb,8,0.125,1,0.5,27d30e199eda56c74a66e2a8fbdaa9d7bdcb2d9ff3a0e8b7f0573fd44e7e98fa,a85783b3bb7bb5beecb74b1ecd2ee92080238f8ed99747d74f1848f2ceb30d3f,6,2,2.8437499999999996,6.0,2.8437499999999996,5.0,True,False,10,0,EXTENDED_PENDING_RESOURCE_GATE,COMPLETE_BASE_INSTANCE
C,3,6,comb,8,0.25,2,0.0001,40a32fc538f544516c490bf6c6c078cd818313858f1baf7299a28b46103cdcd4,a85783b3bb7bb5beecb74b1ecd2ee92080238f8ed99747d74f1848f2ceb30d3f,6,2,5.999999837500001,6.0,0.0014999999550000002,5.0,True,False,10,0,EXTENDED_PENDING_RESOURCE_GATE,COMPLETE_BASE_INSTANCE
C,3,6,comb,8,0.25,2,0.01,7bd7887d724c7f328b6b03fa6da2e849401a30271919e71ab91797d21ec08f0f,a85783b3bb7bb5beecb74b1ecd2ee92080238f8ed99747d74f1848f2ceb30d3f,6,2,5.998375148279659,6.0,0.14995500309999998,5.0,True,False,10,0,EXTENDED_PENDING_RESOURCE_GATE,COMPLETE_BASE_INSTANCE
C,3,6,comb,8,0.25,2,0.1,888d78a74de5f4d42c8935d160abccb60cf9cbe85a68cbd0ca2497c8355875ca,a85783b3bb7bb5beecb74b1ecd2ee92080238f8ed99747d74f1848f2ceb30d3f,6,2,5.838981230805593,6.0,1.4553099999999999,5.0,True,False,10,0,EXTENDED_PENDING_RESOURCE_GATE,COMPLETE_BASE_INSTANCE
C,3,6,comb,8,0.25,2,0.5,d810e112a22114be36be70e9558f0dba5c45bc957505a921022df418273e0c92,a85783b3bb7bb5beecb74b1ecd2ee92080238f8ed99747d74f1848f2ceb30d3f,6,2,2.8437499999999996,6.0,2.8437499999999996,5.0,True,False,10,0,EXTENDED_PENDING_RESOURCE_GATE,COMPLETE_BASE_INSTANCE
C,3,6,comb,8,0.5,4,0.0001,a5b695d7e94eff52bc3a321c9914000bb3d43e4e3759976293214b6d5356c294,a85783b3bb7bb5beecb74b1ecd2ee92080238f8ed99747d74f1848f2ceb30d3f,6,2,5.999999837500001,6.0,0.0014999999550000002,5.0,True,False,10,0,EXTENDED_PENDING_RESOURCE_GATE,COMPLETE_BASE_INSTANCE
C,3,6,comb,8,0.5,4,0.01,6fbc6c311204e36e92edd5dde9fa704434514a00557224b80a5f65b370de5abd,a85783b3bb7bb5beecb74b1ecd2ee92080238f8ed99747d74f1848f2ceb30d3f,6,2,5.998375148279659,6.0,0.14995500309999998,5.0,True,False,10,0,EXTENDED_PENDING_RESOURCE_GATE,COMPLETE_BASE_INSTANCE
C,3,6,comb,8,0.5,4,0.1,9187d6d9e217ca17a1df51feae50ae4397559519dc771e1409394851b9ceaf88,a85783b3bb7bb5beecb74b1ecd2ee92080238f8ed99747d74f1848f2ceb30d3f,6,2,5.838981230805593,6.0,1.4553099999999999,5.0,True,False,10,0,EXTENDED_PENDING_RESOURCE_GATE,COMPLETE_BASE_INSTANCE
C,3,6,comb,8,0.5,4,0.5,fd091a717359e9a1738bfff19124e3a35c592306ee9d34f803f90dbb3f3385b9,a85783b3bb7bb5beecb74b1ecd2ee92080238f8ed99747d74f1848f2ceb30d3f,6,2,2.8437499999999996,6.0,2.8437499999999996,5.0,True,False,10,0,EXTENDED_PENDING_RESOURCE_GATE,COMPLETE_BASE_INSTANCE
C,3,6,comb,8,0.75,6,0.0001,88a5ac11a4626796e788e22bfb1ec68b4602e1a48bac457aed04033df64d9525,a85783b3bb7bb5beecb74b1ecd2ee92080238f8ed99747d74f1848f2ceb30d3f,6,2,5.999999837500001,6.0,0.0014999999550000002,5.0,True,False,10,0,EXTENDED_PENDING_RESOURCE_GATE,COMPLETE_BASE_INSTANCE
C,3,6,comb,8,0.75,6,0.01,4a0ad4281302f5ccaba95082a56f041112cb77e3d56e212a854d443b9ce4fc97,a85783b3bb7bb5beecb74b1ecd2ee92080238f8ed99747d74f1848f2ceb30d3f,6,2,5.998375148279659,6.0,0.14995500309999998,5.0,True,False,10,0,EXTENDED_PENDING_RESOURCE_GATE,COMPLETE_BASE_INSTANCE
C,3,6,comb,8,0.75,6,0.1,5df6e6d332ef988f091033589063a06d2bc25ea367cb73881d59c6c62445a512,a85783b3bb7bb5beecb74b1ecd2ee92080238f8ed99747d74f1848f2ceb30d3f,6,2,5.838981230805593,6.0,1.4553099999999999,5.0,True,False,10,0,EXTENDED_PENDING_RESOURCE_GATE,COMPLETE_BASE_INSTANCE
C,3,6,comb,8,0.75,6,0.5,9ffec2a7533c250584073795ef57236ab077130bfea4d48456dfc1d9bc9d6af8,a85783b3bb7bb5beecb74b1ecd2ee92080238f8ed99747d74f1848f2ceb30d3f,6,2,2.8437499999999996,6.0,2.8437499999999996,5.0,True,False,10,0,EXTENDED_PENDING_RESOURCE_GATE,COMPLETE_BASE_INSTANCE
C,3,6,comb,16,0.125,2,0.0001,1897eb7366f1f53a6c86026025868e75dbe2cf09c13b59a7e7517518fe4346ce,a85783b3bb7bb5beecb74b1ecd2ee92080238f8ed99747d74f1848f2ceb30d3f,6,2,5.999999837500001,6.0,0.0014999999550000002,5.0,True,False,10,0,EXTENDED_PENDING_RESOURCE_GATE,COMPLETE_BASE_INSTANCE
C,3,6,comb,16,0.125,2,0.01,e8c68e5f93f18138e4be92e5f72d4585fa1831e8b084a7178f6528e9a40f34a4,a85783b3bb7bb5beecb74b1ecd2ee92080238f8ed99747d74f1848f2ceb30d3f,6,2,5.998375148279659,6.0,0.14995500309999998,5.0,True,False,10,0,EXTENDED_PENDING_RESOURCE_GATE,COMPLETE_BASE_INSTANCE
C,3,6,comb,16,0.125,2,0.1,5551d0673a0e1905f5deffb841e0e2b22e5b44ad5c927fea291b45b581564359,a85783b3bb7bb5beecb74b1ecd2ee92080238f8ed99747d74f1848f2ceb30d3f,6,2,5.838981230805593,6.0,1.4553099999999999,5.0,True,False,10,0,EXTENDED_PENDING_RESOURCE_GATE,COMPLETE_BASE_INSTANCE
C,3,6,comb,16,0.125,2,0.5,6d903262962356a365e73b6f0509c90d0447ed2455ad96dcd5b8c858bbc7bfbd,a85783b3bb7bb5beecb74b1ecd2ee92080238f8ed99747d74f1848f2ceb30d3f,6,2,2.8437499999999996,6.0,2.8437499999999996,5.0,True,False,10,0,EXTENDED_PENDING_RESOURCE_GATE,COMPLETE_BASE_INSTANCE
C,3,6,comb,16,0.25,4,0.0001,e7d553995300fc937cd85dd9779a00d466bb80e61a3b4b439b19752791e25544,a85783b3bb7bb5beecb74b1ecd2ee92080238f8ed99747d74f1848f2ceb30d3f,6,2,5.999999837500001,6.0,0.0014999999550000002,5.0,True,False,10,0,EXTENDED_PENDING_RESOURCE_GATE,COMPLETE_BASE_INSTANCE
C,3,6,comb,16,0.25,4,0.01,e20b0f4c47b0b2ae7c4c2e0c26b73347991afc998bd7ac94104306b0996b9619,a85783b3bb7bb5beecb74b1ecd2ee92080238f8ed99747d74f1848f2ceb30d3f,6,2,5.998375148279659,6.0,0.14995500309999998,5.0,True,False,10,0,EXTENDED_PENDING_RESOURCE_GATE,COMPLETE_BASE_INSTANCE
C,3,6,comb,16,0.25,4,0.1,7740fe74b92791af5d33f4b89dfc265a61ad3ece879e485c53a3b795bd447545,a85783b3bb7bb5beecb74b1ecd2ee92080238f8ed99747d74f1848f2ceb30d3f,6,2,5.838981230805593,6.0,1.4553099999999999,5.0,True,False,10,0,EXTENDED_PENDING_RESOURCE_GATE,COMPLETE_BASE_INSTANCE
C,3,6,comb,16,0.25,4,0.5,0ab9df574b15a1c83969700a7dfd2e7d1c2761142c251ea1d7b4c9205daae4bf,a85783b3bb7bb5beecb74b1ecd2ee92080238f8ed99747d74f1848f2ceb30d3f,6,2,2.8437499999999996,6.0,2.8437499999999996,5.0,True,False,10,0,EXTENDED_PENDING_RESOURCE_GATE,COMPLETE_BASE_INSTANCE
C,3,6,comb,16,0.5,8,0.0001,19ec46f975b5b4f087ffebb57f589c40d19064d5d8675790dc1e7c8c88225df2,a85783b3bb7bb5beecb74b1ecd2ee92080238f8ed99747d74f1848f2ceb30d3f,6,2,5.999999837500001,6.0,0.0014999999550000002,5.0,True,False,10,0,EXTENDED_PENDING_RESOURCE_GATE,COMPLETE_BASE_INSTANCE
C,3,6,comb,16,0.5,8,0.01,ae4d8a43a49ac0cc33447f635fae8e7dbb2d18737a1980bfd49ad7bcf1b30ab7,a85783b3bb7bb5beecb74b1ecd2ee92080238f8ed99747d74f1848f2ceb30d3f,6,2,5.998375148279659,6.0,0.14995500309999998,5.0,True,False,10,0,EXTENDED_PENDING_RESOURCE_GATE,COMPLETE_BASE_INSTANCE
C,3,6,comb,16,0.5,8,0.1,cffd20274656c54c68e5ecdb5bb7d864140cf214de02eb1929d4235328ce6c86,a85783b3bb7bb5beecb74b1ecd2ee92080238f8ed99747d74f1848f2ceb30d3f,6,2,5.838981230805593,6.0,1.4553099999999999,5.0,True,False,10,0,EXTENDED_PENDING_RESOURCE_GATE,COMPLETE_BASE_INSTANCE
C,3,6,comb,16,0.5,8,0.5,70e5c9fa35a737758f0b055ad572b50a514e799b46d84a1984a5e31c1af4665c,a85783b3bb7bb5beecb74b1ecd2ee92080238f8ed99747d74f1848f2ceb30d3f,6,2,2.8437499999999996,6.0,2.8437499999999996,5.0,True,False,10,0,EXTENDED_PENDING_RESOURCE_GATE,COMPLETE_BASE_INSTANCE
C,3,6,comb,16,0.75,12,0.0001,760b23dfb023fad04542ddd2f5f08002ab93fcdedfed3bd23133bf33744f82ce,a85783b3bb7bb5beecb74b1ecd2ee92080238f8ed99747d74f1848f2ceb30d3f,6,2,5.999999837500001,6.0,0.0014999999550000002,5.0,True,False,10,0,EXTENDED_PENDING_RESOURCE_GATE,COMPLETE_BASE_INSTANCE
C,3,6,comb,16,0.75,12,0.01,23e9a8fdf13f4e44bd102503282ab3cf8fd1b328df8d1e380f0e7cc32cca5904,a85783b3bb7bb5beecb74b1ecd2ee92080238f8ed99747d74f1848f2ceb30d3f,6,2,5.998375148279659,6.0,0.14995500309999998,5.0,True,False,10,0,EXTENDED_PENDING_RESOURCE_GATE,COMPLETE_BASE_INSTANCE
C,3,6,comb,16,0.75,12,0.1,eebd7c67951668a1f842f72eb9028d7c8f046c7ca105919df50cb31601dd283d,a85783b3bb7bb5beecb74b1ecd2ee92080238f8ed99747d74f1848f2ceb30d3f,6,2,5.838981230805593,6.0,1.4553099999999999,5.0,True,False,10,0,EXTENDED_PENDING_RESOURCE_GATE,COMPLETE_BASE_INSTANCE
C,3,6,comb,16,0.75,12,0.5,c56db52d0d63d869c94249edf6067a3a6408da8be13c12775954f4d223143411,a85783b3bb7bb5beecb74b1ecd2ee92080238f8ed99747d74f1848f2ceb30d3f,6,2,2.8437499999999996,6.0,2.8437499999999996,5.0,True,False,10,0,EXTENDED_PENDING_RESOURCE_GATE,COMPLETE_BASE_INSTANCE
C,3,6,comb,32,0.125,4,0.0001,e92033623417a39694159b4dbc2a232368835568c49842c3c98aa6a74269e346,a85783b3bb7bb5beecb74b1ecd2ee92080238f8ed99747d74f1848f2ceb30d3f,6,2,5.999999837500001,6.0,0.0014999999550000002,5.0,True,False,10,0,EXTENDED_PENDING_RESOURCE_GATE,COMPLETE_BASE_INSTANCE
C,3,6,comb,32,0.125,4,0.01,b798b94d437109ac27a755e2e7b29627e6dfdc0842665e2fd6e0a6b5dd2e423b,a85783b3bb7bb5beecb74b1ecd2ee92080238f8ed99747d74f1848f2ceb30d3f,6,2,5.998375148279659,6.0,0.14995500309999998,5.0,True,False,10,0,EXTENDED_PENDING_RESOURCE_GATE,COMPLETE_BASE_INSTANCE
C,3,6,comb,32,0.125,4,0.1,1ceb63e7c4dda6b3f7c14e101987d2a462d9a060fdf92af2d03478129fac9a83,a85783b3bb7bb5beecb74b1ecd2ee92080238f8ed99747d74f1848f2ceb30d3f,6,2,5.838981230805593,6.0,1.4553099999999999,5.0,True,False,10,0,EXTENDED_PENDING_RESOURCE_GATE,COMPLETE_BASE_INSTANCE
C,3,6,comb,32,0.125,4,0.5,74292c5f2d6e755e55cee40e1fb023c20ee712c355b3bb869d413c0b7e687a25,a85783b3bb7bb5beecb74b1ecd2ee92080238f8ed99747d74f1848f2ceb30d3f,6,2,2.8437499999999996,6.0,2.8437499999999996,5.0,True,False,10,0,EXTENDED_PENDING_RESOURCE_GATE,COMPLETE_BASE_INSTANCE
C,3,6,comb,32,0.25,8,0.0001,ff420d4330afb3d93fa6cc536d1c54055730a2a196ab9983e5906522feae6d56,a85783b3bb7bb5beecb74b1ecd2ee92080238f8ed99747d74f1848f2ceb30d3f,6,2,5.999999837500001,6.0,0.0014999999550000002,5.0,True,False,10,0,EXTENDED_PENDING_RESOURCE_GATE,COMPLETE_BASE_INSTANCE
C,3,6,comb,32,0.25,8,0.01,3868532a109ac0b631640a31cc54b145554c43bb747da94107213530e6700c41,a85783b3bb7bb5beecb74b1ecd2ee92080238f8ed99747d74f1848f2ceb30d3f,6,2,5.998375148279659,6.0,0.14995500309999998,5.0,True,False,10,0,EXTENDED_PENDING_RESOURCE_GATE,COMPLETE_BASE_INSTANCE
C,3,6,comb,32,0.25,8,0.1,6cc844795ca901b928c09726904ff85ace21fc681b7cbc70bc52bb44fe3a572d,a85783b3bb7bb5beecb74b1ecd2ee92080238f8ed99747d74f1848f2ceb30d3f,6,2,5.838981230805593,6.0,1.4553099999999999,5.0,True,False,10,0,EXTENDED_PENDING_RESOURCE_GATE,COMPLETE_BASE_INSTANCE
C,3,6,comb,32,0.25,8,0.5,b452678b3f9d355c74debad06680a886f3cda9084afd498e2f83ad45e8a45ffa,a85783b3bb7bb5beecb74b1ecd2ee92080238f8ed99747d74f1848f2ceb30d3f,6,2,2.8437499999999996,6.0,2.8437499999999996,5.0,True,False,10,0,EXTENDED_PENDING_RESOURCE_GATE,COMPLETE_BASE_INSTANCE
C,3,6,comb,32,0.5,16,0.0001,4dc40cbb75e3e4783491cfaffa3aafcb7e64a4acd020b4e12fe79572c40ad337,a85783b3bb7bb5beecb74b1ecd2ee92080238f8ed99747d74f1848f2ceb30d3f,6,2,5.999999837500001,6.0,0.0014999999550000002,5.0,True,False,10,0,EXTENDED_PENDING_RESOURCE_GATE,COMPLETE_BASE_INSTANCE
C,3,6,comb,32,0.5,16,0.01,2eca45615e0b613d379d3da6eb56509d7337b73c6a91ec57ce90cf4b859b01f2,a85783b3bb7bb5beecb74b1ecd2ee92080238f8ed99747d74f1848f2ceb30d3f,6,2,5.998375148279659,6.0,0.14995500309999998,5.0,True,False,10,0,EXTENDED_PENDING_RESOURCE_GATE,COMPLETE_BASE_INSTANCE
C,3,6,comb,32,0.5,16,0.1,d3138810f8c7b5c148b1884416ee16cdf5995f11b54a966ab8c39624f5930231,a85783b3bb7bb5beecb74b1ecd2ee92080238f8ed99747d74f1848f2ceb30d3f,6,2,5.838981230805593,6.0,1.4553099999999999,5.0,True,False,10,0,EXTENDED_PENDING_RESOURCE_GATE,COMPLETE_BASE_INSTANCE
C,3,6,comb,32,0.5,16,0.5,56378ff4deaa2e2c0d034d5643a14afe4df9cb44d0bf39661a28b9f72d828129,a85783b3bb7bb5beecb74b1ecd2ee92080238f8ed99747d74f1848f2ceb30d3f,6,2,2.8437499999999996,6.0,2.8437499999999996,5.0,True,False,10,0,EXTENDED_PENDING_RESOURCE_GATE,COMPLETE_BASE_INSTANCE
C,3,6,comb,32,0.75,24,0.0001,0f94883c26b223a7d4a5c1998d42c658de8bd692c3aeb040ad4c63f175089eb3,a85783b3bb7bb5beecb74b1ecd2ee92080238f8ed99747d74f1848f2ceb30d3f,6,2,5.999999837500001,6.0,0.0014999999550000002,5.0,True,False,10,0,EXTENDED_PENDING_RESOURCE_GATE,COMPLETE_BASE_INSTANCE
C,3,6,comb,32,0.75,24,0.01,7ac2f94da3a414018d3e929af1e92947c31c93c0945cb96db5c4825023fd38fb,a85783b3bb7bb5beecb74b1ecd2ee92080238f8ed99747d74f1848f2ceb30d3f,6,2,5.998375148279659,6.0,0.14995500309999998,5.0,True,False,10,0,EXTENDED_PENDING_RESOURCE_GATE,COMPLETE_BASE_INSTANCE
C,3,6,comb,32,0.75,24,0.1,464836a395874f707115b4da70dd6e44b07182df0530a42895f5b9f5a1d3c426,a85783b3bb7bb5beecb74b1ecd2ee92080238f8ed99747d74f1848f2ceb30d3f,6,2,5.838981230805593,6.0,1.4553099999999999,5.0,True,False,10,0,EXTENDED_PENDING_RESOURCE_GATE,COMPLETE_BASE_INSTANCE
C,3,6,comb,32,0.75,24,0.5,e793e0f08dd128d3685543aa9f9855ac9fc330f8faf7d69aa9679f6c72ad7fe1,a85783b3bb7bb5beecb74b1ecd2ee92080238f8ed99747d74f1848f2ceb30d3f,6,2,2.8437499999999996,6.0,2.8437499999999996,5.0,True,False,10,0,EXTENDED_PENDING_RESOURCE_GATE,COMPLETE_BASE_INSTANCE
C,3,6,comb,64,0.125,8,0.0001,76a5845339479537abc456b23585d9cfd9ea451152a53deaef766937d30ccef1,a85783b3bb7bb5beecb74b1ecd2ee92080238f8ed99747d74f1848f2ceb30d3f,6,2,5.999999837500001,6.0,0.0014999999550000002,5.0,True,False,10,0,EXTENDED_PENDING_RESOURCE_GATE,COMPLETE_BASE_INSTANCE
C,3,6,comb,64,0.125,8,0.01,af24db52b59226c05ab824fd6b74b692ba111149c6db127f90189f61b18a8862,a85783b3bb7bb5beecb74b1ecd2ee92080238f8ed99747d74f1848f2ceb30d3f,6,2,5.998375148279659,6.0,0.14995500309999998,5.0,True,False,10,0,EXTENDED_PENDING_RESOURCE_GATE,COMPLETE_BASE_INSTANCE
C,3,6,comb,64,0.125,8,0.1,3424e37b8cbd5cef766747a0a934dd0ec28d42fe23504c9cabe910b2c05b456a,a85783b3bb7bb5beecb74b1ecd2ee92080238f8ed99747d74f1848f2ceb30d3f,6,2,5.838981230805593,6.0,1.4553099999999999,5.0,True,False,10,0,EXTENDED_PENDING_RESOURCE_GATE,COMPLETE_BASE_INSTANCE
C,3,6,comb,64,0.125,8,0.5,76f875182ac6669ced14b418787dfea74f04808b15ab94f71ccfe738bd1243a0,a85783b3bb7bb5beecb74b1ecd2ee92080238f8ed99747d74f1848f2ceb30d3f,6,2,2.8437499999999996,6.0,2.8437499999999996,5.0,True,False,10,0,EXTENDED_PENDING_RESOURCE_GATE,COMPLETE_BASE_INSTANCE
C,3,6,comb,64,0.25,16,0.0001,38946cb1fdbe428965f0fe254b0106b649f0ed06fed73fb1c263628637954ac9,a85783b3bb7bb5beecb74b1ecd2ee92080238f8ed99747d74f1848f2ceb30d3f,6,2,5.999999837500001,6.0,0.0014999999550000002,5.0,True,False,10,0,EXTENDED_PENDING_RESOURCE_GATE,COMPLETE_BASE_INSTANCE
C,3,6,comb,64,0.25,16,0.01,fe314f1a4ebaedc67d5379e789add6b07d980888e0b4227c716bfb68a457ad52,a85783b3bb7bb5beecb74b1ecd2ee92080238f8ed99747d74f1848f2ceb30d3f,6,2,5.998375148279659,6.0,0.14995500309999998,5.0,True,False,10,0,EXTENDED_PENDING_RESOURCE_GATE,COMPLETE_BASE_INSTANCE
C,3,6,comb,64,0.25,16,0.1,2125450596837d01e23a1cd5cf59690aa895b5c2aac13d8940ee0c0f1c85651a,a85783b3bb7bb5beecb74b1ecd2ee92080238f8ed99747d74f1848f2ceb30d3f,6,2,5.838981230805593,6.0,1.4553099999999999,5.0,True,False,10,0,EXTENDED_PENDING_RESOURCE_GATE,COMPLETE_BASE_INSTANCE
C,3,6,comb,64,0.25,16,0.5,258eebd8fba1fcac0eb7978adbaa4959ab5a64879309b375ee2d3be8b67c6428,a85783b3bb7bb5beecb74b1ecd2ee92080238f8ed99747d74f1848f2ceb30d3f,6,2,2.8437499999999996,6.0,2.8437499999999996,5.0,True,False,10,0,EXTENDED_PENDING_RESOURCE_GATE,COMPLETE_BASE_INSTANCE
C,3,6,comb,64,0.5,32,0.0001,dd3cf8a3733215216dcc21722a21c588055456bb30039689e635618a11793840,a85783b3bb7bb5beecb74b1ecd2ee92080238f8ed99747d74f1848f2ceb30d3f,6,2,5.999999837500001,6.0,0.0014999999550000002,5.0,True,False,10,0,EXTENDED_PENDING_RESOURCE_GATE,COMPLETE_BASE_INSTANCE
C,3,6,comb,64,0.5,32,0.01,6c4d6865b52745231c4b5c78ee7e8e77b9ca088d717872582a514ef2987f2361,a85783b3bb7bb5beecb74b1ecd2ee92080238f8ed99747d74f1848f2ceb30d3f,6,2,5.998375148279659,6.0,0.14995500309999998,5.0,True,False,10,0,EXTENDED_PENDING_RESOURCE_GATE,COMPLETE_BASE_INSTANCE
C,3,6,comb,64,0.5,32,0.1,a1e8d7335520fca69de60ac523c62c61628ee960167f0bc782d61d943556a222,a85783b3bb7bb5beecb74b1ecd2ee92080238f8ed99747d74f1848f2ceb30d3f,6,2,5.838981230805593,6.0,1.4553099999999999,5.0,True,False,10,0,EXTENDED_PENDING_RESOURCE_GATE,COMPLETE_BASE_INSTANCE
C,3,6,comb,64,0.5,32,0.5,cd54cb0eafdf406b60e60e4a24d69fee242baf6f411718291e093553e22b9a5b,a85783b3bb7bb5beecb74b1ecd2ee92080238f8ed99747d74f1848f2ceb30d3f,6,2,2.8437499999999996,6.0,2.8437499999999996,5.0,True,False,10,0,EXTENDED_PENDING_RESOURCE_GATE,COMPLETE_BASE_INSTANCE
C,3,6,comb,64,0.75,48,0.0001,85bfe895a9b070681908d659e3d92525fbb93d1cdaf80877f852cd7789d3e3cf,a85783b3bb7bb5beecb74b1ecd2ee92080238f8ed99747d74f1848f2ceb30d3f,6,2,5.999999837500001,6.0,0.0014999999550000002,5.0,True,False,10,0,EXTENDED_PENDING_RESOURCE_GATE,COMPLETE_BASE_INSTANCE
C,3,6,comb,64,0.75,48,0.01,0f1be743ce0cf12b974c80fdc38706847c5a4d1630225a76736d20d08f4fe43a,a85783b3bb7bb5beecb74b1ecd2ee92080238f8ed99747d74f1848f2ceb30d3f,6,2,5.998375148279659,6.0,0.14995500309999998,5.0,True,False,10,0,EXTENDED_PENDING_RESOURCE_GATE,COMPLETE_BASE_INSTANCE
C,3,6,comb,64,0.75,48,0.1,d3ae70910ca9d8de315fc3b028ab846494cf6f9c01c61d552cf2e4c890ee31e7,a85783b3bb7bb5beecb74b1ecd2ee92080238f8ed99747d74f1848f2ceb30d3f,6,2,5.838981230805593,6.0,1.4553099999999999,5.0,True,False,10,0,EXTENDED_PENDING_RESOURCE_GATE,COMPLETE_BASE_INSTANCE
C,3,6,comb,64,0.75,48,0.5,5726b26585b3a3a92c68fd2ebcf4ef301cf91a6f6fb0f227ef8b6c630df81d0a,a85783b3bb7bb5beecb74b1ecd2ee92080238f8ed99747d74f1848f2ceb30d3f,6,2,2.8437499999999996,6.0,2.8437499999999996,5.0,True,False,10,0,EXTENDED_PENDING_RESOURCE_GATE,COMPLETE_BASE_INSTANCE
C,3,6,balanced,2,0.125,1,0.0001,c9abb05dd5719c2f27b1e3ec147a0bc4694cfbc1768cff73e399c922df2eb1c1,6c765e8c1fb9f6cadfa475e7eaf372dfbe7598ab001aa8298c554d37f36ce940,3,3,2.9999999116666674,6.0,0.00039999998900000006,5.0,True,False,10,0,EXTENDED_PENDING_RESOURCE_GATE,COMPLETE_BASE_INSTANCE
C,3,6,balanced,2,0.125,1,0.01,6b01cd384b7b4418d17e52becfd9c85a515bc50dd7796126c7e4e3c352008d94,6c765e8c1fb9f6cadfa475e7eaf372dfbe7598ab001aa8298c554d37f36ce940,3,3,2.9991167366191345,6.0,0.0399890007,5.0,True,False,10,0,EXTENDED_PENDING_RESOURCE_GATE,COMPLETE_BASE_INSTANCE
C,3,6,balanced,2,0.125,1,0.1,65caadd8d0cd67b8b687fdee98f3fb4e26611ffc8aae022dbce5247604e6256b,6c765e8c1fb9f6cadfa475e7eaf372dfbe7598ab001aa8298c554d37f36ce940,3,3,2.9123649665692652,6.0,0.38906999999999997,5.0,True,False,10,0,EXTENDED_PENDING_RESOURCE_GATE,COMPLETE_BASE_INSTANCE
C,3,6,balanced,2,0.125,1,0.5,ae6675760bc888960ce05c436f549835429bebe15cd9cd5e750c891ac65a3c41,6c765e8c1fb9f6cadfa475e7eaf372dfbe7598ab001aa8298c554d37f36ce940,3,3,1.2090963826345689,6.0,0.8437499999999999,5.0,True,False,10,0,EXTENDED_PENDING_RESOURCE_GATE,COMPLETE_BASE_INSTANCE
C,3,6,balanced,2,0.25,1,0.0001,f56e1ecbe0334d235f8e028798193cf0f793ce78dd5830ea06e8ad117f744d21,6c765e8c1fb9f6cadfa475e7eaf372dfbe7598ab001aa8298c554d37f36ce940,3,3,2.9999999116666674,6.0,0.00039999998900000006,5.0,True,False,10,0,EXTENDED_PENDING_RESOURCE_GATE,COMPLETE_BASE_INSTANCE
C,3,6,balanced,2,0.25,1,0.01,b9d62b5b6e9b0ace514abb5d4c96a04b9cbb160bb51b8a471c11469dd23dcea2,6c765e8c1fb9f6cadfa475e7eaf372dfbe7598ab001aa8298c554d37f36ce940,3,3,2.9991167366191345,6.0,0.0399890007,5.0,True,False,10,0,EXTENDED_PENDING_RESOURCE_GATE,COMPLETE_BASE_INSTANCE
C,3,6,balanced,2,0.25,1,0.1,c60af2ed0a2cf2104e1b2758be44156bfe19ddfa02ff0efa0c5a2ec33594ff11,6c765e8c1fb9f6cadfa475e7eaf372dfbe7598ab001aa8298c554d37f36ce940,3,3,2.9123649665692652,6.0,0.38906999999999997,5.0,True,False,10,0,EXTENDED_PENDING_RESOURCE_GATE,COMPLETE_BASE_INSTANCE
C,3,6,balanced,2,0.25,1,0.5,91b40187d582c65ebc6a5d390433d7240bef8d3d75a1603e7bf534e4776dbe52,6c765e8c1fb9f6cadfa475e7eaf372dfbe7598ab001aa8298c554d37f36ce940,3,3,1.2090963826345689,6.0,0.8437499999999999,5.0,True,False,10,0,EXTENDED_PENDING_RESOURCE_GATE,COMPLETE_BASE_INSTANCE
C,3,6,balanced,2,0.5,1,0.0001,3252b0e57d8d16b6508807d0eb4972802e53f4b1e8d7a2e011cee737d33f376f,6c765e8c1fb9f6cadfa475e7eaf372dfbe7598ab001aa8298c554d37f36ce940,3,3,2.9999999116666674,6.0,0.00039999998900000006,5.0,True,False,10,0,EXTENDED_PENDING_RESOURCE_GATE,COMPLETE_BASE_INSTANCE
C,3,6,balanced,2,0.5,1,0.01,0753f8eac981a8208bf67a7e2815aa56820190eba5c80921b257fac04ae04ab5,6c765e8c1fb9f6cadfa475e7eaf372dfbe7598ab001aa8298c554d37f36ce940,3,3,2.9991167366191345,6.0,0.0399890007,5.0,True,False,10,0,EXTENDED_PENDING_RESOURCE_GATE,COMPLETE_BASE_INSTANCE
C,3,6,balanced,2,0.5,1,0.1,a87b885dbe5ed57d82e327e53dd816325d7a54e476a85943ec044859a98c3f18,6c765e8c1fb9f6cadfa475e7eaf372dfbe7598ab001aa8298c554d37f36ce940,3,3,2.9123649665692652,6.0,0.38906999999999997,5.0,True,False,10,0,EXTENDED_PENDING_RESOURCE_GATE,COMPLETE_BASE_INSTANCE
C,3,6,balanced,2,0.5,1,0.5,2524038725f2e1077cd7b98eadbbf03e863d4fe4604979fb29a8d296859636d6,6c765e8c1fb9f6cadfa475e7eaf372dfbe7598ab001aa8298c554d37f36ce940,3,3,1.2090963826345689,6.0,0.8437499999999999,5.0,True,False,10,0,EXTENDED_PENDING_RESOURCE_GATE,COMPLETE_BASE_INSTANCE
C,3,6,balanced,2,0.75,1,0.0001,cfdeecd702ea8d3f472aa9e9a729fe0b35845dabe1183df4025eb180b8734385,6c765e8c1fb9f6cadfa475e7eaf372dfbe7598ab001aa8298c554d37f36ce940,3,3,2.9999999116666674,6.0,0.00039999998900000006,5.0,True,False,10,0,EXTENDED_PENDING_RESOURCE_GATE,COMPLETE_BASE_INSTANCE
C,3,6,balanced,2,0.75,1,0.01,cab1d1d9caf74437ae4e8c4d716c605ec00cae97d972f96e5cf0a8c7b7d21f19,6c765e8c1fb9f6cadfa475e7eaf372dfbe7598ab001aa8298c554d37f36ce940,3,3,2.9991167366191345,6.0,0.0399890007,5.0,True,False,10,0,EXTENDED_PENDING_RESOURCE_GATE,COMPLETE_BASE_INSTANCE
C,3,6,balanced,2,0.75,1,0.1,816fc9d6111a32653ab4d929e75df79307f6a3c99bd64f216f467d025f4c0164,6c765e8c1fb9f6cadfa475e7eaf372dfbe7598ab001aa8298c554d37f36ce940,3,3,2.9123649665692652,6.0,0.38906999999999997,5.0,True,False,10,0,EXTENDED_PENDING_RESOURCE_GATE,COMPLETE_BASE_INSTANCE
C,3,6,balanced,2,0.75,1,0.5,9eb2c460697dad6ab4a287ea95f416e9840fde7ad7d60d5d459f08df938baec1,6c765e8c1fb9f6cadfa475e7eaf372dfbe7598ab001aa8298c554d37f36ce940,3,3,1.2090963826345689,6.0,0.8437499999999999,5.0,True,False,10,0,EXTENDED_PENDING_RESOURCE_GATE,COMPLETE_BASE_INSTANCE
C,3,6,balanced,4,0.125,1,0.0001,bd78e676e0377b386e8a0ad049abc32f3c36e8094f66e82dae96f3075ec51125,6c765e8c1fb9f6cadfa475e7eaf372dfbe7598ab001aa8298c554d37f36ce940,3,3,2.9999999116666674,6.0,0.00039999998900000006,5.0,True,False,10,0,EXTENDED_PENDING_RESOURCE_GATE,COMPLETE_BASE_INSTANCE
C,3,6,balanced,4,0.125,1,0.01,8e128cd0ca73d5c9c7d9f08327c6ae33e797a37658654f7c7a91d797feaad693,6c765e8c1fb9f6cadfa475e7eaf372dfbe7598ab001aa8298c554d37f36ce940,3,3,2.9991167366191345,6.0,0.0399890007,5.0,True,False,10,0,EXTENDED_PENDING_RESOURCE_GATE,COMPLETE_BASE_INSTANCE
C,3,6,balanced,4,0.125,1,0.1,b9be73e9376304949e9564ec0c8ec76d18c2c729a5659f3eab5d3d265e304c59,6c765e8c1fb9f6cadfa475e7eaf372dfbe7598ab001aa8298c554d37f36ce940,3,3,2.9123649665692652,6.0,0.38906999999999997,5.0,True,False,10,0,EXTENDED_PENDING_RESOURCE_GATE,COMPLETE_BASE_INSTANCE
C,3,6,balanced,4,0.125,1,0.5,c344c45d264f62c9e092a36a5349876dfeb07fb1b2095a3ddd303ecb86138214,6c765e8c1fb9f6cadfa475e7eaf372dfbe7598ab001aa8298c554d37f36ce940,3,3,1.2090963826345689,6.0,0.8437499999999999,5.0,True,False,10,0,EXTENDED_PENDING_RESOURCE_GATE,COMPLETE_BASE_INSTANCE
C,3,6,balanced,4,0.25,1,0.0001,7938cd5bbb2223b6d42d8f25d3752e4e375e312f2fe30eaf2b3e4213ea8c8617,6c765e8c1fb9f6cadfa475e7eaf372dfbe7598ab001aa8298c554d37f36ce940,3,3,2.9999999116666674,6.0,0.00039999998900000006,5.0,True,False,10,0,EXTENDED_PENDING_RESOURCE_GATE,COMPLETE_BASE_INSTANCE
C,3,6,balanced,4,0.25,1,0.01,c7da7ab400a6e1d3934046accfb4bdaeef5d15925efe05fe2b9cae0be34da9be,6c765e8c1fb9f6cadfa475e7eaf372dfbe7598ab001aa8298c554d37f36ce940,3,3,2.9991167366191345,6.0,0.0399890007,5.0,True,False,10,0,EXTENDED_PENDING_RESOURCE_GATE,COMPLETE_BASE_INSTANCE
C,3,6,balanced,4,0.25,1,0.1,50d3578a9bba81cc87625aac13251c72d8a743f17c4b0e9c81c776c32119b4bc,6c765e8c1fb9f6cadfa475e7eaf372dfbe7598ab001aa8298c554d37f36ce940,3,3,2.9123649665692652,6.0,0.38906999999999997,5.0,True,False,10,0,EXTENDED_PENDING_RESOURCE_GATE,COMPLETE_BASE_INSTANCE
C,3,6,balanced,4,0.25,1,0.5,830a0b98183d9804addbb0aba7d0e338889eda1e8b4052888a78a8f097087341,6c765e8c1fb9f6cadfa475e7eaf372dfbe7598ab001aa8298c554d37f36ce940,3,3,1.2090963826345689,6.0,0.8437499999999999,5.0,True,False,10,0,EXTENDED_PENDING_RESOURCE_GATE,COMPLETE_BASE_INSTANCE
C,3,6,balanced,4,0.5,2,0.0001,761a8f28592974a706f7d64ef7eacb41cc3c7cb54b2e2bc44a106c8f93ceb94d,6c765e8c1fb9f6cadfa475e7eaf372dfbe7598ab001aa8298c554d37f36ce940,3,3,2.9999999116666674,6.0,0.00039999998900000006,5.0,True,False,10,0,EXTENDED_PENDING_RESOURCE_GATE,COMPLETE_BASE_INSTANCE
C,3,6,balanced,4,0.5,2,0.01,d68480113be0f1a3afce0b519828fbb88876f8d6b0062837db94af5ae1d09edb,6c765e8c1fb9f6cadfa475e7eaf372dfbe7598ab001aa8298c554d37f36ce940,3,3,2.9991167366191345,6.0,0.0399890007,5.0,True,False,10,0,EXTENDED_PENDING_RESOURCE_GATE,COMPLETE_BASE_INSTANCE
C,3,6,balanced,4,0.5,2,0.1,db6f4c83476683050772c662e6a5b4ac40dfdea1106de605582b7e01e9ca9d66,6c765e8c1fb9f6cadfa475e7eaf372dfbe7598ab001aa8298c554d37f36ce940,3,3,2.9123649665692652,6.0,0.38906999999999997,5.0,True,False,10,0,EXTENDED_PENDING_RESOURCE_GATE,COMPLETE_BASE_INSTANCE
C,3,6,balanced,4,0.5,2,0.5,4206e392842e1a711e4ce33b4c1c8fdb515f178ad23b37ca31c68ef4b79c0db1,6c765e8c1fb9f6cadfa475e7eaf372dfbe7598ab001aa8298c554d37f36ce940,3,3,1.2090963826345689,6.0,0.8437499999999999,5.0,True,False,10,0,EXTENDED_PENDING_RESOURCE_GATE,COMPLETE_BASE_INSTANCE
C,3,6,balanced,4,0.75,3,0.0001,f580a74e2ba97313e93d02cc96dcd77d95ffb1f06a87350bc796a8cb64928703,6c765e8c1fb9f6cadfa475e7eaf372dfbe7598ab001aa8298c554d37f36ce940,3,3,2.9999999116666674,6.0,0.00039999998900000006,5.0,True,False,10,0,EXTENDED_PENDING_RESOURCE_GATE,COMPLETE_BASE_INSTANCE
C,3,6,balanced,4,0.75,3,0.01,dcb43e5fa48173f259831eefecd5ab325c9a3cd61ee77b64fc9ef40df9e1ce10,6c765e8c1fb9f6cadfa475e7eaf372dfbe7598ab001aa8298c554d37f36ce940,3,3,2.9991167366191345,6.0,0.0399890007,5.0,True,False,10,0,EXTENDED_PENDING_RESOURCE_GATE,COMPLETE_BASE_INSTANCE
C,3,6,balanced,4,0.75,3,0.1,700f6c72a05df83a5f0b8e563634ba0623d6f9595df30b6cc3d222721eccc83e,6c765e8c1fb9f6cadfa475e7eaf372dfbe7598ab001aa8298c554d37f36ce940,3,3,2.9123649665692652,6.0,0.38906999999999997,5.0,True,False,10,0,EXTENDED_PENDING_RESOURCE_GATE,COMPLETE_BASE_INSTANCE
C,3,6,balanced,4,0.75,3,0.5,7259877ae4323cfdd21135b5855acadc7325d420bbf214c12436bc4ac5bd5233,6c765e8c1fb9f6cadfa475e7eaf372dfbe7598ab001aa8298c554d37f36ce940,3,3,1.2090963826345689,6.0,0.8437499999999999,5.0,True,False,10,0,EXTENDED_PENDING_RESOURCE_GATE,COMPLETE_BASE_INSTANCE
C,3,6,balanced,8,0.125,1,0.0001,4f1545b088e3395a80461faae224e62134872a8757a432bde598ff1dd7ad042f,6c765e8c1fb9f6cadfa475e7eaf372dfbe7598ab001aa8298c554d37f36ce940,3,3,2.9999999116666674,6.0,0.00039999998900000006,5.0,True,False,10,0,EXTENDED_PENDING_RESOURCE_GATE,COMPLETE_BASE_INSTANCE
C,3,6,balanced,8,0.125,1,0.01,32a6f5eec212ab544cb51936ffde29a769c14a2d2d15f740e5547ac6b149ca75,6c765e8c1fb9f6cadfa475e7eaf372dfbe7598ab001aa8298c554d37f36ce940,3,3,2.9991167366191345,6.0,0.0399890007,5.0,True,False,10,0,EXTENDED_PENDING_RESOURCE_GATE,COMPLETE_BASE_INSTANCE
C,3,6,balanced,8,0.125,1,0.1,37a48847100315f6c2467819421abddafc4d95e5a30d96eb737b79976f99ec28,6c765e8c1fb9f6cadfa475e7eaf372dfbe7598ab001aa8298c554d37f36ce940,3,3,2.9123649665692652,6.0,0.38906999999999997,5.0,True,False,10,0,EXTENDED_PENDING_RESOURCE_GATE,COMPLETE_BASE_INSTANCE
C,3,6,balanced,8,0.125,1,0.5,ac65161b8db3553392936233b417684dae37e68201dcd06ddac81af84af04546,6c765e8c1fb9f6cadfa475e7eaf372dfbe7598ab001aa8298c554d37f36ce940,3,3,1.2090963826345689,6.0,0.8437499999999999,5.0,True,False,10,0,EXTENDED_PENDING_RESOURCE_GATE,COMPLETE_BASE_INSTANCE
C,3,6,balanced,8,0.25,2,0.0001,ee4f12c749d64f1b223cab7680a030df52e8efbfbf0cc5b3e2532b5a78bc2b57,6c765e8c1fb9f6cadfa475e7eaf372dfbe7598ab001aa8298c554d37f36ce940,3,3,2.9999999116666674,6.0,0.00039999998900000006,5.0,True,False,10,0,EXTENDED_PENDING_RESOURCE_GATE,COMPLETE_BASE_INSTANCE
C,3,6,balanced,8,0.25,2,0.01,fd1801309ed89a67c81a35f1969bde96279393cbb70fc5ced000650549df93fb,6c765e8c1fb9f6cadfa475e7eaf372dfbe7598ab001aa8298c554d37f36ce940,3,3,2.9991167366191345,6.0,0.0399890007,5.0,True,False,10,0,EXTENDED_PENDING_RESOURCE_GATE,COMPLETE_BASE_INSTANCE
C,3,6,balanced,8,0.25,2,0.1,8ab0aa3c981c0c3f7a96367976dbfe0d90a424135f820d1e41279f4c570eb6e9,6c765e8c1fb9f6cadfa475e7eaf372dfbe7598ab001aa8298c554d37f36ce940,3,3,2.9123649665692652,6.0,0.38906999999999997,5.0,True,False,10,0,EXTENDED_PENDING_RESOURCE_GATE,COMPLETE_BASE_INSTANCE
C,3,6,balanced,8,0.25,2,0.5,0a4560430b9ce498c4acb7c995dc9258b703cbaaec4e13c9f1b68560a5faab32,6c765e8c1fb9f6cadfa475e7eaf372dfbe7598ab001aa8298c554d37f36ce940,3,3,1.2090963826345689,6.0,0.8437499999999999,5.0,True,False,10,0,EXTENDED_PENDING_RESOURCE_GATE,COMPLETE_BASE_INSTANCE
C,3,6,balanced,8,0.5,4,0.0001,0e9d080637ee110814c2b48b62b321440f2c14eb3276556740c954afc8298325,6c765e8c1fb9f6cadfa475e7eaf372dfbe7598ab001aa8298c554d37f36ce940,3,3,2.9999999116666674,6.0,0.00039999998900000006,5.0,True,False,10,0,EXTENDED_PENDING_RESOURCE_GATE,COMPLETE_BASE_INSTANCE
C,3,6,balanced,8,0.5,4,0.01,5e87e7df809f5913c2376b8e8227e2536f3b1b3d75e77b8180f20bf98125d9fe,6c765e8c1fb9f6cadfa475e7eaf372dfbe7598ab001aa8298c554d37f36ce940,3,3,2.9991167366191345,6.0,0.0399890007,5.0,True,False,10,0,EXTENDED_PENDING_RESOURCE_GATE,COMPLETE_BASE_INSTANCE
C,3,6,balanced,8,0.5,4,0.1,d5dd11062a65eda22ae8e6aca8b090e7e91156ae0294478556c035a6ccffbf0b,6c765e8c1fb9f6cadfa475e7eaf372dfbe7598ab001aa8298c554d37f36ce940,3,3,2.9123649665692652,6.0,0.38906999999999997,5.0,True,False,10,0,EXTENDED_PENDING_RESOURCE_GATE,COMPLETE_BASE_INSTANCE
C,3,6,balanced,8,0.5,4,0.5,902a78836fbcfb0ea0bdb3b4310fe991a9dbf154622e8dd5c84a33fdc213f503,6c765e8c1fb9f6cadfa475e7eaf372dfbe7598ab001aa8298c554d37f36ce940,3,3,1.2090963826345689,6.0,0.8437499999999999,5.0,True,False,10,0,EXTENDED_PENDING_RESOURCE_GATE,COMPLETE_BASE_INSTANCE
C,3,6,balanced,8,0.75,6,0.0001,0b77ca67d138a7c8436aa43211241205e1468d8da80f836f55bfc300c95a68d0,6c765e8c1fb9f6cadfa475e7eaf372dfbe7598ab001aa8298c554d37f36ce940,3,3,2.9999999116666674,6.0,0.00039999998900000006,5.0,True,False,10,0,EXTENDED_PENDING_RESOURCE_GATE,COMPLETE_BASE_INSTANCE
C,3,6,balanced,8,0.75,6,0.01,5931f4a1c49fcd4cee2345dd70611e42346ecd096a40f2f940e51e4382b27113,6c765e8c1fb9f6cadfa475e7eaf372dfbe7598ab001aa8298c554d37f36ce940,3,3,2.9991167366191345,6.0,0.0399890007,5.0,True,False,10,0,EXTENDED_PENDING_RESOURCE_GATE,COMPLETE_BASE_INSTANCE
C,3,6,balanced,8,0.75,6,0.1,945db04bdc7458de2fd92fd54a430ca9df37e5d8915bfa693a31c3fb033fb794,6c765e8c1fb9f6cadfa475e7eaf372dfbe7598ab001aa8298c554d37f36ce940,3,3,2.9123649665692652,6.0,0.38906999999999997,5.0,True,False,10,0,EXTENDED_PENDING_RESOURCE_GATE,COMPLETE_BASE_INSTANCE
C,3,6,balanced,8,0.75,6,0.5,8854aff120beabf0ec5f61b5318ee10f68046991cbafe4a76d036e9f2149e3b4,6c765e8c1fb9f6cadfa475e7eaf372dfbe7598ab001aa8298c554d37f36ce940,3,3,1.2090963826345689,6.0,0.8437499999999999,5.0,True,False,10,0,EXTENDED_PENDING_RESOURCE_GATE,COMPLETE_BASE_INSTANCE
C,3,6,balanced,16,0.125,2,0.0001,b8bc21feb0bf4d78747376157db71461723abd3b4ea1459521a1fbf084120e5c,6c765e8c1fb9f6cadfa475e7eaf372dfbe7598ab001aa8298c554d37f36ce940,3,3,2.9999999116666674,6.0,0.00039999998900000006,5.0,True,False,10,0,EXTENDED_PENDING_RESOURCE_GATE,COMPLETE_BASE_INSTANCE
C,3,6,balanced,16,0.125,2,0.01,6039f0d4e2b64351d4c9a13b063896f524bc461d44f330fb54a56da392668ebd,6c765e8c1fb9f6cadfa475e7eaf372dfbe7598ab001aa8298c554d37f36ce940,3,3,2.9991167366191345,6.0,0.0399890007,5.0,True,False,10,0,EXTENDED_PENDING_RESOURCE_GATE,COMPLETE_BASE_INSTANCE
C,3,6,balanced,16,0.125,2,0.1,670f3b2a217060420d38fbd0e8b7c89a69852dc640e598babd4f95a13b13d1f3,6c765e8c1fb9f6cadfa475e7eaf372dfbe7598ab001aa8298c554d37f36ce940,3,3,2.9123649665692652,6.0,0.38906999999999997,5.0,True,False,10,0,EXTENDED_PENDING_RESOURCE_GATE,COMPLETE_BASE_INSTANCE
C,3,6,balanced,16,0.125,2,0.5,ca50b7eed8795fe98a5f7d44d8a6208587fd251bf77ca2481c2bf8197b5f02e6,6c765e8c1fb9f6cadfa475e7eaf372dfbe7598ab001aa8298c554d37f36ce940,3,3,1.2090963826345689,6.0,0.8437499999999999,5.0,True,False,10,0,EXTENDED_PENDING_RESOURCE_GATE,COMPLETE_BASE_INSTANCE
C,3,6,balanced,16,0.25,4,0.0001,12c57286cc901fb2e5c91f0881dfcc76d8fda959bd780d4ae4e3584f670d0001,6c765e8c1fb9f6cadfa475e7eaf372dfbe7598ab001aa8298c554d37f36ce940,3,3,2.9999999116666674,6.0,0.00039999998900000006,5.0,True,False,10,0,EXTENDED_PENDING_RESOURCE_GATE,COMPLETE_BASE_INSTANCE
C,3,6,balanced,16,0.25,4,0.01,2ed88dcd142d30de979cfc20e89c57a9524e00649f8f838e0f9e1b9a3b3573f5,6c765e8c1fb9f6cadfa475e7eaf372dfbe7598ab001aa8298c554d37f36ce940,3,3,2.9991167366191345,6.0,0.0399890007,5.0,True,False,10,0,EXTENDED_PENDING_RESOURCE_GATE,COMPLETE_BASE_INSTANCE
C,3,6,balanced,16,0.25,4,0.1,70dd563ebfa51bca30a3d9411d9c27e2b9efdf40ef7095ec1fd20617cb2f7d58,6c765e8c1fb9f6cadfa475e7eaf372dfbe7598ab001aa8298c554d37f36ce940,3,3,2.9123649665692652,6.0,0.38906999999999997,5.0,True,False,10,0,EXTENDED_PENDING_RESOURCE_GATE,COMPLETE_BASE_INSTANCE
C,3,6,balanced,16,0.25,4,0.5,9ac6387f79774b60797daaffbb9eecf27563d4c160f74a87d9c8247ab6604b2a,6c765e8c1fb9f6cadfa475e7eaf372dfbe7598ab001aa8298c554d37f36ce940,3,3,1.2090963826345689,6.0,0.8437499999999999,5.0,True,False,10,0,EXTENDED_PENDING_RESOURCE_GATE,COMPLETE_BASE_INSTANCE
C,3,6,balanced,16,0.5,8,0.0001,f463eee80c44c53a943959133b53079c3639ee846624d48f5cabeba19ab5e03a,6c765e8c1fb9f6cadfa475e7eaf372dfbe7598ab001aa8298c554d37f36ce940,3,3,2.9999999116666674,6.0,0.00039999998900000006,5.0,True,False,10,0,EXTENDED_PENDING_RESOURCE_GATE,COMPLETE_BASE_INSTANCE
C,3,6,balanced,16,0.5,8,0.01,2c0b482be4246b3a79d3ab585e15672e3a1d5a0a098674ba5da64d50b1feaf91,6c765e8c1fb9f6cadfa475e7eaf372dfbe7598ab001aa8298c554d37f36ce940,3,3,2.9991167366191345,6.0,0.0399890007,5.0,True,False,10,0,EXTENDED_PENDING_RESOURCE_GATE,COMPLETE_BASE_INSTANCE
C,3,6,balanced,16,0.5,8,0.1,cb97f0e10aceb611e4ef662bae5ee47cf010b326809424a57eb90d7448d6c8ff,6c765e8c1fb9f6cadfa475e7eaf372dfbe7598ab001aa8298c554d37f36ce940,3,3,2.9123649665692652,6.0,0.38906999999999997,5.0,True,False,10,0,EXTENDED_PENDING_RESOURCE_GATE,COMPLETE_BASE_INSTANCE
C,3,6,balanced,16,0.5,8,0.5,7977aee1afa4a9c985c2bc976df5a154c259e769ebcefcb1caf517f123e28f53,6c765e8c1fb9f6cadfa475e7eaf372dfbe7598ab001aa8298c554d37f36ce940,3,3,1.2090963826345689,6.0,0.8437499999999999,5.0,True,False,10,0,EXTENDED_PENDING_RESOURCE_GATE,COMPLETE_BASE_INSTANCE
C,3,6,balanced,16,0.75,12,0.0001,7f72867cfafa92d8ce04fad54ea50fb29151488a57ccd7073c3993da77d33ad2,6c765e8c1fb9f6cadfa475e7eaf372dfbe7598ab001aa8298c554d37f36ce940,3,3,2.9999999116666674,6.0,0.00039999998900000006,5.0,True,False,10,0,EXTENDED_PENDING_RESOURCE_GATE,COMPLETE_BASE_INSTANCE
C,3,6,balanced,16,0.75,12,0.01,e71e596a68d9ddd7a365804757ac4e72b5b3e35d5d1cadb152d1a8d2cb4bec21,6c765e8c1fb9f6cadfa475e7eaf372dfbe7598ab001aa8298c554d37f36ce940,3,3,2.9991167366191345,6.0,0.0399890007,5.0,True,False,10,0,EXTENDED_PENDING_RESOURCE_GATE,COMPLETE_BASE_INSTANCE
C,3,6,balanced,16,0.75,12,0.1,a752c19b7eab87c6d95ca7f4488f9cb75d87f296d8bc0aa318178bf9c50bc8ab,6c765e8c1fb9f6cadfa475e7eaf372dfbe7598ab001aa8298c554d37f36ce940,3,3,2.9123649665692652,6.0,0.38906999999999997,5.0,True,False,10,0,EXTENDED_PENDING_RESOURCE_GATE,COMPLETE_BASE_INSTANCE
C,3,6,balanced,16,0.75,12,0.5,d8adaee9bd49975b9034ac131e91e24ed1f7e31cc784df43a5344da3c87097d4,6c765e8c1fb9f6cadfa475e7eaf372dfbe7598ab001aa8298c554d37f36ce940,3,3,1.2090963826345689,6.0,0.8437499999999999,5.0,True,False,10,0,EXTENDED_PENDING_RESOURCE_GATE,COMPLETE_BASE_INSTANCE
C,3,6,balanced,32,0.125,4,0.0001,1a87689e580a955e0fadc6911f829bee385ea8b2e3e1ffe5692fe9559d53bc5a,6c765e8c1fb9f6cadfa475e7eaf372dfbe7598ab001aa8298c554d37f36ce940,3,3,2.9999999116666674,6.0,0.00039999998900000006,5.0,True,False,10,0,EXTENDED_PENDING_RESOURCE_GATE,COMPLETE_BASE_INSTANCE
C,3,6,balanced,32,0.125,4,0.01,986213f88a3a3892a5e20b1d640397932c12ca5c3f548027ac04971dfbcc946c,6c765e8c1fb9f6cadfa475e7eaf372dfbe7598ab001aa8298c554d37f36ce940,3,3,2.9991167366191345,6.0,0.0399890007,5.0,True,False,10,0,EXTENDED_PENDING_RESOURCE_GATE,COMPLETE_BASE_INSTANCE
C,3,6,balanced,32,0.125,4,0.1,86d624650db3b64c8ad69431ed0d4f70c763e991ea83d27fc96d787ac365c4ac,6c765e8c1fb9f6cadfa475e7eaf372dfbe7598ab001aa8298c554d37f36ce940,3,3,2.9123649665692652,6.0,0.38906999999999997,5.0,True,False,10,0,EXTENDED_PENDING_RESOURCE_GATE,COMPLETE_BASE_INSTANCE
C,3,6,balanced,32,0.125,4,0.5,2cfd6a20dc4139df1a7061a64e967763597bc603b11b6f581e9d70d6c41d1f04,6c765e8c1fb9f6cadfa475e7eaf372dfbe7598ab001aa8298c554d37f36ce940,3,3,1.2090963826345689,6.0,0.8437499999999999,5.0,True,False,10,0,EXTENDED_PENDING_RESOURCE_GATE,COMPLETE_BASE_INSTANCE
C,3,6,balanced,32,0.25,8,0.0001,e0eb1c463a7cec51ac1d8d66cbba00fd827e50186ebb7b7dde044fe52710959c,6c765e8c1fb9f6cadfa475e7eaf372dfbe7598ab001aa8298c554d37f36ce940,3,3,2.9999999116666674,6.0,0.00039999998900000006,5.0,True,False,10,0,EXTENDED_PENDING_RESOURCE_GATE,COMPLETE_BASE_INSTANCE
C,3,6,balanced,32,0.25,8,0.01,b04b30e95fc005001b103b03f5f3bb592fa5bee569044da87babcaf18e6734bc,6c765e8c1fb9f6cadfa475e7eaf372dfbe7598ab001aa8298c554d37f36ce940,3,3,2.9991167366191345,6.0,0.0399890007,5.0,True,False,10,0,EXTENDED_PENDING_RESOURCE_GATE,COMPLETE_BASE_INSTANCE
C,3,6,balanced,32,0.25,8,0.1,b498f81a9f181c079ce1af01ee7910b7aa583d999117ac3d537e3e21b69ae69b,6c765e8c1fb9f6cadfa475e7eaf372dfbe7598ab001aa8298c554d37f36ce940,3,3,2.9123649665692652,6.0,0.38906999999999997,5.0,True,False,10,0,EXTENDED_PENDING_RESOURCE_GATE,COMPLETE_BASE_INSTANCE
C,3,6,balanced,32,0.25,8,0.5,153d77a8ac7f2391541f232fc22eb087ddd2d3b7314252542aa10acc3da7193d,6c765e8c1fb9f6cadfa475e7eaf372dfbe7598ab001aa8298c554d37f36ce940,3,3,1.2090963826345689,6.0,0.8437499999999999,5.0,True,False,10,0,EXTENDED_PENDING_RESOURCE_GATE,COMPLETE_BASE_INSTANCE
C,3,6,balanced,32,0.5,16,0.0001,9eeaf09f7526a44ec2585051eaf91f79cb4aaedfd92efbbee865141c30fd4037,6c765e8c1fb9f6cadfa475e7eaf372dfbe7598ab001aa8298c554d37f36ce940,3,3,2.9999999116666674,6.0,0.00039999998900000006,5.0,True,False,10,0,EXTENDED_PENDING_RESOURCE_GATE,COMPLETE_BASE_INSTANCE
C,3,6,balanced,32,0.5,16,0.01,eb407a19aa618020ebc48d60f2f6252bbbfb0bb326237af9d723fb77aefa7b7b,6c765e8c1fb9f6cadfa475e7eaf372dfbe7598ab001aa8298c554d37f36ce940,3,3,2.9991167366191345,6.0,0.0399890007,5.0,True,False,10,0,EXTENDED_PENDING_RESOURCE_GATE,COMPLETE_BASE_INSTANCE
C,3,6,balanced,32,0.5,16,0.1,732920abfd2ab55833b87513bd20974baf96c072128ae13a8cd21dbc5535fd41,6c765e8c1fb9f6cadfa475e7eaf372dfbe7598ab001aa8298c554d37f36ce940,3,3,2.9123649665692652,6.0,0.38906999999999997,5.0,True,False,10,0,EXTENDED_PENDING_RESOURCE_GATE,COMPLETE_BASE_INSTANCE
C,3,6,balanced,32,0.5,16,0.5,8401a7bd39237b247fc0a407ec5f9e73198f46089faaa99837c0728fdc3c93cf,6c765e8c1fb9f6cadfa475e7eaf372dfbe7598ab001aa8298c554d37f36ce940,3,3,1.2090963826345689,6.0,0.8437499999999999,5.0,True,False,10,0,EXTENDED_PENDING_RESOURCE_GATE,COMPLETE_BASE_INSTANCE
C,3,6,balanced,32,0.75,24,0.0001,a4eaa575ba99753b10deb433baf0595aae9d2c23821aec6bff149797b4d10759,6c765e8c1fb9f6cadfa475e7eaf372dfbe7598ab001aa8298c554d37f36ce940,3,3,2.9999999116666674,6.0,0.00039999998900000006,5.0,True,False,10,0,EXTENDED_PENDING_RESOURCE_GATE,COMPLETE_BASE_INSTANCE
C,3,6,balanced,32,0.75,24,0.01,00b5523499b2078416cdc2497cf2c27cf15fab39340ac2a90bd774d1f53f617f,6c765e8c1fb9f6cadfa475e7eaf372dfbe7598ab001aa8298c554d37f36ce940,3,3,2.9991167366191345,6.0,0.0399890007,5.0,True,False,10,0,EXTENDED_PENDING_RESOURCE_GATE,COMPLETE_BASE_INSTANCE
C,3,6,balanced,32,0.75,24,0.1,993c08005e70f8ea1bf73c8ca615697184dce2e33837d25cb1476c3a1bd06761,6c765e8c1fb9f6cadfa475e7eaf372dfbe7598ab001aa8298c554d37f36ce940,3,3,2.9123649665692652,6.0,0.38906999999999997,5.0,True,False,10,0,EXTENDED_PENDING_RESOURCE_GATE,COMPLETE_BASE_INSTANCE
C,3,6,balanced,32,0.75,24,0.5,e1cfc712d7dd2154eaab3dfbd4998de54286f419fd8d427eff5b0a7028d245cb,6c765e8c1fb9f6cadfa475e7eaf372dfbe7598ab001aa8298c554d37f36ce940,3,3,1.2090963826345689,6.0,0.8437499999999999,5.0,True,False,10,0,EXTENDED_PENDING_RESOURCE_GATE,COMPLETE_BASE_INSTANCE
C,3,6,balanced,64,0.125,8,0.0001,191a4cdebb155037432facd1531d8393efbd82e4f4d40490136f97f780b15139,6c765e8c1fb9f6cadfa475e7eaf372dfbe7598ab001aa8298c554d37f36ce940,3,3,2.9999999116666674,6.0,0.00039999998900000006,5.0,True,False,10,0,EXTENDED_PENDING_RESOURCE_GATE,COMPLETE_BASE_INSTANCE
C,3,6,balanced,64,0.125,8,0.01,1ea0337e717eb59669599667291688ae2fa52ab87183aed7f42786081ef1f97e,6c765e8c1fb9f6cadfa475e7eaf372dfbe7598ab001aa8298c554d37f36ce940,3,3,2.9991167366191345,6.0,0.0399890007,5.0,True,False,10,0,EXTENDED_PENDING_RESOURCE_GATE,COMPLETE_BASE_INSTANCE
C,3,6,balanced,64,0.125,8,0.1,e15de447e721215d592d84042088098c59698d661da9a0ad604f7d1503012326,6c765e8c1fb9f6cadfa475e7eaf372dfbe7598ab001aa8298c554d37f36ce940,3,3,2.9123649665692652,6.0,0.38906999999999997,5.0,True,False,10,0,EXTENDED_PENDING_RESOURCE_GATE,COMPLETE_BASE_INSTANCE
C,3,6,balanced,64,0.125,8,0.5,76d1b777eea4440a3b8ebb3d53dbc40fb2b59f27b15d50fae7cff678ed2b3abb,6c765e8c1fb9f6cadfa475e7eaf372dfbe7598ab001aa8298c554d37f36ce940,3,3,1.2090963826345689,6.0,0.8437499999999999,5.0,True,False,10,0,EXTENDED_PENDING_RESOURCE_GATE,COMPLETE_BASE_INSTANCE
C,3,6,balanced,64,0.25,16,0.0001,9c96965c5e2bd70c812139f1325b885a156064f2591d9d9fd928a2adeb925c12,6c765e8c1fb9f6cadfa475e7eaf372dfbe7598ab001aa8298c554d37f36ce940,3,3,2.9999999116666674,6.0,0.00039999998900000006,5.0,True,False,10,0,EXTENDED_PENDING_RESOURCE_GATE,COMPLETE_BASE_INSTANCE
C,3,6,balanced,64,0.25,16,0.01,1824fd2ba9ee3554732fc7d1874d1e963c37bd27eaf96e4f634c2282bd493d89,6c765e8c1fb9f6cadfa475e7eaf372dfbe7598ab001aa8298c554d37f36ce940,3,3,2.9991167366191345,6.0,0.0399890007,5.0,True,False,10,0,EXTENDED_PENDING_RESOURCE_GATE,COMPLETE_BASE_INSTANCE
C,3,6,balanced,64,0.25,16,0.1,dd11ed8020b4ea0885d02deb19206111ad0a6ede72832f39a9e0fccdb546e68b,6c765e8c1fb9f6cadfa475e7eaf372dfbe7598ab001aa8298c554d37f36ce940,3,3,2.9123649665692652,6.0,0.38906999999999997,5.0,True,False,10,0,EXTENDED_PENDING_RESOURCE_GATE,COMPLETE_BASE_INSTANCE
C,3,6,balanced,64,0.25,16,0.5,41de8e31acf9d9f661ffd20c3917aa6fa56dbff3e08888acaff9ecf21d565f8c,6c765e8c1fb9f6cadfa475e7eaf372dfbe7598ab001aa8298c554d37f36ce940,3,3,1.2090963826345689,6.0,0.8437499999999999,5.0,True,False,10,0,EXTENDED_PENDING_RESOURCE_GATE,COMPLETE_BASE_INSTANCE
C,3,6,balanced,64,0.5,32,0.0001,d5ba3552d97d0db904f47e5ad027b13230a06e71097e911a53b531bfc1861ccd,6c765e8c1fb9f6cadfa475e7eaf372dfbe7598ab001aa8298c554d37f36ce940,3,3,2.9999999116666674,6.0,0.00039999998900000006,5.0,True,False,10,0,EXTENDED_PENDING_RESOURCE_GATE,COMPLETE_BASE_INSTANCE
C,3,6,balanced,64,0.5,32,0.01,19236bef355978fac50073f8f5cd5c4670ae2ed2176df81d0f030af362563863,6c765e8c1fb9f6cadfa475e7eaf372dfbe7598ab001aa8298c554d37f36ce940,3,3,2.9991167366191345,6.0,0.0399890007,5.0,True,False,10,0,EXTENDED_PENDING_RESOURCE_GATE,COMPLETE_BASE_INSTANCE
C,3,6,balanced,64,0.5,32,0.1,ddf1c1f9651f5224323d39ba0182367a316447004674daba634d5e5c6f3758cf,6c765e8c1fb9f6cadfa475e7eaf372dfbe7598ab001aa8298c554d37f36ce940,3,3,2.9123649665692652,6.0,0.38906999999999997,5.0,True,False,10,0,EXTENDED_PENDING_RESOURCE_GATE,COMPLETE_BASE_INSTANCE
C,3,6,balanced,64,0.5,32,0.5,086bfddfaf5626854d46ee74547fac436df8fae8914c3e308f75a6d286b02ac9,6c765e8c1fb9f6cadfa475e7eaf372dfbe7598ab001aa8298c554d37f36ce940,3,3,1.2090963826345689,6.0,0.8437499999999999,5.0,True,False,10,0,EXTENDED_PENDING_RESOURCE_GATE,COMPLETE_BASE_INSTANCE
C,3,6,balanced,64,0.75,48,0.0001,a4b07d8bdf1c3c9d940ce030d7b84e26626417cd085792b99ecf000e39ae3f1d,6c765e8c1fb9f6cadfa475e7eaf372dfbe7598ab001aa8298c554d37f36ce940,3,3,2.9999999116666674,6.0,0.00039999998900000006,5.0,True,False,10,0,EXTENDED_PENDING_RESOURCE_GATE,COMPLETE_BASE_INSTANCE
C,3,6,balanced,64,0.75,48,0.01,1bea14fb4bb1a5169acbf5f6d0a9cb232a87dfd498749140df6aed53bed82d2a,6c765e8c1fb9f6cadfa475e7eaf372dfbe7598ab001aa8298c554d37f36ce940,3,3,2.9991167366191345,6.0,0.0399890007,5.0,True,False,10,0,EXTENDED_PENDING_RESOURCE_GATE,COMPLETE_BASE_INSTANCE
C,3,6,balanced,64,0.75,48,0.1,f31d2153e59a3d8f6cf5c01e9df6b79703fd0481c77dee0b6a0d29f1ecc390b3,6c765e8c1fb9f6cadfa475e7eaf372dfbe7598ab001aa8298c554d37f36ce940,3,3,2.9123649665692652,6.0,0.38906999999999997,5.0,True,False,10,0,EXTENDED_PENDING_RESOURCE_GATE,COMPLETE_BASE_INSTANCE
C,3,6,balanced,64,0.75,48,0.5,a7e441b8204e7995f98ddd1971911396f54a8a8d642e291bcdc66217c30d1dc9,6c765e8c1fb9f6cadfa475e7eaf372dfbe7598ab001aa8298c554d37f36ce940,3,3,1.2090963826345689,6.0,0.8437499999999999,5.0,True,False,10,0,EXTENDED_PENDING_RESOURCE_GATE,COMPLETE_BASE_INSTANCE
C,3,6,random_ordered,2,0.125,1,0.0001,a72e450aaae0dbe5a2ed2218aa953d3378813e5182ac6671a85b8ab750004f12,db410a8d02c42eb085bff58e65dd1779454c1b710035168c1cd54fad0fa9feac,4,3,1.9999999300000009,6.0,0.00039999998900000006,5.0,True,False,10,0,EXTENDED_PENDING_RESOURCE_GATE,COMPLETE_BASE_INSTANCE
C,3,6,random_ordered,2,0.125,1,0.01,02e235c12cf3933883a8c40878a45bf24e8a6e487d72acd50c81798e7296135c,db410a8d02c42eb085bff58e65dd1779454c1b710035168c1cd54fad0fa9feac,4,3,1.9993000875018754,6.0,0.0399890007,5.0,True,False,10,0,EXTENDED_PENDING_RESOURCE_GATE,COMPLETE_BASE_INSTANCE
C,3,6,random_ordered,2,0.125,1,0.1,80928c4f34d56c03dd68f82775c51157a77e70a8361f17dc592ad7b7aea2611b,db410a8d02c42eb085bff58e65dd1779454c1b710035168c1cd54fad0fa9feac,4,3,1.930876924741709,6.0,0.38906999999999997,5.0,True,False,10,0,EXTENDED_PENDING_RESOURCE_GATE,COMPLETE_BASE_INSTANCE
C,3,6,random_ordered,2,0.125,1,0.5,3e729add680529f903c5d8128598efe0100594ddf580594b92f54232d5e31247,db410a8d02c42eb085bff58e65dd1779454c1b710035168c1cd54fad0fa9feac,4,3,0.8437499999999999,6.0,0.8437499999999999,5.0,True,False,10,0,EXTENDED_PENDING_RESOURCE_GATE,COMPLETE_BASE_INSTANCE
C,3,6,random_ordered,2,0.25,1,0.0001,9775c8c44e9ffbae61649c9280429eebfab09de6cd3bdc40d3c56966f7c34b2b,db410a8d02c42eb085bff58e65dd1779454c1b710035168c1cd54fad0fa9feac,4,3,1.9999999300000009,6.0,0.00039999998900000006,5.0,True,False,10,0,EXTENDED_PENDING_RESOURCE_GATE,COMPLETE_BASE_INSTANCE
C,3,6,random_ordered,2,0.25,1,0.01,b1bc3aa07cc3ca95c20d3b38164596c98bd8f928e6c3074ef4a5c1cc585e5dc7,db410a8d02c42eb085bff58e65dd1779454c1b710035168c1cd54fad0fa9feac,4,3,1.9993000875018754,6.0,0.0399890007,5.0,True,False,10,0,EXTENDED_PENDING_RESOURCE_GATE,COMPLETE_BASE_INSTANCE
C,3,6,random_ordered,2,0.25,1,0.1,77aa16d3fede802b9a78ce1f1ffd5016affa29b39527c82f10738bc7ab04dca6,db410a8d02c42eb085bff58e65dd1779454c1b710035168c1cd54fad0fa9feac,4,3,1.930876924741709,6.0,0.38906999999999997,5.0,True,False,10,0,EXTENDED_PENDING_RESOURCE_GATE,COMPLETE_BASE_INSTANCE
C,3,6,random_ordered,2,0.25,1,0.5,5ea37cc3f30c3b779ef0515531ff1b492aac9fe2acd911ef985e04d9852e1e32,db410a8d02c42eb085bff58e65dd1779454c1b710035168c1cd54fad0fa9feac,4,3,0.8437499999999999,6.0,0.8437499999999999,5.0,True,False,10,0,EXTENDED_PENDING_RESOURCE_GATE,COMPLETE_BASE_INSTANCE
C,3,6,random_ordered,2,0.5,1,0.0001,0e0e24405b15d19e65e5a8a324db80e24daae08ae612cd8967a6741fb03392e4,db410a8d02c42eb085bff58e65dd1779454c1b710035168c1cd54fad0fa9feac,4,3,1.9999999300000009,6.0,0.00039999998900000006,5.0,True,False,10,0,EXTENDED_PENDING_RESOURCE_GATE,COMPLETE_BASE_INSTANCE
C,3,6,random_ordered,2,0.5,1,0.01,d5d1666307c91be830a5baf2c038c8947aa46d7334618323d17b2603ad2788ec,db410a8d02c42eb085bff58e65dd1779454c1b710035168c1cd54fad0fa9feac,4,3,1.9993000875018754,6.0,0.0399890007,5.0,True,False,10,0,EXTENDED_PENDING_RESOURCE_GATE,COMPLETE_BASE_INSTANCE
C,3,6,random_ordered,2,0.5,1,0.1,91f649e176c833b044226a30ffef6d516e1d374fa91185ffb25f7574d523773a,db410a8d02c42eb085bff58e65dd1779454c1b710035168c1cd54fad0fa9feac,4,3,1.930876924741709,6.0,0.38906999999999997,5.0,True,False,10,0,EXTENDED_PENDING_RESOURCE_GATE,COMPLETE_BASE_INSTANCE
C,3,6,random_ordered,2,0.5,1,0.5,f207a08f629a04b22d01cc4124c75e78cdc1571a21aa6aa810c0ac7e632c13fb,db410a8d02c42eb085bff58e65dd1779454c1b710035168c1cd54fad0fa9feac,4,3,0.8437499999999999,6.0,0.8437499999999999,5.0,True,False,10,0,EXTENDED_PENDING_RESOURCE_GATE,COMPLETE_BASE_INSTANCE
C,3,6,random_ordered,2,0.75,1,0.0001,f2f4b3e5a018ff406d15bc5957a4ad21539f2af0a98d11c13935d8c70895981f,db410a8d02c42eb085bff58e65dd1779454c1b710035168c1cd54fad0fa9feac,4,3,1.9999999300000009,6.0,0.00039999998900000006,5.0,True,False,10,0,EXTENDED_PENDING_RESOURCE_GATE,COMPLETE_BASE_INSTANCE
C,3,6,random_ordered,2,0.75,1,0.01,38dc115e85e34523f678697ddd7336b856aae0212333a25aaa8bcbd039e783f9,db410a8d02c42eb085bff58e65dd1779454c1b710035168c1cd54fad0fa9feac,4,3,1.9993000875018754,6.0,0.0399890007,5.0,True,False,10,0,EXTENDED_PENDING_RESOURCE_GATE,COMPLETE_BASE_INSTANCE
C,3,6,random_ordered,2,0.75,1,0.1,a8fb81e04e860c93f7416c182db6efc71d3a1f57021ec3bbf6890acda97a12e7,db410a8d02c42eb085bff58e65dd1779454c1b710035168c1cd54fad0fa9feac,4,3,1.930876924741709,6.0,0.38906999999999997,5.0,True,False,10,0,EXTENDED_PENDING_RESOURCE_GATE,COMPLETE_BASE_INSTANCE
C,3,6,random_ordered,2,0.75,1,0.5,1e3d4790864f5144e83710d1e7f1687c3ef8776eaba0ebf9757129dae9d54050,db410a8d02c42eb085bff58e65dd1779454c1b710035168c1cd54fad0fa9feac,4,3,0.8437499999999999,6.0,0.8437499999999999,5.0,True,False,10,0,EXTENDED_PENDING_RESOURCE_GATE,COMPLETE_BASE_INSTANCE
C,3,6,random_ordered,4,0.125,1,0.0001,d9242d5fee20ef1d287790d7aed65250e8bc49d6b9a4a043d7bf360355ccd8de,db410a8d02c42eb085bff58e65dd1779454c1b710035168c1cd54fad0fa9feac,4,3,1.9999999300000009,6.0,0.00039999998900000006,5.0,True,False,10,0,EXTENDED_PENDING_RESOURCE_GATE,COMPLETE_BASE_INSTANCE
C,3,6,random_ordered,4,0.125,1,0.01,fc601fcf5bd0d7b421679eeb5e58495d26dffc0b900bf8d9b8ec5047e5294d53,db410a8d02c42eb085bff58e65dd1779454c1b710035168c1cd54fad0fa9feac,4,3,1.9993000875018754,6.0,0.0399890007,5.0,True,False,10,0,EXTENDED_PENDING_RESOURCE_GATE,COMPLETE_BASE_INSTANCE
C,3,6,random_ordered,4,0.125,1,0.1,05261e3a501170ffdae5e998b4ce93f5ea22a90b165cc5bfff975b40b0b9f067,db410a8d02c42eb085bff58e65dd1779454c1b710035168c1cd54fad0fa9feac,4,3,1.930876924741709,6.0,0.38906999999999997,5.0,True,False,10,0,EXTENDED_PENDING_RESOURCE_GATE,COMPLETE_BASE_INSTANCE
C,3,6,random_ordered,4,0.125,1,0.5,862eac71514ed5d9d8df1132f4acdb964422809156d63b0562ce4362e72cab3d,db410a8d02c42eb085bff58e65dd1779454c1b710035168c1cd54fad0fa9feac,4,3,0.8437499999999999,6.0,0.8437499999999999,5.0,True,False,10,0,EXTENDED_PENDING_RESOURCE_GATE,COMPLETE_BASE_INSTANCE
C,3,6,random_ordered,4,0.25,1,0.0001,a96f3b56eaa7fa8439081befcae256f3acc5c16f0b6cccf206d3743652d0a9ea,db410a8d02c42eb085bff58e65dd1779454c1b710035168c1cd54fad0fa9feac,4,3,1.9999999300000009,6.0,0.00039999998900000006,5.0,True,False,10,0,EXTENDED_PENDING_RESOURCE_GATE,COMPLETE_BASE_INSTANCE
C,3,6,random_ordered,4,0.25,1,0.01,a9a45e86cf3306dee7fa68df9aaa5810b139537f4dbd5d675d64dcc4deac154c,db410a8d02c42eb085bff58e65dd1779454c1b710035168c1cd54fad0fa9feac,4,3,1.9993000875018754,6.0,0.0399890007,5.0,True,False,10,0,EXTENDED_PENDING_RESOURCE_GATE,COMPLETE_BASE_INSTANCE
C,3,6,random_ordered,4,0.25,1,0.1,3277e0206e0a6ee3416ae58bb3b62702ffb489c8980cc030a7c62e7e6d789be5,db410a8d02c42eb085bff58e65dd1779454c1b710035168c1cd54fad0fa9feac,4,3,1.930876924741709,6.0,0.38906999999999997,5.0,True,False,10,0,EXTENDED_PENDING_RESOURCE_GATE,COMPLETE_BASE_INSTANCE
C,3,6,random_ordered,4,0.25,1,0.5,4b3af27f52824e68ada313859af0a36b71ab9f820a1177c82bff993deee60cb4,db410a8d02c42eb085bff58e65dd1779454c1b710035168c1cd54fad0fa9feac,4,3,0.8437499999999999,6.0,0.8437499999999999,5.0,True,False,10,0,EXTENDED_PENDING_RESOURCE_GATE,COMPLETE_BASE_INSTANCE
C,3,6,random_ordered,4,0.5,2,0.0001,7038373dec510b7a2b91adac3f05d5450ef1b3f5561184c25dbab1658ba3b724,db410a8d02c42eb085bff58e65dd1779454c1b710035168c1cd54fad0fa9feac,4,3,1.9999999300000009,6.0,0.00039999998900000006,5.0,True,False,10,0,EXTENDED_PENDING_RESOURCE_GATE,COMPLETE_BASE_INSTANCE
C,3,6,random_ordered,4,0.5,2,0.01,4577c795c3f288a11e3f16c11b1b2a31843723ceefff092916d6e682b3d2c2fc,db410a8d02c42eb085bff58e65dd1779454c1b710035168c1cd54fad0fa9feac,4,3,1.9993000875018754,6.0,0.0399890007,5.0,True,False,10,0,EXTENDED_PENDING_RESOURCE_GATE,COMPLETE_BASE_INSTANCE
C,3,6,random_ordered,4,0.5,2,0.1,89279693e79cc87ab7fac966d88c673784fe51ff236c4e78421b7dad64c2ed90,db410a8d02c42eb085bff58e65dd1779454c1b710035168c1cd54fad0fa9feac,4,3,1.930876924741709,6.0,0.38906999999999997,5.0,True,False,10,0,EXTENDED_PENDING_RESOURCE_GATE,COMPLETE_BASE_INSTANCE
C,3,6,random_ordered,4,0.5,2,0.5,12796d134937c535ef68e48c9477f5d49a31603930945ab465991bfc50d8dc8f,db410a8d02c42eb085bff58e65dd1779454c1b710035168c1cd54fad0fa9feac,4,3,0.8437499999999999,6.0,0.8437499999999999,5.0,True,False,10,0,EXTENDED_PENDING_RESOURCE_GATE,COMPLETE_BASE_INSTANCE
C,3,6,random_ordered,4,0.75,3,0.0001,c76dc6732a8233a1ecbd539735b5ce6db9f3a2dd88c0c2951f6cb6b45be04d8b,db410a8d02c42eb085bff58e65dd1779454c1b710035168c1cd54fad0fa9feac,4,3,1.9999999300000009,6.0,0.00039999998900000006,5.0,True,False,10,0,EXTENDED_PENDING_RESOURCE_GATE,COMPLETE_BASE_INSTANCE
C,3,6,random_ordered,4,0.75,3,0.01,e6e47129f91211845a6a8f7af27b29b5f64f93b32ef802f27ff449f9f7bc6524,db410a8d02c42eb085bff58e65dd1779454c1b710035168c1cd54fad0fa9feac,4,3,1.9993000875018754,6.0,0.0399890007,5.0,True,False,10,0,EXTENDED_PENDING_RESOURCE_GATE,COMPLETE_BASE_INSTANCE
C,3,6,random_ordered,4,0.75,3,0.1,4780f7b2fee26bcd65d9aee0bc9ffd636d45bb71efb2fb9f61fcdbf19d34ea0f,db410a8d02c42eb085bff58e65dd1779454c1b710035168c1cd54fad0fa9feac,4,3,1.930876924741709,6.0,0.38906999999999997,5.0,True,False,10,0,EXTENDED_PENDING_RESOURCE_GATE,COMPLETE_BASE_INSTANCE
C,3,6,random_ordered,4,0.75,3,0.5,6a5a81c04a622ee27d61517168eae87f43548e68ea2264e69496e3f0bd1c3669,db410a8d02c42eb085bff58e65dd1779454c1b710035168c1cd54fad0fa9feac,4,3,0.8437499999999999,6.0,0.8437499999999999,5.0,True,False,10,0,EXTENDED_PENDING_RESOURCE_GATE,COMPLETE_BASE_INSTANCE
C,3,6,random_ordered,8,0.125,1,0.0001,f78769c92685d480d6b181af4a10434a579356aa5d58b5e722fb3c22d9a246c4,db410a8d02c42eb085bff58e65dd1779454c1b710035168c1cd54fad0fa9feac,4,3,1.9999999300000009,6.0,0.00039999998900000006,5.0,True,False,10,0,EXTENDED_PENDING_RESOURCE_GATE,COMPLETE_BASE_INSTANCE
C,3,6,random_ordered,8,0.125,1,0.01,66efa65f99cb428e2cf15f803c5735d6558429c464ca900b666d89cd2849bbfa,db410a8d02c42eb085bff58e65dd1779454c1b710035168c1cd54fad0fa9feac,4,3,1.9993000875018754,6.0,0.0399890007,5.0,True,False,10,0,EXTENDED_PENDING_RESOURCE_GATE,COMPLETE_BASE_INSTANCE
C,3,6,random_ordered,8,0.125,1,0.1,822c7cec42fd28277ce7df01bf4f55922d5f80e5734f49c40d93b6ceec7bc6fc,db410a8d02c42eb085bff58e65dd1779454c1b710035168c1cd54fad0fa9feac,4,3,1.930876924741709,6.0,0.38906999999999997,5.0,True,False,10,0,EXTENDED_PENDING_RESOURCE_GATE,COMPLETE_BASE_INSTANCE
C,3,6,random_ordered,8,0.125,1,0.5,1d37c3f2b014d1653f35ce62ab7356e53ca184cfd09875b2547e59caec36bd3a,db410a8d02c42eb085bff58e65dd1779454c1b710035168c1cd54fad0fa9feac,4,3,0.8437499999999999,6.0,0.8437499999999999,5.0,True,False,10,0,EXTENDED_PENDING_RESOURCE_GATE,COMPLETE_BASE_INSTANCE
C,3,6,random_ordered,8,0.25,2,0.0001,502296269c025c32004983e1af5eb27760a5dfd1c6e7fa728530272391db3cf5,db410a8d02c42eb085bff58e65dd1779454c1b710035168c1cd54fad0fa9feac,4,3,1.9999999300000009,6.0,0.00039999998900000006,5.0,True,False,10,0,EXTENDED_PENDING_RESOURCE_GATE,COMPLETE_BASE_INSTANCE
C,3,6,random_ordered,8,0.25,2,0.01,9cb385e801f1131482ae9866bfd46a81dc5ab1348af3187babfe13da3b035847,db410a8d02c42eb085bff58e65dd1779454c1b710035168c1cd54fad0fa9feac,4,3,1.9993000875018754,6.0,0.0399890007,5.0,True,False,10,0,EXTENDED_PENDING_RESOURCE_GATE,COMPLETE_BASE_INSTANCE
C,3,6,random_ordered,8,0.25,2,0.1,2968a6f15ba2d0e67a5cd167d54682bfb0e35b56f3538e02ff10be21c8af6c5d,db410a8d02c42eb085bff58e65dd1779454c1b710035168c1cd54fad0fa9feac,4,3,1.930876924741709,6.0,0.38906999999999997,5.0,True,False,10,0,EXTENDED_PENDING_RESOURCE_GATE,COMPLETE_BASE_INSTANCE
C,3,6,random_ordered,8,0.25,2,0.5,de34e425c89c353b582825ece7af983e11a1b5f1df4f955c13cbadcc447d2659,db410a8d02c42eb085bff58e65dd1779454c1b710035168c1cd54fad0fa9feac,4,3,0.8437499999999999,6.0,0.8437499999999999,5.0,True,False,10,0,EXTENDED_PENDING_RESOURCE_GATE,COMPLETE_BASE_INSTANCE
C,3,6,random_ordered,8,0.5,4,0.0001,5c56aae5f3b1e752568508b4b743ce0ebd9d2802e4cbc8b8004f94a853baddf8,db410a8d02c42eb085bff58e65dd1779454c1b710035168c1cd54fad0fa9feac,4,3,1.9999999300000009,6.0,0.00039999998900000006,5.0,True,False,10,0,EXTENDED_PENDING_RESOURCE_GATE,COMPLETE_BASE_INSTANCE
C,3,6,random_ordered,8,0.5,4,0.01,1f61005e300acc4f0783ee62e06ebc94d396d83c9452d07e82ef995c9873f02a,db410a8d02c42eb085bff58e65dd1779454c1b710035168c1cd54fad0fa9feac,4,3,1.9993000875018754,6.0,0.0399890007,5.0,True,False,10,0,EXTENDED_PENDING_RESOURCE_GATE,COMPLETE_BASE_INSTANCE
C,3,6,random_ordered,8,0.5,4,0.1,1ba2f7b73b5c304387c18f846d87bc7676db658a481e8705d3942847e1871ba9,db410a8d02c42eb085bff58e65dd1779454c1b710035168c1cd54fad0fa9feac,4,3,1.930876924741709,6.0,0.38906999999999997,5.0,True,False,10,0,EXTENDED_PENDING_RESOURCE_GATE,COMPLETE_BASE_INSTANCE
C,3,6,random_ordered,8,0.5,4,0.5,0022469b5fc691e69d8e321fec7ab02546025a1713e2fe091437ddbf053a1313,db410a8d02c42eb085bff58e65dd1779454c1b710035168c1cd54fad0fa9feac,4,3,0.8437499999999999,6.0,0.8437499999999999,5.0,True,False,10,0,EXTENDED_PENDING_RESOURCE_GATE,COMPLETE_BASE_INSTANCE
C,3,6,random_ordered,8,0.75,6,0.0001,be0351f929e1c92b99d27d1ec66a68edbf2befe44fe75ab027ad685512407687,db410a8d02c42eb085bff58e65dd1779454c1b710035168c1cd54fad0fa9feac,4,3,1.9999999300000009,6.0,0.00039999998900000006,5.0,True,False,10,0,EXTENDED_PENDING_RESOURCE_GATE,COMPLETE_BASE_INSTANCE
C,3,6,random_ordered,8,0.75,6,0.01,4d4ad1a6064061f4fc8ea92379e6330f0180ec503ee51c7f473c817ff167424c,db410a8d02c42eb085bff58e65dd1779454c1b710035168c1cd54fad0fa9feac,4,3,1.9993000875018754,6.0,0.0399890007,5.0,True,False,10,0,EXTENDED_PENDING_RESOURCE_GATE,COMPLETE_BASE_INSTANCE
C,3,6,random_ordered,8,0.75,6,0.1,0d9e0df0523ad33e5f2cd6806fed20ee1dd5c03259eeab0a57016677ad229bb4,db410a8d02c42eb085bff58e65dd1779454c1b710035168c1cd54fad0fa9feac,4,3,1.930876924741709,6.0,0.38906999999999997,5.0,True,False,10,0,EXTENDED_PENDING_RESOURCE_GATE,COMPLETE_BASE_INSTANCE
C,3,6,random_ordered,8,0.75,6,0.5,bceeffd8a5d6251ffb1fc4bc1a53f800e4e6c8b554ea128dfd4f960acc4a276d,db410a8d02c42eb085bff58e65dd1779454c1b710035168c1cd54fad0fa9feac,4,3,0.8437499999999999,6.0,0.8437499999999999,5.0,True,False,10,0,EXTENDED_PENDING_RESOURCE_GATE,COMPLETE_BASE_INSTANCE
C,3,6,random_ordered,16,0.125,2,0.0001,1f8e44d41a41f23445b13f7bb4526550aba461ba0ad6bf5f1b6d2990da6a0cab,db410a8d02c42eb085bff58e65dd1779454c1b710035168c1cd54fad0fa9feac,4,3,1.9999999300000009,6.0,0.00039999998900000006,5.0,True,False,10,0,EXTENDED_PENDING_RESOURCE_GATE,COMPLETE_BASE_INSTANCE
C,3,6,random_ordered,16,0.125,2,0.01,d996b62d1ef7d7e973090e6dd3ce1d653fb863521b2f26201bf3e524bf1b5b67,db410a8d02c42eb085bff58e65dd1779454c1b710035168c1cd54fad0fa9feac,4,3,1.9993000875018754,6.0,0.0399890007,5.0,True,False,10,0,EXTENDED_PENDING_RESOURCE_GATE,COMPLETE_BASE_INSTANCE
C,3,6,random_ordered,16,0.125,2,0.1,4c18961041a2e8a3d149d40cd88cb2bb15cf54ccb50acfe69f31bb549d1d3ae1,db410a8d02c42eb085bff58e65dd1779454c1b710035168c1cd54fad0fa9feac,4,3,1.930876924741709,6.0,0.38906999999999997,5.0,True,False,10,0,EXTENDED_PENDING_RESOURCE_GATE,COMPLETE_BASE_INSTANCE
C,3,6,random_ordered,16,0.125,2,0.5,c4967bc4d50a6604ed904c74ca946ff5a018415deb0246f977cf7c50a53fe5af,db410a8d02c42eb085bff58e65dd1779454c1b710035168c1cd54fad0fa9feac,4,3,0.8437499999999999,6.0,0.8437499999999999,5.0,True,False,10,0,EXTENDED_PENDING_RESOURCE_GATE,COMPLETE_BASE_INSTANCE
C,3,6,random_ordered,16,0.25,4,0.0001,b75a9a1941ad65a69a9cfe7690f5c563801467c756fff18c28f4a7b5d50a4ead,db410a8d02c42eb085bff58e65dd1779454c1b710035168c1cd54fad0fa9feac,4,3,1.9999999300000009,6.0,0.00039999998900000006,5.0,True,False,10,0,EXTENDED_PENDING_RESOURCE_GATE,COMPLETE_BASE_INSTANCE
C,3,6,random_ordered,16,0.25,4,0.01,1041020e02835c1ca823e6f168f2f79bc00e84e035a8b9f03bf888ae7feacc45,db410a8d02c42eb085bff58e65dd1779454c1b710035168c1cd54fad0fa9feac,4,3,1.9993000875018754,6.0,0.0399890007,5.0,True,False,10,0,EXTENDED_PENDING_RESOURCE_GATE,COMPLETE_BASE_INSTANCE
C,3,6,random_ordered,16,0.25,4,0.1,9352e089ca1d4eeb85088610f5c12524a270b7486bdf67fe74e95ad173971070,db410a8d02c42eb085bff58e65dd1779454c1b710035168c1cd54fad0fa9feac,4,3,1.930876924741709,6.0,0.38906999999999997,5.0,True,False,10,0,EXTENDED_PENDING_RESOURCE_GATE,COMPLETE_BASE_INSTANCE
C,3,6,random_ordered,16,0.25,4,0.5,b895f461c8b12d0dea91cf325e72920ff42678276a327169f0c7b8e762554a8f,db410a8d02c42eb085bff58e65dd1779454c1b710035168c1cd54fad0fa9feac,4,3,0.8437499999999999,6.0,0.8437499999999999,5.0,True,False,10,0,EXTENDED_PENDING_RESOURCE_GATE,COMPLETE_BASE_INSTANCE
C,3,6,random_ordered,16,0.5,8,0.0001,7eb56589dab8c19f459b55cfc5ecb4938753cb2187016864574c64b43c23b9a6,db410a8d02c42eb085bff58e65dd1779454c1b710035168c1cd54fad0fa9feac,4,3,1.9999999300000009,6.0,0.00039999998900000006,5.0,True,False,10,0,EXTENDED_PENDING_RESOURCE_GATE,COMPLETE_BASE_INSTANCE
C,3,6,random_ordered,16,0.5,8,0.01,1755dd84dbedb004ecb37cb181f7ff8dc86868072a53167d614269c77d2cd092,db410a8d02c42eb085bff58e65dd1779454c1b710035168c1cd54fad0fa9feac,4,3,1.9993000875018754,6.0,0.0399890007,5.0,True,False,10,0,EXTENDED_PENDING_RESOURCE_GATE,COMPLETE_BASE_INSTANCE
C,3,6,random_ordered,16,0.5,8,0.1,a72db543cbda84a2ee8b2636895af6f69e57ed21033f09d3af23972da4b7aa80,db410a8d02c42eb085bff58e65dd1779454c1b710035168c1cd54fad0fa9feac,4,3,1.930876924741709,6.0,0.38906999999999997,5.0,True,False,10,0,EXTENDED_PENDING_RESOURCE_GATE,COMPLETE_BASE_INSTANCE
C,3,6,random_ordered,16,0.5,8,0.5,ca08b9e6d7f02e9b8ffeb2bb4941256bf5816adf320f25bc5da450aa92bdbfa1,db410a8d02c42eb085bff58e65dd1779454c1b710035168c1cd54fad0fa9feac,4,3,0.8437499999999999,6.0,0.8437499999999999,5.0,True,False,10,0,EXTENDED_PENDING_RESOURCE_GATE,COMPLETE_BASE_INSTANCE
C,3,6,random_ordered,16,0.75,12,0.0001,e9470328608659437a0fe9a66896057d20f0a725c5a5b14d74fe6f3122e82c42,db410a8d02c42eb085bff58e65dd1779454c1b710035168c1cd54fad0fa9feac,4,3,1.9999999300000009,6.0,0.00039999998900000006,5.0,True,False,10,0,EXTENDED_PENDING_RESOURCE_GATE,COMPLETE_BASE_INSTANCE
C,3,6,random_ordered,16,0.75,12,0.01,9da756ae4800e9f4667e14046f133dbce336852e89a0d9c8f9aa2f372b4be6af,db410a8d02c42eb085bff58e65dd1779454c1b710035168c1cd54fad0fa9feac,4,3,1.9993000875018754,6.0,0.0399890007,5.0,True,False,10,0,EXTENDED_PENDING_RESOURCE_GATE,COMPLETE_BASE_INSTANCE
C,3,6,random_ordered,16,0.75,12,0.1,b7b8bfb41242e59877b0c1dcad45bec9ae9e599a60dd2ab4e6f06580a83c81fc,db410a8d02c42eb085bff58e65dd1779454c1b710035168c1cd54fad0fa9feac,4,3,1.930876924741709,6.0,0.38906999999999997,5.0,True,False,10,0,EXTENDED_PENDING_RESOURCE_GATE,COMPLETE_BASE_INSTANCE
C,3,6,random_ordered,16,0.75,12,0.5,9ba8f7fe8f57fe2c7085cd10b10b6a461a1b4b0e5a8ec65506d1e3f1790e0005,db410a8d02c42eb085bff58e65dd1779454c1b710035168c1cd54fad0fa9feac,4,3,0.8437499999999999,6.0,0.8437499999999999,5.0,True,False,10,0,EXTENDED_PENDING_RESOURCE_GATE,COMPLETE_BASE_INSTANCE
C,3,6,random_ordered,32,0.125,4,0.0001,9dc84b0297ce0f7cda357c4344dfc26f12dd75a94a2e1bee1ce63467e347d877,db410a8d02c42eb085bff58e65dd1779454c1b710035168c1cd54fad0fa9feac,4,3,1.9999999300000009,6.0,0.00039999998900000006,5.0,True,False,10,0,EXTENDED_PENDING_RESOURCE_GATE,COMPLETE_BASE_INSTANCE
C,3,6,random_ordered,32,0.125,4,0.01,28b62dc006d707d24e3ef344af2b883b28fa95846e775485659e53f868c8c4d3,db410a8d02c42eb085bff58e65dd1779454c1b710035168c1cd54fad0fa9feac,4,3,1.9993000875018754,6.0,0.0399890007,5.0,True,False,10,0,EXTENDED_PENDING_RESOURCE_GATE,COMPLETE_BASE_INSTANCE
C,3,6,random_ordered,32,0.125,4,0.1,1edbcadc611a2f93e44f65f6c6ff8daab59002310592bc747de8c9add97b42ab,db410a8d02c42eb085bff58e65dd1779454c1b710035168c1cd54fad0fa9feac,4,3,1.930876924741709,6.0,0.38906999999999997,5.0,True,False,10,0,EXTENDED_PENDING_RESOURCE_GATE,COMPLETE_BASE_INSTANCE
C,3,6,random_ordered,32,0.125,4,0.5,61a09a94a45d03630500b751c8882cf3654fd9673706b9f6fd598dababaece3a,db410a8d02c42eb085bff58e65dd1779454c1b710035168c1cd54fad0fa9feac,4,3,0.8437499999999999,6.0,0.8437499999999999,5.0,True,False,10,0,EXTENDED_PENDING_RESOURCE_GATE,COMPLETE_BASE_INSTANCE
C,3,6,random_ordered,32,0.25,8,0.0001,b8574b47190f393e9edf5d3f2ab67ae08dad95ab6ac9c73beac5db0164009424,db410a8d02c42eb085bff58e65dd1779454c1b710035168c1cd54fad0fa9feac,4,3,1.9999999300000009,6.0,0.00039999998900000006,5.0,True,False,10,0,EXTENDED_PENDING_RESOURCE_GATE,COMPLETE_BASE_INSTANCE
C,3,6,random_ordered,32,0.25,8,0.01,f05e82e26860d7cfa054c75454bfb623e59f9f5c701705214b9f0d6bfa441a59,db410a8d02c42eb085bff58e65dd1779454c1b710035168c1cd54fad0fa9feac,4,3,1.9993000875018754,6.0,0.0399890007,5.0,True,False,10,0,EXTENDED_PENDING_RESOURCE_GATE,COMPLETE_BASE_INSTANCE
C,3,6,random_ordered,32,0.25,8,0.1,d291c81ecf29a49ab359cbc68e06f3dc41e6334c8a4b3e80aa3a97fd8cdc78d3,db410a8d02c42eb085bff58e65dd1779454c1b710035168c1cd54fad0fa9feac,4,3,1.930876924741709,6.0,0.38906999999999997,5.0,True,False,10,0,EXTENDED_PENDING_RESOURCE_GATE,COMPLETE_BASE_INSTANCE
C,3,6,random_ordered,32,0.25,8,0.5,2c0c89c632c2f39d032a8274516cf5849a20f536c80e03a1714a1df203073775,db410a8d02c42eb085bff58e65dd1779454c1b710035168c1cd54fad0fa9feac,4,3,0.8437499999999999,6.0,0.8437499999999999,5.0,True,False,10,0,EXTENDED_PENDING_RESOURCE_GATE,COMPLETE_BASE_INSTANCE
C,3,6,random_ordered,32,0.5,16,0.0001,b55d012c22dd820e25313ad58d3c2a4ec2f796a40b07abc8f2a106cd97c91836,db410a8d02c42eb085bff58e65dd1779454c1b710035168c1cd54fad0fa9feac,4,3,1.9999999300000009,6.0,0.00039999998900000006,5.0,True,False,10,0,EXTENDED_PENDING_RESOURCE_GATE,COMPLETE_BASE_INSTANCE
C,3,6,random_ordered,32,0.5,16,0.01,cf469b884ceee59e5f5872eae9054d8d05cc02d722205f71bab8da17f17b4428,db410a8d02c42eb085bff58e65dd1779454c1b710035168c1cd54fad0fa9feac,4,3,1.9993000875018754,6.0,0.0399890007,5.0,True,False,10,0,EXTENDED_PENDING_RESOURCE_GATE,COMPLETE_BASE_INSTANCE
C,3,6,random_ordered,32,0.5,16,0.1,4c08ef5aa090d91aad5499d9598b0bec85184fbd783de1b4e318a4eb08f66ee9,db410a8d02c42eb085bff58e65dd1779454c1b710035168c1cd54fad0fa9feac,4,3,1.930876924741709,6.0,0.38906999999999997,5.0,True,False,10,0,EXTENDED_PENDING_RESOURCE_GATE,COMPLETE_BASE_INSTANCE
C,3,6,random_ordered,32,0.5,16,0.5,14ea6c7f9674fc8a8dcb4a22293335e6578742a933fc35a47665e837630431d9,db410a8d02c42eb085bff58e65dd1779454c1b710035168c1cd54fad0fa9feac,4,3,0.8437499999999999,6.0,0.8437499999999999,5.0,True,False,10,0,EXTENDED_PENDING_RESOURCE_GATE,COMPLETE_BASE_INSTANCE
C,3,6,random_ordered,32,0.75,24,0.0001,0e73c406233cd91446e64d98577acd13e8c464b991a974cb8799325a7b75ddbb,db410a8d02c42eb085bff58e65dd1779454c1b710035168c1cd54fad0fa9feac,4,3,1.9999999300000009,6.0,0.00039999998900000006,5.0,True,False,10,0,EXTENDED_PENDING_RESOURCE_GATE,COMPLETE_BASE_INSTANCE
C,3,6,random_ordered,32,0.75,24,0.01,e31d936958009d014839c2e557b08ebf904c6c9229e9144403113d89fb624719,db410a8d02c42eb085bff58e65dd1779454c1b710035168c1cd54fad0fa9feac,4,3,1.9993000875018754,6.0,0.0399890007,5.0,True,False,10,0,EXTENDED_PENDING_RESOURCE_GATE,COMPLETE_BASE_INSTANCE
C,3,6,random_ordered,32,0.75,24,0.1,03146e633e0e15824850c28cb3d670c6af1d03292a89b63c98e3ec5877fcdf04,db410a8d02c42eb085bff58e65dd1779454c1b710035168c1cd54fad0fa9feac,4,3,1.930876924741709,6.0,0.38906999999999997,5.0,True,False,10,0,EXTENDED_PENDING_RESOURCE_GATE,COMPLETE_BASE_INSTANCE
C,3,6,random_ordered,32,0.75,24,0.5,aa32f729a81c332467667f0717b387ea238f3140e9de6737baac60fdbb4ec8a0,db410a8d02c42eb085bff58e65dd1779454c1b710035168c1cd54fad0fa9feac,4,3,0.8437499999999999,6.0,0.8437499999999999,5.0,True,False,10,0,EXTENDED_PENDING_RESOURCE_GATE,COMPLETE_BASE_INSTANCE
C,3,6,random_ordered,64,0.125,8,0.0001,f983aa9db7ca145f5b48be7d8d6f121e1e74995112bf4334ad27f8bfc0605c90,db410a8d02c42eb085bff58e65dd1779454c1b710035168c1cd54fad0fa9feac,4,3,1.9999999300000009,6.0,0.00039999998900000006,5.0,True,False,10,0,EXTENDED_PENDING_RESOURCE_GATE,COMPLETE_BASE_INSTANCE
C,3,6,random_ordered,64,0.125,8,0.01,94063957e33dc29d375cc4eec2bd5fea6aeb388864197a085fe767b0fb79fb99,db410a8d02c42eb085bff58e65dd1779454c1b710035168c1cd54fad0fa9feac,4,3,1.9993000875018754,6.0,0.0399890007,5.0,True,False,10,0,EXTENDED_PENDING_RESOURCE_GATE,COMPLETE_BASE_INSTANCE
C,3,6,random_ordered,64,0.125,8,0.1,242c2edab331339b79e670a7242dcbb48cf3439ae5ddaa737b43c2be0e7d088d,db410a8d02c42eb085bff58e65dd1779454c1b710035168c1cd54fad0fa9feac,4,3,1.930876924741709,6.0,0.38906999999999997,5.0,True,False,10,0,EXTENDED_PENDING_RESOURCE_GATE,COMPLETE_BASE_INSTANCE
C,3,6,random_ordered,64,0.125,8,0.5,e8dfd9b1d596f85cf2046906c945eb3034cbbf09adf5e46494e66c7f9428b448,db410a8d02c42eb085bff58e65dd1779454c1b710035168c1cd54fad0fa9feac,4,3,0.8437499999999999,6.0,0.8437499999999999,5.0,True,False,10,0,EXTENDED_PENDING_RESOURCE_GATE,COMPLETE_BASE_INSTANCE
C,3,6,random_ordered,64,0.25,16,0.0001,6afff199bf3f1a46e5f3fc93f526e5fc912abe3c8f56aa4e7a94b913f3513b6e,db410a8d02c42eb085bff58e65dd1779454c1b710035168c1cd54fad0fa9feac,4,3,1.9999999300000009,6.0,0.00039999998900000006,5.0,True,False,10,0,EXTENDED_PENDING_RESOURCE_GATE,COMPLETE_BASE_INSTANCE
C,3,6,random_ordered,64,0.25,16,0.01,194f01bf73f20c2ef93998dd3520ac8062355bf92abb353929caf56761271b32,db410a8d02c42eb085bff58e65dd1779454c1b710035168c1cd54fad0fa9feac,4,3,1.9993000875018754,6.0,0.0399890007,5.0,True,False,10,0,EXTENDED_PENDING_RESOURCE_GATE,COMPLETE_BASE_INSTANCE
C,3,6,random_ordered,64,0.25,16,0.1,a01d6f9e664fad8bce9b8c38853d68c450001a2393dbbd849a2984cbbe11b526,db410a8d02c42eb085bff58e65dd1779454c1b710035168c1cd54fad0fa9feac,4,3,1.930876924741709,6.0,0.38906999999999997,5.0,True,False,10,0,EXTENDED_PENDING_RESOURCE_GATE,COMPLETE_BASE_INSTANCE
C,3,6,random_ordered,64,0.25,16,0.5,c9928b62f0292c25c99edd881d5f2657b768b72614ce9bc53ee8b240a522b3ca,db410a8d02c42eb085bff58e65dd1779454c1b710035168c1cd54fad0fa9feac,4,3,0.8437499999999999,6.0,0.8437499999999999,5.0,True,False,10,0,EXTENDED_PENDING_RESOURCE_GATE,COMPLETE_BASE_INSTANCE
C,3,6,random_ordered,64,0.5,32,0.0001,731942228d49951f65942f271b818c24ed0767928199b2c7b29a2e253b4cdeed,db410a8d02c42eb085bff58e65dd1779454c1b710035168c1cd54fad0fa9feac,4,3,1.9999999300000009,6.0,0.00039999998900000006,5.0,True,False,10,0,EXTENDED_PENDING_RESOURCE_GATE,COMPLETE_BASE_INSTANCE
C,3,6,random_ordered,64,0.5,32,0.01,b903f937ac7db56c2853d44d24a4e79b5959a515948158e75aa300174605510b,db410a8d02c42eb085bff58e65dd1779454c1b710035168c1cd54fad0fa9feac,4,3,1.9993000875018754,6.0,0.0399890007,5.0,True,False,10,0,EXTENDED_PENDING_RESOURCE_GATE,COMPLETE_BASE_INSTANCE
C,3,6,random_ordered,64,0.5,32,0.1,8da7e6c4c0772901e4022dc15540d2238654b3bd3700cc5cb9920c5c77619d48,db410a8d02c42eb085bff58e65dd1779454c1b710035168c1cd54fad0fa9feac,4,3,1.930876924741709,6.0,0.38906999999999997,5.0,True,False,10,0,EXTENDED_PENDING_RESOURCE_GATE,COMPLETE_BASE_INSTANCE
C,3,6,random_ordered,64,0.5,32,0.5,79ce01029cb8ef03fb94392f82429dbced3a22c43f5d3ad2e246e22eef55376c,db410a8d02c42eb085bff58e65dd1779454c1b710035168c1cd54fad0fa9feac,4,3,0.8437499999999999,6.0,0.8437499999999999,5.0,True,False,10,0,EXTENDED_PENDING_RESOURCE_GATE,COMPLETE_BASE_INSTANCE
C,3,6,random_ordered,64,0.75,48,0.0001,25e051ac7af0c70b5cc6bc44dff29ff13ecda43e739be244cc376deae84f08a4,db410a8d02c42eb085bff58e65dd1779454c1b710035168c1cd54fad0fa9feac,4,3,1.9999999300000009,6.0,0.00039999998900000006,5.0,True,False,10,0,EXTENDED_PENDING_RESOURCE_GATE,COMPLETE_BASE_INSTANCE
C,3,6,random_ordered,64,0.75,48,0.01,59a913b043b6a0f31241d09c467b14e93d458f51f29388a74ff83ed383cf016d,db410a8d02c42eb085bff58e65dd1779454c1b710035168c1cd54fad0fa9feac,4,3,1.9993000875018754,6.0,0.0399890007,5.0,True,False,10,0,EXTENDED_PENDING_RESOURCE_GATE,COMPLETE_BASE_INSTANCE
C,3,6,random_ordered,64,0.75,48,0.1,d487c1e9702fda13ce98070c808d0b59ef4c06094fdd316ff488f079eb2da98a,db410a8d02c42eb085bff58e65dd1779454c1b710035168c1cd54fad0fa9feac,4,3,1.930876924741709,6.0,0.38906999999999997,5.0,True,False,10,0,EXTENDED_PENDING_RESOURCE_GATE,COMPLETE_BASE_INSTANCE
C,3,6,random_ordered,64,0.75,48,0.5,73ebd1acb992950e24063c1d7157f698d2cae5e71f79746283b19f5e664b438d,db410a8d02c42eb085bff58e65dd1779454c1b710035168c1cd54fad0fa9feac,4,3,0.8437499999999999,6.0,0.8437499999999999,5.0,True,False,10,0,EXTENDED_PENDING_RESOURCE_GATE,COMPLETE_BASE_INSTANCE
C,3,12,comb,2,0.125,1,0.0001,f761a3274936852c30137ba40e0b9bc323bc0084e2961c1f02f850afc8679010,9ac1d9c3daad3a09f95a893e78279488076c5ae0796972c11dd82ac78769aacb,12,2,11.999998955000034,12.0,0.006599999175000035,11.0,True,False,10,0,EXTENDED_PENDING_RESOURCE_GATE,COMPLETE_BASE_INSTANCE
C,3,12,comb,2,0.125,1,0.01,b2ad8ba1ca4c6ecc37a01ca4b1e1ca5b19feeb37987c7aeea402642c3303e727,9ac1d9c3daad3a09f95a893e78279488076c5ae0796972c11dd82ac78769aacb,12,2,11.989553461058371,12.0,0.6591753563310361,11.0,True,False,10,0,EXTENDED_PENDING_RESOURCE_GATE,COMPLETE_BASE_INSTANCE
C,3,12,comb,2,0.125,1,0.1,d43f8ba10d628de15823a249b33be33665fad3e987356b2d160201315e30cd9b,9ac1d9c3daad3a09f95a893e78279488076c5ae0796972c11dd82ac78769aacb,12,2,10.989116686439175,12.0,5.80995641753,11.0,True,False,10,0,EXTENDED_PENDING_RESOURCE_GATE,COMPLETE_BASE_INSTANCE
C,3,12,comb,2,0.125,1,0.5,4d22a93f67b35c3f3f7474b634b7c85be9a3ba6389f752ad273288b1e3bb0232,9ac1d9c3daad3a09f95a893e78279488076c5ae0796972c11dd82ac78769aacb,12,2,1.6440429687499998,12.0,1.6440429687499998,11.0,True,False,10,0,EXTENDED_PENDING_RESOURCE_GATE,COMPLETE_BASE_INSTANCE
C,3,12,comb,2,0.25,1,0.0001,5f7b91327df45aa53cc55a26ccfe20d3a9e01970253483093d68dcd935468bdf,9ac1d9c3daad3a09f95a893e78279488076c5ae0796972c11dd82ac78769aacb,12,2,11.999998955000034,12.0,0.006599999175000035,11.0,True,False,10,0,EXTENDED_PENDING_RESOURCE_GATE,COMPLETE_BASE_INSTANCE
C,3,12,comb,2,0.25,1,0.01,8f01916daf079deed458755a14b5bff4170e0e0d5aa33ad7c998aca07a36a493,9ac1d9c3daad3a09f95a893e78279488076c5ae0796972c11dd82ac78769aacb,12,2,11.989553461058371,12.0,0.6591753563310361,11.0,True,False,10,0,EXTENDED_PENDING_RESOURCE_GATE,COMPLETE_BASE_INSTANCE
C,3,12,comb,2,0.25,1,0.1,ee8a2587cf1bca327621b8bfeb1b1877a293a15d1ab503ffde9eee1b2d89e49b,9ac1d9c3daad3a09f95a893e78279488076c5ae0796972c11dd82ac78769aacb,12,2,10.989116686439175,12.0,5.80995641753,11.0,True,False,10,0,EXTENDED_PENDING_RESOURCE_GATE,COMPLETE_BASE_INSTANCE
C,3,12,comb,2,0.25,1,0.5,a060c3fb3737c0e63e21319f1e491bafbaf416dba41680639236914b1dea5a6d,9ac1d9c3daad3a09f95a893e78279488076c5ae0796972c11dd82ac78769aacb,12,2,1.6440429687499998,12.0,1.6440429687499998,11.0,True,False,10,0,EXTENDED_PENDING_RESOURCE_GATE,COMPLETE_BASE_INSTANCE
C,3,12,comb,2,0.5,1,0.0001,27d35f82ff0aff3e4e4a5daee5c6d716bb91afb0290421a0732cd01b1cb86912,9ac1d9c3daad3a09f95a893e78279488076c5ae0796972c11dd82ac78769aacb,12,2,11.999998955000034,12.0,0.006599999175000035,11.0,True,False,10,0,EXTENDED_PENDING_RESOURCE_GATE,COMPLETE_BASE_INSTANCE
C,3,12,comb,2,0.5,1,0.01,a52f1ba99551bf8dd72fe7ec5479ef42f6a75a5a028ef77bef2c0b676cf6aed8,9ac1d9c3daad3a09f95a893e78279488076c5ae0796972c11dd82ac78769aacb,12,2,11.989553461058371,12.0,0.6591753563310361,11.0,True,False,10,0,EXTENDED_PENDING_RESOURCE_GATE,COMPLETE_BASE_INSTANCE
C,3,12,comb,2,0.5,1,0.1,338700168e6ebe0db4376336cea6291b75725e12e90e33fad0f329f93f1805f7,9ac1d9c3daad3a09f95a893e78279488076c5ae0796972c11dd82ac78769aacb,12,2,10.989116686439175,12.0,5.80995641753,11.0,True,False,10,0,EXTENDED_PENDING_RESOURCE_GATE,COMPLETE_BASE_INSTANCE
C,3,12,comb,2,0.5,1,0.5,2dbb5672bba3588970f014207a1025724b65115077ff5169860e6b0cdf2bb9b1,9ac1d9c3daad3a09f95a893e78279488076c5ae0796972c11dd82ac78769aacb,12,2,1.6440429687499998,12.0,1.6440429687499998,11.0,True,False,10,0,EXTENDED_PENDING_RESOURCE_GATE,COMPLETE_BASE_INSTANCE
C,3,12,comb,2,0.75,1,0.0001,3f94a3a9dc2fb54f70905c0d470d65d835940b09ee6c00385075c361d70165d0,9ac1d9c3daad3a09f95a893e78279488076c5ae0796972c11dd82ac78769aacb,12,2,11.999998955000034,12.0,0.006599999175000035,11.0,True,False,10,0,EXTENDED_PENDING_RESOURCE_GATE,COMPLETE_BASE_INSTANCE
C,3,12,comb,2,0.75,1,0.01,81ccf988ce855a3f6e93b5643af3c781ad8c3ec2e3d755dadf402d2d7bce6559,9ac1d9c3daad3a09f95a893e78279488076c5ae0796972c11dd82ac78769aacb,12,2,11.989553461058371,12.0,0.6591753563310361,11.0,True,False,10,0,EXTENDED_PENDING_RESOURCE_GATE,COMPLETE_BASE_INSTANCE
C,3,12,comb,2,0.75,1,0.1,9ae87661302c89c797b6aa3a263e94bf08ad779f4b76108a4fd277b9ffeee7a1,9ac1d9c3daad3a09f95a893e78279488076c5ae0796972c11dd82ac78769aacb,12,2,10.989116686439175,12.0,5.80995641753,11.0,True,False,10,0,EXTENDED_PENDING_RESOURCE_GATE,COMPLETE_BASE_INSTANCE
C,3,12,comb,2,0.75,1,0.5,9e5689d67f2fc532f50703ae548f3cc8b41f0d5627a480af8ab6d8ee9c931237,9ac1d9c3daad3a09f95a893e78279488076c5ae0796972c11dd82ac78769aacb,12,2,1.6440429687499998,12.0,1.6440429687499998,11.0,True,False,10,0,EXTENDED_PENDING_RESOURCE_GATE,COMPLETE_BASE_INSTANCE
C,3,12,comb,4,0.125,1,0.0001,2b52081404a27d05bf980e7a79d7d9ec13c13be09dc92e6696bcf9dd7c58c80c,9ac1d9c3daad3a09f95a893e78279488076c5ae0796972c11dd82ac78769aacb,12,2,11.999998955000034,12.0,0.006599999175000035,11.0,True,False,10,0,EXTENDED_PENDING_RESOURCE_GATE,COMPLETE_BASE_INSTANCE
C,3,12,comb,4,0.125,1,0.01,822f73a7e9af0b4305d81cf0410308b2865409232659acae82c71323dff49ac5,9ac1d9c3daad3a09f95a893e78279488076c5ae0796972c11dd82ac78769aacb,12,2,11.989553461058371,12.0,0.6591753563310361,11.0,True,False,10,0,EXTENDED_PENDING_RESOURCE_GATE,COMPLETE_BASE_INSTANCE
C,3,12,comb,4,0.125,1,0.1,94e5526700b98022730ec78c4799ecfe9f399b6f909c2a41b3cf57b2b6e4bd5f,9ac1d9c3daad3a09f95a893e78279488076c5ae0796972c11dd82ac78769aacb,12,2,10.989116686439175,12.0,5.80995641753,11.0,True,False,10,0,EXTENDED_PENDING_RESOURCE_GATE,COMPLETE_BASE_INSTANCE
C,3,12,comb,4,0.125,1,0.5,4d6082e2f3c5ed81b524f3c20174c8c1e5d935dda8cc4d12025cd3ed4d7471d4,9ac1d9c3daad3a09f95a893e78279488076c5ae0796972c11dd82ac78769aacb,12,2,1.6440429687499998,12.0,1.6440429687499998,11.0,True,False,10,0,EXTENDED_PENDING_RESOURCE_GATE,COMPLETE_BASE_INSTANCE
C,3,12,comb,4,0.25,1,0.0001,185ce8a61d4ad28f86cae69a45e155b5163637dd95d7149a1e674699cd9eb951,9ac1d9c3daad3a09f95a893e78279488076c5ae0796972c11dd82ac78769aacb,12,2,11.999998955000034,12.0,0.006599999175000035,11.0,True,False,10,0,EXTENDED_PENDING_RESOURCE_GATE,COMPLETE_BASE_INSTANCE
C,3,12,comb,4,0.25,1,0.01,ae2c681ba4cf281c3b695170d0ce4810fe07a5e3a47f7726d490ce1dce41b517,9ac1d9c3daad3a09f95a893e78279488076c5ae0796972c11dd82ac78769aacb,12,2,11.989553461058371,12.0,0.6591753563310361,11.0,True,False,10,0,EXTENDED_PENDING_RESOURCE_GATE,COMPLETE_BASE_INSTANCE
C,3,12,comb,4,0.25,1,0.1,75d75c4c6d432b8f2d1e9a40b8c4431442106a2a9c2f3c347521b16a56b78aab,9ac1d9c3daad3a09f95a893e78279488076c5ae0796972c11dd82ac78769aacb,12,2,10.989116686439175,12.0,5.80995641753,11.0,True,False,10,0,EXTENDED_PENDING_RESOURCE_GATE,COMPLETE_BASE_INSTANCE
C,3,12,comb,4,0.25,1,0.5,75c62a484722f01dae2ac59e919ae730ad17c40de178089920a5d6c17958f2eb,9ac1d9c3daad3a09f95a893e78279488076c5ae0796972c11dd82ac78769aacb,12,2,1.6440429687499998,12.0,1.6440429687499998,11.0,True,False,10,0,EXTENDED_PENDING_RESOURCE_GATE,COMPLETE_BASE_INSTANCE
C,3,12,comb,4,0.5,2,0.0001,3acf8085fc88e8be8087146a60988afcac12dbfea03097a984a3c973e430ad16,9ac1d9c3daad3a09f95a893e78279488076c5ae0796972c11dd82ac78769aacb,12,2,11.999998955000034,12.0,0.006599999175000035,11.0,True,False,10,0,EXTENDED_PENDING_RESOURCE_GATE,COMPLETE_BASE_INSTANCE
C,3,12,comb,4,0.5,2,0.01,5bd7f0aacd207d34460441c53a271839c04887dc614533dd1b8fc2bf25b447d9,9ac1d9c3daad3a09f95a893e78279488076c5ae0796972c11dd82ac78769aacb,12,2,11.989553461058371,12.0,0.6591753563310361,11.0,True,False,10,0,EXTENDED_PENDING_RESOURCE_GATE,COMPLETE_BASE_INSTANCE
C,3,12,comb,4,0.5,2,0.1,9b9e675e8df385eec344de14152967e7bdb3505f449e6daca264ef9b359d3f1a,9ac1d9c3daad3a09f95a893e78279488076c5ae0796972c11dd82ac78769aacb,12,2,10.989116686439175,12.0,5.80995641753,11.0,True,False,10,0,EXTENDED_PENDING_RESOURCE_GATE,COMPLETE_BASE_INSTANCE
C,3,12,comb,4,0.5,2,0.5,ed8081a7433e6179120af47222f2c81b7b318771392ff92efb2ec335c8ea4eaf,9ac1d9c3daad3a09f95a893e78279488076c5ae0796972c11dd82ac78769aacb,12,2,1.6440429687499998,12.0,1.6440429687499998,11.0,True,False,10,0,EXTENDED_PENDING_RESOURCE_GATE,COMPLETE_BASE_INSTANCE
C,3,12,comb,4,0.75,3,0.0001,02deef9e24e4dcd6ae5bceabc5f6b67168df0fe6f1afc40022296704ec24825b,9ac1d9c3daad3a09f95a893e78279488076c5ae0796972c11dd82ac78769aacb,12,2,11.999998955000034,12.0,0.006599999175000035,11.0,True,False,10,0,EXTENDED_PENDING_RESOURCE_GATE,COMPLETE_BASE_INSTANCE
C,3,12,comb,4,0.75,3,0.01,343bdf04f0b343e6b90c622c46654f9491894187420720c7366307001387c2e3,9ac1d9c3daad3a09f95a893e78279488076c5ae0796972c11dd82ac78769aacb,12,2,11.989553461058371,12.0,0.6591753563310361,11.0,True,False,10,0,EXTENDED_PENDING_RESOURCE_GATE,COMPLETE_BASE_INSTANCE
C,3,12,comb,4,0.75,3,0.1,d1743425c029287b29fa008befa064b5e6255b7211140133f80f739415d66856,9ac1d9c3daad3a09f95a893e78279488076c5ae0796972c11dd82ac78769aacb,12,2,10.989116686439175,12.0,5.80995641753,11.0,True,False,10,0,EXTENDED_PENDING_RESOURCE_GATE,COMPLETE_BASE_INSTANCE
C,3,12,comb,4,0.75,3,0.5,05286e88742e3cc8615a2ec376776521ee8ecbb37a63cadd280823ec487ff0f8,9ac1d9c3daad3a09f95a893e78279488076c5ae0796972c11dd82ac78769aacb,12,2,1.6440429687499998,12.0,1.6440429687499998,11.0,True,False,10,0,EXTENDED_PENDING_RESOURCE_GATE,COMPLETE_BASE_INSTANCE
C,3,12,comb,8,0.125,1,0.0001,ae436eaacf81c43419728050a372a6fac9e1da194966e28ae7ed46763d9a4612,9ac1d9c3daad3a09f95a893e78279488076c5ae0796972c11dd82ac78769aacb,12,2,11.999998955000034,12.0,0.006599999175000035,11.0,True,False,10,0,EXTENDED_PENDING_RESOURCE_GATE,COMPLETE_BASE_INSTANCE
C,3,12,comb,8,0.125,1,0.01,b7a1c74e213fc618e3dca077303930ae7e82c738d50f082ae21919b717bc83a7,9ac1d9c3daad3a09f95a893e78279488076c5ae0796972c11dd82ac78769aacb,12,2,11.989553461058371,12.0,0.6591753563310361,11.0,True,False,10,0,EXTENDED_PENDING_RESOURCE_GATE,COMPLETE_BASE_INSTANCE
C,3,12,comb,8,0.125,1,0.1,3fd83dab8595844af6ad7e1ab246f99581b965fdaa809e7bee75b461adc15858,9ac1d9c3daad3a09f95a893e78279488076c5ae0796972c11dd82ac78769aacb,12,2,10.989116686439175,12.0,5.80995641753,11.0,True,False,10,0,EXTENDED_PENDING_RESOURCE_GATE,COMPLETE_BASE_INSTANCE
C,3,12,comb,8,0.125,1,0.5,1e31781f15fb6123d2656f40bfed540e61a13797f50cc223e0133263a06f5901,9ac1d9c3daad3a09f95a893e78279488076c5ae0796972c11dd82ac78769aacb,12,2,1.6440429687499998,12.0,1.6440429687499998,11.0,True,False,10,0,EXTENDED_PENDING_RESOURCE_GATE,COMPLETE_BASE_INSTANCE
C,3,12,comb,8,0.25,2,0.0001,3576130c65685f02a3598f3dd51e414681000c7f6688917bb36547fbea59803f,9ac1d9c3daad3a09f95a893e78279488076c5ae0796972c11dd82ac78769aacb,12,2,11.999998955000034,12.0,0.006599999175000035,11.0,True,False,10,0,EXTENDED_PENDING_RESOURCE_GATE,COMPLETE_BASE_INSTANCE
C,3,12,comb,8,0.25,2,0.01,ed7ddd383248525e905654a0e9e03c567779701df2f43aedb4a286e6b1da2e71,9ac1d9c3daad3a09f95a893e78279488076c5ae0796972c11dd82ac78769aacb,12,2,11.989553461058371,12.0,0.6591753563310361,11.0,True,False,10,0,EXTENDED_PENDING_RESOURCE_GATE,COMPLETE_BASE_INSTANCE
C,3,12,comb,8,0.25,2,0.1,821a9265c37f983f40a7af71dd768886db1cf18b35a85bfa2cec6a7a7ada2d2e,9ac1d9c3daad3a09f95a893e78279488076c5ae0796972c11dd82ac78769aacb,12,2,10.989116686439175,12.0,5.80995641753,11.0,True,False,10,0,EXTENDED_PENDING_RESOURCE_GATE,COMPLETE_BASE_INSTANCE
C,3,12,comb,8,0.25,2,0.5,04573b8cb46e59475fa134a5562e00ff7854b30902e70cee533fe2b26ea018fb,9ac1d9c3daad3a09f95a893e78279488076c5ae0796972c11dd82ac78769aacb,12,2,1.6440429687499998,12.0,1.6440429687499998,11.0,True,False,10,0,EXTENDED_PENDING_RESOURCE_GATE,COMPLETE_BASE_INSTANCE
C,3,12,comb,8,0.5,4,0.0001,b7829b75e449a7663e8bd8bd8c983a49d5bfd37fb3b9e8ca2adba2a20bacb276,9ac1d9c3daad3a09f95a893e78279488076c5ae0796972c11dd82ac78769aacb,12,2,11.999998955000034,12.0,0.006599999175000035,11.0,True,False,10,0,EXTENDED_PENDING_RESOURCE_GATE,COMPLETE_BASE_INSTANCE
C,3,12,comb,8,0.5,4,0.01,c3cf4661f2e382a3a8b3c1b65f21c55566d5eabdc8b3d1d6beed614983e68cad,9ac1d9c3daad3a09f95a893e78279488076c5ae0796972c11dd82ac78769aacb,12,2,11.989553461058371,12.0,0.6591753563310361,11.0,True,False,10,0,EXTENDED_PENDING_RESOURCE_GATE,COMPLETE_BASE_INSTANCE
C,3,12,comb,8,0.5,4,0.1,69d099ccc756bcbe240dd8823bd9ed871020926d2c7e0b0b99f7ff453128f7a0,9ac1d9c3daad3a09f95a893e78279488076c5ae0796972c11dd82ac78769aacb,12,2,10.989116686439175,12.0,5.80995641753,11.0,True,False,10,0,EXTENDED_PENDING_RESOURCE_GATE,COMPLETE_BASE_INSTANCE
C,3,12,comb,8,0.5,4,0.5,da0787735dc06ab2ababc83275da7b059c34fe90572c5b260c313c87a0dbb979,9ac1d9c3daad3a09f95a893e78279488076c5ae0796972c11dd82ac78769aacb,12,2,1.6440429687499998,12.0,1.6440429687499998,11.0,True,False,10,0,EXTENDED_PENDING_RESOURCE_GATE,COMPLETE_BASE_INSTANCE
C,3,12,comb,8,0.75,6,0.0001,4e6894d88dc4732957c688b32b94ce31a7c75bd58f3758e46acb7030cca5e115,9ac1d9c3daad3a09f95a893e78279488076c5ae0796972c11dd82ac78769aacb,12,2,11.999998955000034,12.0,0.006599999175000035,11.0,True,False,10,0,EXTENDED_PENDING_RESOURCE_GATE,COMPLETE_BASE_INSTANCE
C,3,12,comb,8,0.75,6,0.01,73ba2f223d08c76d4cc731b35fffe1f9018615c0fbfc71170c7577d06c7f0a11,9ac1d9c3daad3a09f95a893e78279488076c5ae0796972c11dd82ac78769aacb,12,2,11.989553461058371,12.0,0.6591753563310361,11.0,True,False,10,0,EXTENDED_PENDING_RESOURCE_GATE,COMPLETE_BASE_INSTANCE
C,3,12,comb,8,0.75,6,0.1,451c3a62e9498142c04002ffcd2d21f54184f1cc67871e911fd3ac1410ea3862,9ac1d9c3daad3a09f95a893e78279488076c5ae0796972c11dd82ac78769aacb,12,2,10.989116686439175,12.0,5.80995641753,11.0,True,False,10,0,EXTENDED_PENDING_RESOURCE_GATE,COMPLETE_BASE_INSTANCE
C,3,12,comb,8,0.75,6,0.5,dfba29ff19bd908bcfbd89ec6757e3304c819b13ed44405be4b03723bd5722b6,9ac1d9c3daad3a09f95a893e78279488076c5ae0796972c11dd82ac78769aacb,12,2,1.6440429687499998,12.0,1.6440429687499998,11.0,True,False,10,0,EXTENDED_PENDING_RESOURCE_GATE,COMPLETE_BASE_INSTANCE
C,3,12,comb,16,0.125,2,0.0001,2ef6306a235b0ad549ba0e360e7af30ba1e8b18b29e57f5baecd55ba9e2d8373,9ac1d9c3daad3a09f95a893e78279488076c5ae0796972c11dd82ac78769aacb,12,2,11.999998955000034,12.0,0.006599999175000035,11.0,True,False,10,0,EXTENDED_PENDING_RESOURCE_GATE,COMPLETE_BASE_INSTANCE
C,3,12,comb,16,0.125,2,0.01,75ef97f71f31d11080181adb86075903152333746e918eb74ad6ac959e0eb4d2,9ac1d9c3daad3a09f95a893e78279488076c5ae0796972c11dd82ac78769aacb,12,2,11.989553461058371,12.0,0.6591753563310361,11.0,True,False,10,0,EXTENDED_PENDING_RESOURCE_GATE,COMPLETE_BASE_INSTANCE
C,3,12,comb,16,0.125,2,0.1,41fdfcb776c1f5b8e26fa02eae187bcc05a6c696b0e246a1f362c8b65e0488c2,9ac1d9c3daad3a09f95a893e78279488076c5ae0796972c11dd82ac78769aacb,12,2,10.989116686439175,12.0,5.80995641753,11.0,True,False,10,0,EXTENDED_PENDING_RESOURCE_GATE,COMPLETE_BASE_INSTANCE
C,3,12,comb,16,0.125,2,0.5,a78f9e94dd65c64c095a9a350a46c7971da946439f9a932b23ae5a371344397a,9ac1d9c3daad3a09f95a893e78279488076c5ae0796972c11dd82ac78769aacb,12,2,1.6440429687499998,12.0,1.6440429687499998,11.0,True,False,10,0,EXTENDED_PENDING_RESOURCE_GATE,COMPLETE_BASE_INSTANCE
C,3,12,comb,16,0.25,4,0.0001,17f8e46d76cba4c163d67be14a36eee3f29c31aafafe97f8b20dc459725beb60,9ac1d9c3daad3a09f95a893e78279488076c5ae0796972c11dd82ac78769aacb,12,2,11.999998955000034,12.0,0.006599999175000035,11.0,True,False,10,0,EXTENDED_PENDING_RESOURCE_GATE,COMPLETE_BASE_INSTANCE
C,3,12,comb,16,0.25,4,0.01,6b12861884c840443f5eda93e941531f1636be33b6506fe1b987c30050ed83b2,9ac1d9c3daad3a09f95a893e78279488076c5ae0796972c11dd82ac78769aacb,12,2,11.989553461058371,12.0,0.6591753563310361,11.0,True,False,10,0,EXTENDED_PENDING_RESOURCE_GATE,COMPLETE_BASE_INSTANCE
C,3,12,comb,16,0.25,4,0.1,fd56e8b855a32e41782d1a67194bf2e21bafc9dd2cab674b33715367783ce91f,9ac1d9c3daad3a09f95a893e78279488076c5ae0796972c11dd82ac78769aacb,12,2,10.989116686439175,12.0,5.80995641753,11.0,True,False,10,0,EXTENDED_PENDING_RESOURCE_GATE,COMPLETE_BASE_INSTANCE
C,3,12,comb,16,0.25,4,0.5,7dc504417dcd6e752cd95200f02ee0420f57735833c0d1497c5515839ca241b4,9ac1d9c3daad3a09f95a893e78279488076c5ae0796972c11dd82ac78769aacb,12,2,1.6440429687499998,12.0,1.6440429687499998,11.0,True,False,10,0,EXTENDED_PENDING_RESOURCE_GATE,COMPLETE_BASE_INSTANCE
C,3,12,comb,16,0.5,8,0.0001,4a2e69fc733d2bc921f3183aeb2da17d1c76cad47682ad090ce8b785db229210,9ac1d9c3daad3a09f95a893e78279488076c5ae0796972c11dd82ac78769aacb,12,2,11.999998955000034,12.0,0.006599999175000035,11.0,True,False,10,0,EXTENDED_PENDING_RESOURCE_GATE,COMPLETE_BASE_INSTANCE
C,3,12,comb,16,0.5,8,0.01,7f400a34cb34750a56b373f05bf1d3eda19f3ccd8e41e0456afa2005703e39b0,9ac1d9c3daad3a09f95a893e78279488076c5ae0796972c11dd82ac78769aacb,12,2,11.989553461058371,12.0,0.6591753563310361,11.0,True,False,10,0,EXTENDED_PENDING_RESOURCE_GATE,COMPLETE_BASE_INSTANCE
C,3,12,comb,16,0.5,8,0.1,b2127d848e1f54335611440fc9b1ce1ade23210082c139b0fcb7bc602d606ff3,9ac1d9c3daad3a09f95a893e78279488076c5ae0796972c11dd82ac78769aacb,12,2,10.989116686439175,12.0,5.80995641753,11.0,True,False,10,0,EXTENDED_PENDING_RESOURCE_GATE,COMPLETE_BASE_INSTANCE
C,3,12,comb,16,0.5,8,0.5,6a44e6ead2ebecf1fde06c5a988f2e63bbe234c0dc0d67f5878761fc3275b998,9ac1d9c3daad3a09f95a893e78279488076c5ae0796972c11dd82ac78769aacb,12,2,1.6440429687499998,12.0,1.6440429687499998,11.0,True,False,10,0,EXTENDED_PENDING_RESOURCE_GATE,COMPLETE_BASE_INSTANCE
C,3,12,comb,16,0.75,12,0.0001,e656273b369cdaf1ef231f71edc67f466e8f1d5d0e0764f3733eadb898307c0d,9ac1d9c3daad3a09f95a893e78279488076c5ae0796972c11dd82ac78769aacb,12,2,11.999998955000034,12.0,0.006599999175000035,11.0,True,False,10,0,EXTENDED_PENDING_RESOURCE_GATE,COMPLETE_BASE_INSTANCE
C,3,12,comb,16,0.75,12,0.01,d2b857c97beae7beea8508eb8297dc584a95655082c642e5d40462e0de762422,9ac1d9c3daad3a09f95a893e78279488076c5ae0796972c11dd82ac78769aacb,12,2,11.989553461058371,12.0,0.6591753563310361,11.0,True,False,10,0,EXTENDED_PENDING_RESOURCE_GATE,COMPLETE_BASE_INSTANCE
C,3,12,comb,16,0.75,12,0.1,65e1cc25997da985114edcd8abc1c3ae234401d4b82863181af514da3ff30817,9ac1d9c3daad3a09f95a893e78279488076c5ae0796972c11dd82ac78769aacb,12,2,10.989116686439175,12.0,5.80995641753,11.0,True,False,10,0,EXTENDED_PENDING_RESOURCE_GATE,COMPLETE_BASE_INSTANCE
C,3,12,comb,16,0.75,12,0.5,8ff87b217556c7b6a393a231138e6d6c72537f34878656529382c40dcb93f581,9ac1d9c3daad3a09f95a893e78279488076c5ae0796972c11dd82ac78769aacb,12,2,1.6440429687499998,12.0,1.6440429687499998,11.0,True,False,10,0,EXTENDED_PENDING_RESOURCE_GATE,COMPLETE_BASE_INSTANCE
C,3,12,comb,32,0.125,4,0.0001,e021e26d5466155091f243ec7f1bbbad7160f0bf842bb5bb4ef593a55a04f537,9ac1d9c3daad3a09f95a893e78279488076c5ae0796972c11dd82ac78769aacb,12,2,11.999998955000034,12.0,0.006599999175000035,11.0,True,False,10,0,EXTENDED_PENDING_RESOURCE_GATE,COMPLETE_BASE_INSTANCE
C,3,12,comb,32,0.125,4,0.01,b10c839180d7fe6f0e1b1740a613df80da1d04177ace6be36ef40d76ddfc7628,9ac1d9c3daad3a09f95a893e78279488076c5ae0796972c11dd82ac78769aacb,12,2,11.989553461058371,12.0,0.6591753563310361,11.0,True,False,10,0,EXTENDED_PENDING_RESOURCE_GATE,COMPLETE_BASE_INSTANCE
C,3,12,comb,32,0.125,4,0.1,52ca24069c747738b08e398e906d3606192629d8b6962edd41ab2918eed6a98a,9ac1d9c3daad3a09f95a893e78279488076c5ae0796972c11dd82ac78769aacb,12,2,10.989116686439175,12.0,5.80995641753,11.0,True,False,10,0,EXTENDED_PENDING_RESOURCE_GATE,COMPLETE_BASE_INSTANCE
C,3,12,comb,32,0.125,4,0.5,3ddba7bef18f574acfa94cb7e5ac47ef27e230a342797f189d2cb818e2317321,9ac1d9c3daad3a09f95a893e78279488076c5ae0796972c11dd82ac78769aacb,12,2,1.6440429687499998,12.0,1.6440429687499998,11.0,True,False,10,0,EXTENDED_PENDING_RESOURCE_GATE,COMPLETE_BASE_INSTANCE
C,3,12,comb,32,0.25,8,0.0001,2e2b8155762983d67913cbfe77270f60a5c91e8313d5d7eab233247b18ce002a,9ac1d9c3daad3a09f95a893e78279488076c5ae0796972c11dd82ac78769aacb,12,2,11.999998955000034,12.0,0.006599999175000035,11.0,True,False,10,0,EXTENDED_PENDING_RESOURCE_GATE,COMPLETE_BASE_INSTANCE
C,3,12,comb,32,0.25,8,0.01,5ec52f331100deeaf55a697d7b833270235be6c6b52f3ed908bcf1815a1da97a,9ac1d9c3daad3a09f95a893e78279488076c5ae0796972c11dd82ac78769aacb,12,2,11.989553461058371,12.0,0.6591753563310361,11.0,True,False,10,0,EXTENDED_PENDING_RESOURCE_GATE,COMPLETE_BASE_INSTANCE
C,3,12,comb,32,0.25,8,0.1,002befd482ca7d23a6d7553569ab31b1a3aed2ea59d90e64f46c35341cdd8e5d,9ac1d9c3daad3a09f95a893e78279488076c5ae0796972c11dd82ac78769aacb,12,2,10.989116686439175,12.0,5.80995641753,11.0,True,False,10,0,EXTENDED_PENDING_RESOURCE_GATE,COMPLETE_BASE_INSTANCE
C,3,12,comb,32,0.25,8,0.5,0dbf0f48b356a9a7c1aab2bcf4c505938c0770001c1c56846074050bffd5294b,9ac1d9c3daad3a09f95a893e78279488076c5ae0796972c11dd82ac78769aacb,12,2,1.6440429687499998,12.0,1.6440429687499998,11.0,True,False,10,0,EXTENDED_PENDING_RESOURCE_GATE,COMPLETE_BASE_INSTANCE
C,3,12,comb,32,0.5,16,0.0001,b51995f752b9812531c8fa97f32db87628b91d611d5535ae39e7694700217d1b,9ac1d9c3daad3a09f95a893e78279488076c5ae0796972c11dd82ac78769aacb,12,2,11.999998955000034,12.0,0.006599999175000035,11.0,True,False,10,0,EXTENDED_PENDING_RESOURCE_GATE,COMPLETE_BASE_INSTANCE
C,3,12,comb,32,0.5,16,0.01,6cb20f813c1774a4e6464bd3f93ef02775b5a2559428ad3872ed4b4f4e73904b,9ac1d9c3daad3a09f95a893e78279488076c5ae0796972c11dd82ac78769aacb,12,2,11.989553461058371,12.0,0.6591753563310361,11.0,True,False,10,0,EXTENDED_PENDING_RESOURCE_GATE,COMPLETE_BASE_INSTANCE
C,3,12,comb,32,0.5,16,0.1,f33ba7087aa7eee06b5a14797b3f66a10a4e63953c449d73a15c76142c6ae5bb,9ac1d9c3daad3a09f95a893e78279488076c5ae0796972c11dd82ac78769aacb,12,2,10.989116686439175,12.0,5.80995641753,11.0,True,False,10,0,EXTENDED_PENDING_RESOURCE_GATE,COMPLETE_BASE_INSTANCE
C,3,12,comb,32,0.5,16,0.5,e99d0f39ea805877185a51bfff22e4a86270058793c949c59d64ead8c37fca8a,9ac1d9c3daad3a09f95a893e78279488076c5ae0796972c11dd82ac78769aacb,12,2,1.6440429687499998,12.0,1.6440429687499998,11.0,True,False,10,0,EXTENDED_PENDING_RESOURCE_GATE,COMPLETE_BASE_INSTANCE
C,3,12,comb,32,0.75,24,0.0001,c749bd52e154b722343907813fca2a8bca39ec40769a77151d925958be906de1,9ac1d9c3daad3a09f95a893e78279488076c5ae0796972c11dd82ac78769aacb,12,2,11.999998955000034,12.0,0.006599999175000035,11.0,True,False,10,0,EXTENDED_PENDING_RESOURCE_GATE,COMPLETE_BASE_INSTANCE
C,3,12,comb,32,0.75,24,0.01,0dfcc44f1761c900c278c1f9066e7719377626c5faf6fd91a1e38774f3d69273,9ac1d9c3daad3a09f95a893e78279488076c5ae0796972c11dd82ac78769aacb,12,2,11.989553461058371,12.0,0.6591753563310361,11.0,True,False,10,0,EXTENDED_PENDING_RESOURCE_GATE,COMPLETE_BASE_INSTANCE
C,3,12,comb,32,0.75,24,0.1,eb836341dd0fa86a5edeb06285c10965495b48d1bbcdcf8947f3b01b3313fc0b,9ac1d9c3daad3a09f95a893e78279488076c5ae0796972c11dd82ac78769aacb,12,2,10.989116686439175,12.0,5.80995641753,11.0,True,False,10,0,EXTENDED_PENDING_RESOURCE_GATE,COMPLETE_BASE_INSTANCE
C,3,12,comb,32,0.75,24,0.5,e5b4f63473e2b6fe417cccacc55ee79501788882864399f6c2eacd221e0a2838,9ac1d9c3daad3a09f95a893e78279488076c5ae0796972c11dd82ac78769aacb,12,2,1.6440429687499998,12.0,1.6440429687499998,11.0,True,False,10,0,EXTENDED_PENDING_RESOURCE_GATE,COMPLETE_BASE_INSTANCE
C,3,12,comb,64,0.125,8,0.0001,44ee6da26b0e5178cbf3317544b69e3f3c63aba1c6c3910ebe4ac2e021204533,9ac1d9c3daad3a09f95a893e78279488076c5ae0796972c11dd82ac78769aacb,12,2,11.999998955000034,12.0,0.006599999175000035,11.0,True,False,10,0,EXTENDED_PENDING_RESOURCE_GATE,COMPLETE_BASE_INSTANCE
C,3,12,comb,64,0.125,8,0.01,83aee676d396eb462c007ee999b047a1636d2b13ada2dd48e727ff57a3f92c3c,9ac1d9c3daad3a09f95a893e78279488076c5ae0796972c11dd82ac78769aacb,12,2,11.989553461058371,12.0,0.6591753563310361,11.0,True,False,10,0,EXTENDED_PENDING_RESOURCE_GATE,COMPLETE_BASE_INSTANCE
C,3,12,comb,64,0.125,8,0.1,5964ce101714d4f844ebc4c849832464be4e704ad47d9ab528eeb6eca5efaa71,9ac1d9c3daad3a09f95a893e78279488076c5ae0796972c11dd82ac78769aacb,12,2,10.989116686439175,12.0,5.80995641753,11.0,True,False,10,0,EXTENDED_PENDING_RESOURCE_GATE,COMPLETE_BASE_INSTANCE
C,3,12,comb,64,0.125,8,0.5,c57b7e54e6feddca8dc2ad0ae9aa610c9e8c56d03446578b3b0aba9291ae5b25,9ac1d9c3daad3a09f95a893e78279488076c5ae0796972c11dd82ac78769aacb,12,2,1.6440429687499998,12.0,1.6440429687499998,11.0,True,False,10,0,EXTENDED_PENDING_RESOURCE_GATE,COMPLETE_BASE_INSTANCE
C,3,12,comb,64,0.25,16,0.0001,7011a2a9565f7808a743d0bc5dfb69f2b5bb5794e01f6adca66896af9b770f34,9ac1d9c3daad3a09f95a893e78279488076c5ae0796972c11dd82ac78769aacb,12,2,11.999998955000034,12.0,0.006599999175000035,11.0,True,False,10,0,EXTENDED_PENDING_RESOURCE_GATE,COMPLETE_BASE_INSTANCE
C,3,12,comb,64,0.25,16,0.01,4c7ea202afd50313a1a55abd2f0c8933b0edaa56f2c714c11da9586921cf605d,9ac1d9c3daad3a09f95a893e78279488076c5ae0796972c11dd82ac78769aacb,12,2,11.989553461058371,12.0,0.6591753563310361,11.0,True,False,10,0,EXTENDED_PENDING_RESOURCE_GATE,COMPLETE_BASE_INSTANCE
C,3,12,comb,64,0.25,16,0.1,282999c366424596bb5aa4756ae85cc6e8c4766d4e6b5d19c770b1a285456005,9ac1d9c3daad3a09f95a893e78279488076c5ae0796972c11dd82ac78769aacb,12,2,10.989116686439175,12.0,5.80995641753,11.0,True,False,10,0,EXTENDED_PENDING_RESOURCE_GATE,COMPLETE_BASE_INSTANCE
C,3,12,comb,64,0.25,16,0.5,8f314fbe149368191e4707d894754c07891d76914effc5b0657602dc84c5776a,9ac1d9c3daad3a09f95a893e78279488076c5ae0796972c11dd82ac78769aacb,12,2,1.6440429687499998,12.0,1.6440429687499998,11.0,True,False,10,0,EXTENDED_PENDING_RESOURCE_GATE,COMPLETE_BASE_INSTANCE
C,3,12,comb,64,0.5,32,0.0001,16341747a0f0c0b69f7df73465e2545be8f99dfbd2d326f2c296ef5b6e9a7cf7,9ac1d9c3daad3a09f95a893e78279488076c5ae0796972c11dd82ac78769aacb,12,2,11.999998955000034,12.0,0.006599999175000035,11.0,True,False,10,0,EXTENDED_PENDING_RESOURCE_GATE,COMPLETE_BASE_INSTANCE
C,3,12,comb,64,0.5,32,0.01,711d01e6fe1219ba98e0df2b0cdc19fa8707de28fc79b54b3b932da8431d64dc,9ac1d9c3daad3a09f95a893e78279488076c5ae0796972c11dd82ac78769aacb,12,2,11.989553461058371,12.0,0.6591753563310361,11.0,True,False,10,0,EXTENDED_PENDING_RESOURCE_GATE,COMPLETE_BASE_INSTANCE
C,3,12,comb,64,0.5,32,0.1,45011bfd0e4ebfc8d0ff3d2b2e85d730b4e4de8467d8ec50d0fbca74d31ee538,9ac1d9c3daad3a09f95a893e78279488076c5ae0796972c11dd82ac78769aacb,12,2,10.989116686439175,12.0,5.80995641753,11.0,True,False,10,0,EXTENDED_PENDING_RESOURCE_GATE,COMPLETE_BASE_INSTANCE
C,3,12,comb,64,0.5,32,0.5,cc7359d64962879ffa3b71ace79fda66ab4887809c958bd25ccd88e79af22f9b,9ac1d9c3daad3a09f95a893e78279488076c5ae0796972c11dd82ac78769aacb,12,2,1.6440429687499998,12.0,1.6440429687499998,11.0,True,False,10,0,EXTENDED_PENDING_RESOURCE_GATE,COMPLETE_BASE_INSTANCE
C,3,12,comb,64,0.75,48,0.0001,151a76c2cf3cac4e4a749583145acfaf399d6a23d76508577496c6a25168a82d,9ac1d9c3daad3a09f95a893e78279488076c5ae0796972c11dd82ac78769aacb,12,2,11.999998955000034,12.0,0.006599999175000035,11.0,True,False,10,0,EXTENDED_PENDING_RESOURCE_GATE,COMPLETE_BASE_INSTANCE
C,3,12,comb,64,0.75,48,0.01,b19fc06ee61ccdbda5aba1cbacb8a1bf7c8f120a9270ace7c66200e5cf01d330,9ac1d9c3daad3a09f95a893e78279488076c5ae0796972c11dd82ac78769aacb,12,2,11.989553461058371,12.0,0.6591753563310361,11.0,True,False,10,0,EXTENDED_PENDING_RESOURCE_GATE,COMPLETE_BASE_INSTANCE
C,3,12,comb,64,0.75,48,0.1,120986c8ccc7269526ca3df10ceef221e94c5b2e3a730eeafc41ec3908810af2,9ac1d9c3daad3a09f95a893e78279488076c5ae0796972c11dd82ac78769aacb,12,2,10.989116686439175,12.0,5.80995641753,11.0,True,False,10,0,EXTENDED_PENDING_RESOURCE_GATE,COMPLETE_BASE_INSTANCE
C,3,12,comb,64,0.75,48,0.5,6a1a7eb82c5d7e49335865b200754a1f425f7a46f7708cf5a0e461b33d886bc7,9ac1d9c3daad3a09f95a893e78279488076c5ae0796972c11dd82ac78769aacb,12,2,1.6440429687499998,12.0,1.6440429687499998,11.0,True,False,10,0,EXTENDED_PENDING_RESOURCE_GATE,COMPLETE_BASE_INSTANCE
C,3,12,balanced,2,0.125,1,0.0001,66c3c666031dba9393a4e6e91c95e4b44669708e013acac21bb4fef559e2e952,d24ee99c907a44ea9159e73642bdace47137591b9472886113b6f4b5257e261f,3,4,2.9999998066666715,12.0,0.0004999999680000008,11.0,True,False,10,0,EXTENDED_PENDING_RESOURCE_GATE,COMPLETE_BASE_INSTANCE
C,3,12,balanced,2,0.125,1,0.01,6e9345263f9c6ce628b51adcd00f20ae688cdb7125af313c67a9ef33a0c27689,d24ee99c907a44ea9159e73642bdace47137591b9472886113b6f4b5257e261f,3,4,2.998067166971502,12.0,0.04996800809899006,11.0,True,False,10,0,EXTENDED_PENDING_RESOURCE_GATE,COMPLETE_BASE_INSTANCE
C,3,12,balanced,2,0.125,1,0.1,0d6c93324d22f004ee948d0b64dbbba0228631b40887aa27fbcef53cc03a1c0c,d24ee99c907a44ea9159e73642bdace47137591b9472886113b6f4b5257e261f,3,4,2.811605278355874,12.0,0.46879996184999995,11.0,True,False,10,0,EXTENDED_PENDING_RESOURCE_GATE,COMPLETE_BASE_INSTANCE
C,3,12,balanced,2,0.125,1,0.5,0517415dc66a73ae55128a6061e7f53d23fe767c61823689c953c003f4e0db60,d24ee99c907a44ea9159e73642bdace47137591b9472886113b6f4b5257e261f,3,4,0.4313137836556043,12.0,0.35595703124999994,11.0,True,False,10,0,EXTENDED_PENDING_RESOURCE_GATE,COMPLETE_BASE_INSTANCE
C,3,12,balanced,2,0.25,1,0.0001,fb3839d2fc8924581fec1f2a5170b2dcbb422a6142237c7a26c7e0c4193cb2e0,d24ee99c907a44ea9159e73642bdace47137591b9472886113b6f4b5257e261f,3,4,2.9999998066666715,12.0,0.0004999999680000008,11.0,True,False,10,0,EXTENDED_PENDING_RESOURCE_GATE,COMPLETE_BASE_INSTANCE
C,3,12,balanced,2,0.25,1,0.01,025d63ec1e837fd863616c44725503283b2c090994530c35a1b9b74be40e9845,d24ee99c907a44ea9159e73642bdace47137591b9472886113b6f4b5257e261f,3,4,2.998067166971502,12.0,0.04996800809899006,11.0,True,False,10,0,EXTENDED_PENDING_RESOURCE_GATE,COMPLETE_BASE_INSTANCE
C,3,12,balanced,2,0.25,1,0.1,e9fb9ac2094ab525f90ef786e3c785f52e0f520ba6bc4aab15222c68bd1d9677,d24ee99c907a44ea9159e73642bdace47137591b9472886113b6f4b5257e261f,3,4,2.811605278355874,12.0,0.46879996184999995,11.0,True,False,10,0,EXTENDED_PENDING_RESOURCE_GATE,COMPLETE_BASE_INSTANCE
C,3,12,balanced,2,0.25,1,0.5,d70fdc945cc63dc36871af20abb8915e704c8ace332ad3db0ea33bf568864598,d24ee99c907a44ea9159e73642bdace47137591b9472886113b6f4b5257e261f,3,4,0.4313137836556043,12.0,0.35595703124999994,11.0,True,False,10,0,EXTENDED_PENDING_RESOURCE_GATE,COMPLETE_BASE_INSTANCE
C,3,12,balanced,2,0.5,1,0.0001,7616dbeffb3d7ade5e6070b96d4369cf63cc591e93fab1f75f88bd1c40b47655,d24ee99c907a44ea9159e73642bdace47137591b9472886113b6f4b5257e261f,3,4,2.9999998066666715,12.0,0.0004999999680000008,11.0,True,False,10,0,EXTENDED_PENDING_RESOURCE_GATE,COMPLETE_BASE_INSTANCE
C,3,12,balanced,2,0.5,1,0.01,6f27b9013b8febf062118ddc919da1b65c5c191f4660ca854a205ab7d9da5483,d24ee99c907a44ea9159e73642bdace47137591b9472886113b6f4b5257e261f,3,4,2.998067166971502,12.0,0.04996800809899006,11.0,True,False,10,0,EXTENDED_PENDING_RESOURCE_GATE,COMPLETE_BASE_INSTANCE
C,3,12,balanced,2,0.5,1,0.1,dd57339c10064a8a4f31bab07f1c28d2a64a89351a76935c6de81c9535a1e1f8,d24ee99c907a44ea9159e73642bdace47137591b9472886113b6f4b5257e261f,3,4,2.811605278355874,12.0,0.46879996184999995,11.0,True,False,10,0,EXTENDED_PENDING_RESOURCE_GATE,COMPLETE_BASE_INSTANCE
C,3,12,balanced,2,0.5,1,0.5,abdcdf41a6b393925ca5cfd0129c9ceb9a1e5f04676a93416b446a7b88c3856f,d24ee99c907a44ea9159e73642bdace47137591b9472886113b6f4b5257e261f,3,4,0.4313137836556043,12.0,0.35595703124999994,11.0,True,False,10,0,EXTENDED_PENDING_RESOURCE_GATE,COMPLETE_BASE_INSTANCE
C,3,12,balanced,2,0.75,1,0.0001,b697cc21cb3c8e8a3282e3f8943b6cd625b94c39e419ec8c68bc10cf9a4f663a,d24ee99c907a44ea9159e73642bdace47137591b9472886113b6f4b5257e261f,3,4,2.9999998066666715,12.0,0.0004999999680000008,11.0,True,False,10,0,EXTENDED_PENDING_RESOURCE_GATE,COMPLETE_BASE_INSTANCE
C,3,12,balanced,2,0.75,1,0.01,62b21af3758a77030112b5538e5c1920bbe0a18bb5855a79d847773ebf791879,d24ee99c907a44ea9159e73642bdace47137591b9472886113b6f4b5257e261f,3,4,2.998067166971502,12.0,0.04996800809899006,11.0,True,False,10,0,EXTENDED_PENDING_RESOURCE_GATE,COMPLETE_BASE_INSTANCE
C,3,12,balanced,2,0.75,1,0.1,a5a15fabc4ac54b367c7c3e44396a06b1f6ed693e62fa7ef71b92c93f6f2047f,d24ee99c907a44ea9159e73642bdace47137591b9472886113b6f4b5257e261f,3,4,2.811605278355874,12.0,0.46879996184999995,11.0,True,False,10,0,EXTENDED_PENDING_RESOURCE_GATE,COMPLETE_BASE_INSTANCE
C,3,12,balanced,2,0.75,1,0.5,0c16698aa0355cd39ec004103a9c57f879be8e314d6898b2bf6f508dc4f98da3,d24ee99c907a44ea9159e73642bdace47137591b9472886113b6f4b5257e261f,3,4,0.4313137836556043,12.0,0.35595703124999994,11.0,True,False,10,0,EXTENDED_PENDING_RESOURCE_GATE,COMPLETE_BASE_INSTANCE
C,3,12,balanced,4,0.125,1,0.0001,be613cb82cd3ec8a586d554f10430913d916ddbb2b937f194f658bf2d398731c,d24ee99c907a44ea9159e73642bdace47137591b9472886113b6f4b5257e261f,3,4,2.9999998066666715,12.0,0.0004999999680000008,11.0,True,False,10,0,EXTENDED_PENDING_RESOURCE_GATE,COMPLETE_BASE_INSTANCE
C,3,12,balanced,4,0.125,1,0.01,532b01c0e04ee810baf0baedb06deb5a0f410ae4055c3a61ae5131effe5d5382,d24ee99c907a44ea9159e73642bdace47137591b9472886113b6f4b5257e261f,3,4,2.998067166971502,12.0,0.04996800809899006,11.0,True,False,10,0,EXTENDED_PENDING_RESOURCE_GATE,COMPLETE_BASE_INSTANCE
C,3,12,balanced,4,0.125,1,0.1,a197a1437c206a7d1716c340a97f054cef08b9af31015aee5d8fe47a956c5d44,d24ee99c907a44ea9159e73642bdace47137591b9472886113b6f4b5257e261f,3,4,2.811605278355874,12.0,0.46879996184999995,11.0,True,False,10,0,EXTENDED_PENDING_RESOURCE_GATE,COMPLETE_BASE_INSTANCE
C,3,12,balanced,4,0.125,1,0.5,7bd1401a3cecaaec7bdfb18fc69952145be939ee8259dc364d738ad6e4edd1b9,d24ee99c907a44ea9159e73642bdace47137591b9472886113b6f4b5257e261f,3,4,0.4313137836556043,12.0,0.35595703124999994,11.0,True,False,10,0,EXTENDED_PENDING_RESOURCE_GATE,COMPLETE_BASE_INSTANCE
C,3,12,balanced,4,0.25,1,0.0001,5cb3a0be4883f5851ed58a68bca6d98d467ae3e0d4ae1f6e30ec412764d72cb2,d24ee99c907a44ea9159e73642bdace47137591b9472886113b6f4b5257e261f,3,4,2.9999998066666715,12.0,0.0004999999680000008,11.0,True,False,10,0,EXTENDED_PENDING_RESOURCE_GATE,COMPLETE_BASE_INSTANCE
C,3,12,balanced,4,0.25,1,0.01,1f5291b908ea63c4a32d2c6f891d739e4322d59a2d7a80859130f765038e58e2,d24ee99c907a44ea9159e73642bdace47137591b9472886113b6f4b5257e261f,3,4,2.998067166971502,12.0,0.04996800809899006,11.0,True,False,10,0,EXTENDED_PENDING_RESOURCE_GATE,COMPLETE_BASE_INSTANCE
C,3,12,balanced,4,0.25,1,0.1,1c845b277cabedf2ca7c680eb08559f0a944e945f3f771a29893804d82880d3d,d24ee99c907a44ea9159e73642bdace47137591b9472886113b6f4b5257e261f,3,4,2.811605278355874,12.0,0.46879996184999995,11.0,True,False,10,0,EXTENDED_PENDING_RESOURCE_GATE,COMPLETE_BASE_INSTANCE
C,3,12,balanced,4,0.25,1,0.5,4ac88e33ce83ebd7cbbf5b3bc7811305e785345d706bbc1e17a5f6f62a1c1c26,d24ee99c907a44ea9159e73642bdace47137591b9472886113b6f4b5257e261f,3,4,0.4313137836556043,12.0,0.35595703124999994,11.0,True,False,10,0,EXTENDED_PENDING_RESOURCE_GATE,COMPLETE_BASE_INSTANCE
C,3,12,balanced,4,0.5,2,0.0001,4ea8a1d5262b6c658bd1c18a58c4cc6f86d4aeb0c4edd2be03edb1a63771f290,d24ee99c907a44ea9159e73642bdace47137591b9472886113b6f4b5257e261f,3,4,2.9999998066666715,12.0,0.0004999999680000008,11.0,True,False,10,0,EXTENDED_PENDING_RESOURCE_GATE,COMPLETE_BASE_INSTANCE
C,3,12,balanced,4,0.5,2,0.01,3db75baef6df243cf98baf152dfc7b56f0a6714747b4e8261b0d033f75c6c7cc,d24ee99c907a44ea9159e73642bdace47137591b9472886113b6f4b5257e261f,3,4,2.998067166971502,12.0,0.04996800809899006,11.0,True,False,10,0,EXTENDED_PENDING_RESOURCE_GATE,COMPLETE_BASE_INSTANCE
C,3,12,balanced,4,0.5,2,0.1,784aace62c745483fec458fed75816307588aa59bc95534715a6a6a19cf6e6ce,d24ee99c907a44ea9159e73642bdace47137591b9472886113b6f4b5257e261f,3,4,2.811605278355874,12.0,0.46879996184999995,11.0,True,False,10,0,EXTENDED_PENDING_RESOURCE_GATE,COMPLETE_BASE_INSTANCE
C,3,12,balanced,4,0.5,2,0.5,b217cebc53d0e9db182d785ea76d1910a933c184398811ebe29dd82593dfada7,d24ee99c907a44ea9159e73642bdace47137591b9472886113b6f4b5257e261f,3,4,0.4313137836556043,12.0,0.35595703124999994,11.0,True,False,10,0,EXTENDED_PENDING_RESOURCE_GATE,COMPLETE_BASE_INSTANCE
C,3,12,balanced,4,0.75,3,0.0001,20ebce5aa1807d82c9186e88d664b66f07225f5c6253d804b404f6dbd8055f26,d24ee99c907a44ea9159e73642bdace47137591b9472886113b6f4b5257e261f,3,4,2.9999998066666715,12.0,0.0004999999680000008,11.0,True,False,10,0,EXTENDED_PENDING_RESOURCE_GATE,COMPLETE_BASE_INSTANCE
C,3,12,balanced,4,0.75,3,0.01,41fcb3d4f59a32ff7ecef3f582e430ae76ed3fbfb9cd1b8c7b173e24e89d40b8,d24ee99c907a44ea9159e73642bdace47137591b9472886113b6f4b5257e261f,3,4,2.998067166971502,12.0,0.04996800809899006,11.0,True,False,10,0,EXTENDED_PENDING_RESOURCE_GATE,COMPLETE_BASE_INSTANCE
C,3,12,balanced,4,0.75,3,0.1,205b0fc106c0d9724a8106267003c6a150f81b30900319a4f514f79e95271653,d24ee99c907a44ea9159e73642bdace47137591b9472886113b6f4b5257e261f,3,4,2.811605278355874,12.0,0.46879996184999995,11.0,True,False,10,0,EXTENDED_PENDING_RESOURCE_GATE,COMPLETE_BASE_INSTANCE
C,3,12,balanced,4,0.75,3,0.5,568cbe0af08d37b216d1de08d91e0f4468a13994b0b1605313ba0f05dd6f4b33,d24ee99c907a44ea9159e73642bdace47137591b9472886113b6f4b5257e261f,3,4,0.4313137836556043,12.0,0.35595703124999994,11.0,True,False,10,0,EXTENDED_PENDING_RESOURCE_GATE,COMPLETE_BASE_INSTANCE
C,3,12,balanced,8,0.125,1,0.0001,ad8fdf88e4eac7c57cd7730008132645bc1cadb3689f1822e923bf09ec2c7999,d24ee99c907a44ea9159e73642bdace47137591b9472886113b6f4b5257e261f,3,4,2.9999998066666715,12.0,0.0004999999680000008,11.0,True,False,10,0,EXTENDED_PENDING_RESOURCE_GATE,COMPLETE_BASE_INSTANCE
C,3,12,balanced,8,0.125,1,0.01,b3d1588a00999f81616fdf0e1809eb777db37371c994f664278aff87f0f70d41,d24ee99c907a44ea9159e73642bdace47137591b9472886113b6f4b5257e261f,3,4,2.998067166971502,12.0,0.04996800809899006,11.0,True,False,10,0,EXTENDED_PENDING_RESOURCE_GATE,COMPLETE_BASE_INSTANCE
C,3,12,balanced,8,0.125,1,0.1,3238b0111531c0ccdf65a215ab8ac99fab4e2be6377d494bb17865d4e19f5a3c,d24ee99c907a44ea9159e73642bdace47137591b9472886113b6f4b5257e261f,3,4,2.811605278355874,12.0,0.46879996184999995,11.0,True,False,10,0,EXTENDED_PENDING_RESOURCE_GATE,COMPLETE_BASE_INSTANCE
C,3,12,balanced,8,0.125,1,0.5,dbae20155722766dd595b47bd5f3de6cc24dd4896470cd7e562a76a5180a53df,d24ee99c907a44ea9159e73642bdace47137591b9472886113b6f4b5257e261f,3,4,0.4313137836556043,12.0,0.35595703124999994,11.0,True,False,10,0,EXTENDED_PENDING_RESOURCE_GATE,COMPLETE_BASE_INSTANCE
C,3,12,balanced,8,0.25,2,0.0001,3cb5b727f4c231143bb8d14afbcb2f184a16dff9319d8f9c06b56fa7786b14a4,d24ee99c907a44ea9159e73642bdace47137591b9472886113b6f4b5257e261f,3,4,2.9999998066666715,12.0,0.0004999999680000008,11.0,True,False,10,0,EXTENDED_PENDING_RESOURCE_GATE,COMPLETE_BASE_INSTANCE
C,3,12,balanced,8,0.25,2,0.01,56dabba0687fb7e7ffffda1c60fec5ced76a0b94082b2efdd526257ec7ad30cc,d24ee99c907a44ea9159e73642bdace47137591b9472886113b6f4b5257e261f,3,4,2.998067166971502,12.0,0.04996800809899006,11.0,True,False,10,0,EXTENDED_PENDING_RESOURCE_GATE,COMPLETE_BASE_INSTANCE
C,3,12,balanced,8,0.25,2,0.1,84642eaf387655a88cdf9fee078a9ee454c83e41b02ea255866099094e4a1492,d24ee99c907a44ea9159e73642bdace47137591b9472886113b6f4b5257e261f,3,4,2.811605278355874,12.0,0.46879996184999995,11.0,True,False,10,0,EXTENDED_PENDING_RESOURCE_GATE,COMPLETE_BASE_INSTANCE
C,3,12,balanced,8,0.25,2,0.5,24d8d3b98bb4e7c03b223ac006e022a83ac2e1e62b4d494b655918966ab93037,d24ee99c907a44ea9159e73642bdace47137591b9472886113b6f4b5257e261f,3,4,0.4313137836556043,12.0,0.35595703124999994,11.0,True,False,10,0,EXTENDED_PENDING_RESOURCE_GATE,COMPLETE_BASE_INSTANCE
C,3,12,balanced,8,0.5,4,0.0001,4887c5fbb8ed8038d33e9106a1a720eb75881653ef865b987d4d45dd559394ae,d24ee99c907a44ea9159e73642bdace47137591b9472886113b6f4b5257e261f,3,4,2.9999998066666715,12.0,0.0004999999680000008,11.0,True,False,10,0,EXTENDED_PENDING_RESOURCE_GATE,COMPLETE_BASE_INSTANCE
C,3,12,balanced,8,0.5,4,0.01,f7c4eb6fea750a78c334de25710ac6c0ae388d5c9763e01490606ffc02294920,d24ee99c907a44ea9159e73642bdace47137591b9472886113b6f4b5257e261f,3,4,2.998067166971502,12.0,0.04996800809899006,11.0,True,False,10,0,EXTENDED_PENDING_RESOURCE_GATE,COMPLETE_BASE_INSTANCE
C,3,12,balanced,8,0.5,4,0.1,452cfc3553fb4403a68e2c8cfaf1a049d04c6b26fe86d7b591f71b7564e1a7b3,d24ee99c907a44ea9159e73642bdace47137591b9472886113b6f4b5257e261f,3,4,2.811605278355874,12.0,0.46879996184999995,11.0,True,False,10,0,EXTENDED_PENDING_RESOURCE_GATE,COMPLETE_BASE_INSTANCE
C,3,12,balanced,8,0.5,4,0.5,7f3580c2ae20da9b275a450f6781a0b09f51f9534971039015c5d482cf9ff59c,d24ee99c907a44ea9159e73642bdace47137591b9472886113b6f4b5257e261f,3,4,0.4313137836556043,12.0,0.35595703124999994,11.0,True,False,10,0,EXTENDED_PENDING_RESOURCE_GATE,COMPLETE_BASE_INSTANCE
C,3,12,balanced,8,0.75,6,0.0001,2cefbc6792afc08b3da93199dc522bda3f5df614fc51dcc2331491f780cfee9f,d24ee99c907a44ea9159e73642bdace47137591b9472886113b6f4b5257e261f,3,4,2.9999998066666715,12.0,0.0004999999680000008,11.0,True,False,10,0,EXTENDED_PENDING_RESOURCE_GATE,COMPLETE_BASE_INSTANCE
C,3,12,balanced,8,0.75,6,0.01,2229ca77317fbf4bbabc55fdce7a9c32d13a6443a2bde5f2308938270ad789b1,d24ee99c907a44ea9159e73642bdace47137591b9472886113b6f4b5257e261f,3,4,2.998067166971502,12.0,0.04996800809899006,11.0,True,False,10,0,EXTENDED_PENDING_RESOURCE_GATE,COMPLETE_BASE_INSTANCE
C,3,12,balanced,8,0.75,6,0.1,2c5bbc7044487a74bc03b1fff92089336b72503807f75b45651bfaee242e6e3a,d24ee99c907a44ea9159e73642bdace47137591b9472886113b6f4b5257e261f,3,4,2.811605278355874,12.0,0.46879996184999995,11.0,True,False,10,0,EXTENDED_PENDING_RESOURCE_GATE,COMPLETE_BASE_INSTANCE
C,3,12,balanced,8,0.75,6,0.5,8ab152ff18918cdf894dc1b0dda998226dc2e167a6af1bbd36ec2506cf0b4004,d24ee99c907a44ea9159e73642bdace47137591b9472886113b6f4b5257e261f,3,4,0.4313137836556043,12.0,0.35595703124999994,11.0,True,False,10,0,EXTENDED_PENDING_RESOURCE_GATE,COMPLETE_BASE_INSTANCE
C,3,12,balanced,16,0.125,2,0.0001,1ac2f76e1c49297f242de96c912fd51b5ff2636212171accd718f475a6bf43e6,d24ee99c907a44ea9159e73642bdace47137591b9472886113b6f4b5257e261f,3,4,2.9999998066666715,12.0,0.0004999999680000008,11.0,True,False,10,0,EXTENDED_PENDING_RESOURCE_GATE,COMPLETE_BASE_INSTANCE
C,3,12,balanced,16,0.125,2,0.01,47fe12e5665410f8b3576434c9d02283908b21f9bc161a15a12b4d398405d9ed,d24ee99c907a44ea9159e73642bdace47137591b9472886113b6f4b5257e261f,3,4,2.998067166971502,12.0,0.04996800809899006,11.0,True,False,10,0,EXTENDED_PENDING_RESOURCE_GATE,COMPLETE_BASE_INSTANCE
C,3,12,balanced,16,0.125,2,0.1,208fece43a1415e291436bc036ca09182f1808a4ecbc1f4f4dae0e2d4f7ff4cb,d24ee99c907a44ea9159e73642bdace47137591b9472886113b6f4b5257e261f,3,4,2.811605278355874,12.0,0.46879996184999995,11.0,True,False,10,0,EXTENDED_PENDING_RESOURCE_GATE,COMPLETE_BASE_INSTANCE
C,3,12,balanced,16,0.125,2,0.5,6cda833f6e81424ec8dfa5c62ab588457679b140406dbbb01552241921802920,d24ee99c907a44ea9159e73642bdace47137591b9472886113b6f4b5257e261f,3,4,0.4313137836556043,12.0,0.35595703124999994,11.0,True,False,10,0,EXTENDED_PENDING_RESOURCE_GATE,COMPLETE_BASE_INSTANCE
C,3,12,balanced,16,0.25,4,0.0001,b95bdcbdd5069a055d8e294b5a36a3a47b4871e7f6de7495db881ece0943b8b1,d24ee99c907a44ea9159e73642bdace47137591b9472886113b6f4b5257e261f,3,4,2.9999998066666715,12.0,0.0004999999680000008,11.0,True,False,10,0,EXTENDED_PENDING_RESOURCE_GATE,COMPLETE_BASE_INSTANCE
C,3,12,balanced,16,0.25,4,0.01,633d61825cebbbd95a96569ee0c9645d1bd5e7adf6eae39d4a25a077d536229a,d24ee99c907a44ea9159e73642bdace47137591b9472886113b6f4b5257e261f,3,4,2.998067166971502,12.0,0.04996800809899006,11.0,True,False,10,0,EXTENDED_PENDING_RESOURCE_GATE,COMPLETE_BASE_INSTANCE
C,3,12,balanced,16,0.25,4,0.1,e2dba4a9eb3464d3e3174b084d3e7a815bcb65c38aa5b0f8c852501fbeb476b7,d24ee99c907a44ea9159e73642bdace47137591b9472886113b6f4b5257e261f,3,4,2.811605278355874,12.0,0.46879996184999995,11.0,True,False,10,0,EXTENDED_PENDING_RESOURCE_GATE,COMPLETE_BASE_INSTANCE
C,3,12,balanced,16,0.25,4,0.5,48c04c701da74dc6332bb2d4d24f8c27959a5e054980410c7c8e341625aafbeb,d24ee99c907a44ea9159e73642bdace47137591b9472886113b6f4b5257e261f,3,4,0.4313137836556043,12.0,0.35595703124999994,11.0,True,False,10,0,EXTENDED_PENDING_RESOURCE_GATE,COMPLETE_BASE_INSTANCE
C,3,12,balanced,16,0.5,8,0.0001,630f06854bacb339ee5ecae29fb03e1922a847eca3e52f6ed3bd6814e5519012,d24ee99c907a44ea9159e73642bdace47137591b9472886113b6f4b5257e261f,3,4,2.9999998066666715,12.0,0.0004999999680000008,11.0,True,False,10,0,EXTENDED_PENDING_RESOURCE_GATE,COMPLETE_BASE_INSTANCE
C,3,12,balanced,16,0.5,8,0.01,d631d893a260fc42b63084082c7cdd77a2c324a1b80d935da22b35317e03d866,d24ee99c907a44ea9159e73642bdace47137591b9472886113b6f4b5257e261f,3,4,2.998067166971502,12.0,0.04996800809899006,11.0,True,False,10,0,EXTENDED_PENDING_RESOURCE_GATE,COMPLETE_BASE_INSTANCE
C,3,12,balanced,16,0.5,8,0.1,967a5e4cd49ea83509a57f76287d91067d97cd3406a9d33909fba223b9afc9b9,d24ee99c907a44ea9159e73642bdace47137591b9472886113b6f4b5257e261f,3,4,2.811605278355874,12.0,0.46879996184999995,11.0,True,False,10,0,EXTENDED_PENDING_RESOURCE_GATE,COMPLETE_BASE_INSTANCE
C,3,12,balanced,16,0.5,8,0.5,17cb03efe507842875222a14c4415a4d5da8941cbbe7da3f8e8a85af9332c31c,d24ee99c907a44ea9159e73642bdace47137591b9472886113b6f4b5257e261f,3,4,0.4313137836556043,12.0,0.35595703124999994,11.0,True,False,10,0,EXTENDED_PENDING_RESOURCE_GATE,COMPLETE_BASE_INSTANCE
C,3,12,balanced,16,0.75,12,0.0001,a7002a2775bec48d99ac5b334ce03df785705c985a32e95266894058236152a8,d24ee99c907a44ea9159e73642bdace47137591b9472886113b6f4b5257e261f,3,4,2.9999998066666715,12.0,0.0004999999680000008,11.0,True,False,10,0,EXTENDED_PENDING_RESOURCE_GATE,COMPLETE_BASE_INSTANCE
C,3,12,balanced,16,0.75,12,0.01,02d98038333ec759e7ab054d657ad3888c2192656be33e7f300b03ea13168a55,d24ee99c907a44ea9159e73642bdace47137591b9472886113b6f4b5257e261f,3,4,2.998067166971502,12.0,0.04996800809899006,11.0,True,False,10,0,EXTENDED_PENDING_RESOURCE_GATE,COMPLETE_BASE_INSTANCE
C,3,12,balanced,16,0.75,12,0.1,27a5462422a553dfecb7042dc29d2d9d3bcc7c21550d6391aea549ce0d854a8a,d24ee99c907a44ea9159e73642bdace47137591b9472886113b6f4b5257e261f,3,4,2.811605278355874,12.0,0.46879996184999995,11.0,True,False,10,0,EXTENDED_PENDING_RESOURCE_GATE,COMPLETE_BASE_INSTANCE
C,3,12,balanced,16,0.75,12,0.5,758f5001ab1e0182139964767e165e67dd5ee3b76843079a1a9366d806cfd97e,d24ee99c907a44ea9159e73642bdace47137591b9472886113b6f4b5257e261f,3,4,0.4313137836556043,12.0,0.35595703124999994,11.0,True,False,10,0,EXTENDED_PENDING_RESOURCE_GATE,COMPLETE_BASE_INSTANCE
C,3,12,balanced,32,0.125,4,0.0001,d24bf8d5cfac04566c7ee49ad72bccdbc764575ff59a4e255766705007ec4ed1,d24ee99c907a44ea9159e73642bdace47137591b9472886113b6f4b5257e261f,3,4,2.9999998066666715,12.0,0.0004999999680000008,11.0,True,False,10,0,EXTENDED_PENDING_RESOURCE_GATE,COMPLETE_BASE_INSTANCE
C,3,12,balanced,32,0.125,4,0.01,33fa839372b5cf660b5afe35b6a8e22df539b91c01f32bd8df564f4d14774c5e,d24ee99c907a44ea9159e73642bdace47137591b9472886113b6f4b5257e261f,3,4,2.998067166971502,12.0,0.04996800809899006,11.0,True,False,10,0,EXTENDED_PENDING_RESOURCE_GATE,COMPLETE_BASE_INSTANCE
C,3,12,balanced,32,0.125,4,0.1,2fbc9a32509dc6a47364ffb3137d0e6621bf1d6e1c3173082d12af2e020b8333,d24ee99c907a44ea9159e73642bdace47137591b9472886113b6f4b5257e261f,3,4,2.811605278355874,12.0,0.46879996184999995,11.0,True,False,10,0,EXTENDED_PENDING_RESOURCE_GATE,COMPLETE_BASE_INSTANCE
C,3,12,balanced,32,0.125,4,0.5,566ce630415b421a84a7a2a9d4180854fb4949192d6850c373c81536e659d75b,d24ee99c907a44ea9159e73642bdace47137591b9472886113b6f4b5257e261f,3,4,0.4313137836556043,12.0,0.35595703124999994,11.0,True,False,10,0,EXTENDED_PENDING_RESOURCE_GATE,COMPLETE_BASE_INSTANCE
C,3,12,balanced,32,0.25,8,0.0001,2eb9df317ae185abedc2fda859feb3b4c68963e9998e228d87cee2458f330d59,d24ee99c907a44ea9159e73642bdace47137591b9472886113b6f4b5257e261f,3,4,2.9999998066666715,12.0,0.0004999999680000008,11.0,True,False,10,0,EXTENDED_PENDING_RESOURCE_GATE,COMPLETE_BASE_INSTANCE
C,3,12,balanced,32,0.25,8,0.01,967390cc80246b2d9afc3818a8e3ef153a485c8f9e7130652cb8cba6bd871a80,d24ee99c907a44ea9159e73642bdace47137591b9472886113b6f4b5257e261f,3,4,2.998067166971502,12.0,0.04996800809899006,11.0,True,False,10,0,EXTENDED_PENDING_RESOURCE_GATE,COMPLETE_BASE_INSTANCE
C,3,12,balanced,32,0.25,8,0.1,caa41f84dd14a58b1027c829f5e6cb05dda83dfd6588b5b27266992500ed0290,d24ee99c907a44ea9159e73642bdace47137591b9472886113b6f4b5257e261f,3,4,2.811605278355874,12.0,0.46879996184999995,11.0,True,False,10,0,EXTENDED_PENDING_RESOURCE_GATE,COMPLETE_BASE_INSTANCE
C,3,12,balanced,32,0.25,8,0.5,413ef50e334c32cecdd1db47167549846bdaa2718ca00ee49a45ee85a08e6638,d24ee99c907a44ea9159e73642bdace47137591b9472886113b6f4b5257e261f,3,4,0.4313137836556043,12.0,0.35595703124999994,11.0,True,False,10,0,EXTENDED_PENDING_RESOURCE_GATE,COMPLETE_BASE_INSTANCE
C,3,12,balanced,32,0.5,16,0.0001,8e67acf58823c22e384843753f03cca62ddaee609233e783ced6427fad98c582,d24ee99c907a44ea9159e73642bdace47137591b9472886113b6f4b5257e261f,3,4,2.9999998066666715,12.0,0.0004999999680000008,11.0,True,False,10,0,EXTENDED_PENDING_RESOURCE_GATE,COMPLETE_BASE_INSTANCE
C,3,12,balanced,32,0.5,16,0.01,12c9b92e2d889f72e3d36f8249e12a2f8ad47d4323f8623f6bbcc9941f16ea8f,d24ee99c907a44ea9159e73642bdace47137591b9472886113b6f4b5257e261f,3,4,2.998067166971502,12.0,0.04996800809899006,11.0,True,False,10,0,EXTENDED_PENDING_RESOURCE_GATE,COMPLETE_BASE_INSTANCE
C,3,12,balanced,32,0.5,16,0.1,45db478eb4cbd7931a42552122df8f0cc48fd105de944772be0d908c833c0471,d24ee99c907a44ea9159e73642bdace47137591b9472886113b6f4b5257e261f,3,4,2.811605278355874,12.0,0.46879996184999995,11.0,True,False,10,0,EXTENDED_PENDING_RESOURCE_GATE,COMPLETE_BASE_INSTANCE
C,3,12,balanced,32,0.5,16,0.5,3ed57cdfd65d0a5ae4d6dfbf6689797d723efbc3466fda21e0fa36b746ec1a2d,d24ee99c907a44ea9159e73642bdace47137591b9472886113b6f4b5257e261f,3,4,0.4313137836556043,12.0,0.35595703124999994,11.0,True,False,10,0,EXTENDED_PENDING_RESOURCE_GATE,COMPLETE_BASE_INSTANCE
C,3,12,balanced,32,0.75,24,0.0001,d500bafb3dac468e5b7f7470bcad9aed5e6d3477a1995e30e57aa59d36127135,d24ee99c907a44ea9159e73642bdace47137591b9472886113b6f4b5257e261f,3,4,2.9999998066666715,12.0,0.0004999999680000008,11.0,True,False,10,0,EXTENDED_PENDING_RESOURCE_GATE,COMPLETE_BASE_INSTANCE
C,3,12,balanced,32,0.75,24,0.01,30c6047afb1259cff7d1d71fbb13676edb1722497c17fb5b9040424106ca2f2c,d24ee99c907a44ea9159e73642bdace47137591b9472886113b6f4b5257e261f,3,4,2.998067166971502,12.0,0.04996800809899006,11.0,True,False,10,0,EXTENDED_PENDING_RESOURCE_GATE,COMPLETE_BASE_INSTANCE
C,3,12,balanced,32,0.75,24,0.1,5facbb42ef633c21414466c3ef8dacad7f764b29b4ba6457bd6adfd8e36c08be,d24ee99c907a44ea9159e73642bdace47137591b9472886113b6f4b5257e261f,3,4,2.811605278355874,12.0,0.46879996184999995,11.0,True,False,10,0,EXTENDED_PENDING_RESOURCE_GATE,COMPLETE_BASE_INSTANCE
C,3,12,balanced,32,0.75,24,0.5,c2bd1440350428e35114181cfd7cf1fb622128395b6098f8618e6d129028ef18,d24ee99c907a44ea9159e73642bdace47137591b9472886113b6f4b5257e261f,3,4,0.4313137836556043,12.0,0.35595703124999994,11.0,True,False,10,0,EXTENDED_PENDING_RESOURCE_GATE,COMPLETE_BASE_INSTANCE
C,3,12,balanced,64,0.125,8,0.0001,b043165753a6107d73da4db548075c71a9d3f4c6cae12a916d4e6b50ec871bb5,d24ee99c907a44ea9159e73642bdace47137591b9472886113b6f4b5257e261f,3,4,2.9999998066666715,12.0,0.0004999999680000008,11.0,True,False,10,0,EXTENDED_PENDING_RESOURCE_GATE,COMPLETE_BASE_INSTANCE
C,3,12,balanced,64,0.125,8,0.01,24809a942d86886599785e509c5955edd5d218cecf9aad672d449e3ff9f91211,d24ee99c907a44ea9159e73642bdace47137591b9472886113b6f4b5257e261f,3,4,2.998067166971502,12.0,0.04996800809899006,11.0,True,False,10,0,EXTENDED_PENDING_RESOURCE_GATE,COMPLETE_BASE_INSTANCE
C,3,12,balanced,64,0.125,8,0.1,c1f1c0a0a681dd9167134dba8524889337c73f0af0df3e4caed8818d9c452840,d24ee99c907a44ea9159e73642bdace47137591b9472886113b6f4b5257e261f,3,4,2.811605278355874,12.0,0.46879996184999995,11.0,True,False,10,0,EXTENDED_PENDING_RESOURCE_GATE,COMPLETE_BASE_INSTANCE
C,3,12,balanced,64,0.125,8,0.5,d702c6110699cf1b193986aff66957be27a201a672301e4567c658a5796b8c93,d24ee99c907a44ea9159e73642bdace47137591b9472886113b6f4b5257e261f,3,4,0.4313137836556043,12.0,0.35595703124999994,11.0,True,False,10,0,EXTENDED_PENDING_RESOURCE_GATE,COMPLETE_BASE_INSTANCE
C,3,12,balanced,64,0.25,16,0.0001,d8d1bddcaa25408f4287309d266af346679338c765fbb33c093342d31b3d1001,d24ee99c907a44ea9159e73642bdace47137591b9472886113b6f4b5257e261f,3,4,2.9999998066666715,12.0,0.0004999999680000008,11.0,True,False,10,0,EXTENDED_PENDING_RESOURCE_GATE,COMPLETE_BASE_INSTANCE
C,3,12,balanced,64,0.25,16,0.01,ca9fe71fa5d159e7325f02d08d0d6c9dfa48df9b7db1713650faac4294935b8e,d24ee99c907a44ea9159e73642bdace47137591b9472886113b6f4b5257e261f,3,4,2.998067166971502,12.0,0.04996800809899006,11.0,True,False,10,0,EXTENDED_PENDING_RESOURCE_GATE,COMPLETE_BASE_INSTANCE
C,3,12,balanced,64,0.25,16,0.1,a875beb5adca6fdb6a65cc0aaafa54b62cff469dcbc11fb0a3a80de1116e825a,d24ee99c907a44ea9159e73642bdace47137591b9472886113b6f4b5257e261f,3,4,2.811605278355874,12.0,0.46879996184999995,11.0,True,False,10,0,EXTENDED_PENDING_RESOURCE_GATE,COMPLETE_BASE_INSTANCE
C,3,12,balanced,64,0.25,16,0.5,89d9164960928ca7f01790202b20adb5c62f70e382cc0415dd65d0f8dc2aa729,d24ee99c907a44ea9159e73642bdace47137591b9472886113b6f4b5257e261f,3,4,0.4313137836556043,12.0,0.35595703124999994,11.0,True,False,10,0,EXTENDED_PENDING_RESOURCE_GATE,COMPLETE_BASE_INSTANCE
C,3,12,balanced,64,0.5,32,0.0001,d089e2d5b3d8053ce3088e47c0f3f4a4b3e72d4c80c52b5a6f8a533d8a9c7ee7,d24ee99c907a44ea9159e73642bdace47137591b9472886113b6f4b5257e261f,3,4,2.9999998066666715,12.0,0.0004999999680000008,11.0,True,False,10,0,EXTENDED_PENDING_RESOURCE_GATE,COMPLETE_BASE_INSTANCE
C,3,12,balanced,64,0.5,32,0.01,7e7ea9184bddbc9b17e8c945371aaa35acd39732cd5c69b099ba48a770429d7f,d24ee99c907a44ea9159e73642bdace47137591b9472886113b6f4b5257e261f,3,4,2.998067166971502,12.0,0.04996800809899006,11.0,True,False,10,0,EXTENDED_PENDING_RESOURCE_GATE,COMPLETE_BASE_INSTANCE
C,3,12,balanced,64,0.5,32,0.1,b0d5602bdecdf27499aa3ebd5d67e0a2bd2d3bacf339fe59b9070e27cd3d2bf9,d24ee99c907a44ea9159e73642bdace47137591b9472886113b6f4b5257e261f,3,4,2.811605278355874,12.0,0.46879996184999995,11.0,True,False,10,0,EXTENDED_PENDING_RESOURCE_GATE,COMPLETE_BASE_INSTANCE
C,3,12,balanced,64,0.5,32,0.5,4ceb3f5290d22ea2201127dc853459d4139cd79be75db04e226dfd3d7d743419,d24ee99c907a44ea9159e73642bdace47137591b9472886113b6f4b5257e261f,3,4,0.4313137836556043,12.0,0.35595703124999994,11.0,True,False,10,0,EXTENDED_PENDING_RESOURCE_GATE,COMPLETE_BASE_INSTANCE
C,3,12,balanced,64,0.75,48,0.0001,4179ad08ba11837651846145a1a255f4959c930c59d20bd45a26cec0ab0ec2dd,d24ee99c907a44ea9159e73642bdace47137591b9472886113b6f4b5257e261f,3,4,2.9999998066666715,12.0,0.0004999999680000008,11.0,True,False,10,0,EXTENDED_PENDING_RESOURCE_GATE,COMPLETE_BASE_INSTANCE
C,3,12,balanced,64,0.75,48,0.01,10c12802d4d4e6f15a4be45381acf17e3696db0c530d745cf75b883f32377887,d24ee99c907a44ea9159e73642bdace47137591b9472886113b6f4b5257e261f,3,4,2.998067166971502,12.0,0.04996800809899006,11.0,True,False,10,0,EXTENDED_PENDING_RESOURCE_GATE,COMPLETE_BASE_INSTANCE
C,3,12,balanced,64,0.75,48,0.1,7c21c50a45faeeb2d88eac463aed448a58dda36aa130c78848cf752f699827ec,d24ee99c907a44ea9159e73642bdace47137591b9472886113b6f4b5257e261f,3,4,2.811605278355874,12.0,0.46879996184999995,11.0,True,False,10,0,EXTENDED_PENDING_RESOURCE_GATE,COMPLETE_BASE_INSTANCE
C,3,12,balanced,64,0.75,48,0.5,db26aef934fd47f1b486fd0df24f5e6886e9f9c5c4b06254441f629d3419858a,d24ee99c907a44ea9159e73642bdace47137591b9472886113b6f4b5257e261f,3,4,0.4313137836556043,12.0,0.35595703124999994,11.0,True,False,10,0,EXTENDED_PENDING_RESOURCE_GATE,COMPLETE_BASE_INSTANCE
C,3,12,random_ordered,2,0.125,1,0.0001,2bc6d1220d888f9f4533597a6de410b9c093db812950b7f7e2717db7cfc6b7ad,fd1820d8f5c3959bb7f97c61af6ae1ea50a32cab6aca5ef69e35407e9ee82420,5,4,1.0000001199999762,12.0,0.0006999999580000009,11.0,True,False,10,0,EXTENDED_PENDING_RESOURCE_GATE,COMPLETE_BASE_INSTANCE
C,3,12,random_ordered,2,0.125,1,0.01,eda68bdf96168dc8067cb8e964b42ffd746e8391ce015429b55dcb48bc547085,fd1820d8f5c3959bb7f97c61af6ae1ea50a32cab6aca5ef69e35407e9ee82420,5,4,1.0011976336805444,12.0,0.06995800989885007,11.0,True,False,10,0,EXTENDED_PENDING_RESOURCE_GATE,COMPLETE_BASE_INSTANCE
C,3,12,random_ordered,2,0.125,1,0.1,f15a9ba87c904eabace9e28bd1c0b82495dfa9685e3dab99a1dbce001dd9df63,fd1820d8f5c3959bb7f97c61af6ae1ea50a32cab6aca5ef69e35407e9ee82420,5,4,1.099382091941177,12.0,0.6589785658499999,11.0,True,False,10,0,EXTENDED_PENDING_RESOURCE_GATE,COMPLETE_BASE_INSTANCE
C,3,12,random_ordered,2,0.125,1,0.5,a93985a9eeb83bce1c35ca9edca3806a7535cbd605bfa85ea38d6f93c5c2ac20,fd1820d8f5c3959bb7f97c61af6ae1ea50a32cab6aca5ef69e35407e9ee82420,5,4,0.579828381963066,12.0,0.5668945312499999,11.0,True,False,10,0,EXTENDED_PENDING_RESOURCE_GATE,COMPLETE_BASE_INSTANCE
C,3,12,random_ordered,2,0.25,1,0.0001,3631e248746678721d28163884d20e996753cac58a07fb7c541d737d0dad155c,fd1820d8f5c3959bb7f97c61af6ae1ea50a32cab6aca5ef69e35407e9ee82420,5,4,1.0000001199999762,12.0,0.0006999999580000009,11.0,True,False,10,0,EXTENDED_PENDING_RESOURCE_GATE,COMPLETE_BASE_INSTANCE
C,3,12,random_ordered,2,0.25,1,0.01,4611801c8cad05fca85c4c11fc4d2119d7b73116455f21a19a7ecac348f71aa7,fd1820d8f5c3959bb7f97c61af6ae1ea50a32cab6aca5ef69e35407e9ee82420,5,4,1.0011976336805444,12.0,0.06995800989885007,11.0,True,False,10,0,EXTENDED_PENDING_RESOURCE_GATE,COMPLETE_BASE_INSTANCE
C,3,12,random_ordered,2,0.25,1,0.1,287399e51cd718fbe51952a638ad8c0024f8e7677bda213e85863c8dd759ba79,fd1820d8f5c3959bb7f97c61af6ae1ea50a32cab6aca5ef69e35407e9ee82420,5,4,1.099382091941177,12.0,0.6589785658499999,11.0,True,False,10,0,EXTENDED_PENDING_RESOURCE_GATE,COMPLETE_BASE_INSTANCE
C,3,12,random_ordered,2,0.25,1,0.5,38b3dbad09d198dc13ca76dd4f8ec49f274c437ea80c978053b4dd653bd33ce1,fd1820d8f5c3959bb7f97c61af6ae1ea50a32cab6aca5ef69e35407e9ee82420,5,4,0.579828381963066,12.0,0.5668945312499999,11.0,True,False,10,0,EXTENDED_PENDING_RESOURCE_GATE,COMPLETE_BASE_INSTANCE
C,3,12,random_ordered,2,0.5,1,0.0001,ccb1f70943f2059e5d63350e28ac18099306f9990795e725a77bb343b8b48955,fd1820d8f5c3959bb7f97c61af6ae1ea50a32cab6aca5ef69e35407e9ee82420,5,4,1.0000001199999762,12.0,0.0006999999580000009,11.0,True,False,10,0,EXTENDED_PENDING_RESOURCE_GATE,COMPLETE_BASE_INSTANCE
C,3,12,random_ordered,2,0.5,1,0.01,ef4ec21720871e0a967f5d7a7c2701416385e3a3ba97ab5d1c1b8a4f020f716a,fd1820d8f5c3959bb7f97c61af6ae1ea50a32cab6aca5ef69e35407e9ee82420,5,4,1.0011976336805444,12.0,0.06995800989885007,11.0,True,False,10,0,EXTENDED_PENDING_RESOURCE_GATE,COMPLETE_BASE_INSTANCE
C,3,12,random_ordered,2,0.5,1,0.1,ff0a725961d4011430375fca00b0cf50d352410240c673563d63348967d9924c,fd1820d8f5c3959bb7f97c61af6ae1ea50a32cab6aca5ef69e35407e9ee82420,5,4,1.099382091941177,12.0,0.6589785658499999,11.0,True,False,10,0,EXTENDED_PENDING_RESOURCE_GATE,COMPLETE_BASE_INSTANCE
C,3,12,random_ordered,2,0.5,1,0.5,b1c1d612d85096d328d145bdde950ce3e21ec0546d77cddc35b5eb04824a7c75,fd1820d8f5c3959bb7f97c61af6ae1ea50a32cab6aca5ef69e35407e9ee82420,5,4,0.579828381963066,12.0,0.5668945312499999,11.0,True,False,10,0,EXTENDED_PENDING_RESOURCE_GATE,COMPLETE_BASE_INSTANCE
C,3,12,random_ordered,2,0.75,1,0.0001,113e3abfd0424d3ac5238b6a85509f68d14de937a3cefcdb022e1982ef553fe1,fd1820d8f5c3959bb7f97c61af6ae1ea50a32cab6aca5ef69e35407e9ee82420,5,4,1.0000001199999762,12.0,0.0006999999580000009,11.0,True,False,10,0,EXTENDED_PENDING_RESOURCE_GATE,COMPLETE_BASE_INSTANCE
C,3,12,random_ordered,2,0.75,1,0.01,7e0c695b78ad09b80267af6afc26a32a1fec86e226ba35c7c4fdea3486bb5212,fd1820d8f5c3959bb7f97c61af6ae1ea50a32cab6aca5ef69e35407e9ee82420,5,4,1.0011976336805444,12.0,0.06995800989885007,11.0,True,False,10,0,EXTENDED_PENDING_RESOURCE_GATE,COMPLETE_BASE_INSTANCE
C,3,12,random_ordered,2,0.75,1,0.1,610e8a404fdc47838e271a2805a372cd76a319404ccc7d80cbc54a5489afe084,fd1820d8f5c3959bb7f97c61af6ae1ea50a32cab6aca5ef69e35407e9ee82420,5,4,1.099382091941177,12.0,0.6589785658499999,11.0,True,False,10,0,EXTENDED_PENDING_RESOURCE_GATE,COMPLETE_BASE_INSTANCE
C,3,12,random_ordered,2,0.75,1,0.5,085eb5d2f2bf441787f7605861de960a4713009d21ce3e3a22aa86380e36482b,fd1820d8f5c3959bb7f97c61af6ae1ea50a32cab6aca5ef69e35407e9ee82420,5,4,0.579828381963066,12.0,0.5668945312499999,11.0,True,False,10,0,EXTENDED_PENDING_RESOURCE_GATE,COMPLETE_BASE_INSTANCE
C,3,12,random_ordered,4,0.125,1,0.0001,a3620e6d7d9a1a61792778d3183f0d94733153d7dcc4ea78fa06932e8ef5347e,fd1820d8f5c3959bb7f97c61af6ae1ea50a32cab6aca5ef69e35407e9ee82420,5,4,1.0000001199999762,12.0,0.0006999999580000009,11.0,True,False,10,0,EXTENDED_PENDING_RESOURCE_GATE,COMPLETE_BASE_INSTANCE
C,3,12,random_ordered,4,0.125,1,0.01,bdfff33d624436fac97223a730d27aeb694055b49796b7fc370c7df52cd768cb,fd1820d8f5c3959bb7f97c61af6ae1ea50a32cab6aca5ef69e35407e9ee82420,5,4,1.0011976336805444,12.0,0.06995800989885007,11.0,True,False,10,0,EXTENDED_PENDING_RESOURCE_GATE,COMPLETE_BASE_INSTANCE
C,3,12,random_ordered,4,0.125,1,0.1,b633672439eace4abc9612e17dcd4609549760ab408c73ba35bd1398f1919354,fd1820d8f5c3959bb7f97c61af6ae1ea50a32cab6aca5ef69e35407e9ee82420,5,4,1.099382091941177,12.0,0.6589785658499999,11.0,True,False,10,0,EXTENDED_PENDING_RESOURCE_GATE,COMPLETE_BASE_INSTANCE
C,3,12,random_ordered,4,0.125,1,0.5,43759b1bdc046c3a288303540543ed4d2ad2d2e822400df95724529ed5ab07b8,fd1820d8f5c3959bb7f97c61af6ae1ea50a32cab6aca5ef69e35407e9ee82420,5,4,0.579828381963066,12.0,0.5668945312499999,11.0,True,False,10,0,EXTENDED_PENDING_RESOURCE_GATE,COMPLETE_BASE_INSTANCE
C,3,12,random_ordered,4,0.25,1,0.0001,afb5b53e1d296f4b0a4338e9184dd220cae82eb586fa5e5f43a40f8b5faf4578,fd1820d8f5c3959bb7f97c61af6ae1ea50a32cab6aca5ef69e35407e9ee82420,5,4,1.0000001199999762,12.0,0.0006999999580000009,11.0,True,False,10,0,EXTENDED_PENDING_RESOURCE_GATE,COMPLETE_BASE_INSTANCE
C,3,12,random_ordered,4,0.25,1,0.01,30a8e3fbc6916beb0837c3043ba2fc25d56f1c807bf77e4cdcaed21b26d8ccf5,fd1820d8f5c3959bb7f97c61af6ae1ea50a32cab6aca5ef69e35407e9ee82420,5,4,1.0011976336805444,12.0,0.06995800989885007,11.0,True,False,10,0,EXTENDED_PENDING_RESOURCE_GATE,COMPLETE_BASE_INSTANCE
C,3,12,random_ordered,4,0.25,1,0.1,cc2aaaf6c512ffa8743fdb25b929e0e3b5de893d3591b094fb264f52ebc57aaa,fd1820d8f5c3959bb7f97c61af6ae1ea50a32cab6aca5ef69e35407e9ee82420,5,4,1.099382091941177,12.0,0.6589785658499999,11.0,True,False,10,0,EXTENDED_PENDING_RESOURCE_GATE,COMPLETE_BASE_INSTANCE
C,3,12,random_ordered,4,0.25,1,0.5,d4178d2905af98d0c9a777b1c0de11ccc683ce8d87ef4c01009f7068d3da98ce,fd1820d8f5c3959bb7f97c61af6ae1ea50a32cab6aca5ef69e35407e9ee82420,5,4,0.579828381963066,12.0,0.5668945312499999,11.0,True,False,10,0,EXTENDED_PENDING_RESOURCE_GATE,COMPLETE_BASE_INSTANCE
C,3,12,random_ordered,4,0.5,2,0.0001,81fdc90eb71f67a8374a5f58fb23f5cc79b003895460519f839a650154536ae5,fd1820d8f5c3959bb7f97c61af6ae1ea50a32cab6aca5ef69e35407e9ee82420,5,4,1.0000001199999762,12.0,0.0006999999580000009,11.0,True,False,10,0,EXTENDED_PENDING_RESOURCE_GATE,COMPLETE_BASE_INSTANCE
C,3,12,random_ordered,4,0.5,2,0.01,55b802d41f4e4670ea5a41a94766e2cac659939935c20851525777ffaf8dac95,fd1820d8f5c3959bb7f97c61af6ae1ea50a32cab6aca5ef69e35407e9ee82420,5,4,1.0011976336805444,12.0,0.06995800989885007,11.0,True,False,10,0,EXTENDED_PENDING_RESOURCE_GATE,COMPLETE_BASE_INSTANCE
C,3,12,random_ordered,4,0.5,2,0.1,ffc9595f712eb973f5be10e6069fb0194fbc1b79f83b16adb694748f53ea4a57,fd1820d8f5c3959bb7f97c61af6ae1ea50a32cab6aca5ef69e35407e9ee82420,5,4,1.099382091941177,12.0,0.6589785658499999,11.0,True,False,10,0,EXTENDED_PENDING_RESOURCE_GATE,COMPLETE_BASE_INSTANCE
C,3,12,random_ordered,4,0.5,2,0.5,e0755cebb8ea7bc5cec77f054b5e6d6cc278eafe71bb7d377d091e624c7d2755,fd1820d8f5c3959bb7f97c61af6ae1ea50a32cab6aca5ef69e35407e9ee82420,5,4,0.579828381963066,12.0,0.5668945312499999,11.0,True,False,10,0,EXTENDED_PENDING_RESOURCE_GATE,COMPLETE_BASE_INSTANCE
C,3,12,random_ordered,4,0.75,3,0.0001,d06419ef788c434724e73258b48af665a8f58fa67c1a0b7a5bae771b6dd50faf,fd1820d8f5c3959bb7f97c61af6ae1ea50a32cab6aca5ef69e35407e9ee82420,5,4,1.0000001199999762,12.0,0.0006999999580000009,11.0,True,False,10,0,EXTENDED_PENDING_RESOURCE_GATE,COMPLETE_BASE_INSTANCE
C,3,12,random_ordered,4,0.75,3,0.01,84013286d90f3eaa5440673cb091775c3fc9c7db7df0310417f448aac8301d7f,fd1820d8f5c3959bb7f97c61af6ae1ea50a32cab6aca5ef69e35407e9ee82420,5,4,1.0011976336805444,12.0,0.06995800989885007,11.0,True,False,10,0,EXTENDED_PENDING_RESOURCE_GATE,COMPLETE_BASE_INSTANCE
C,3,12,random_ordered,4,0.75,3,0.1,e82256a955faec1cd1bb705e75b472f3996023bff35524db758160d72316cfba,fd1820d8f5c3959bb7f97c61af6ae1ea50a32cab6aca5ef69e35407e9ee82420,5,4,1.099382091941177,12.0,0.6589785658499999,11.0,True,False,10,0,EXTENDED_PENDING_RESOURCE_GATE,COMPLETE_BASE_INSTANCE
C,3,12,random_ordered,4,0.75,3,0.5,7e83e67b8f4860684318848725b26cd0230939602244584a513a04b5b0ee244d,fd1820d8f5c3959bb7f97c61af6ae1ea50a32cab6aca5ef69e35407e9ee82420,5,4,0.579828381963066,12.0,0.5668945312499999,11.0,True,False,10,0,EXTENDED_PENDING_RESOURCE_GATE,COMPLETE_BASE_INSTANCE
C,3,12,random_ordered,8,0.125,1,0.0001,8f30f785c1d8d7d25b83bb05c1df1a6f1e3c3d0d69675e656765f2d90290d3ca,fd1820d8f5c3959bb7f97c61af6ae1ea50a32cab6aca5ef69e35407e9ee82420,5,4,1.0000001199999762,12.0,0.0006999999580000009,11.0,True,False,10,0,EXTENDED_PENDING_RESOURCE_GATE,COMPLETE_BASE_INSTANCE
C,3,12,random_ordered,8,0.125,1,0.01,fa34f6846cab39041605022460f15220f99ff82705a8f36e0e7aded62beec0c7,fd1820d8f5c3959bb7f97c61af6ae1ea50a32cab6aca5ef69e35407e9ee82420,5,4,1.0011976336805444,12.0,0.06995800989885007,11.0,True,False,10,0,EXTENDED_PENDING_RESOURCE_GATE,COMPLETE_BASE_INSTANCE
C,3,12,random_ordered,8,0.125,1,0.1,826c4d0571ec39b25d438e488e1349ee5fa791d605a067e9ca5b17f71ba3be42,fd1820d8f5c3959bb7f97c61af6ae1ea50a32cab6aca5ef69e35407e9ee82420,5,4,1.099382091941177,12.0,0.6589785658499999,11.0,True,False,10,0,EXTENDED_PENDING_RESOURCE_GATE,COMPLETE_BASE_INSTANCE
C,3,12,random_ordered,8,0.125,1,0.5,53c74cef58f04c20fba56ca5c661dd2928e16ce3cb439c472ea45875edd3226b,fd1820d8f5c3959bb7f97c61af6ae1ea50a32cab6aca5ef69e35407e9ee82420,5,4,0.579828381963066,12.0,0.5668945312499999,11.0,True,False,10,0,EXTENDED_PENDING_RESOURCE_GATE,COMPLETE_BASE_INSTANCE
C,3,12,random_ordered,8,0.25,2,0.0001,16661f8d95ec5abc19152fb2b62a7e7ff87b98a9c260a4b985942dd3a5bdc95f,fd1820d8f5c3959bb7f97c61af6ae1ea50a32cab6aca5ef69e35407e9ee82420,5,4,1.0000001199999762,12.0,0.0006999999580000009,11.0,True,False,10,0,EXTENDED_PENDING_RESOURCE_GATE,COMPLETE_BASE_INSTANCE
C,3,12,random_ordered,8,0.25,2,0.01,8e3a94f2d8ad2eff8f779d14b1bb0964200b7958854d116bff42de640f8af53d,fd1820d8f5c3959bb7f97c61af6ae1ea50a32cab6aca5ef69e35407e9ee82420,5,4,1.0011976336805444,12.0,0.06995800989885007,11.0,True,False,10,0,EXTENDED_PENDING_RESOURCE_GATE,COMPLETE_BASE_INSTANCE
C,3,12,random_ordered,8,0.25,2,0.1,1e5ce54b64e89526906b4a94d30dc61148dc66bdfc064f060301c269437cd12a,fd1820d8f5c3959bb7f97c61af6ae1ea50a32cab6aca5ef69e35407e9ee82420,5,4,1.099382091941177,12.0,0.6589785658499999,11.0,True,False,10,0,EXTENDED_PENDING_RESOURCE_GATE,COMPLETE_BASE_INSTANCE
C,3,12,random_ordered,8,0.25,2,0.5,09d0fcc6af847ba129463a0519dd97bf213f955d49fd254d43932c11f857ef96,fd1820d8f5c3959bb7f97c61af6ae1ea50a32cab6aca5ef69e35407e9ee82420,5,4,0.579828381963066,12.0,0.5668945312499999,11.0,True,False,10,0,EXTENDED_PENDING_RESOURCE_GATE,COMPLETE_BASE_INSTANCE
C,3,12,random_ordered,8,0.5,4,0.0001,86497472504411dc796a41767bdcf7bf254c5c90d2e2d1a57f03b3463c636f0c,fd1820d8f5c3959bb7f97c61af6ae1ea50a32cab6aca5ef69e35407e9ee82420,5,4,1.0000001199999762,12.0,0.0006999999580000009,11.0,True,False,10,0,EXTENDED_PENDING_RESOURCE_GATE,COMPLETE_BASE_INSTANCE
C,3,12,random_ordered,8,0.5,4,0.01,c1f0663db8acdcc47910f0c6ad1440915d2a96f76ece330d2923e79f85a6c7da,fd1820d8f5c3959bb7f97c61af6ae1ea50a32cab6aca5ef69e35407e9ee82420,5,4,1.0011976336805444,12.0,0.06995800989885007,11.0,True,False,10,0,EXTENDED_PENDING_RESOURCE_GATE,COMPLETE_BASE_INSTANCE
C,3,12,random_ordered,8,0.5,4,0.1,3871a903faf9cce452fbf3d6cea751a600c6235216d8bf83f650d70902f578a5,fd1820d8f5c3959bb7f97c61af6ae1ea50a32cab6aca5ef69e35407e9ee82420,5,4,1.099382091941177,12.0,0.6589785658499999,11.0,True,False,10,0,EXTENDED_PENDING_RESOURCE_GATE,COMPLETE_BASE_INSTANCE
C,3,12,random_ordered,8,0.5,4,0.5,8f1727ad10d975d53628022ecfd11f456f809bedb4566f91e6aa015c4c02ea52,fd1820d8f5c3959bb7f97c61af6ae1ea50a32cab6aca5ef69e35407e9ee82420,5,4,0.579828381963066,12.0,0.5668945312499999,11.0,True,False,10,0,EXTENDED_PENDING_RESOURCE_GATE,COMPLETE_BASE_INSTANCE
C,3,12,random_ordered,8,0.75,6,0.0001,0abce0de0ae79c0f977602a3bfe02aa36d51a851da8f2e3d2d000c6dba4d703b,fd1820d8f5c3959bb7f97c61af6ae1ea50a32cab6aca5ef69e35407e9ee82420,5,4,1.0000001199999762,12.0,0.0006999999580000009,11.0,True,False,10,0,EXTENDED_PENDING_RESOURCE_GATE,COMPLETE_BASE_INSTANCE
C,3,12,random_ordered,8,0.75,6,0.01,c1623c15fb629ed58b49de0d73cc311e06d5b639bb0dce5de55dd9893ff471dd,fd1820d8f5c3959bb7f97c61af6ae1ea50a32cab6aca5ef69e35407e9ee82420,5,4,1.0011976336805444,12.0,0.06995800989885007,11.0,True,False,10,0,EXTENDED_PENDING_RESOURCE_GATE,COMPLETE_BASE_INSTANCE
C,3,12,random_ordered,8,0.75,6,0.1,ca642865effb8dcd9ec04b6214413b669995ed87c7f354375f9c7432e7e25302,fd1820d8f5c3959bb7f97c61af6ae1ea50a32cab6aca5ef69e35407e9ee82420,5,4,1.099382091941177,12.0,0.6589785658499999,11.0,True,False,10,0,EXTENDED_PENDING_RESOURCE_GATE,COMPLETE_BASE_INSTANCE
C,3,12,random_ordered,8,0.75,6,0.5,3fbe71d0967561954fc24772d75dd6573c809a876adb6358edc4d40f1f44f4d4,fd1820d8f5c3959bb7f97c61af6ae1ea50a32cab6aca5ef69e35407e9ee82420,5,4,0.579828381963066,12.0,0.5668945312499999,11.0,True,False,10,0,EXTENDED_PENDING_RESOURCE_GATE,COMPLETE_BASE_INSTANCE
C,3,12,random_ordered,16,0.125,2,0.0001,4425d5045361213c1207cd8544ec5ddbc02d4f77ad07bd5a2c9e4c9764d6cf6c,fd1820d8f5c3959bb7f97c61af6ae1ea50a32cab6aca5ef69e35407e9ee82420,5,4,1.0000001199999762,12.0,0.0006999999580000009,11.0,True,False,10,0,EXTENDED_PENDING_RESOURCE_GATE,COMPLETE_BASE_INSTANCE
C,3,12,random_ordered,16,0.125,2,0.01,c1370348d796a6ffafdd87e069d9d1b91fc94eeec600590ac4f5d2f2fa52098b,fd1820d8f5c3959bb7f97c61af6ae1ea50a32cab6aca5ef69e35407e9ee82420,5,4,1.0011976336805444,12.0,0.06995800989885007,11.0,True,False,10,0,EXTENDED_PENDING_RESOURCE_GATE,COMPLETE_BASE_INSTANCE
C,3,12,random_ordered,16,0.125,2,0.1,6ce9e1ac8603766cea5f3198c8ccdb96c032cfa4b33f9556fcb552521b165b2b,fd1820d8f5c3959bb7f97c61af6ae1ea50a32cab6aca5ef69e35407e9ee82420,5,4,1.099382091941177,12.0,0.6589785658499999,11.0,True,False,10,0,EXTENDED_PENDING_RESOURCE_GATE,COMPLETE_BASE_INSTANCE
C,3,12,random_ordered,16,0.125,2,0.5,e1d6b15b0fa69d6951ea3be1e0fd572b7c8efeb80d674e3bd42bf47cd081d156,fd1820d8f5c3959bb7f97c61af6ae1ea50a32cab6aca5ef69e35407e9ee82420,5,4,0.579828381963066,12.0,0.5668945312499999,11.0,True,False,10,0,EXTENDED_PENDING_RESOURCE_GATE,COMPLETE_BASE_INSTANCE
C,3,12,random_ordered,16,0.25,4,0.0001,9d230528f71159147b03b526fbd0cb2d77abeb00c5ea73ae34d57caf79cfc6be,fd1820d8f5c3959bb7f97c61af6ae1ea50a32cab6aca5ef69e35407e9ee82420,5,4,1.0000001199999762,12.0,0.0006999999580000009,11.0,True,False,10,0,EXTENDED_PENDING_RESOURCE_GATE,COMPLETE_BASE_INSTANCE
C,3,12,random_ordered,16,0.25,4,0.01,9b615c3a9bbab063375420bcdda24ddb10573f402d6a027c01b15b21b57af6dc,fd1820d8f5c3959bb7f97c61af6ae1ea50a32cab6aca5ef69e35407e9ee82420,5,4,1.0011976336805444,12.0,0.06995800989885007,11.0,True,False,10,0,EXTENDED_PENDING_RESOURCE_GATE,COMPLETE_BASE_INSTANCE
C,3,12,random_ordered,16,0.25,4,0.1,af57bc0aaf21c479d2e103c1991b23762a6956fd73fa8bebeb9ec89ce0cfdea7,fd1820d8f5c3959bb7f97c61af6ae1ea50a32cab6aca5ef69e35407e9ee82420,5,4,1.099382091941177,12.0,0.6589785658499999,11.0,True,False,10,0,EXTENDED_PENDING_RESOURCE_GATE,COMPLETE_BASE_INSTANCE
C,3,12,random_ordered,16,0.25,4,0.5,bdfc8cc56c60be8a559687eed78d2db847bce501d0fd37149d7f0bbd46657780,fd1820d8f5c3959bb7f97c61af6ae1ea50a32cab6aca5ef69e35407e9ee82420,5,4,0.579828381963066,12.0,0.5668945312499999,11.0,True,False,10,0,EXTENDED_PENDING_RESOURCE_GATE,COMPLETE_BASE_INSTANCE
C,3,12,random_ordered,16,0.5,8,0.0001,6ec383c822eb1a2b713c560d5803731ffc2b2904755a7bee357ca657aab10d96,fd1820d8f5c3959bb7f97c61af6ae1ea50a32cab6aca5ef69e35407e9ee82420,5,4,1.0000001199999762,12.0,0.0006999999580000009,11.0,True,False,10,0,EXTENDED_PENDING_RESOURCE_GATE,COMPLETE_BASE_INSTANCE
C,3,12,random_ordered,16,0.5,8,0.01,d5ce6b555da1a57b5c446fbe3ef7e38fd2d847f02675d0ddd21f239e5f4479f1,fd1820d8f5c3959bb7f97c61af6ae1ea50a32cab6aca5ef69e35407e9ee82420,5,4,1.0011976336805444,12.0,0.06995800989885007,11.0,True,False,10,0,EXTENDED_PENDING_RESOURCE_GATE,COMPLETE_BASE_INSTANCE
C,3,12,random_ordered,16,0.5,8,0.1,4583659c84dccef220c68d6f7658d85328d4eb3e90715eda7d6b8d6ca2e92da9,fd1820d8f5c3959bb7f97c61af6ae1ea50a32cab6aca5ef69e35407e9ee82420,5,4,1.099382091941177,12.0,0.6589785658499999,11.0,True,False,10,0,EXTENDED_PENDING_RESOURCE_GATE,COMPLETE_BASE_INSTANCE
C,3,12,random_ordered,16,0.5,8,0.5,c97e8073699ec4036c2287c0ac29fdfd2dbb91ffe8ebbdb3140feacf94353b71,fd1820d8f5c3959bb7f97c61af6ae1ea50a32cab6aca5ef69e35407e9ee82420,5,4,0.579828381963066,12.0,0.5668945312499999,11.0,True,False,10,0,EXTENDED_PENDING_RESOURCE_GATE,COMPLETE_BASE_INSTANCE
C,3,12,random_ordered,16,0.75,12,0.0001,abcbcd5fab4d38dbf22ce02e53bbdecb937f227f16aedb4f5ccae40582a2d4a4,fd1820d8f5c3959bb7f97c61af6ae1ea50a32cab6aca5ef69e35407e9ee82420,5,4,1.0000001199999762,12.0,0.0006999999580000009,11.0,True,False,10,0,EXTENDED_PENDING_RESOURCE_GATE,COMPLETE_BASE_INSTANCE
C,3,12,random_ordered,16,0.75,12,0.01,ad41789fe2584fb49cb929a317de3e5826e27cddda4c9a91dfc445ae01fbd028,fd1820d8f5c3959bb7f97c61af6ae1ea50a32cab6aca5ef69e35407e9ee82420,5,4,1.0011976336805444,12.0,0.06995800989885007,11.0,True,False,10,0,EXTENDED_PENDING_RESOURCE_GATE,COMPLETE_BASE_INSTANCE
C,3,12,random_ordered,16,0.75,12,0.1,a5c2dfde572f97eb7c2bf0786444ea11ae2194813562803dd22fec1c54ca5502,fd1820d8f5c3959bb7f97c61af6ae1ea50a32cab6aca5ef69e35407e9ee82420,5,4,1.099382091941177,12.0,0.6589785658499999,11.0,True,False,10,0,EXTENDED_PENDING_RESOURCE_GATE,COMPLETE_BASE_INSTANCE
C,3,12,random_ordered,16,0.75,12,0.5,11e7bcb0f4a76865f77bc33b59905e4b41418eb9efc961edd2d34a2c68f646bf,fd1820d8f5c3959bb7f97c61af6ae1ea50a32cab6aca5ef69e35407e9ee82420,5,4,0.579828381963066,12.0,0.5668945312499999,11.0,True,False,10,0,EXTENDED_PENDING_RESOURCE_GATE,COMPLETE_BASE_INSTANCE
C,3,12,random_ordered,32,0.125,4,0.0001,c2d336cd24c3b54099c57c0effe60fd97a83b27131f0ed9a02c2ceac20a6f050,fd1820d8f5c3959bb7f97c61af6ae1ea50a32cab6aca5ef69e35407e9ee82420,5,4,1.0000001199999762,12.0,0.0006999999580000009,11.0,True,False,10,0,EXTENDED_PENDING_RESOURCE_GATE,COMPLETE_BASE_INSTANCE
C,3,12,random_ordered,32,0.125,4,0.01,6c0f32284a7864145561ae11e81a8667e96b7b536477bc51c68f3b9fe515018d,fd1820d8f5c3959bb7f97c61af6ae1ea50a32cab6aca5ef69e35407e9ee82420,5,4,1.0011976336805444,12.0,0.06995800989885007,11.0,True,False,10,0,EXTENDED_PENDING_RESOURCE_GATE,COMPLETE_BASE_INSTANCE
C,3,12,random_ordered,32,0.125,4,0.1,b898d5e385cbf7823ff23274643ae7aa451a3b1524d0e05dfae50f7b4c67c184,fd1820d8f5c3959bb7f97c61af6ae1ea50a32cab6aca5ef69e35407e9ee82420,5,4,1.099382091941177,12.0,0.6589785658499999,11.0,True,False,10,0,EXTENDED_PENDING_RESOURCE_GATE,COMPLETE_BASE_INSTANCE
C,3,12,random_ordered,32,0.125,4,0.5,a30507489944efe40d6bbd1aec77ba23f2c238b9495d93991de2c5d455685b32,fd1820d8f5c3959bb7f97c61af6ae1ea50a32cab6aca5ef69e35407e9ee82420,5,4,0.579828381963066,12.0,0.5668945312499999,11.0,True,False,10,0,EXTENDED_PENDING_RESOURCE_GATE,COMPLETE_BASE_INSTANCE
C,3,12,random_ordered,32,0.25,8,0.0001,35bc519694967e1ca40fa6309e3bfe20c2e3757fe465b5b0f767f6d7e1efc9db,fd1820d8f5c3959bb7f97c61af6ae1ea50a32cab6aca5ef69e35407e9ee82420,5,4,1.0000001199999762,12.0,0.0006999999580000009,11.0,True,False,10,0,EXTENDED_PENDING_RESOURCE_GATE,COMPLETE_BASE_INSTANCE
C,3,12,random_ordered,32,0.25,8,0.01,8b210619c6a0d6d7cadecc2cf0d3a149982577b33a8ee1ae6e85168c3be81b0c,fd1820d8f5c3959bb7f97c61af6ae1ea50a32cab6aca5ef69e35407e9ee82420,5,4,1.0011976336805444,12.0,0.06995800989885007,11.0,True,False,10,0,EXTENDED_PENDING_RESOURCE_GATE,COMPLETE_BASE_INSTANCE
C,3,12,random_ordered,32,0.25,8,0.1,6e0c23b321fc407a788ea70983afe37142a25c7456c84ef6a3f7bb1dc4948589,fd1820d8f5c3959bb7f97c61af6ae1ea50a32cab6aca5ef69e35407e9ee82420,5,4,1.099382091941177,12.0,0.6589785658499999,11.0,True,False,10,0,EXTENDED_PENDING_RESOURCE_GATE,COMPLETE_BASE_INSTANCE
C,3,12,random_ordered,32,0.25,8,0.5,468dffcd7d67b29df2176582c8b1c8e0da22fbe7693495eda7ce9cbc12a113ea,fd1820d8f5c3959bb7f97c61af6ae1ea50a32cab6aca5ef69e35407e9ee82420,5,4,0.579828381963066,12.0,0.5668945312499999,11.0,True,False,10,0,EXTENDED_PENDING_RESOURCE_GATE,COMPLETE_BASE_INSTANCE
C,3,12,random_ordered,32,0.5,16,0.0001,aa35474db7a7c01f5177380ee369253d58f1a8e9962a1dfca1f6c8ce1cb034e3,fd1820d8f5c3959bb7f97c61af6ae1ea50a32cab6aca5ef69e35407e9ee82420,5,4,1.0000001199999762,12.0,0.0006999999580000009,11.0,True,False,10,0,EXTENDED_PENDING_RESOURCE_GATE,COMPLETE_BASE_INSTANCE
C,3,12,random_ordered,32,0.5,16,0.01,f50ed57a2fc00e24da20e7693fb249cad0e67729ac64dfbd7dc7ed34f9781273,fd1820d8f5c3959bb7f97c61af6ae1ea50a32cab6aca5ef69e35407e9ee82420,5,4,1.0011976336805444,12.0,0.06995800989885007,11.0,True,False,10,0,EXTENDED_PENDING_RESOURCE_GATE,COMPLETE_BASE_INSTANCE
C,3,12,random_ordered,32,0.5,16,0.1,f01b0cce9c384c32c86864586f31c354ac4e0c6bb2d073bd3c560c95e98f74a3,fd1820d8f5c3959bb7f97c61af6ae1ea50a32cab6aca5ef69e35407e9ee82420,5,4,1.099382091941177,12.0,0.6589785658499999,11.0,True,False,10,0,EXTENDED_PENDING_RESOURCE_GATE,COMPLETE_BASE_INSTANCE
C,3,12,random_ordered,32,0.5,16,0.5,b74a7ff2dc187f9222e7ef888dca2eda5967d022e2d4bf66a705ca0ad8fd4b2d,fd1820d8f5c3959bb7f97c61af6ae1ea50a32cab6aca5ef69e35407e9ee82420,5,4,0.579828381963066,12.0,0.5668945312499999,11.0,True,False,10,0,EXTENDED_PENDING_RESOURCE_GATE,COMPLETE_BASE_INSTANCE
C,3,12,random_ordered,32,0.75,24,0.0001,87864fd4863e477c03ff76872d40b5677e9bf5807b44499702f53dca51426261,fd1820d8f5c3959bb7f97c61af6ae1ea50a32cab6aca5ef69e35407e9ee82420,5,4,1.0000001199999762,12.0,0.0006999999580000009,11.0,True,False,10,0,EXTENDED_PENDING_RESOURCE_GATE,COMPLETE_BASE_INSTANCE
C,3,12,random_ordered,32,0.75,24,0.01,6383b767338e73ad6db00b6e3df978fec7dbd2c8520bd56348e674f22c48eb6b,fd1820d8f5c3959bb7f97c61af6ae1ea50a32cab6aca5ef69e35407e9ee82420,5,4,1.0011976336805444,12.0,0.06995800989885007,11.0,True,False,10,0,EXTENDED_PENDING_RESOURCE_GATE,COMPLETE_BASE_INSTANCE
C,3,12,random_ordered,32,0.75,24,0.1,adba2865bc9afaa01b0174a57bc75fd22a38af51bbf48105703afba49c8c25ac,fd1820d8f5c3959bb7f97c61af6ae1ea50a32cab6aca5ef69e35407e9ee82420,5,4,1.099382091941177,12.0,0.6589785658499999,11.0,True,False,10,0,EXTENDED_PENDING_RESOURCE_GATE,COMPLETE_BASE_INSTANCE
C,3,12,random_ordered,32,0.75,24,0.5,628f23ac6c5ed88df8c461ba52bed8239145570f194f2887689f5bfc19595a8c,fd1820d8f5c3959bb7f97c61af6ae1ea50a32cab6aca5ef69e35407e9ee82420,5,4,0.579828381963066,12.0,0.5668945312499999,11.0,True,False,10,0,EXTENDED_PENDING_RESOURCE_GATE,COMPLETE_BASE_INSTANCE
C,3,12,random_ordered,64,0.125,8,0.0001,ac1ac2cae28696ad862b2b6b161e40791a222e1dbacad4263c66cb81802f81a3,fd1820d8f5c3959bb7f97c61af6ae1ea50a32cab6aca5ef69e35407e9ee82420,5,4,1.0000001199999762,12.0,0.0006999999580000009,11.0,True,False,10,0,EXTENDED_PENDING_RESOURCE_GATE,COMPLETE_BASE_INSTANCE
C,3,12,random_ordered,64,0.125,8,0.01,616e159135a2751bb3ff5be55698bdec8e7dedace2b6653d9570d469f37cd01e,fd1820d8f5c3959bb7f97c61af6ae1ea50a32cab6aca5ef69e35407e9ee82420,5,4,1.0011976336805444,12.0,0.06995800989885007,11.0,True,False,10,0,EXTENDED_PENDING_RESOURCE_GATE,COMPLETE_BASE_INSTANCE
C,3,12,random_ordered,64,0.125,8,0.1,32cf5c8155eeefa8dc037837b7819be20725473a67572dceb0a4659063600180,fd1820d8f5c3959bb7f97c61af6ae1ea50a32cab6aca5ef69e35407e9ee82420,5,4,1.099382091941177,12.0,0.6589785658499999,11.0,True,False,10,0,EXTENDED_PENDING_RESOURCE_GATE,COMPLETE_BASE_INSTANCE
C,3,12,random_ordered,64,0.125,8,0.5,a50f3a0e5d0358c755866686732a34fa24b783b7c75325fb6af75f8076c1e62a,fd1820d8f5c3959bb7f97c61af6ae1ea50a32cab6aca5ef69e35407e9ee82420,5,4,0.579828381963066,12.0,0.5668945312499999,11.0,True,False,10,0,EXTENDED_PENDING_RESOURCE_GATE,COMPLETE_BASE_INSTANCE
C,3,12,random_ordered,64,0.25,16,0.0001,fd48c77566f08386d37af8e9ca4536cee83e4655d7e35eae92bba64042db4e62,fd1820d8f5c3959bb7f97c61af6ae1ea50a32cab6aca5ef69e35407e9ee82420,5,4,1.0000001199999762,12.0,0.0006999999580000009,11.0,True,False,10,0,EXTENDED_PENDING_RESOURCE_GATE,COMPLETE_BASE_INSTANCE
C,3,12,random_ordered,64,0.25,16,0.01,e927aa5148f03f4d0d9cf2d0f60b3ba841a6040db91e7c63d00cbed78aa6a7de,fd1820d8f5c3959bb7f97c61af6ae1ea50a32cab6aca5ef69e35407e9ee82420,5,4,1.0011976336805444,12.0,0.06995800989885007,11.0,True,False,10,0,EXTENDED_PENDING_RESOURCE_GATE,COMPLETE_BASE_INSTANCE
C,3,12,random_ordered,64,0.25,16,0.1,116ee20c52562e3b90a1b90681742f97cb7d220de3caefb716cea81fd63c8f79,fd1820d8f5c3959bb7f97c61af6ae1ea50a32cab6aca5ef69e35407e9ee82420,5,4,1.099382091941177,12.0,0.6589785658499999,11.0,True,False,10,0,EXTENDED_PENDING_RESOURCE_GATE,COMPLETE_BASE_INSTANCE
C,3,12,random_ordered,64,0.25,16,0.5,403f7144a55ed340a67d0d2982bbd3f68b054a3f59e4a8fa66e97414a2350ceb,fd1820d8f5c3959bb7f97c61af6ae1ea50a32cab6aca5ef69e35407e9ee82420,5,4,0.579828381963066,12.0,0.5668945312499999,11.0,True,False,10,0,EXTENDED_PENDING_RESOURCE_GATE,COMPLETE_BASE_INSTANCE
C,3,12,random_ordered,64,0.5,32,0.0001,c3c40412b2cedf6589796eb2c2157ee7ac536b05e14a98eb81b4541f4930d9e9,fd1820d8f5c3959bb7f97c61af6ae1ea50a32cab6aca5ef69e35407e9ee82420,5,4,1.0000001199999762,12.0,0.0006999999580000009,11.0,True,False,10,0,EXTENDED_PENDING_RESOURCE_GATE,COMPLETE_BASE_INSTANCE
C,3,12,random_ordered,64,0.5,32,0.01,bd1a5e5167631683001924eb8431c12af714ef2771c4c455511f9e98df7eb141,fd1820d8f5c3959bb7f97c61af6ae1ea50a32cab6aca5ef69e35407e9ee82420,5,4,1.0011976336805444,12.0,0.06995800989885007,11.0,True,False,10,0,EXTENDED_PENDING_RESOURCE_GATE,COMPLETE_BASE_INSTANCE
C,3,12,random_ordered,64,0.5,32,0.1,9d278610deb7ed0ca33d48a864ae2d7fb22fddd4ad2154840b43b8f3033be8f9,fd1820d8f5c3959bb7f97c61af6ae1ea50a32cab6aca5ef69e35407e9ee82420,5,4,1.099382091941177,12.0,0.6589785658499999,11.0,True,False,10,0,EXTENDED_PENDING_RESOURCE_GATE,COMPLETE_BASE_INSTANCE
C,3,12,random_ordered,64,0.5,32,0.5,84a04a2b72ff523eed26db79b79ea409d7092fb7b43d2044b7d0c61dc0e1638a,fd1820d8f5c3959bb7f97c61af6ae1ea50a32cab6aca5ef69e35407e9ee82420,5,4,0.579828381963066,12.0,0.5668945312499999,11.0,True,False,10,0,EXTENDED_PENDING_RESOURCE_GATE,COMPLETE_BASE_INSTANCE
C,3,12,random_ordered,64,0.75,48,0.0001,ca67b9a743353a85ccd7755bc0743396557c639dbffa7a56b229d8b82897de46,fd1820d8f5c3959bb7f97c61af6ae1ea50a32cab6aca5ef69e35407e9ee82420,5,4,1.0000001199999762,12.0,0.0006999999580000009,11.0,True,False,10,0,EXTENDED_PENDING_RESOURCE_GATE,COMPLETE_BASE_INSTANCE
C,3,12,random_ordered,64,0.75,48,0.01,2225eff9759167e3b7d186c7807e6b6028e3e6dec1ccb9c93c810c66eb4408c2,fd1820d8f5c3959bb7f97c61af6ae1ea50a32cab6aca5ef69e35407e9ee82420,5,4,1.0011976336805444,12.0,0.06995800989885007,11.0,True,False,10,0,EXTENDED_PENDING_RESOURCE_GATE,COMPLETE_BASE_INSTANCE
C,3,12,random_ordered,64,0.75,48,0.1,7549a0b83b035147df39e65099f3d212726bb10ff010c95863b9d29d1a139ef1,fd1820d8f5c3959bb7f97c61af6ae1ea50a32cab6aca5ef69e35407e9ee82420,5,4,1.099382091941177,12.0,0.6589785658499999,11.0,True,False,10,0,EXTENDED_PENDING_RESOURCE_GATE,COMPLETE_BASE_INSTANCE
C,3,12,random_ordered,64,0.75,48,0.5,40b2e17815ade6f986de23bced3f5a82f9b4f7497141005626db17763cfbe192,fd1820d8f5c3959bb7f97c61af6ae1ea50a32cab6aca5ef69e35407e9ee82420,5,4,0.579828381963066,12.0,0.5668945312499999,11.0,True,False,10,0,EXTENDED_PENDING_RESOURCE_GATE,COMPLETE_BASE_INSTANCE
C,3,24,comb,2,0.125,1,0.0001,40ebf297d77f52c35ac87f83755cbf6b70ed35db9bda1faf81841b0d81aa346b,f1d9ecc2d7513d391057cfede049da5a07ed21b53456ccf034fe144f79c2e106,24,2,23.99999287000077,24.0,0.02759998633800256,23.0,True,False,10,0,EXTENDED_PENDING_RESOURCE_GATE,COMPLETE_BASE_INSTANCE
C,3,24,comb,2,0.125,1,0.01,06d5fadb922e0c369a61f264bdd91b67decd20266015cde823015e47ac3c1c70,f1d9ecc2d7513d391057cfede049da5a07ed21b53456ccf034fe144f79c2e106,24,2,23.92877705089293,24.0,2.7463635789086016,23.0,True,False,10,0,EXTENDED_PENDING_RESOURCE_GATE,COMPLETE_BASE_INSTANCE
C,3,24,comb,2,0.125,1,0.1,1ff9fc806dda0a8919f772892a056dc48a7d407e9984a24d873bd6399ac70ddc,f1d9ecc2d7513d391057cfede049da5a07ed21b53456ccf034fe144f79c2e106,24,2,17.600307636278437,24.0,16.26486711207687,23.0,True,False,10,0,EXTENDED_PENDING_RESOURCE_GATE,COMPLETE_BASE_INSTANCE
C,3,24,comb,2,0.125,1,0.5,50373638e4c76c4e173fbbacc0880ea9fc80985fd29b1781d19109bbf223dbf8,f1d9ecc2d7513d391057cfede049da5a07ed21b53456ccf034fe144f79c2e106,24,2,1.936647295951843,24.0,1.936647295951843,23.0,True,False,10,0,EXTENDED_PENDING_RESOURCE_GATE,COMPLETE_BASE_INSTANCE
C,3,24,comb,2,0.25,1,0.0001,e15c1fa4d0753aeaddb22774dd2bfc267cab57d0b4da5180944ddb00d99810ba,f1d9ecc2d7513d391057cfede049da5a07ed21b53456ccf034fe144f79c2e106,24,2,23.99999287000077,24.0,0.02759998633800256,23.0,True,False,10,0,EXTENDED_PENDING_RESOURCE_GATE,COMPLETE_BASE_INSTANCE
C,3,24,comb,2,0.25,1,0.01,204ee385f1ef4144d668940a133f403d53211acb2edb898bf6400645ffc52e08,f1d9ecc2d7513d391057cfede049da5a07ed21b53456ccf034fe144f79c2e106,24,2,23.92877705089293,24.0,2.7463635789086016,23.0,True,False,10,0,EXTENDED_PENDING_RESOURCE_GATE,COMPLETE_BASE_INSTANCE
C,3,24,comb,2,0.25,1,0.1,39de733a8de940f86cdf2ef309245678b163605c140ff8756ccb65cfbfc0877f,f1d9ecc2d7513d391057cfede049da5a07ed21b53456ccf034fe144f79c2e106,24,2,17.600307636278437,24.0,16.26486711207687,23.0,True,False,10,0,EXTENDED_PENDING_RESOURCE_GATE,COMPLETE_BASE_INSTANCE
C,3,24,comb,2,0.25,1,0.5,29f56ce5591888d726b2b03fa1b7604788a90220df3d0fb0bfc77a88c09d6c0f,f1d9ecc2d7513d391057cfede049da5a07ed21b53456ccf034fe144f79c2e106,24,2,1.936647295951843,24.0,1.936647295951843,23.0,True,False,10,0,EXTENDED_PENDING_RESOURCE_GATE,COMPLETE_BASE_INSTANCE
C,3,24,comb,2,0.5,1,0.0001,b2719e4db4e42704d01a156b73c493cea569f53f759c86f741b53da15611ca9d,f1d9ecc2d7513d391057cfede049da5a07ed21b53456ccf034fe144f79c2e106,24,2,23.99999287000077,24.0,0.02759998633800256,23.0,True,False,10,0,EXTENDED_PENDING_RESOURCE_GATE,COMPLETE_BASE_INSTANCE
C,3,24,comb,2,0.5,1,0.01,c712e30aa1b5bcbd2f32a987da9399ccb9e8a1183cfbf97282cf14764061d1b7,f1d9ecc2d7513d391057cfede049da5a07ed21b53456ccf034fe144f79c2e106,24,2,23.92877705089293,24.0,2.7463635789086016,23.0,True,False,10,0,EXTENDED_PENDING_RESOURCE_GATE,COMPLETE_BASE_INSTANCE
C,3,24,comb,2,0.5,1,0.1,661a83a5a30cc041a0a6ea6cd22a10c783770b37a798ee62e67bc45489f5951f,f1d9ecc2d7513d391057cfede049da5a07ed21b53456ccf034fe144f79c2e106,24,2,17.600307636278437,24.0,16.26486711207687,23.0,True,False,10,0,EXTENDED_PENDING_RESOURCE_GATE,COMPLETE_BASE_INSTANCE
C,3,24,comb,2,0.5,1,0.5,f1751c30056e63e9bb2c4bf910a5b7a49fb955691e10f35f25a7b7908bc28173,f1d9ecc2d7513d391057cfede049da5a07ed21b53456ccf034fe144f79c2e106,24,2,1.936647295951843,24.0,1.936647295951843,23.0,True,False,10,0,EXTENDED_PENDING_RESOURCE_GATE,COMPLETE_BASE_INSTANCE
C,3,24,comb,2,0.75,1,0.0001,8de5bdeafe7cba35ef827a57609fa2888107fdc01145d75136445b4b25599ade,f1d9ecc2d7513d391057cfede049da5a07ed21b53456ccf034fe144f79c2e106,24,2,23.99999287000077,24.0,0.02759998633800256,23.0,True,False,10,0,EXTENDED_PENDING_RESOURCE_GATE,COMPLETE_BASE_INSTANCE
C,3,24,comb,2,0.75,1,0.01,ad19ea0d18ba05ba28036aee46b3ee8312d94c58ec65649d3b282abba853dc8f,f1d9ecc2d7513d391057cfede049da5a07ed21b53456ccf034fe144f79c2e106,24,2,23.92877705089293,24.0,2.7463635789086016,23.0,True,False,10,0,EXTENDED_PENDING_RESOURCE_GATE,COMPLETE_BASE_INSTANCE
C,3,24,comb,2,0.75,1,0.1,c04eb576d9dfa6088ed222e2f80a7bcb2f4455ed480d0186665c394674b35b4a,f1d9ecc2d7513d391057cfede049da5a07ed21b53456ccf034fe144f79c2e106,24,2,17.600307636278437,24.0,16.26486711207687,23.0,True,False,10,0,EXTENDED_PENDING_RESOURCE_GATE,COMPLETE_BASE_INSTANCE
C,3,24,comb,2,0.75,1,0.5,e58348a71997950722377ab69dc8b6a2fe66904fdafdd9c271b8c99e465b70fc,f1d9ecc2d7513d391057cfede049da5a07ed21b53456ccf034fe144f79c2e106,24,2,1.936647295951843,24.0,1.936647295951843,23.0,True,False,10,0,EXTENDED_PENDING_RESOURCE_GATE,COMPLETE_BASE_INSTANCE
C,3,24,comb,4,0.125,1,0.0001,9f94cd0b1e8c18ba4b87ed28396882290ad7d448b33f6b65cd3ca9f3e12dd50c,f1d9ecc2d7513d391057cfede049da5a07ed21b53456ccf034fe144f79c2e106,24,2,23.99999287000077,24.0,0.02759998633800256,23.0,True,False,10,0,EXTENDED_PENDING_RESOURCE_GATE,COMPLETE_BASE_INSTANCE
C,3,24,comb,4,0.125,1,0.01,869269ab1a82b4a77d7edefcf5358d76a9c914a533a78266776e9ddc5544cd72,f1d9ecc2d7513d391057cfede049da5a07ed21b53456ccf034fe144f79c2e106,24,2,23.92877705089293,24.0,2.7463635789086016,23.0,True,False,10,0,EXTENDED_PENDING_RESOURCE_GATE,COMPLETE_BASE_INSTANCE
C,3,24,comb,4,0.125,1,0.1,c0959c7cc4ad96299ee7b3c0b2c18cb71d2b8d63469efe319b7e6a3ae46c77a4,f1d9ecc2d7513d391057cfede049da5a07ed21b53456ccf034fe144f79c2e106,24,2,17.600307636278437,24.0,16.26486711207687,23.0,True,False,10,0,EXTENDED_PENDING_RESOURCE_GATE,COMPLETE_BASE_INSTANCE
C,3,24,comb,4,0.125,1,0.5,7bb569b1ba8fb9e97e19c04a5720b9a09c5732a8dd69985ac71f164a9278ab67,f1d9ecc2d7513d391057cfede049da5a07ed21b53456ccf034fe144f79c2e106,24,2,1.936647295951843,24.0,1.936647295951843,23.0,True,False,10,0,EXTENDED_PENDING_RESOURCE_GATE,COMPLETE_BASE_INSTANCE
C,3,24,comb,4,0.25,1,0.0001,e0b0af27311fb0fc35122fdad8c7b88d54dbc00d9058bbe7f9cd7c97715b2a13,f1d9ecc2d7513d391057cfede049da5a07ed21b53456ccf034fe144f79c2e106,24,2,23.99999287000077,24.0,0.02759998633800256,23.0,True,False,10,0,EXTENDED_PENDING_RESOURCE_GATE,COMPLETE_BASE_INSTANCE
C,3,24,comb,4,0.25,1,0.01,574806b0f427da26c1931752ec8ac8d30bb6fdf0d9e8c3dfaf23979d6d9dc990,f1d9ecc2d7513d391057cfede049da5a07ed21b53456ccf034fe144f79c2e106,24,2,23.92877705089293,24.0,2.7463635789086016,23.0,True,False,10,0,EXTENDED_PENDING_RESOURCE_GATE,COMPLETE_BASE_INSTANCE
C,3,24,comb,4,0.25,1,0.1,9fcf4e6c7850b2d2038d3eebacb9ffd768fc3291e422c02657dcec9bfdc9c97d,f1d9ecc2d7513d391057cfede049da5a07ed21b53456ccf034fe144f79c2e106,24,2,17.600307636278437,24.0,16.26486711207687,23.0,True,False,10,0,EXTENDED_PENDING_RESOURCE_GATE,COMPLETE_BASE_INSTANCE
C,3,24,comb,4,0.25,1,0.5,4f1fe6cfdb40e34469e84a13d04ee151933b85fd24ba35d34de3f50ab3dae76a,f1d9ecc2d7513d391057cfede049da5a07ed21b53456ccf034fe144f79c2e106,24,2,1.936647295951843,24.0,1.936647295951843,23.0,True,False,10,0,EXTENDED_PENDING_RESOURCE_GATE,COMPLETE_BASE_INSTANCE
C,3,24,comb,4,0.5,2,0.0001,19d85507f4399848857772ccff97fc88c8647425c4369705b565db355478e26d,f1d9ecc2d7513d391057cfede049da5a07ed21b53456ccf034fe144f79c2e106,24,2,23.99999287000077,24.0,0.02759998633800256,23.0,True,False,10,0,EXTENDED_PENDING_RESOURCE_GATE,COMPLETE_BASE_INSTANCE
C,3,24,comb,4,0.5,2,0.01,795063b782175dd293f0bd90ed875ddf7278d050a2b885759f167df014c63b7e,f1d9ecc2d7513d391057cfede049da5a07ed21b53456ccf034fe144f79c2e106,24,2,23.92877705089293,24.0,2.7463635789086016,23.0,True,False,10,0,EXTENDED_PENDING_RESOURCE_GATE,COMPLETE_BASE_INSTANCE
C,3,24,comb,4,0.5,2,0.1,dddbf7bc1db7d3c1d099970e8c0196b726a66752a082646ce4cb18f5080baea2,f1d9ecc2d7513d391057cfede049da5a07ed21b53456ccf034fe144f79c2e106,24,2,17.600307636278437,24.0,16.26486711207687,23.0,True,False,10,0,EXTENDED_PENDING_RESOURCE_GATE,COMPLETE_BASE_INSTANCE
C,3,24,comb,4,0.5,2,0.5,e0bfcb7f8f7d569fa9c73e227bf781fcaf9426e6386ce9f574f5f09b6a515983,f1d9ecc2d7513d391057cfede049da5a07ed21b53456ccf034fe144f79c2e106,24,2,1.936647295951843,24.0,1.936647295951843,23.0,True,False,10,0,EXTENDED_PENDING_RESOURCE_GATE,COMPLETE_BASE_INSTANCE
C,3,24,comb,4,0.75,3,0.0001,476fa4d12ffec8cc8fcabc5bd71313cdce3cba75965287dc8036f191220c9970,f1d9ecc2d7513d391057cfede049da5a07ed21b53456ccf034fe144f79c2e106,24,2,23.99999287000077,24.0,0.02759998633800256,23.0,True,False,10,0,EXTENDED_PENDING_RESOURCE_GATE,COMPLETE_BASE_INSTANCE
C,3,24,comb,4,0.75,3,0.01,5064941ba93f34b4ed187a453c728cc9ae6f2f23f3653f14bdc0893b4423e128,f1d9ecc2d7513d391057cfede049da5a07ed21b53456ccf034fe144f79c2e106,24,2,23.92877705089293,24.0,2.7463635789086016,23.0,True,False,10,0,EXTENDED_PENDING_RESOURCE_GATE,COMPLETE_BASE_INSTANCE
C,3,24,comb,4,0.75,3,0.1,8fbf2b7f109de29cfb1dad34a6cfaf4d945bd04f7bf8d940afcbf8146152ea5a,f1d9ecc2d7513d391057cfede049da5a07ed21b53456ccf034fe144f79c2e106,24,2,17.600307636278437,24.0,16.26486711207687,23.0,True,False,10,0,EXTENDED_PENDING_RESOURCE_GATE,COMPLETE_BASE_INSTANCE
C,3,24,comb,4,0.75,3,0.5,49cd0f451baf7bacea6ff2372aebd1b6e4ddc9b182c118b1cc2227d2db835417,f1d9ecc2d7513d391057cfede049da5a07ed21b53456ccf034fe144f79c2e106,24,2,1.936647295951843,24.0,1.936647295951843,23.0,True,False,10,0,EXTENDED_PENDING_RESOURCE_GATE,COMPLETE_BASE_INSTANCE
C,3,24,comb,8,0.125,1,0.0001,124838bcaf47856cf04c4b3604c0d69f118e1f5d5b13c735f965cd9c8bec0d7f,f1d9ecc2d7513d391057cfede049da5a07ed21b53456ccf034fe144f79c2e106,24,2,23.99999287000077,24.0,0.02759998633800256,23.0,True,False,10,0,EXTENDED_PENDING_RESOURCE_GATE,COMPLETE_BASE_INSTANCE
C,3,24,comb,8,0.125,1,0.01,99aa879383bb21c132b12ce3b1a90a97c4fa793c880d739cc3ac20d9117621ab,f1d9ecc2d7513d391057cfede049da5a07ed21b53456ccf034fe144f79c2e106,24,2,23.92877705089293,24.0,2.7463635789086016,23.0,True,False,10,0,EXTENDED_PENDING_RESOURCE_GATE,COMPLETE_BASE_INSTANCE
C,3,24,comb,8,0.125,1,0.1,4be8fdf5af267c668dd36ea95c50937eb7eff44a5c128382c0aeeec3c477b0dc,f1d9ecc2d7513d391057cfede049da5a07ed21b53456ccf034fe144f79c2e106,24,2,17.600307636278437,24.0,16.26486711207687,23.0,True,False,10,0,EXTENDED_PENDING_RESOURCE_GATE,COMPLETE_BASE_INSTANCE
C,3,24,comb,8,0.125,1,0.5,7765c2d8ff26fd661c06eaeb1cc1f38c4683069c3ff8cdde5bb1a34d2cd8cfc0,f1d9ecc2d7513d391057cfede049da5a07ed21b53456ccf034fe144f79c2e106,24,2,1.936647295951843,24.0,1.936647295951843,23.0,True,False,10,0,EXTENDED_PENDING_RESOURCE_GATE,COMPLETE_BASE_INSTANCE
C,3,24,comb,8,0.25,2,0.0001,678b945e04894c4b4c9596ffd4f2e610cca302020fea2dec861280d20372d121,f1d9ecc2d7513d391057cfede049da5a07ed21b53456ccf034fe144f79c2e106,24,2,23.99999287000077,24.0,0.02759998633800256,23.0,True,False,10,0,EXTENDED_PENDING_RESOURCE_GATE,COMPLETE_BASE_INSTANCE
C,3,24,comb,8,0.25,2,0.01,5cc88be61fb17b621fbfce1b7c37d6fda89abfb33659b65e001d62b3125c651b,f1d9ecc2d7513d391057cfede049da5a07ed21b53456ccf034fe144f79c2e106,24,2,23.92877705089293,24.0,2.7463635789086016,23.0,True,False,10,0,EXTENDED_PENDING_RESOURCE_GATE,COMPLETE_BASE_INSTANCE
C,3,24,comb,8,0.25,2,0.1,3080a1f19ce9f1a0bda9aa7aedc49f2b6b72c0bf4074e91d8b83d583a8e6ac62,f1d9ecc2d7513d391057cfede049da5a07ed21b53456ccf034fe144f79c2e106,24,2,17.600307636278437,24.0,16.26486711207687,23.0,True,False,10,0,EXTENDED_PENDING_RESOURCE_GATE,COMPLETE_BASE_INSTANCE
C,3,24,comb,8,0.25,2,0.5,730536fceba90efea2932c6eb498798d48d0219081b5584b091dce8979a2b4b8,f1d9ecc2d7513d391057cfede049da5a07ed21b53456ccf034fe144f79c2e106,24,2,1.936647295951843,24.0,1.936647295951843,23.0,True,False,10,0,EXTENDED_PENDING_RESOURCE_GATE,COMPLETE_BASE_INSTANCE
C,3,24,comb,8,0.5,4,0.0001,6cf02198f6edd99120fe71845f5cbb357e79d56c3d4fe814f73aeb284ce01ccb,f1d9ecc2d7513d391057cfede049da5a07ed21b53456ccf034fe144f79c2e106,24,2,23.99999287000077,24.0,0.02759998633800256,23.0,True,False,10,0,EXTENDED_PENDING_RESOURCE_GATE,COMPLETE_BASE_INSTANCE
C,3,24,comb,8,0.5,4,0.01,8927fea301c1561b840f1c882369c86824ac3ec048873d6cbc357f6cc3cc6141,f1d9ecc2d7513d391057cfede049da5a07ed21b53456ccf034fe144f79c2e106,24,2,23.92877705089293,24.0,2.7463635789086016,23.0,True,False,10,0,EXTENDED_PENDING_RESOURCE_GATE,COMPLETE_BASE_INSTANCE
C,3,24,comb,8,0.5,4,0.1,8b62418daade7e971ad06a25f6f0703f45d96431c7d3cd1452bf52bdc85154e4,f1d9ecc2d7513d391057cfede049da5a07ed21b53456ccf034fe144f79c2e106,24,2,17.600307636278437,24.0,16.26486711207687,23.0,True,False,10,0,EXTENDED_PENDING_RESOURCE_GATE,COMPLETE_BASE_INSTANCE
C,3,24,comb,8,0.5,4,0.5,25ed42afd53f91936e6b82f06264dcea87e60fb89d2082bc5dd13e1511ccb93d,f1d9ecc2d7513d391057cfede049da5a07ed21b53456ccf034fe144f79c2e106,24,2,1.936647295951843,24.0,1.936647295951843,23.0,True,False,10,0,EXTENDED_PENDING_RESOURCE_GATE,COMPLETE_BASE_INSTANCE
C,3,24,comb,8,0.75,6,0.0001,c9b425858005d34bb2ebc9917262bb40e0e8d12958427da3664ebe7db60c8368,f1d9ecc2d7513d391057cfede049da5a07ed21b53456ccf034fe144f79c2e106,24,2,23.99999287000077,24.0,0.02759998633800256,23.0,True,False,10,0,EXTENDED_PENDING_RESOURCE_GATE,COMPLETE_BASE_INSTANCE
C,3,24,comb,8,0.75,6,0.01,6f21bf1c14893515cfb4fb5d4e238eff71beefa4805442825e86b25a90d2fc1c,f1d9ecc2d7513d391057cfede049da5a07ed21b53456ccf034fe144f79c2e106,24,2,23.92877705089293,24.0,2.7463635789086016,23.0,True,False,10,0,EXTENDED_PENDING_RESOURCE_GATE,COMPLETE_BASE_INSTANCE
C,3,24,comb,8,0.75,6,0.1,faba50b06e63cebe874703ea7e42f0e6841e679972f4eaa059ae3aaacfc1dfff,f1d9ecc2d7513d391057cfede049da5a07ed21b53456ccf034fe144f79c2e106,24,2,17.600307636278437,24.0,16.26486711207687,23.0,True,False,10,0,EXTENDED_PENDING_RESOURCE_GATE,COMPLETE_BASE_INSTANCE
C,3,24,comb,8,0.75,6,0.5,23087060de2e0ab66a6066fa9058f90b95d831368f0c2fa8769b50b868f8b268,f1d9ecc2d7513d391057cfede049da5a07ed21b53456ccf034fe144f79c2e106,24,2,1.936647295951843,24.0,1.936647295951843,23.0,True,False,10,0,EXTENDED_PENDING_RESOURCE_GATE,COMPLETE_BASE_INSTANCE
C,3,24,comb,16,0.125,2,0.0001,4c563ef7076494cc72813e7e01a3c2e55f60da1e97c591c65eea190ddb17afed,f1d9ecc2d7513d391057cfede049da5a07ed21b53456ccf034fe144f79c2e106,24,2,23.99999287000077,24.0,0.02759998633800256,23.0,True,False,10,0,EXTENDED_PENDING_RESOURCE_GATE,COMPLETE_BASE_INSTANCE
C,3,24,comb,16,0.125,2,0.01,f3bb4b1a06416ea2bb4cc6261258ce4c12ef92c8656cebefb3b5e9a7b6f5d075,f1d9ecc2d7513d391057cfede049da5a07ed21b53456ccf034fe144f79c2e106,24,2,23.92877705089293,24.0,2.7463635789086016,23.0,True,False,10,0,EXTENDED_PENDING_RESOURCE_GATE,COMPLETE_BASE_INSTANCE
C,3,24,comb,16,0.125,2,0.1,5a9d9bdb584740b7160555f0076070bc4d5f03ecbcc031a6dc908148b3d4b840,f1d9ecc2d7513d391057cfede049da5a07ed21b53456ccf034fe144f79c2e106,24,2,17.600307636278437,24.0,16.26486711207687,23.0,True,False,10,0,EXTENDED_PENDING_RESOURCE_GATE,COMPLETE_BASE_INSTANCE
C,3,24,comb,16,0.125,2,0.5,f7340b4f8ff509c93282f7a24f94a2ed24deed46824531a3d51852b91c14ea3a,f1d9ecc2d7513d391057cfede049da5a07ed21b53456ccf034fe144f79c2e106,24,2,1.936647295951843,24.0,1.936647295951843,23.0,True,False,10,0,EXTENDED_PENDING_RESOURCE_GATE,COMPLETE_BASE_INSTANCE
C,3,24,comb,16,0.25,4,0.0001,027bcff606c1de5bf81f64134c304f629470332f02c806a63650d6d2eacbe37b,f1d9ecc2d7513d391057cfede049da5a07ed21b53456ccf034fe144f79c2e106,24,2,23.99999287000077,24.0,0.02759998633800256,23.0,True,False,10,0,EXTENDED_PENDING_RESOURCE_GATE,COMPLETE_BASE_INSTANCE
C,3,24,comb,16,0.25,4,0.01,2645059534ce3d9fa1b3e92406c59d16f4f6dce8b65d493e1ab1f973a07ed6f0,f1d9ecc2d7513d391057cfede049da5a07ed21b53456ccf034fe144f79c2e106,24,2,23.92877705089293,24.0,2.7463635789086016,23.0,True,False,10,0,EXTENDED_PENDING_RESOURCE_GATE,COMPLETE_BASE_INSTANCE
C,3,24,comb,16,0.25,4,0.1,0593e8c09d48c1139f2f861ce2a0ad2b6231f2413652f52aec1444dd5f0642ba,f1d9ecc2d7513d391057cfede049da5a07ed21b53456ccf034fe144f79c2e106,24,2,17.600307636278437,24.0,16.26486711207687,23.0,True,False,10,0,EXTENDED_PENDING_RESOURCE_GATE,COMPLETE_BASE_INSTANCE
C,3,24,comb,16,0.25,4,0.5,3409baa9dae93fabd8b99adb553d0f8ce01d4390af1adbe980254ed2a1620e89,f1d9ecc2d7513d391057cfede049da5a07ed21b53456ccf034fe144f79c2e106,24,2,1.936647295951843,24.0,1.936647295951843,23.0,True,False,10,0,EXTENDED_PENDING_RESOURCE_GATE,COMPLETE_BASE_INSTANCE
C,3,24,comb,16,0.5,8,0.0001,01bd8d260f4b31abc779882dc737ea9f0474bcd79bcf80cca33d4beb9498ec45,f1d9ecc2d7513d391057cfede049da5a07ed21b53456ccf034fe144f79c2e106,24,2,23.99999287000077,24.0,0.02759998633800256,23.0,True,False,10,0,EXTENDED_PENDING_RESOURCE_GATE,COMPLETE_BASE_INSTANCE
C,3,24,comb,16,0.5,8,0.01,7806ce24b1c5ad74e9c25009d56e8ced2dc8c524365e1fdf177e4a5f6d9e6b31,f1d9ecc2d7513d391057cfede049da5a07ed21b53456ccf034fe144f79c2e106,24,2,23.92877705089293,24.0,2.7463635789086016,23.0,True,False,10,0,EXTENDED_PENDING_RESOURCE_GATE,COMPLETE_BASE_INSTANCE
C,3,24,comb,16,0.5,8,0.1,b4975a05dba7c73b43241e2a0ca9fd385af20770f3038b5b899287ccbda91759,f1d9ecc2d7513d391057cfede049da5a07ed21b53456ccf034fe144f79c2e106,24,2,17.600307636278437,24.0,16.26486711207687,23.0,True,False,10,0,EXTENDED_PENDING_RESOURCE_GATE,COMPLETE_BASE_INSTANCE
C,3,24,comb,16,0.5,8,0.5,6b560c46031e9c708efaa5155ea188a8e688afbdcc41e3a3e2a0e85b3736ffdd,f1d9ecc2d7513d391057cfede049da5a07ed21b53456ccf034fe144f79c2e106,24,2,1.936647295951843,24.0,1.936647295951843,23.0,True,False,10,0,EXTENDED_PENDING_RESOURCE_GATE,COMPLETE_BASE_INSTANCE
C,3,24,comb,16,0.75,12,0.0001,51d1a1313257d4bdcacf546c6376a3635cc453f71c6fa009207be1443d982df1,f1d9ecc2d7513d391057cfede049da5a07ed21b53456ccf034fe144f79c2e106,24,2,23.99999287000077,24.0,0.02759998633800256,23.0,True,False,10,0,EXTENDED_PENDING_RESOURCE_GATE,COMPLETE_BASE_INSTANCE
C,3,24,comb,16,0.75,12,0.01,983785f488d51f0be2478a2e11959512594a97156181da7ae53f216492eb5bb4,f1d9ecc2d7513d391057cfede049da5a07ed21b53456ccf034fe144f79c2e106,24,2,23.92877705089293,24.0,2.7463635789086016,23.0,True,False,10,0,EXTENDED_PENDING_RESOURCE_GATE,COMPLETE_BASE_INSTANCE
C,3,24,comb,16,0.75,12,0.1,60f0a14d30434003026d12a55a69c5147b9b75f4c10c685d9461a747bd7fd776,f1d9ecc2d7513d391057cfede049da5a07ed21b53456ccf034fe144f79c2e106,24,2,17.600307636278437,24.0,16.26486711207687,23.0,True,False,10,0,EXTENDED_PENDING_RESOURCE_GATE,COMPLETE_BASE_INSTANCE
C,3,24,comb,16,0.75,12,0.5,937d800b988136f832697e7e215dbb4e6736bba1d6c6cebf90f8b37c8371c699,f1d9ecc2d7513d391057cfede049da5a07ed21b53456ccf034fe144f79c2e106,24,2,1.936647295951843,24.0,1.936647295951843,23.0,True,False,10,0,EXTENDED_PENDING_RESOURCE_GATE,COMPLETE_BASE_INSTANCE
C,3,24,comb,32,0.125,4,0.0001,ac77de75fa455bafa60da6d35b34717c5b09f54348fb895c41d759cff55e6c51,f1d9ecc2d7513d391057cfede049da5a07ed21b53456ccf034fe144f79c2e106,24,2,23.99999287000077,24.0,0.02759998633800256,23.0,True,False,10,0,EXTENDED_PENDING_RESOURCE_GATE,COMPLETE_BASE_INSTANCE
C,3,24,comb,32,0.125,4,0.01,3a63ffbbd292188ba49aa166be33fe36d8a84f42f8cb503cec8c8cc5065e3378,f1d9ecc2d7513d391057cfede049da5a07ed21b53456ccf034fe144f79c2e106,24,2,23.92877705089293,24.0,2.7463635789086016,23.0,True,False,10,0,EXTENDED_PENDING_RESOURCE_GATE,COMPLETE_BASE_INSTANCE
C,3,24,comb,32,0.125,4,0.1,5a2da47d2a5a1dda04ce1b48a1d10932e45bf34550a0f3e37e8b55abaa4f1592,f1d9ecc2d7513d391057cfede049da5a07ed21b53456ccf034fe144f79c2e106,24,2,17.600307636278437,24.0,16.26486711207687,23.0,True,False,10,0,EXTENDED_PENDING_RESOURCE_GATE,COMPLETE_BASE_INSTANCE
C,3,24,comb,32,0.125,4,0.5,b20d09ff20f47e660210ecc54ff51fe11d7816bef92d2c05a053a8072d95ed3f,f1d9ecc2d7513d391057cfede049da5a07ed21b53456ccf034fe144f79c2e106,24,2,1.936647295951843,24.0,1.936647295951843,23.0,True,False,10,0,EXTENDED_PENDING_RESOURCE_GATE,COMPLETE_BASE_INSTANCE
C,3,24,comb,32,0.25,8,0.0001,4c109d0c6d4d92d379ece091d3eda0d889ad4b0b97ed803dd8b3f559cd7c094a,f1d9ecc2d7513d391057cfede049da5a07ed21b53456ccf034fe144f79c2e106,24,2,23.99999287000077,24.0,0.02759998633800256,23.0,True,False,10,0,EXTENDED_PENDING_RESOURCE_GATE,COMPLETE_BASE_INSTANCE
C,3,24,comb,32,0.25,8,0.01,81ca46dbbbac34742da36af4e0e5cecc1e47a226828961925943e2f35ce0df08,f1d9ecc2d7513d391057cfede049da5a07ed21b53456ccf034fe144f79c2e106,24,2,23.92877705089293,24.0,2.7463635789086016,23.0,True,False,10,0,EXTENDED_PENDING_RESOURCE_GATE,COMPLETE_BASE_INSTANCE
C,3,24,comb,32,0.25,8,0.1,3be4a111102d40d50cb2e14586455ef82480a2957d50bfe57cbe3f812d967836,f1d9ecc2d7513d391057cfede049da5a07ed21b53456ccf034fe144f79c2e106,24,2,17.600307636278437,24.0,16.26486711207687,23.0,True,False,10,0,EXTENDED_PENDING_RESOURCE_GATE,COMPLETE_BASE_INSTANCE
C,3,24,comb,32,0.25,8,0.5,bd7b14b585bbb9b6907b8eea4353f1a40fe3afd25e3856f9c967647d4124d3c4,f1d9ecc2d7513d391057cfede049da5a07ed21b53456ccf034fe144f79c2e106,24,2,1.936647295951843,24.0,1.936647295951843,23.0,True,False,10,0,EXTENDED_PENDING_RESOURCE_GATE,COMPLETE_BASE_INSTANCE
C,3,24,comb,32,0.5,16,0.0001,cb04324255dadda97d147885650dfd135d71e94891c871f4902052ec3fdfadd7,f1d9ecc2d7513d391057cfede049da5a07ed21b53456ccf034fe144f79c2e106,24,2,23.99999287000077,24.0,0.02759998633800256,23.0,True,False,10,0,EXTENDED_PENDING_RESOURCE_GATE,COMPLETE_BASE_INSTANCE
C,3,24,comb,32,0.5,16,0.01,06cfccab694995ec6b271b6d94885e6ab7d254d8686d406c40e22b0f8bd7face,f1d9ecc2d7513d391057cfede049da5a07ed21b53456ccf034fe144f79c2e106,24,2,23.92877705089293,24.0,2.7463635789086016,23.0,True,False,10,0,EXTENDED_PENDING_RESOURCE_GATE,COMPLETE_BASE_INSTANCE
C,3,24,comb,32,0.5,16,0.1,c987ff0881046a2da21e10bccfaef7df57bad139ed2fde2868e469b011a6b308,f1d9ecc2d7513d391057cfede049da5a07ed21b53456ccf034fe144f79c2e106,24,2,17.600307636278437,24.0,16.26486711207687,23.0,True,False,10,0,EXTENDED_PENDING_RESOURCE_GATE,COMPLETE_BASE_INSTANCE
C,3,24,comb,32,0.5,16,0.5,90043c0f8ac8619490c41050aef2af36979ceabc8a18c51927f9a812597cf3b8,f1d9ecc2d7513d391057cfede049da5a07ed21b53456ccf034fe144f79c2e106,24,2,1.936647295951843,24.0,1.936647295951843,23.0,True,False,10,0,EXTENDED_PENDING_RESOURCE_GATE,COMPLETE_BASE_INSTANCE
C,3,24,comb,32,0.75,24,0.0001,f7be798c1467569fc0f981267f6dd5abba72df4a820abfdb9a27ac239e8c7d53,f1d9ecc2d7513d391057cfede049da5a07ed21b53456ccf034fe144f79c2e106,24,2,23.99999287000077,24.0,0.02759998633800256,23.0,True,False,10,0,EXTENDED_PENDING_RESOURCE_GATE,COMPLETE_BASE_INSTANCE
C,3,24,comb,32,0.75,24,0.01,5988eb19520f58dc0c50c58d007c380eee13dae432acfe72f0a13569655f2fe7,f1d9ecc2d7513d391057cfede049da5a07ed21b53456ccf034fe144f79c2e106,24,2,23.92877705089293,24.0,2.7463635789086016,23.0,True,False,10,0,EXTENDED_PENDING_RESOURCE_GATE,COMPLETE_BASE_INSTANCE
C,3,24,comb,32,0.75,24,0.1,8a8addbbb67613914a40197d874beeb39109e22def6c8148bb2bba762c42f720,f1d9ecc2d7513d391057cfede049da5a07ed21b53456ccf034fe144f79c2e106,24,2,17.600307636278437,24.0,16.26486711207687,23.0,True,False,10,0,EXTENDED_PENDING_RESOURCE_GATE,COMPLETE_BASE_INSTANCE
C,3,24,comb,32,0.75,24,0.5,a96afcd4db3bb9ec87c94ad72db3fa613c1eb2b6606c0327f48141c7cb186d1d,f1d9ecc2d7513d391057cfede049da5a07ed21b53456ccf034fe144f79c2e106,24,2,1.936647295951843,24.0,1.936647295951843,23.0,True,False,10,0,EXTENDED_PENDING_RESOURCE_GATE,COMPLETE_BASE_INSTANCE
C,3,24,comb,64,0.125,8,0.0001,4a5742d927ed6cc644ae266e32dacde069ab539855f726386c73088f8d792b76,f1d9ecc2d7513d391057cfede049da5a07ed21b53456ccf034fe144f79c2e106,24,2,23.99999287000077,24.0,0.02759998633800256,23.0,True,False,10,0,EXTENDED_PENDING_RESOURCE_GATE,COMPLETE_BASE_INSTANCE
C,3,24,comb,64,0.125,8,0.01,4452fb8af8cf9b0cf26d56daf9adc3ab8194edf7f64b70601c3bd8ee2cb418e7,f1d9ecc2d7513d391057cfede049da5a07ed21b53456ccf034fe144f79c2e106,24,2,23.92877705089293,24.0,2.7463635789086016,23.0,True,False,10,0,EXTENDED_PENDING_RESOURCE_GATE,COMPLETE_BASE_INSTANCE
C,3,24,comb,64,0.125,8,0.1,89ba67d0e844bfe59409a55cac3dfd1018013e0d40ce2f8a560f1cb592252cb1,f1d9ecc2d7513d391057cfede049da5a07ed21b53456ccf034fe144f79c2e106,24,2,17.600307636278437,24.0,16.26486711207687,23.0,True,False,10,0,EXTENDED_PENDING_RESOURCE_GATE,COMPLETE_BASE_INSTANCE
C,3,24,comb,64,0.125,8,0.5,a0f3785d8ad3427202615f77f706379cd0c269d53bc784ea5deb7347d72bb0cd,f1d9ecc2d7513d391057cfede049da5a07ed21b53456ccf034fe144f79c2e106,24,2,1.936647295951843,24.0,1.936647295951843,23.0,True,False,10,0,EXTENDED_PENDING_RESOURCE_GATE,COMPLETE_BASE_INSTANCE
C,3,24,comb,64,0.25,16,0.0001,f32062c279e3bbb761c0b50acefaccf966e93e590d9c34cb1dc7d646ea700f41,f1d9ecc2d7513d391057cfede049da5a07ed21b53456ccf034fe144f79c2e106,24,2,23.99999287000077,24.0,0.02759998633800256,23.0,True,False,10,0,EXTENDED_PENDING_RESOURCE_GATE,COMPLETE_BASE_INSTANCE
C,3,24,comb,64,0.25,16,0.01,f02327c1bb81fa6281c5e3ac5a5ddf629590ed583cd095f1418bf4c92e7d603b,f1d9ecc2d7513d391057cfede049da5a07ed21b53456ccf034fe144f79c2e106,24,2,23.92877705089293,24.0,2.7463635789086016,23.0,True,False,10,0,EXTENDED_PENDING_RESOURCE_GATE,COMPLETE_BASE_INSTANCE
C,3,24,comb,64,0.25,16,0.1,1ec12e6ea3220c442a3d580128c037b8ef85c435ef2bb8af33437226fc511de2,f1d9ecc2d7513d391057cfede049da5a07ed21b53456ccf034fe144f79c2e106,24,2,17.600307636278437,24.0,16.26486711207687,23.0,True,False,10,0,EXTENDED_PENDING_RESOURCE_GATE,COMPLETE_BASE_INSTANCE
C,3,24,comb,64,0.25,16,0.5,2042be0bc976823660c77863442de1da0b97b20a25763d2ea02f40a0621e2c17,f1d9ecc2d7513d391057cfede049da5a07ed21b53456ccf034fe144f79c2e106,24,2,1.936647295951843,24.0,1.936647295951843,23.0,True,False,10,0,EXTENDED_PENDING_RESOURCE_GATE,COMPLETE_BASE_INSTANCE
C,3,24,comb,64,0.5,32,0.0001,e1695050e0c885664723e2777411212c9c3bd5cfcbf2a5034e9f48933f12795a,f1d9ecc2d7513d391057cfede049da5a07ed21b53456ccf034fe144f79c2e106,24,2,23.99999287000077,24.0,0.02759998633800256,23.0,True,False,10,0,EXTENDED_PENDING_RESOURCE_GATE,COMPLETE_BASE_INSTANCE
C,3,24,comb,64,0.5,32,0.01,7c030b93d7549914f9c025730d2c221b6dbbba46ed36269375fd45b0ef888fb2,f1d9ecc2d7513d391057cfede049da5a07ed21b53456ccf034fe144f79c2e106,24,2,23.92877705089293,24.0,2.7463635789086016,23.0,True,False,10,0,EXTENDED_PENDING_RESOURCE_GATE,COMPLETE_BASE_INSTANCE
C,3,24,comb,64,0.5,32,0.1,e3074a90d9381d4eebcbd442b9e12661e2fa4e04c491ef7132d3b58ebef85785,f1d9ecc2d7513d391057cfede049da5a07ed21b53456ccf034fe144f79c2e106,24,2,17.600307636278437,24.0,16.26486711207687,23.0,True,False,10,0,EXTENDED_PENDING_RESOURCE_GATE,COMPLETE_BASE_INSTANCE
C,3,24,comb,64,0.5,32,0.5,fd7098109eeb2690685eb03db58634098aa572c56ba87429d1fd58b25352b025,f1d9ecc2d7513d391057cfede049da5a07ed21b53456ccf034fe144f79c2e106,24,2,1.936647295951843,24.0,1.936647295951843,23.0,True,False,10,0,EXTENDED_PENDING_RESOURCE_GATE,COMPLETE_BASE_INSTANCE
C,3,24,comb,64,0.75,48,0.0001,924896aa29cc76a0257ffdcc7ca758e2f513f1a38bb845bed6585c43eb1d92c8,f1d9ecc2d7513d391057cfede049da5a07ed21b53456ccf034fe144f79c2e106,24,2,23.99999287000077,24.0,0.02759998633800256,23.0,True,False,10,0,EXTENDED_PENDING_RESOURCE_GATE,COMPLETE_BASE_INSTANCE
C,3,24,comb,64,0.75,48,0.01,f361d1135a8760a712c595676c1f524ceb30cac65d68ff57847b776cdce44283,f1d9ecc2d7513d391057cfede049da5a07ed21b53456ccf034fe144f79c2e106,24,2,23.92877705089293,24.0,2.7463635789086016,23.0,True,False,10,0,EXTENDED_PENDING_RESOURCE_GATE,COMPLETE_BASE_INSTANCE
C,3,24,comb,64,0.75,48,0.1,a95fb007779a2629de18089fdd435a10ab78d38771a92984ea68d23980657eac,f1d9ecc2d7513d391057cfede049da5a07ed21b53456ccf034fe144f79c2e106,24,2,17.600307636278437,24.0,16.26486711207687,23.0,True,False,10,0,EXTENDED_PENDING_RESOURCE_GATE,COMPLETE_BASE_INSTANCE
C,3,24,comb,64,0.75,48,0.5,b263c262517334ae20ec3887fb2bcddf1e6295a9bd0cda57422a793071d6d9f0,f1d9ecc2d7513d391057cfede049da5a07ed21b53456ccf034fe144f79c2e106,24,2,1.936647295951843,24.0,1.936647295951843,23.0,True,False,10,0,EXTENDED_PENDING_RESOURCE_GATE,COMPLETE_BASE_INSTANCE
C,3,24,balanced,2,0.125,1,0.0001,0068a95f02b4e16aa87a25c92e85996aa8cc384d44755e078eef4d7bc74ed501,cc4c7881a2a13598f101ff803b9891208c982faad6a14c71f575f1f5ac5d0830,4,4,3.9999994250000372,24.0,0.0017999996690000284,23.0,True,False,10,0,EXTENDED_PENDING_RESOURCE_GATE,COMPLETE_BASE_INSTANCE
C,3,24,balanced,2,0.125,1,0.01,5391906f75b7370aa304a3dced78a9ceb5db4922c5e106bd3b541f6e1cebb9b9,cc4c7881a2a13598f101ff803b9891208c982faad6a14c71f575f1f5ac5d0830,4,4,3.9942537307600054,24.0,0.17966928544912375,23.0,True,False,10,0,EXTENDED_PENDING_RESOURCE_GATE,COMPLETE_BASE_INSTANCE
C,3,24,balanced,2,0.125,1,0.1,917a6856e84a302af2bdb2bed09022044acd458db87e469d98cbd0aeda99f088,cc4c7881a2a13598f101ff803b9891208c982faad6a14c71f575f1f5ac5d0830,4,4,3.4609294797577976,24.0,1.496103145915123,23.0,True,False,10,0,EXTENDED_PENDING_RESOURCE_GATE,COMPLETE_BASE_INSTANCE
C,3,24,balanced,2,0.125,1,0.5,90d9fae96580108177647ff524c7272bd7cfa2fd506cc862bd57d1c722fac42d,cc4c7881a2a13598f101ff803b9891208c982faad6a14c71f575f1f5ac5d0830,4,4,0.06335270404815672,24.0,0.06335270404815672,23.0,True,False,10,0,EXTENDED_PENDING_RESOURCE_GATE,COMPLETE_BASE_INSTANCE
C,3,24,balanced,2,0.25,1,0.0001,f5f51fbb6875bc14c2da68246c98f085f687b119c70a92a52b8a741953c95cf4,cc4c7881a2a13598f101ff803b9891208c982faad6a14c71f575f1f5ac5d0830,4,4,3.9999994250000372,24.0,0.0017999996690000284,23.0,True,False,10,0,EXTENDED_PENDING_RESOURCE_GATE,COMPLETE_BASE_INSTANCE
C,3,24,balanced,2,0.25,1,0.01,3515128f01dca6bfe1ab19d48a195b1af81d68e4a91b1be588412d292e31d9a8,cc4c7881a2a13598f101ff803b9891208c982faad6a14c71f575f1f5ac5d0830,4,4,3.9942537307600054,24.0,0.17966928544912375,23.0,True,False,10,0,EXTENDED_PENDING_RESOURCE_GATE,COMPLETE_BASE_INSTANCE
C,3,24,balanced,2,0.25,1,0.1,a14e06667ca5b500b0799a6a196d5192f6d81005db168e9d8af7e860311f3f54,cc4c7881a2a13598f101ff803b9891208c982faad6a14c71f575f1f5ac5d0830,4,4,3.4609294797577976,24.0,1.496103145915123,23.0,True,False,10,0,EXTENDED_PENDING_RESOURCE_GATE,COMPLETE_BASE_INSTANCE
C,3,24,balanced,2,0.25,1,0.5,e32efb7b6728178945855b825bfb6dd54aa3720ef9ecd5b2c5265af1e630a214,cc4c7881a2a13598f101ff803b9891208c982faad6a14c71f575f1f5ac5d0830,4,4,0.06335270404815672,24.0,0.06335270404815672,23.0,True,False,10,0,EXTENDED_PENDING_RESOURCE_GATE,COMPLETE_BASE_INSTANCE
C,3,24,balanced,2,0.5,1,0.0001,ba54e4852dab5950d66939b37105cb6fac408f4483f2d201f8e9d8255f539814,cc4c7881a2a13598f101ff803b9891208c982faad6a14c71f575f1f5ac5d0830,4,4,3.9999994250000372,24.0,0.0017999996690000284,23.0,True,False,10,0,EXTENDED_PENDING_RESOURCE_GATE,COMPLETE_BASE_INSTANCE
C,3,24,balanced,2,0.5,1,0.01,b21e5eab9912955137629ea7c7a587ed1c102c746b31e6c934ccfac5b8657952,cc4c7881a2a13598f101ff803b9891208c982faad6a14c71f575f1f5ac5d0830,4,4,3.9942537307600054,24.0,0.17966928544912375,23.0,True,False,10,0,EXTENDED_PENDING_RESOURCE_GATE,COMPLETE_BASE_INSTANCE
C,3,24,balanced,2,0.5,1,0.1,5a895008f4c034db78b878d352740018a6cb3c01d84823a0ce8574c2a8773932,cc4c7881a2a13598f101ff803b9891208c982faad6a14c71f575f1f5ac5d0830,4,4,3.4609294797577976,24.0,1.496103145915123,23.0,True,False,10,0,EXTENDED_PENDING_RESOURCE_GATE,COMPLETE_BASE_INSTANCE
C,3,24,balanced,2,0.5,1,0.5,782b8c2e0f51e22f9c3251e68436f7120f87dc986a4603823a22d3f4e97ca9d0,cc4c7881a2a13598f101ff803b9891208c982faad6a14c71f575f1f5ac5d0830,4,4,0.06335270404815672,24.0,0.06335270404815672,23.0,True,False,10,0,EXTENDED_PENDING_RESOURCE_GATE,COMPLETE_BASE_INSTANCE
C,3,24,balanced,2,0.75,1,0.0001,b350e8ad4435eacc444efba12d07e0b6d52acc0e12459d4e5c04ec4a50621657,cc4c7881a2a13598f101ff803b9891208c982faad6a14c71f575f1f5ac5d0830,4,4,3.9999994250000372,24.0,0.0017999996690000284,23.0,True,False,10,0,EXTENDED_PENDING_RESOURCE_GATE,COMPLETE_BASE_INSTANCE
C,3,24,balanced,2,0.75,1,0.01,f6e926314a23472e68863c1597a84933026dfcc6b9bd7cdf3f297a4fef40ef2b,cc4c7881a2a13598f101ff803b9891208c982faad6a14c71f575f1f5ac5d0830,4,4,3.9942537307600054,24.0,0.17966928544912375,23.0,True,False,10,0,EXTENDED_PENDING_RESOURCE_GATE,COMPLETE_BASE_INSTANCE
C,3,24,balanced,2,0.75,1,0.1,71055d6474d20d7475dd10d5d490f8a9db655d29c78941524c68829f16b61a1b,cc4c7881a2a13598f101ff803b9891208c982faad6a14c71f575f1f5ac5d0830,4,4,3.4609294797577976,24.0,1.496103145915123,23.0,True,False,10,0,EXTENDED_PENDING_RESOURCE_GATE,COMPLETE_BASE_INSTANCE
C,3,24,balanced,2,0.75,1,0.5,9bfb49dbc6501f8076ec24aee90f5210d27715c519c6d438761f6ff0fdb85ad7,cc4c7881a2a13598f101ff803b9891208c982faad6a14c71f575f1f5ac5d0830,4,4,0.06335270404815672,24.0,0.06335270404815672,23.0,True,False,10,0,EXTENDED_PENDING_RESOURCE_GATE,COMPLETE_BASE_INSTANCE
C,3,24,balanced,4,0.125,1,0.0001,0d5f758edc72316cb28c3252dd2c82841a2763bc48a3f8ee184bccbfc8c97457,cc4c7881a2a13598f101ff803b9891208c982faad6a14c71f575f1f5ac5d0830,4,4,3.9999994250000372,24.0,0.0017999996690000284,23.0,True,False,10,0,EXTENDED_PENDING_RESOURCE_GATE,COMPLETE_BASE_INSTANCE
C,3,24,balanced,4,0.125,1,0.01,f1cab1d69d284191782228f2a1fb0427c5b7328a35eec18e1acc835764aafa97,cc4c7881a2a13598f101ff803b9891208c982faad6a14c71f575f1f5ac5d0830,4,4,3.9942537307600054,24.0,0.17966928544912375,23.0,True,False,10,0,EXTENDED_PENDING_RESOURCE_GATE,COMPLETE_BASE_INSTANCE
C,3,24,balanced,4,0.125,1,0.1,d24747f48d39c3b54a034162b71057127be08ed7d08d0e3d37ddb49a7e77e55d,cc4c7881a2a13598f101ff803b9891208c982faad6a14c71f575f1f5ac5d0830,4,4,3.4609294797577976,24.0,1.496103145915123,23.0,True,False,10,0,EXTENDED_PENDING_RESOURCE_GATE,COMPLETE_BASE_INSTANCE
C,3,24,balanced,4,0.125,1,0.5,6511e79966fd0f71bb708a3ebd13d25e5f233ad4b369f46a7daeab6516fe1d68,cc4c7881a2a13598f101ff803b9891208c982faad6a14c71f575f1f5ac5d0830,4,4,0.06335270404815672,24.0,0.06335270404815672,23.0,True,False,10,0,EXTENDED_PENDING_RESOURCE_GATE,COMPLETE_BASE_INSTANCE
C,3,24,balanced,4,0.25,1,0.0001,349a77c9f03b0077a103ca8ef7fba44f71dce33804e27b3d837962d80e3107b0,cc4c7881a2a13598f101ff803b9891208c982faad6a14c71f575f1f5ac5d0830,4,4,3.9999994250000372,24.0,0.0017999996690000284,23.0,True,False,10,0,EXTENDED_PENDING_RESOURCE_GATE,COMPLETE_BASE_INSTANCE
C,3,24,balanced,4,0.25,1,0.01,64744435e5be17a5362400b47392d8bc74e8979285c2e41d2d6298a8d5bdc294,cc4c7881a2a13598f101ff803b9891208c982faad6a14c71f575f1f5ac5d0830,4,4,3.9942537307600054,24.0,0.17966928544912375,23.0,True,False,10,0,EXTENDED_PENDING_RESOURCE_GATE,COMPLETE_BASE_INSTANCE
C,3,24,balanced,4,0.25,1,0.1,7a13cbcaa118e7e67af3b50510e770f7f15802d8fca05e6dbbdc02391e978d0c,cc4c7881a2a13598f101ff803b9891208c982faad6a14c71f575f1f5ac5d0830,4,4,3.4609294797577976,24.0,1.496103145915123,23.0,True,False,10,0,EXTENDED_PENDING_RESOURCE_GATE,COMPLETE_BASE_INSTANCE
C,3,24,balanced,4,0.25,1,0.5,615184baab2a46239de5a2c4ca6c9c6498ba929a04c49a0bfe35384353032a0e,cc4c7881a2a13598f101ff803b9891208c982faad6a14c71f575f1f5ac5d0830,4,4,0.06335270404815672,24.0,0.06335270404815672,23.0,True,False,10,0,EXTENDED_PENDING_RESOURCE_GATE,COMPLETE_BASE_INSTANCE
C,3,24,balanced,4,0.5,2,0.0001,2d20feab3c88e7a3ae8495d0a0a3d88cc792de1efc7153e0c82b21397fb1780b,cc4c7881a2a13598f101ff803b9891208c982faad6a14c71f575f1f5ac5d0830,4,4,3.9999994250000372,24.0,0.0017999996690000284,23.0,True,False,10,0,EXTENDED_PENDING_RESOURCE_GATE,COMPLETE_BASE_INSTANCE
C,3,24,balanced,4,0.5,2,0.01,824b30690d3049f8edbe2be271c838b378b5d55f72d1666b5cf5f2566e1b5f93,cc4c7881a2a13598f101ff803b9891208c982faad6a14c71f575f1f5ac5d0830,4,4,3.9942537307600054,24.0,0.17966928544912375,23.0,True,False,10,0,EXTENDED_PENDING_RESOURCE_GATE,COMPLETE_BASE_INSTANCE
C,3,24,balanced,4,0.5,2,0.1,50eb4e70a3a90ddf8570c11139d71bc862f7d47c4217a648eed8f939e619c8e0,cc4c7881a2a13598f101ff803b9891208c982faad6a14c71f575f1f5ac5d0830,4,4,3.4609294797577976,24.0,1.496103145915123,23.0,True,False,10,0,EXTENDED_PENDING_RESOURCE_GATE,COMPLETE_BASE_INSTANCE
C,3,24,balanced,4,0.5,2,0.5,26b588affd99c6de3c4aba682a5f3614059711ae06f3ba264bcaea8bd154f78e,cc4c7881a2a13598f101ff803b9891208c982faad6a14c71f575f1f5ac5d0830,4,4,0.06335270404815672,24.0,0.06335270404815672,23.0,True,False,10,0,EXTENDED_PENDING_RESOURCE_GATE,COMPLETE_BASE_INSTANCE
C,3,24,balanced,4,0.75,3,0.0001,325077af18ff62890c4384a7d1615e6bcf7c306eb0d150f40a62e0dad72d2d09,cc4c7881a2a13598f101ff803b9891208c982faad6a14c71f575f1f5ac5d0830,4,4,3.9999994250000372,24.0,0.0017999996690000284,23.0,True,False,10,0,EXTENDED_PENDING_RESOURCE_GATE,COMPLETE_BASE_INSTANCE
C,3,24,balanced,4,0.75,3,0.01,fef9f2ab1771ca4f00411147ec2bd1940bd54b52369bdaedffe1af7a35038c6a,cc4c7881a2a13598f101ff803b9891208c982faad6a14c71f575f1f5ac5d0830,4,4,3.9942537307600054,24.0,0.17966928544912375,23.0,True,False,10,0,EXTENDED_PENDING_RESOURCE_GATE,COMPLETE_BASE_INSTANCE
C,3,24,balanced,4,0.75,3,0.1,33d4424fe41191ea4b0dff464e2bf313c1a76e6f5263cbd0a97f3875c2f992a2,cc4c7881a2a13598f101ff803b9891208c982faad6a14c71f575f1f5ac5d0830,4,4,3.4609294797577976,24.0,1.496103145915123,23.0,True,False,10,0,EXTENDED_PENDING_RESOURCE_GATE,COMPLETE_BASE_INSTANCE
C,3,24,balanced,4,0.75,3,0.5,bbf7a3a4c0eb2b728c31749426752fd6d3a8a63b0c9aff37fb7d1da121b12314,cc4c7881a2a13598f101ff803b9891208c982faad6a14c71f575f1f5ac5d0830,4,4,0.06335270404815672,24.0,0.06335270404815672,23.0,True,False,10,0,EXTENDED_PENDING_RESOURCE_GATE,COMPLETE_BASE_INSTANCE
C,3,24,balanced,8,0.125,1,0.0001,f7fdaaa7210b252a8fe2fb6e6c38e10f74cfbce2b088e8e0f0383b1e89291248,cc4c7881a2a13598f101ff803b9891208c982faad6a14c71f575f1f5ac5d0830,4,4,3.9999994250000372,24.0,0.0017999996690000284,23.0,True,False,10,0,EXTENDED_PENDING_RESOURCE_GATE,COMPLETE_BASE_INSTANCE
C,3,24,balanced,8,0.125,1,0.01,6375eee5545fad72377713dedcd8f246b3487dc6389ce8d23c4fa4627377ae55,cc4c7881a2a13598f101ff803b9891208c982faad6a14c71f575f1f5ac5d0830,4,4,3.9942537307600054,24.0,0.17966928544912375,23.0,True,False,10,0,EXTENDED_PENDING_RESOURCE_GATE,COMPLETE_BASE_INSTANCE
C,3,24,balanced,8,0.125,1,0.1,9525b2334eec9c3531dedb8647f6759a044fe295600a3629bc3ac93a93380971,cc4c7881a2a13598f101ff803b9891208c982faad6a14c71f575f1f5ac5d0830,4,4,3.4609294797577976,24.0,1.496103145915123,23.0,True,False,10,0,EXTENDED_PENDING_RESOURCE_GATE,COMPLETE_BASE_INSTANCE
C,3,24,balanced,8,0.125,1,0.5,07cb53800309d75387c2469068a30f943d289b4ec37731ee1902b637f7153983,cc4c7881a2a13598f101ff803b9891208c982faad6a14c71f575f1f5ac5d0830,4,4,0.06335270404815672,24.0,0.06335270404815672,23.0,True,False,10,0,EXTENDED_PENDING_RESOURCE_GATE,COMPLETE_BASE_INSTANCE
C,3,24,balanced,8,0.25,2,0.0001,3562fe76d77a34f34a81b98da587d9a7025298391fef40b37cc372c99751149c,cc4c7881a2a13598f101ff803b9891208c982faad6a14c71f575f1f5ac5d0830,4,4,3.9999994250000372,24.0,0.0017999996690000284,23.0,True,False,10,0,EXTENDED_PENDING_RESOURCE_GATE,COMPLETE_BASE_INSTANCE
C,3,24,balanced,8,0.25,2,0.01,4361b243cdda8657cfadaa751ea24f2c9007546bac3f99990c898eaf576859fe,cc4c7881a2a13598f101ff803b9891208c982faad6a14c71f575f1f5ac5d0830,4,4,3.9942537307600054,24.0,0.17966928544912375,23.0,True,False,10,0,EXTENDED_PENDING_RESOURCE_GATE,COMPLETE_BASE_INSTANCE
C,3,24,balanced,8,0.25,2,0.1,d3a83d6a36bb68d309918bcc7fad3831d62a6c4d96046a99be2bc0d59176f4f4,cc4c7881a2a13598f101ff803b9891208c982faad6a14c71f575f1f5ac5d0830,4,4,3.4609294797577976,24.0,1.496103145915123,23.0,True,False,10,0,EXTENDED_PENDING_RESOURCE_GATE,COMPLETE_BASE_INSTANCE
C,3,24,balanced,8,0.25,2,0.5,ac689c668d7592018d39535dfc7093389585cd26d0eec1790e0b8a8a1fe342c5,cc4c7881a2a13598f101ff803b9891208c982faad6a14c71f575f1f5ac5d0830,4,4,0.06335270404815672,24.0,0.06335270404815672,23.0,True,False,10,0,EXTENDED_PENDING_RESOURCE_GATE,COMPLETE_BASE_INSTANCE
C,3,24,balanced,8,0.5,4,0.0001,a169a52282fe12eaa7c9b7fa193772231dee555bffa255026f65c94e6d94b3c5,cc4c7881a2a13598f101ff803b9891208c982faad6a14c71f575f1f5ac5d0830,4,4,3.9999994250000372,24.0,0.0017999996690000284,23.0,True,False,10,0,EXTENDED_PENDING_RESOURCE_GATE,COMPLETE_BASE_INSTANCE
C,3,24,balanced,8,0.5,4,0.01,1908f2ed4f7fec89c281680bc1aa73b59ae8e851c44b8f7e5f37495b822eee18,cc4c7881a2a13598f101ff803b9891208c982faad6a14c71f575f1f5ac5d0830,4,4,3.9942537307600054,24.0,0.17966928544912375,23.0,True,False,10,0,EXTENDED_PENDING_RESOURCE_GATE,COMPLETE_BASE_INSTANCE
C,3,24,balanced,8,0.5,4,0.1,bc61a2cc3b997fc516d4c068e781c1b9f8bd8be57a15cb23d383d92e92ba30df,cc4c7881a2a13598f101ff803b9891208c982faad6a14c71f575f1f5ac5d0830,4,4,3.4609294797577976,24.0,1.496103145915123,23.0,True,False,10,0,EXTENDED_PENDING_RESOURCE_GATE,COMPLETE_BASE_INSTANCE
C,3,24,balanced,8,0.5,4,0.5,0c1f73835c614ba2ed9e17a96f40b8f78402846c39832da74340584fdbb0414e,cc4c7881a2a13598f101ff803b9891208c982faad6a14c71f575f1f5ac5d0830,4,4,0.06335270404815672,24.0,0.06335270404815672,23.0,True,False,10,0,EXTENDED_PENDING_RESOURCE_GATE,COMPLETE_BASE_INSTANCE
C,3,24,balanced,8,0.75,6,0.0001,186f31e4987deaa89126b14caa32d52c0b9d34b04285beb9ed009b507d6b4fa4,cc4c7881a2a13598f101ff803b9891208c982faad6a14c71f575f1f5ac5d0830,4,4,3.9999994250000372,24.0,0.0017999996690000284,23.0,True,False,10,0,EXTENDED_PENDING_RESOURCE_GATE,COMPLETE_BASE_INSTANCE
C,3,24,balanced,8,0.75,6,0.01,04b005fe423680120079e65c4cfe43f6ec42ee366e3160171de0dc736fcf7b39,cc4c7881a2a13598f101ff803b9891208c982faad6a14c71f575f1f5ac5d0830,4,4,3.9942537307600054,24.0,0.17966928544912375,23.0,True,False,10,0,EXTENDED_PENDING_RESOURCE_GATE,COMPLETE_BASE_INSTANCE
C,3,24,balanced,8,0.75,6,0.1,02720ca523b0349d9963db8438e02db1a0fff2c35d5a3dd302582a0c712459fc,cc4c7881a2a13598f101ff803b9891208c982faad6a14c71f575f1f5ac5d0830,4,4,3.4609294797577976,24.0,1.496103145915123,23.0,True,False,10,0,EXTENDED_PENDING_RESOURCE_GATE,COMPLETE_BASE_INSTANCE
C,3,24,balanced,8,0.75,6,0.5,ec5fe5d01f32324bbfb1d0897919aef74a8a59a59f10b0303097eb6d2015844c,cc4c7881a2a13598f101ff803b9891208c982faad6a14c71f575f1f5ac5d0830,4,4,0.06335270404815672,24.0,0.06335270404815672,23.0,True,False,10,0,EXTENDED_PENDING_RESOURCE_GATE,COMPLETE_BASE_INSTANCE
C,3,24,balanced,16,0.125,2,0.0001,88bdbd3097149fae2e3b5b5c42533ba24280bc126242d3d58a08c368924adad7,cc4c7881a2a13598f101ff803b9891208c982faad6a14c71f575f1f5ac5d0830,4,4,3.9999994250000372,24.0,0.0017999996690000284,23.0,True,False,10,0,EXTENDED_PENDING_RESOURCE_GATE,COMPLETE_BASE_INSTANCE
C,3,24,balanced,16,0.125,2,0.01,f2b215888bfc3c5508059acf59da6578ebe0ef5990141ce93d2e6fe8702614ee,cc4c7881a2a13598f101ff803b9891208c982faad6a14c71f575f1f5ac5d0830,4,4,3.9942537307600054,24.0,0.17966928544912375,23.0,True,False,10,0,EXTENDED_PENDING_RESOURCE_GATE,COMPLETE_BASE_INSTANCE
C,3,24,balanced,16,0.125,2,0.1,73804a4b05f05abf93123964d34c68726398012fd757847ee2179b4b18135e51,cc4c7881a2a13598f101ff803b9891208c982faad6a14c71f575f1f5ac5d0830,4,4,3.4609294797577976,24.0,1.496103145915123,23.0,True,False,10,0,EXTENDED_PENDING_RESOURCE_GATE,COMPLETE_BASE_INSTANCE
C,3,24,balanced,16,0.125,2,0.5,22b9d694d0bb2f7afbc63af3a34b021ae116f7e0e5124f73a701423fec5649c1,cc4c7881a2a13598f101ff803b9891208c982faad6a14c71f575f1f5ac5d0830,4,4,0.06335270404815672,24.0,0.06335270404815672,23.0,True,False,10,0,EXTENDED_PENDING_RESOURCE_GATE,COMPLETE_BASE_INSTANCE
C,3,24,balanced,16,0.25,4,0.0001,24f41a426fcb99a9d532f60d5bcd24d6657b1b4b5ea494147b11c152bb3424ca,cc4c7881a2a13598f101ff803b9891208c982faad6a14c71f575f1f5ac5d0830,4,4,3.9999994250000372,24.0,0.0017999996690000284,23.0,True,False,10,0,EXTENDED_PENDING_RESOURCE_GATE,COMPLETE_BASE_INSTANCE
C,3,24,balanced,16,0.25,4,0.01,c1035f5e2718616461ab4a3ef89005bfde58b2e6acadf851c099227347fe9acb,cc4c7881a2a13598f101ff803b9891208c982faad6a14c71f575f1f5ac5d0830,4,4,3.9942537307600054,24.0,0.17966928544912375,23.0,True,False,10,0,EXTENDED_PENDING_RESOURCE_GATE,COMPLETE_BASE_INSTANCE
C,3,24,balanced,16,0.25,4,0.1,f40a7838442a1fcf5d543e058d26d6ee6a250af70adbbb71687a02c58fb16fc5,cc4c7881a2a13598f101ff803b9891208c982faad6a14c71f575f1f5ac5d0830,4,4,3.4609294797577976,24.0,1.496103145915123,23.0,True,False,10,0,EXTENDED_PENDING_RESOURCE_GATE,COMPLETE_BASE_INSTANCE
C,3,24,balanced,16,0.25,4,0.5,5b402c72f01829385a2772fb7acd7a453850978c70a42a2a8264946d2c69c9d0,cc4c7881a2a13598f101ff803b9891208c982faad6a14c71f575f1f5ac5d0830,4,4,0.06335270404815672,24.0,0.06335270404815672,23.0,True,False,10,0,EXTENDED_PENDING_RESOURCE_GATE,COMPLETE_BASE_INSTANCE
C,3,24,balanced,16,0.5,8,0.0001,c6ea9d06836021f3342fea37a9b8fd3d336a65a5bc43076be245a22008f6bb58,cc4c7881a2a13598f101ff803b9891208c982faad6a14c71f575f1f5ac5d0830,4,4,3.9999994250000372,24.0,0.0017999996690000284,23.0,True,False,10,0,EXTENDED_PENDING_RESOURCE_GATE,COMPLETE_BASE_INSTANCE
C,3,24,balanced,16,0.5,8,0.01,929e40a80ce7f9ae2b749ed04720aa4cf2a34c095595ec230915474ce5efee1e,cc4c7881a2a13598f101ff803b9891208c982faad6a14c71f575f1f5ac5d0830,4,4,3.9942537307600054,24.0,0.17966928544912375,23.0,True,False,10,0,EXTENDED_PENDING_RESOURCE_GATE,COMPLETE_BASE_INSTANCE
C,3,24,balanced,16,0.5,8,0.1,a216afd12ddd0bd3fca884fefe495653efd98acb2467133b6717595d247bd9d8,cc4c7881a2a13598f101ff803b9891208c982faad6a14c71f575f1f5ac5d0830,4,4,3.4609294797577976,24.0,1.496103145915123,23.0,True,False,10,0,EXTENDED_PENDING_RESOURCE_GATE,COMPLETE_BASE_INSTANCE
C,3,24,balanced,16,0.5,8,0.5,d4b130fa12e71f38be46004e86db5e737dfc617c0a62be002a536debbd665feb,cc4c7881a2a13598f101ff803b9891208c982faad6a14c71f575f1f5ac5d0830,4,4,0.06335270404815672,24.0,0.06335270404815672,23.0,True,False,10,0,EXTENDED_PENDING_RESOURCE_GATE,COMPLETE_BASE_INSTANCE
C,3,24,balanced,16,0.75,12,0.0001,125401833063ce6fe8edfb8ff18d0922f2767ee9a2d8df87a85657607e41eb02,cc4c7881a2a13598f101ff803b9891208c982faad6a14c71f575f1f5ac5d0830,4,4,3.9999994250000372,24.0,0.0017999996690000284,23.0,True,False,10,0,EXTENDED_PENDING_RESOURCE_GATE,COMPLETE_BASE_INSTANCE
C,3,24,balanced,16,0.75,12,0.01,8f262befc08b4c410f64e39844ef7b9fc3b1f5eba77a4403a408b853d61299af,cc4c7881a2a13598f101ff803b9891208c982faad6a14c71f575f1f5ac5d0830,4,4,3.9942537307600054,24.0,0.17966928544912375,23.0,True,False,10,0,EXTENDED_PENDING_RESOURCE_GATE,COMPLETE_BASE_INSTANCE
C,3,24,balanced,16,0.75,12,0.1,06d2e2cbdaadfda7b8e240a8dbe0ab60b0cda1154a1807366cbfd9c9e981ca58,cc4c7881a2a13598f101ff803b9891208c982faad6a14c71f575f1f5ac5d0830,4,4,3.4609294797577976,24.0,1.496103145915123,23.0,True,False,10,0,EXTENDED_PENDING_RESOURCE_GATE,COMPLETE_BASE_INSTANCE
C,3,24,balanced,16,0.75,12,0.5,cd862e80ac8e31b6438a45095b4090f36e3325413a5baf14264bc6a60f56146b,cc4c7881a2a13598f101ff803b9891208c982faad6a14c71f575f1f5ac5d0830,4,4,0.06335270404815672,24.0,0.06335270404815672,23.0,True,False,10,0,EXTENDED_PENDING_RESOURCE_GATE,COMPLETE_BASE_INSTANCE
C,3,24,balanced,32,0.125,4,0.0001,47527f798f62bc4e0a17cc018381cbf505e8d840a99470f33fa293419a45a3fd,cc4c7881a2a13598f101ff803b9891208c982faad6a14c71f575f1f5ac5d0830,4,4,3.9999994250000372,24.0,0.0017999996690000284,23.0,True,False,10,0,EXTENDED_PENDING_RESOURCE_GATE,COMPLETE_BASE_INSTANCE
C,3,24,balanced,32,0.125,4,0.01,271bc49c8b55daf8f0cb795d37842fd5891ed446b6e69fcbe127077332cf839a,cc4c7881a2a13598f101ff803b9891208c982faad6a14c71f575f1f5ac5d0830,4,4,3.9942537307600054,24.0,0.17966928544912375,23.0,True,False,10,0,EXTENDED_PENDING_RESOURCE_GATE,COMPLETE_BASE_INSTANCE
C,3,24,balanced,32,0.125,4,0.1,a052b4ea9d1c8223c564cbdeaa5c9e4a9e0a921b1862ed8417af3ec1a4b9cf46,cc4c7881a2a13598f101ff803b9891208c982faad6a14c71f575f1f5ac5d0830,4,4,3.4609294797577976,24.0,1.496103145915123,23.0,True,False,10,0,EXTENDED_PENDING_RESOURCE_GATE,COMPLETE_BASE_INSTANCE
C,3,24,balanced,32,0.125,4,0.5,8bd285276a68e0ba7f56df707f3c02fdb55018d0c8a8813ff6ac15f6e26d000a,cc4c7881a2a13598f101ff803b9891208c982faad6a14c71f575f1f5ac5d0830,4,4,0.06335270404815672,24.0,0.06335270404815672,23.0,True,False,10,0,EXTENDED_PENDING_RESOURCE_GATE,COMPLETE_BASE_INSTANCE
C,3,24,balanced,32,0.25,8,0.0001,e6214998b12b8d34a9583d0a7b808721f9b3dc9ecb7173bbb1affb12e1ffa9f0,cc4c7881a2a13598f101ff803b9891208c982faad6a14c71f575f1f5ac5d0830,4,4,3.9999994250000372,24.0,0.0017999996690000284,23.0,True,False,10,0,EXTENDED_PENDING_RESOURCE_GATE,COMPLETE_BASE_INSTANCE
C,3,24,balanced,32,0.25,8,0.01,55ada08e0b386463f274a0550fb962663aee0f3957af0a34530e929d20b52747,cc4c7881a2a13598f101ff803b9891208c982faad6a14c71f575f1f5ac5d0830,4,4,3.9942537307600054,24.0,0.17966928544912375,23.0,True,False,10,0,EXTENDED_PENDING_RESOURCE_GATE,COMPLETE_BASE_INSTANCE
C,3,24,balanced,32,0.25,8,0.1,a0bd09f697bfd5a55e584728564679a489bf2840d14cefb92731f6f31edb0b7b,cc4c7881a2a13598f101ff803b9891208c982faad6a14c71f575f1f5ac5d0830,4,4,3.4609294797577976,24.0,1.496103145915123,23.0,True,False,10,0,EXTENDED_PENDING_RESOURCE_GATE,COMPLETE_BASE_INSTANCE
C,3,24,balanced,32,0.25,8,0.5,bd5ee3cd9b4616a7fbb0e2626d19fd839b6387f25d3ef1568d3a5eb6b552345d,cc4c7881a2a13598f101ff803b9891208c982faad6a14c71f575f1f5ac5d0830,4,4,0.06335270404815672,24.0,0.06335270404815672,23.0,True,False,10,0,EXTENDED_PENDING_RESOURCE_GATE,COMPLETE_BASE_INSTANCE
C,3,24,balanced,32,0.5,16,0.0001,b8a3e5a5946364ca480c659e94efe85fc30ee4ceeff6abf78dcc0ff6eea76823,cc4c7881a2a13598f101ff803b9891208c982faad6a14c71f575f1f5ac5d0830,4,4,3.9999994250000372,24.0,0.0017999996690000284,23.0,True,False,10,0,EXTENDED_PENDING_RESOURCE_GATE,COMPLETE_BASE_INSTANCE
C,3,24,balanced,32,0.5,16,0.01,b291215ebf477336b6598337cf689a6c86c2fe63a358365f14f445c010fe8162,cc4c7881a2a13598f101ff803b9891208c982faad6a14c71f575f1f5ac5d0830,4,4,3.9942537307600054,24.0,0.17966928544912375,23.0,True,False,10,0,EXTENDED_PENDING_RESOURCE_GATE,COMPLETE_BASE_INSTANCE
C,3,24,balanced,32,0.5,16,0.1,c62f2bcc125bfd1718dde1604b48b70fd96ea769f6fea3858fc463ae856ccc2a,cc4c7881a2a13598f101ff803b9891208c982faad6a14c71f575f1f5ac5d0830,4,4,3.4609294797577976,24.0,1.496103145915123,23.0,True,False,10,0,EXTENDED_PENDING_RESOURCE_GATE,COMPLETE_BASE_INSTANCE
C,3,24,balanced,32,0.5,16,0.5,46058dbcf613186d57f84df0c3eba7745267dc7041c4b624fd2f3eb93fc40e97,cc4c7881a2a13598f101ff803b9891208c982faad6a14c71f575f1f5ac5d0830,4,4,0.06335270404815672,24.0,0.06335270404815672,23.0,True,False,10,0,EXTENDED_PENDING_RESOURCE_GATE,COMPLETE_BASE_INSTANCE
C,3,24,balanced,32,0.75,24,0.0001,f1bc639e67a34b522c42f7af35d754ba5e4c79da608d2980a34b26d9b34f6199,cc4c7881a2a13598f101ff803b9891208c982faad6a14c71f575f1f5ac5d0830,4,4,3.9999994250000372,24.0,0.0017999996690000284,23.0,True,False,10,0,EXTENDED_PENDING_RESOURCE_GATE,COMPLETE_BASE_INSTANCE
C,3,24,balanced,32,0.75,24,0.01,b1bbed8b6a74c6693527afad4558a9964dba5192dd0f20ed283089c037045607,cc4c7881a2a13598f101ff803b9891208c982faad6a14c71f575f1f5ac5d0830,4,4,3.9942537307600054,24.0,0.17966928544912375,23.0,True,False,10,0,EXTENDED_PENDING_RESOURCE_GATE,COMPLETE_BASE_INSTANCE
C,3,24,balanced,32,0.75,24,0.1,495ce8118a0af3237eaca1423449ed758a0548ac0a4d49ea47ffb6c5011a0344,cc4c7881a2a13598f101ff803b9891208c982faad6a14c71f575f1f5ac5d0830,4,4,3.4609294797577976,24.0,1.496103145915123,23.0,True,False,10,0,EXTENDED_PENDING_RESOURCE_GATE,COMPLETE_BASE_INSTANCE
C,3,24,balanced,32,0.75,24,0.5,5d3a7e627a4430ca43b098c8e7f606ce085c15a32ac70e199e2873788c1eaa9d,cc4c7881a2a13598f101ff803b9891208c982faad6a14c71f575f1f5ac5d0830,4,4,0.06335270404815672,24.0,0.06335270404815672,23.0,True,False,10,0,EXTENDED_PENDING_RESOURCE_GATE,COMPLETE_BASE_INSTANCE
C,3,24,balanced,64,0.125,8,0.0001,920a7295219cc1b765d8cfc825e13270896f140cbb78dbe57a75f09d0dac943e,cc4c7881a2a13598f101ff803b9891208c982faad6a14c71f575f1f5ac5d0830,4,4,3.9999994250000372,24.0,0.0017999996690000284,23.0,True,False,10,0,EXTENDED_PENDING_RESOURCE_GATE,COMPLETE_BASE_INSTANCE
C,3,24,balanced,64,0.125,8,0.01,c12908bafe825b3c3e88659e0c1ba16c0130614efe3c2176c15158b8198e237c,cc4c7881a2a13598f101ff803b9891208c982faad6a14c71f575f1f5ac5d0830,4,4,3.9942537307600054,24.0,0.17966928544912375,23.0,True,False,10,0,EXTENDED_PENDING_RESOURCE_GATE,COMPLETE_BASE_INSTANCE
C,3,24,balanced,64,0.125,8,0.1,a446feeb824cdccf34087957bde86f34c07d6381d4509f701bc050da81489ced,cc4c7881a2a13598f101ff803b9891208c982faad6a14c71f575f1f5ac5d0830,4,4,3.4609294797577976,24.0,1.496103145915123,23.0,True,False,10,0,EXTENDED_PENDING_RESOURCE_GATE,COMPLETE_BASE_INSTANCE
C,3,24,balanced,64,0.125,8,0.5,ca90652404a5483cb27ff5353cdc16a54d7a0b02ffc6c77812221bfd4412ce61,cc4c7881a2a13598f101ff803b9891208c982faad6a14c71f575f1f5ac5d0830,4,4,0.06335270404815672,24.0,0.06335270404815672,23.0,True,False,10,0,EXTENDED_PENDING_RESOURCE_GATE,COMPLETE_BASE_INSTANCE
C,3,24,balanced,64,0.25,16,0.0001,1c8f3ede6d94387d23d023fca1f4cae8692db7bcf2fae8ab95a7b61d5761b621,cc4c7881a2a13598f101ff803b9891208c982faad6a14c71f575f1f5ac5d0830,4,4,3.9999994250000372,24.0,0.0017999996690000284,23.0,True,False,10,0,EXTENDED_PENDING_RESOURCE_GATE,COMPLETE_BASE_INSTANCE
C,3,24,balanced,64,0.25,16,0.01,332670a10edd874ee2665d6706566480f1ddbb26d0b15aa8905b45e3b5ed7c6d,cc4c7881a2a13598f101ff803b9891208c982faad6a14c71f575f1f5ac5d0830,4,4,3.9942537307600054,24.0,0.17966928544912375,23.0,True,False,10,0,EXTENDED_PENDING_RESOURCE_GATE,COMPLETE_BASE_INSTANCE
C,3,24,balanced,64,0.25,16,0.1,050ff5237b3371abc6eabaafb16f403f706f6dbc6dc9feb72e61881fb66b058c,cc4c7881a2a13598f101ff803b9891208c982faad6a14c71f575f1f5ac5d0830,4,4,3.4609294797577976,24.0,1.496103145915123,23.0,True,False,10,0,EXTENDED_PENDING_RESOURCE_GATE,COMPLETE_BASE_INSTANCE
C,3,24,balanced,64,0.25,16,0.5,1b62b7d28608105d3759922a649300dbf2f582e2a7401046a57b14f5c1318ed4,cc4c7881a2a13598f101ff803b9891208c982faad6a14c71f575f1f5ac5d0830,4,4,0.06335270404815672,24.0,0.06335270404815672,23.0,True,False,10,0,EXTENDED_PENDING_RESOURCE_GATE,COMPLETE_BASE_INSTANCE
C,3,24,balanced,64,0.5,32,0.0001,02981c00198c98c72a956923b365d32ac2dfcce325ab6a3d0b27b34bfc7a9810,cc4c7881a2a13598f101ff803b9891208c982faad6a14c71f575f1f5ac5d0830,4,4,3.9999994250000372,24.0,0.0017999996690000284,23.0,True,False,10,0,EXTENDED_PENDING_RESOURCE_GATE,COMPLETE_BASE_INSTANCE
C,3,24,balanced,64,0.5,32,0.01,043bd8376b9079bec2097c73335dc5aaf68b5e05201c79188d23554f649bdd9a,cc4c7881a2a13598f101ff803b9891208c982faad6a14c71f575f1f5ac5d0830,4,4,3.9942537307600054,24.0,0.17966928544912375,23.0,True,False,10,0,EXTENDED_PENDING_RESOURCE_GATE,COMPLETE_BASE_INSTANCE
C,3,24,balanced,64,0.5,32,0.1,ed5a1a708a0975da58fd8fc9641bb5f28e43b5131f36a3242951f1572fcbf08c,cc4c7881a2a13598f101ff803b9891208c982faad6a14c71f575f1f5ac5d0830,4,4,3.4609294797577976,24.0,1.496103145915123,23.0,True,False,10,0,EXTENDED_PENDING_RESOURCE_GATE,COMPLETE_BASE_INSTANCE
C,3,24,balanced,64,0.5,32,0.5,6c974a7a6c97d685fb4479b31ba26c09c3c18ae91a4df5e06b6d2bc7b4ae6fb1,cc4c7881a2a13598f101ff803b9891208c982faad6a14c71f575f1f5ac5d0830,4,4,0.06335270404815672,24.0,0.06335270404815672,23.0,True,False,10,0,EXTENDED_PENDING_RESOURCE_GATE,COMPLETE_BASE_INSTANCE
C,3,24,balanced,64,0.75,48,0.0001,5cd77496e3ee2e6b46094a8cd0f0378862897192a6e7c19d2de65a0e0461ccd2,cc4c7881a2a13598f101ff803b9891208c982faad6a14c71f575f1f5ac5d0830,4,4,3.9999994250000372,24.0,0.0017999996690000284,23.0,True,False,10,0,EXTENDED_PENDING_RESOURCE_GATE,COMPLETE_BASE_INSTANCE
C,3,24,balanced,64,0.75,48,0.01,19f31561e26e73a745ef91445f96b26b886270d58a1397fa0fe5a2c231f0361c,cc4c7881a2a13598f101ff803b9891208c982faad6a14c71f575f1f5ac5d0830,4,4,3.9942537307600054,24.0,0.17966928544912375,23.0,True,False,10,0,EXTENDED_PENDING_RESOURCE_GATE,COMPLETE_BASE_INSTANCE
C,3,24,balanced,64,0.75,48,0.1,bef38cdbe34d2da76b5f041527696061773371cf1f0da7764c6d93d04d975bbd,cc4c7881a2a13598f101ff803b9891208c982faad6a14c71f575f1f5ac5d0830,4,4,3.4609294797577976,24.0,1.496103145915123,23.0,True,False,10,0,EXTENDED_PENDING_RESOURCE_GATE,COMPLETE_BASE_INSTANCE
C,3,24,balanced,64,0.75,48,0.5,6a966621bb3c28836883c494721a5d5010a0de475c35f05ccfa61d281bd0777f,cc4c7881a2a13598f101ff803b9891208c982faad6a14c71f575f1f5ac5d0830,4,4,0.06335270404815672,24.0,0.06335270404815672,23.0,True,False,10,0,EXTENDED_PENDING_RESOURCE_GATE,COMPLETE_BASE_INSTANCE
C,3,24,random_ordered,2,0.125,1,0.0001,db639d7a2d8aae76d53f1b198039e1cf8c7fba65e95f05e0319bb4f53c269cf7,290da6ce39989e8129d98694656fb19e4ff93975b90442e82e6515411354618e,6,4,3.9999994650000326,24.0,0.0009999998590000088,23.0,True,False,10,0,EXTENDED_PENDING_RESOURCE_GATE,COMPLETE_BASE_INSTANCE
C,3,24,random_ordered,2,0.125,1,0.01,87eaa263a4e8f9a34440a85634fdc37d510065be2ef9b8429c77072f33e7e232,290da6ce39989e8129d98694656fb19e4ff93975b90442e82e6515411354618e,6,4,3.9946532559974033,24.0,0.09985909036528885,23.0,True,False,10,0,EXTENDED_PENDING_RESOURCE_GATE,COMPLETE_BASE_INSTANCE
C,3,24,random_ordered,2,0.125,1,0.1,1101e8b61d9d44a15efddb18b35e88ab550e44c1ccee6d468a20d302562a4146,290da6ce39989e8129d98694656fb19e4ff93975b90442e82e6515411354618e,6,4,3.4964100088393932,24.0,0.8677015063250222,23.0,True,False,10,0,EXTENDED_PENDING_RESOURCE_GATE,COMPLETE_BASE_INSTANCE
C,3,24,random_ordered,2,0.125,1,0.5,16eecf9aa4f5df5fec0cf392291fad567a63b8d6013e878a1704a11d05969c5d,290da6ce39989e8129d98694656fb19e4ff93975b90442e82e6515411354618e,6,4,0.07692811994976002,24.0,0.07447636127471922,23.0,True,False,10,0,EXTENDED_PENDING_RESOURCE_GATE,COMPLETE_BASE_INSTANCE
C,3,24,random_ordered,2,0.25,1,0.0001,daf3decc0f2ff3b614f72c40e7eb0c5f6c5c3cda268291bd5a984d74e084a19a,290da6ce39989e8129d98694656fb19e4ff93975b90442e82e6515411354618e,6,4,3.9999994650000326,24.0,0.0009999998590000088,23.0,True,False,10,0,EXTENDED_PENDING_RESOURCE_GATE,COMPLETE_BASE_INSTANCE
C,3,24,random_ordered,2,0.25,1,0.01,642be23d79feaba3858324f0154afc658d5977e4e74e75b1a566bdce526f50b1,290da6ce39989e8129d98694656fb19e4ff93975b90442e82e6515411354618e,6,4,3.9946532559974033,24.0,0.09985909036528885,23.0,True,False,10,0,EXTENDED_PENDING_RESOURCE_GATE,COMPLETE_BASE_INSTANCE
C,3,24,random_ordered,2,0.25,1,0.1,8279e8ba8f990ed3e9d38a799b0571c2051002dc3a8b7e9486884ae9050fbfc6,290da6ce39989e8129d98694656fb19e4ff93975b90442e82e6515411354618e,6,4,3.4964100088393932,24.0,0.8677015063250222,23.0,True,False,10,0,EXTENDED_PENDING_RESOURCE_GATE,COMPLETE_BASE_INSTANCE
C,3,24,random_ordered,2,0.25,1,0.5,d4c3469752c3959a2ae3e2c446243c358c4c70fd0b2386c9b22b66ae72b84d72,290da6ce39989e8129d98694656fb19e4ff93975b90442e82e6515411354618e,6,4,0.07692811994976002,24.0,0.07447636127471922,23.0,True,False,10,0,EXTENDED_PENDING_RESOURCE_GATE,COMPLETE_BASE_INSTANCE
C,3,24,random_ordered,2,0.5,1,0.0001,d622598a31603802d8a80e751ae5a0c8aac98d17a7ce9c66f625310749014e50,290da6ce39989e8129d98694656fb19e4ff93975b90442e82e6515411354618e,6,4,3.9999994650000326,24.0,0.0009999998590000088,23.0,True,False,10,0,EXTENDED_PENDING_RESOURCE_GATE,COMPLETE_BASE_INSTANCE
C,3,24,random_ordered,2,0.5,1,0.01,db9b3ddcda6ffc57b36ccb1260b69245fba9cbcd1ac8f3151f52144996f1e361,290da6ce39989e8129d98694656fb19e4ff93975b90442e82e6515411354618e,6,4,3.9946532559974033,24.0,0.09985909036528885,23.0,True,False,10,0,EXTENDED_PENDING_RESOURCE_GATE,COMPLETE_BASE_INSTANCE
C,3,24,random_ordered,2,0.5,1,0.1,2c4af078cc5bcd14963f404060d5b6d8e290e478ef3f70d6f2ed0237c29d4c26,290da6ce39989e8129d98694656fb19e4ff93975b90442e82e6515411354618e,6,4,3.4964100088393932,24.0,0.8677015063250222,23.0,True,False,10,0,EXTENDED_PENDING_RESOURCE_GATE,COMPLETE_BASE_INSTANCE
C,3,24,random_ordered,2,0.5,1,0.5,8255281179b1c6aae84962a3a6a4293c6a34a280496ff841262fe19eae17c5ad,290da6ce39989e8129d98694656fb19e4ff93975b90442e82e6515411354618e,6,4,0.07692811994976002,24.0,0.07447636127471922,23.0,True,False,10,0,EXTENDED_PENDING_RESOURCE_GATE,COMPLETE_BASE_INSTANCE
C,3,24,random_ordered,2,0.75,1,0.0001,7ae4670e2c1ad7a0fbbe602a9b4ebef071568b7fcf94b0dd67f0ca8223feae4f,290da6ce39989e8129d98694656fb19e4ff93975b90442e82e6515411354618e,6,4,3.9999994650000326,24.0,0.0009999998590000088,23.0,True,False,10,0,EXTENDED_PENDING_RESOURCE_GATE,COMPLETE_BASE_INSTANCE
C,3,24,random_ordered,2,0.75,1,0.01,9f8dde7a9e1db414601a729bb78e97989224f1b1f6083f397e8ba582ff5a75cf,290da6ce39989e8129d98694656fb19e4ff93975b90442e82e6515411354618e,6,4,3.9946532559974033,24.0,0.09985909036528885,23.0,True,False,10,0,EXTENDED_PENDING_RESOURCE_GATE,COMPLETE_BASE_INSTANCE
C,3,24,random_ordered,2,0.75,1,0.1,77db32f1ef9f4e7589b668bded3728a311e08aae5593b1c576c7ba090428e306,290da6ce39989e8129d98694656fb19e4ff93975b90442e82e6515411354618e,6,4,3.4964100088393932,24.0,0.8677015063250222,23.0,True,False,10,0,EXTENDED_PENDING_RESOURCE_GATE,COMPLETE_BASE_INSTANCE
C,3,24,random_ordered,2,0.75,1,0.5,d5c2c21441d07a16e5f4db2893465a15d3dc4bc07d3c30ff3d67b36164162338,290da6ce39989e8129d98694656fb19e4ff93975b90442e82e6515411354618e,6,4,0.07692811994976002,24.0,0.07447636127471922,23.0,True,False,10,0,EXTENDED_PENDING_RESOURCE_GATE,COMPLETE_BASE_INSTANCE
C,3,24,random_ordered,4,0.125,1,0.0001,baa889c9083a24dc63f7113df020a794c2d2d1c84647c03938256b20a3137245,290da6ce39989e8129d98694656fb19e4ff93975b90442e82e6515411354618e,6,4,3.9999994650000326,24.0,0.0009999998590000088,23.0,True,False,10,0,EXTENDED_PENDING_RESOURCE_GATE,COMPLETE_BASE_INSTANCE
C,3,24,random_ordered,4,0.125,1,0.01,22d9769cd3e4677c2096a77e3efcc82ccdc36ed3cd2e76808581da1f3af99382,290da6ce39989e8129d98694656fb19e4ff93975b90442e82e6515411354618e,6,4,3.9946532559974033,24.0,0.09985909036528885,23.0,True,False,10,0,EXTENDED_PENDING_RESOURCE_GATE,COMPLETE_BASE_INSTANCE
C,3,24,random_ordered,4,0.125,1,0.1,f43fb811d59df9971bb1392d2aab254bae2ef97d4c476e06211baa2e7b21692f,290da6ce39989e8129d98694656fb19e4ff93975b90442e82e6515411354618e,6,4,3.4964100088393932,24.0,0.8677015063250222,23.0,True,False,10,0,EXTENDED_PENDING_RESOURCE_GATE,COMPLETE_BASE_INSTANCE
C,3,24,random_ordered,4,0.125,1,0.5,23ed0c41cbfc6ccbcd585dd3517ceb167b8f77d3f40957b9c7ee718e7a049562,290da6ce39989e8129d98694656fb19e4ff93975b90442e82e6515411354618e,6,4,0.07692811994976002,24.0,0.07447636127471922,23.0,True,False,10,0,EXTENDED_PENDING_RESOURCE_GATE,COMPLETE_BASE_INSTANCE
C,3,24,random_ordered,4,0.25,1,0.0001,6b873245a83c03701cfda0364da1fc4fa8854f901de37633881d394f734e1aa1,290da6ce39989e8129d98694656fb19e4ff93975b90442e82e6515411354618e,6,4,3.9999994650000326,24.0,0.0009999998590000088,23.0,True,False,10,0,EXTENDED_PENDING_RESOURCE_GATE,COMPLETE_BASE_INSTANCE
C,3,24,random_ordered,4,0.25,1,0.01,d1ce1bce8101d0c1ce25fa160896926a552d0472f701e8e76a1e2550a822cb27,290da6ce39989e8129d98694656fb19e4ff93975b90442e82e6515411354618e,6,4,3.9946532559974033,24.0,0.09985909036528885,23.0,True,False,10,0,EXTENDED_PENDING_RESOURCE_GATE,COMPLETE_BASE_INSTANCE
C,3,24,random_ordered,4,0.25,1,0.1,db80c2322486d8a44f0c4316fbaa2b33497a09178ea1690d02d010fc9dcebbcd,290da6ce39989e8129d98694656fb19e4ff93975b90442e82e6515411354618e,6,4,3.4964100088393932,24.0,0.8677015063250222,23.0,True,False,10,0,EXTENDED_PENDING_RESOURCE_GATE,COMPLETE_BASE_INSTANCE
C,3,24,random_ordered,4,0.25,1,0.5,1568233edd9519eaf335da9392b666f3764865001841e44961e1431306429778,290da6ce39989e8129d98694656fb19e4ff93975b90442e82e6515411354618e,6,4,0.07692811994976002,24.0,0.07447636127471922,23.0,True,False,10,0,EXTENDED_PENDING_RESOURCE_GATE,COMPLETE_BASE_INSTANCE
C,3,24,random_ordered,4,0.5,2,0.0001,dffff00b7fcbc736889efadddba41b1e8a4b7e31220cc7c0a90ab5e9680d01b5,290da6ce39989e8129d98694656fb19e4ff93975b90442e82e6515411354618e,6,4,3.9999994650000326,24.0,0.0009999998590000088,23.0,True,False,10,0,EXTENDED_PENDING_RESOURCE_GATE,COMPLETE_BASE_INSTANCE
C,3,24,random_ordered,4,0.5,2,0.01,37048b954d6606118da4dc4f5d90cba193fb8c6ca101b4fbd687bff906a6856b,290da6ce39989e8129d98694656fb19e4ff93975b90442e82e6515411354618e,6,4,3.9946532559974033,24.0,0.09985909036528885,23.0,True,False,10,0,EXTENDED_PENDING_RESOURCE_GATE,COMPLETE_BASE_INSTANCE
C,3,24,random_ordered,4,0.5,2,0.1,575cd9091a72fd56b4fbd27e997a7905ed491c4441378e5ca4c75fb24c820942,290da6ce39989e8129d98694656fb19e4ff93975b90442e82e6515411354618e,6,4,3.4964100088393932,24.0,0.8677015063250222,23.0,True,False,10,0,EXTENDED_PENDING_RESOURCE_GATE,COMPLETE_BASE_INSTANCE
C,3,24,random_ordered,4,0.5,2,0.5,67cfffd44e56ba57b1f443651a5d48e981e74fd675fed49ba6c9ff9060898dee,290da6ce39989e8129d98694656fb19e4ff93975b90442e82e6515411354618e,6,4,0.07692811994976002,24.0,0.07447636127471922,23.0,True,False,10,0,EXTENDED_PENDING_RESOURCE_GATE,COMPLETE_BASE_INSTANCE
C,3,24,random_ordered,4,0.75,3,0.0001,f8476fe8633d350d13f5be9da5bdd97a8e94f0f33cc2b12b2714b94b849b9ce3,290da6ce39989e8129d98694656fb19e4ff93975b90442e82e6515411354618e,6,4,3.9999994650000326,24.0,0.0009999998590000088,23.0,True,False,10,0,EXTENDED_PENDING_RESOURCE_GATE,COMPLETE_BASE_INSTANCE
C,3,24,random_ordered,4,0.75,3,0.01,08d318eae7ba2326bcf248ba21df1d15ef7571b8fee6e6fc9b3b16cc03eb656c,290da6ce39989e8129d98694656fb19e4ff93975b90442e82e6515411354618e,6,4,3.9946532559974033,24.0,0.09985909036528885,23.0,True,False,10,0,EXTENDED_PENDING_RESOURCE_GATE,COMPLETE_BASE_INSTANCE
C,3,24,random_ordered,4,0.75,3,0.1,bc65a7ba2c56d9e4debf7ee728a59ecb68f58c8eede59c9ad0463bfaa25b1ce6,290da6ce39989e8129d98694656fb19e4ff93975b90442e82e6515411354618e,6,4,3.4964100088393932,24.0,0.8677015063250222,23.0,True,False,10,0,EXTENDED_PENDING_RESOURCE_GATE,COMPLETE_BASE_INSTANCE
C,3,24,random_ordered,4,0.75,3,0.5,fa2d96d772a791b22fc6cd8c6aacfb4b2db5dfd788c19f25561364a5a0e25bae,290da6ce39989e8129d98694656fb19e4ff93975b90442e82e6515411354618e,6,4,0.07692811994976002,24.0,0.07447636127471922,23.0,True,False,10,0,EXTENDED_PENDING_RESOURCE_GATE,COMPLETE_BASE_INSTANCE
C,3,24,random_ordered,8,0.125,1,0.0001,bff26774b89d04411e12dfde373d7af05d252fdb5534469a7968175261952a1a,290da6ce39989e8129d98694656fb19e4ff93975b90442e82e6515411354618e,6,4,3.9999994650000326,24.0,0.0009999998590000088,23.0,True,False,10,0,EXTENDED_PENDING_RESOURCE_GATE,COMPLETE_BASE_INSTANCE
C,3,24,random_ordered,8,0.125,1,0.01,43a8e6bcb1dd59f7b9aa5d6206e8cada8bd05cd1c96a4d11f3b78adb7972c12c,290da6ce39989e8129d98694656fb19e4ff93975b90442e82e6515411354618e,6,4,3.9946532559974033,24.0,0.09985909036528885,23.0,True,False,10,0,EXTENDED_PENDING_RESOURCE_GATE,COMPLETE_BASE_INSTANCE
C,3,24,random_ordered,8,0.125,1,0.1,61054b0644ac193d40664c3ed415c5d9dce5b86102f28f153767170863aff8ca,290da6ce39989e8129d98694656fb19e4ff93975b90442e82e6515411354618e,6,4,3.4964100088393932,24.0,0.8677015063250222,23.0,True,False,10,0,EXTENDED_PENDING_RESOURCE_GATE,COMPLETE_BASE_INSTANCE
C,3,24,random_ordered,8,0.125,1,0.5,526e0b2089821b636ab1479ff53a29f2de49ed057e205e9549cadd6b45ebb5a1,290da6ce39989e8129d98694656fb19e4ff93975b90442e82e6515411354618e,6,4,0.07692811994976002,24.0,0.07447636127471922,23.0,True,False,10,0,EXTENDED_PENDING_RESOURCE_GATE,COMPLETE_BASE_INSTANCE
C,3,24,random_ordered,8,0.25,2,0.0001,7ae2bb83136b864c080b681571f218900e35321fe3d05713341673fb95c3c8a4,290da6ce39989e8129d98694656fb19e4ff93975b90442e82e6515411354618e,6,4,3.9999994650000326,24.0,0.0009999998590000088,23.0,True,False,10,0,EXTENDED_PENDING_RESOURCE_GATE,COMPLETE_BASE_INSTANCE
C,3,24,random_ordered,8,0.25,2,0.01,09df873379c742c6e5a2559b153eb46799d5685c905bfb1d5fa0bddfda99a686,290da6ce39989e8129d98694656fb19e4ff93975b90442e82e6515411354618e,6,4,3.9946532559974033,24.0,0.09985909036528885,23.0,True,False,10,0,EXTENDED_PENDING_RESOURCE_GATE,COMPLETE_BASE_INSTANCE
C,3,24,random_ordered,8,0.25,2,0.1,89cf7474838a19d61670c250cc444261b742044177e6cca9f0f2d49f15dcea57,290da6ce39989e8129d98694656fb19e4ff93975b90442e82e6515411354618e,6,4,3.4964100088393932,24.0,0.8677015063250222,23.0,True,False,10,0,EXTENDED_PENDING_RESOURCE_GATE,COMPLETE_BASE_INSTANCE
C,3,24,random_ordered,8,0.25,2,0.5,d1dee9e0153a006bafcb51780a9777b3e5b25c27e2ee7086e401106150396670,290da6ce39989e8129d98694656fb19e4ff93975b90442e82e6515411354618e,6,4,0.07692811994976002,24.0,0.07447636127471922,23.0,True,False,10,0,EXTENDED_PENDING_RESOURCE_GATE,COMPLETE_BASE_INSTANCE
C,3,24,random_ordered,8,0.5,4,0.0001,c1b7332fe54193afcbe01d79dfdd4ff96cf31a535de92670d874c457a3779163,290da6ce39989e8129d98694656fb19e4ff93975b90442e82e6515411354618e,6,4,3.9999994650000326,24.0,0.0009999998590000088,23.0,True,False,10,0,EXTENDED_PENDING_RESOURCE_GATE,COMPLETE_BASE_INSTANCE
C,3,24,random_ordered,8,0.5,4,0.01,75c2a561b689c8db330780adf8cf78ab36cb40aa09690fc7f292e5a314f848df,290da6ce39989e8129d98694656fb19e4ff93975b90442e82e6515411354618e,6,4,3.9946532559974033,24.0,0.09985909036528885,23.0,True,False,10,0,EXTENDED_PENDING_RESOURCE_GATE,COMPLETE_BASE_INSTANCE
C,3,24,random_ordered,8,0.5,4,0.1,1bc21e3a85055e8c65c89dcf2be37fe94f4f3727a4e89e35cc7919e7f3e4b24b,290da6ce39989e8129d98694656fb19e4ff93975b90442e82e6515411354618e,6,4,3.4964100088393932,24.0,0.8677015063250222,23.0,True,False,10,0,EXTENDED_PENDING_RESOURCE_GATE,COMPLETE_BASE_INSTANCE
C,3,24,random_ordered,8,0.5,4,0.5,b9e395330f9c8a33b63480d7bc17d549b24eab786b183e37d7dbe455c194ec25,290da6ce39989e8129d98694656fb19e4ff93975b90442e82e6515411354618e,6,4,0.07692811994976002,24.0,0.07447636127471922,23.0,True,False,10,0,EXTENDED_PENDING_RESOURCE_GATE,COMPLETE_BASE_INSTANCE
C,3,24,random_ordered,8,0.75,6,0.0001,61130c50dff3a381dbb9bace2401f1836c38e309e6416b5faed3e0923fe36550,290da6ce39989e8129d98694656fb19e4ff93975b90442e82e6515411354618e,6,4,3.9999994650000326,24.0,0.0009999998590000088,23.0,True,False,10,0,EXTENDED_PENDING_RESOURCE_GATE,COMPLETE_BASE_INSTANCE
C,3,24,random_ordered,8,0.75,6,0.01,b82b94705484ecf8130af85e0d187e66ab91569ff19eb1fbd9c9b97226324cb3,290da6ce39989e8129d98694656fb19e4ff93975b90442e82e6515411354618e,6,4,3.9946532559974033,24.0,0.09985909036528885,23.0,True,False,10,0,EXTENDED_PENDING_RESOURCE_GATE,COMPLETE_BASE_INSTANCE
C,3,24,random_ordered,8,0.75,6,0.1,a305d311357bbe3ccb113a6f4bec6c7f2e337046df470ca7de2e39768fe6f744,290da6ce39989e8129d98694656fb19e4ff93975b90442e82e6515411354618e,6,4,3.4964100088393932,24.0,0.8677015063250222,23.0,True,False,10,0,EXTENDED_PENDING_RESOURCE_GATE,COMPLETE_BASE_INSTANCE
C,3,24,random_ordered,8,0.75,6,0.5,e2ad9ac15ea5f5157ccc3db31c8ebcfa6880358b6247dfd2698b917361f24934,290da6ce39989e8129d98694656fb19e4ff93975b90442e82e6515411354618e,6,4,0.07692811994976002,24.0,0.07447636127471922,23.0,True,False,10,0,EXTENDED_PENDING_RESOURCE_GATE,COMPLETE_BASE_INSTANCE
C,3,24,random_ordered,16,0.125,2,0.0001,34c7cd133c87f60f18815bd399a441814ca0849ab5b88076be4793f984d0bcae,290da6ce39989e8129d98694656fb19e4ff93975b90442e82e6515411354618e,6,4,3.9999994650000326,24.0,0.0009999998590000088,23.0,True,False,10,0,EXTENDED_PENDING_RESOURCE_GATE,COMPLETE_BASE_INSTANCE
C,3,24,random_ordered,16,0.125,2,0.01,a48e116227c35bf5052775d3c589941ecd968a945ef16885021c722fed52bb4c,290da6ce39989e8129d98694656fb19e4ff93975b90442e82e6515411354618e,6,4,3.9946532559974033,24.0,0.09985909036528885,23.0,True,False,10,0,EXTENDED_PENDING_RESOURCE_GATE,COMPLETE_BASE_INSTANCE
C,3,24,random_ordered,16,0.125,2,0.1,eb1faaf2f7c82a115ba7d249f63e336916644e948968e948a83d5e39cc957bc1,290da6ce39989e8129d98694656fb19e4ff93975b90442e82e6515411354618e,6,4,3.4964100088393932,24.0,0.8677015063250222,23.0,True,False,10,0,EXTENDED_PENDING_RESOURCE_GATE,COMPLETE_BASE_INSTANCE
C,3,24,random_ordered,16,0.125,2,0.5,1098ddc0dcb6081d3f4ab5712585c9e7598137ca13a64e5c1fec39130e1e145e,290da6ce39989e8129d98694656fb19e4ff93975b90442e82e6515411354618e,6,4,0.07692811994976002,24.0,0.07447636127471922,23.0,True,False,10,0,EXTENDED_PENDING_RESOURCE_GATE,COMPLETE_BASE_INSTANCE
C,3,24,random_ordered,16,0.25,4,0.0001,907b719662920d092e72688172c53b4d1a6c8964db878434732517cbaa7364d1,290da6ce39989e8129d98694656fb19e4ff93975b90442e82e6515411354618e,6,4,3.9999994650000326,24.0,0.0009999998590000088,23.0,True,False,10,0,EXTENDED_PENDING_RESOURCE_GATE,COMPLETE_BASE_INSTANCE
C,3,24,random_ordered,16,0.25,4,0.01,29f36bafd78edf7707454da158765a882083a81f5a96ab5b063af65d21cda784,290da6ce39989e8129d98694656fb19e4ff93975b90442e82e6515411354618e,6,4,3.9946532559974033,24.0,0.09985909036528885,23.0,True,False,10,0,EXTENDED_PENDING_RESOURCE_GATE,COMPLETE_BASE_INSTANCE
C,3,24,random_ordered,16,0.25,4,0.1,a5f944cc2404f0493fc36969ea126c9a5ad2b52c16281f5adfae6876ee48a51f,290da6ce39989e8129d98694656fb19e4ff93975b90442e82e6515411354618e,6,4,3.4964100088393932,24.0,0.8677015063250222,23.0,True,False,10,0,EXTENDED_PENDING_RESOURCE_GATE,COMPLETE_BASE_INSTANCE
C,3,24,random_ordered,16,0.25,4,0.5,18368012a7cc3611283a74c038d032001533b8305c2c80c566e72927d0a8226c,290da6ce39989e8129d98694656fb19e4ff93975b90442e82e6515411354618e,6,4,0.07692811994976002,24.0,0.07447636127471922,23.0,True,False,10,0,EXTENDED_PENDING_RESOURCE_GATE,COMPLETE_BASE_INSTANCE
C,3,24,random_ordered,16,0.5,8,0.0001,749b4bf778d72cc327330edd00083a0cadb77d993cc367e961d4191bcffc46a4,290da6ce39989e8129d98694656fb19e4ff93975b90442e82e6515411354618e,6,4,3.9999994650000326,24.0,0.0009999998590000088,23.0,True,False,10,0,EXTENDED_PENDING_RESOURCE_GATE,COMPLETE_BASE_INSTANCE
C,3,24,random_ordered,16,0.5,8,0.01,54f16ea2a65001ffcafe6ae99aa3dc8ffc6a23d2fe81b3c38afd43f08cb81294,290da6ce39989e8129d98694656fb19e4ff93975b90442e82e6515411354618e,6,4,3.9946532559974033,24.0,0.09985909036528885,23.0,True,False,10,0,EXTENDED_PENDING_RESOURCE_GATE,COMPLETE_BASE_INSTANCE
C,3,24,random_ordered,16,0.5,8,0.1,a887126da6b24003648edae9cbdcd7c9edf1876d1a665db0501771837376fa3d,290da6ce39989e8129d98694656fb19e4ff93975b90442e82e6515411354618e,6,4,3.4964100088393932,24.0,0.8677015063250222,23.0,True,False,10,0,EXTENDED_PENDING_RESOURCE_GATE,COMPLETE_BASE_INSTANCE
C,3,24,random_ordered,16,0.5,8,0.5,e0218600a32f4cdc996029db79c95a36ccc4c177ef4deabb0da742c128f02811,290da6ce39989e8129d98694656fb19e4ff93975b90442e82e6515411354618e,6,4,0.07692811994976002,24.0,0.07447636127471922,23.0,True,False,10,0,EXTENDED_PENDING_RESOURCE_GATE,COMPLETE_BASE_INSTANCE
C,3,24,random_ordered,16,0.75,12,0.0001,236cbc54c6348887c8db4809d2f45800517694594cf609e57e00a181cd713eee,290da6ce39989e8129d98694656fb19e4ff93975b90442e82e6515411354618e,6,4,3.9999994650000326,24.0,0.0009999998590000088,23.0,True,False,10,0,EXTENDED_PENDING_RESOURCE_GATE,COMPLETE_BASE_INSTANCE
C,3,24,random_ordered,16,0.75,12,0.01,124ac71fe24b1b3008bf559cf3631b8d54d618842fb0f274c24e374f0c3d40e7,290da6ce39989e8129d98694656fb19e4ff93975b90442e82e6515411354618e,6,4,3.9946532559974033,24.0,0.09985909036528885,23.0,True,False,10,0,EXTENDED_PENDING_RESOURCE_GATE,COMPLETE_BASE_INSTANCE
C,3,24,random_ordered,16,0.75,12,0.1,22b11a5f42c0df60a5b373fbbc52db43b0207e4c8bc43df8ecd095493fdbd0b4,290da6ce39989e8129d98694656fb19e4ff93975b90442e82e6515411354618e,6,4,3.4964100088393932,24.0,0.8677015063250222,23.0,True,False,10,0,EXTENDED_PENDING_RESOURCE_GATE,COMPLETE_BASE_INSTANCE
C,3,24,random_ordered,16,0.75,12,0.5,8eac22daf4c98926bc99b1999df0be0b33f1ba201a7bf8cf3313690332dd2dec,290da6ce39989e8129d98694656fb19e4ff93975b90442e82e6515411354618e,6,4,0.07692811994976002,24.0,0.07447636127471922,23.0,True,False,10,0,EXTENDED_PENDING_RESOURCE_GATE,COMPLETE_BASE_INSTANCE
C,3,24,random_ordered,32,0.125,4,0.0001,056be0de6eb9c7f863cb8b774a57948747150d634240b08ed0bcb800f13faa4f,290da6ce39989e8129d98694656fb19e4ff93975b90442e82e6515411354618e,6,4,3.9999994650000326,24.0,0.0009999998590000088,23.0,True,False,10,0,EXTENDED_PENDING_RESOURCE_GATE,COMPLETE_BASE_INSTANCE
C,3,24,random_ordered,32,0.125,4,0.01,ac3811c93d54e9794b0e92583f30c8e44b2ce8220eb6b9b8aab5942fb783986c,290da6ce39989e8129d98694656fb19e4ff93975b90442e82e6515411354618e,6,4,3.9946532559974033,24.0,0.09985909036528885,23.0,True,False,10,0,EXTENDED_PENDING_RESOURCE_GATE,COMPLETE_BASE_INSTANCE
C,3,24,random_ordered,32,0.125,4,0.1,c051c1548dbecc0f40f832992ee3a949dffd876785a095bc9e4772b39a1d11d2,290da6ce39989e8129d98694656fb19e4ff93975b90442e82e6515411354618e,6,4,3.4964100088393932,24.0,0.8677015063250222,23.0,True,False,10,0,EXTENDED_PENDING_RESOURCE_GATE,COMPLETE_BASE_INSTANCE
C,3,24,random_ordered,32,0.125,4,0.5,7ba0842081b8b95abf11cac7e9dcb083a7a6d1d215ebff50694a4e0bba541740,290da6ce39989e8129d98694656fb19e4ff93975b90442e82e6515411354618e,6,4,0.07692811994976002,24.0,0.07447636127471922,23.0,True,False,10,0,EXTENDED_PENDING_RESOURCE_GATE,COMPLETE_BASE_INSTANCE
C,3,24,random_ordered,32,0.25,8,0.0001,2a74e7fb494b47db7c975c7263457f2bb2805a40c6bb8f7132fde09b8843769d,290da6ce39989e8129d98694656fb19e4ff93975b90442e82e6515411354618e,6,4,3.9999994650000326,24.0,0.0009999998590000088,23.0,True,False,10,0,EXTENDED_PENDING_RESOURCE_GATE,COMPLETE_BASE_INSTANCE
C,3,24,random_ordered,32,0.25,8,0.01,9e620584740a986fe0271ed84ad45d518df5508ff5229a743c974ca45b80612c,290da6ce39989e8129d98694656fb19e4ff93975b90442e82e6515411354618e,6,4,3.9946532559974033,24.0,0.09985909036528885,23.0,True,False,10,0,EXTENDED_PENDING_RESOURCE_GATE,COMPLETE_BASE_INSTANCE
C,3,24,random_ordered,32,0.25,8,0.1,4591f304ba3fe481a0db7d7d09c5a2553be770ad61f7a12fffaa1b210e4c2f62,290da6ce39989e8129d98694656fb19e4ff93975b90442e82e6515411354618e,6,4,3.4964100088393932,24.0,0.8677015063250222,23.0,True,False,10,0,EXTENDED_PENDING_RESOURCE_GATE,COMPLETE_BASE_INSTANCE
C,3,24,random_ordered,32,0.25,8,0.5,ac73470bc0efd597e81a8c7ce92ff318d5a9e5bdd33597dcb3994f68f702eb0c,290da6ce39989e8129d98694656fb19e4ff93975b90442e82e6515411354618e,6,4,0.07692811994976002,24.0,0.07447636127471922,23.0,True,False,10,0,EXTENDED_PENDING_RESOURCE_GATE,COMPLETE_BASE_INSTANCE
C,3,24,random_ordered,32,0.5,16,0.0001,48a9268dbc3602604639fbf4d8ed289606754eb01b92abec234326a5cdcd0bc8,290da6ce39989e8129d98694656fb19e4ff93975b90442e82e6515411354618e,6,4,3.9999994650000326,24.0,0.0009999998590000088,23.0,True,False,10,0,EXTENDED_PENDING_RESOURCE_GATE,COMPLETE_BASE_INSTANCE
C,3,24,random_ordered,32,0.5,16,0.01,2bc227757b796b179a46ae64d72d48b35fd3a1e3cf565307332e09edbd32d31f,290da6ce39989e8129d98694656fb19e4ff93975b90442e82e6515411354618e,6,4,3.9946532559974033,24.0,0.09985909036528885,23.0,True,False,10,0,EXTENDED_PENDING_RESOURCE_GATE,COMPLETE_BASE_INSTANCE
C,3,24,random_ordered,32,0.5,16,0.1,3af0f3c5de940f388d0e1c4ab2677ef1e6f4bf7921e38c1abad03ae7789ea7a2,290da6ce39989e8129d98694656fb19e4ff93975b90442e82e6515411354618e,6,4,3.4964100088393932,24.0,0.8677015063250222,23.0,True,False,10,0,EXTENDED_PENDING_RESOURCE_GATE,COMPLETE_BASE_INSTANCE
C,3,24,random_ordered,32,0.5,16,0.5,b478ad37228856535dd9a06b5aee189e173a63862e1c9ee1ecc4d273231c0cdd,290da6ce39989e8129d98694656fb19e4ff93975b90442e82e6515411354618e,6,4,0.07692811994976002,24.0,0.07447636127471922,23.0,True,False,10,0,EXTENDED_PENDING_RESOURCE_GATE,COMPLETE_BASE_INSTANCE
C,3,24,random_ordered,32,0.75,24,0.0001,89440f0ca876fde4880a1530653ced383e030cc1c1e649dbf7c17d02eceeef2c,290da6ce39989e8129d98694656fb19e4ff93975b90442e82e6515411354618e,6,4,3.9999994650000326,24.0,0.0009999998590000088,23.0,True,False,10,0,EXTENDED_PENDING_RESOURCE_GATE,COMPLETE_BASE_INSTANCE
C,3,24,random_ordered,32,0.75,24,0.01,7fefb8b33ea99f58ed9aeb9434964383273ec329aedc1b04aa121451f8b24719,290da6ce39989e8129d98694656fb19e4ff93975b90442e82e6515411354618e,6,4,3.9946532559974033,24.0,0.09985909036528885,23.0,True,False,10,0,EXTENDED_PENDING_RESOURCE_GATE,COMPLETE_BASE_INSTANCE
C,3,24,random_ordered,32,0.75,24,0.1,f19273fc9439320c72a62625ba2f685a58e92a6d4c81253cd296e65e6a75d857,290da6ce39989e8129d98694656fb19e4ff93975b90442e82e6515411354618e,6,4,3.4964100088393932,24.0,0.8677015063250222,23.0,True,False,10,0,EXTENDED_PENDING_RESOURCE_GATE,COMPLETE_BASE_INSTANCE
C,3,24,random_ordered,32,0.75,24,0.5,4bbe4eb1a9f6dabc7c28e79a363d865491aaafc688cf8c57746563b2b8efbac8,290da6ce39989e8129d98694656fb19e4ff93975b90442e82e6515411354618e,6,4,0.07692811994976002,24.0,0.07447636127471922,23.0,True,False,10,0,EXTENDED_PENDING_RESOURCE_GATE,COMPLETE_BASE_INSTANCE
C,3,24,random_ordered,64,0.125,8,0.0001,418874b23b192326675034bcc1bd64b6324f7cf85e70ee20f630b9b0d9c1b810,290da6ce39989e8129d98694656fb19e4ff93975b90442e82e6515411354618e,6,4,3.9999994650000326,24.0,0.0009999998590000088,23.0,True,False,10,0,EXTENDED_PENDING_RESOURCE_GATE,COMPLETE_BASE_INSTANCE
C,3,24,random_ordered,64,0.125,8,0.01,e43402ae72ad71586a0d752b0fdff76485ab07ecae244a858721bfecce35981d,290da6ce39989e8129d98694656fb19e4ff93975b90442e82e6515411354618e,6,4,3.9946532559974033,24.0,0.09985909036528885,23.0,True,False,10,0,EXTENDED_PENDING_RESOURCE_GATE,COMPLETE_BASE_INSTANCE
C,3,24,random_ordered,64,0.125,8,0.1,0f82b2a3efd32785aad29b5e9a743833b310c4f512e7d2c690400797e2e61423,290da6ce39989e8129d98694656fb19e4ff93975b90442e82e6515411354618e,6,4,3.4964100088393932,24.0,0.8677015063250222,23.0,True,False,10,0,EXTENDED_PENDING_RESOURCE_GATE,COMPLETE_BASE_INSTANCE
C,3,24,random_ordered,64,0.125,8,0.5,162ccf3c6eeb582c1d1e61b3dacee757a5f478cf70514bb8c48fb4d8266704d3,290da6ce39989e8129d98694656fb19e4ff93975b90442e82e6515411354618e,6,4,0.07692811994976002,24.0,0.07447636127471922,23.0,True,False,10,0,EXTENDED_PENDING_RESOURCE_GATE,COMPLETE_BASE_INSTANCE
C,3,24,random_ordered,64,0.25,16,0.0001,816655302d491bd51436f84cd1a2266537908f8a093509d2be1040588c431328,290da6ce39989e8129d98694656fb19e4ff93975b90442e82e6515411354618e,6,4,3.9999994650000326,24.0,0.0009999998590000088,23.0,True,False,10,0,EXTENDED_PENDING_RESOURCE_GATE,COMPLETE_BASE_INSTANCE
C,3,24,random_ordered,64,0.25,16,0.01,f918298fd2bfa000037897197835ef8d91ac806d99c5fa0ce3bd9bbd33ae2505,290da6ce39989e8129d98694656fb19e4ff93975b90442e82e6515411354618e,6,4,3.9946532559974033,24.0,0.09985909036528885,23.0,True,False,10,0,EXTENDED_PENDING_RESOURCE_GATE,COMPLETE_BASE_INSTANCE
C,3,24,random_ordered,64,0.25,16,0.1,bdf895df027991a0ca9b4befeae61853b209bd4d9626a89fbc1f18365db8f52c,290da6ce39989e8129d98694656fb19e4ff93975b90442e82e6515411354618e,6,4,3.4964100088393932,24.0,0.8677015063250222,23.0,True,False,10,0,EXTENDED_PENDING_RESOURCE_GATE,COMPLETE_BASE_INSTANCE
C,3,24,random_ordered,64,0.25,16,0.5,b39b1a66dbddba1a404f98fafd8be3c96f7f98c5b2472e0ba7ca57acc1b0128c,290da6ce39989e8129d98694656fb19e4ff93975b90442e82e6515411354618e,6,4,0.07692811994976002,24.0,0.07447636127471922,23.0,True,False,10,0,EXTENDED_PENDING_RESOURCE_GATE,COMPLETE_BASE_INSTANCE
C,3,24,random_ordered,64,0.5,32,0.0001,acd3cefaa08770f3eeddd76ab993973c8587f448bd7e5c297123acb7b9b69f84,290da6ce39989e8129d98694656fb19e4ff93975b90442e82e6515411354618e,6,4,3.9999994650000326,24.0,0.0009999998590000088,23.0,True,False,10,0,EXTENDED_PENDING_RESOURCE_GATE,COMPLETE_BASE_INSTANCE
C,3,24,random_ordered,64,0.5,32,0.01,e5e35ece30c0e5d43456ad6f6765deda5283c5a9070f5f368c067879ba877565,290da6ce39989e8129d98694656fb19e4ff93975b90442e82e6515411354618e,6,4,3.9946532559974033,24.0,0.09985909036528885,23.0,True,False,10,0,EXTENDED_PENDING_RESOURCE_GATE,COMPLETE_BASE_INSTANCE
C,3,24,random_ordered,64,0.5,32,0.1,c45c66d050cb87f0d475e7374fb81bbb34e54bb0d978c2c91b1481d91ed3d849,290da6ce39989e8129d98694656fb19e4ff93975b90442e82e6515411354618e,6,4,3.4964100088393932,24.0,0.8677015063250222,23.0,True,False,10,0,EXTENDED_PENDING_RESOURCE_GATE,COMPLETE_BASE_INSTANCE
C,3,24,random_ordered,64,0.5,32,0.5,e1b487a12e145cd5eb2027556c012b546143dd6eb5983d5387d4b74839f62654,290da6ce39989e8129d98694656fb19e4ff93975b90442e82e6515411354618e,6,4,0.07692811994976002,24.0,0.07447636127471922,23.0,True,False,10,0,EXTENDED_PENDING_RESOURCE_GATE,COMPLETE_BASE_INSTANCE
C,3,24,random_ordered,64,0.75,48,0.0001,36a53438d5d5c42825721d1d3d5727a300cf463c1cde578efa0bf47427032491,290da6ce39989e8129d98694656fb19e4ff93975b90442e82e6515411354618e,6,4,3.9999994650000326,24.0,0.0009999998590000088,23.0,True,False,10,0,EXTENDED_PENDING_RESOURCE_GATE,COMPLETE_BASE_INSTANCE
C,3,24,random_ordered,64,0.75,48,0.01,06c1359d9df11a6c754b2e33cd7792321c952c191503528ecc194ff7699fcd3f,290da6ce39989e8129d98694656fb19e4ff93975b90442e82e6515411354618e,6,4,3.9946532559974033,24.0,0.09985909036528885,23.0,True,False,10,0,EXTENDED_PENDING_RESOURCE_GATE,COMPLETE_BASE_INSTANCE
C,3,24,random_ordered,64,0.75,48,0.1,e756f6f673e80f964c1b7b51a0b61a83d1a737d0e5aac46f8ab0cb2cbb1879c8,290da6ce39989e8129d98694656fb19e4ff93975b90442e82e6515411354618e,6,4,3.4964100088393932,24.0,0.8677015063250222,23.0,True,False,10,0,EXTENDED_PENDING_RESOURCE_GATE,COMPLETE_BASE_INSTANCE
C,3,24,random_ordered,64,0.75,48,0.5,a22954760ead1cd508c5fd64a7c9d1644a37824a202b2a970c9524575028c88d,290da6ce39989e8129d98694656fb19e4ff93975b90442e82e6515411354618e,6,4,0.07692811994976002,24.0,0.07447636127471922,23.0,True,False,10,0,EXTENDED_PENDING_RESOURCE_GATE,COMPLETE_BASE_INSTANCE
C,4,3,comb,2,0.125,1,0.0001,64488f274ffdf929ae155485e2fe4b97536891eebd344b6d5ac40353478e7a95,0f9abd885c51e337b364881a73d497c4bf0b1fa441c98951558f4db2c6270903,3,2,2.9999999749999997,3.0,0.0002999999985,2.0,True,False,10,0,EXTENDED_PENDING_RESOURCE_GATE,COMPLETE_BASE_INSTANCE
C,4,3,comb,2,0.125,1,0.01,ea381e374ab8a67f106fc29c5fd22099059c2e543cba9b4fff06c610d1412f1f,0f9abd885c51e337b364881a73d497c4bf0b1fa441c98951558f4db2c6270903,3,2,2.999750001250104,3.0,0.029998499962498124,2.0,True,False,10,0,EXTENDED_PENDING_RESOURCE_GATE,COMPLETE_BASE_INSTANCE
C,4,3,comb,2,0.125,1,0.1,a299379138a9a7c30632c5dded9066ef095f87e2582020286a6fd91c999fc92c,0f9abd885c51e337b364881a73d497c4bf0b1fa441c98951558f4db2c6270903,3,2,2.975012605015313,3.0,0.298496231131986,2.0,True,False,10,0,EXTENDED_PENDING_RESOURCE_GATE,COMPLETE_BASE_INSTANCE
C,4,3,comb,2,0.125,1,0.5,b91a4487ab2a9b11185aac5b02ab799d0bb524a3e5e7fb4a03a4dc3102f9f740,0f9abd885c51e337b364881a73d497c4bf0b1fa441c98951558f4db2c6270903,3,2,2.384848003542364,3.0,1.2990381056766578,2.0,True,False,10,0,EXTENDED_PENDING_RESOURCE_GATE,COMPLETE_BASE_INSTANCE
C,4,3,comb,2,0.25,1,0.0001,bacb61074e0023c22e9c6df7d88475fb83ef8ba9a03edf58dd344103e6fe3883,0f9abd885c51e337b364881a73d497c4bf0b1fa441c98951558f4db2c6270903,3,2,2.9999999749999997,3.0,0.0002999999985,2.0,True,False,10,0,EXTENDED_PENDING_RESOURCE_GATE,COMPLETE_BASE_INSTANCE
C,4,3,comb,2,0.25,1,0.01,93d4f49a525a17cdc4e56348eba64f32df14f76a90f364c1105902395b2b31e7,0f9abd885c51e337b364881a73d497c4bf0b1fa441c98951558f4db2c6270903,3,2,2.999750001250104,3.0,0.029998499962498124,2.0,True,False,10,0,EXTENDED_PENDING_RESOURCE_GATE,COMPLETE_BASE_INSTANCE
C,4,3,comb,2,0.25,1,0.1,47ff5d9e28c24dc5fce5fc82c4bacf674c49b11d256bdbfd4b63e778eff6b27b,0f9abd885c51e337b364881a73d497c4bf0b1fa441c98951558f4db2c6270903,3,2,2.975012605015313,3.0,0.298496231131986,2.0,True,False,10,0,EXTENDED_PENDING_RESOURCE_GATE,COMPLETE_BASE_INSTANCE
C,4,3,comb,2,0.25,1,0.5,e1a1e608c01fc7d2ac2fd02e68598d29019ab2e1299b6f82c73edc820fbbec9d,0f9abd885c51e337b364881a73d497c4bf0b1fa441c98951558f4db2c6270903,3,2,2.384848003542364,3.0,1.2990381056766578,2.0,True,False,10,0,EXTENDED_PENDING_RESOURCE_GATE,COMPLETE_BASE_INSTANCE
C,4,3,comb,2,0.5,1,0.0001,128b14465315ff3d4a81fed0219d6d090488df09c3cfbb848d4651f15b96affa,0f9abd885c51e337b364881a73d497c4bf0b1fa441c98951558f4db2c6270903,3,2,2.9999999749999997,3.0,0.0002999999985,2.0,True,False,10,0,EXTENDED_PENDING_RESOURCE_GATE,COMPLETE_BASE_INSTANCE
C,4,3,comb,2,0.5,1,0.01,3826d398c8f9e9d8bbea64f7c956af0934b080e9c8de188dd8089fe245a43d50,0f9abd885c51e337b364881a73d497c4bf0b1fa441c98951558f4db2c6270903,3,2,2.999750001250104,3.0,0.029998499962498124,2.0,True,False,10,0,EXTENDED_PENDING_RESOURCE_GATE,COMPLETE_BASE_INSTANCE
C,4,3,comb,2,0.5,1,0.1,624afd01c71bf6837b7547a2f2bb62e25f1d1243e4f9388a1c20425e5d60efde,0f9abd885c51e337b364881a73d497c4bf0b1fa441c98951558f4db2c6270903,3,2,2.975012605015313,3.0,0.298496231131986,2.0,True,False,10,0,EXTENDED_PENDING_RESOURCE_GATE,COMPLETE_BASE_INSTANCE
C,4,3,comb,2,0.5,1,0.5,894a15064331050687a4dce56599ecc0bf9a9cc993be220a441af326832b19dc,0f9abd885c51e337b364881a73d497c4bf0b1fa441c98951558f4db2c6270903,3,2,2.384848003542364,3.0,1.2990381056766578,2.0,True,False,10,0,EXTENDED_PENDING_RESOURCE_GATE,COMPLETE_BASE_INSTANCE
C,4,3,comb,2,0.75,1,0.0001,e656fb043777f4449b9a7c82221c00fd0d8a96c0e2a5dd46a61bdae249a3c2c9,0f9abd885c51e337b364881a73d497c4bf0b1fa441c98951558f4db2c6270903,3,2,2.9999999749999997,3.0,0.0002999999985,2.0,True,False,10,0,EXTENDED_PENDING_RESOURCE_GATE,COMPLETE_BASE_INSTANCE
C,4,3,comb,2,0.75,1,0.01,8ebd6061ba60be2e5e872b7f934d281cd11c61d5b1f65b0776b9d5b80618c401,0f9abd885c51e337b364881a73d497c4bf0b1fa441c98951558f4db2c6270903,3,2,2.999750001250104,3.0,0.029998499962498124,2.0,True,False,10,0,EXTENDED_PENDING_RESOURCE_GATE,COMPLETE_BASE_INSTANCE
C,4,3,comb,2,0.75,1,0.1,a1b3e8f572d233db2e6052f6a4580a37ea904d65574b8acbe266d10e64a17bd0,0f9abd885c51e337b364881a73d497c4bf0b1fa441c98951558f4db2c6270903,3,2,2.975012605015313,3.0,0.298496231131986,2.0,True,False,10,0,EXTENDED_PENDING_RESOURCE_GATE,COMPLETE_BASE_INSTANCE
C,4,3,comb,2,0.75,1,0.5,a3b3d927a98864f312c3a0d4e0b16f0499343df29b017de805dcd358e79f2e19,0f9abd885c51e337b364881a73d497c4bf0b1fa441c98951558f4db2c6270903,3,2,2.384848003542364,3.0,1.2990381056766578,2.0,True,False,10,0,EXTENDED_PENDING_RESOURCE_GATE,COMPLETE_BASE_INSTANCE
C,4,3,comb,4,0.125,1,0.0001,a0e51c6eeda25e529838f73d31847412bdfe4e59d25e557fc8db76cadaf65238,0f9abd885c51e337b364881a73d497c4bf0b1fa441c98951558f4db2c6270903,3,2,2.9999999749999997,3.0,0.0002999999985,2.0,True,False,10,0,EXTENDED_PENDING_RESOURCE_GATE,COMPLETE_BASE_INSTANCE
C,4,3,comb,4,0.125,1,0.01,2123bcbb747b20a6d3388494208db989419a3e65aab5ff9145d1c526faa62d44,0f9abd885c51e337b364881a73d497c4bf0b1fa441c98951558f4db2c6270903,3,2,2.999750001250104,3.0,0.029998499962498124,2.0,True,False,10,0,EXTENDED_PENDING_RESOURCE_GATE,COMPLETE_BASE_INSTANCE
C,4,3,comb,4,0.125,1,0.1,1a9057eb82b0a995c8fd6e73419ea1fb7c70f231953439691a2ffaf53aa59309,0f9abd885c51e337b364881a73d497c4bf0b1fa441c98951558f4db2c6270903,3,2,2.975012605015313,3.0,0.298496231131986,2.0,True,False,10,0,EXTENDED_PENDING_RESOURCE_GATE,COMPLETE_BASE_INSTANCE
C,4,3,comb,4,0.125,1,0.5,9b4f343aefe3689a4574125a2276d180c4634e782d7255638d769d0fc8bf556a,0f9abd885c51e337b364881a73d497c4bf0b1fa441c98951558f4db2c6270903,3,2,2.384848003542364,3.0,1.2990381056766578,2.0,True,False,10,0,EXTENDED_PENDING_RESOURCE_GATE,COMPLETE_BASE_INSTANCE
C,4,3,comb,4,0.25,1,0.0001,503d83526ea9c59a6ade63e6e5c182832687cd50699293c8d754f3d38927d14a,0f9abd885c51e337b364881a73d497c4bf0b1fa441c98951558f4db2c6270903,3,2,2.9999999749999997,3.0,0.0002999999985,2.0,True,False,10,0,EXTENDED_PENDING_RESOURCE_GATE,COMPLETE_BASE_INSTANCE
C,4,3,comb,4,0.25,1,0.01,78d20e9bd6e37278b0dd20f4f36c76733cbec8e94bad8fe7793b8e94475989fa,0f9abd885c51e337b364881a73d497c4bf0b1fa441c98951558f4db2c6270903,3,2,2.999750001250104,3.0,0.029998499962498124,2.0,True,False,10,0,EXTENDED_PENDING_RESOURCE_GATE,COMPLETE_BASE_INSTANCE
C,4,3,comb,4,0.25,1,0.1,e1243cc6c30882e5f8e082f03d0cac4b755dc563afc96d721eec53edfee64b55,0f9abd885c51e337b364881a73d497c4bf0b1fa441c98951558f4db2c6270903,3,2,2.975012605015313,3.0,0.298496231131986,2.0,True,False,10,0,EXTENDED_PENDING_RESOURCE_GATE,COMPLETE_BASE_INSTANCE
C,4,3,comb,4,0.25,1,0.5,d2e6eb02b8effe94c854add63cdafeabf24ef3f578cea438c9608e3185ba7967,0f9abd885c51e337b364881a73d497c4bf0b1fa441c98951558f4db2c6270903,3,2,2.384848003542364,3.0,1.2990381056766578,2.0,True,False,10,0,EXTENDED_PENDING_RESOURCE_GATE,COMPLETE_BASE_INSTANCE
C,4,3,comb,4,0.5,2,0.0001,0029005205c7c11f32e6886ada30ea848d7e5dd2ccde715394aa770dd80243da,0f9abd885c51e337b364881a73d497c4bf0b1fa441c98951558f4db2c6270903,3,2,2.9999999749999997,3.0,0.0002999999985,2.0,True,False,10,0,EXTENDED_PENDING_RESOURCE_GATE,COMPLETE_BASE_INSTANCE
C,4,3,comb,4,0.5,2,0.01,30aecbc614af3f799347934bc4fcbe8db542311d89d6e9e257468b8289e0b4df,0f9abd885c51e337b364881a73d497c4bf0b1fa441c98951558f4db2c6270903,3,2,2.999750001250104,3.0,0.029998499962498124,2.0,True,False,10,0,EXTENDED_PENDING_RESOURCE_GATE,COMPLETE_BASE_INSTANCE
C,4,3,comb,4,0.5,2,0.1,0d832248e0db329c0f66254850a6bab4c9debe9871b546d84573645d4cf0724d,0f9abd885c51e337b364881a73d497c4bf0b1fa441c98951558f4db2c6270903,3,2,2.975012605015313,3.0,0.298496231131986,2.0,True,False,10,0,EXTENDED_PENDING_RESOURCE_GATE,COMPLETE_BASE_INSTANCE
C,4,3,comb,4,0.5,2,0.5,1e0bd4f85fa7660b8bd6c5e0054dc3c07c56a9df27168907c5ad91531198d358,0f9abd885c51e337b364881a73d497c4bf0b1fa441c98951558f4db2c6270903,3,2,2.384848003542364,3.0,1.2990381056766578,2.0,True,False,10,0,EXTENDED_PENDING_RESOURCE_GATE,COMPLETE_BASE_INSTANCE
C,4,3,comb,4,0.75,3,0.0001,bed4e0874fe665844117f97b21032a160a19ed94747404af44e970f53c519c03,0f9abd885c51e337b364881a73d497c4bf0b1fa441c98951558f4db2c6270903,3,2,2.9999999749999997,3.0,0.0002999999985,2.0,True,False,10,0,EXTENDED_PENDING_RESOURCE_GATE,COMPLETE_BASE_INSTANCE
C,4,3,comb,4,0.75,3,0.01,495b777ff00fe5f567454c57aae5f1373137bb57fcaf1d251de6155f499e98dd,0f9abd885c51e337b364881a73d497c4bf0b1fa441c98951558f4db2c6270903,3,2,2.999750001250104,3.0,0.029998499962498124,2.0,True,False,10,0,EXTENDED_PENDING_RESOURCE_GATE,COMPLETE_BASE_INSTANCE
C,4,3,comb,4,0.75,3,0.1,b6722a3af5cf0eab36009ea37aae23a6a2718e5cb991f9e55a434858aad0f5fe,0f9abd885c51e337b364881a73d497c4bf0b1fa441c98951558f4db2c6270903,3,2,2.975012605015313,3.0,0.298496231131986,2.0,True,False,10,0,EXTENDED_PENDING_RESOURCE_GATE,COMPLETE_BASE_INSTANCE
C,4,3,comb,4,0.75,3,0.5,01e9c7e9cf87ac029eadfae9f7a27f3ff4aacdb60372b4d0b98f5f187e4b5668,0f9abd885c51e337b364881a73d497c4bf0b1fa441c98951558f4db2c6270903,3,2,2.384848003542364,3.0,1.2990381056766578,2.0,True,False,10,0,EXTENDED_PENDING_RESOURCE_GATE,COMPLETE_BASE_INSTANCE
C,4,3,comb,8,0.125,1,0.0001,fa0a650d0122c1b003821382f0f106c1602add2d675b685ac27d161ee6664320,0f9abd885c51e337b364881a73d497c4bf0b1fa441c98951558f4db2c6270903,3,2,2.9999999749999997,3.0,0.0002999999985,2.0,True,False,10,0,EXTENDED_PENDING_RESOURCE_GATE,COMPLETE_BASE_INSTANCE
C,4,3,comb,8,0.125,1,0.01,4d3f9e08cc4c6657938935c77723b54ec4c8c3b2917c752ef86bf50a68155346,0f9abd885c51e337b364881a73d497c4bf0b1fa441c98951558f4db2c6270903,3,2,2.999750001250104,3.0,0.029998499962498124,2.0,True,False,10,0,EXTENDED_PENDING_RESOURCE_GATE,COMPLETE_BASE_INSTANCE
C,4,3,comb,8,0.125,1,0.1,807478cfdad84db371f6ac6d661e64f7b6ef1014d1d4bc609c0a0ca0626094fd,0f9abd885c51e337b364881a73d497c4bf0b1fa441c98951558f4db2c6270903,3,2,2.975012605015313,3.0,0.298496231131986,2.0,True,False,10,0,EXTENDED_PENDING_RESOURCE_GATE,COMPLETE_BASE_INSTANCE
C,4,3,comb,8,0.125,1,0.5,62482aba481b70348387c6cced8951d9d8dbabf8936417204944ba6e73606b19,0f9abd885c51e337b364881a73d497c4bf0b1fa441c98951558f4db2c6270903,3,2,2.384848003542364,3.0,1.2990381056766578,2.0,True,False,10,0,EXTENDED_PENDING_RESOURCE_GATE,COMPLETE_BASE_INSTANCE
C,4,3,comb,8,0.25,2,0.0001,193fa834253e88443494ae4597e7bd80027113c729dcfdc5eee01847b53cbefb,0f9abd885c51e337b364881a73d497c4bf0b1fa441c98951558f4db2c6270903,3,2,2.9999999749999997,3.0,0.0002999999985,2.0,True,False,10,0,EXTENDED_PENDING_RESOURCE_GATE,COMPLETE_BASE_INSTANCE
C,4,3,comb,8,0.25,2,0.01,2bf7c604fcb3a1771b78f3f75bcce9550f8d415a75d6ffbe3c80b7f4513ca5b2,0f9abd885c51e337b364881a73d497c4bf0b1fa441c98951558f4db2c6270903,3,2,2.999750001250104,3.0,0.029998499962498124,2.0,True,False,10,0,EXTENDED_PENDING_RESOURCE_GATE,COMPLETE_BASE_INSTANCE
C,4,3,comb,8,0.25,2,0.1,836d23ec42b6ecfc1a45d4fcd65ddd3ab170ed27642798f65e6d8c2b2924d2f9,0f9abd885c51e337b364881a73d497c4bf0b1fa441c98951558f4db2c6270903,3,2,2.975012605015313,3.0,0.298496231131986,2.0,True,False,10,0,EXTENDED_PENDING_RESOURCE_GATE,COMPLETE_BASE_INSTANCE
C,4,3,comb,8,0.25,2,0.5,d24afd6751e257a8b5ffe51fbc0a456a891c3da4d6fca8ad8750842478570125,0f9abd885c51e337b364881a73d497c4bf0b1fa441c98951558f4db2c6270903,3,2,2.384848003542364,3.0,1.2990381056766578,2.0,True,False,10,0,EXTENDED_PENDING_RESOURCE_GATE,COMPLETE_BASE_INSTANCE
C,4,3,comb,8,0.5,4,0.0001,4118130b940fc7a57d3953a7c606010898be8ef6e80cb43067c24d4e1ad1e738,0f9abd885c51e337b364881a73d497c4bf0b1fa441c98951558f4db2c6270903,3,2,2.9999999749999997,3.0,0.0002999999985,2.0,True,False,10,0,EXTENDED_PENDING_RESOURCE_GATE,COMPLETE_BASE_INSTANCE
C,4,3,comb,8,0.5,4,0.01,8835cab45b47e9efd583f101b5f20c4deeb294c9661dbb44ba61952603b01586,0f9abd885c51e337b364881a73d497c4bf0b1fa441c98951558f4db2c6270903,3,2,2.999750001250104,3.0,0.029998499962498124,2.0,True,False,10,0,EXTENDED_PENDING_RESOURCE_GATE,COMPLETE_BASE_INSTANCE
C,4,3,comb,8,0.5,4,0.1,b72d77e7e07c4328b6257a439586953e23e3f2da6a9e113ab387a5d55b643f81,0f9abd885c51e337b364881a73d497c4bf0b1fa441c98951558f4db2c6270903,3,2,2.975012605015313,3.0,0.298496231131986,2.0,True,False,10,0,EXTENDED_PENDING_RESOURCE_GATE,COMPLETE_BASE_INSTANCE
C,4,3,comb,8,0.5,4,0.5,2b58b33404462c9cce462e5f88ba7c0bb8561d2fd28c6acbeb876768398979d5,0f9abd885c51e337b364881a73d497c4bf0b1fa441c98951558f4db2c6270903,3,2,2.384848003542364,3.0,1.2990381056766578,2.0,True,False,10,0,EXTENDED_PENDING_RESOURCE_GATE,COMPLETE_BASE_INSTANCE
C,4,3,comb,8,0.75,6,0.0001,b650ca0f4a1bb374a34c29d921909c22064cec31466d812ce01767f7b492f6ad,0f9abd885c51e337b364881a73d497c4bf0b1fa441c98951558f4db2c6270903,3,2,2.9999999749999997,3.0,0.0002999999985,2.0,True,False,10,0,EXTENDED_PENDING_RESOURCE_GATE,COMPLETE_BASE_INSTANCE
C,4,3,comb,8,0.75,6,0.01,911302bf35144bf2cf4d031b2214d7b5af82f4bd5db0e608be703625204847bc,0f9abd885c51e337b364881a73d497c4bf0b1fa441c98951558f4db2c6270903,3,2,2.999750001250104,3.0,0.029998499962498124,2.0,True,False,10,0,EXTENDED_PENDING_RESOURCE_GATE,COMPLETE_BASE_INSTANCE
C,4,3,comb,8,0.75,6,0.1,b0257dc2ab8bd8d1581a170b54c6bf3ba86de0105784eff4d770eb26e4da20c7,0f9abd885c51e337b364881a73d497c4bf0b1fa441c98951558f4db2c6270903,3,2,2.975012605015313,3.0,0.298496231131986,2.0,True,False,10,0,EXTENDED_PENDING_RESOURCE_GATE,COMPLETE_BASE_INSTANCE
C,4,3,comb,8,0.75,6,0.5,c3141d07ebfd5b21bb88fe77b99a6bcb6d852128f13ae837fdf60b656dacfe19,0f9abd885c51e337b364881a73d497c4bf0b1fa441c98951558f4db2c6270903,3,2,2.384848003542364,3.0,1.2990381056766578,2.0,True,False,10,0,EXTENDED_PENDING_RESOURCE_GATE,COMPLETE_BASE_INSTANCE
C,4,3,comb,16,0.125,2,0.0001,d3d16c06784ae39b2c6fd9c50eb94fe7c591b90dc6ceb4b214f14749fe323288,0f9abd885c51e337b364881a73d497c4bf0b1fa441c98951558f4db2c6270903,3,2,2.9999999749999997,3.0,0.0002999999985,2.0,True,False,10,0,EXTENDED_PENDING_RESOURCE_GATE,COMPLETE_BASE_INSTANCE
C,4,3,comb,16,0.125,2,0.01,b3f911e56f15833fd5694b5e8c9fc05ee1a5888a38030c11368fc97f22299803,0f9abd885c51e337b364881a73d497c4bf0b1fa441c98951558f4db2c6270903,3,2,2.999750001250104,3.0,0.029998499962498124,2.0,True,False,10,0,EXTENDED_PENDING_RESOURCE_GATE,COMPLETE_BASE_INSTANCE
C,4,3,comb,16,0.125,2,0.1,0e5d74fef5bbebeb032f4208acbbe45951f1d850f72995606b642a2ae330ce7f,0f9abd885c51e337b364881a73d497c4bf0b1fa441c98951558f4db2c6270903,3,2,2.975012605015313,3.0,0.298496231131986,2.0,True,False,10,0,EXTENDED_PENDING_RESOURCE_GATE,COMPLETE_BASE_INSTANCE
C,4,3,comb,16,0.125,2,0.5,21f93e7eadb41d4f3353edf8c1d6509b1a760d559b581fdf380cbe1421e13830,0f9abd885c51e337b364881a73d497c4bf0b1fa441c98951558f4db2c6270903,3,2,2.384848003542364,3.0,1.2990381056766578,2.0,True,False,10,0,EXTENDED_PENDING_RESOURCE_GATE,COMPLETE_BASE_INSTANCE
C,4,3,comb,16,0.25,4,0.0001,a1ce10d9b6f90e55ec92396a1503cbd1d6822bc49009a98fd5bcb8c43a5bde9d,0f9abd885c51e337b364881a73d497c4bf0b1fa441c98951558f4db2c6270903,3,2,2.9999999749999997,3.0,0.0002999999985,2.0,True,False,10,0,EXTENDED_PENDING_RESOURCE_GATE,COMPLETE_BASE_INSTANCE
C,4,3,comb,16,0.25,4,0.01,2eff1d92e770e6c71e5ddf148f14d4cb4e1399df89bd1f7a58876a405672ae4f,0f9abd885c51e337b364881a73d497c4bf0b1fa441c98951558f4db2c6270903,3,2,2.999750001250104,3.0,0.029998499962498124,2.0,True,False,10,0,EXTENDED_PENDING_RESOURCE_GATE,COMPLETE_BASE_INSTANCE
C,4,3,comb,16,0.25,4,0.1,52806624cb98b83e56d2f32984b8293403b0dd515eec0dfb3b34f3efe9d6fb16,0f9abd885c51e337b364881a73d497c4bf0b1fa441c98951558f4db2c6270903,3,2,2.975012605015313,3.0,0.298496231131986,2.0,True,False,10,0,EXTENDED_PENDING_RESOURCE_GATE,COMPLETE_BASE_INSTANCE
C,4,3,comb,16,0.25,4,0.5,5013c60997bdf7f55c513e08e2014eb606cd6ed5188274417ad0d28ab38502db,0f9abd885c51e337b364881a73d497c4bf0b1fa441c98951558f4db2c6270903,3,2,2.384848003542364,3.0,1.2990381056766578,2.0,True,False,10,0,EXTENDED_PENDING_RESOURCE_GATE,COMPLETE_BASE_INSTANCE
C,4,3,comb,16,0.5,8,0.0001,b9589bd604e16adf0020d6b6da2b6cacdb5400789ec169c57c47022ae1292bba,0f9abd885c51e337b364881a73d497c4bf0b1fa441c98951558f4db2c6270903,3,2,2.9999999749999997,3.0,0.0002999999985,2.0,True,False,10,0,EXTENDED_PENDING_RESOURCE_GATE,COMPLETE_BASE_INSTANCE
C,4,3,comb,16,0.5,8,0.01,a58f72ffffab959e5688903987636ede5f20ca9d0725f6a31b41b99ff9dd62b4,0f9abd885c51e337b364881a73d497c4bf0b1fa441c98951558f4db2c6270903,3,2,2.999750001250104,3.0,0.029998499962498124,2.0,True,False,10,0,EXTENDED_PENDING_RESOURCE_GATE,COMPLETE_BASE_INSTANCE
C,4,3,comb,16,0.5,8,0.1,b95935483fe45c02b5936ec9e51f3b1e87fa483e365e0b8216f54e443c11f733,0f9abd885c51e337b364881a73d497c4bf0b1fa441c98951558f4db2c6270903,3,2,2.975012605015313,3.0,0.298496231131986,2.0,True,False,10,0,EXTENDED_PENDING_RESOURCE_GATE,COMPLETE_BASE_INSTANCE
C,4,3,comb,16,0.5,8,0.5,8e2841bff426d4f0da04b7c4e3877fb1d558e882cc9cd167783910dac112545b,0f9abd885c51e337b364881a73d497c4bf0b1fa441c98951558f4db2c6270903,3,2,2.384848003542364,3.0,1.2990381056766578,2.0,True,False,10,0,EXTENDED_PENDING_RESOURCE_GATE,COMPLETE_BASE_INSTANCE
C,4,3,comb,16,0.75,12,0.0001,389e21dceb5a8d3dd116e53b40cd131585415ba1a3241d2169a21a115922f938,0f9abd885c51e337b364881a73d497c4bf0b1fa441c98951558f4db2c6270903,3,2,2.9999999749999997,3.0,0.0002999999985,2.0,True,False,10,0,EXTENDED_PENDING_RESOURCE_GATE,COMPLETE_BASE_INSTANCE
C,4,3,comb,16,0.75,12,0.01,a5ab827698bfac5137a139e7ee65c94cd5505428e3b1d5e838f9697f6e568ba2,0f9abd885c51e337b364881a73d497c4bf0b1fa441c98951558f4db2c6270903,3,2,2.999750001250104,3.0,0.029998499962498124,2.0,True,False,10,0,EXTENDED_PENDING_RESOURCE_GATE,COMPLETE_BASE_INSTANCE
C,4,3,comb,16,0.75,12,0.1,8f55f1f93bcbd178681c8b8b2f520416fbe625ad898c86238967c035c84881d5,0f9abd885c51e337b364881a73d497c4bf0b1fa441c98951558f4db2c6270903,3,2,2.975012605015313,3.0,0.298496231131986,2.0,True,False,10,0,EXTENDED_PENDING_RESOURCE_GATE,COMPLETE_BASE_INSTANCE
C,4,3,comb,16,0.75,12,0.5,857ecccb1becf1da9b8c690dfe9495be6988f65f37f634f267653acef48ba000,0f9abd885c51e337b364881a73d497c4bf0b1fa441c98951558f4db2c6270903,3,2,2.384848003542364,3.0,1.2990381056766578,2.0,True,False,10,0,EXTENDED_PENDING_RESOURCE_GATE,COMPLETE_BASE_INSTANCE
C,4,3,comb,32,0.125,4,0.0001,cb3b97827c7b8a5e753c4b33deb4ffc78987a8a492bd05834ded8c1ec79c005d,0f9abd885c51e337b364881a73d497c4bf0b1fa441c98951558f4db2c6270903,3,2,2.9999999749999997,3.0,0.0002999999985,2.0,True,False,10,0,EXTENDED_PENDING_RESOURCE_GATE,COMPLETE_BASE_INSTANCE
C,4,3,comb,32,0.125,4,0.01,5436afedc1811734a5ad23755e2fe0d8c8cacd84968de4b4b77944b9c97cc189,0f9abd885c51e337b364881a73d497c4bf0b1fa441c98951558f4db2c6270903,3,2,2.999750001250104,3.0,0.029998499962498124,2.0,True,False,10,0,EXTENDED_PENDING_RESOURCE_GATE,COMPLETE_BASE_INSTANCE
C,4,3,comb,32,0.125,4,0.1,c6358eb23b937c9e4bdfb721e9a02e9e4c279ef831301654112fbb2124bed637,0f9abd885c51e337b364881a73d497c4bf0b1fa441c98951558f4db2c6270903,3,2,2.975012605015313,3.0,0.298496231131986,2.0,True,False,10,0,EXTENDED_PENDING_RESOURCE_GATE,COMPLETE_BASE_INSTANCE
C,4,3,comb,32,0.125,4,0.5,7a59e63408381abbc216d8bab46591439e7928b4f9089b359df56d658b6926f7,0f9abd885c51e337b364881a73d497c4bf0b1fa441c98951558f4db2c6270903,3,2,2.384848003542364,3.0,1.2990381056766578,2.0,True,False,10,0,EXTENDED_PENDING_RESOURCE_GATE,COMPLETE_BASE_INSTANCE
C,4,3,comb,32,0.25,8,0.0001,345443a2c486e2e92d967878cdd9abb15cb5d810d54d70971c2ce3dac7c3e0c1,0f9abd885c51e337b364881a73d497c4bf0b1fa441c98951558f4db2c6270903,3,2,2.9999999749999997,3.0,0.0002999999985,2.0,True,False,10,0,EXTENDED_PENDING_RESOURCE_GATE,COMPLETE_BASE_INSTANCE
C,4,3,comb,32,0.25,8,0.01,a1e1a24e3af680177c02aa2517fcc3595057cbd43e37c31f0398a71b9e21bbb4,0f9abd885c51e337b364881a73d497c4bf0b1fa441c98951558f4db2c6270903,3,2,2.999750001250104,3.0,0.029998499962498124,2.0,True,False,10,0,EXTENDED_PENDING_RESOURCE_GATE,COMPLETE_BASE_INSTANCE
C,4,3,comb,32,0.25,8,0.1,f441c25cbab54586530ecc1a2700892e725fe32cd00d2501481242c8aab713aa,0f9abd885c51e337b364881a73d497c4bf0b1fa441c98951558f4db2c6270903,3,2,2.975012605015313,3.0,0.298496231131986,2.0,True,False,10,0,EXTENDED_PENDING_RESOURCE_GATE,COMPLETE_BASE_INSTANCE
C,4,3,comb,32,0.25,8,0.5,9ecf3c66f411b828fd47b5b12295c5495a7053bf707914a11377104c46368f2c,0f9abd885c51e337b364881a73d497c4bf0b1fa441c98951558f4db2c6270903,3,2,2.384848003542364,3.0,1.2990381056766578,2.0,True,False,10,0,EXTENDED_PENDING_RESOURCE_GATE,COMPLETE_BASE_INSTANCE
C,4,3,comb,32,0.5,16,0.0001,c3ffb4dbcdf78c79abaadea81be3fd835a53ddf4b4a1d4dff5ba9f4312bf94cd,0f9abd885c51e337b364881a73d497c4bf0b1fa441c98951558f4db2c6270903,3,2,2.9999999749999997,3.0,0.0002999999985,2.0,True,False,10,0,EXTENDED_PENDING_RESOURCE_GATE,COMPLETE_BASE_INSTANCE
C,4,3,comb,32,0.5,16,0.01,9c268c58f8703e250c7500da3e48d23484ccb6cd2656d2464392f14953caf6e6,0f9abd885c51e337b364881a73d497c4bf0b1fa441c98951558f4db2c6270903,3,2,2.999750001250104,3.0,0.029998499962498124,2.0,True,False,10,0,EXTENDED_PENDING_RESOURCE_GATE,COMPLETE_BASE_INSTANCE
C,4,3,comb,32,0.5,16,0.1,bd2236bfce0204a7ca42b9a3ec44609ddf4f75cee00db9ff85a4f2300e6176a3,0f9abd885c51e337b364881a73d497c4bf0b1fa441c98951558f4db2c6270903,3,2,2.975012605015313,3.0,0.298496231131986,2.0,True,False,10,0,EXTENDED_PENDING_RESOURCE_GATE,COMPLETE_BASE_INSTANCE
C,4,3,comb,32,0.5,16,0.5,34bd64bee0024e9979ff2dcee89b1df765970f84c3d60d05c7b6b8cef0dbd4aa,0f9abd885c51e337b364881a73d497c4bf0b1fa441c98951558f4db2c6270903,3,2,2.384848003542364,3.0,1.2990381056766578,2.0,True,False,10,0,EXTENDED_PENDING_RESOURCE_GATE,COMPLETE_BASE_INSTANCE
C,4,3,comb,32,0.75,24,0.0001,614b09a3e32ee9b37d25bb4cb26012b58808ed66a1ba874503464d17f7203c89,0f9abd885c51e337b364881a73d497c4bf0b1fa441c98951558f4db2c6270903,3,2,2.9999999749999997,3.0,0.0002999999985,2.0,True,False,10,0,EXTENDED_PENDING_RESOURCE_GATE,COMPLETE_BASE_INSTANCE
C,4,3,comb,32,0.75,24,0.01,9c58b9b711707a233be40ae183ef737bd46356f5db7f3ac264162df38bb2ac46,0f9abd885c51e337b364881a73d497c4bf0b1fa441c98951558f4db2c6270903,3,2,2.999750001250104,3.0,0.029998499962498124,2.0,True,False,10,0,EXTENDED_PENDING_RESOURCE_GATE,COMPLETE_BASE_INSTANCE
C,4,3,comb,32,0.75,24,0.1,0d5be36f817bdfd8b6c1b9d66ad1e2652910e16fe1c602c04f7152703c77a934,0f9abd885c51e337b364881a73d497c4bf0b1fa441c98951558f4db2c6270903,3,2,2.975012605015313,3.0,0.298496231131986,2.0,True,False,10,0,EXTENDED_PENDING_RESOURCE_GATE,COMPLETE_BASE_INSTANCE
C,4,3,comb,32,0.75,24,0.5,42e482efd457001cea2fc1f76e0d8de05300844990488207dab2056da3b859f1,0f9abd885c51e337b364881a73d497c4bf0b1fa441c98951558f4db2c6270903,3,2,2.384848003542364,3.0,1.2990381056766578,2.0,True,False,10,0,EXTENDED_PENDING_RESOURCE_GATE,COMPLETE_BASE_INSTANCE
C,4,3,comb,64,0.125,8,0.0001,d9ac01ac5662d3aeda323100aac330c583efcc107ba3ff36102c02b4beff10db,0f9abd885c51e337b364881a73d497c4bf0b1fa441c98951558f4db2c6270903,3,2,2.9999999749999997,3.0,0.0002999999985,2.0,True,False,10,0,EXTENDED_PENDING_RESOURCE_GATE,COMPLETE_BASE_INSTANCE
C,4,3,comb,64,0.125,8,0.01,02fbcc5c1f8ec70050915990607f2ba84da1ae267a0501c15c3e26cabf843fe6,0f9abd885c51e337b364881a73d497c4bf0b1fa441c98951558f4db2c6270903,3,2,2.999750001250104,3.0,0.029998499962498124,2.0,True,False,10,0,EXTENDED_PENDING_RESOURCE_GATE,COMPLETE_BASE_INSTANCE
C,4,3,comb,64,0.125,8,0.1,7199cf55e9ca756f3324c7272dfe6f00248c52a3a9a09f60ce53c9cb67ad26e0,0f9abd885c51e337b364881a73d497c4bf0b1fa441c98951558f4db2c6270903,3,2,2.975012605015313,3.0,0.298496231131986,2.0,True,False,10,0,EXTENDED_PENDING_RESOURCE_GATE,COMPLETE_BASE_INSTANCE
C,4,3,comb,64,0.125,8,0.5,478434e8e3cb73817da6e00e0608bf6ab6fab50f425f2c8a0e37363285205a8f,0f9abd885c51e337b364881a73d497c4bf0b1fa441c98951558f4db2c6270903,3,2,2.384848003542364,3.0,1.2990381056766578,2.0,True,False,10,0,EXTENDED_PENDING_RESOURCE_GATE,COMPLETE_BASE_INSTANCE
C,4,3,comb,64,0.25,16,0.0001,2d18529df4c397191eef6c4d166583d17d20fa865b36421d5d5d06584db11776,0f9abd885c51e337b364881a73d497c4bf0b1fa441c98951558f4db2c6270903,3,2,2.9999999749999997,3.0,0.0002999999985,2.0,True,False,10,0,EXTENDED_PENDING_RESOURCE_GATE,COMPLETE_BASE_INSTANCE
C,4,3,comb,64,0.25,16,0.01,b4a6d8895813c421011fb501b2bd4da677947fea1745ebbc14c688bf1b45b20d,0f9abd885c51e337b364881a73d497c4bf0b1fa441c98951558f4db2c6270903,3,2,2.999750001250104,3.0,0.029998499962498124,2.0,True,False,10,0,EXTENDED_PENDING_RESOURCE_GATE,COMPLETE_BASE_INSTANCE
C,4,3,comb,64,0.25,16,0.1,1daf0b4c8c041e2849234cfc397e32cd7d6eca65d6c1f2984cec5454ef1f9a6e,0f9abd885c51e337b364881a73d497c4bf0b1fa441c98951558f4db2c6270903,3,2,2.975012605015313,3.0,0.298496231131986,2.0,True,False,10,0,EXTENDED_PENDING_RESOURCE_GATE,COMPLETE_BASE_INSTANCE
C,4,3,comb,64,0.25,16,0.5,574f9fe039fae14d5b60f1633a9dcb623f6d99165c93aabecd3210fdd9ebf4c3,0f9abd885c51e337b364881a73d497c4bf0b1fa441c98951558f4db2c6270903,3,2,2.384848003542364,3.0,1.2990381056766578,2.0,True,False,10,0,EXTENDED_PENDING_RESOURCE_GATE,COMPLETE_BASE_INSTANCE
C,4,3,comb,64,0.5,32,0.0001,c39d12013d80c949d75476bd742b17f149cc5e02cf7b0fe2c2ee79a54bc0c48e,0f9abd885c51e337b364881a73d497c4bf0b1fa441c98951558f4db2c6270903,3,2,2.9999999749999997,3.0,0.0002999999985,2.0,True,False,10,0,EXTENDED_PENDING_RESOURCE_GATE,COMPLETE_BASE_INSTANCE
C,4,3,comb,64,0.5,32,0.01,452dfb9c7bcc23e8472e3de16f93c9c59d438fbdef8a9f069142962ab5b89c5d,0f9abd885c51e337b364881a73d497c4bf0b1fa441c98951558f4db2c6270903,3,2,2.999750001250104,3.0,0.029998499962498124,2.0,True,False,10,0,EXTENDED_PENDING_RESOURCE_GATE,COMPLETE_BASE_INSTANCE
C,4,3,comb,64,0.5,32,0.1,8aee8d0fc5ffeedb306cc85fb65eaf69675ece2be4a0f0b7e01756fc37866530,0f9abd885c51e337b364881a73d497c4bf0b1fa441c98951558f4db2c6270903,3,2,2.975012605015313,3.0,0.298496231131986,2.0,True,False,10,0,EXTENDED_PENDING_RESOURCE_GATE,COMPLETE_BASE_INSTANCE
C,4,3,comb,64,0.5,32,0.5,2ebe27b121595c66d718b77ae8372af7c45bb2549b2d6127165358e64a703e37,0f9abd885c51e337b364881a73d497c4bf0b1fa441c98951558f4db2c6270903,3,2,2.384848003542364,3.0,1.2990381056766578,2.0,True,False,10,0,EXTENDED_PENDING_RESOURCE_GATE,COMPLETE_BASE_INSTANCE
C,4,3,comb,64,0.75,48,0.0001,0f022ba876be5909ba9fd960165758199023dba3a48579e0e450942c4101ee90,0f9abd885c51e337b364881a73d497c4bf0b1fa441c98951558f4db2c6270903,3,2,2.9999999749999997,3.0,0.0002999999985,2.0,True,False,10,0,EXTENDED_PENDING_RESOURCE_GATE,COMPLETE_BASE_INSTANCE
C,4,3,comb,64,0.75,48,0.01,b64a8df6ea18570d48fa4404767ffafa1e99dc563a6e4935854a9a0207b1e678,0f9abd885c51e337b364881a73d497c4bf0b1fa441c98951558f4db2c6270903,3,2,2.999750001250104,3.0,0.029998499962498124,2.0,True,False,10,0,EXTENDED_PENDING_RESOURCE_GATE,COMPLETE_BASE_INSTANCE
C,4,3,comb,64,0.75,48,0.1,3d6350ebe4dd14af2ce7650ee68108a0da29ec72a8bf7bccf8ff87f316e9c4ea,0f9abd885c51e337b364881a73d497c4bf0b1fa441c98951558f4db2c6270903,3,2,2.975012605015313,3.0,0.298496231131986,2.0,True,False,10,0,EXTENDED_PENDING_RESOURCE_GATE,COMPLETE_BASE_INSTANCE
C,4,3,comb,64,0.75,48,0.5,a9e2c9dfd1bac682f8ee2f1fe7d63aec9097297ba911a10824700c9ba557f6ec,0f9abd885c51e337b364881a73d497c4bf0b1fa441c98951558f4db2c6270903,3,2,2.384848003542364,3.0,1.2990381056766578,2.0,True,False,10,0,EXTENDED_PENDING_RESOURCE_GATE,COMPLETE_BASE_INSTANCE
C,4,3,balanced,2,0.125,1,0.0001,d52a3f6da4e7914970d919877c9184070faf01dbf36f7d2f71e046ca77470d24,3f573deae0eaa5ea68dde0b6eb206094b91a7e3d52af92da9016292029c5161c,2,3,1.9999999824999999,3.0,9.99999995e-05,2.0,True,False,10,0,EXTENDED_PENDING_RESOURCE_GATE,COMPLETE_BASE_INSTANCE
C,4,3,balanced,2,0.125,1,0.01,3aaa82b46b09f7a33b142449f99cf6523c1a3811116cce0b34945c40b61fee39,3f573deae0eaa5ea68dde0b6eb206094b91a7e3d52af92da9016292029c5161c,2,3,1.9998249998437363,3.0,0.009999499987499374,2.0,True,False,10,0,EXTENDED_PENDING_RESOURCE_GATE,COMPLETE_BASE_INSTANCE
C,4,3,balanced,2,0.125,1,0.1,40d8285e89e9c9aa37b0d342b3ca53af605f5ecde7eb6b30fdfa3f5a52bf948a,3f573deae0eaa5ea68dde0b6eb206094b91a7e3d52af92da9016292029c5161c,2,3,1.9824984237068133,3.0,0.09949874371066199,2.0,True,False,10,0,EXTENDED_PENDING_RESOURCE_GATE,COMPLETE_BASE_INSTANCE
C,4,3,balanced,2,0.125,1,0.5,bf3ef2d734941f76bb90b54f27939bf88cc4343a096c8a464dd3126a14d4dee2,3f573deae0eaa5ea68dde0b6eb206094b91a7e3d52af92da9016292029c5161c,2,3,1.5612494995995994,3.0,0.4330127018922193,2.0,True,False,10,0,EXTENDED_PENDING_RESOURCE_GATE,COMPLETE_BASE_INSTANCE
C,4,3,balanced,2,0.25,1,0.0001,7275dc0981c170eb6ab145c9aa8b4706047cb5eb9b31744c3cdab1abcc87d5b8,3f573deae0eaa5ea68dde0b6eb206094b91a7e3d52af92da9016292029c5161c,2,3,1.9999999824999999,3.0,9.99999995e-05,2.0,True,False,10,0,EXTENDED_PENDING_RESOURCE_GATE,COMPLETE_BASE_INSTANCE
C,4,3,balanced,2,0.25,1,0.01,accf8939d30b65a52475a521eebad4c552a5d2e62c5cb22f9d0a17b7800f808d,3f573deae0eaa5ea68dde0b6eb206094b91a7e3d52af92da9016292029c5161c,2,3,1.9998249998437363,3.0,0.009999499987499374,2.0,True,False,10,0,EXTENDED_PENDING_RESOURCE_GATE,COMPLETE_BASE_INSTANCE
C,4,3,balanced,2,0.25,1,0.1,29a3edd3274dfa9bb0336c63ac0c69acaf2730d457626726ee4e2bae66ae567b,3f573deae0eaa5ea68dde0b6eb206094b91a7e3d52af92da9016292029c5161c,2,3,1.9824984237068133,3.0,0.09949874371066199,2.0,True,False,10,0,EXTENDED_PENDING_RESOURCE_GATE,COMPLETE_BASE_INSTANCE
C,4,3,balanced,2,0.25,1,0.5,f2020377d28d162ba3c034417545c64551a432e6571533c1a3e0e2527a03fd66,3f573deae0eaa5ea68dde0b6eb206094b91a7e3d52af92da9016292029c5161c,2,3,1.5612494995995994,3.0,0.4330127018922193,2.0,True,False,10,0,EXTENDED_PENDING_RESOURCE_GATE,COMPLETE_BASE_INSTANCE
C,4,3,balanced,2,0.5,1,0.0001,ea554f581077d9d9834788a418b26d492175033aeebc8cce6a9bf8d633bab64c,3f573deae0eaa5ea68dde0b6eb206094b91a7e3d52af92da9016292029c5161c,2,3,1.9999999824999999,3.0,9.99999995e-05,2.0,True,False,10,0,EXTENDED_PENDING_RESOURCE_GATE,COMPLETE_BASE_INSTANCE
C,4,3,balanced,2,0.5,1,0.01,c5be19241dee6ee6d87289d75b1adeccf8e108c15655e24b8792ef90478f2377,3f573deae0eaa5ea68dde0b6eb206094b91a7e3d52af92da9016292029c5161c,2,3,1.9998249998437363,3.0,0.009999499987499374,2.0,True,False,10,0,EXTENDED_PENDING_RESOURCE_GATE,COMPLETE_BASE_INSTANCE
C,4,3,balanced,2,0.5,1,0.1,0c2742bb6b99053a00077f6f89305c821ecbe16899c0d2ebb08a03cf8ef30423,3f573deae0eaa5ea68dde0b6eb206094b91a7e3d52af92da9016292029c5161c,2,3,1.9824984237068133,3.0,0.09949874371066199,2.0,True,False,10,0,EXTENDED_PENDING_RESOURCE_GATE,COMPLETE_BASE_INSTANCE
C,4,3,balanced,2,0.5,1,0.5,3f8b3040da2d6c1ab6556769d95b9011feae735ffbd50882c51cfbcaed9af511,3f573deae0eaa5ea68dde0b6eb206094b91a7e3d52af92da9016292029c5161c,2,3,1.5612494995995994,3.0,0.4330127018922193,2.0,True,False,10,0,EXTENDED_PENDING_RESOURCE_GATE,COMPLETE_BASE_INSTANCE
C,4,3,balanced,2,0.75,1,0.0001,bd8f1c083a3bffb840444c0866d61d454260d60fa9293ce1201a279622fe4744,3f573deae0eaa5ea68dde0b6eb206094b91a7e3d52af92da9016292029c5161c,2,3,1.9999999824999999,3.0,9.99999995e-05,2.0,True,False,10,0,EXTENDED_PENDING_RESOURCE_GATE,COMPLETE_BASE_INSTANCE
C,4,3,balanced,2,0.75,1,0.01,9e57db64ecf3557041e68f3560a110063d1a37b74993d2216427de8d92b6b843,3f573deae0eaa5ea68dde0b6eb206094b91a7e3d52af92da9016292029c5161c,2,3,1.9998249998437363,3.0,0.009999499987499374,2.0,True,False,10,0,EXTENDED_PENDING_RESOURCE_GATE,COMPLETE_BASE_INSTANCE
C,4,3,balanced,2,0.75,1,0.1,577162d5266b7731141b94f545d24ff25e48f3b2b4d66ff69ce74448efc6e437,3f573deae0eaa5ea68dde0b6eb206094b91a7e3d52af92da9016292029c5161c,2,3,1.9824984237068133,3.0,0.09949874371066199,2.0,True,False,10,0,EXTENDED_PENDING_RESOURCE_GATE,COMPLETE_BASE_INSTANCE
C,4,3,balanced,2,0.75,1,0.5,799d554b19e446fc2b29a850afb6e3f36e6c6f2f5728b7d8c84470f124153075,3f573deae0eaa5ea68dde0b6eb206094b91a7e3d52af92da9016292029c5161c,2,3,1.5612494995995994,3.0,0.4330127018922193,2.0,True,False,10,0,EXTENDED_PENDING_RESOURCE_GATE,COMPLETE_BASE_INSTANCE
C,4,3,balanced,4,0.125,1,0.0001,17004b0ece5e676c28dec03fb7209f7f45971d367d8fee3a80b294a00734f235,3f573deae0eaa5ea68dde0b6eb206094b91a7e3d52af92da9016292029c5161c,2,3,1.9999999824999999,3.0,9.99999995e-05,2.0,True,False,10,0,EXTENDED_PENDING_RESOURCE_GATE,COMPLETE_BASE_INSTANCE
C,4,3,balanced,4,0.125,1,0.01,3fec4ad1b76b2af330f1fa274e59af68dfecfe175f479c68b478e7d5a7470397,3f573deae0eaa5ea68dde0b6eb206094b91a7e3d52af92da9016292029c5161c,2,3,1.9998249998437363,3.0,0.009999499987499374,2.0,True,False,10,0,EXTENDED_PENDING_RESOURCE_GATE,COMPLETE_BASE_INSTANCE
C,4,3,balanced,4,0.125,1,0.1,22467d5732acf5877c7a6caa367a84a459a1eea32b3f2d867c1c2181e182b3e0,3f573deae0eaa5ea68dde0b6eb206094b91a7e3d52af92da9016292029c5161c,2,3,1.9824984237068133,3.0,0.09949874371066199,2.0,True,False,10,0,EXTENDED_PENDING_RESOURCE_GATE,COMPLETE_BASE_INSTANCE
C,4,3,balanced,4,0.125,1,0.5,1eb245ff0437366f4f40bb9324479227ebb771785eeefbd6721376817f5c3da9,3f573deae0eaa5ea68dde0b6eb206094b91a7e3d52af92da9016292029c5161c,2,3,1.5612494995995994,3.0,0.4330127018922193,2.0,True,False,10,0,EXTENDED_PENDING_RESOURCE_GATE,COMPLETE_BASE_INSTANCE
C,4,3,balanced,4,0.25,1,0.0001,64b393442f94c23cb189b42decb11f6195b25263e9a437c480554c7a39d75951,3f573deae0eaa5ea68dde0b6eb206094b91a7e3d52af92da9016292029c5161c,2,3,1.9999999824999999,3.0,9.99999995e-05,2.0,True,False,10,0,EXTENDED_PENDING_RESOURCE_GATE,COMPLETE_BASE_INSTANCE
C,4,3,balanced,4,0.25,1,0.01,1052fa368a3c1989a13f3d7fd2c2b98e6ff24dcc4770cea6dcfdafdd9b434bab,3f573deae0eaa5ea68dde0b6eb206094b91a7e3d52af92da9016292029c5161c,2,3,1.9998249998437363,3.0,0.009999499987499374,2.0,True,False,10,0,EXTENDED_PENDING_RESOURCE_GATE,COMPLETE_BASE_INSTANCE
C,4,3,balanced,4,0.25,1,0.1,1ebd9542e7b6fe3fceca03d98da7ec06bc0cd22ae02973db86dbfab00cea49f4,3f573deae0eaa5ea68dde0b6eb206094b91a7e3d52af92da9016292029c5161c,2,3,1.9824984237068133,3.0,0.09949874371066199,2.0,True,False,10,0,EXTENDED_PENDING_RESOURCE_GATE,COMPLETE_BASE_INSTANCE
C,4,3,balanced,4,0.25,1,0.5,51bbcd5e97aca202589b1c30e32f31f38f4f7d9b815f4d64a0f978fd5afb4b5c,3f573deae0eaa5ea68dde0b6eb206094b91a7e3d52af92da9016292029c5161c,2,3,1.5612494995995994,3.0,0.4330127018922193,2.0,True,False,10,0,EXTENDED_PENDING_RESOURCE_GATE,COMPLETE_BASE_INSTANCE
C,4,3,balanced,4,0.5,2,0.0001,24da4ca06e5c5ff98650b89cf683a481bf0f65825b29dca17ad8d10f928755ca,3f573deae0eaa5ea68dde0b6eb206094b91a7e3d52af92da9016292029c5161c,2,3,1.9999999824999999,3.0,9.99999995e-05,2.0,True,False,10,0,EXTENDED_PENDING_RESOURCE_GATE,COMPLETE_BASE_INSTANCE
C,4,3,balanced,4,0.5,2,0.01,60e6f25b97ad80dbaad355aea030f6e006db1d6c5cae4c8fe7efed74d8d6d5ac,3f573deae0eaa5ea68dde0b6eb206094b91a7e3d52af92da9016292029c5161c,2,3,1.9998249998437363,3.0,0.009999499987499374,2.0,True,False,10,0,EXTENDED_PENDING_RESOURCE_GATE,COMPLETE_BASE_INSTANCE
C,4,3,balanced,4,0.5,2,0.1,7ae5d1d08c32cd2ee8e0189622c418f22a0134d1aff3bc0250656fd052536137,3f573deae0eaa5ea68dde0b6eb206094b91a7e3d52af92da9016292029c5161c,2,3,1.9824984237068133,3.0,0.09949874371066199,2.0,True,False,10,0,EXTENDED_PENDING_RESOURCE_GATE,COMPLETE_BASE_INSTANCE
C,4,3,balanced,4,0.5,2,0.5,9ed33462e70bb8c3d4cf0c996e3cc1b70ca5f6f19acc7d0f5828bf492fdff6c7,3f573deae0eaa5ea68dde0b6eb206094b91a7e3d52af92da9016292029c5161c,2,3,1.5612494995995994,3.0,0.4330127018922193,2.0,True,False,10,0,EXTENDED_PENDING_RESOURCE_GATE,COMPLETE_BASE_INSTANCE
C,4,3,balanced,4,0.75,3,0.0001,47293655166632262cb9bdb853bd35d33b45484749382d22129504c1706e15b2,3f573deae0eaa5ea68dde0b6eb206094b91a7e3d52af92da9016292029c5161c,2,3,1.9999999824999999,3.0,9.99999995e-05,2.0,True,False,10,0,EXTENDED_PENDING_RESOURCE_GATE,COMPLETE_BASE_INSTANCE
C,4,3,balanced,4,0.75,3,0.01,e5d5762823ccba7aa618417447b8f0344e428133883937ae8a18c30a55955da4,3f573deae0eaa5ea68dde0b6eb206094b91a7e3d52af92da9016292029c5161c,2,3,1.9998249998437363,3.0,0.009999499987499374,2.0,True,False,10,0,EXTENDED_PENDING_RESOURCE_GATE,COMPLETE_BASE_INSTANCE
C,4,3,balanced,4,0.75,3,0.1,02e99393b1943d454d4c6a4d85fb083d038f45a329538ea966c61d364410c585,3f573deae0eaa5ea68dde0b6eb206094b91a7e3d52af92da9016292029c5161c,2,3,1.9824984237068133,3.0,0.09949874371066199,2.0,True,False,10,0,EXTENDED_PENDING_RESOURCE_GATE,COMPLETE_BASE_INSTANCE
C,4,3,balanced,4,0.75,3,0.5,f3632ebe8436b0f5e1150198138657faae8a2d380d1ff33b268cbb39a77258ae,3f573deae0eaa5ea68dde0b6eb206094b91a7e3d52af92da9016292029c5161c,2,3,1.5612494995995994,3.0,0.4330127018922193,2.0,True,False,10,0,EXTENDED_PENDING_RESOURCE_GATE,COMPLETE_BASE_INSTANCE
C,4,3,balanced,8,0.125,1,0.0001,77885317b990d453bd17b52fd5f863e4f9c921dc0faae3ec8ca2a79a4e1cb1fe,3f573deae0eaa5ea68dde0b6eb206094b91a7e3d52af92da9016292029c5161c,2,3,1.9999999824999999,3.0,9.99999995e-05,2.0,True,False,10,0,EXTENDED_PENDING_RESOURCE_GATE,COMPLETE_BASE_INSTANCE
C,4,3,balanced,8,0.125,1,0.01,1a54739f4b7c2577d4b03a42dcc5f76c4245c93f4460b0c54ff2da0eeb4f21e5,3f573deae0eaa5ea68dde0b6eb206094b91a7e3d52af92da9016292029c5161c,2,3,1.9998249998437363,3.0,0.009999499987499374,2.0,True,False,10,0,EXTENDED_PENDING_RESOURCE_GATE,COMPLETE_BASE_INSTANCE
C,4,3,balanced,8,0.125,1,0.1,b79733ae6c131f88fa21b744ade8ac0020e17089751a9f023a69a18a69dc5d66,3f573deae0eaa5ea68dde0b6eb206094b91a7e3d52af92da9016292029c5161c,2,3,1.9824984237068133,3.0,0.09949874371066199,2.0,True,False,10,0,EXTENDED_PENDING_RESOURCE_GATE,COMPLETE_BASE_INSTANCE
C,4,3,balanced,8,0.125,1,0.5,9df300287080182a0ee9e3cad8385eed58916e8e04b54dc5444cbf65d9f4bcbc,3f573deae0eaa5ea68dde0b6eb206094b91a7e3d52af92da9016292029c5161c,2,3,1.5612494995995994,3.0,0.4330127018922193,2.0,True,False,10,0,EXTENDED_PENDING_RESOURCE_GATE,COMPLETE_BASE_INSTANCE
C,4,3,balanced,8,0.25,2,0.0001,2aa7341acd6c09c6f912d588260c00bef3e21ef38d89442a7f67d742cce15157,3f573deae0eaa5ea68dde0b6eb206094b91a7e3d52af92da9016292029c5161c,2,3,1.9999999824999999,3.0,9.99999995e-05,2.0,True,False,10,0,EXTENDED_PENDING_RESOURCE_GATE,COMPLETE_BASE_INSTANCE
C,4,3,balanced,8,0.25,2,0.01,aa6f26b9ddd2db9b72f7cda264ad938dee36cf0fe6b0505425eb21f572ad9da5,3f573deae0eaa5ea68dde0b6eb206094b91a7e3d52af92da9016292029c5161c,2,3,1.9998249998437363,3.0,0.009999499987499374,2.0,True,False,10,0,EXTENDED_PENDING_RESOURCE_GATE,COMPLETE_BASE_INSTANCE
C,4,3,balanced,8,0.25,2,0.1,c724e3074dd8eb3d8f980f706f5e59842eb56295e58eba965d976ae92e8fd839,3f573deae0eaa5ea68dde0b6eb206094b91a7e3d52af92da9016292029c5161c,2,3,1.9824984237068133,3.0,0.09949874371066199,2.0,True,False,10,0,EXTENDED_PENDING_RESOURCE_GATE,COMPLETE_BASE_INSTANCE
C,4,3,balanced,8,0.25,2,0.5,53de2c72e20491a6145f2cc1a04928a95a74a724093d912543d5b8b9acb6937c,3f573deae0eaa5ea68dde0b6eb206094b91a7e3d52af92da9016292029c5161c,2,3,1.5612494995995994,3.0,0.4330127018922193,2.0,True,False,10,0,EXTENDED_PENDING_RESOURCE_GATE,COMPLETE_BASE_INSTANCE
C,4,3,balanced,8,0.5,4,0.0001,8ac62cf4038807c77505c87c3f55ba632cb242d38d3adafb57dca1d10b9f1b2a,3f573deae0eaa5ea68dde0b6eb206094b91a7e3d52af92da9016292029c5161c,2,3,1.9999999824999999,3.0,9.99999995e-05,2.0,True,False,10,0,EXTENDED_PENDING_RESOURCE_GATE,COMPLETE_BASE_INSTANCE
C,4,3,balanced,8,0.5,4,0.01,5e129a52716377401ab317c52f996da6f953f6c4c1fe47c36b22087a78704061,3f573deae0eaa5ea68dde0b6eb206094b91a7e3d52af92da9016292029c5161c,2,3,1.9998249998437363,3.0,0.009999499987499374,2.0,True,False,10,0,EXTENDED_PENDING_RESOURCE_GATE,COMPLETE_BASE_INSTANCE
C,4,3,balanced,8,0.5,4,0.1,e70fc5da8da3458c2cbf492b09ff05d08167dfcafd9e8b5007637c9248ca5015,3f573deae0eaa5ea68dde0b6eb206094b91a7e3d52af92da9016292029c5161c,2,3,1.9824984237068133,3.0,0.09949874371066199,2.0,True,False,10,0,EXTENDED_PENDING_RESOURCE_GATE,COMPLETE_BASE_INSTANCE
C,4,3,balanced,8,0.5,4,0.5,58f49b53b0f9eead66afd8a1cdfc72aa43fbbc0a7fc05a200870396612b80434,3f573deae0eaa5ea68dde0b6eb206094b91a7e3d52af92da9016292029c5161c,2,3,1.5612494995995994,3.0,0.4330127018922193,2.0,True,False,10,0,EXTENDED_PENDING_RESOURCE_GATE,COMPLETE_BASE_INSTANCE
C,4,3,balanced,8,0.75,6,0.0001,82e8da8c177e483bf93bd11ab6caf28d4363022cb0bea837a6152250d4333ece,3f573deae0eaa5ea68dde0b6eb206094b91a7e3d52af92da9016292029c5161c,2,3,1.9999999824999999,3.0,9.99999995e-05,2.0,True,False,10,0,EXTENDED_PENDING_RESOURCE_GATE,COMPLETE_BASE_INSTANCE
C,4,3,balanced,8,0.75,6,0.01,ed7964fb9d56af5f5bc62ef7226b9526c85967af9a097a30e9fa49cbf2c1d94f,3f573deae0eaa5ea68dde0b6eb206094b91a7e3d52af92da9016292029c5161c,2,3,1.9998249998437363,3.0,0.009999499987499374,2.0,True,False,10,0,EXTENDED_PENDING_RESOURCE_GATE,COMPLETE_BASE_INSTANCE
C,4,3,balanced,8,0.75,6,0.1,6a12250fed97b3a77a77e3751d71e4d32cb4588e7c421becb6901a900df11848,3f573deae0eaa5ea68dde0b6eb206094b91a7e3d52af92da9016292029c5161c,2,3,1.9824984237068133,3.0,0.09949874371066199,2.0,True,False,10,0,EXTENDED_PENDING_RESOURCE_GATE,COMPLETE_BASE_INSTANCE
C,4,3,balanced,8,0.75,6,0.5,5660a1190fdf1c9048e45f704553d271f2e6e2c7ec63a4249748a0a33cf10394,3f573deae0eaa5ea68dde0b6eb206094b91a7e3d52af92da9016292029c5161c,2,3,1.5612494995995994,3.0,0.4330127018922193,2.0,True,False,10,0,EXTENDED_PENDING_RESOURCE_GATE,COMPLETE_BASE_INSTANCE
C,4,3,balanced,16,0.125,2,0.0001,9dfee12e2a46f9628db7543aaac9c21b65d2b474ad46839228cef25ccc9f9dab,3f573deae0eaa5ea68dde0b6eb206094b91a7e3d52af92da9016292029c5161c,2,3,1.9999999824999999,3.0,9.99999995e-05,2.0,True,False,10,0,EXTENDED_PENDING_RESOURCE_GATE,COMPLETE_BASE_INSTANCE
C,4,3,balanced,16,0.125,2,0.01,779e7769a426179dc9034c507474dd1068449fb290f3b5209fb3d30fdc6f1f81,3f573deae0eaa5ea68dde0b6eb206094b91a7e3d52af92da9016292029c5161c,2,3,1.9998249998437363,3.0,0.009999499987499374,2.0,True,False,10,0,EXTENDED_PENDING_RESOURCE_GATE,COMPLETE_BASE_INSTANCE
C,4,3,balanced,16,0.125,2,0.1,a1aeacad8b503cf6cce796ec1cd8d7829629ff4f336bce8b7b8c5cdfc5243236,3f573deae0eaa5ea68dde0b6eb206094b91a7e3d52af92da9016292029c5161c,2,3,1.9824984237068133,3.0,0.09949874371066199,2.0,True,False,10,0,EXTENDED_PENDING_RESOURCE_GATE,COMPLETE_BASE_INSTANCE
C,4,3,balanced,16,0.125,2,0.5,f716540cb63a667a0f5ec8f9f727087221a948a6915dd58d4cdf21b0b7f92fe8,3f573deae0eaa5ea68dde0b6eb206094b91a7e3d52af92da9016292029c5161c,2,3,1.5612494995995994,3.0,0.4330127018922193,2.0,True,False,10,0,EXTENDED_PENDING_RESOURCE_GATE,COMPLETE_BASE_INSTANCE
C,4,3,balanced,16,0.25,4,0.0001,3305414ac43d9868fed7743e8c37ed99b0c5a0af62adddb16c6608c1e59c1846,3f573deae0eaa5ea68dde0b6eb206094b91a7e3d52af92da9016292029c5161c,2,3,1.9999999824999999,3.0,9.99999995e-05,2.0,True,False,10,0,EXTENDED_PENDING_RESOURCE_GATE,COMPLETE_BASE_INSTANCE
C,4,3,balanced,16,0.25,4,0.01,fa7d7fef1e8a9fe3254d87dbfbe1edd7bf35486797090c517c47162a8817fd83,3f573deae0eaa5ea68dde0b6eb206094b91a7e3d52af92da9016292029c5161c,2,3,1.9998249998437363,3.0,0.009999499987499374,2.0,True,False,10,0,EXTENDED_PENDING_RESOURCE_GATE,COMPLETE_BASE_INSTANCE
C,4,3,balanced,16,0.25,4,0.1,e467bfe0a57885e7b34452ef8e7ea9f5d186287c0c624f0302a5d326a98d3b74,3f573deae0eaa5ea68dde0b6eb206094b91a7e3d52af92da9016292029c5161c,2,3,1.9824984237068133,3.0,0.09949874371066199,2.0,True,False,10,0,EXTENDED_PENDING_RESOURCE_GATE,COMPLETE_BASE_INSTANCE
C,4,3,balanced,16,0.25,4,0.5,5470d8416d08500fa80647e0c99ef996273d0b7088cab16c0a098b9a30b8d0e2,3f573deae0eaa5ea68dde0b6eb206094b91a7e3d52af92da9016292029c5161c,2,3,1.5612494995995994,3.0,0.4330127018922193,2.0,True,False,10,0,EXTENDED_PENDING_RESOURCE_GATE,COMPLETE_BASE_INSTANCE
C,4,3,balanced,16,0.5,8,0.0001,c41089abfe479f7731d19da16af9be0eaf4d7642faad359419e76c88978e4ee2,3f573deae0eaa5ea68dde0b6eb206094b91a7e3d52af92da9016292029c5161c,2,3,1.9999999824999999,3.0,9.99999995e-05,2.0,True,False,10,0,EXTENDED_PENDING_RESOURCE_GATE,COMPLETE_BASE_INSTANCE
C,4,3,balanced,16,0.5,8,0.01,5c4ae112f6b67991406bc18b13133a7a10253f2f7758926ab8b6efb55cc1f590,3f573deae0eaa5ea68dde0b6eb206094b91a7e3d52af92da9016292029c5161c,2,3,1.9998249998437363,3.0,0.009999499987499374,2.0,True,False,10,0,EXTENDED_PENDING_RESOURCE_GATE,COMPLETE_BASE_INSTANCE
C,4,3,balanced,16,0.5,8,0.1,844ec2be5c9b8372d822abab14d02a6f823027b7e9112e7deb89b88ec2b818a3,3f573deae0eaa5ea68dde0b6eb206094b91a7e3d52af92da9016292029c5161c,2,3,1.9824984237068133,3.0,0.09949874371066199,2.0,True,False,10,0,EXTENDED_PENDING_RESOURCE_GATE,COMPLETE_BASE_INSTANCE
C,4,3,balanced,16,0.5,8,0.5,e6fa9f01a309d3eb84e484dca5a51a17a769ba127e37f2cdc0581428e2b28229,3f573deae0eaa5ea68dde0b6eb206094b91a7e3d52af92da9016292029c5161c,2,3,1.5612494995995994,3.0,0.4330127018922193,2.0,True,False,10,0,EXTENDED_PENDING_RESOURCE_GATE,COMPLETE_BASE_INSTANCE
C,4,3,balanced,16,0.75,12,0.0001,e9009637b2572de4e80b6f094a33ad80dcd7dd3a7e346b53865aa6d7a70c1ab4,3f573deae0eaa5ea68dde0b6eb206094b91a7e3d52af92da9016292029c5161c,2,3,1.9999999824999999,3.0,9.99999995e-05,2.0,True,False,10,0,EXTENDED_PENDING_RESOURCE_GATE,COMPLETE_BASE_INSTANCE
C,4,3,balanced,16,0.75,12,0.01,20acb57f364d55b8d23a5764d7e07bae9e639ef26a05d0865acefbddbf439405,3f573deae0eaa5ea68dde0b6eb206094b91a7e3d52af92da9016292029c5161c,2,3,1.9998249998437363,3.0,0.009999499987499374,2.0,True,False,10,0,EXTENDED_PENDING_RESOURCE_GATE,COMPLETE_BASE_INSTANCE
C,4,3,balanced,16,0.75,12,0.1,bbe9073bcd91de565fb2f3d564ce8d8775128ac8f981ddf2ff1a05917eab6272,3f573deae0eaa5ea68dde0b6eb206094b91a7e3d52af92da9016292029c5161c,2,3,1.9824984237068133,3.0,0.09949874371066199,2.0,True,False,10,0,EXTENDED_PENDING_RESOURCE_GATE,COMPLETE_BASE_INSTANCE
C,4,3,balanced,16,0.75,12,0.5,2137f3859b6a5fc07830d5871f71b679b72bce91fe06a0b94bb7aeceeeb6f70b,3f573deae0eaa5ea68dde0b6eb206094b91a7e3d52af92da9016292029c5161c,2,3,1.5612494995995994,3.0,0.4330127018922193,2.0,True,False,10,0,EXTENDED_PENDING_RESOURCE_GATE,COMPLETE_BASE_INSTANCE
C,4,3,balanced,32,0.125,4,0.0001,f98e0598104f7b0abe7a5694f0e55402dd217da974121e39b198902e6086e5e1,3f573deae0eaa5ea68dde0b6eb206094b91a7e3d52af92da9016292029c5161c,2,3,1.9999999824999999,3.0,9.99999995e-05,2.0,True,False,10,0,EXTENDED_PENDING_RESOURCE_GATE,COMPLETE_BASE_INSTANCE
C,4,3,balanced,32,0.125,4,0.01,a7839eb00f56cba82086abe0bb73f39667f4d5202a0813de0d607fa7339d0601,3f573deae0eaa5ea68dde0b6eb206094b91a7e3d52af92da9016292029c5161c,2,3,1.9998249998437363,3.0,0.009999499987499374,2.0,True,False,10,0,EXTENDED_PENDING_RESOURCE_GATE,COMPLETE_BASE_INSTANCE
C,4,3,balanced,32,0.125,4,0.1,34c7a015dcaaf5382ee36d6810ae960539853f998ad5e1a80b4f5711c9bff610,3f573deae0eaa5ea68dde0b6eb206094b91a7e3d52af92da9016292029c5161c,2,3,1.9824984237068133,3.0,0.09949874371066199,2.0,True,False,10,0,EXTENDED_PENDING_RESOURCE_GATE,COMPLETE_BASE_INSTANCE
C,4,3,balanced,32,0.125,4,0.5,e9a2b80aa083e7f76c6cd7b562cc12aa763279067e537dfe9aafecce5f482a29,3f573deae0eaa5ea68dde0b6eb206094b91a7e3d52af92da9016292029c5161c,2,3,1.5612494995995994,3.0,0.4330127018922193,2.0,True,False,10,0,EXTENDED_PENDING_RESOURCE_GATE,COMPLETE_BASE_INSTANCE
C,4,3,balanced,32,0.25,8,0.0001,4dc51ad4aa3169a82cb6cbcf8f560d30b17dc385e56f0a4e99397458f5ac832a,3f573deae0eaa5ea68dde0b6eb206094b91a7e3d52af92da9016292029c5161c,2,3,1.9999999824999999,3.0,9.99999995e-05,2.0,True,False,10,0,EXTENDED_PENDING_RESOURCE_GATE,COMPLETE_BASE_INSTANCE
C,4,3,balanced,32,0.25,8,0.01,e5d194551c4cd34e68dcad7cbe93a9d34b761be0f7b2231a8219028a6a099ff4,3f573deae0eaa5ea68dde0b6eb206094b91a7e3d52af92da9016292029c5161c,2,3,1.9998249998437363,3.0,0.009999499987499374,2.0,True,False,10,0,EXTENDED_PENDING_RESOURCE_GATE,COMPLETE_BASE_INSTANCE
C,4,3,balanced,32,0.25,8,0.1,b4aaafbbe33dcd579ee4f4737e6a73bf111644d45f0794b1ff260320b0ac2a44,3f573deae0eaa5ea68dde0b6eb206094b91a7e3d52af92da9016292029c5161c,2,3,1.9824984237068133,3.0,0.09949874371066199,2.0,True,False,10,0,EXTENDED_PENDING_RESOURCE_GATE,COMPLETE_BASE_INSTANCE
C,4,3,balanced,32,0.25,8,0.5,2ba8fb80bf9e449af486f9a40a3e220d19e155092536e5d0a5fad58b37945616,3f573deae0eaa5ea68dde0b6eb206094b91a7e3d52af92da9016292029c5161c,2,3,1.5612494995995994,3.0,0.4330127018922193,2.0,True,False,10,0,EXTENDED_PENDING_RESOURCE_GATE,COMPLETE_BASE_INSTANCE
C,4,3,balanced,32,0.5,16,0.0001,e67547d4d54a006c1facca693c4c2e6176db45ad349b8a6d75dd94b9bc374906,3f573deae0eaa5ea68dde0b6eb206094b91a7e3d52af92da9016292029c5161c,2,3,1.9999999824999999,3.0,9.99999995e-05,2.0,True,False,10,0,EXTENDED_PENDING_RESOURCE_GATE,COMPLETE_BASE_INSTANCE
C,4,3,balanced,32,0.5,16,0.01,590eee1af1445a091b77fa466284be1515bbdcadc482a455bf44d60463739fde,3f573deae0eaa5ea68dde0b6eb206094b91a7e3d52af92da9016292029c5161c,2,3,1.9998249998437363,3.0,0.009999499987499374,2.0,True,False,10,0,EXTENDED_PENDING_RESOURCE_GATE,COMPLETE_BASE_INSTANCE
C,4,3,balanced,32,0.5,16,0.1,d257e98c8554d3ff588ac892845311f4e5083d7144b684a158ac76cc220c0832,3f573deae0eaa5ea68dde0b6eb206094b91a7e3d52af92da9016292029c5161c,2,3,1.9824984237068133,3.0,0.09949874371066199,2.0,True,False,10,0,EXTENDED_PENDING_RESOURCE_GATE,COMPLETE_BASE_INSTANCE
C,4,3,balanced,32,0.5,16,0.5,75fec0dd09c5a96147b9dcd56f0c4a3c5f239bc02d8eabfe8fc713e2ba9821da,3f573deae0eaa5ea68dde0b6eb206094b91a7e3d52af92da9016292029c5161c,2,3,1.5612494995995994,3.0,0.4330127018922193,2.0,True,False,10,0,EXTENDED_PENDING_RESOURCE_GATE,COMPLETE_BASE_INSTANCE
C,4,3,balanced,32,0.75,24,0.0001,285ea2eb9559410d3bba43ae91f82409a66167fe803f4b53376a20c527782430,3f573deae0eaa5ea68dde0b6eb206094b91a7e3d52af92da9016292029c5161c,2,3,1.9999999824999999,3.0,9.99999995e-05,2.0,True,False,10,0,EXTENDED_PENDING_RESOURCE_GATE,COMPLETE_BASE_INSTANCE
C,4,3,balanced,32,0.75,24,0.01,7450767ae8b09f22178e02627e3cc69c11a41924abb1bc9c24c16221bc748f6d,3f573deae0eaa5ea68dde0b6eb206094b91a7e3d52af92da9016292029c5161c,2,3,1.9998249998437363,3.0,0.009999499987499374,2.0,True,False,10,0,EXTENDED_PENDING_RESOURCE_GATE,COMPLETE_BASE_INSTANCE
C,4,3,balanced,32,0.75,24,0.1,5c6da386e8fb6ac8ea138d2d4a421b7c0e2cab6e48df0c085505b9ef0afae3a7,3f573deae0eaa5ea68dde0b6eb206094b91a7e3d52af92da9016292029c5161c,2,3,1.9824984237068133,3.0,0.09949874371066199,2.0,True,False,10,0,EXTENDED_PENDING_RESOURCE_GATE,COMPLETE_BASE_INSTANCE
C,4,3,balanced,32,0.75,24,0.5,9d67a3ce31907954f2b6cacb8652430a32977f105ff804bab871c1b5c72e6ccf,3f573deae0eaa5ea68dde0b6eb206094b91a7e3d52af92da9016292029c5161c,2,3,1.5612494995995994,3.0,0.4330127018922193,2.0,True,False,10,0,EXTENDED_PENDING_RESOURCE_GATE,COMPLETE_BASE_INSTANCE
C,4,3,balanced,64,0.125,8,0.0001,377c82ad2a7219ddc3f32b4d1e5a91083ccbf25d4270cb96c283acc9bfcb2470,3f573deae0eaa5ea68dde0b6eb206094b91a7e3d52af92da9016292029c5161c,2,3,1.9999999824999999,3.0,9.99999995e-05,2.0,True,False,10,0,EXTENDED_PENDING_RESOURCE_GATE,COMPLETE_BASE_INSTANCE
C,4,3,balanced,64,0.125,8,0.01,020561d6af1ac00a3ae1ce678514cc2b14b562e887e96e0f632f48cb1cfe75d2,3f573deae0eaa5ea68dde0b6eb206094b91a7e3d52af92da9016292029c5161c,2,3,1.9998249998437363,3.0,0.009999499987499374,2.0,True,False,10,0,EXTENDED_PENDING_RESOURCE_GATE,COMPLETE_BASE_INSTANCE
C,4,3,balanced,64,0.125,8,0.1,71d0dc3f8052a5549c63cf66489196317cfa264fe6454c982f9e341dcb69060d,3f573deae0eaa5ea68dde0b6eb206094b91a7e3d52af92da9016292029c5161c,2,3,1.9824984237068133,3.0,0.09949874371066199,2.0,True,False,10,0,EXTENDED_PENDING_RESOURCE_GATE,COMPLETE_BASE_INSTANCE
C,4,3,balanced,64,0.125,8,0.5,5010b59f264305bb0802fa92146053f3f6b6e3270787c0d415aa9edbe41af4bf,3f573deae0eaa5ea68dde0b6eb206094b91a7e3d52af92da9016292029c5161c,2,3,1.5612494995995994,3.0,0.4330127018922193,2.0,True,False,10,0,EXTENDED_PENDING_RESOURCE_GATE,COMPLETE_BASE_INSTANCE
C,4,3,balanced,64,0.25,16,0.0001,5f5e3595afaa5599b3ad6b81ba4a7353ae7ea7ecb790f58539e6fa04f8e863b7,3f573deae0eaa5ea68dde0b6eb206094b91a7e3d52af92da9016292029c5161c,2,3,1.9999999824999999,3.0,9.99999995e-05,2.0,True,False,10,0,EXTENDED_PENDING_RESOURCE_GATE,COMPLETE_BASE_INSTANCE
C,4,3,balanced,64,0.25,16,0.01,c603d47b68bba7d7e215c00939b5ff6789d100484fd8a1f942d3610651570de0,3f573deae0eaa5ea68dde0b6eb206094b91a7e3d52af92da9016292029c5161c,2,3,1.9998249998437363,3.0,0.009999499987499374,2.0,True,False,10,0,EXTENDED_PENDING_RESOURCE_GATE,COMPLETE_BASE_INSTANCE
C,4,3,balanced,64,0.25,16,0.1,27378daad5cc5b0639ec8d4128db14049cfd213ce20977ee460fa1133dc073eb,3f573deae0eaa5ea68dde0b6eb206094b91a7e3d52af92da9016292029c5161c,2,3,1.9824984237068133,3.0,0.09949874371066199,2.0,True,False,10,0,EXTENDED_PENDING_RESOURCE_GATE,COMPLETE_BASE_INSTANCE
C,4,3,balanced,64,0.25,16,0.5,c8b6a6cc5687e6a4ff283eee1fca4f52935ce59245a1196dfcbd3adeee5bf5f4,3f573deae0eaa5ea68dde0b6eb206094b91a7e3d52af92da9016292029c5161c,2,3,1.5612494995995994,3.0,0.4330127018922193,2.0,True,False,10,0,EXTENDED_PENDING_RESOURCE_GATE,COMPLETE_BASE_INSTANCE
C,4,3,balanced,64,0.5,32,0.0001,fe2fa2e28da96a3b121252ffd2acd6a04cffab97c9296bba84f429a714990614,3f573deae0eaa5ea68dde0b6eb206094b91a7e3d52af92da9016292029c5161c,2,3,1.9999999824999999,3.0,9.99999995e-05,2.0,True,False,10,0,EXTENDED_PENDING_RESOURCE_GATE,COMPLETE_BASE_INSTANCE
C,4,3,balanced,64,0.5,32,0.01,d2c021252906b352024b7b35f156118c812e049bf924dea55e0979ee68f4d7cb,3f573deae0eaa5ea68dde0b6eb206094b91a7e3d52af92da9016292029c5161c,2,3,1.9998249998437363,3.0,0.009999499987499374,2.0,True,False,10,0,EXTENDED_PENDING_RESOURCE_GATE,COMPLETE_BASE_INSTANCE
C,4,3,balanced,64,0.5,32,0.1,d3d7a7520efd24e0ebbe706a434865e63a1e033d3abcb3623421a5c3f9269a2a,3f573deae0eaa5ea68dde0b6eb206094b91a7e3d52af92da9016292029c5161c,2,3,1.9824984237068133,3.0,0.09949874371066199,2.0,True,False,10,0,EXTENDED_PENDING_RESOURCE_GATE,COMPLETE_BASE_INSTANCE
C,4,3,balanced,64,0.5,32,0.5,9df9b378154ce67d0db31a8de8873500dd71e2bf28d844e8e11c034737f0fe5b,3f573deae0eaa5ea68dde0b6eb206094b91a7e3d52af92da9016292029c5161c,2,3,1.5612494995995994,3.0,0.4330127018922193,2.0,True,False,10,0,EXTENDED_PENDING_RESOURCE_GATE,COMPLETE_BASE_INSTANCE
C,4,3,balanced,64,0.75,48,0.0001,ee483bc6b3699b3f10f7ae3f329605b3ef83ec5dee5a3d920287460c911c1ae2,3f573deae0eaa5ea68dde0b6eb206094b91a7e3d52af92da9016292029c5161c,2,3,1.9999999824999999,3.0,9.99999995e-05,2.0,True,False,10,0,EXTENDED_PENDING_RESOURCE_GATE,COMPLETE_BASE_INSTANCE
C,4,3,balanced,64,0.75,48,0.01,5d630d32a732c50a316dfe8017f4268bc6aaad9a4a3b39b1b6f9a7f30a0baf74,3f573deae0eaa5ea68dde0b6eb206094b91a7e3d52af92da9016292029c5161c,2,3,1.9998249998437363,3.0,0.009999499987499374,2.0,True,False,10,0,EXTENDED_PENDING_RESOURCE_GATE,COMPLETE_BASE_INSTANCE
C,4,3,balanced,64,0.75,48,0.1,4c80a5413a65abba402d42b1563444b8639853bc3da211c387ed79814ee5eded,3f573deae0eaa5ea68dde0b6eb206094b91a7e3d52af92da9016292029c5161c,2,3,1.9824984237068133,3.0,0.09949874371066199,2.0,True,False,10,0,EXTENDED_PENDING_RESOURCE_GATE,COMPLETE_BASE_INSTANCE
C,4,3,balanced,64,0.75,48,0.5,5f388f12b2e32a8d14c510a590c2a72ff5b20b7a4a9fbc395632c33eee921bce,3f573deae0eaa5ea68dde0b6eb206094b91a7e3d52af92da9016292029c5161c,2,3,1.5612494995995994,3.0,0.4330127018922193,2.0,True,False,10,0,EXTENDED_PENDING_RESOURCE_GATE,COMPLETE_BASE_INSTANCE
C,4,3,random_ordered,2,0.125,1,0.0001,05ba2b33b63269081c63900cbe1a8d9ecc129811d72520cb7cb0805304164bc8,5a78988fa7f4ae56eeefee64d1825d63d243fb002c0450e9d28557ec5e66c3e8,2,3,1.9999999824999999,3.0,9.99999995e-05,2.0,True,False,10,0,EXTENDED_PENDING_RESOURCE_GATE,COMPLETE_BASE_INSTANCE
C,4,3,random_ordered,2,0.125,1,0.01,3353975647831bee02cfa90ef5b81e3b527321249f031ed5b84442599de22bd7,5a78988fa7f4ae56eeefee64d1825d63d243fb002c0450e9d28557ec5e66c3e8,2,3,1.9998249998437363,3.0,0.009999499987499374,2.0,True,False,10,0,EXTENDED_PENDING_RESOURCE_GATE,COMPLETE_BASE_INSTANCE
C,4,3,random_ordered,2,0.125,1,0.1,fe4e400e588b2d24fb21a31e5fe082334b43b743fbf1d3804cad670581f02f30,5a78988fa7f4ae56eeefee64d1825d63d243fb002c0450e9d28557ec5e66c3e8,2,3,1.9824984237068133,3.0,0.09949874371066199,2.0,True,False,10,0,EXTENDED_PENDING_RESOURCE_GATE,COMPLETE_BASE_INSTANCE
C,4,3,random_ordered,2,0.125,1,0.5,c258630ac49ceda451885bd35fdb1dc1a0f4ee466d2ef658a4e50a33bd86e565,5a78988fa7f4ae56eeefee64d1825d63d243fb002c0450e9d28557ec5e66c3e8,2,3,1.5612494995995994,3.0,0.4330127018922193,2.0,True,False,10,0,EXTENDED_PENDING_RESOURCE_GATE,COMPLETE_BASE_INSTANCE
C,4,3,random_ordered,2,0.25,1,0.0001,093c2d9b8f0d08ed18a8350f529f06c397cc84f3a2e6ec7baf5920a6357f1523,5a78988fa7f4ae56eeefee64d1825d63d243fb002c0450e9d28557ec5e66c3e8,2,3,1.9999999824999999,3.0,9.99999995e-05,2.0,True,False,10,0,EXTENDED_PENDING_RESOURCE_GATE,COMPLETE_BASE_INSTANCE
C,4,3,random_ordered,2,0.25,1,0.01,14f1eaee0dd1bbe7fbc691fac429090b37a24f47edbf69ef406d664f658999ee,5a78988fa7f4ae56eeefee64d1825d63d243fb002c0450e9d28557ec5e66c3e8,2,3,1.9998249998437363,3.0,0.009999499987499374,2.0,True,False,10,0,EXTENDED_PENDING_RESOURCE_GATE,COMPLETE_BASE_INSTANCE
C,4,3,random_ordered,2,0.25,1,0.1,9476d45636e7630d8968007bf9d3fbfb11033afd44c0adcdbdd172ab05e1cd37,5a78988fa7f4ae56eeefee64d1825d63d243fb002c0450e9d28557ec5e66c3e8,2,3,1.9824984237068133,3.0,0.09949874371066199,2.0,True,False,10,0,EXTENDED_PENDING_RESOURCE_GATE,COMPLETE_BASE_INSTANCE
C,4,3,random_ordered,2,0.25,1,0.5,6fad5ccb8d7c336052f9e3bebebbd733b1e5d640c740ebaf4b7715c3f674a490,5a78988fa7f4ae56eeefee64d1825d63d243fb002c0450e9d28557ec5e66c3e8,2,3,1.5612494995995994,3.0,0.4330127018922193,2.0,True,False,10,0,EXTENDED_PENDING_RESOURCE_GATE,COMPLETE_BASE_INSTANCE
C,4,3,random_ordered,2,0.5,1,0.0001,566d7b64b71068baf96c751dff19e41d0076fbaed26085e301d110ed9bcee544,5a78988fa7f4ae56eeefee64d1825d63d243fb002c0450e9d28557ec5e66c3e8,2,3,1.9999999824999999,3.0,9.99999995e-05,2.0,True,False,10,0,EXTENDED_PENDING_RESOURCE_GATE,COMPLETE_BASE_INSTANCE
C,4,3,random_ordered,2,0.5,1,0.01,1ee049eaaaba277a931f20174471ed446c87fe148711593ab5233d1e3fff666f,5a78988fa7f4ae56eeefee64d1825d63d243fb002c0450e9d28557ec5e66c3e8,2,3,1.9998249998437363,3.0,0.009999499987499374,2.0,True,False,10,0,EXTENDED_PENDING_RESOURCE_GATE,COMPLETE_BASE_INSTANCE
C,4,3,random_ordered,2,0.5,1,0.1,3c43acf232452fc0ba922902b75ccab783f5ebeca7d9d4553bfc9d56ba7f8234,5a78988fa7f4ae56eeefee64d1825d63d243fb002c0450e9d28557ec5e66c3e8,2,3,1.9824984237068133,3.0,0.09949874371066199,2.0,True,False,10,0,EXTENDED_PENDING_RESOURCE_GATE,COMPLETE_BASE_INSTANCE
C,4,3,random_ordered,2,0.5,1,0.5,f2e5dc59fd566536953c3d242ea2fd56b25348bccd14f06bc8641432fcfc75e0,5a78988fa7f4ae56eeefee64d1825d63d243fb002c0450e9d28557ec5e66c3e8,2,3,1.5612494995995994,3.0,0.4330127018922193,2.0,True,False,10,0,EXTENDED_PENDING_RESOURCE_GATE,COMPLETE_BASE_INSTANCE
C,4,3,random_ordered,2,0.75,1,0.0001,0876a21de89f2c5351ba8a7abdbb78b3dfed8e17f5024d27560733f02f2df88e,5a78988fa7f4ae56eeefee64d1825d63d243fb002c0450e9d28557ec5e66c3e8,2,3,1.9999999824999999,3.0,9.99999995e-05,2.0,True,False,10,0,EXTENDED_PENDING_RESOURCE_GATE,COMPLETE_BASE_INSTANCE
C,4,3,random_ordered,2,0.75,1,0.01,ce416a439b9349bd5c7186141db48c5f978501f171ee38b1a5d433b12450cbdb,5a78988fa7f4ae56eeefee64d1825d63d243fb002c0450e9d28557ec5e66c3e8,2,3,1.9998249998437363,3.0,0.009999499987499374,2.0,True,False,10,0,EXTENDED_PENDING_RESOURCE_GATE,COMPLETE_BASE_INSTANCE
C,4,3,random_ordered,2,0.75,1,0.1,b45f83427eb1de115f99bd3bcfc3b0c0aece935ee1ce600fa56ec244e2fad701,5a78988fa7f4ae56eeefee64d1825d63d243fb002c0450e9d28557ec5e66c3e8,2,3,1.9824984237068133,3.0,0.09949874371066199,2.0,True,False,10,0,EXTENDED_PENDING_RESOURCE_GATE,COMPLETE_BASE_INSTANCE
C,4,3,random_ordered,2,0.75,1,0.5,5e40dbc572c202c50db1438332c748c42a2f4be1febd3d4ff36d48ab7efeb24e,5a78988fa7f4ae56eeefee64d1825d63d243fb002c0450e9d28557ec5e66c3e8,2,3,1.5612494995995994,3.0,0.4330127018922193,2.0,True,False,10,0,EXTENDED_PENDING_RESOURCE_GATE,COMPLETE_BASE_INSTANCE
C,4,3,random_ordered,4,0.125,1,0.0001,4ec71519f34eada51fd831fc18fce287cd28dfd02ef6df46cb419f3445b08f22,5a78988fa7f4ae56eeefee64d1825d63d243fb002c0450e9d28557ec5e66c3e8,2,3,1.9999999824999999,3.0,9.99999995e-05,2.0,True,False,10,0,EXTENDED_PENDING_RESOURCE_GATE,COMPLETE_BASE_INSTANCE
C,4,3,random_ordered,4,0.125,1,0.01,97d4d8d5139f4913bdceb15dd104db9fb51b9d72dc0688893327aa3716f5ca61,5a78988fa7f4ae56eeefee64d1825d63d243fb002c0450e9d28557ec5e66c3e8,2,3,1.9998249998437363,3.0,0.009999499987499374,2.0,True,False,10,0,EXTENDED_PENDING_RESOURCE_GATE,COMPLETE_BASE_INSTANCE
C,4,3,random_ordered,4,0.125,1,0.1,9897361f2ce9e3db6fc637f8b75706e3fc333e095c853a1d583e7ad7e83b4e96,5a78988fa7f4ae56eeefee64d1825d63d243fb002c0450e9d28557ec5e66c3e8,2,3,1.9824984237068133,3.0,0.09949874371066199,2.0,True,False,10,0,EXTENDED_PENDING_RESOURCE_GATE,COMPLETE_BASE_INSTANCE
C,4,3,random_ordered,4,0.125,1,0.5,066cfa5a4e827503864a97214d243af4b17d9c29583a359f5ecc29faa4d49e4a,5a78988fa7f4ae56eeefee64d1825d63d243fb002c0450e9d28557ec5e66c3e8,2,3,1.5612494995995994,3.0,0.4330127018922193,2.0,True,False,10,0,EXTENDED_PENDING_RESOURCE_GATE,COMPLETE_BASE_INSTANCE
C,4,3,random_ordered,4,0.25,1,0.0001,5c159d60dad64242eac7c0d2b583e09b80d4a8dc2b614e2dc0c350fcc236d077,5a78988fa7f4ae56eeefee64d1825d63d243fb002c0450e9d28557ec5e66c3e8,2,3,1.9999999824999999,3.0,9.99999995e-05,2.0,True,False,10,0,EXTENDED_PENDING_RESOURCE_GATE,COMPLETE_BASE_INSTANCE
C,4,3,random_ordered,4,0.25,1,0.01,adb7758ed6809b6f4b51f3dfa4f9ca3102e9f5d0514d4d3f58bff8d8f96c7153,5a78988fa7f4ae56eeefee64d1825d63d243fb002c0450e9d28557ec5e66c3e8,2,3,1.9998249998437363,3.0,0.009999499987499374,2.0,True,False,10,0,EXTENDED_PENDING_RESOURCE_GATE,COMPLETE_BASE_INSTANCE
C,4,3,random_ordered,4,0.25,1,0.1,c3738aa66c56a2d962daf0c91861325e16d9921a6dbbd0edc4029753b9087b39,5a78988fa7f4ae56eeefee64d1825d63d243fb002c0450e9d28557ec5e66c3e8,2,3,1.9824984237068133,3.0,0.09949874371066199,2.0,True,False,10,0,EXTENDED_PENDING_RESOURCE_GATE,COMPLETE_BASE_INSTANCE
C,4,3,random_ordered,4,0.25,1,0.5,22808d99cfb30a8a1ab0edfba46c99c7b092d470d50f9bf5b65e5a004f4e1c72,5a78988fa7f4ae56eeefee64d1825d63d243fb002c0450e9d28557ec5e66c3e8,2,3,1.5612494995995994,3.0,0.4330127018922193,2.0,True,False,10,0,EXTENDED_PENDING_RESOURCE_GATE,COMPLETE_BASE_INSTANCE
C,4,3,random_ordered,4,0.5,2,0.0001,edc068bdd147c05ffdc502ab5939076fcaf61144e333de92cb7c9e677d99a0cb,5a78988fa7f4ae56eeefee64d1825d63d243fb002c0450e9d28557ec5e66c3e8,2,3,1.9999999824999999,3.0,9.99999995e-05,2.0,True,False,10,0,EXTENDED_PENDING_RESOURCE_GATE,COMPLETE_BASE_INSTANCE
C,4,3,random_ordered,4,0.5,2,0.01,f01672682a8a3a83a960b03256325eb73d52e114e82ff13779dafbdd0136a9ed,5a78988fa7f4ae56eeefee64d1825d63d243fb002c0450e9d28557ec5e66c3e8,2,3,1.9998249998437363,3.0,0.009999499987499374,2.0,True,False,10,0,EXTENDED_PENDING_RESOURCE_GATE,COMPLETE_BASE_INSTANCE
C,4,3,random_ordered,4,0.5,2,0.1,ba82907ac57040daff8dfd2eb89eb6d254dd2d2698fd3d30ba0cbda937b3b7b2,5a78988fa7f4ae56eeefee64d1825d63d243fb002c0450e9d28557ec5e66c3e8,2,3,1.9824984237068133,3.0,0.09949874371066199,2.0,True,False,10,0,EXTENDED_PENDING_RESOURCE_GATE,COMPLETE_BASE_INSTANCE
C,4,3,random_ordered,4,0.5,2,0.5,f88eb42a652e24d6bcdec7dd355e35bddac344b5fd195959faa79509a0ef949b,5a78988fa7f4ae56eeefee64d1825d63d243fb002c0450e9d28557ec5e66c3e8,2,3,1.5612494995995994,3.0,0.4330127018922193,2.0,True,False,10,0,EXTENDED_PENDING_RESOURCE_GATE,COMPLETE_BASE_INSTANCE
C,4,3,random_ordered,4,0.75,3,0.0001,decd85516218c116d862917785594d343374553efd2cf4d8649101260b1e30f8,5a78988fa7f4ae56eeefee64d1825d63d243fb002c0450e9d28557ec5e66c3e8,2,3,1.9999999824999999,3.0,9.99999995e-05,2.0,True,False,10,0,EXTENDED_PENDING_RESOURCE_GATE,COMPLETE_BASE_INSTANCE
C,4,3,random_ordered,4,0.75,3,0.01,8d4f6c77c4f928504986550db1e5df00b03ab1054645abc999fb6f251e6b9d66,5a78988fa7f4ae56eeefee64d1825d63d243fb002c0450e9d28557ec5e66c3e8,2,3,1.9998249998437363,3.0,0.009999499987499374,2.0,True,False,10,0,EXTENDED_PENDING_RESOURCE_GATE,COMPLETE_BASE_INSTANCE
C,4,3,random_ordered,4,0.75,3,0.1,b234f6678a46d21eea381f908003552b2b5d78f1af86774409d9b1494332f959,5a78988fa7f4ae56eeefee64d1825d63d243fb002c0450e9d28557ec5e66c3e8,2,3,1.9824984237068133,3.0,0.09949874371066199,2.0,True,False,10,0,EXTENDED_PENDING_RESOURCE_GATE,COMPLETE_BASE_INSTANCE
C,4,3,random_ordered,4,0.75,3,0.5,cde71c98bf139ccc5117872f2bfe5dfd52ad75b187db951fd8119e650a61058d,5a78988fa7f4ae56eeefee64d1825d63d243fb002c0450e9d28557ec5e66c3e8,2,3,1.5612494995995994,3.0,0.4330127018922193,2.0,True,False,10,0,EXTENDED_PENDING_RESOURCE_GATE,COMPLETE_BASE_INSTANCE
C,4,3,random_ordered,8,0.125,1,0.0001,a9375704bbab70bcfad2a0da7c7112c6d0b317ec0b77d29d51a165d0f574a0f9,5a78988fa7f4ae56eeefee64d1825d63d243fb002c0450e9d28557ec5e66c3e8,2,3,1.9999999824999999,3.0,9.99999995e-05,2.0,True,False,10,0,EXTENDED_PENDING_RESOURCE_GATE,COMPLETE_BASE_INSTANCE
C,4,3,random_ordered,8,0.125,1,0.01,6dce3a62cf9290f2dd7d52167784bae06da15e1229c0841ba10bebaeb1c42c3d,5a78988fa7f4ae56eeefee64d1825d63d243fb002c0450e9d28557ec5e66c3e8,2,3,1.9998249998437363,3.0,0.009999499987499374,2.0,True,False,10,0,EXTENDED_PENDING_RESOURCE_GATE,COMPLETE_BASE_INSTANCE
C,4,3,random_ordered,8,0.125,1,0.1,82ed6247989924d0e74c728304e109704648854ede993d76f1b195c453ea3f4b,5a78988fa7f4ae56eeefee64d1825d63d243fb002c0450e9d28557ec5e66c3e8,2,3,1.9824984237068133,3.0,0.09949874371066199,2.0,True,False,10,0,EXTENDED_PENDING_RESOURCE_GATE,COMPLETE_BASE_INSTANCE
C,4,3,random_ordered,8,0.125,1,0.5,79316b12365cba199aa02e5be3d94cc86b927177733af2096f9ee346a4d4f01a,5a78988fa7f4ae56eeefee64d1825d63d243fb002c0450e9d28557ec5e66c3e8,2,3,1.5612494995995994,3.0,0.4330127018922193,2.0,True,False,10,0,EXTENDED_PENDING_RESOURCE_GATE,COMPLETE_BASE_INSTANCE
C,4,3,random_ordered,8,0.25,2,0.0001,48839631d370d480caff876de135d8c69c8c7b801b82b95b5366754f0392f5a9,5a78988fa7f4ae56eeefee64d1825d63d243fb002c0450e9d28557ec5e66c3e8,2,3,1.9999999824999999,3.0,9.99999995e-05,2.0,True,False,10,0,EXTENDED_PENDING_RESOURCE_GATE,COMPLETE_BASE_INSTANCE
C,4,3,random_ordered,8,0.25,2,0.01,a701b70432cc10814d7fb5efda6633e78baa164e3acec4cfa2acd0e9ef2f94c7,5a78988fa7f4ae56eeefee64d1825d63d243fb002c0450e9d28557ec5e66c3e8,2,3,1.9998249998437363,3.0,0.009999499987499374,2.0,True,False,10,0,EXTENDED_PENDING_RESOURCE_GATE,COMPLETE_BASE_INSTANCE
C,4,3,random_ordered,8,0.25,2,0.1,61b043bf88a27a82717e81ce2b466df8aef8cc113cd3cff25a3d9fb41f13e939,5a78988fa7f4ae56eeefee64d1825d63d243fb002c0450e9d28557ec5e66c3e8,2,3,1.9824984237068133,3.0,0.09949874371066199,2.0,True,False,10,0,EXTENDED_PENDING_RESOURCE_GATE,COMPLETE_BASE_INSTANCE
C,4,3,random_ordered,8,0.25,2,0.5,11a75bc2e76d1e3cc11539922f6566d05623ccbf84c186ea5f35b4e7be137aac,5a78988fa7f4ae56eeefee64d1825d63d243fb002c0450e9d28557ec5e66c3e8,2,3,1.5612494995995994,3.0,0.4330127018922193,2.0,True,False,10,0,EXTENDED_PENDING_RESOURCE_GATE,COMPLETE_BASE_INSTANCE
C,4,3,random_ordered,8,0.5,4,0.0001,871584ef7a5fec4dc43061e528698ca45ac73377f7f43a817297aded56bbb481,5a78988fa7f4ae56eeefee64d1825d63d243fb002c0450e9d28557ec5e66c3e8,2,3,1.9999999824999999,3.0,9.99999995e-05,2.0,True,False,10,0,EXTENDED_PENDING_RESOURCE_GATE,COMPLETE_BASE_INSTANCE
C,4,3,random_ordered,8,0.5,4,0.01,c1c0c40aa3899196d8319d8f5a254b81095aaa591d83cf7988e4dc92ad2e1c57,5a78988fa7f4ae56eeefee64d1825d63d243fb002c0450e9d28557ec5e66c3e8,2,3,1.9998249998437363,3.0,0.009999499987499374,2.0,True,False,10,0,EXTENDED_PENDING_RESOURCE_GATE,COMPLETE_BASE_INSTANCE
C,4,3,random_ordered,8,0.5,4,0.1,6efcfbffb19daa2ab548fb5fcb4b503e75a100c8e1db3f57c899f962ba4b4311,5a78988fa7f4ae56eeefee64d1825d63d243fb002c0450e9d28557ec5e66c3e8,2,3,1.9824984237068133,3.0,0.09949874371066199,2.0,True,False,10,0,EXTENDED_PENDING_RESOURCE_GATE,COMPLETE_BASE_INSTANCE
C,4,3,random_ordered,8,0.5,4,0.5,163a7318131a2f7b7087754af28b8d86abd89dde54aa5f0cdad36fc98c051d2a,5a78988fa7f4ae56eeefee64d1825d63d243fb002c0450e9d28557ec5e66c3e8,2,3,1.5612494995995994,3.0,0.4330127018922193,2.0,True,False,10,0,EXTENDED_PENDING_RESOURCE_GATE,COMPLETE_BASE_INSTANCE
C,4,3,random_ordered,8,0.75,6,0.0001,59e0eb1226fbc4c8a48b854c599e7ac55e92fccbd77d198062a0f5aee2082e04,5a78988fa7f4ae56eeefee64d1825d63d243fb002c0450e9d28557ec5e66c3e8,2,3,1.9999999824999999,3.0,9.99999995e-05,2.0,True,False,10,0,EXTENDED_PENDING_RESOURCE_GATE,COMPLETE_BASE_INSTANCE
C,4,3,random_ordered,8,0.75,6,0.01,f97fc65db833b4a2b2bab834b5b953f9e79d7f38105d8f5e42f5335ce0cab74b,5a78988fa7f4ae56eeefee64d1825d63d243fb002c0450e9d28557ec5e66c3e8,2,3,1.9998249998437363,3.0,0.009999499987499374,2.0,True,False,10,0,EXTENDED_PENDING_RESOURCE_GATE,COMPLETE_BASE_INSTANCE
C,4,3,random_ordered,8,0.75,6,0.1,9b1038de173bd4294724b0e1ca9158ca806266b47728fc49af6578d76b2f4cfb,5a78988fa7f4ae56eeefee64d1825d63d243fb002c0450e9d28557ec5e66c3e8,2,3,1.9824984237068133,3.0,0.09949874371066199,2.0,True,False,10,0,EXTENDED_PENDING_RESOURCE_GATE,COMPLETE_BASE_INSTANCE
C,4,3,random_ordered,8,0.75,6,0.5,e3bcd930fad9ef7a0817989e7d5584c17b056f997fcc41394a38a33b9e69909e,5a78988fa7f4ae56eeefee64d1825d63d243fb002c0450e9d28557ec5e66c3e8,2,3,1.5612494995995994,3.0,0.4330127018922193,2.0,True,False,10,0,EXTENDED_PENDING_RESOURCE_GATE,COMPLETE_BASE_INSTANCE
C,4,3,random_ordered,16,0.125,2,0.0001,c5f26ddf4700ea324f854b8d412d3cb92949a4c877cc2a5e550cc85ae3aba813,5a78988fa7f4ae56eeefee64d1825d63d243fb002c0450e9d28557ec5e66c3e8,2,3,1.9999999824999999,3.0,9.99999995e-05,2.0,True,False,10,0,EXTENDED_PENDING_RESOURCE_GATE,COMPLETE_BASE_INSTANCE
C,4,3,random_ordered,16,0.125,2,0.01,6064c7d97d3441a70d331d20a26d76bbd7dc8cfbb730eeef3920748155b3dc05,5a78988fa7f4ae56eeefee64d1825d63d243fb002c0450e9d28557ec5e66c3e8,2,3,1.9998249998437363,3.0,0.009999499987499374,2.0,True,False,10,0,EXTENDED_PENDING_RESOURCE_GATE,COMPLETE_BASE_INSTANCE
C,4,3,random_ordered,16,0.125,2,0.1,c4356ae001e8ac206161667fdd7d8a330a1affcbd0de997eded059c82da0ecee,5a78988fa7f4ae56eeefee64d1825d63d243fb002c0450e9d28557ec5e66c3e8,2,3,1.9824984237068133,3.0,0.09949874371066199,2.0,True,False,10,0,EXTENDED_PENDING_RESOURCE_GATE,COMPLETE_BASE_INSTANCE
C,4,3,random_ordered,16,0.125,2,0.5,6728a3a1d141262ae30a3b547535c30e6d3a9b25072409e7d557b582860e8319,5a78988fa7f4ae56eeefee64d1825d63d243fb002c0450e9d28557ec5e66c3e8,2,3,1.5612494995995994,3.0,0.4330127018922193,2.0,True,False,10,0,EXTENDED_PENDING_RESOURCE_GATE,COMPLETE_BASE_INSTANCE
C,4,3,random_ordered,16,0.25,4,0.0001,1486b7478fa892e932fceac705d5223d9acb64e2f94249aef53a784826220e04,5a78988fa7f4ae56eeefee64d1825d63d243fb002c0450e9d28557ec5e66c3e8,2,3,1.9999999824999999,3.0,9.99999995e-05,2.0,True,False,10,0,EXTENDED_PENDING_RESOURCE_GATE,COMPLETE_BASE_INSTANCE
C,4,3,random_ordered,16,0.25,4,0.01,9197f08abb2f2c3838d95279773b9e99f3243ed5a323679ed011a58e8ff3530c,5a78988fa7f4ae56eeefee64d1825d63d243fb002c0450e9d28557ec5e66c3e8,2,3,1.9998249998437363,3.0,0.009999499987499374,2.0,True,False,10,0,EXTENDED_PENDING_RESOURCE_GATE,COMPLETE_BASE_INSTANCE
C,4,3,random_ordered,16,0.25,4,0.1,67e3ba3f4b599d10337f592bf41cb34f5eb34c367fe82771b0e85a0805a0b663,5a78988fa7f4ae56eeefee64d1825d63d243fb002c0450e9d28557ec5e66c3e8,2,3,1.9824984237068133,3.0,0.09949874371066199,2.0,True,False,10,0,EXTENDED_PENDING_RESOURCE_GATE,COMPLETE_BASE_INSTANCE
C,4,3,random_ordered,16,0.25,4,0.5,f2da661547d228925a8b9518fab6fd7d7173c0a9b22746d445538d146399726c,5a78988fa7f4ae56eeefee64d1825d63d243fb002c0450e9d28557ec5e66c3e8,2,3,1.5612494995995994,3.0,0.4330127018922193,2.0,True,False,10,0,EXTENDED_PENDING_RESOURCE_GATE,COMPLETE_BASE_INSTANCE
C,4,3,random_ordered,16,0.5,8,0.0001,dc681714f0794ea017a8850045f86b17fc4092a276f6f721b7979627d6ff2387,5a78988fa7f4ae56eeefee64d1825d63d243fb002c0450e9d28557ec5e66c3e8,2,3,1.9999999824999999,3.0,9.99999995e-05,2.0,True,False,10,0,EXTENDED_PENDING_RESOURCE_GATE,COMPLETE_BASE_INSTANCE
C,4,3,random_ordered,16,0.5,8,0.01,20d08bfe46c0016838bc6eba498dbcb428466f03fd73cc54d07b94911586a7ef,5a78988fa7f4ae56eeefee64d1825d63d243fb002c0450e9d28557ec5e66c3e8,2,3,1.9998249998437363,3.0,0.009999499987499374,2.0,True,False,10,0,EXTENDED_PENDING_RESOURCE_GATE,COMPLETE_BASE_INSTANCE
C,4,3,random_ordered,16,0.5,8,0.1,97edd8bc7f1a82ccd73695d6722d4f59037f409b05160dca08e63d6201491b44,5a78988fa7f4ae56eeefee64d1825d63d243fb002c0450e9d28557ec5e66c3e8,2,3,1.9824984237068133,3.0,0.09949874371066199,2.0,True,False,10,0,EXTENDED_PENDING_RESOURCE_GATE,COMPLETE_BASE_INSTANCE
C,4,3,random_ordered,16,0.5,8,0.5,42902018a35bc502bc17fcf509df6a8e5bf8900196b9b2a641d0863337d5edcf,5a78988fa7f4ae56eeefee64d1825d63d243fb002c0450e9d28557ec5e66c3e8,2,3,1.5612494995995994,3.0,0.4330127018922193,2.0,True,False,10,0,EXTENDED_PENDING_RESOURCE_GATE,COMPLETE_BASE_INSTANCE
C,4,3,random_ordered,16,0.75,12,0.0001,0acb874701ce15f72f51d749329e4ed7c7da6290ffb50b83cfd1eb6c9007c39d,5a78988fa7f4ae56eeefee64d1825d63d243fb002c0450e9d28557ec5e66c3e8,2,3,1.9999999824999999,3.0,9.99999995e-05,2.0,True,False,10,0,EXTENDED_PENDING_RESOURCE_GATE,COMPLETE_BASE_INSTANCE
C,4,3,random_ordered,16,0.75,12,0.01,39daf7c13c16f367cebaa546d6ac286c766fcf7de09a13d55b73e883a9d788d4,5a78988fa7f4ae56eeefee64d1825d63d243fb002c0450e9d28557ec5e66c3e8,2,3,1.9998249998437363,3.0,0.009999499987499374,2.0,True,False,10,0,EXTENDED_PENDING_RESOURCE_GATE,COMPLETE_BASE_INSTANCE
C,4,3,random_ordered,16,0.75,12,0.1,c3c07d64565393235a0687a5a07dca532fb73451bdf4fad5ec0d5ccfdac1d65d,5a78988fa7f4ae56eeefee64d1825d63d243fb002c0450e9d28557ec5e66c3e8,2,3,1.9824984237068133,3.0,0.09949874371066199,2.0,True,False,10,0,EXTENDED_PENDING_RESOURCE_GATE,COMPLETE_BASE_INSTANCE
C,4,3,random_ordered,16,0.75,12,0.5,c29034524ea688715f524d327942399a45ba810721452120436bf0e22066b645,5a78988fa7f4ae56eeefee64d1825d63d243fb002c0450e9d28557ec5e66c3e8,2,3,1.5612494995995994,3.0,0.4330127018922193,2.0,True,False,10,0,EXTENDED_PENDING_RESOURCE_GATE,COMPLETE_BASE_INSTANCE
C,4,3,random_ordered,32,0.125,4,0.0001,9aff754e6d42ac6f8f1e14ef0ca4183dabe4f8250d0fafec4aa0ef45bd748c14,5a78988fa7f4ae56eeefee64d1825d63d243fb002c0450e9d28557ec5e66c3e8,2,3,1.9999999824999999,3.0,9.99999995e-05,2.0,True,False,10,0,EXTENDED_PENDING_RESOURCE_GATE,COMPLETE_BASE_INSTANCE
C,4,3,random_ordered,32,0.125,4,0.01,c15898a276ffc2dd383c834c667e7376eefa91b9344c8573024eca8d11ca6d8a,5a78988fa7f4ae56eeefee64d1825d63d243fb002c0450e9d28557ec5e66c3e8,2,3,1.9998249998437363,3.0,0.009999499987499374,2.0,True,False,10,0,EXTENDED_PENDING_RESOURCE_GATE,COMPLETE_BASE_INSTANCE
C,4,3,random_ordered,32,0.125,4,0.1,520401f793cf5ef1ceb644e909b8b7ca372cacba37fd00a9c365bd1bd6593170,5a78988fa7f4ae56eeefee64d1825d63d243fb002c0450e9d28557ec5e66c3e8,2,3,1.9824984237068133,3.0,0.09949874371066199,2.0,True,False,10,0,EXTENDED_PENDING_RESOURCE_GATE,COMPLETE_BASE_INSTANCE
C,4,3,random_ordered,32,0.125,4,0.5,ee166f5acececab3b0295edbcc22d4c0a8cd63304a7b069e5523b3b130cfa338,5a78988fa7f4ae56eeefee64d1825d63d243fb002c0450e9d28557ec5e66c3e8,2,3,1.5612494995995994,3.0,0.4330127018922193,2.0,True,False,10,0,EXTENDED_PENDING_RESOURCE_GATE,COMPLETE_BASE_INSTANCE
C,4,3,random_ordered,32,0.25,8,0.0001,e225942f16bbebdcfb4c805d189ae9e5a885d48a05585c565cb3484fd1989582,5a78988fa7f4ae56eeefee64d1825d63d243fb002c0450e9d28557ec5e66c3e8,2,3,1.9999999824999999,3.0,9.99999995e-05,2.0,True,False,10,0,EXTENDED_PENDING_RESOURCE_GATE,COMPLETE_BASE_INSTANCE
C,4,3,random_ordered,32,0.25,8,0.01,761101e681f24faac060b2490afdd2ad960f951af17500f41b57be861b1bcbfd,5a78988fa7f4ae56eeefee64d1825d63d243fb002c0450e9d28557ec5e66c3e8,2,3,1.9998249998437363,3.0,0.009999499987499374,2.0,True,False,10,0,EXTENDED_PENDING_RESOURCE_GATE,COMPLETE_BASE_INSTANCE
C,4,3,random_ordered,32,0.25,8,0.1,6feb0e224c1ffd629c4576fba7d46fc5190593360effd5edc589e56757ab3070,5a78988fa7f4ae56eeefee64d1825d63d243fb002c0450e9d28557ec5e66c3e8,2,3,1.9824984237068133,3.0,0.09949874371066199,2.0,True,False,10,0,EXTENDED_PENDING_RESOURCE_GATE,COMPLETE_BASE_INSTANCE
C,4,3,random_ordered,32,0.25,8,0.5,d3493b28681d3a3e1034b40d158cb59e62af7614c5c295a205a8455341466034,5a78988fa7f4ae56eeefee64d1825d63d243fb002c0450e9d28557ec5e66c3e8,2,3,1.5612494995995994,3.0,0.4330127018922193,2.0,True,False,10,0,EXTENDED_PENDING_RESOURCE_GATE,COMPLETE_BASE_INSTANCE
C,4,3,random_ordered,32,0.5,16,0.0001,a01af9407b5b9bb6b4275f565885fa1e02aaedec49edeb2717dd1a8aaddef5c6,5a78988fa7f4ae56eeefee64d1825d63d243fb002c0450e9d28557ec5e66c3e8,2,3,1.9999999824999999,3.0,9.99999995e-05,2.0,True,False,10,0,EXTENDED_PENDING_RESOURCE_GATE,COMPLETE_BASE_INSTANCE
C,4,3,random_ordered,32,0.5,16,0.01,0fa35131b3b73a20907a5cea8af54c32dda028427741b82d7c82ca3182bbd30d,5a78988fa7f4ae56eeefee64d1825d63d243fb002c0450e9d28557ec5e66c3e8,2,3,1.9998249998437363,3.0,0.009999499987499374,2.0,True,False,10,0,EXTENDED_PENDING_RESOURCE_GATE,COMPLETE_BASE_INSTANCE
C,4,3,random_ordered,32,0.5,16,0.1,11d1a4fa9972a65ea4fcff53da24189e6ac79a1a452fff79497535eb0e3afff3,5a78988fa7f4ae56eeefee64d1825d63d243fb002c0450e9d28557ec5e66c3e8,2,3,1.9824984237068133,3.0,0.09949874371066199,2.0,True,False,10,0,EXTENDED_PENDING_RESOURCE_GATE,COMPLETE_BASE_INSTANCE
C,4,3,random_ordered,32,0.5,16,0.5,4fc195d5d2e45f893a426c65cb5e6620245bc8b13e8902cecf8353658ea4eb48,5a78988fa7f4ae56eeefee64d1825d63d243fb002c0450e9d28557ec5e66c3e8,2,3,1.5612494995995994,3.0,0.4330127018922193,2.0,True,False,10,0,EXTENDED_PENDING_RESOURCE_GATE,COMPLETE_BASE_INSTANCE
C,4,3,random_ordered,32,0.75,24,0.0001,54d26df9822e6c88aade619a199342e54883c8242454148d227d7bc36b7825e3,5a78988fa7f4ae56eeefee64d1825d63d243fb002c0450e9d28557ec5e66c3e8,2,3,1.9999999824999999,3.0,9.99999995e-05,2.0,True,False,10,0,EXTENDED_PENDING_RESOURCE_GATE,COMPLETE_BASE_INSTANCE
C,4,3,random_ordered,32,0.75,24,0.01,447652452218e657a07c1caf9a57fa3447ba53ba455cc775d531965979886996,5a78988fa7f4ae56eeefee64d1825d63d243fb002c0450e9d28557ec5e66c3e8,2,3,1.9998249998437363,3.0,0.009999499987499374,2.0,True,False,10,0,EXTENDED_PENDING_RESOURCE_GATE,COMPLETE_BASE_INSTANCE
C,4,3,random_ordered,32,0.75,24,0.1,2bae1e783b4cd0738ecdfd57e687adcda88d947436e4f95247a5fbaf454732fb,5a78988fa7f4ae56eeefee64d1825d63d243fb002c0450e9d28557ec5e66c3e8,2,3,1.9824984237068133,3.0,0.09949874371066199,2.0,True,False,10,0,EXTENDED_PENDING_RESOURCE_GATE,COMPLETE_BASE_INSTANCE
C,4,3,random_ordered,32,0.75,24,0.5,f1c714add6bc8c63d9db78682b63acf8658096dae43de8e788a9555386aa8ca2,5a78988fa7f4ae56eeefee64d1825d63d243fb002c0450e9d28557ec5e66c3e8,2,3,1.5612494995995994,3.0,0.4330127018922193,2.0,True,False,10,0,EXTENDED_PENDING_RESOURCE_GATE,COMPLETE_BASE_INSTANCE
C,4,3,random_ordered,64,0.125,8,0.0001,c8e01ca7854a77ae3a974d1038ca48f6a7c169d7b6978a44b3fe81c3be1684b5,5a78988fa7f4ae56eeefee64d1825d63d243fb002c0450e9d28557ec5e66c3e8,2,3,1.9999999824999999,3.0,9.99999995e-05,2.0,True,False,10,0,EXTENDED_PENDING_RESOURCE_GATE,COMPLETE_BASE_INSTANCE
C,4,3,random_ordered,64,0.125,8,0.01,182e0b005caba3ac15b88934f80d2b20f0bc417f1537d4183ee23bf205485572,5a78988fa7f4ae56eeefee64d1825d63d243fb002c0450e9d28557ec5e66c3e8,2,3,1.9998249998437363,3.0,0.009999499987499374,2.0,True,False,10,0,EXTENDED_PENDING_RESOURCE_GATE,COMPLETE_BASE_INSTANCE
C,4,3,random_ordered,64,0.125,8,0.1,8cc284395769cec19c4188f7ad0482adbaadba62b3dc35f64d7cf9ab55df994e,5a78988fa7f4ae56eeefee64d1825d63d243fb002c0450e9d28557ec5e66c3e8,2,3,1.9824984237068133,3.0,0.09949874371066199,2.0,True,False,10,0,EXTENDED_PENDING_RESOURCE_GATE,COMPLETE_BASE_INSTANCE
C,4,3,random_ordered,64,0.125,8,0.5,d305b4e851666443a1aee0f3627a18d5e4c9378b62ef7d3142bb8f29b397d53d,5a78988fa7f4ae56eeefee64d1825d63d243fb002c0450e9d28557ec5e66c3e8,2,3,1.5612494995995994,3.0,0.4330127018922193,2.0,True,False,10,0,EXTENDED_PENDING_RESOURCE_GATE,COMPLETE_BASE_INSTANCE
C,4,3,random_ordered,64,0.25,16,0.0001,913c06926fbe5f5012feac00c7be5257b9fb479e2555bd4a0ff00bd06862506d,5a78988fa7f4ae56eeefee64d1825d63d243fb002c0450e9d28557ec5e66c3e8,2,3,1.9999999824999999,3.0,9.99999995e-05,2.0,True,False,10,0,EXTENDED_PENDING_RESOURCE_GATE,COMPLETE_BASE_INSTANCE
C,4,3,random_ordered,64,0.25,16,0.01,0b949c73ed581f289bc0fa02ada04598b98fb3f4da813bdd524051362eeba1f0,5a78988fa7f4ae56eeefee64d1825d63d243fb002c0450e9d28557ec5e66c3e8,2,3,1.9998249998437363,3.0,0.009999499987499374,2.0,True,False,10,0,EXTENDED_PENDING_RESOURCE_GATE,COMPLETE_BASE_INSTANCE
C,4,3,random_ordered,64,0.25,16,0.1,0d73e7863ff6a6cf62a45782a9d562ee0262ad67f6cee339deec5f02b4f70147,5a78988fa7f4ae56eeefee64d1825d63d243fb002c0450e9d28557ec5e66c3e8,2,3,1.9824984237068133,3.0,0.09949874371066199,2.0,True,False,10,0,EXTENDED_PENDING_RESOURCE_GATE,COMPLETE_BASE_INSTANCE
C,4,3,random_ordered,64,0.25,16,0.5,36aba3908646f89eaa1a6ce4684930dd0e8f19862c46e701503c68ead95a464d,5a78988fa7f4ae56eeefee64d1825d63d243fb002c0450e9d28557ec5e66c3e8,2,3,1.5612494995995994,3.0,0.4330127018922193,2.0,True,False,10,0,EXTENDED_PENDING_RESOURCE_GATE,COMPLETE_BASE_INSTANCE
C,4,3,random_ordered,64,0.5,32,0.0001,9abbfa3bdd660b6da7ffdd7a32f8e84e5a20326d8a43e97973abdb10f97617b3,5a78988fa7f4ae56eeefee64d1825d63d243fb002c0450e9d28557ec5e66c3e8,2,3,1.9999999824999999,3.0,9.99999995e-05,2.0,True,False,10,0,EXTENDED_PENDING_RESOURCE_GATE,COMPLETE_BASE_INSTANCE
C,4,3,random_ordered,64,0.5,32,0.01,9f89712fa4ac204257eebed389926dcbe84d913a33abdbc73186b662f3739851,5a78988fa7f4ae56eeefee64d1825d63d243fb002c0450e9d28557ec5e66c3e8,2,3,1.9998249998437363,3.0,0.009999499987499374,2.0,True,False,10,0,EXTENDED_PENDING_RESOURCE_GATE,COMPLETE_BASE_INSTANCE
C,4,3,random_ordered,64,0.5,32,0.1,840da3497362aa5fc9a4094f99764c4cf7f6c3500b87e2872b7e9dca2d9187f4,5a78988fa7f4ae56eeefee64d1825d63d243fb002c0450e9d28557ec5e66c3e8,2,3,1.9824984237068133,3.0,0.09949874371066199,2.0,True,False,10,0,EXTENDED_PENDING_RESOURCE_GATE,COMPLETE_BASE_INSTANCE
C,4,3,random_ordered,64,0.5,32,0.5,24114bceae6588f050349ab263b160a9d42d30ffac3336f4a11f8961e7465524,5a78988fa7f4ae56eeefee64d1825d63d243fb002c0450e9d28557ec5e66c3e8,2,3,1.5612494995995994,3.0,0.4330127018922193,2.0,True,False,10,0,EXTENDED_PENDING_RESOURCE_GATE,COMPLETE_BASE_INSTANCE
C,4,3,random_ordered,64,0.75,48,0.0001,557dca6d48559e74333c1718e360fd52579e17d92f2ae6729c8cd800c4b31ef3,5a78988fa7f4ae56eeefee64d1825d63d243fb002c0450e9d28557ec5e66c3e8,2,3,1.9999999824999999,3.0,9.99999995e-05,2.0,True,False,10,0,EXTENDED_PENDING_RESOURCE_GATE,COMPLETE_BASE_INSTANCE
C,4,3,random_ordered,64,0.75,48,0.01,5175aa648b374cff98c09d21acaa789d530d5d17c8882fe92da7c934a2701663,5a78988fa7f4ae56eeefee64d1825d63d243fb002c0450e9d28557ec5e66c3e8,2,3,1.9998249998437363,3.0,0.009999499987499374,2.0,True,False,10,0,EXTENDED_PENDING_RESOURCE_GATE,COMPLETE_BASE_INSTANCE
C,4,3,random_ordered,64,0.75,48,0.1,948d0eef46e6d7851c81e6dbe829c47423a6145b7ad516eccec820459c9c9690,5a78988fa7f4ae56eeefee64d1825d63d243fb002c0450e9d28557ec5e66c3e8,2,3,1.9824984237068133,3.0,0.09949874371066199,2.0,True,False,10,0,EXTENDED_PENDING_RESOURCE_GATE,COMPLETE_BASE_INSTANCE
C,4,3,random_ordered,64,0.75,48,0.5,c83594178a01a84dc250daf213e471194d4ec9b660a5aacc14ca80da8a07a1e2,5a78988fa7f4ae56eeefee64d1825d63d243fb002c0450e9d28557ec5e66c3e8,2,3,1.5612494995995994,3.0,0.4330127018922193,2.0,True,False,10,0,EXTENDED_PENDING_RESOURCE_GATE,COMPLETE_BASE_INSTANCE
C,4,6,comb,2,0.125,1,0.0001,f5452c685f2f2a11737a89cfe4092de65eb57c08690eddfa66e39074ed0236ee,3dbf836b20c10f7fe775369bd4d9bfbf3af576192d4376d176e7940d4a758b55,6,2,5.999999837500001,6.0,0.0014999999550000002,5.0,True,False,10,0,EXTENDED_PENDING_RESOURCE_GATE,COMPLETE_BASE_INSTANCE
C,4,6,comb,2,0.125,1,0.01,37cb38a61d0cb538e0702ab8e1103a4cbb6fb18eb8009ff7c805fff29e43f66e,3dbf836b20c10f7fe775369bd4d9bfbf3af576192d4376d176e7940d4a758b55,6,2,5.998375148279659,6.0,0.14995500309999998,5.0,True,False,10,0,EXTENDED_PENDING_RESOURCE_GATE,COMPLETE_BASE_INSTANCE
C,4,6,comb,2,0.125,1,0.1,8bafe74045256481a97fbf80a6afd39d3d55aacece53e9c371ab840e8270a8ba,3dbf836b20c10f7fe775369bd4d9bfbf3af576192d4376d176e7940d4a758b55,6,2,5.838981230805593,6.0,1.4553099999999999,5.0,True,False,10,0,EXTENDED_PENDING_RESOURCE_GATE,COMPLETE_BASE_INSTANCE
C,4,6,comb,2,0.125,1,0.5,952bd8d7f82a698cc32985019d2fedcbe66f30eed9fbc9d7f287bceb0870a92a,3dbf836b20c10f7fe775369bd4d9bfbf3af576192d4376d176e7940d4a758b55,6,2,2.8437499999999996,6.0,2.8437499999999996,5.0,True,False,10,0,EXTENDED_PENDING_RESOURCE_GATE,COMPLETE_BASE_INSTANCE
C,4,6,comb,2,0.25,1,0.0001,b9de47e906594d65354e193b30630d2f0819ec6bfb3a56696761825fdb969cd9,3dbf836b20c10f7fe775369bd4d9bfbf3af576192d4376d176e7940d4a758b55,6,2,5.999999837500001,6.0,0.0014999999550000002,5.0,True,False,10,0,EXTENDED_PENDING_RESOURCE_GATE,COMPLETE_BASE_INSTANCE
C,4,6,comb,2,0.25,1,0.01,43a72461f93d329b22a1d3a1b6c7a6ec81efd4b5400588ec9f2f8913f1a9c38a,3dbf836b20c10f7fe775369bd4d9bfbf3af576192d4376d176e7940d4a758b55,6,2,5.998375148279659,6.0,0.14995500309999998,5.0,True,False,10,0,EXTENDED_PENDING_RESOURCE_GATE,COMPLETE_BASE_INSTANCE
C,4,6,comb,2,0.25,1,0.1,125b35b525ea19b94c51b1590232610f650b5527dee97597f4a5ac6b3769c9ce,3dbf836b20c10f7fe775369bd4d9bfbf3af576192d4376d176e7940d4a758b55,6,2,5.838981230805593,6.0,1.4553099999999999,5.0,True,False,10,0,EXTENDED_PENDING_RESOURCE_GATE,COMPLETE_BASE_INSTANCE
C,4,6,comb,2,0.25,1,0.5,82adc3701871804e93c98ef977970848a4c2132a7d55caa0fe498d6808d3063f,3dbf836b20c10f7fe775369bd4d9bfbf3af576192d4376d176e7940d4a758b55,6,2,2.8437499999999996,6.0,2.8437499999999996,5.0,True,False,10,0,EXTENDED_PENDING_RESOURCE_GATE,COMPLETE_BASE_INSTANCE
C,4,6,comb,2,0.5,1,0.0001,236b71ef7bcc09c7a09bb0a75d04611d9875aa704e79abd445c9d5fad21c2b70,3dbf836b20c10f7fe775369bd4d9bfbf3af576192d4376d176e7940d4a758b55,6,2,5.999999837500001,6.0,0.0014999999550000002,5.0,True,False,10,0,EXTENDED_PENDING_RESOURCE_GATE,COMPLETE_BASE_INSTANCE
C,4,6,comb,2,0.5,1,0.01,519ecced9d5863434529f0e15cb3722d0b59c522c2aa0498f764ef66ef094cd7,3dbf836b20c10f7fe775369bd4d9bfbf3af576192d4376d176e7940d4a758b55,6,2,5.998375148279659,6.0,0.14995500309999998,5.0,True,False,10,0,EXTENDED_PENDING_RESOURCE_GATE,COMPLETE_BASE_INSTANCE
C,4,6,comb,2,0.5,1,0.1,f387cffdf000d4cc590db0121aced7fd90d653f3eed6e49efcc81af8dce0fd2f,3dbf836b20c10f7fe775369bd4d9bfbf3af576192d4376d176e7940d4a758b55,6,2,5.838981230805593,6.0,1.4553099999999999,5.0,True,False,10,0,EXTENDED_PENDING_RESOURCE_GATE,COMPLETE_BASE_INSTANCE
C,4,6,comb,2,0.5,1,0.5,2d1b4684593c714ed02b6b7beb9f1ae87d3c219a5b843d790de6425e8f0f5f85,3dbf836b20c10f7fe775369bd4d9bfbf3af576192d4376d176e7940d4a758b55,6,2,2.8437499999999996,6.0,2.8437499999999996,5.0,True,False,10,0,EXTENDED_PENDING_RESOURCE_GATE,COMPLETE_BASE_INSTANCE
C,4,6,comb,2,0.75,1,0.0001,313df0ff592cb5161a4ec041105362b3ae7e6d92685353c97fa702e6ea6a28f2,3dbf836b20c10f7fe775369bd4d9bfbf3af576192d4376d176e7940d4a758b55,6,2,5.999999837500001,6.0,0.0014999999550000002,5.0,True,False,10,0,EXTENDED_PENDING_RESOURCE_GATE,COMPLETE_BASE_INSTANCE
C,4,6,comb,2,0.75,1,0.01,3d2c7dd5c660ad972bba72f982d9928c86c515aa2df2e88fe93d7186771d19ab,3dbf836b20c10f7fe775369bd4d9bfbf3af576192d4376d176e7940d4a758b55,6,2,5.998375148279659,6.0,0.14995500309999998,5.0,True,False,10,0,EXTENDED_PENDING_RESOURCE_GATE,COMPLETE_BASE_INSTANCE
C,4,6,comb,2,0.75,1,0.1,33bb568c0508c3822d3e07c4768b7ecb7bec2cdb8a676643acf493cdaa016f0a,3dbf836b20c10f7fe775369bd4d9bfbf3af576192d4376d176e7940d4a758b55,6,2,5.838981230805593,6.0,1.4553099999999999,5.0,True,False,10,0,EXTENDED_PENDING_RESOURCE_GATE,COMPLETE_BASE_INSTANCE
C,4,6,comb,2,0.75,1,0.5,f420479e918cb295275eab6c3f60747d2ea866b8af617638e5ace9828eb9f8ea,3dbf836b20c10f7fe775369bd4d9bfbf3af576192d4376d176e7940d4a758b55,6,2,2.8437499999999996,6.0,2.8437499999999996,5.0,True,False,10,0,EXTENDED_PENDING_RESOURCE_GATE,COMPLETE_BASE_INSTANCE
C,4,6,comb,4,0.125,1,0.0001,bd7a64dd402b9898b7c5eeea3573edc10d2aa015501404687f4369c3d23750da,3dbf836b20c10f7fe775369bd4d9bfbf3af576192d4376d176e7940d4a758b55,6,2,5.999999837500001,6.0,0.0014999999550000002,5.0,True,False,10,0,EXTENDED_PENDING_RESOURCE_GATE,COMPLETE_BASE_INSTANCE
C,4,6,comb,4,0.125,1,0.01,fa30b6e87a287bcdd8bc983230297ac11f5231d57ac8c72ee1963add03d62eaa,3dbf836b20c10f7fe775369bd4d9bfbf3af576192d4376d176e7940d4a758b55,6,2,5.998375148279659,6.0,0.14995500309999998,5.0,True,False,10,0,EXTENDED_PENDING_RESOURCE_GATE,COMPLETE_BASE_INSTANCE
C,4,6,comb,4,0.125,1,0.1,5a9d7abc1b31892aa92d55fdd9217c22f985d1bb6280b93162bd92d35748d05d,3dbf836b20c10f7fe775369bd4d9bfbf3af576192d4376d176e7940d4a758b55,6,2,5.838981230805593,6.0,1.4553099999999999,5.0,True,False,10,0,EXTENDED_PENDING_RESOURCE_GATE,COMPLETE_BASE_INSTANCE
C,4,6,comb,4,0.125,1,0.5,8c52609833d13976e13215709aed4570a864bdf6cd4ca69c59f6c74c1d6dafa9,3dbf836b20c10f7fe775369bd4d9bfbf3af576192d4376d176e7940d4a758b55,6,2,2.8437499999999996,6.0,2.8437499999999996,5.0,True,False,10,0,EXTENDED_PENDING_RESOURCE_GATE,COMPLETE_BASE_INSTANCE
C,4,6,comb,4,0.25,1,0.0001,fc3f1a0ed3301394450cf6ec858e136966e7f843b6af05ab4c4460671351302e,3dbf836b20c10f7fe775369bd4d9bfbf3af576192d4376d176e7940d4a758b55,6,2,5.999999837500001,6.0,0.0014999999550000002,5.0,True,False,10,0,EXTENDED_PENDING_RESOURCE_GATE,COMPLETE_BASE_INSTANCE
C,4,6,comb,4,0.25,1,0.01,8748e6f5760154dbc73d5f25685ac70f7db3f6dd859aedab44569728b768ea75,3dbf836b20c10f7fe775369bd4d9bfbf3af576192d4376d176e7940d4a758b55,6,2,5.998375148279659,6.0,0.14995500309999998,5.0,True,False,10,0,EXTENDED_PENDING_RESOURCE_GATE,COMPLETE_BASE_INSTANCE
C,4,6,comb,4,0.25,1,0.1,374137b0b36043e8c013343bf784f5b6cdc122a75ff4cda09c10e856813b0058,3dbf836b20c10f7fe775369bd4d9bfbf3af576192d4376d176e7940d4a758b55,6,2,5.838981230805593,6.0,1.4553099999999999,5.0,True,False,10,0,EXTENDED_PENDING_RESOURCE_GATE,COMPLETE_BASE_INSTANCE
C,4,6,comb,4,0.25,1,0.5,d36b1485c0b2ffffd3cc1c5f9bbbe1c266dfa3e61f81d4059eb8acecea6618bf,3dbf836b20c10f7fe775369bd4d9bfbf3af576192d4376d176e7940d4a758b55,6,2,2.8437499999999996,6.0,2.8437499999999996,5.0,True,False,10,0,EXTENDED_PENDING_RESOURCE_GATE,COMPLETE_BASE_INSTANCE
C,4,6,comb,4,0.5,2,0.0001,a8ca9f8fbd3cea683264e5e4ae4834a2e7f97bfaeab2136df17db1b4168c2737,3dbf836b20c10f7fe775369bd4d9bfbf3af576192d4376d176e7940d4a758b55,6,2,5.999999837500001,6.0,0.0014999999550000002,5.0,True,False,10,0,EXTENDED_PENDING_RESOURCE_GATE,COMPLETE_BASE_INSTANCE
C,4,6,comb,4,0.5,2,0.01,faf3cf1c1b4d50e6b013134e617ab1d1cc7f8b686b8ba3869f36aabba1448cd8,3dbf836b20c10f7fe775369bd4d9bfbf3af576192d4376d176e7940d4a758b55,6,2,5.998375148279659,6.0,0.14995500309999998,5.0,True,False,10,0,EXTENDED_PENDING_RESOURCE_GATE,COMPLETE_BASE_INSTANCE
C,4,6,comb,4,0.5,2,0.1,355e50e0a2fb378ff1157538619baa65b11ef0ee93b2394e81ee4d21fa937cbd,3dbf836b20c10f7fe775369bd4d9bfbf3af576192d4376d176e7940d4a758b55,6,2,5.838981230805593,6.0,1.4553099999999999,5.0,True,False,10,0,EXTENDED_PENDING_RESOURCE_GATE,COMPLETE_BASE_INSTANCE
C,4,6,comb,4,0.5,2,0.5,c8aad1be8d33772a2f639f9dae0edf731893367f953607d68d33c742b3d3c90a,3dbf836b20c10f7fe775369bd4d9bfbf3af576192d4376d176e7940d4a758b55,6,2,2.8437499999999996,6.0,2.8437499999999996,5.0,True,False,10,0,EXTENDED_PENDING_RESOURCE_GATE,COMPLETE_BASE_INSTANCE
C,4,6,comb,4,0.75,3,0.0001,94f7ec75685e1c848423474e6ae9bfd2662822ae3ebf43c656f5ad2ce117b426,3dbf836b20c10f7fe775369bd4d9bfbf3af576192d4376d176e7940d4a758b55,6,2,5.999999837500001,6.0,0.0014999999550000002,5.0,True,False,10,0,EXTENDED_PENDING_RESOURCE_GATE,COMPLETE_BASE_INSTANCE
C,4,6,comb,4,0.75,3,0.01,6a021b28b7c9882873513bcc1cb673621c72a23e657bb76b147d1f15fd88daa1,3dbf836b20c10f7fe775369bd4d9bfbf3af576192d4376d176e7940d4a758b55,6,2,5.998375148279659,6.0,0.14995500309999998,5.0,True,False,10,0,EXTENDED_PENDING_RESOURCE_GATE,COMPLETE_BASE_INSTANCE
C,4,6,comb,4,0.75,3,0.1,718f496d9dbe6fb841715ada514c341f70c9f49f7efb1d7a87c0ed30b099cbd5,3dbf836b20c10f7fe775369bd4d9bfbf3af576192d4376d176e7940d4a758b55,6,2,5.838981230805593,6.0,1.4553099999999999,5.0,True,False,10,0,EXTENDED_PENDING_RESOURCE_GATE,COMPLETE_BASE_INSTANCE
C,4,6,comb,4,0.75,3,0.5,025c4604925578923d6f63b0f0f4514e66fa472927b56c4ee6d53457d0418b19,3dbf836b20c10f7fe775369bd4d9bfbf3af576192d4376d176e7940d4a758b55,6,2,2.8437499999999996,6.0,2.8437499999999996,5.0,True,False,10,0,EXTENDED_PENDING_RESOURCE_GATE,COMPLETE_BASE_INSTANCE
C,4,6,comb,8,0.125,1,0.0001,8ba32d50cb0b735ad1ea4c5bbc5850f7a6bd7a4512978081bef21f3fd598cb82,3dbf836b20c10f7fe775369bd4d9bfbf3af576192d4376d176e7940d4a758b55,6,2,5.999999837500001,6.0,0.0014999999550000002,5.0,True,False,10,0,EXTENDED_PENDING_RESOURCE_GATE,COMPLETE_BASE_INSTANCE
C,4,6,comb,8,0.125,1,0.01,755deb54355909009f0c843e6ade87dbdd854024be4db8e39e9b522666234869,3dbf836b20c10f7fe775369bd4d9bfbf3af576192d4376d176e7940d4a758b55,6,2,5.998375148279659,6.0,0.14995500309999998,5.0,True,False,10,0,EXTENDED_PENDING_RESOURCE_GATE,COMPLETE_BASE_INSTANCE
C,4,6,comb,8,0.125,1,0.1,8eb37ba36aad5f227e0a0a9f34efb62a073dff89cfb282bc55b8244f89c3d5bd,3dbf836b20c10f7fe775369bd4d9bfbf3af576192d4376d176e7940d4a758b55,6,2,5.838981230805593,6.0,1.4553099999999999,5.0,True,False,10,0,EXTENDED_PENDING_RESOURCE_GATE,COMPLETE_BASE_INSTANCE
C,4,6,comb,8,0.125,1,0.5,1d17682805bcdadae8c3140cdd81401c70b50f65ba3e72821a1e270d9e9ea11d,3dbf836b20c10f7fe775369bd4d9bfbf3af576192d4376d176e7940d4a758b55,6,2,2.8437499999999996,6.0,2.8437499999999996,5.0,True,False,10,0,EXTENDED_PENDING_RESOURCE_GATE,COMPLETE_BASE_INSTANCE
C,4,6,comb,8,0.25,2,0.0001,8970f9f7c182a4ab98299c2f53beff52d759113370249adfe59cfb30309f453a,3dbf836b20c10f7fe775369bd4d9bfbf3af576192d4376d176e7940d4a758b55,6,2,5.999999837500001,6.0,0.0014999999550000002,5.0,True,False,10,0,EXTENDED_PENDING_RESOURCE_GATE,COMPLETE_BASE_INSTANCE
C,4,6,comb,8,0.25,2,0.01,814f69207edfdc922976d8738c119652adb0e1b2aced09b77647105bd747db07,3dbf836b20c10f7fe775369bd4d9bfbf3af576192d4376d176e7940d4a758b55,6,2,5.998375148279659,6.0,0.14995500309999998,5.0,True,False,10,0,EXTENDED_PENDING_RESOURCE_GATE,COMPLETE_BASE_INSTANCE
C,4,6,comb,8,0.25,2,0.1,6dde311f2bcf6912659bb23281a72966a288378aabf9cf332e33f5ede37475b7,3dbf836b20c10f7fe775369bd4d9bfbf3af576192d4376d176e7940d4a758b55,6,2,5.838981230805593,6.0,1.4553099999999999,5.0,True,False,10,0,EXTENDED_PENDING_RESOURCE_GATE,COMPLETE_BASE_INSTANCE
C,4,6,comb,8,0.25,2,0.5,c2ae6e33fd3601dda2a32be92183a1553293e462138bdcba31ee077defb334ed,3dbf836b20c10f7fe775369bd4d9bfbf3af576192d4376d176e7940d4a758b55,6,2,2.8437499999999996,6.0,2.8437499999999996,5.0,True,False,10,0,EXTENDED_PENDING_RESOURCE_GATE,COMPLETE_BASE_INSTANCE
C,4,6,comb,8,0.5,4,0.0001,cb8351b8f648bfe79391e7d106fea1d662b31203e2c3befa7cb847ca562e5046,3dbf836b20c10f7fe775369bd4d9bfbf3af576192d4376d176e7940d4a758b55,6,2,5.999999837500001,6.0,0.0014999999550000002,5.0,True,False,10,0,EXTENDED_PENDING_RESOURCE_GATE,COMPLETE_BASE_INSTANCE
C,4,6,comb,8,0.5,4,0.01,9c50661e233091ce2781cd500d303fbb4e9475fd499d3b2ea4754b97aaaee39f,3dbf836b20c10f7fe775369bd4d9bfbf3af576192d4376d176e7940d4a758b55,6,2,5.998375148279659,6.0,0.14995500309999998,5.0,True,False,10,0,EXTENDED_PENDING_RESOURCE_GATE,COMPLETE_BASE_INSTANCE
C,4,6,comb,8,0.5,4,0.1,3816ee5a778c7e9c193feb201f00937f024350bba3a617b8ed227c73ee182b8e,3dbf836b20c10f7fe775369bd4d9bfbf3af576192d4376d176e7940d4a758b55,6,2,5.838981230805593,6.0,1.4553099999999999,5.0,True,False,10,0,EXTENDED_PENDING_RESOURCE_GATE,COMPLETE_BASE_INSTANCE
C,4,6,comb,8,0.5,4,0.5,5ee81a012c78794a26c57fac4b988761514a1b919e5fadaf51263529867e03fe,3dbf836b20c10f7fe775369bd4d9bfbf3af576192d4376d176e7940d4a758b55,6,2,2.8437499999999996,6.0,2.8437499999999996,5.0,True,False,10,0,EXTENDED_PENDING_RESOURCE_GATE,COMPLETE_BASE_INSTANCE
C,4,6,comb,8,0.75,6,0.0001,5c0a7c66de73eb11a30c9fd430370c90955f8833ca6e46a876b596aa22c69ca8,3dbf836b20c10f7fe775369bd4d9bfbf3af576192d4376d176e7940d4a758b55,6,2,5.999999837500001,6.0,0.0014999999550000002,5.0,True,False,10,0,EXTENDED_PENDING_RESOURCE_GATE,COMPLETE_BASE_INSTANCE
C,4,6,comb,8,0.75,6,0.01,ed4a6cfa4c4ef43449956884e2fa7a686699316658e15f4776d6ae4bc5466e5b,3dbf836b20c10f7fe775369bd4d9bfbf3af576192d4376d176e7940d4a758b55,6,2,5.998375148279659,6.0,0.14995500309999998,5.0,True,False,10,0,EXTENDED_PENDING_RESOURCE_GATE,COMPLETE_BASE_INSTANCE
C,4,6,comb,8,0.75,6,0.1,42822f8d79a0aa99c5dfb5bcd2feeaf80bd82004a4b2fa9413e8e2d07cabeb0e,3dbf836b20c10f7fe775369bd4d9bfbf3af576192d4376d176e7940d4a758b55,6,2,5.838981230805593,6.0,1.4553099999999999,5.0,True,False,10,0,EXTENDED_PENDING_RESOURCE_GATE,COMPLETE_BASE_INSTANCE
C,4,6,comb,8,0.75,6,0.5,c51fc88fb2821b933fbfd6e7facd59abaff71e7390b7f0c9d70d7a0b536322fe,3dbf836b20c10f7fe775369bd4d9bfbf3af576192d4376d176e7940d4a758b55,6,2,2.8437499999999996,6.0,2.8437499999999996,5.0,True,False,10,0,EXTENDED_PENDING_RESOURCE_GATE,COMPLETE_BASE_INSTANCE
C,4,6,comb,16,0.125,2,0.0001,25d12a2c64ec46621501735447ba5908785288d6d29add84236a8dfd1ff975e2,3dbf836b20c10f7fe775369bd4d9bfbf3af576192d4376d176e7940d4a758b55,6,2,5.999999837500001,6.0,0.0014999999550000002,5.0,True,False,10,0,EXTENDED_PENDING_RESOURCE_GATE,COMPLETE_BASE_INSTANCE
C,4,6,comb,16,0.125,2,0.01,be14ec0b56664543c0861a27c97b0a778e96355f90f2eb90ea38aa78ac06058f,3dbf836b20c10f7fe775369bd4d9bfbf3af576192d4376d176e7940d4a758b55,6,2,5.998375148279659,6.0,0.14995500309999998,5.0,True,False,10,0,EXTENDED_PENDING_RESOURCE_GATE,COMPLETE_BASE_INSTANCE
C,4,6,comb,16,0.125,2,0.1,8d346ad375122f339f77c657ad0e7cdf043776bbb1741aa853a8e92785193a61,3dbf836b20c10f7fe775369bd4d9bfbf3af576192d4376d176e7940d4a758b55,6,2,5.838981230805593,6.0,1.4553099999999999,5.0,True,False,10,0,EXTENDED_PENDING_RESOURCE_GATE,COMPLETE_BASE_INSTANCE
C,4,6,comb,16,0.125,2,0.5,114eaa04a4bac7479d6286b0e8888f0fef45991bdcc7125af615e3d46026927b,3dbf836b20c10f7fe775369bd4d9bfbf3af576192d4376d176e7940d4a758b55,6,2,2.8437499999999996,6.0,2.8437499999999996,5.0,True,False,10,0,EXTENDED_PENDING_RESOURCE_GATE,COMPLETE_BASE_INSTANCE
C,4,6,comb,16,0.25,4,0.0001,7552585b3ac1d72ff9c3e4e26d6578aaf75f67c9ffbbb9fc3871f997ac80d133,3dbf836b20c10f7fe775369bd4d9bfbf3af576192d4376d176e7940d4a758b55,6,2,5.999999837500001,6.0,0.0014999999550000002,5.0,True,False,10,0,EXTENDED_PENDING_RESOURCE_GATE,COMPLETE_BASE_INSTANCE
C,4,6,comb,16,0.25,4,0.01,2641e55c2b62244f982d92c54f1c64e58be87d25b4af576478ab07532cc2dcf2,3dbf836b20c10f7fe775369bd4d9bfbf3af576192d4376d176e7940d4a758b55,6,2,5.998375148279659,6.0,0.14995500309999998,5.0,True,False,10,0,EXTENDED_PENDING_RESOURCE_GATE,COMPLETE_BASE_INSTANCE
C,4,6,comb,16,0.25,4,0.1,fa39b4f7f381b69b5425ea772ac3ea2aeef227df4bc3badc1f3666cbda41488b,3dbf836b20c10f7fe775369bd4d9bfbf3af576192d4376d176e7940d4a758b55,6,2,5.838981230805593,6.0,1.4553099999999999,5.0,True,False,10,0,EXTENDED_PENDING_RESOURCE_GATE,COMPLETE_BASE_INSTANCE
C,4,6,comb,16,0.25,4,0.5,028850cac2530db49c564ba43ab9e99feda57ed29925d7e43b5541e5d243afbb,3dbf836b20c10f7fe775369bd4d9bfbf3af576192d4376d176e7940d4a758b55,6,2,2.8437499999999996,6.0,2.8437499999999996,5.0,True,False,10,0,EXTENDED_PENDING_RESOURCE_GATE,COMPLETE_BASE_INSTANCE
C,4,6,comb,16,0.5,8,0.0001,54c97c56bf29ad9c91066a3abe92e601222e8d011cbb730cbe8906cd8e38e9e3,3dbf836b20c10f7fe775369bd4d9bfbf3af576192d4376d176e7940d4a758b55,6,2,5.999999837500001,6.0,0.0014999999550000002,5.0,True,False,10,0,EXTENDED_PENDING_RESOURCE_GATE,COMPLETE_BASE_INSTANCE
C,4,6,comb,16,0.5,8,0.01,541b03be7cc9e4eb87b7f395b5dae711a8e2400ceb13c28581f6f9a7a791768d,3dbf836b20c10f7fe775369bd4d9bfbf3af576192d4376d176e7940d4a758b55,6,2,5.998375148279659,6.0,0.14995500309999998,5.0,True,False,10,0,EXTENDED_PENDING_RESOURCE_GATE,COMPLETE_BASE_INSTANCE
C,4,6,comb,16,0.5,8,0.1,bc3e5b7c2a9853fb4f71b66a265ded0d0a10645da36ec3057fff6798ff1c5183,3dbf836b20c10f7fe775369bd4d9bfbf3af576192d4376d176e7940d4a758b55,6,2,5.838981230805593,6.0,1.4553099999999999,5.0,True,False,10,0,EXTENDED_PENDING_RESOURCE_GATE,COMPLETE_BASE_INSTANCE
C,4,6,comb,16,0.5,8,0.5,bf3f1af61cc6a03d9cf92db1c9e23da8a37650051e1cad5737669f0a34dbf940,3dbf836b20c10f7fe775369bd4d9bfbf3af576192d4376d176e7940d4a758b55,6,2,2.8437499999999996,6.0,2.8437499999999996,5.0,True,False,10,0,EXTENDED_PENDING_RESOURCE_GATE,COMPLETE_BASE_INSTANCE
C,4,6,comb,16,0.75,12,0.0001,e185b3f66b7565735c32fab01f7dc5425f3203f78bab8b35bb369e52d762e7cc,3dbf836b20c10f7fe775369bd4d9bfbf3af576192d4376d176e7940d4a758b55,6,2,5.999999837500001,6.0,0.0014999999550000002,5.0,True,False,10,0,EXTENDED_PENDING_RESOURCE_GATE,COMPLETE_BASE_INSTANCE
C,4,6,comb,16,0.75,12,0.01,4d4d9277c45f7496ca37e4c618119e23a075c445ef70c708f32728cf8081107a,3dbf836b20c10f7fe775369bd4d9bfbf3af576192d4376d176e7940d4a758b55,6,2,5.998375148279659,6.0,0.14995500309999998,5.0,True,False,10,0,EXTENDED_PENDING_RESOURCE_GATE,COMPLETE_BASE_INSTANCE
C,4,6,comb,16,0.75,12,0.1,c71e9397637f3a8fc9bbb1f7ddcce223e0df130a89423175f48fd2d293a77d1d,3dbf836b20c10f7fe775369bd4d9bfbf3af576192d4376d176e7940d4a758b55,6,2,5.838981230805593,6.0,1.4553099999999999,5.0,True,False,10,0,EXTENDED_PENDING_RESOURCE_GATE,COMPLETE_BASE_INSTANCE
C,4,6,comb,16,0.75,12,0.5,0e1a355194826ab2ee1657144b427adbda38e23f368331ed26cb671cb10804ee,3dbf836b20c10f7fe775369bd4d9bfbf3af576192d4376d176e7940d4a758b55,6,2,2.8437499999999996,6.0,2.8437499999999996,5.0,True,False,10,0,EXTENDED_PENDING_RESOURCE_GATE,COMPLETE_BASE_INSTANCE
C,4,6,comb,32,0.125,4,0.0001,d74c1893b5985154ad0197d9843b8d0208225b51ddb54f7229b569167052fa0d,3dbf836b20c10f7fe775369bd4d9bfbf3af576192d4376d176e7940d4a758b55,6,2,5.999999837500001,6.0,0.0014999999550000002,5.0,True,False,10,0,EXTENDED_PENDING_RESOURCE_GATE,COMPLETE_BASE_INSTANCE
C,4,6,comb,32,0.125,4,0.01,4648930ae53fcee86c43acb28fe61374cc0d9b52dabf558dbb8f4a6ccb296104,3dbf836b20c10f7fe775369bd4d9bfbf3af576192d4376d176e7940d4a758b55,6,2,5.998375148279659,6.0,0.14995500309999998,5.0,True,False,10,0,EXTENDED_PENDING_RESOURCE_GATE,COMPLETE_BASE_INSTANCE
C,4,6,comb,32,0.125,4,0.1,814cc8eecc3b53bb48a447cf88367fe7eafa54d5e3fbdd1051150f29503cc2f0,3dbf836b20c10f7fe775369bd4d9bfbf3af576192d4376d176e7940d4a758b55,6,2,5.838981230805593,6.0,1.4553099999999999,5.0,True,False,10,0,EXTENDED_PENDING_RESOURCE_GATE,COMPLETE_BASE_INSTANCE
C,4,6,comb,32,0.125,4,0.5,2b7a75e7ea2bac2cf56afe98bd5d321037724d8d26dcb335e08f96db17e6cce9,3dbf836b20c10f7fe775369bd4d9bfbf3af576192d4376d176e7940d4a758b55,6,2,2.8437499999999996,6.0,2.8437499999999996,5.0,True,False,10,0,EXTENDED_PENDING_RESOURCE_GATE,COMPLETE_BASE_INSTANCE
C,4,6,comb,32,0.25,8,0.0001,56ec225a9e55beb42a60631625b80593c8ea99a1f7711b4888e06aafdabdbf2a,3dbf836b20c10f7fe775369bd4d9bfbf3af576192d4376d176e7940d4a758b55,6,2,5.999999837500001,6.0,0.0014999999550000002,5.0,True,False,10,0,EXTENDED_PENDING_RESOURCE_GATE,COMPLETE_BASE_INSTANCE
C,4,6,comb,32,0.25,8,0.01,ee1b50d533b514da2a93018d60accad2eea9b8b8f6f0d76988b3eb87748445b0,3dbf836b20c10f7fe775369bd4d9bfbf3af576192d4376d176e7940d4a758b55,6,2,5.998375148279659,6.0,0.14995500309999998,5.0,True,False,10,0,EXTENDED_PENDING_RESOURCE_GATE,COMPLETE_BASE_INSTANCE
C,4,6,comb,32,0.25,8,0.1,6b4c1159156d6f21427fe30f49550c761b2fdb185ca0668e9ea028d83734d800,3dbf836b20c10f7fe775369bd4d9bfbf3af576192d4376d176e7940d4a758b55,6,2,5.838981230805593,6.0,1.4553099999999999,5.0,True,False,10,0,EXTENDED_PENDING_RESOURCE_GATE,COMPLETE_BASE_INSTANCE
C,4,6,comb,32,0.25,8,0.5,ef95670c256c5ada26aea115af66f476a31dd8b52cb35264b21e07e78c11f3f7,3dbf836b20c10f7fe775369bd4d9bfbf3af576192d4376d176e7940d4a758b55,6,2,2.8437499999999996,6.0,2.8437499999999996,5.0,True,False,10,0,EXTENDED_PENDING_RESOURCE_GATE,COMPLETE_BASE_INSTANCE
C,4,6,comb,32,0.5,16,0.0001,d5d79afd3c4e6edd152de2dbbfac5f795a835a2a6ac22b55619409bc3d5a9749,3dbf836b20c10f7fe775369bd4d9bfbf3af576192d4376d176e7940d4a758b55,6,2,5.999999837500001,6.0,0.0014999999550000002,5.0,True,False,10,0,EXTENDED_PENDING_RESOURCE_GATE,COMPLETE_BASE_INSTANCE
C,4,6,comb,32,0.5,16,0.01,a64201b090c202234afc399e5e2ed0c276823c0e26b73fcf3f748a0845edc07f,3dbf836b20c10f7fe775369bd4d9bfbf3af576192d4376d176e7940d4a758b55,6,2,5.998375148279659,6.0,0.14995500309999998,5.0,True,False,10,0,EXTENDED_PENDING_RESOURCE_GATE,COMPLETE_BASE_INSTANCE
C,4,6,comb,32,0.5,16,0.1,e24835a76cdcb1a9b4f7e974199a3467386a80e1a185354b346f625470a6d130,3dbf836b20c10f7fe775369bd4d9bfbf3af576192d4376d176e7940d4a758b55,6,2,5.838981230805593,6.0,1.4553099999999999,5.0,True,False,10,0,EXTENDED_PENDING_RESOURCE_GATE,COMPLETE_BASE_INSTANCE
C,4,6,comb,32,0.5,16,0.5,ed370e7536eb1df2e2c63c37ae514e40ba721ee97b02300bf46088c2711cc01e,3dbf836b20c10f7fe775369bd4d9bfbf3af576192d4376d176e7940d4a758b55,6,2,2.8437499999999996,6.0,2.8437499999999996,5.0,True,False,10,0,EXTENDED_PENDING_RESOURCE_GATE,COMPLETE_BASE_INSTANCE
C,4,6,comb,32,0.75,24,0.0001,ae54ca5121327d8302feb849a7cc28697a48fd01c686c27b95113e16ab25266a,3dbf836b20c10f7fe775369bd4d9bfbf3af576192d4376d176e7940d4a758b55,6,2,5.999999837500001,6.0,0.0014999999550000002,5.0,True,False,10,0,EXTENDED_PENDING_RESOURCE_GATE,COMPLETE_BASE_INSTANCE
C,4,6,comb,32,0.75,24,0.01,14189dfed5c3faea0732fdad34a7f403b11ea741838f7aba2f960292ca0d07c6,3dbf836b20c10f7fe775369bd4d9bfbf3af576192d4376d176e7940d4a758b55,6,2,5.998375148279659,6.0,0.14995500309999998,5.0,True,False,10,0,EXTENDED_PENDING_RESOURCE_GATE,COMPLETE_BASE_INSTANCE
C,4,6,comb,32,0.75,24,0.1,399d0dc267d61c2876de39ab16349e9c83dca1c7b8ac3e044e7a74e1146315a7,3dbf836b20c10f7fe775369bd4d9bfbf3af576192d4376d176e7940d4a758b55,6,2,5.838981230805593,6.0,1.4553099999999999,5.0,True,False,10,0,EXTENDED_PENDING_RESOURCE_GATE,COMPLETE_BASE_INSTANCE
C,4,6,comb,32,0.75,24,0.5,bc07995e0c0645fbb605a24b43e9e2db5c59a8e5b223eb70bad505cd49220b0a,3dbf836b20c10f7fe775369bd4d9bfbf3af576192d4376d176e7940d4a758b55,6,2,2.8437499999999996,6.0,2.8437499999999996,5.0,True,False,10,0,EXTENDED_PENDING_RESOURCE_GATE,COMPLETE_BASE_INSTANCE
C,4,6,comb,64,0.125,8,0.0001,8c17135a00fedf7d34bfec72f228a887e3cf22d2f68d5edd097a3df5eb5f7911,3dbf836b20c10f7fe775369bd4d9bfbf3af576192d4376d176e7940d4a758b55,6,2,5.999999837500001,6.0,0.0014999999550000002,5.0,True,False,10,0,EXTENDED_PENDING_RESOURCE_GATE,COMPLETE_BASE_INSTANCE
C,4,6,comb,64,0.125,8,0.01,ee9df197a085bb4b488d9d7c329d479792e4c288e804d5734829ce57ef7b6f0b,3dbf836b20c10f7fe775369bd4d9bfbf3af576192d4376d176e7940d4a758b55,6,2,5.998375148279659,6.0,0.14995500309999998,5.0,True,False,10,0,EXTENDED_PENDING_RESOURCE_GATE,COMPLETE_BASE_INSTANCE
C,4,6,comb,64,0.125,8,0.1,e8f9a4778cbfdaeb009df98eddad348c11a6946abb030530b929905f4d72d8cd,3dbf836b20c10f7fe775369bd4d9bfbf3af576192d4376d176e7940d4a758b55,6,2,5.838981230805593,6.0,1.4553099999999999,5.0,True,False,10,0,EXTENDED_PENDING_RESOURCE_GATE,COMPLETE_BASE_INSTANCE
C,4,6,comb,64,0.125,8,0.5,3e506bb961116b0f6f2e639d52b0ec16f11890ad2341f1bc2855bd257a84222f,3dbf836b20c10f7fe775369bd4d9bfbf3af576192d4376d176e7940d4a758b55,6,2,2.8437499999999996,6.0,2.8437499999999996,5.0,True,False,10,0,EXTENDED_PENDING_RESOURCE_GATE,COMPLETE_BASE_INSTANCE
C,4,6,comb,64,0.25,16,0.0001,777268bf806f52a686964d8ee3aa6441d567cac39933d6dc014355a68108b360,3dbf836b20c10f7fe775369bd4d9bfbf3af576192d4376d176e7940d4a758b55,6,2,5.999999837500001,6.0,0.0014999999550000002,5.0,True,False,10,0,EXTENDED_PENDING_RESOURCE_GATE,COMPLETE_BASE_INSTANCE
C,4,6,comb,64,0.25,16,0.01,15eecfb8ad43f674218fd071f3a8e9b8f9cd557da33728a5d0d50bf24237017f,3dbf836b20c10f7fe775369bd4d9bfbf3af576192d4376d176e7940d4a758b55,6,2,5.998375148279659,6.0,0.14995500309999998,5.0,True,False,10,0,EXTENDED_PENDING_RESOURCE_GATE,COMPLETE_BASE_INSTANCE
C,4,6,comb,64,0.25,16,0.1,3f45276919f71aa2339c4db4ef074fe4fc3f2aa36aa7042c124bf10f87ceb884,3dbf836b20c10f7fe775369bd4d9bfbf3af576192d4376d176e7940d4a758b55,6,2,5.838981230805593,6.0,1.4553099999999999,5.0,True,False,10,0,EXTENDED_PENDING_RESOURCE_GATE,COMPLETE_BASE_INSTANCE
C,4,6,comb,64,0.25,16,0.5,56911e71c76aa8756fd8fa71271bb68bc5638bea65644df3d81e061d3341725f,3dbf836b20c10f7fe775369bd4d9bfbf3af576192d4376d176e7940d4a758b55,6,2,2.8437499999999996,6.0,2.8437499999999996,5.0,True,False,10,0,EXTENDED_PENDING_RESOURCE_GATE,COMPLETE_BASE_INSTANCE
C,4,6,comb,64,0.5,32,0.0001,60013a67bc873aea55aabf42db2d56a2156eb3644669c768d2e65b9754de79ca,3dbf836b20c10f7fe775369bd4d9bfbf3af576192d4376d176e7940d4a758b55,6,2,5.999999837500001,6.0,0.0014999999550000002,5.0,True,False,10,0,EXTENDED_PENDING_RESOURCE_GATE,COMPLETE_BASE_INSTANCE
C,4,6,comb,64,0.5,32,0.01,384d53eb0d44510cc5b4cb80184f2fa3235d7da45f496dd942fcc1260fc4fb12,3dbf836b20c10f7fe775369bd4d9bfbf3af576192d4376d176e7940d4a758b55,6,2,5.998375148279659,6.0,0.14995500309999998,5.0,True,False,10,0,EXTENDED_PENDING_RESOURCE_GATE,COMPLETE_BASE_INSTANCE
C,4,6,comb,64,0.5,32,0.1,33b1e8d43fe277c85594c6908252464cb87106d85bdbf3d77b887fa6d3ae9383,3dbf836b20c10f7fe775369bd4d9bfbf3af576192d4376d176e7940d4a758b55,6,2,5.838981230805593,6.0,1.4553099999999999,5.0,True,False,10,0,EXTENDED_PENDING_RESOURCE_GATE,COMPLETE_BASE_INSTANCE
C,4,6,comb,64,0.5,32,0.5,de6eb418d08dc5e0eca7ba22fb9ba6c1b3430dff2493bfd3143e3e364abb222f,3dbf836b20c10f7fe775369bd4d9bfbf3af576192d4376d176e7940d4a758b55,6,2,2.8437499999999996,6.0,2.8437499999999996,5.0,True,False,10,0,EXTENDED_PENDING_RESOURCE_GATE,COMPLETE_BASE_INSTANCE
C,4,6,comb,64,0.75,48,0.0001,8c31b40aa9274d566638a20a7aa04aafa665c53be6c77ca2ce414bbbd22f7a96,3dbf836b20c10f7fe775369bd4d9bfbf3af576192d4376d176e7940d4a758b55,6,2,5.999999837500001,6.0,0.0014999999550000002,5.0,True,False,10,0,EXTENDED_PENDING_RESOURCE_GATE,COMPLETE_BASE_INSTANCE
C,4,6,comb,64,0.75,48,0.01,b4e39513bdc5bb833695591cc37a75dbdabc60d9dee65c5dd2e6e03a6d24a67b,3dbf836b20c10f7fe775369bd4d9bfbf3af576192d4376d176e7940d4a758b55,6,2,5.998375148279659,6.0,0.14995500309999998,5.0,True,False,10,0,EXTENDED_PENDING_RESOURCE_GATE,COMPLETE_BASE_INSTANCE
C,4,6,comb,64,0.75,48,0.1,d146b19880d73c30ca39cf2d3ae5f746ff9c14cd6886f42771d7a24fc23b8f8a,3dbf836b20c10f7fe775369bd4d9bfbf3af576192d4376d176e7940d4a758b55,6,2,5.838981230805593,6.0,1.4553099999999999,5.0,True,False,10,0,EXTENDED_PENDING_RESOURCE_GATE,COMPLETE_BASE_INSTANCE
C,4,6,comb,64,0.75,48,0.5,6b72e63700ac7def6a4950bd738ab7d4cf80545620134433ea87eedcf1f02f6b,3dbf836b20c10f7fe775369bd4d9bfbf3af576192d4376d176e7940d4a758b55,6,2,2.8437499999999996,6.0,2.8437499999999996,5.0,True,False,10,0,EXTENDED_PENDING_RESOURCE_GATE,COMPLETE_BASE_INSTANCE
C,4,6,balanced,2,0.125,1,0.0001,08f96f29fb3c465d0fad8f25f48e1f0ce62f10a0b1da36f9378323585ccce0c9,8989993040cf97a2cb38e010d616b8507c5c1eaa027942ebc2b2c3d4515878db,3,3,2.9999999300000004,6.0,0.000299999994,5.0,True,False,10,0,EXTENDED_PENDING_RESOURCE_GATE,COMPLETE_BASE_INSTANCE
C,4,6,balanced,2,0.125,1,0.01,8a84eb22afb1d35d95bfe7dc36394d260bcf0c9c569ab048ea50ba958d071723,8989993040cf97a2cb38e010d616b8507c5c1eaa027942ebc2b2c3d4515878db,3,3,2.9993000499991664,6.0,0.029994000299999997,5.0,True,False,10,0,EXTENDED_PENDING_RESOURCE_GATE,COMPLETE_BASE_INSTANCE
C,4,6,balanced,2,0.125,1,0.1,4ea4a5b677b3f3193ca6d050c615046427dab487485aca57e62613cec69757b7,8989993040cf97a2cb38e010d616b8507c5c1eaa027942ebc2b2c3d4515878db,3,3,2.9304991655518347,6.0,0.29402999999999996,5.0,True,False,10,0,EXTENDED_PENDING_RESOURCE_GATE,COMPLETE_BASE_INSTANCE
C,4,6,balanced,2,0.125,1,0.5,780fdb050ed6d6b9f8f1640d4eeddf733e21cb6eb7d8c5db07c4e8e82a21f332,8989993040cf97a2cb38e010d616b8507c5c1eaa027942ebc2b2c3d4515878db,3,3,1.5490042164242162,6.0,0.8437499999999999,5.0,True,False,10,0,EXTENDED_PENDING_RESOURCE_GATE,COMPLETE_BASE_INSTANCE
C,4,6,balanced,2,0.25,1,0.0001,d4b9c85d1de88325ff2cb275a27530d780b6c63c3be43dc3eea5c30f6421a7be,8989993040cf97a2cb38e010d616b8507c5c1eaa027942ebc2b2c3d4515878db,3,3,2.9999999300000004,6.0,0.000299999994,5.0,True,False,10,0,EXTENDED_PENDING_RESOURCE_GATE,COMPLETE_BASE_INSTANCE
C,4,6,balanced,2,0.25,1,0.01,bb96404f21410e1722531ffb6d0bf3af8e83a89c1b9353174792284c5bd6ef06,8989993040cf97a2cb38e010d616b8507c5c1eaa027942ebc2b2c3d4515878db,3,3,2.9993000499991664,6.0,0.029994000299999997,5.0,True,False,10,0,EXTENDED_PENDING_RESOURCE_GATE,COMPLETE_BASE_INSTANCE
C,4,6,balanced,2,0.25,1,0.1,860d37330093d1520d4eb34208988ccfdd6bbb4722c978e545660ba997c9559e,8989993040cf97a2cb38e010d616b8507c5c1eaa027942ebc2b2c3d4515878db,3,3,2.9304991655518347,6.0,0.29402999999999996,5.0,True,False,10,0,EXTENDED_PENDING_RESOURCE_GATE,COMPLETE_BASE_INSTANCE
C,4,6,balanced,2,0.25,1,0.5,18ea818971757e9a6e972fbee70a62a76d302c4ed450a0d837477626aa5f7a15,8989993040cf97a2cb38e010d616b8507c5c1eaa027942ebc2b2c3d4515878db,3,3,1.5490042164242162,6.0,0.8437499999999999,5.0,True,False,10,0,EXTENDED_PENDING_RESOURCE_GATE,COMPLETE_BASE_INSTANCE
C,4,6,balanced,2,0.5,1,0.0001,a2b6504a8767e4263a8fa2d2cdc28353b2d08ad54cf0cac9726ddc4cea90ac2a,8989993040cf97a2cb38e010d616b8507c5c1eaa027942ebc2b2c3d4515878db,3,3,2.9999999300000004,6.0,0.000299999994,5.0,True,False,10,0,EXTENDED_PENDING_RESOURCE_GATE,COMPLETE_BASE_INSTANCE
C,4,6,balanced,2,0.5,1,0.01,b4610d09ecc9f67b73cad886ac46978eb8890d0e623287d109321b84def86201,8989993040cf97a2cb38e010d616b8507c5c1eaa027942ebc2b2c3d4515878db,3,3,2.9993000499991664,6.0,0.029994000299999997,5.0,True,False,10,0,EXTENDED_PENDING_RESOURCE_GATE,COMPLETE_BASE_INSTANCE
C,4,6,balanced,2,0.5,1,0.1,0344de86f77c2f9be9a18f139581beb2dd8d52632ffce7bc0ff937329aa1d2b7,8989993040cf97a2cb38e010d616b8507c5c1eaa027942ebc2b2c3d4515878db,3,3,2.9304991655518347,6.0,0.29402999999999996,5.0,True,False,10,0,EXTENDED_PENDING_RESOURCE_GATE,COMPLETE_BASE_INSTANCE
C,4,6,balanced,2,0.5,1,0.5,1d23f9728a6e57b9786846a2cc5155c2dfede8c71a95dfccb115b0f2ee4a2d72,8989993040cf97a2cb38e010d616b8507c5c1eaa027942ebc2b2c3d4515878db,3,3,1.5490042164242162,6.0,0.8437499999999999,5.0,True,False,10,0,EXTENDED_PENDING_RESOURCE_GATE,COMPLETE_BASE_INSTANCE
C,4,6,balanced,2,0.75,1,0.0001,e04df4bdafe2c3d948bcfabcc0e7b088a1926b94e78e11b682d2c1e820d4da44,8989993040cf97a2cb38e010d616b8507c5c1eaa027942ebc2b2c3d4515878db,3,3,2.9999999300000004,6.0,0.000299999994,5.0,True,False,10,0,EXTENDED_PENDING_RESOURCE_GATE,COMPLETE_BASE_INSTANCE
C,4,6,balanced,2,0.75,1,0.01,b04bc5203da5af8d12001300c28d4c411d521fd78aa1c5003b809e968d166def,8989993040cf97a2cb38e010d616b8507c5c1eaa027942ebc2b2c3d4515878db,3,3,2.9993000499991664,6.0,0.029994000299999997,5.0,True,False,10,0,EXTENDED_PENDING_RESOURCE_GATE,COMPLETE_BASE_INSTANCE
C,4,6,balanced,2,0.75,1,0.1,ae91668432071e2904a566c45b0d9c1eb09d6360b1743d4fe20d862894f45b20,8989993040cf97a2cb38e010d616b8507c5c1eaa027942ebc2b2c3d4515878db,3,3,2.9304991655518347,6.0,0.29402999999999996,5.0,True,False,10,0,EXTENDED_PENDING_RESOURCE_GATE,COMPLETE_BASE_INSTANCE
C,4,6,balanced,2,0.75,1,0.5,037a4a0c0340e07cd9dc686fd2249c25623cd90ed0fba1e48fa8fc7ebaee2fb1,8989993040cf97a2cb38e010d616b8507c5c1eaa027942ebc2b2c3d4515878db,3,3,1.5490042164242162,6.0,0.8437499999999999,5.0,True,False,10,0,EXTENDED_PENDING_RESOURCE_GATE,COMPLETE_BASE_INSTANCE
C,4,6,balanced,4,0.125,1,0.0001,97f7fdf640c3b40b49e28fe38a0cec2a3f2cb7a40f92766922177082bed68aef,8989993040cf97a2cb38e010d616b8507c5c1eaa027942ebc2b2c3d4515878db,3,3,2.9999999300000004,6.0,0.000299999994,5.0,True,False,10,0,EXTENDED_PENDING_RESOURCE_GATE,COMPLETE_BASE_INSTANCE
C,4,6,balanced,4,0.125,1,0.01,b0b9f0e6b167acf796be48c3a0a7da539174ec62acb8e9a1a940c663bc38000e,8989993040cf97a2cb38e010d616b8507c5c1eaa027942ebc2b2c3d4515878db,3,3,2.9993000499991664,6.0,0.029994000299999997,5.0,True,False,10,0,EXTENDED_PENDING_RESOURCE_GATE,COMPLETE_BASE_INSTANCE
C,4,6,balanced,4,0.125,1,0.1,ad0822cf536a2d1f15215a1af1fda1d49ff3f229ee99e2a87e475b572a0750bb,8989993040cf97a2cb38e010d616b8507c5c1eaa027942ebc2b2c3d4515878db,3,3,2.9304991655518347,6.0,0.29402999999999996,5.0,True,False,10,0,EXTENDED_PENDING_RESOURCE_GATE,COMPLETE_BASE_INSTANCE
C,4,6,balanced,4,0.125,1,0.5,83c5e92bfabd2016146c8845ebbc155e3bc6d0a2020b5b82c23e954fe7a2586a,8989993040cf97a2cb38e010d616b8507c5c1eaa027942ebc2b2c3d4515878db,3,3,1.5490042164242162,6.0,0.8437499999999999,5.0,True,False,10,0,EXTENDED_PENDING_RESOURCE_GATE,COMPLETE_BASE_INSTANCE
C,4,6,balanced,4,0.25,1,0.0001,9e55b469066e4b00c24b859369b68b6a267516c857d5528b97cc3373e3e706b4,8989993040cf97a2cb38e010d616b8507c5c1eaa027942ebc2b2c3d4515878db,3,3,2.9999999300000004,6.0,0.000299999994,5.0,True,False,10,0,EXTENDED_PENDING_RESOURCE_GATE,COMPLETE_BASE_INSTANCE
C,4,6,balanced,4,0.25,1,0.01,b3b5b1887850d8baa65f020fb1aa86105fd4b696414059cd83066ad4dacbd912,8989993040cf97a2cb38e010d616b8507c5c1eaa027942ebc2b2c3d4515878db,3,3,2.9993000499991664,6.0,0.029994000299999997,5.0,True,False,10,0,EXTENDED_PENDING_RESOURCE_GATE,COMPLETE_BASE_INSTANCE
C,4,6,balanced,4,0.25,1,0.1,91c81ca264b6bcb5ddb678cea55cac6ba8ad690b43906399785f0ec8ea3759c2,8989993040cf97a2cb38e010d616b8507c5c1eaa027942ebc2b2c3d4515878db,3,3,2.9304991655518347,6.0,0.29402999999999996,5.0,True,False,10,0,EXTENDED_PENDING_RESOURCE_GATE,COMPLETE_BASE_INSTANCE
C,4,6,balanced,4,0.25,1,0.5,b9f00cc9300a602989f6b94226c6303e71b3f3c66b9ba3884c95bd95c3bfa9ef,8989993040cf97a2cb38e010d616b8507c5c1eaa027942ebc2b2c3d4515878db,3,3,1.5490042164242162,6.0,0.8437499999999999,5.0,True,False,10,0,EXTENDED_PENDING_RESOURCE_GATE,COMPLETE_BASE_INSTANCE
C,4,6,balanced,4,0.5,2,0.0001,3b00b5b8aa519a5b1b925238d43ed50cb4631af4565a5b82ab55fa3b4c6c5f23,8989993040cf97a2cb38e010d616b8507c5c1eaa027942ebc2b2c3d4515878db,3,3,2.9999999300000004,6.0,0.000299999994,5.0,True,False,10,0,EXTENDED_PENDING_RESOURCE_GATE,COMPLETE_BASE_INSTANCE
C,4,6,balanced,4,0.5,2,0.01,5441686a2ffddfc022ae564114866501ebe0162f4badaac2023112ced49213e9,8989993040cf97a2cb38e010d616b8507c5c1eaa027942ebc2b2c3d4515878db,3,3,2.9993000499991664,6.0,0.029994000299999997,5.0,True,False,10,0,EXTENDED_PENDING_RESOURCE_GATE,COMPLETE_BASE_INSTANCE
C,4,6,balanced,4,0.5,2,0.1,74282a8404086846f045b752455f6c41d6ad800455f2ee16049e1529efc0267b,8989993040cf97a2cb38e010d616b8507c5c1eaa027942ebc2b2c3d4515878db,3,3,2.9304991655518347,6.0,0.29402999999999996,5.0,True,False,10,0,EXTENDED_PENDING_RESOURCE_GATE,COMPLETE_BASE_INSTANCE
C,4,6,balanced,4,0.5,2,0.5,d13e8b4408b0f395abbbde467e34db466cb8d90d4a79f7740ba9d3b9bdad2eca,8989993040cf97a2cb38e010d616b8507c5c1eaa027942ebc2b2c3d4515878db,3,3,1.5490042164242162,6.0,0.8437499999999999,5.0,True,False,10,0,EXTENDED_PENDING_RESOURCE_GATE,COMPLETE_BASE_INSTANCE
C,4,6,balanced,4,0.75,3,0.0001,e3420fb8b363021956b1d37e8e94afe5fbd9151b97ef95c8ea1c3b28d3ad479c,8989993040cf97a2cb38e010d616b8507c5c1eaa027942ebc2b2c3d4515878db,3,3,2.9999999300000004,6.0,0.000299999994,5.0,True,False,10,0,EXTENDED_PENDING_RESOURCE_GATE,COMPLETE_BASE_INSTANCE
C,4,6,balanced,4,0.75,3,0.01,e4d60b3eeaf0f284b9b5ba469707a67a7da70f71f8e55ec7981a8e1c0755dee9,8989993040cf97a2cb38e010d616b8507c5c1eaa027942ebc2b2c3d4515878db,3,3,2.9993000499991664,6.0,0.029994000299999997,5.0,True,False,10,0,EXTENDED_PENDING_RESOURCE_GATE,COMPLETE_BASE_INSTANCE
C,4,6,balanced,4,0.75,3,0.1,4416dd5b1464eaa3faff98bc3c5b593a9e09fe94a13fccffe0abba2cfa89d488,8989993040cf97a2cb38e010d616b8507c5c1eaa027942ebc2b2c3d4515878db,3,3,2.9304991655518347,6.0,0.29402999999999996,5.0,True,False,10,0,EXTENDED_PENDING_RESOURCE_GATE,COMPLETE_BASE_INSTANCE
C,4,6,balanced,4,0.75,3,0.5,367d1272bf61badebc656700ff105275044719386a55ff87422117af4bfd3d08,8989993040cf97a2cb38e010d616b8507c5c1eaa027942ebc2b2c3d4515878db,3,3,1.5490042164242162,6.0,0.8437499999999999,5.0,True,False,10,0,EXTENDED_PENDING_RESOURCE_GATE,COMPLETE_BASE_INSTANCE
C,4,6,balanced,8,0.125,1,0.0001,0c12231d00f314cee89c528da5135a00733585d55d351f709ea7df96482d033d,8989993040cf97a2cb38e010d616b8507c5c1eaa027942ebc2b2c3d4515878db,3,3,2.9999999300000004,6.0,0.000299999994,5.0,True,False,10,0,EXTENDED_PENDING_RESOURCE_GATE,COMPLETE_BASE_INSTANCE
C,4,6,balanced,8,0.125,1,0.01,3d3b1967e3b9f1c5c8ca9395fa725cb42898d158c0d85c29d267a2ff66283d20,8989993040cf97a2cb38e010d616b8507c5c1eaa027942ebc2b2c3d4515878db,3,3,2.9993000499991664,6.0,0.029994000299999997,5.0,True,False,10,0,EXTENDED_PENDING_RESOURCE_GATE,COMPLETE_BASE_INSTANCE
C,4,6,balanced,8,0.125,1,0.1,76a2ddb22ca48a3e5cf9f62cf1fa063c7f2e7a4019d092eb5a23f3a0f058507c,8989993040cf97a2cb38e010d616b8507c5c1eaa027942ebc2b2c3d4515878db,3,3,2.9304991655518347,6.0,0.29402999999999996,5.0,True,False,10,0,EXTENDED_PENDING_RESOURCE_GATE,COMPLETE_BASE_INSTANCE
C,4,6,balanced,8,0.125,1,0.5,2172a00e1bd883ca341034289157911a2aa8dac70bd5f2985950fbcdbfa19081,8989993040cf97a2cb38e010d616b8507c5c1eaa027942ebc2b2c3d4515878db,3,3,1.5490042164242162,6.0,0.8437499999999999,5.0,True,False,10,0,EXTENDED_PENDING_RESOURCE_GATE,COMPLETE_BASE_INSTANCE
C,4,6,balanced,8,0.25,2,0.0001,25e1e461f7d8c9b27499a2ad1fa230072a591c37be4f6cfb06181cacecd5dcd1,8989993040cf97a2cb38e010d616b8507c5c1eaa027942ebc2b2c3d4515878db,3,3,2.9999999300000004,6.0,0.000299999994,5.0,True,False,10,0,EXTENDED_PENDING_RESOURCE_GATE,COMPLETE_BASE_INSTANCE
C,4,6,balanced,8,0.25,2,0.01,70b4f23ad6f20335f44451e2d9f04b691a3632b7c1a6e2bff1810e03e39f3895,8989993040cf97a2cb38e010d616b8507c5c1eaa027942ebc2b2c3d4515878db,3,3,2.9993000499991664,6.0,0.029994000299999997,5.0,True,False,10,0,EXTENDED_PENDING_RESOURCE_GATE,COMPLETE_BASE_INSTANCE
C,4,6,balanced,8,0.25,2,0.1,c775e6e806be5f4fee19077005b745683a31631b818706e8d649458281633419,8989993040cf97a2cb38e010d616b8507c5c1eaa027942ebc2b2c3d4515878db,3,3,2.9304991655518347,6.0,0.29402999999999996,5.0,True,False,10,0,EXTENDED_PENDING_RESOURCE_GATE,COMPLETE_BASE_INSTANCE
C,4,6,balanced,8,0.25,2,0.5,81a621db356e1a61bd6af9790bfcb54335fe791b8cd4d9836022c1a11a4d8ad5,8989993040cf97a2cb38e010d616b8507c5c1eaa027942ebc2b2c3d4515878db,3,3,1.5490042164242162,6.0,0.8437499999999999,5.0,True,False,10,0,EXTENDED_PENDING_RESOURCE_GATE,COMPLETE_BASE_INSTANCE
C,4,6,balanced,8,0.5,4,0.0001,5f7fc3e039e592333bd37523c912866dcb4bc010d6e7a3d31d1bb799a7b577df,8989993040cf97a2cb38e010d616b8507c5c1eaa027942ebc2b2c3d4515878db,3,3,2.9999999300000004,6.0,0.000299999994,5.0,True,False,10,0,EXTENDED_PENDING_RESOURCE_GATE,COMPLETE_BASE_INSTANCE
C,4,6,balanced,8,0.5,4,0.01,cd09b0a6ea3481221ab9086008559ba7ac83e2c19591cade1b8da4dc8aa72c04,8989993040cf97a2cb38e010d616b8507c5c1eaa027942ebc2b2c3d4515878db,3,3,2.9993000499991664,6.0,0.029994000299999997,5.0,True,False,10,0,EXTENDED_PENDING_RESOURCE_GATE,COMPLETE_BASE_INSTANCE
C,4,6,balanced,8,0.5,4,0.1,3e048d17a9518ea4c1ab9697dc6860d4af01127cbef5bb32d69b7a769b39f4d2,8989993040cf97a2cb38e010d616b8507c5c1eaa027942ebc2b2c3d4515878db,3,3,2.9304991655518347,6.0,0.29402999999999996,5.0,True,False,10,0,EXTENDED_PENDING_RESOURCE_GATE,COMPLETE_BASE_INSTANCE
C,4,6,balanced,8,0.5,4,0.5,ecdceac422a1fbb6210dc4ca464f03a7d32377f63bfc93627026fececb82b486,8989993040cf97a2cb38e010d616b8507c5c1eaa027942ebc2b2c3d4515878db,3,3,1.5490042164242162,6.0,0.8437499999999999,5.0,True,False,10,0,EXTENDED_PENDING_RESOURCE_GATE,COMPLETE_BASE_INSTANCE
C,4,6,balanced,8,0.75,6,0.0001,7bdfbddf59b43642b1dce3bfc2b345921c6ff58a73800d96b4268b8cfaf51089,8989993040cf97a2cb38e010d616b8507c5c1eaa027942ebc2b2c3d4515878db,3,3,2.9999999300000004,6.0,0.000299999994,5.0,True,False,10,0,EXTENDED_PENDING_RESOURCE_GATE,COMPLETE_BASE_INSTANCE
C,4,6,balanced,8,0.75,6,0.01,ab11c74af8c5f1d8ae7425527e835041cc506e06f8e1c8d4c4b22af5025493c4,8989993040cf97a2cb38e010d616b8507c5c1eaa027942ebc2b2c3d4515878db,3,3,2.9993000499991664,6.0,0.029994000299999997,5.0,True,False,10,0,EXTENDED_PENDING_RESOURCE_GATE,COMPLETE_BASE_INSTANCE
C,4,6,balanced,8,0.75,6,0.1,ef2ea1e25747a5a0193c36b0fae1a9f599c61a8ab013309c487e2d09fdcf7c35,8989993040cf97a2cb38e010d616b8507c5c1eaa027942ebc2b2c3d4515878db,3,3,2.9304991655518347,6.0,0.29402999999999996,5.0,True,False,10,0,EXTENDED_PENDING_RESOURCE_GATE,COMPLETE_BASE_INSTANCE
C,4,6,balanced,8,0.75,6,0.5,12ac1b6e41b599be61f8854819569e674b0b20c3daa69b18ea4614aafb508713,8989993040cf97a2cb38e010d616b8507c5c1eaa027942ebc2b2c3d4515878db,3,3,1.5490042164242162,6.0,0.8437499999999999,5.0,True,False,10,0,EXTENDED_PENDING_RESOURCE_GATE,COMPLETE_BASE_INSTANCE
C,4,6,balanced,16,0.125,2,0.0001,7f5b8722852d0921bb0d430dea8033c2fece8b7641c69af46c10dee8cefed7f7,8989993040cf97a2cb38e010d616b8507c5c1eaa027942ebc2b2c3d4515878db,3,3,2.9999999300000004,6.0,0.000299999994,5.0,True,False,10,0,EXTENDED_PENDING_RESOURCE_GATE,COMPLETE_BASE_INSTANCE
C,4,6,balanced,16,0.125,2,0.01,e699580d10bcb7b3ec83fc77a8fbe822ae48e01badb6577244098d7da6c69a64,8989993040cf97a2cb38e010d616b8507c5c1eaa027942ebc2b2c3d4515878db,3,3,2.9993000499991664,6.0,0.029994000299999997,5.0,True,False,10,0,EXTENDED_PENDING_RESOURCE_GATE,COMPLETE_BASE_INSTANCE
C,4,6,balanced,16,0.125,2,0.1,9442759ec511d8846808e1fb9d4f03f6ecbba1e7c4c1f7d564e3d115e473bc4d,8989993040cf97a2cb38e010d616b8507c5c1eaa027942ebc2b2c3d4515878db,3,3,2.9304991655518347,6.0,0.29402999999999996,5.0,True,False,10,0,EXTENDED_PENDING_RESOURCE_GATE,COMPLETE_BASE_INSTANCE
C,4,6,balanced,16,0.125,2,0.5,d98213561299d9160d804611f4b35a620ccddd92a277ef5a823bdecc82158800,8989993040cf97a2cb38e010d616b8507c5c1eaa027942ebc2b2c3d4515878db,3,3,1.5490042164242162,6.0,0.8437499999999999,5.0,True,False,10,0,EXTENDED_PENDING_RESOURCE_GATE,COMPLETE_BASE_INSTANCE
C,4,6,balanced,16,0.25,4,0.0001,bbc95bc59a1fe576a6d7f4f9daf35b7afdde5555ef149aa87a09deb8c957ee52,8989993040cf97a2cb38e010d616b8507c5c1eaa027942ebc2b2c3d4515878db,3,3,2.9999999300000004,6.0,0.000299999994,5.0,True,False,10,0,EXTENDED_PENDING_RESOURCE_GATE,COMPLETE_BASE_INSTANCE
C,4,6,balanced,16,0.25,4,0.01,87c66f983f3503535ce0b0161e11cb4c23c112c4aeeaf7f9feee9e5c6e1bd49f,8989993040cf97a2cb38e010d616b8507c5c1eaa027942ebc2b2c3d4515878db,3,3,2.9993000499991664,6.0,0.029994000299999997,5.0,True,False,10,0,EXTENDED_PENDING_RESOURCE_GATE,COMPLETE_BASE_INSTANCE
C,4,6,balanced,16,0.25,4,0.1,aac77473c4cd6b7091e201d831a280f74a13e04bd1aa9500f4ba1889a0587015,8989993040cf97a2cb38e010d616b8507c5c1eaa027942ebc2b2c3d4515878db,3,3,2.9304991655518347,6.0,0.29402999999999996,5.0,True,False,10,0,EXTENDED_PENDING_RESOURCE_GATE,COMPLETE_BASE_INSTANCE
C,4,6,balanced,16,0.25,4,0.5,cf101aefe5d820dc75dadb463b4ef95104e4b1bc27ba6d1410f102f6c3d014e4,8989993040cf97a2cb38e010d616b8507c5c1eaa027942ebc2b2c3d4515878db,3,3,1.5490042164242162,6.0,0.8437499999999999,5.0,True,False,10,0,EXTENDED_PENDING_RESOURCE_GATE,COMPLETE_BASE_INSTANCE
C,4,6,balanced,16,0.5,8,0.0001,8c70f7b101e41968c66ba16a2826eb2d8293a08548ea1a5a05acbb7ff1a62e03,8989993040cf97a2cb38e010d616b8507c5c1eaa027942ebc2b2c3d4515878db,3,3,2.9999999300000004,6.0,0.000299999994,5.0,True,False,10,0,EXTENDED_PENDING_RESOURCE_GATE,COMPLETE_BASE_INSTANCE
C,4,6,balanced,16,0.5,8,0.01,22fba777dd601165f322451231f57e4a78734ef27025db9a8bfdb410ffeef9ab,8989993040cf97a2cb38e010d616b8507c5c1eaa027942ebc2b2c3d4515878db,3,3,2.9993000499991664,6.0,0.029994000299999997,5.0,True,False,10,0,EXTENDED_PENDING_RESOURCE_GATE,COMPLETE_BASE_INSTANCE
C,4,6,balanced,16,0.5,8,0.1,4e0b4f2bce2972f4984117fa1e06470a571504385cea65ac7a5759db28e35192,8989993040cf97a2cb38e010d616b8507c5c1eaa027942ebc2b2c3d4515878db,3,3,2.9304991655518347,6.0,0.29402999999999996,5.0,True,False,10,0,EXTENDED_PENDING_RESOURCE_GATE,COMPLETE_BASE_INSTANCE
C,4,6,balanced,16,0.5,8,0.5,dba74a2b8b08332ee1f3c554cfa38cc90bd5f5c9f4574cb2928d67ed309ec7b2,8989993040cf97a2cb38e010d616b8507c5c1eaa027942ebc2b2c3d4515878db,3,3,1.5490042164242162,6.0,0.8437499999999999,5.0,True,False,10,0,EXTENDED_PENDING_RESOURCE_GATE,COMPLETE_BASE_INSTANCE
C,4,6,balanced,16,0.75,12,0.0001,722e1e6557b01c71867fb2f413651f7cea8f974b8426a10bbd2152311a31a054,8989993040cf97a2cb38e010d616b8507c5c1eaa027942ebc2b2c3d4515878db,3,3,2.9999999300000004,6.0,0.000299999994,5.0,True,False,10,0,EXTENDED_PENDING_RESOURCE_GATE,COMPLETE_BASE_INSTANCE
C,4,6,balanced,16,0.75,12,0.01,94cf6fe19f517efded037d14a85fc7afb1b916c3e2fd5dae8c23b37a4558f95d,8989993040cf97a2cb38e010d616b8507c5c1eaa027942ebc2b2c3d4515878db,3,3,2.9993000499991664,6.0,0.029994000299999997,5.0,True,False,10,0,EXTENDED_PENDING_RESOURCE_GATE,COMPLETE_BASE_INSTANCE
C,4,6,balanced,16,0.75,12,0.1,89e6dd6857ed1122f0708f4ae6990680fa279f8436d203ce54fee0ba143a1b4e,8989993040cf97a2cb38e010d616b8507c5c1eaa027942ebc2b2c3d4515878db,3,3,2.9304991655518347,6.0,0.29402999999999996,5.0,True,False,10,0,EXTENDED_PENDING_RESOURCE_GATE,COMPLETE_BASE_INSTANCE
C,4,6,balanced,16,0.75,12,0.5,29043d8a1ea6ef1cfe48994501790db02a78f4151d1883267ce63e5de22b4549,8989993040cf97a2cb38e010d616b8507c5c1eaa027942ebc2b2c3d4515878db,3,3,1.5490042164242162,6.0,0.8437499999999999,5.0,True,False,10,0,EXTENDED_PENDING_RESOURCE_GATE,COMPLETE_BASE_INSTANCE
C,4,6,balanced,32,0.125,4,0.0001,8e366d0a5d12d86159a044b30206f279c5a13747eadc2174f9e140e6b1006fcb,8989993040cf97a2cb38e010d616b8507c5c1eaa027942ebc2b2c3d4515878db,3,3,2.9999999300000004,6.0,0.000299999994,5.0,True,False,10,0,EXTENDED_PENDING_RESOURCE_GATE,COMPLETE_BASE_INSTANCE
C,4,6,balanced,32,0.125,4,0.01,cfeb28f3ea4fdab09c05d8922046a98142b7ab4ccc26b33dca3cc484d87e7de0,8989993040cf97a2cb38e010d616b8507c5c1eaa027942ebc2b2c3d4515878db,3,3,2.9993000499991664,6.0,0.029994000299999997,5.0,True,False,10,0,EXTENDED_PENDING_RESOURCE_GATE,COMPLETE_BASE_INSTANCE
C,4,6,balanced,32,0.125,4,0.1,919743403fefe6b9b884a722d8a09db36465e26f38965cbe37a8a1d5584a0cdc,8989993040cf97a2cb38e010d616b8507c5c1eaa027942ebc2b2c3d4515878db,3,3,2.9304991655518347,6.0,0.29402999999999996,5.0,True,False,10,0,EXTENDED_PENDING_RESOURCE_GATE,COMPLETE_BASE_INSTANCE
C,4,6,balanced,32,0.125,4,0.5,560416077a1e48b9080c7e842852df825dfdcca755813f1e8a54d8543c15b2cf,8989993040cf97a2cb38e010d616b8507c5c1eaa027942ebc2b2c3d4515878db,3,3,1.5490042164242162,6.0,0.8437499999999999,5.0,True,False,10,0,EXTENDED_PENDING_RESOURCE_GATE,COMPLETE_BASE_INSTANCE
C,4,6,balanced,32,0.25,8,0.0001,a1d4d6a9a8e3127daedea3cc641f716b34aea64f2d7ed6a5ebc4d5a0a6eec37c,8989993040cf97a2cb38e010d616b8507c5c1eaa027942ebc2b2c3d4515878db,3,3,2.9999999300000004,6.0,0.000299999994,5.0,True,False,10,0,EXTENDED_PENDING_RESOURCE_GATE,COMPLETE_BASE_INSTANCE
C,4,6,balanced,32,0.25,8,0.01,8a2ffeead38b9364cc48e4dc8b0825b9a328bf6145edfa29b6977d92fc85db76,8989993040cf97a2cb38e010d616b8507c5c1eaa027942ebc2b2c3d4515878db,3,3,2.9993000499991664,6.0,0.029994000299999997,5.0,True,False,10,0,EXTENDED_PENDING_RESOURCE_GATE,COMPLETE_BASE_INSTANCE
C,4,6,balanced,32,0.25,8,0.1,d854e73cb1220a59f43d2b1df84ba2e00004394d22d3ab515987764bf59ae703,8989993040cf97a2cb38e010d616b8507c5c1eaa027942ebc2b2c3d4515878db,3,3,2.9304991655518347,6.0,0.29402999999999996,5.0,True,False,10,0,EXTENDED_PENDING_RESOURCE_GATE,COMPLETE_BASE_INSTANCE
C,4,6,balanced,32,0.25,8,0.5,8468150c1d932dbe55530dd67d3a6b7b8bbde405afd21d883008f4f1ada945f7,8989993040cf97a2cb38e010d616b8507c5c1eaa027942ebc2b2c3d4515878db,3,3,1.5490042164242162,6.0,0.8437499999999999,5.0,True,False,10,0,EXTENDED_PENDING_RESOURCE_GATE,COMPLETE_BASE_INSTANCE
C,4,6,balanced,32,0.5,16,0.0001,4ba8f77c8068c647037effd9221fc7b39a31f8a6eca9aa44d24a57204f3c6e08,8989993040cf97a2cb38e010d616b8507c5c1eaa027942ebc2b2c3d4515878db,3,3,2.9999999300000004,6.0,0.000299999994,5.0,True,False,10,0,EXTENDED_PENDING_RESOURCE_GATE,COMPLETE_BASE_INSTANCE
C,4,6,balanced,32,0.5,16,0.01,a9aeb4a4170c78139766bedb313620351b593a0379b7cfcc31ec2e3d941d1499,8989993040cf97a2cb38e010d616b8507c5c1eaa027942ebc2b2c3d4515878db,3,3,2.9993000499991664,6.0,0.029994000299999997,5.0,True,False,10,0,EXTENDED_PENDING_RESOURCE_GATE,COMPLETE_BASE_INSTANCE
C,4,6,balanced,32,0.5,16,0.1,5c1819a8b1233431a7a2b05f8ee6b4a90c73f1c8925af60a2569d7e3b46e175e,8989993040cf97a2cb38e010d616b8507c5c1eaa027942ebc2b2c3d4515878db,3,3,2.9304991655518347,6.0,0.29402999999999996,5.0,True,False,10,0,EXTENDED_PENDING_RESOURCE_GATE,COMPLETE_BASE_INSTANCE
C,4,6,balanced,32,0.5,16,0.5,5239f54734c5666c31a6a6f14a0bebe2357994d11a294c343f449dec416b78fe,8989993040cf97a2cb38e010d616b8507c5c1eaa027942ebc2b2c3d4515878db,3,3,1.5490042164242162,6.0,0.8437499999999999,5.0,True,False,10,0,EXTENDED_PENDING_RESOURCE_GATE,COMPLETE_BASE_INSTANCE
C,4,6,balanced,32,0.75,24,0.0001,cf8c652d201a053d1c31ee2a22a02e1880bac5f34af9de6f4ddc458b8aa63da9,8989993040cf97a2cb38e010d616b8507c5c1eaa027942ebc2b2c3d4515878db,3,3,2.9999999300000004,6.0,0.000299999994,5.0,True,False,10,0,EXTENDED_PENDING_RESOURCE_GATE,COMPLETE_BASE_INSTANCE
C,4,6,balanced,32,0.75,24,0.01,ac432470e95091c2b34ee79a12e5f19d8d8c03ce8683c69608a5d652846d64e2,8989993040cf97a2cb38e010d616b8507c5c1eaa027942ebc2b2c3d4515878db,3,3,2.9993000499991664,6.0,0.029994000299999997,5.0,True,False,10,0,EXTENDED_PENDING_RESOURCE_GATE,COMPLETE_BASE_INSTANCE
C,4,6,balanced,32,0.75,24,0.1,b7a0e250e66362f26267d30473c1322d1e2a5d62ff50fddb0b9e74d1b8a71163,8989993040cf97a2cb38e010d616b8507c5c1eaa027942ebc2b2c3d4515878db,3,3,2.9304991655518347,6.0,0.29402999999999996,5.0,True,False,10,0,EXTENDED_PENDING_RESOURCE_GATE,COMPLETE_BASE_INSTANCE
C,4,6,balanced,32,0.75,24,0.5,ddf4a7e6ceebaea3795b84910acbd081aef6612a648c4d2ec9c7a93cfdbb7a76,8989993040cf97a2cb38e010d616b8507c5c1eaa027942ebc2b2c3d4515878db,3,3,1.5490042164242162,6.0,0.8437499999999999,5.0,True,False,10,0,EXTENDED_PENDING_RESOURCE_GATE,COMPLETE_BASE_INSTANCE
C,4,6,balanced,64,0.125,8,0.0001,b7645c35ecd99f4d1ecb2eff860769eb723bedd5c6a5149382ff33c2e73d7dc8,8989993040cf97a2cb38e010d616b8507c5c1eaa027942ebc2b2c3d4515878db,3,3,2.9999999300000004,6.0,0.000299999994,5.0,True,False,10,0,EXTENDED_PENDING_RESOURCE_GATE,COMPLETE_BASE_INSTANCE
C,4,6,balanced,64,0.125,8,0.01,bf017f49e5c94deb6ab9e313bc4e0729c20114955704e9aacb978a35d1fbc1e3,8989993040cf97a2cb38e010d616b8507c5c1eaa027942ebc2b2c3d4515878db,3,3,2.9993000499991664,6.0,0.029994000299999997,5.0,True,False,10,0,EXTENDED_PENDING_RESOURCE_GATE,COMPLETE_BASE_INSTANCE
C,4,6,balanced,64,0.125,8,0.1,d472196da977608e5d7a493a2a9a5a26c76d79281bac7defadea461bd8967052,8989993040cf97a2cb38e010d616b8507c5c1eaa027942ebc2b2c3d4515878db,3,3,2.9304991655518347,6.0,0.29402999999999996,5.0,True,False,10,0,EXTENDED_PENDING_RESOURCE_GATE,COMPLETE_BASE_INSTANCE
C,4,6,balanced,64,0.125,8,0.5,ec9ff872a4e4bfb486eeb31a1850cc8b8b4c46af938f662cb0cecb4620280074,8989993040cf97a2cb38e010d616b8507c5c1eaa027942ebc2b2c3d4515878db,3,3,1.5490042164242162,6.0,0.8437499999999999,5.0,True,False,10,0,EXTENDED_PENDING_RESOURCE_GATE,COMPLETE_BASE_INSTANCE
C,4,6,balanced,64,0.25,16,0.0001,dd901024d58da1c1447376111dec0bb19e69ef8307d46d34b79ee5302a0d5651,8989993040cf97a2cb38e010d616b8507c5c1eaa027942ebc2b2c3d4515878db,3,3,2.9999999300000004,6.0,0.000299999994,5.0,True,False,10,0,EXTENDED_PENDING_RESOURCE_GATE,COMPLETE_BASE_INSTANCE
C,4,6,balanced,64,0.25,16,0.01,41ec1a047f874cb06bdb2a899ae4eacfb0c75bfc3f0250b0f3026647ff59a654,8989993040cf97a2cb38e010d616b8507c5c1eaa027942ebc2b2c3d4515878db,3,3,2.9993000499991664,6.0,0.029994000299999997,5.0,True,False,10,0,EXTENDED_PENDING_RESOURCE_GATE,COMPLETE_BASE_INSTANCE
C,4,6,balanced,64,0.25,16,0.1,7fa1f89e5f9e6fa43459377c25f9c4f31acf61162213cb6e859d1421ef251fa0,8989993040cf97a2cb38e010d616b8507c5c1eaa027942ebc2b2c3d4515878db,3,3,2.9304991655518347,6.0,0.29402999999999996,5.0,True,False,10,0,EXTENDED_PENDING_RESOURCE_GATE,COMPLETE_BASE_INSTANCE
C,4,6,balanced,64,0.25,16,0.5,c96b7062890affa0c8804398b63106162bd4afb79d25d2bfd40a9c80e2dcda02,8989993040cf97a2cb38e010d616b8507c5c1eaa027942ebc2b2c3d4515878db,3,3,1.5490042164242162,6.0,0.8437499999999999,5.0,True,False,10,0,EXTENDED_PENDING_RESOURCE_GATE,COMPLETE_BASE_INSTANCE
C,4,6,balanced,64,0.5,32,0.0001,0adfcf155c3710ea8d1efc4abeddd14f7aa7ae2649d9be1b6b9d9a04d9f8b322,8989993040cf97a2cb38e010d616b8507c5c1eaa027942ebc2b2c3d4515878db,3,3,2.9999999300000004,6.0,0.000299999994,5.0,True,False,10,0,EXTENDED_PENDING_RESOURCE_GATE,COMPLETE_BASE_INSTANCE
C,4,6,balanced,64,0.5,32,0.01,5776eb030cd10f7b2783dfaf1baf7ba7a6d79703d7c945c8a03a10b949271991,8989993040cf97a2cb38e010d616b8507c5c1eaa027942ebc2b2c3d4515878db,3,3,2.9993000499991664,6.0,0.029994000299999997,5.0,True,False,10,0,EXTENDED_PENDING_RESOURCE_GATE,COMPLETE_BASE_INSTANCE
C,4,6,balanced,64,0.5,32,0.1,1e215aeeb0e1ecf103eff9e52c3c720dc31c1aa93badf33b0b3d7ae0e44eb1e9,8989993040cf97a2cb38e010d616b8507c5c1eaa027942ebc2b2c3d4515878db,3,3,2.9304991655518347,6.0,0.29402999999999996,5.0,True,False,10,0,EXTENDED_PENDING_RESOURCE_GATE,COMPLETE_BASE_INSTANCE
C,4,6,balanced,64,0.5,32,0.5,78d8fdf8d077f0e1d8d5d3f957bd021d534eb3f2bb5f9e4ca2854492ce28dbb4,8989993040cf97a2cb38e010d616b8507c5c1eaa027942ebc2b2c3d4515878db,3,3,1.5490042164242162,6.0,0.8437499999999999,5.0,True,False,10,0,EXTENDED_PENDING_RESOURCE_GATE,COMPLETE_BASE_INSTANCE
C,4,6,balanced,64,0.75,48,0.0001,a82e6e021a5f465294208e7e2e9663fb78f1c7403e8d2bb14aab8f107aa73d21,8989993040cf97a2cb38e010d616b8507c5c1eaa027942ebc2b2c3d4515878db,3,3,2.9999999300000004,6.0,0.000299999994,5.0,True,False,10,0,EXTENDED_PENDING_RESOURCE_GATE,COMPLETE_BASE_INSTANCE
C,4,6,balanced,64,0.75,48,0.01,ea5ae83add76c517584e5bc745704fee01d5d14e3711442b98b9831dcf5f73ce,8989993040cf97a2cb38e010d616b8507c5c1eaa027942ebc2b2c3d4515878db,3,3,2.9993000499991664,6.0,0.029994000299999997,5.0,True,False,10,0,EXTENDED_PENDING_RESOURCE_GATE,COMPLETE_BASE_INSTANCE
C,4,6,balanced,64,0.75,48,0.1,e5d3c63253abf5a89a4e6c5070db1006f354dcb52bbd83f2b5c485ce3dd7315e,8989993040cf97a2cb38e010d616b8507c5c1eaa027942ebc2b2c3d4515878db,3,3,2.9304991655518347,6.0,0.29402999999999996,5.0,True,False,10,0,EXTENDED_PENDING_RESOURCE_GATE,COMPLETE_BASE_INSTANCE
C,4,6,balanced,64,0.75,48,0.5,2da14f717e4f6886e6f9639cc1d5c111ceed4b7de281ff00b02c259b4121d5da,8989993040cf97a2cb38e010d616b8507c5c1eaa027942ebc2b2c3d4515878db,3,3,1.5490042164242162,6.0,0.8437499999999999,5.0,True,False,10,0,EXTENDED_PENDING_RESOURCE_GATE,COMPLETE_BASE_INSTANCE
C,4,6,random_ordered,2,0.125,1,0.0001,83c6ce521871cec4b43423060aa03d622eb48d5f5c0c434de8ec394aafd1ff87,27ed09599f88ca8a90bbed4c11c40f660c31b88ee0849764125c2c5ecbdf48cd,3,3,1.9999999525000003,6.0,9.9999998e-05,5.0,True,False,10,0,EXTENDED_PENDING_RESOURCE_GATE,COMPLETE_BASE_INSTANCE
C,4,6,random_ordered,2,0.125,1,0.01,0d2f7ad1dc2cd0d291573a13526c41fba14c58a189418177d6de728d29063b8d,27ed09599f88ca8a90bbed4c11c40f660c31b88ee0849764125c2c5ecbdf48cd,3,3,1.9995250335932284,6.0,0.0099980001,5.0,True,False,10,0,EXTENDED_PENDING_RESOURCE_GATE,COMPLETE_BASE_INSTANCE
C,4,6,random_ordered,2,0.125,1,0.1,4a742c1febe8207399aeea72b11b437ccfa56fc7363e066ad40952261ee38818,27ed09599f88ca8a90bbed4c11c40f660c31b88ee0849764125c2c5ecbdf48cd,3,3,1.9528354154152365,6.0,0.09801,5.0,True,False,10,0,EXTENDED_PENDING_RESOURCE_GATE,COMPLETE_BASE_INSTANCE
C,4,6,random_ordered,2,0.125,1,0.5,ce0400a235bd36a5e4270659fd4e44688510566023c13f1081c34b5ac3e61c8d,27ed09599f88ca8a90bbed4c11c40f660c31b88ee0849764125c2c5ecbdf48cd,3,3,1.0140612962242468,6.0,0.28124999999999994,5.0,True,False,10,0,EXTENDED_PENDING_RESOURCE_GATE,COMPLETE_BASE_INSTANCE
C,4,6,random_ordered,2,0.25,1,0.0001,a9010038305d40ca113f54ed8f1032d0939fdceb8d6dcc3113ce42ba3c0995a5,27ed09599f88ca8a90bbed4c11c40f660c31b88ee0849764125c2c5ecbdf48cd,3,3,1.9999999525000003,6.0,9.9999998e-05,5.0,True,False,10,0,EXTENDED_PENDING_RESOURCE_GATE,COMPLETE_BASE_INSTANCE
C,4,6,random_ordered,2,0.25,1,0.01,defabb2f8693d1f460a56d7c1c85c3846e37bb2279a57afc53232629c5976196,27ed09599f88ca8a90bbed4c11c40f660c31b88ee0849764125c2c5ecbdf48cd,3,3,1.9995250335932284,6.0,0.0099980001,5.0,True,False,10,0,EXTENDED_PENDING_RESOURCE_GATE,COMPLETE_BASE_INSTANCE
C,4,6,random_ordered,2,0.25,1,0.1,5d2f050d99a95e224f5c6ead40b85000aa0214554b902a5747a2262586454494,27ed09599f88ca8a90bbed4c11c40f660c31b88ee0849764125c2c5ecbdf48cd,3,3,1.9528354154152365,6.0,0.09801,5.0,True,False,10,0,EXTENDED_PENDING_RESOURCE_GATE,COMPLETE_BASE_INSTANCE
C,4,6,random_ordered,2,0.25,1,0.5,0fd6d0e0f8cb9b1bd60dff357cbd6a3bc6f7083d22d44793da1db67440c930a6,27ed09599f88ca8a90bbed4c11c40f660c31b88ee0849764125c2c5ecbdf48cd,3,3,1.0140612962242468,6.0,0.28124999999999994,5.0,True,False,10,0,EXTENDED_PENDING_RESOURCE_GATE,COMPLETE_BASE_INSTANCE
C,4,6,random_ordered,2,0.5,1,0.0001,4eb471ef4af835c509b786cfc665381a7bb87a0c8e80663c35ad94ca8445e7a7,27ed09599f88ca8a90bbed4c11c40f660c31b88ee0849764125c2c5ecbdf48cd,3,3,1.9999999525000003,6.0,9.9999998e-05,5.0,True,False,10,0,EXTENDED_PENDING_RESOURCE_GATE,COMPLETE_BASE_INSTANCE
C,4,6,random_ordered,2,0.5,1,0.01,a2bdc88418aa4d331e91923ae93c434ff638e8eba863dfd59e43ce7c939084ae,27ed09599f88ca8a90bbed4c11c40f660c31b88ee0849764125c2c5ecbdf48cd,3,3,1.9995250335932284,6.0,0.0099980001,5.0,True,False,10,0,EXTENDED_PENDING_RESOURCE_GATE,COMPLETE_BASE_INSTANCE
C,4,6,random_ordered,2,0.5,1,0.1,2aeb0e354bb586c23110b19ba469d311e4219f379de799977aaa028b28117591,27ed09599f88ca8a90bbed4c11c40f660c31b88ee0849764125c2c5ecbdf48cd,3,3,1.9528354154152365,6.0,0.09801,5.0,True,False,10,0,EXTENDED_PENDING_RESOURCE_GATE,COMPLETE_BASE_INSTANCE
C,4,6,random_ordered,2,0.5,1,0.5,8ed68a30b3716bd34a66f85ea50d14c92a479c143da9cbe42c2882719bc86bfd,27ed09599f88ca8a90bbed4c11c40f660c31b88ee0849764125c2c5ecbdf48cd,3,3,1.0140612962242468,6.0,0.28124999999999994,5.0,True,False,10,0,EXTENDED_PENDING_RESOURCE_GATE,COMPLETE_BASE_INSTANCE
C,4,6,random_ordered,2,0.75,1,0.0001,5328334d6eb415a575b4c7746b293d144951b37e3e53978f5005ee2ca1d63124,27ed09599f88ca8a90bbed4c11c40f660c31b88ee0849764125c2c5ecbdf48cd,3,3,1.9999999525000003,6.0,9.9999998e-05,5.0,True,False,10,0,EXTENDED_PENDING_RESOURCE_GATE,COMPLETE_BASE_INSTANCE
C,4,6,random_ordered,2,0.75,1,0.01,bfbc9fb51cc2c5ec4bb42d901cd38e0227b202ceb41a1fee6777d2e4fde4816c,27ed09599f88ca8a90bbed4c11c40f660c31b88ee0849764125c2c5ecbdf48cd,3,3,1.9995250335932284,6.0,0.0099980001,5.0,True,False,10,0,EXTENDED_PENDING_RESOURCE_GATE,COMPLETE_BASE_INSTANCE
C,4,6,random_ordered,2,0.75,1,0.1,239cdba48f87c9ebbfc235761e5561322b997c4e2e388743131218cae65789c7,27ed09599f88ca8a90bbed4c11c40f660c31b88ee0849764125c2c5ecbdf48cd,3,3,1.9528354154152365,6.0,0.09801,5.0,True,False,10,0,EXTENDED_PENDING_RESOURCE_GATE,COMPLETE_BASE_INSTANCE
C,4,6,random_ordered,2,0.75,1,0.5,5e5ed82b0e2d87b71d2ddcf5943fbb824f94da1fbcb9593df7bf20dc4c026d60,27ed09599f88ca8a90bbed4c11c40f660c31b88ee0849764125c2c5ecbdf48cd,3,3,1.0140612962242468,6.0,0.28124999999999994,5.0,True,False,10,0,EXTENDED_PENDING_RESOURCE_GATE,COMPLETE_BASE_INSTANCE
C,4,6,random_ordered,4,0.125,1,0.0001,17bdf01ce209e6e5d8fcef1dd555826abed825f61700b334f00e314964911983,27ed09599f88ca8a90bbed4c11c40f660c31b88ee0849764125c2c5ecbdf48cd,3,3,1.9999999525000003,6.0,9.9999998e-05,5.0,True,False,10,0,EXTENDED_PENDING_RESOURCE_GATE,COMPLETE_BASE_INSTANCE
C,4,6,random_ordered,4,0.125,1,0.01,70ec540864a08fd03fae985f3764f0de28054bddba33caf9737cd172f95b3fa1,27ed09599f88ca8a90bbed4c11c40f660c31b88ee0849764125c2c5ecbdf48cd,3,3,1.9995250335932284,6.0,0.0099980001,5.0,True,False,10,0,EXTENDED_PENDING_RESOURCE_GATE,COMPLETE_BASE_INSTANCE
C,4,6,random_ordered,4,0.125,1,0.1,af714f33dc690899606d6e7b7e9074b14210965289ca23bafdec0e40df3d74db,27ed09599f88ca8a90bbed4c11c40f660c31b88ee0849764125c2c5ecbdf48cd,3,3,1.9528354154152365,6.0,0.09801,5.0,True,False,10,0,EXTENDED_PENDING_RESOURCE_GATE,COMPLETE_BASE_INSTANCE
C,4,6,random_ordered,4,0.125,1,0.5,cd323d2b440ee37868b6de22ece96f4e4f9024e83f1e0efa8a1bc08b7ad57b1d,27ed09599f88ca8a90bbed4c11c40f660c31b88ee0849764125c2c5ecbdf48cd,3,3,1.0140612962242468,6.0,0.28124999999999994,5.0,True,False,10,0,EXTENDED_PENDING_RESOURCE_GATE,COMPLETE_BASE_INSTANCE
C,4,6,random_ordered,4,0.25,1,0.0001,a7fa034cb74781a5f60bf8012a27430e717106b338781f71a6692b6fcf457951,27ed09599f88ca8a90bbed4c11c40f660c31b88ee0849764125c2c5ecbdf48cd,3,3,1.9999999525000003,6.0,9.9999998e-05,5.0,True,False,10,0,EXTENDED_PENDING_RESOURCE_GATE,COMPLETE_BASE_INSTANCE
C,4,6,random_ordered,4,0.25,1,0.01,f1ee8fed646fb6cf9cfdde6890447f4676b333b0cc294962c9b3bd180750c4dc,27ed09599f88ca8a90bbed4c11c40f660c31b88ee0849764125c2c5ecbdf48cd,3,3,1.9995250335932284,6.0,0.0099980001,5.0,True,False,10,0,EXTENDED_PENDING_RESOURCE_GATE,COMPLETE_BASE_INSTANCE
C,4,6,random_ordered,4,0.25,1,0.1,da149788d6a29ef3b9af3a3255add8b7f9708aef5e35d88b8a02475b24480119,27ed09599f88ca8a90bbed4c11c40f660c31b88ee0849764125c2c5ecbdf48cd,3,3,1.9528354154152365,6.0,0.09801,5.0,True,False,10,0,EXTENDED_PENDING_RESOURCE_GATE,COMPLETE_BASE_INSTANCE
C,4,6,random_ordered,4,0.25,1,0.5,0e940049b0e46131481dfc79248e7fdd9d03807b5e2b3d931e20bfc5fe7c600e,27ed09599f88ca8a90bbed4c11c40f660c31b88ee0849764125c2c5ecbdf48cd,3,3,1.0140612962242468,6.0,0.28124999999999994,5.0,True,False,10,0,EXTENDED_PENDING_RESOURCE_GATE,COMPLETE_BASE_INSTANCE
C,4,6,random_ordered,4,0.5,2,0.0001,a63bbfbca8029ca0f66e65e4c619b9dfeb8f961d29e6c33950669b4fadf4d4fd,27ed09599f88ca8a90bbed4c11c40f660c31b88ee0849764125c2c5ecbdf48cd,3,3,1.9999999525000003,6.0,9.9999998e-05,5.0,True,False,10,0,EXTENDED_PENDING_RESOURCE_GATE,COMPLETE_BASE_INSTANCE
C,4,6,random_ordered,4,0.5,2,0.01,1d7bd517b27068c1062d28eef7c7ae8e7c6d71eb75bab50027fcdc051de0c745,27ed09599f88ca8a90bbed4c11c40f660c31b88ee0849764125c2c5ecbdf48cd,3,3,1.9995250335932284,6.0,0.0099980001,5.0,True,False,10,0,EXTENDED_PENDING_RESOURCE_GATE,COMPLETE_BASE_INSTANCE
C,4,6,random_ordered,4,0.5,2,0.1,14e3e9d31b391a39ea7b1e35f45ca50b0abe8721a53304e107b533f0f6591618,27ed09599f88ca8a90bbed4c11c40f660c31b88ee0849764125c2c5ecbdf48cd,3,3,1.9528354154152365,6.0,0.09801,5.0,True,False,10,0,EXTENDED_PENDING_RESOURCE_GATE,COMPLETE_BASE_INSTANCE
C,4,6,random_ordered,4,0.5,2,0.5,751a98d737b419b1bceb87501d0f7ce4291a6c81975548041dc5d14770691526,27ed09599f88ca8a90bbed4c11c40f660c31b88ee0849764125c2c5ecbdf48cd,3,3,1.0140612962242468,6.0,0.28124999999999994,5.0,True,False,10,0,EXTENDED_PENDING_RESOURCE_GATE,COMPLETE_BASE_INSTANCE
C,4,6,random_ordered,4,0.75,3,0.0001,1521051c568ed22e4d5aa7680a2f00b3fe3bb66eeb3a1a87ab52c2d02282cada,27ed09599f88ca8a90bbed4c11c40f660c31b88ee0849764125c2c5ecbdf48cd,3,3,1.9999999525000003,6.0,9.9999998e-05,5.0,True,False,10,0,EXTENDED_PENDING_RESOURCE_GATE,COMPLETE_BASE_INSTANCE
C,4,6,random_ordered,4,0.75,3,0.01,ee47778ef61700c7b64003f51186d79b40171af759562b95d3cf4cd301bfa8ca,27ed09599f88ca8a90bbed4c11c40f660c31b88ee0849764125c2c5ecbdf48cd,3,3,1.9995250335932284,6.0,0.0099980001,5.0,True,False,10,0,EXTENDED_PENDING_RESOURCE_GATE,COMPLETE_BASE_INSTANCE
C,4,6,random_ordered,4,0.75,3,0.1,fd57605905bf088199d3ec97a51bec052d3c1fb0591157f39f69bf7b2b7ec393,27ed09599f88ca8a90bbed4c11c40f660c31b88ee0849764125c2c5ecbdf48cd,3,3,1.9528354154152365,6.0,0.09801,5.0,True,False,10,0,EXTENDED_PENDING_RESOURCE_GATE,COMPLETE_BASE_INSTANCE
C,4,6,random_ordered,4,0.75,3,0.5,f0737139ce051e2fcf88c9d48c3f128737ca3742b82a8d8c4411f8e54dcb1613,27ed09599f88ca8a90bbed4c11c40f660c31b88ee0849764125c2c5ecbdf48cd,3,3,1.0140612962242468,6.0,0.28124999999999994,5.0,True,False,10,0,EXTENDED_PENDING_RESOURCE_GATE,COMPLETE_BASE_INSTANCE
C,4,6,random_ordered,8,0.125,1,0.0001,bea7defbff2d810158fd1b6e6eec3d5199d0163b82bd7357ab6e76043ea357ba,27ed09599f88ca8a90bbed4c11c40f660c31b88ee0849764125c2c5ecbdf48cd,3,3,1.9999999525000003,6.0,9.9999998e-05,5.0,True,False,10,0,EXTENDED_PENDING_RESOURCE_GATE,COMPLETE_BASE_INSTANCE
C,4,6,random_ordered,8,0.125,1,0.01,0b0b75531a447e371a780e629ddc843ee65702744d6d59d4db03854c73755ae6,27ed09599f88ca8a90bbed4c11c40f660c31b88ee0849764125c2c5ecbdf48cd,3,3,1.9995250335932284,6.0,0.0099980001,5.0,True,False,10,0,EXTENDED_PENDING_RESOURCE_GATE,COMPLETE_BASE_INSTANCE
C,4,6,random_ordered,8,0.125,1,0.1,4a676f527240eb6e3b609daef0d1bdfd1a4e277228db4d366e549f718baed0e2,27ed09599f88ca8a90bbed4c11c40f660c31b88ee0849764125c2c5ecbdf48cd,3,3,1.9528354154152365,6.0,0.09801,5.0,True,False,10,0,EXTENDED_PENDING_RESOURCE_GATE,COMPLETE_BASE_INSTANCE
C,4,6,random_ordered,8,0.125,1,0.5,6e2da07dcaf5ea8b54fe2559287e071c7c2781d42eaf2835d733605b25f1f7e1,27ed09599f88ca8a90bbed4c11c40f660c31b88ee0849764125c2c5ecbdf48cd,3,3,1.0140612962242468,6.0,0.28124999999999994,5.0,True,False,10,0,EXTENDED_PENDING_RESOURCE_GATE,COMPLETE_BASE_INSTANCE
C,4,6,random_ordered,8,0.25,2,0.0001,821a50cd8c0662be8639a54f7600d403127a2567c4a4ce8ca5a306b84220a14d,27ed09599f88ca8a90bbed4c11c40f660c31b88ee0849764125c2c5ecbdf48cd,3,3,1.9999999525000003,6.0,9.9999998e-05,5.0,True,False,10,0,EXTENDED_PENDING_RESOURCE_GATE,COMPLETE_BASE_INSTANCE
C,4,6,random_ordered,8,0.25,2,0.01,cb185cecf742608d4c3d49342f69ba0dbc1b353ff7c11e561d73181482126159,27ed09599f88ca8a90bbed4c11c40f660c31b88ee0849764125c2c5ecbdf48cd,3,3,1.9995250335932284,6.0,0.0099980001,5.0,True,False,10,0,EXTENDED_PENDING_RESOURCE_GATE,COMPLETE_BASE_INSTANCE
C,4,6,random_ordered,8,0.25,2,0.1,0a327aed0649a9519c2d0ce0fd2e9122d51ea4488d48049cefce2514b4bd81c1,27ed09599f88ca8a90bbed4c11c40f660c31b88ee0849764125c2c5ecbdf48cd,3,3,1.9528354154152365,6.0,0.09801,5.0,True,False,10,0,EXTENDED_PENDING_RESOURCE_GATE,COMPLETE_BASE_INSTANCE
C,4,6,random_ordered,8,0.25,2,0.5,8806490b0831506cc9c53d2076b73e3946cf6f5df470f95fdd4b979f3d5ebee1,27ed09599f88ca8a90bbed4c11c40f660c31b88ee0849764125c2c5ecbdf48cd,3,3,1.0140612962242468,6.0,0.28124999999999994,5.0,True,False,10,0,EXTENDED_PENDING_RESOURCE_GATE,COMPLETE_BASE_INSTANCE
C,4,6,random_ordered,8,0.5,4,0.0001,294ee39249dd5daa5350993a9ee999ee4a22ac01ef1dd72a8b48c6aba9b2e360,27ed09599f88ca8a90bbed4c11c40f660c31b88ee0849764125c2c5ecbdf48cd,3,3,1.9999999525000003,6.0,9.9999998e-05,5.0,True,False,10,0,EXTENDED_PENDING_RESOURCE_GATE,COMPLETE_BASE_INSTANCE
C,4,6,random_ordered,8,0.5,4,0.01,4c5cbed143c3c405942f2a198583337ee14f55e6dda2379fd2ab94bcc0ff4f7a,27ed09599f88ca8a90bbed4c11c40f660c31b88ee0849764125c2c5ecbdf48cd,3,3,1.9995250335932284,6.0,0.0099980001,5.0,True,False,10,0,EXTENDED_PENDING_RESOURCE_GATE,COMPLETE_BASE_INSTANCE
C,4,6,random_ordered,8,0.5,4,0.1,ecb820a985ef59e3af98cfdb463b618ef32be0c686cd61a58d8f222398d81aa4,27ed09599f88ca8a90bbed4c11c40f660c31b88ee0849764125c2c5ecbdf48cd,3,3,1.9528354154152365,6.0,0.09801,5.0,True,False,10,0,EXTENDED_PENDING_RESOURCE_GATE,COMPLETE_BASE_INSTANCE
C,4,6,random_ordered,8,0.5,4,0.5,5be526c0db92918583416947d42b58afbae2665966975b1e5ed1b545e75476ab,27ed09599f88ca8a90bbed4c11c40f660c31b88ee0849764125c2c5ecbdf48cd,3,3,1.0140612962242468,6.0,0.28124999999999994,5.0,True,False,10,0,EXTENDED_PENDING_RESOURCE_GATE,COMPLETE_BASE_INSTANCE
C,4,6,random_ordered,8,0.75,6,0.0001,f9f51ffd5e99402d725d91585d9d39fa8d9715c44b4eea72a9a3ab0b87276b16,27ed09599f88ca8a90bbed4c11c40f660c31b88ee0849764125c2c5ecbdf48cd,3,3,1.9999999525000003,6.0,9.9999998e-05,5.0,True,False,10,0,EXTENDED_PENDING_RESOURCE_GATE,COMPLETE_BASE_INSTANCE
C,4,6,random_ordered,8,0.75,6,0.01,49510e534744ea65ed4b283d34bce0e7e50f763aedf99c1ca3aaab44d3707025,27ed09599f88ca8a90bbed4c11c40f660c31b88ee0849764125c2c5ecbdf48cd,3,3,1.9995250335932284,6.0,0.0099980001,5.0,True,False,10,0,EXTENDED_PENDING_RESOURCE_GATE,COMPLETE_BASE_INSTANCE
C,4,6,random_ordered,8,0.75,6,0.1,58fb8f32f0d04466cfb1dfdd91cd8713b49920fdc8f80a7140a2ddf66915edd2,27ed09599f88ca8a90bbed4c11c40f660c31b88ee0849764125c2c5ecbdf48cd,3,3,1.9528354154152365,6.0,0.09801,5.0,True,False,10,0,EXTENDED_PENDING_RESOURCE_GATE,COMPLETE_BASE_INSTANCE
C,4,6,random_ordered,8,0.75,6,0.5,a4bcd43506d7ac144d28be9a8613051e064f88fa353375216754ca94bdc8ebe0,27ed09599f88ca8a90bbed4c11c40f660c31b88ee0849764125c2c5ecbdf48cd,3,3,1.0140612962242468,6.0,0.28124999999999994,5.0,True,False,10,0,EXTENDED_PENDING_RESOURCE_GATE,COMPLETE_BASE_INSTANCE
C,4,6,random_ordered,16,0.125,2,0.0001,26720a68fa91cd2a806ac70dae5fe25e6c4d0c451abc57257c6b5b4e58cbfdac,27ed09599f88ca8a90bbed4c11c40f660c31b88ee0849764125c2c5ecbdf48cd,3,3,1.9999999525000003,6.0,9.9999998e-05,5.0,True,False,10,0,EXTENDED_PENDING_RESOURCE_GATE,COMPLETE_BASE_INSTANCE
C,4,6,random_ordered,16,0.125,2,0.01,5688b2253611977da988fa4054be361e64656cfaa10df6fe495f014c0eb84a63,27ed09599f88ca8a90bbed4c11c40f660c31b88ee0849764125c2c5ecbdf48cd,3,3,1.9995250335932284,6.0,0.0099980001,5.0,True,False,10,0,EXTENDED_PENDING_RESOURCE_GATE,COMPLETE_BASE_INSTANCE
C,4,6,random_ordered,16,0.125,2,0.1,4899413d34b76ec782a177aea8623ef383537c5912a785de1aae689c5b88bf0e,27ed09599f88ca8a90bbed4c11c40f660c31b88ee0849764125c2c5ecbdf48cd,3,3,1.9528354154152365,6.0,0.09801,5.0,True,False,10,0,EXTENDED_PENDING_RESOURCE_GATE,COMPLETE_BASE_INSTANCE
C,4,6,random_ordered,16,0.125,2,0.5,3f1b14ab486929e811a97f7503702da7febfd6bfe69f8b9cbdce21d526814202,27ed09599f88ca8a90bbed4c11c40f660c31b88ee0849764125c2c5ecbdf48cd,3,3,1.0140612962242468,6.0,0.28124999999999994,5.0,True,False,10,0,EXTENDED_PENDING_RESOURCE_GATE,COMPLETE_BASE_INSTANCE
C,4,6,random_ordered,16,0.25,4,0.0001,47951dd77cfab6f71290812bd25c5fe3827b0bfc249eb8c388a335066a3225c5,27ed09599f88ca8a90bbed4c11c40f660c31b88ee0849764125c2c5ecbdf48cd,3,3,1.9999999525000003,6.0,9.9999998e-05,5.0,True,False,10,0,EXTENDED_PENDING_RESOURCE_GATE,COMPLETE_BASE_INSTANCE
C,4,6,random_ordered,16,0.25,4,0.01,c418f9ff09feb8f2273d24695fbe0875b85d5f50ce74a9b187de4057e4b9e604,27ed09599f88ca8a90bbed4c11c40f660c31b88ee0849764125c2c5ecbdf48cd,3,3,1.9995250335932284,6.0,0.0099980001,5.0,True,False,10,0,EXTENDED_PENDING_RESOURCE_GATE,COMPLETE_BASE_INSTANCE
C,4,6,random_ordered,16,0.25,4,0.1,0fa7c381fe22b22a0314b5ba4ec5a6c63eced11f7e7fc0a7e554052032310e55,27ed09599f88ca8a90bbed4c11c40f660c31b88ee0849764125c2c5ecbdf48cd,3,3,1.9528354154152365,6.0,0.09801,5.0,True,False,10,0,EXTENDED_PENDING_RESOURCE_GATE,COMPLETE_BASE_INSTANCE
C,4,6,random_ordered,16,0.25,4,0.5,c48a668d252d11dd916fb7a537e4253dc8d544c8d8f7549709175dfeeeef6b34,27ed09599f88ca8a90bbed4c11c40f660c31b88ee0849764125c2c5ecbdf48cd,3,3,1.0140612962242468,6.0,0.28124999999999994,5.0,True,False,10,0,EXTENDED_PENDING_RESOURCE_GATE,COMPLETE_BASE_INSTANCE
C,4,6,random_ordered,16,0.5,8,0.0001,2291f3313aa825ca48f7b490826201efca5d3e5f6c4240fab67dde2da9edb132,27ed09599f88ca8a90bbed4c11c40f660c31b88ee0849764125c2c5ecbdf48cd,3,3,1.9999999525000003,6.0,9.9999998e-05,5.0,True,False,10,0,EXTENDED_PENDING_RESOURCE_GATE,COMPLETE_BASE_INSTANCE
C,4,6,random_ordered,16,0.5,8,0.01,d23bbd9e407609408d4c405b509e1170139686013ef487c6de8bb14d6e900e21,27ed09599f88ca8a90bbed4c11c40f660c31b88ee0849764125c2c5ecbdf48cd,3,3,1.9995250335932284,6.0,0.0099980001,5.0,True,False,10,0,EXTENDED_PENDING_RESOURCE_GATE,COMPLETE_BASE_INSTANCE
C,4,6,random_ordered,16,0.5,8,0.1,19116d95ec83c9e75da1848cc6b3c2ebe9fe0d2ad8787e36451da4365646771d,27ed09599f88ca8a90bbed4c11c40f660c31b88ee0849764125c2c5ecbdf48cd,3,3,1.9528354154152365,6.0,0.09801,5.0,True,False,10,0,EXTENDED_PENDING_RESOURCE_GATE,COMPLETE_BASE_INSTANCE
C,4,6,random_ordered,16,0.5,8,0.5,e076bbeb00003d76f6e96b11d3f730a54e49cd61b5e4bde7b8f71a0cc18e3c04,27ed09599f88ca8a90bbed4c11c40f660c31b88ee0849764125c2c5ecbdf48cd,3,3,1.0140612962242468,6.0,0.28124999999999994,5.0,True,False,10,0,EXTENDED_PENDING_RESOURCE_GATE,COMPLETE_BASE_INSTANCE
C,4,6,random_ordered,16,0.75,12,0.0001,9dfc329d5d2cf4e5756dd997393b812e23396668f7f98b90ae3fbf008c5ee4fa,27ed09599f88ca8a90bbed4c11c40f660c31b88ee0849764125c2c5ecbdf48cd,3,3,1.9999999525000003,6.0,9.9999998e-05,5.0,True,False,10,0,EXTENDED_PENDING_RESOURCE_GATE,COMPLETE_BASE_INSTANCE
C,4,6,random_ordered,16,0.75,12,0.01,0d9546f74b34ff03f9dafc7fe484106418ab4671da3c545b896213d2b89ab2e6,27ed09599f88ca8a90bbed4c11c40f660c31b88ee0849764125c2c5ecbdf48cd,3,3,1.9995250335932284,6.0,0.0099980001,5.0,True,False,10,0,EXTENDED_PENDING_RESOURCE_GATE,COMPLETE_BASE_INSTANCE
C,4,6,random_ordered,16,0.75,12,0.1,3d23418d712c73089df1f56117aa1d2c3b008a015ffee33feed9aa3a1961565b,27ed09599f88ca8a90bbed4c11c40f660c31b88ee0849764125c2c5ecbdf48cd,3,3,1.9528354154152365,6.0,0.09801,5.0,True,False,10,0,EXTENDED_PENDING_RESOURCE_GATE,COMPLETE_BASE_INSTANCE
C,4,6,random_ordered,16,0.75,12,0.5,58554384394ca6869d262ce06faf3e40a54a1e453d293cd5e144235edf04a678,27ed09599f88ca8a90bbed4c11c40f660c31b88ee0849764125c2c5ecbdf48cd,3,3,1.0140612962242468,6.0,0.28124999999999994,5.0,True,False,10,0,EXTENDED_PENDING_RESOURCE_GATE,COMPLETE_BASE_INSTANCE
C,4,6,random_ordered,32,0.125,4,0.0001,219c208d57dfb041f0ed98db705f5c09f28028eead4cf1ad5354977dbde8d7ff,27ed09599f88ca8a90bbed4c11c40f660c31b88ee0849764125c2c5ecbdf48cd,3,3,1.9999999525000003,6.0,9.9999998e-05,5.0,True,False,10,0,EXTENDED_PENDING_RESOURCE_GATE,COMPLETE_BASE_INSTANCE
C,4,6,random_ordered,32,0.125,4,0.01,47723ba5aa41c43dc0d6c78b1c0f5f06e61354198bef5b6c8201108107dde15b,27ed09599f88ca8a90bbed4c11c40f660c31b88ee0849764125c2c5ecbdf48cd,3,3,1.9995250335932284,6.0,0.0099980001,5.0,True,False,10,0,EXTENDED_PENDING_RESOURCE_GATE,COMPLETE_BASE_INSTANCE
C,4,6,random_ordered,32,0.125,4,0.1,2d196637c8e589d14ebc94cc40a7f72c2de03d40073b98f9fbb4c3fa7ba17e7c,27ed09599f88ca8a90bbed4c11c40f660c31b88ee0849764125c2c5ecbdf48cd,3,3,1.9528354154152365,6.0,0.09801,5.0,True,False,10,0,EXTENDED_PENDING_RESOURCE_GATE,COMPLETE_BASE_INSTANCE
C,4,6,random_ordered,32,0.125,4,0.5,72d8ebbe7bf3044b73688b0c3615368c1fcbdd7b0658563f542eac40d7ef2d83,27ed09599f88ca8a90bbed4c11c40f660c31b88ee0849764125c2c5ecbdf48cd,3,3,1.0140612962242468,6.0,0.28124999999999994,5.0,True,False,10,0,EXTENDED_PENDING_RESOURCE_GATE,COMPLETE_BASE_INSTANCE
C,4,6,random_ordered,32,0.25,8,0.0001,5847facb172e1136b87c41882fdeaa1211a3114d4fa1d85f2c95c24f1aef5789,27ed09599f88ca8a90bbed4c11c40f660c31b88ee0849764125c2c5ecbdf48cd,3,3,1.9999999525000003,6.0,9.9999998e-05,5.0,True,False,10,0,EXTENDED_PENDING_RESOURCE_GATE,COMPLETE_BASE_INSTANCE
C,4,6,random_ordered,32,0.25,8,0.01,eebc8750858f4c3b2fa56390f7020ca9572dc454109e5b79f9e24bbeda391189,27ed09599f88ca8a90bbed4c11c40f660c31b88ee0849764125c2c5ecbdf48cd,3,3,1.9995250335932284,6.0,0.0099980001,5.0,True,False,10,0,EXTENDED_PENDING_RESOURCE_GATE,COMPLETE_BASE_INSTANCE
C,4,6,random_ordered,32,0.25,8,0.1,bf87db62e642de67e4e0ffb32da39312c2274880a31981772f1702c2c6f23d6a,27ed09599f88ca8a90bbed4c11c40f660c31b88ee0849764125c2c5ecbdf48cd,3,3,1.9528354154152365,6.0,0.09801,5.0,True,False,10,0,EXTENDED_PENDING_RESOURCE_GATE,COMPLETE_BASE_INSTANCE
C,4,6,random_ordered,32,0.25,8,0.5,da11e9caa7cdf690f2e9e9929e26c01cba571ebe408d9a4769fbbdb244b11782,27ed09599f88ca8a90bbed4c11c40f660c31b88ee0849764125c2c5ecbdf48cd,3,3,1.0140612962242468,6.0,0.28124999999999994,5.0,True,False,10,0,EXTENDED_PENDING_RESOURCE_GATE,COMPLETE_BASE_INSTANCE
C,4,6,random_ordered,32,0.5,16,0.0001,fc1abb6ba275c15d0753a72b4ba76798a5ebe505f91eb9470231fca011347371,27ed09599f88ca8a90bbed4c11c40f660c31b88ee0849764125c2c5ecbdf48cd,3,3,1.9999999525000003,6.0,9.9999998e-05,5.0,True,False,10,0,EXTENDED_PENDING_RESOURCE_GATE,COMPLETE_BASE_INSTANCE
C,4,6,random_ordered,32,0.5,16,0.01,9c28900a8de588ff83151c9e2bc311b552cd62237408405d6cfc9308ecfc84af,27ed09599f88ca8a90bbed4c11c40f660c31b88ee0849764125c2c5ecbdf48cd,3,3,1.9995250335932284,6.0,0.0099980001,5.0,True,False,10,0,EXTENDED_PENDING_RESOURCE_GATE,COMPLETE_BASE_INSTANCE
C,4,6,random_ordered,32,0.5,16,0.1,d93dd1404eb048bd12c82b066ca5ffce38701864bfd6d62b7fb205971eb415cb,27ed09599f88ca8a90bbed4c11c40f660c31b88ee0849764125c2c5ecbdf48cd,3,3,1.9528354154152365,6.0,0.09801,5.0,True,False,10,0,EXTENDED_PENDING_RESOURCE_GATE,COMPLETE_BASE_INSTANCE
C,4,6,random_ordered,32,0.5,16,0.5,99962684e8a9fd3738de1350280d3fa4d2bcf9b74550730616d323a132213c31,27ed09599f88ca8a90bbed4c11c40f660c31b88ee0849764125c2c5ecbdf48cd,3,3,1.0140612962242468,6.0,0.28124999999999994,5.0,True,False,10,0,EXTENDED_PENDING_RESOURCE_GATE,COMPLETE_BASE_INSTANCE
C,4,6,random_ordered,32,0.75,24,0.0001,7910cb89adcdd84a87caf4868135090601dea90ff632e156154d67dcf23089bc,27ed09599f88ca8a90bbed4c11c40f660c31b88ee0849764125c2c5ecbdf48cd,3,3,1.9999999525000003,6.0,9.9999998e-05,5.0,True,False,10,0,EXTENDED_PENDING_RESOURCE_GATE,COMPLETE_BASE_INSTANCE
C,4,6,random_ordered,32,0.75,24,0.01,001577500d5186eb7465618e648aac889dd9e78435be09a43dc4a5f55efda0c0,27ed09599f88ca8a90bbed4c11c40f660c31b88ee0849764125c2c5ecbdf48cd,3,3,1.9995250335932284,6.0,0.0099980001,5.0,True,False,10,0,EXTENDED_PENDING_RESOURCE_GATE,COMPLETE_BASE_INSTANCE
C,4,6,random_ordered,32,0.75,24,0.1,ada2ae689c6a3979e168373ae8235729584b7c1845646cfd1e3e31350a3398ac,27ed09599f88ca8a90bbed4c11c40f660c31b88ee0849764125c2c5ecbdf48cd,3,3,1.9528354154152365,6.0,0.09801,5.0,True,False,10,0,EXTENDED_PENDING_RESOURCE_GATE,COMPLETE_BASE_INSTANCE
C,4,6,random_ordered,32,0.75,24,0.5,5c205ca4c85512e5a209e0e808087e3cc0364325dc2452d1d274cac7b8df4ccc,27ed09599f88ca8a90bbed4c11c40f660c31b88ee0849764125c2c5ecbdf48cd,3,3,1.0140612962242468,6.0,0.28124999999999994,5.0,True,False,10,0,EXTENDED_PENDING_RESOURCE_GATE,COMPLETE_BASE_INSTANCE
C,4,6,random_ordered,64,0.125,8,0.0001,04416fd5c600134e5d5aad9ab031bb5a3bcfd5f4904a23b575ed17c5dc660be3,27ed09599f88ca8a90bbed4c11c40f660c31b88ee0849764125c2c5ecbdf48cd,3,3,1.9999999525000003,6.0,9.9999998e-05,5.0,True,False,10,0,EXTENDED_PENDING_RESOURCE_GATE,COMPLETE_BASE_INSTANCE
C,4,6,random_ordered,64,0.125,8,0.01,16bcecb51b64ca8cfad13f91288d37083f48782aa3d9641ccc48e343d8de0323,27ed09599f88ca8a90bbed4c11c40f660c31b88ee0849764125c2c5ecbdf48cd,3,3,1.9995250335932284,6.0,0.0099980001,5.0,True,False,10,0,EXTENDED_PENDING_RESOURCE_GATE,COMPLETE_BASE_INSTANCE
C,4,6,random_ordered,64,0.125,8,0.1,bd4aa1dcf603551a99b1151b391d249f11bc4b8973b1e753acd1876b5800121b,27ed09599f88ca8a90bbed4c11c40f660c31b88ee0849764125c2c5ecbdf48cd,3,3,1.9528354154152365,6.0,0.09801,5.0,True,False,10,0,EXTENDED_PENDING_RESOURCE_GATE,COMPLETE_BASE_INSTANCE
C,4,6,random_ordered,64,0.125,8,0.5,8e9439ed3469fce209fc5a45b6c8fe49a21165f2855ff77b7eb399db7c781cda,27ed09599f88ca8a90bbed4c11c40f660c31b88ee0849764125c2c5ecbdf48cd,3,3,1.0140612962242468,6.0,0.28124999999999994,5.0,True,False,10,0,EXTENDED_PENDING_RESOURCE_GATE,COMPLETE_BASE_INSTANCE
C,4,6,random_ordered,64,0.25,16,0.0001,74a738d66a5d1d92f9994604729cb533e5299ea75ed07021d737586a3cc18485,27ed09599f88ca8a90bbed4c11c40f660c31b88ee0849764125c2c5ecbdf48cd,3,3,1.9999999525000003,6.0,9.9999998e-05,5.0,True,False,10,0,EXTENDED_PENDING_RESOURCE_GATE,COMPLETE_BASE_INSTANCE
C,4,6,random_ordered,64,0.25,16,0.01,6e74a7537d5a9cbf253c8d74ceac0b7b2d520351bc546876bcd2c287951872f3,27ed09599f88ca8a90bbed4c11c40f660c31b88ee0849764125c2c5ecbdf48cd,3,3,1.9995250335932284,6.0,0.0099980001,5.0,True,False,10,0,EXTENDED_PENDING_RESOURCE_GATE,COMPLETE_BASE_INSTANCE
C,4,6,random_ordered,64,0.25,16,0.1,a1abb809f4519ff9cd22d080b97e6c9b7c58a84a325ab0a5998d4953e8757f52,27ed09599f88ca8a90bbed4c11c40f660c31b88ee0849764125c2c5ecbdf48cd,3,3,1.9528354154152365,6.0,0.09801,5.0,True,False,10,0,EXTENDED_PENDING_RESOURCE_GATE,COMPLETE_BASE_INSTANCE
C,4,6,random_ordered,64,0.25,16,0.5,4f46df0bddbca6cd3aca1ba2c43f6550a3b602936bea08322f06908713098152,27ed09599f88ca8a90bbed4c11c40f660c31b88ee0849764125c2c5ecbdf48cd,3,3,1.0140612962242468,6.0,0.28124999999999994,5.0,True,False,10,0,EXTENDED_PENDING_RESOURCE_GATE,COMPLETE_BASE_INSTANCE
C,4,6,random_ordered,64,0.5,32,0.0001,1444c448f0fff48e1331fe64ae4019ea9ada1ecf284f5df66b0c677faf72e42a,27ed09599f88ca8a90bbed4c11c40f660c31b88ee0849764125c2c5ecbdf48cd,3,3,1.9999999525000003,6.0,9.9999998e-05,5.0,True,False,10,0,EXTENDED_PENDING_RESOURCE_GATE,COMPLETE_BASE_INSTANCE
C,4,6,random_ordered,64,0.5,32,0.01,aee338988d0e9e2e7c7c2d67866ac8963fdb74364f7d023ab1a43801415b74a1,27ed09599f88ca8a90bbed4c11c40f660c31b88ee0849764125c2c5ecbdf48cd,3,3,1.9995250335932284,6.0,0.0099980001,5.0,True,False,10,0,EXTENDED_PENDING_RESOURCE_GATE,COMPLETE_BASE_INSTANCE
C,4,6,random_ordered,64,0.5,32,0.1,e434204424bd08829d62e94284ec29cf7a89315e64cabe6e79ff08ace469119f,27ed09599f88ca8a90bbed4c11c40f660c31b88ee0849764125c2c5ecbdf48cd,3,3,1.9528354154152365,6.0,0.09801,5.0,True,False,10,0,EXTENDED_PENDING_RESOURCE_GATE,COMPLETE_BASE_INSTANCE
C,4,6,random_ordered,64,0.5,32,0.5,9fe459eb7bad3c5ca1684fe7b8337d89d39ac2b63144b2e275c8893a6cc00370,27ed09599f88ca8a90bbed4c11c40f660c31b88ee0849764125c2c5ecbdf48cd,3,3,1.0140612962242468,6.0,0.28124999999999994,5.0,True,False,10,0,EXTENDED_PENDING_RESOURCE_GATE,COMPLETE_BASE_INSTANCE
C,4,6,random_ordered,64,0.75,48,0.0001,f6a8d0d4728fb187cd24060e2807565c9f3d0540868aff6702ab7a589f261fcb,27ed09599f88ca8a90bbed4c11c40f660c31b88ee0849764125c2c5ecbdf48cd,3,3,1.9999999525000003,6.0,9.9999998e-05,5.0,True,False,10,0,EXTENDED_PENDING_RESOURCE_GATE,COMPLETE_BASE_INSTANCE
C,4,6,random_ordered,64,0.75,48,0.01,30e78c872d244cad02544ffc139454220c8278fb69845a02eb050d7bfd4bf474,27ed09599f88ca8a90bbed4c11c40f660c31b88ee0849764125c2c5ecbdf48cd,3,3,1.9995250335932284,6.0,0.0099980001,5.0,True,False,10,0,EXTENDED_PENDING_RESOURCE_GATE,COMPLETE_BASE_INSTANCE
C,4,6,random_ordered,64,0.75,48,0.1,33de6fe37ac99041d43533e915cd413b9f2aa3921f95b32194cea6eb203419d8,27ed09599f88ca8a90bbed4c11c40f660c31b88ee0849764125c2c5ecbdf48cd,3,3,1.9528354154152365,6.0,0.09801,5.0,True,False,10,0,EXTENDED_PENDING_RESOURCE_GATE,COMPLETE_BASE_INSTANCE
C,4,6,random_ordered,64,0.75,48,0.5,c7190c2c73fab37f4c3eaa96614985af45ef7ba7a92e882dcce4f448fc3a0be5,27ed09599f88ca8a90bbed4c11c40f660c31b88ee0849764125c2c5ecbdf48cd,3,3,1.0140612962242468,6.0,0.28124999999999994,5.0,True,False,10,0,EXTENDED_PENDING_RESOURCE_GATE,COMPLETE_BASE_INSTANCE
C,4,12,comb,2,0.125,1,0.0001,9dfd409cffbc529ed4033e5956b9912e0c8c06b194becfb7fc7f6737ab35cc10,d55caaf57f4d269165c118438a509a468243d6520cfcb7d37d7ccc5cf5df58d5,12,2,11.999998955000034,12.0,0.006599999175000035,11.0,True,False,10,0,EXTENDED_PENDING_RESOURCE_GATE,COMPLETE_BASE_INSTANCE
C,4,12,comb,2,0.125,1,0.01,4538b921ff929dfaece5f743208088e51d233ab4531a06c2ceb42e8b239eae0d,d55caaf57f4d269165c118438a509a468243d6520cfcb7d37d7ccc5cf5df58d5,12,2,11.989553461058371,12.0,0.6591753563310361,11.0,True,False,10,0,EXTENDED_PENDING_RESOURCE_GATE,COMPLETE_BASE_INSTANCE
C,4,12,comb,2,0.125,1,0.1,e338e1ce9f1b4c0e9f5d5f62da55361a3059d8272cf0b32fa1a0a9b057221352,d55caaf57f4d269165c118438a509a468243d6520cfcb7d37d7ccc5cf5df58d5,12,2,10.989116686439175,12.0,5.80995641753,11.0,True,False,10,0,EXTENDED_PENDING_RESOURCE_GATE,COMPLETE_BASE_INSTANCE
C,4,12,comb,2,0.125,1,0.5,4293795509e7676a9d9a20bcba547b3fed5550bdf064647341d9ccd6968b5c28,d55caaf57f4d269165c118438a509a468243d6520cfcb7d37d7ccc5cf5df58d5,12,2,1.6440429687499998,12.0,1.6440429687499998,11.0,True,False,10,0,EXTENDED_PENDING_RESOURCE_GATE,COMPLETE_BASE_INSTANCE
C,4,12,comb,2,0.25,1,0.0001,604edefcd1f46b1a85d01e01c20b635866b81e59c6abb371f4051505319c1a63,d55caaf57f4d269165c118438a509a468243d6520cfcb7d37d7ccc5cf5df58d5,12,2,11.999998955000034,12.0,0.006599999175000035,11.0,True,False,10,0,EXTENDED_PENDING_RESOURCE_GATE,COMPLETE_BASE_INSTANCE
C,4,12,comb,2,0.25,1,0.01,cd949e547fe270f1acd7deabebade80ae11d078798a0d719e9f1da8c20b6c5bf,d55caaf57f4d269165c118438a509a468243d6520cfcb7d37d7ccc5cf5df58d5,12,2,11.989553461058371,12.0,0.6591753563310361,11.0,True,False,10,0,EXTENDED_PENDING_RESOURCE_GATE,COMPLETE_BASE_INSTANCE
C,4,12,comb,2,0.25,1,0.1,38dd9ad81322bbce22dc9eb89bbe88ffd1779c7192a6fa2a5a532ec92ea7c867,d55caaf57f4d269165c118438a509a468243d6520cfcb7d37d7ccc5cf5df58d5,12,2,10.989116686439175,12.0,5.80995641753,11.0,True,False,10,0,EXTENDED_PENDING_RESOURCE_GATE,COMPLETE_BASE_INSTANCE
C,4,12,comb,2,0.25,1,0.5,59a1fb8fe45ad3b80179952ffa740bd26645d4b3230c61338371f16be9a35dfe,d55caaf57f4d269165c118438a509a468243d6520cfcb7d37d7ccc5cf5df58d5,12,2,1.6440429687499998,12.0,1.6440429687499998,11.0,True,False,10,0,EXTENDED_PENDING_RESOURCE_GATE,COMPLETE_BASE_INSTANCE
C,4,12,comb,2,0.5,1,0.0001,4d604b90b27f67a699e7d6cfa5d7ab24178954ffcd8f39df5fed879d1eaddea2,d55caaf57f4d269165c118438a509a468243d6520cfcb7d37d7ccc5cf5df58d5,12,2,11.999998955000034,12.0,0.006599999175000035,11.0,True,False,10,0,EXTENDED_PENDING_RESOURCE_GATE,COMPLETE_BASE_INSTANCE
C,4,12,comb,2,0.5,1,0.01,a9e07121d01ba672d082ed5b9424118654ee9fe286bf6a544c8d6cdc28096b96,d55caaf57f4d269165c118438a509a468243d6520cfcb7d37d7ccc5cf5df58d5,12,2,11.989553461058371,12.0,0.6591753563310361,11.0,True,False,10,0,EXTENDED_PENDING_RESOURCE_GATE,COMPLETE_BASE_INSTANCE
C,4,12,comb,2,0.5,1,0.1,4f28f075c06bc5c0fa2f658ca1f6863b79070e0e436b4561e613d5a8a3ae2328,d55caaf57f4d269165c118438a509a468243d6520cfcb7d37d7ccc5cf5df58d5,12,2,10.989116686439175,12.0,5.80995641753,11.0,True,False,10,0,EXTENDED_PENDING_RESOURCE_GATE,COMPLETE_BASE_INSTANCE
C,4,12,comb,2,0.5,1,0.5,cf05d912ada1d4be1645dc81ada5b1346bfdee8d49a67101c32b6e28a7bbbf98,d55caaf57f4d269165c118438a509a468243d6520cfcb7d37d7ccc5cf5df58d5,12,2,1.6440429687499998,12.0,1.6440429687499998,11.0,True,False,10,0,EXTENDED_PENDING_RESOURCE_GATE,COMPLETE_BASE_INSTANCE
C,4,12,comb,2,0.75,1,0.0001,6a6eb7b4835c6501da922cdb6358e1c36aef40178ae5e91f390252c74178a058,d55caaf57f4d269165c118438a509a468243d6520cfcb7d37d7ccc5cf5df58d5,12,2,11.999998955000034,12.0,0.006599999175000035,11.0,True,False,10,0,EXTENDED_PENDING_RESOURCE_GATE,COMPLETE_BASE_INSTANCE
C,4,12,comb,2,0.75,1,0.01,5af46e1f8fb8a9c9135734fdfe361346d30e984d028e5411137b0103ee27f0c6,d55caaf57f4d269165c118438a509a468243d6520cfcb7d37d7ccc5cf5df58d5,12,2,11.989553461058371,12.0,0.6591753563310361,11.0,True,False,10,0,EXTENDED_PENDING_RESOURCE_GATE,COMPLETE_BASE_INSTANCE
C,4,12,comb,2,0.75,1,0.1,be0a78b26b26e04af1779618edde641212af3140c51200bf7e0323711c867d28,d55caaf57f4d269165c118438a509a468243d6520cfcb7d37d7ccc5cf5df58d5,12,2,10.989116686439175,12.0,5.80995641753,11.0,True,False,10,0,EXTENDED_PENDING_RESOURCE_GATE,COMPLETE_BASE_INSTANCE
C,4,12,comb,2,0.75,1,0.5,d3ab282588fe703293c71f4775913e465e19bc2d0c20eaa50f9ac85200631164,d55caaf57f4d269165c118438a509a468243d6520cfcb7d37d7ccc5cf5df58d5,12,2,1.6440429687499998,12.0,1.6440429687499998,11.0,True,False,10,0,EXTENDED_PENDING_RESOURCE_GATE,COMPLETE_BASE_INSTANCE
C,4,12,comb,4,0.125,1,0.0001,d89107ab0ca9ee09ace0aa10adf8c892c325dd1a8c15d1d2c905190f6cd79372,d55caaf57f4d269165c118438a509a468243d6520cfcb7d37d7ccc5cf5df58d5,12,2,11.999998955000034,12.0,0.006599999175000035,11.0,True,False,10,0,EXTENDED_PENDING_RESOURCE_GATE,COMPLETE_BASE_INSTANCE
C,4,12,comb,4,0.125,1,0.01,2f50f54ac9dfde33bbb105df2f3b0ea6a411356a119cefecc3e30c84659a61da,d55caaf57f4d269165c118438a509a468243d6520cfcb7d37d7ccc5cf5df58d5,12,2,11.989553461058371,12.0,0.6591753563310361,11.0,True,False,10,0,EXTENDED_PENDING_RESOURCE_GATE,COMPLETE_BASE_INSTANCE
C,4,12,comb,4,0.125,1,0.1,3fb35b29b8fcb55643d412807514364930804abf92db75c5f2c71920ea89843c,d55caaf57f4d269165c118438a509a468243d6520cfcb7d37d7ccc5cf5df58d5,12,2,10.989116686439175,12.0,5.80995641753,11.0,True,False,10,0,EXTENDED_PENDING_RESOURCE_GATE,COMPLETE_BASE_INSTANCE
C,4,12,comb,4,0.125,1,0.5,2865539fbc41da87683a71918b322f41701a2f3996a6c80511d3ddcab1386d5c,d55caaf57f4d269165c118438a509a468243d6520cfcb7d37d7ccc5cf5df58d5,12,2,1.6440429687499998,12.0,1.6440429687499998,11.0,True,False,10,0,EXTENDED_PENDING_RESOURCE_GATE,COMPLETE_BASE_INSTANCE
C,4,12,comb,4,0.25,1,0.0001,1de24be0dff9eb6a3d909beeed01682820515eafb8570ffefb1abda258e4883f,d55caaf57f4d269165c118438a509a468243d6520cfcb7d37d7ccc5cf5df58d5,12,2,11.999998955000034,12.0,0.006599999175000035,11.0,True,False,10,0,EXTENDED_PENDING_RESOURCE_GATE,COMPLETE_BASE_INSTANCE
C,4,12,comb,4,0.25,1,0.01,4a7da3b09e419317bb5d16ba57d4c307de927ca37a69d5e0ce1117032bd29fc6,d55caaf57f4d269165c118438a509a468243d6520cfcb7d37d7ccc5cf5df58d5,12,2,11.989553461058371,12.0,0.6591753563310361,11.0,True,False,10,0,EXTENDED_PENDING_RESOURCE_GATE,COMPLETE_BASE_INSTANCE
C,4,12,comb,4,0.25,1,0.1,d89166e15e324c2985fea13c3e054c01c55ada4feaa72d3e53c84a1d247673fd,d55caaf57f4d269165c118438a509a468243d6520cfcb7d37d7ccc5cf5df58d5,12,2,10.989116686439175,12.0,5.80995641753,11.0,True,False,10,0,EXTENDED_PENDING_RESOURCE_GATE,COMPLETE_BASE_INSTANCE
C,4,12,comb,4,0.25,1,0.5,f1ed08a01aece07ffe5844afafac3aa6020470864e38165329e564947ebf8605,d55caaf57f4d269165c118438a509a468243d6520cfcb7d37d7ccc5cf5df58d5,12,2,1.6440429687499998,12.0,1.6440429687499998,11.0,True,False,10,0,EXTENDED_PENDING_RESOURCE_GATE,COMPLETE_BASE_INSTANCE
C,4,12,comb,4,0.5,2,0.0001,464d6124b967d91a0635795399729960ccd2c74443b3636f810bd8c40d0795e1,d55caaf57f4d269165c118438a509a468243d6520cfcb7d37d7ccc5cf5df58d5,12,2,11.999998955000034,12.0,0.006599999175000035,11.0,True,False,10,0,EXTENDED_PENDING_RESOURCE_GATE,COMPLETE_BASE_INSTANCE
C,4,12,comb,4,0.5,2,0.01,a40120dcb727909e5b3d8d6966162a00a72335fe4e76128e0e56c68452e56ad4,d55caaf57f4d269165c118438a509a468243d6520cfcb7d37d7ccc5cf5df58d5,12,2,11.989553461058371,12.0,0.6591753563310361,11.0,True,False,10,0,EXTENDED_PENDING_RESOURCE_GATE,COMPLETE_BASE_INSTANCE
C,4,12,comb,4,0.5,2,0.1,51a803bd336d0699ab23734dab8998b908a80b68a9b310a238569e0401726937,d55caaf57f4d269165c118438a509a468243d6520cfcb7d37d7ccc5cf5df58d5,12,2,10.989116686439175,12.0,5.80995641753,11.0,True,False,10,0,EXTENDED_PENDING_RESOURCE_GATE,COMPLETE_BASE_INSTANCE
C,4,12,comb,4,0.5,2,0.5,49ec39dc1a6a697883231450f7b120fec01e44cab0d440972940418d30cdfca0,d55caaf57f4d269165c118438a509a468243d6520cfcb7d37d7ccc5cf5df58d5,12,2,1.6440429687499998,12.0,1.6440429687499998,11.0,True,False,10,0,EXTENDED_PENDING_RESOURCE_GATE,COMPLETE_BASE_INSTANCE
C,4,12,comb,4,0.75,3,0.0001,1bb18708f92392751f491ec2a2a1b118a7d6f605fd538817da2c92d01d5a07fd,d55caaf57f4d269165c118438a509a468243d6520cfcb7d37d7ccc5cf5df58d5,12,2,11.999998955000034,12.0,0.006599999175000035,11.0,True,False,10,0,EXTENDED_PENDING_RESOURCE_GATE,COMPLETE_BASE_INSTANCE
C,4,12,comb,4,0.75,3,0.01,972d3a694e0aee37a74b86d55f70064de45535e90cea058e4356c1c3df5386b5,d55caaf57f4d269165c118438a509a468243d6520cfcb7d37d7ccc5cf5df58d5,12,2,11.989553461058371,12.0,0.6591753563310361,11.0,True,False,10,0,EXTENDED_PENDING_RESOURCE_GATE,COMPLETE_BASE_INSTANCE
C,4,12,comb,4,0.75,3,0.1,5e75b162493f4220a482b8544840753524fe2fbc9d9bebe8289ca2b1347bea72,d55caaf57f4d269165c118438a509a468243d6520cfcb7d37d7ccc5cf5df58d5,12,2,10.989116686439175,12.0,5.80995641753,11.0,True,False,10,0,EXTENDED_PENDING_RESOURCE_GATE,COMPLETE_BASE_INSTANCE
C,4,12,comb,4,0.75,3,0.5,712a43bc912b2e9d42896e71017892cf05d29c24379fc7e6ce7affef2e97bcb1,d55caaf57f4d269165c118438a509a468243d6520cfcb7d37d7ccc5cf5df58d5,12,2,1.6440429687499998,12.0,1.6440429687499998,11.0,True,False,10,0,EXTENDED_PENDING_RESOURCE_GATE,COMPLETE_BASE_INSTANCE
C,4,12,comb,8,0.125,1,0.0001,0be75a81d5a67457930216aecc20a1c670204f09a2b88f2ab7d1ef2335e74b25,d55caaf57f4d269165c118438a509a468243d6520cfcb7d37d7ccc5cf5df58d5,12,2,11.999998955000034,12.0,0.006599999175000035,11.0,True,False,10,0,EXTENDED_PENDING_RESOURCE_GATE,COMPLETE_BASE_INSTANCE
C,4,12,comb,8,0.125,1,0.01,53ee16264329246f46f04021f944e82e213157dd301a13802ba4452b4eb4d1f9,d55caaf57f4d269165c118438a509a468243d6520cfcb7d37d7ccc5cf5df58d5,12,2,11.989553461058371,12.0,0.6591753563310361,11.0,True,False,10,0,EXTENDED_PENDING_RESOURCE_GATE,COMPLETE_BASE_INSTANCE
C,4,12,comb,8,0.125,1,0.1,b91a0aab141a1908ea09e6d3cd19ff7fb72c138569bab04c6a91e29a07b69b2a,d55caaf57f4d269165c118438a509a468243d6520cfcb7d37d7ccc5cf5df58d5,12,2,10.989116686439175,12.0,5.80995641753,11.0,True,False,10,0,EXTENDED_PENDING_RESOURCE_GATE,COMPLETE_BASE_INSTANCE
C,4,12,comb,8,0.125,1,0.5,c9d34ce49bbdf77ff129336bacc3e9f766f6b8cb720c9e251c1219659012a7b9,d55caaf57f4d269165c118438a509a468243d6520cfcb7d37d7ccc5cf5df58d5,12,2,1.6440429687499998,12.0,1.6440429687499998,11.0,True,False,10,0,EXTENDED_PENDING_RESOURCE_GATE,COMPLETE_BASE_INSTANCE
C,4,12,comb,8,0.25,2,0.0001,72d198b9361da8addc6159ea38fe32bdcdb809adef49f69566d88e5575bd464f,d55caaf57f4d269165c118438a509a468243d6520cfcb7d37d7ccc5cf5df58d5,12,2,11.999998955000034,12.0,0.006599999175000035,11.0,True,False,10,0,EXTENDED_PENDING_RESOURCE_GATE,COMPLETE_BASE_INSTANCE
C,4,12,comb,8,0.25,2,0.01,e579f4bc4450d778d34b6403feb7e52d624a59bf6332bc04476b2efa939c233e,d55caaf57f4d269165c118438a509a468243d6520cfcb7d37d7ccc5cf5df58d5,12,2,11.989553461058371,12.0,0.6591753563310361,11.0,True,False,10,0,EXTENDED_PENDING_RESOURCE_GATE,COMPLETE_BASE_INSTANCE
C,4,12,comb,8,0.25,2,0.1,f4ab0956a16e56e77fa229f7d58bd973ae540073b7b475efd3735dd407e7cf04,d55caaf57f4d269165c118438a509a468243d6520cfcb7d37d7ccc5cf5df58d5,12,2,10.989116686439175,12.0,5.80995641753,11.0,True,False,10,0,EXTENDED_PENDING_RESOURCE_GATE,COMPLETE_BASE_INSTANCE
C,4,12,comb,8,0.25,2,0.5,03ed46d60e4069e0a772ed0bcc3791cb20d67badabd10978550756e2d3756208,d55caaf57f4d269165c118438a509a468243d6520cfcb7d37d7ccc5cf5df58d5,12,2,1.6440429687499998,12.0,1.6440429687499998,11.0,True,False,10,0,EXTENDED_PENDING_RESOURCE_GATE,COMPLETE_BASE_INSTANCE
C,4,12,comb,8,0.5,4,0.0001,59d6acd78369e6ee5e69065a1c7ca133259668a00657bdf9fcae69a118b787ee,d55caaf57f4d269165c118438a509a468243d6520cfcb7d37d7ccc5cf5df58d5,12,2,11.999998955000034,12.0,0.006599999175000035,11.0,True,False,10,0,EXTENDED_PENDING_RESOURCE_GATE,COMPLETE_BASE_INSTANCE
C,4,12,comb,8,0.5,4,0.01,b80092916f8f0bb055fef0449cbf16329861033b73fab8c463e575e2178f2249,d55caaf57f4d269165c118438a509a468243d6520cfcb7d37d7ccc5cf5df58d5,12,2,11.989553461058371,12.0,0.6591753563310361,11.0,True,False,10,0,EXTENDED_PENDING_RESOURCE_GATE,COMPLETE_BASE_INSTANCE
C,4,12,comb,8,0.5,4,0.1,671bffbec0159c68108998f516f55764bdc283fd6452c1b34af3cce05712d798,d55caaf57f4d269165c118438a509a468243d6520cfcb7d37d7ccc5cf5df58d5,12,2,10.989116686439175,12.0,5.80995641753,11.0,True,False,10,0,EXTENDED_PENDING_RESOURCE_GATE,COMPLETE_BASE_INSTANCE
C,4,12,comb,8,0.5,4,0.5,7d009a90c153f2e761a514ea7a5eabccbed99e2f4167bbf1171e5ab50ba6fcc2,d55caaf57f4d269165c118438a509a468243d6520cfcb7d37d7ccc5cf5df58d5,12,2,1.6440429687499998,12.0,1.6440429687499998,11.0,True,False,10,0,EXTENDED_PENDING_RESOURCE_GATE,COMPLETE_BASE_INSTANCE
C,4,12,comb,8,0.75,6,0.0001,1909fe9ba499243ea8c3765a5b8dd86daedd8975e55c6b70b0019d0be0492f97,d55caaf57f4d269165c118438a509a468243d6520cfcb7d37d7ccc5cf5df58d5,12,2,11.999998955000034,12.0,0.006599999175000035,11.0,True,False,10,0,EXTENDED_PENDING_RESOURCE_GATE,COMPLETE_BASE_INSTANCE
C,4,12,comb,8,0.75,6,0.01,0f2c4322aad28dc90ae4b010baac6d2b142516b2b1d2bcb52d91578bfb9bc3d9,d55caaf57f4d269165c118438a509a468243d6520cfcb7d37d7ccc5cf5df58d5,12,2,11.989553461058371,12.0,0.6591753563310361,11.0,True,False,10,0,EXTENDED_PENDING_RESOURCE_GATE,COMPLETE_BASE_INSTANCE
C,4,12,comb,8,0.75,6,0.1,8d16f7cfd1c027cf9ac44c493ed400400eee81b4a4965014c67da2f1dcd8952a,d55caaf57f4d269165c118438a509a468243d6520cfcb7d37d7ccc5cf5df58d5,12,2,10.989116686439175,12.0,5.80995641753,11.0,True,False,10,0,EXTENDED_PENDING_RESOURCE_GATE,COMPLETE_BASE_INSTANCE
C,4,12,comb,8,0.75,6,0.5,7e8ad6e9f61718213f0f379821cd26b728e92d70a3e2ca72c9037e5a5bdf43fc,d55caaf57f4d269165c118438a509a468243d6520cfcb7d37d7ccc5cf5df58d5,12,2,1.6440429687499998,12.0,1.6440429687499998,11.0,True,False,10,0,EXTENDED_PENDING_RESOURCE_GATE,COMPLETE_BASE_INSTANCE
C,4,12,comb,16,0.125,2,0.0001,a5ff41dd0db04c0104c992abd6a3d1ca3233de3cacc963f8bd2e1c1bc2fbb126,d55caaf57f4d269165c118438a509a468243d6520cfcb7d37d7ccc5cf5df58d5,12,2,11.999998955000034,12.0,0.006599999175000035,11.0,True,False,10,0,EXTENDED_PENDING_RESOURCE_GATE,COMPLETE_BASE_INSTANCE
C,4,12,comb,16,0.125,2,0.01,e9ba3c10a9f304f84c86a9e164be54af5a42c66d98f12bcc7ccbfe7a704f7c1e,d55caaf57f4d269165c118438a509a468243d6520cfcb7d37d7ccc5cf5df58d5,12,2,11.989553461058371,12.0,0.6591753563310361,11.0,True,False,10,0,EXTENDED_PENDING_RESOURCE_GATE,COMPLETE_BASE_INSTANCE
C,4,12,comb,16,0.125,2,0.1,cb06fc574269baa502baa382443efbc6fd0970aab2e55610c54e5f437f6ad33b,d55caaf57f4d269165c118438a509a468243d6520cfcb7d37d7ccc5cf5df58d5,12,2,10.989116686439175,12.0,5.80995641753,11.0,True,False,10,0,EXTENDED_PENDING_RESOURCE_GATE,COMPLETE_BASE_INSTANCE
C,4,12,comb,16,0.125,2,0.5,cc2832329a95c013567b4deff8183dd259da239219bb7ec430c2bb8698fc4c13,d55caaf57f4d269165c118438a509a468243d6520cfcb7d37d7ccc5cf5df58d5,12,2,1.6440429687499998,12.0,1.6440429687499998,11.0,True,False,10,0,EXTENDED_PENDING_RESOURCE_GATE,COMPLETE_BASE_INSTANCE
C,4,12,comb,16,0.25,4,0.0001,7b8f17a7d16a7a995e05167afaa1fbb054602a6bc1bd5b63154e1d5a7e4a6e8e,d55caaf57f4d269165c118438a509a468243d6520cfcb7d37d7ccc5cf5df58d5,12,2,11.999998955000034,12.0,0.006599999175000035,11.0,True,False,10,0,EXTENDED_PENDING_RESOURCE_GATE,COMPLETE_BASE_INSTANCE
C,4,12,comb,16,0.25,4,0.01,f4d9fcb74d0d8990ee99feb4951694c808fa4ba081ec8749adfe8b30c297fe03,d55caaf57f4d269165c118438a509a468243d6520cfcb7d37d7ccc5cf5df58d5,12,2,11.989553461058371,12.0,0.6591753563310361,11.0,True,False,10,0,EXTENDED_PENDING_RESOURCE_GATE,COMPLETE_BASE_INSTANCE
C,4,12,comb,16,0.25,4,0.1,bc7348725cb60e3d50c1a600303c17cd1613653afae38bc58f0a0e9f8b5b2889,d55caaf57f4d269165c118438a509a468243d6520cfcb7d37d7ccc5cf5df58d5,12,2,10.989116686439175,12.0,5.80995641753,11.0,True,False,10,0,EXTENDED_PENDING_RESOURCE_GATE,COMPLETE_BASE_INSTANCE
C,4,12,comb,16,0.25,4,0.5,fb56acf26e28b7ac82d6df8c9d3d440f3860109258541ae944d32fffc9b24516,d55caaf57f4d269165c118438a509a468243d6520cfcb7d37d7ccc5cf5df58d5,12,2,1.6440429687499998,12.0,1.6440429687499998,11.0,True,False,10,0,EXTENDED_PENDING_RESOURCE_GATE,COMPLETE_BASE_INSTANCE
C,4,12,comb,16,0.5,8,0.0001,239ee32c13ed4c3255793a4fff0ecf454f874b37afcabbafe28fd1c23f87866d,d55caaf57f4d269165c118438a509a468243d6520cfcb7d37d7ccc5cf5df58d5,12,2,11.999998955000034,12.0,0.006599999175000035,11.0,True,False,10,0,EXTENDED_PENDING_RESOURCE_GATE,COMPLETE_BASE_INSTANCE
C,4,12,comb,16,0.5,8,0.01,8ed9d5df8ffdee1c758405b398068f481b706c0240651a488979ccd8ef9d284f,d55caaf57f4d269165c118438a509a468243d6520cfcb7d37d7ccc5cf5df58d5,12,2,11.989553461058371,12.0,0.6591753563310361,11.0,True,False,10,0,EXTENDED_PENDING_RESOURCE_GATE,COMPLETE_BASE_INSTANCE
C,4,12,comb,16,0.5,8,0.1,71e2759976a97d532e8b8bc754ef964fc9ae20c5ccdde089672d39fc805f99c8,d55caaf57f4d269165c118438a509a468243d6520cfcb7d37d7ccc5cf5df58d5,12,2,10.989116686439175,12.0,5.80995641753,11.0,True,False,10,0,EXTENDED_PENDING_RESOURCE_GATE,COMPLETE_BASE_INSTANCE
C,4,12,comb,16,0.5,8,0.5,9ddd026dd061efed59b31d050385d1fd89e900c0dfc35722d409cadbd7af9460,d55caaf57f4d269165c118438a509a468243d6520cfcb7d37d7ccc5cf5df58d5,12,2,1.6440429687499998,12.0,1.6440429687499998,11.0,True,False,10,0,EXTENDED_PENDING_RESOURCE_GATE,COMPLETE_BASE_INSTANCE
C,4,12,comb,16,0.75,12,0.0001,05f27f75755e9f20afb5a932e213941017867ffb73b5476845903df38803cd9d,d55caaf57f4d269165c118438a509a468243d6520cfcb7d37d7ccc5cf5df58d5,12,2,11.999998955000034,12.0,0.006599999175000035,11.0,True,False,10,0,EXTENDED_PENDING_RESOURCE_GATE,COMPLETE_BASE_INSTANCE
C,4,12,comb,16,0.75,12,0.01,85f431bdb4b727b4e28b42db24863369eb75c0f8e66c99a52d6733baae3a2724,d55caaf57f4d269165c118438a509a468243d6520cfcb7d37d7ccc5cf5df58d5,12,2,11.989553461058371,12.0,0.6591753563310361,11.0,True,False,10,0,EXTENDED_PENDING_RESOURCE_GATE,COMPLETE_BASE_INSTANCE
C,4,12,comb,16,0.75,12,0.1,a5d4641ce95577cf381f00ebdb100a3b5aafe932e3a620f5f122e5d3c58c76cc,d55caaf57f4d269165c118438a509a468243d6520cfcb7d37d7ccc5cf5df58d5,12,2,10.989116686439175,12.0,5.80995641753,11.0,True,False,10,0,EXTENDED_PENDING_RESOURCE_GATE,COMPLETE_BASE_INSTANCE
C,4,12,comb,16,0.75,12,0.5,8c1b1ece491eb4de04ed15ec13f5ae9501918fcdbc8559b08677ca07d3a56abd,d55caaf57f4d269165c118438a509a468243d6520cfcb7d37d7ccc5cf5df58d5,12,2,1.6440429687499998,12.0,1.6440429687499998,11.0,True,False,10,0,EXTENDED_PENDING_RESOURCE_GATE,COMPLETE_BASE_INSTANCE
C,4,12,comb,32,0.125,4,0.0001,12c0b4a52a87acb6701f95560b5c5fbd890191d4cb261bfcb3e22dab0cb78f5b,d55caaf57f4d269165c118438a509a468243d6520cfcb7d37d7ccc5cf5df58d5,12,2,11.999998955000034,12.0,0.006599999175000035,11.0,True,False,10,0,EXTENDED_PENDING_RESOURCE_GATE,COMPLETE_BASE_INSTANCE
C,4,12,comb,32,0.125,4,0.01,95f1ad1adf563005e8cfc98f6e630fd0dcb4813630deaa1e788e8445b7cc5e05,d55caaf57f4d269165c118438a509a468243d6520cfcb7d37d7ccc5cf5df58d5,12,2,11.989553461058371,12.0,0.6591753563310361,11.0,True,False,10,0,EXTENDED_PENDING_RESOURCE_GATE,COMPLETE_BASE_INSTANCE
C,4,12,comb,32,0.125,4,0.1,73da04916de94632f7c2e1aa29c4d9a0fd3b24e495b3360ebbfed6c17eead7fb,d55caaf57f4d269165c118438a509a468243d6520cfcb7d37d7ccc5cf5df58d5,12,2,10.989116686439175,12.0,5.80995641753,11.0,True,False,10,0,EXTENDED_PENDING_RESOURCE_GATE,COMPLETE_BASE_INSTANCE
C,4,12,comb,32,0.125,4,0.5,fbbf733630377ee795d6cc189b99fa929c1b3e2b394636c847dea3338460b048,d55caaf57f4d269165c118438a509a468243d6520cfcb7d37d7ccc5cf5df58d5,12,2,1.6440429687499998,12.0,1.6440429687499998,11.0,True,False,10,0,EXTENDED_PENDING_RESOURCE_GATE,COMPLETE_BASE_INSTANCE
C,4,12,comb,32,0.25,8,0.0001,f5f75b52900ad32c74b3a7249afa3578e54ae410cb75b17d7768f39e9cfbf7a1,d55caaf57f4d269165c118438a509a468243d6520cfcb7d37d7ccc5cf5df58d5,12,2,11.999998955000034,12.0,0.006599999175000035,11.0,True,False,10,0,EXTENDED_PENDING_RESOURCE_GATE,COMPLETE_BASE_INSTANCE
C,4,12,comb,32,0.25,8,0.01,4e7e7b1408d2a843d4e94a62d4449354480b479a65af1b62f9ee51a3e588fe3d,d55caaf57f4d269165c118438a509a468243d6520cfcb7d37d7ccc5cf5df58d5,12,2,11.989553461058371,12.0,0.6591753563310361,11.0,True,False,10,0,EXTENDED_PENDING_RESOURCE_GATE,COMPLETE_BASE_INSTANCE
C,4,12,comb,32,0.25,8,0.1,8245fc65bd77cf10f808e1ff3e1a6ae636d7730595773df43b66f0cb4e652925,d55caaf57f4d269165c118438a509a468243d6520cfcb7d37d7ccc5cf5df58d5,12,2,10.989116686439175,12.0,5.80995641753,11.0,True,False,10,0,EXTENDED_PENDING_RESOURCE_GATE,COMPLETE_BASE_INSTANCE
C,4,12,comb,32,0.25,8,0.5,6375d8f52c3e66044a59d8222225f47582dd0c3054cb9a1c50aff2c98d1e305d,d55caaf57f4d269165c118438a509a468243d6520cfcb7d37d7ccc5cf5df58d5,12,2,1.6440429687499998,12.0,1.6440429687499998,11.0,True,False,10,0,EXTENDED_PENDING_RESOURCE_GATE,COMPLETE_BASE_INSTANCE
C,4,12,comb,32,0.5,16,0.0001,0d49b4faae32e714f10b5bbca950165a35b807765a22eef991dda927c9e1f35d,d55caaf57f4d269165c118438a509a468243d6520cfcb7d37d7ccc5cf5df58d5,12,2,11.999998955000034,12.0,0.006599999175000035,11.0,True,False,10,0,EXTENDED_PENDING_RESOURCE_GATE,COMPLETE_BASE_INSTANCE
C,4,12,comb,32,0.5,16,0.01,4c9fe5841f418e88a967ed2364924fe79bea4ce60fbd3a273a970f23f49ead5c,d55caaf57f4d269165c118438a509a468243d6520cfcb7d37d7ccc5cf5df58d5,12,2,11.989553461058371,12.0,0.6591753563310361,11.0,True,False,10,0,EXTENDED_PENDING_RESOURCE_GATE,COMPLETE_BASE_INSTANCE
C,4,12,comb,32,0.5,16,0.1,230f08966b3da8d26d9e33a518446eeb8925de5fbaa7d8906787de1c10a716a6,d55caaf57f4d269165c118438a509a468243d6520cfcb7d37d7ccc5cf5df58d5,12,2,10.989116686439175,12.0,5.80995641753,11.0,True,False,10,0,EXTENDED_PENDING_RESOURCE_GATE,COMPLETE_BASE_INSTANCE
C,4,12,comb,32,0.5,16,0.5,7730aeb44a69ec4672f3eb2c04db86e9141d3a0b65c5957d13daa157c81a2528,d55caaf57f4d269165c118438a509a468243d6520cfcb7d37d7ccc5cf5df58d5,12,2,1.6440429687499998,12.0,1.6440429687499998,11.0,True,False,10,0,EXTENDED_PENDING_RESOURCE_GATE,COMPLETE_BASE_INSTANCE
C,4,12,comb,32,0.75,24,0.0001,296de809ff651a20e4b4262532a22e6d7c9b45e6e9e2362cfb3a6fb2c42fae6b,d55caaf57f4d269165c118438a509a468243d6520cfcb7d37d7ccc5cf5df58d5,12,2,11.999998955000034,12.0,0.006599999175000035,11.0,True,False,10,0,EXTENDED_PENDING_RESOURCE_GATE,COMPLETE_BASE_INSTANCE
C,4,12,comb,32,0.75,24,0.01,148563d5d3662d3caec21984a0bac0c34511c5d81e3fd04c6a9b01bd5b3591dd,d55caaf57f4d269165c118438a509a468243d6520cfcb7d37d7ccc5cf5df58d5,12,2,11.989553461058371,12.0,0.6591753563310361,11.0,True,False,10,0,EXTENDED_PENDING_RESOURCE_GATE,COMPLETE_BASE_INSTANCE
C,4,12,comb,32,0.75,24,0.1,171e94c14cfb5704978559cdb0e84cc3ccfdd0123c0f22fd68701e635148ec47,d55caaf57f4d269165c118438a509a468243d6520cfcb7d37d7ccc5cf5df58d5,12,2,10.989116686439175,12.0,5.80995641753,11.0,True,False,10,0,EXTENDED_PENDING_RESOURCE_GATE,COMPLETE_BASE_INSTANCE
C,4,12,comb,32,0.75,24,0.5,4416d79557caaa45bf2cdfb9d7aef160eae5aa127409f0eb00372871a959cb03,d55caaf57f4d269165c118438a509a468243d6520cfcb7d37d7ccc5cf5df58d5,12,2,1.6440429687499998,12.0,1.6440429687499998,11.0,True,False,10,0,EXTENDED_PENDING_RESOURCE_GATE,COMPLETE_BASE_INSTANCE
C,4,12,comb,64,0.125,8,0.0001,10e4cc6f43293e31013f52a21deeb81ab6a32f3ad8ed0e65353a87066c68163c,d55caaf57f4d269165c118438a509a468243d6520cfcb7d37d7ccc5cf5df58d5,12,2,11.999998955000034,12.0,0.006599999175000035,11.0,True,False,10,0,EXTENDED_PENDING_RESOURCE_GATE,COMPLETE_BASE_INSTANCE
C,4,12,comb,64,0.125,8,0.01,35cb536b67010578463ab815746cfa74909b4629e60b515023bf2a0ac7d67f5b,d55caaf57f4d269165c118438a509a468243d6520cfcb7d37d7ccc5cf5df58d5,12,2,11.989553461058371,12.0,0.6591753563310361,11.0,True,False,10,0,EXTENDED_PENDING_RESOURCE_GATE,COMPLETE_BASE_INSTANCE
C,4,12,comb,64,0.125,8,0.1,c0344d29ec00a1dc7d8fc8ee339873bc4727f8ab12b761bb2c432a5493ba8939,d55caaf57f4d269165c118438a509a468243d6520cfcb7d37d7ccc5cf5df58d5,12,2,10.989116686439175,12.0,5.80995641753,11.0,True,False,10,0,EXTENDED_PENDING_RESOURCE_GATE,COMPLETE_BASE_INSTANCE
C,4,12,comb,64,0.125,8,0.5,6d1d57e29265294f8f060b319a4ca2dc2f08ee4c6d1fe2eb7f01f3883aead380,d55caaf57f4d269165c118438a509a468243d6520cfcb7d37d7ccc5cf5df58d5,12,2,1.6440429687499998,12.0,1.6440429687499998,11.0,True,False,10,0,EXTENDED_PENDING_RESOURCE_GATE,COMPLETE_BASE_INSTANCE
C,4,12,comb,64,0.25,16,0.0001,3f95dff80f66fd3a233eb9a2b26d2c7ed19670d91d199c79ac152ff2192ce819,d55caaf57f4d269165c118438a509a468243d6520cfcb7d37d7ccc5cf5df58d5,12,2,11.999998955000034,12.0,0.006599999175000035,11.0,True,False,10,0,EXTENDED_PENDING_RESOURCE_GATE,COMPLETE_BASE_INSTANCE
C,4,12,comb,64,0.25,16,0.01,765148f006e825f464b9c3e3ce12f4eb7f2f1759ff389dea904cf360b4bc226c,d55caaf57f4d269165c118438a509a468243d6520cfcb7d37d7ccc5cf5df58d5,12,2,11.989553461058371,12.0,0.6591753563310361,11.0,True,False,10,0,EXTENDED_PENDING_RESOURCE_GATE,COMPLETE_BASE_INSTANCE
C,4,12,comb,64,0.25,16,0.1,8f359b41d98141555838cbbdda26fc0dcb464b43fa12334e98cf9775fb0a2324,d55caaf57f4d269165c118438a509a468243d6520cfcb7d37d7ccc5cf5df58d5,12,2,10.989116686439175,12.0,5.80995641753,11.0,True,False,10,0,EXTENDED_PENDING_RESOURCE_GATE,COMPLETE_BASE_INSTANCE
C,4,12,comb,64,0.25,16,0.5,0b00010d82a7eb06cd80ba2a23d597ce646c3f0e475067c7a3488d17bb10a2ed,d55caaf57f4d269165c118438a509a468243d6520cfcb7d37d7ccc5cf5df58d5,12,2,1.6440429687499998,12.0,1.6440429687499998,11.0,True,False,10,0,EXTENDED_PENDING_RESOURCE_GATE,COMPLETE_BASE_INSTANCE
C,4,12,comb,64,0.5,32,0.0001,aa0f87b41314b6b634012a63604d9a6f7041a0d4bbb9e94f05c6e6cdf11661c2,d55caaf57f4d269165c118438a509a468243d6520cfcb7d37d7ccc5cf5df58d5,12,2,11.999998955000034,12.0,0.006599999175000035,11.0,True,False,10,0,EXTENDED_PENDING_RESOURCE_GATE,COMPLETE_BASE_INSTANCE
C,4,12,comb,64,0.5,32,0.01,72f7f5ddafe55e96a4a1573c903f3417618909dc3888e3852e9b44f6ec45938c,d55caaf57f4d269165c118438a509a468243d6520cfcb7d37d7ccc5cf5df58d5,12,2,11.989553461058371,12.0,0.6591753563310361,11.0,True,False,10,0,EXTENDED_PENDING_RESOURCE_GATE,COMPLETE_BASE_INSTANCE
C,4,12,comb,64,0.5,32,0.1,b296888ca01f5f58f0d13d64dab658bb0bbe540f987507921cdac4d01c00bea2,d55caaf57f4d269165c118438a509a468243d6520cfcb7d37d7ccc5cf5df58d5,12,2,10.989116686439175,12.0,5.80995641753,11.0,True,False,10,0,EXTENDED_PENDING_RESOURCE_GATE,COMPLETE_BASE_INSTANCE
C,4,12,comb,64,0.5,32,0.5,ff7576e935d80d167cafa5332ac545ba09b18d6642a44d52917243ffd0c5680f,d55caaf57f4d269165c118438a509a468243d6520cfcb7d37d7ccc5cf5df58d5,12,2,1.6440429687499998,12.0,1.6440429687499998,11.0,True,False,10,0,EXTENDED_PENDING_RESOURCE_GATE,COMPLETE_BASE_INSTANCE
C,4,12,comb,64,0.75,48,0.0001,8ff46079be98bd47e1ef00897495a3465959a450306adc10a77741df7d1cf884,d55caaf57f4d269165c118438a509a468243d6520cfcb7d37d7ccc5cf5df58d5,12,2,11.999998955000034,12.0,0.006599999175000035,11.0,True,False,10,0,EXTENDED_PENDING_RESOURCE_GATE,COMPLETE_BASE_INSTANCE
C,4,12,comb,64,0.75,48,0.01,cd2c91c1a209801d8a195cbd8627df85db05a5613202c4622d67c1ad040520e8,d55caaf57f4d269165c118438a509a468243d6520cfcb7d37d7ccc5cf5df58d5,12,2,11.989553461058371,12.0,0.6591753563310361,11.0,True,False,10,0,EXTENDED_PENDING_RESOURCE_GATE,COMPLETE_BASE_INSTANCE
C,4,12,comb,64,0.75,48,0.1,d064ebc5f373fc05a01639be341221a3157134d68e3c79d200265ec1d461ad23,d55caaf57f4d269165c118438a509a468243d6520cfcb7d37d7ccc5cf5df58d5,12,2,10.989116686439175,12.0,5.80995641753,11.0,True,False,10,0,EXTENDED_PENDING_RESOURCE_GATE,COMPLETE_BASE_INSTANCE
C,4,12,comb,64,0.75,48,0.5,563c3630287947088a720562d45b07d8072e595057297589d105bdfdd352ab5a,d55caaf57f4d269165c118438a509a468243d6520cfcb7d37d7ccc5cf5df58d5,12,2,1.6440429687499998,12.0,1.6440429687499998,11.0,True,False,10,0,EXTENDED_PENDING_RESOURCE_GATE,COMPLETE_BASE_INSTANCE
C,4,12,balanced,2,0.125,1,0.0001,3c169c14fa43e1373a97b0e0d8eb1f270ca595156b8ae7aef4da030d3474a910,875f4c343644fcf429026f43231d77cfadbb2306d3c1e6908fc98e5a3da4aea4,3,4,2.9999997950000057,12.0,0.0005999999580000011,11.0,True,False,10,0,EXTENDED_PENDING_RESOURCE_GATE,COMPLETE_BASE_INSTANCE
C,4,12,balanced,2,0.125,1,0.01,df21b80da3ecde095409090fd5db6d22a189cebada42d89e1cf5aef4701b3b08,875f4c343644fcf429026f43231d77cfadbb2306d3c1e6908fc98e5a3da4aea4,3,4,2.99795057116886,12.0,0.059958011798350114,11.0,True,False,10,0,EXTENDED_PENDING_RESOURCE_GATE,COMPLETE_BASE_INSTANCE
C,4,12,balanced,2,0.125,1,0.1,79dc46b1e9321108055e7c0cd5dd4d5da8b3af0f7f9088eea84222d05a321e09,875f4c343644fcf429026f43231d77cfadbb2306d3c1e6908fc98e5a3da4aea4,3,4,2.800631948420247,12.0,0.5591636136899999,11.0,True,False,10,0,EXTENDED_PENDING_RESOURCE_GATE,COMPLETE_BASE_INSTANCE
C,4,12,balanced,2,0.125,1,0.5,ea8af9fa0a14ae5a3b2ac37a92e3e5d9fd76c27b208567a895037c3ecda84fb3,875f4c343644fcf429026f43231d77cfadbb2306d3c1e6908fc98e5a3da4aea4,3,4,0.391244930441678,12.0,0.35595703124999994,11.0,True,False,10,0,EXTENDED_PENDING_RESOURCE_GATE,COMPLETE_BASE_INSTANCE
C,4,12,balanced,2,0.25,1,0.0001,f8121e40072e2544cb1bfc852f070afe2df994c689a6496d1eadf549c1850404,875f4c343644fcf429026f43231d77cfadbb2306d3c1e6908fc98e5a3da4aea4,3,4,2.9999997950000057,12.0,0.0005999999580000011,11.0,True,False,10,0,EXTENDED_PENDING_RESOURCE_GATE,COMPLETE_BASE_INSTANCE
C,4,12,balanced,2,0.25,1,0.01,3b0fc710cfb74185fa64b3d903c36ee37daf4a72dfb26a27bd1dc98cb1355911,875f4c343644fcf429026f43231d77cfadbb2306d3c1e6908fc98e5a3da4aea4,3,4,2.99795057116886,12.0,0.059958011798350114,11.0,True,False,10,0,EXTENDED_PENDING_RESOURCE_GATE,COMPLETE_BASE_INSTANCE
C,4,12,balanced,2,0.25,1,0.1,8e60487e66a281d31ed9671fb675d02f812ffd5e40516e6860109aef80aeb8f5,875f4c343644fcf429026f43231d77cfadbb2306d3c1e6908fc98e5a3da4aea4,3,4,2.800631948420247,12.0,0.5591636136899999,11.0,True,False,10,0,EXTENDED_PENDING_RESOURCE_GATE,COMPLETE_BASE_INSTANCE
C,4,12,balanced,2,0.25,1,0.5,ddb619effab35e402c3d09b534a80ba24aeedbc85b91995c1f8f7262344803d4,875f4c343644fcf429026f43231d77cfadbb2306d3c1e6908fc98e5a3da4aea4,3,4,0.391244930441678,12.0,0.35595703124999994,11.0,True,False,10,0,EXTENDED_PENDING_RESOURCE_GATE,COMPLETE_BASE_INSTANCE
C,4,12,balanced,2,0.5,1,0.0001,bbb99d0d779a45678429443351b73cedfd59b29853c4867b9f7085239b97c76d,875f4c343644fcf429026f43231d77cfadbb2306d3c1e6908fc98e5a3da4aea4,3,4,2.9999997950000057,12.0,0.0005999999580000011,11.0,True,False,10,0,EXTENDED_PENDING_RESOURCE_GATE,COMPLETE_BASE_INSTANCE
C,4,12,balanced,2,0.5,1,0.01,95f35fc3bed414d030b1ad763bcb350ca0ddfe79ecb5eb7b3dfdc4e97fb13477,875f4c343644fcf429026f43231d77cfadbb2306d3c1e6908fc98e5a3da4aea4,3,4,2.99795057116886,12.0,0.059958011798350114,11.0,True,False,10,0,EXTENDED_PENDING_RESOURCE_GATE,COMPLETE_BASE_INSTANCE
C,4,12,balanced,2,0.5,1,0.1,0e9476c709065138e6c4455e9d9694ea9ecb039ea302acad01aa82eedb18d572,875f4c343644fcf429026f43231d77cfadbb2306d3c1e6908fc98e5a3da4aea4,3,4,2.800631948420247,12.0,0.5591636136899999,11.0,True,False,10,0,EXTENDED_PENDING_RESOURCE_GATE,COMPLETE_BASE_INSTANCE
C,4,12,balanced,2,0.5,1,0.5,a17df2f6a8466edf23a3bbc37d2bd61d102e84094acf79b4466f04a59a3eb383,875f4c343644fcf429026f43231d77cfadbb2306d3c1e6908fc98e5a3da4aea4,3,4,0.391244930441678,12.0,0.35595703124999994,11.0,True,False,10,0,EXTENDED_PENDING_RESOURCE_GATE,COMPLETE_BASE_INSTANCE
C,4,12,balanced,2,0.75,1,0.0001,00f0e13b205e0d03ea83e6e9c26fa20f7f973231a10f812671b5177345d42b4e,875f4c343644fcf429026f43231d77cfadbb2306d3c1e6908fc98e5a3da4aea4,3,4,2.9999997950000057,12.0,0.0005999999580000011,11.0,True,False,10,0,EXTENDED_PENDING_RESOURCE_GATE,COMPLETE_BASE_INSTANCE
C,4,12,balanced,2,0.75,1,0.01,c484c1e68b594d3dcff0d596d35d1535a7a6841cc86d5c42b6e77b11285b1bf8,875f4c343644fcf429026f43231d77cfadbb2306d3c1e6908fc98e5a3da4aea4,3,4,2.99795057116886,12.0,0.059958011798350114,11.0,True,False,10,0,EXTENDED_PENDING_RESOURCE_GATE,COMPLETE_BASE_INSTANCE
C,4,12,balanced,2,0.75,1,0.1,b04117b7b97e514d2799ed2ea051d0fa0b46d38a5d43eca561705aa34ae60491,875f4c343644fcf429026f43231d77cfadbb2306d3c1e6908fc98e5a3da4aea4,3,4,2.800631948420247,12.0,0.5591636136899999,11.0,True,False,10,0,EXTENDED_PENDING_RESOURCE_GATE,COMPLETE_BASE_INSTANCE
C,4,12,balanced,2,0.75,1,0.5,5f063fca84e3cbc9fc545175e160f96b3880aa3551a7c1662bc4c64e4a6c7bbd,875f4c343644fcf429026f43231d77cfadbb2306d3c1e6908fc98e5a3da4aea4,3,4,0.391244930441678,12.0,0.35595703124999994,11.0,True,False,10,0,EXTENDED_PENDING_RESOURCE_GATE,COMPLETE_BASE_INSTANCE
C,4,12,balanced,4,0.125,1,0.0001,9be058dcfc923852df890d346cd388260a45d4cbe78043605a2e1a0798c35751,875f4c343644fcf429026f43231d77cfadbb2306d3c1e6908fc98e5a3da4aea4,3,4,2.9999997950000057,12.0,0.0005999999580000011,11.0,True,False,10,0,EXTENDED_PENDING_RESOURCE_GATE,COMPLETE_BASE_INSTANCE
C,4,12,balanced,4,0.125,1,0.01,2e773420ee3092d7b2c18b91dcaa80ce06a3ad549dc58ea7d0e22dfd719558c7,875f4c343644fcf429026f43231d77cfadbb2306d3c1e6908fc98e5a3da4aea4,3,4,2.99795057116886,12.0,0.059958011798350114,11.0,True,False,10,0,EXTENDED_PENDING_RESOURCE_GATE,COMPLETE_BASE_INSTANCE
C,4,12,balanced,4,0.125,1,0.1,c86d897ca96fbea135edca87784bf0f8c24a5c5d4aa69e8bed10bcd57b76c69f,875f4c343644fcf429026f43231d77cfadbb2306d3c1e6908fc98e5a3da4aea4,3,4,2.800631948420247,12.0,0.5591636136899999,11.0,True,False,10,0,EXTENDED_PENDING_RESOURCE_GATE,COMPLETE_BASE_INSTANCE
C,4,12,balanced,4,0.125,1,0.5,2d3ed377defdeec625f687ce4655cdfc425a1ae33fa53ffc532767c6ef95baff,875f4c343644fcf429026f43231d77cfadbb2306d3c1e6908fc98e5a3da4aea4,3,4,0.391244930441678,12.0,0.35595703124999994,11.0,True,False,10,0,EXTENDED_PENDING_RESOURCE_GATE,COMPLETE_BASE_INSTANCE
C,4,12,balanced,4,0.25,1,0.0001,da7b36c9fef00e9ea77c808466fe6396356174e33957aed11bcbea377f75816c,875f4c343644fcf429026f43231d77cfadbb2306d3c1e6908fc98e5a3da4aea4,3,4,2.9999997950000057,12.0,0.0005999999580000011,11.0,True,False,10,0,EXTENDED_PENDING_RESOURCE_GATE,COMPLETE_BASE_INSTANCE
C,4,12,balanced,4,0.25,1,0.01,fc6f875dd955fc83e17a7725b60c0243da35d59ef37a2249bc0ad278ea6c7dee,875f4c343644fcf429026f43231d77cfadbb2306d3c1e6908fc98e5a3da4aea4,3,4,2.99795057116886,12.0,0.059958011798350114,11.0,True,False,10,0,EXTENDED_PENDING_RESOURCE_GATE,COMPLETE_BASE_INSTANCE
C,4,12,balanced,4,0.25,1,0.1,6946b67a5b8be319ddcafe8a0ca065956a084c6b54961ac045a0dd0f31166c73,875f4c343644fcf429026f43231d77cfadbb2306d3c1e6908fc98e5a3da4aea4,3,4,2.800631948420247,12.0,0.5591636136899999,11.0,True,False,10,0,EXTENDED_PENDING_RESOURCE_GATE,COMPLETE_BASE_INSTANCE
C,4,12,balanced,4,0.25,1,0.5,67f22d5e4ce6cf6de52701a88db8df0df1070578098104377863a26146c881a4,875f4c343644fcf429026f43231d77cfadbb2306d3c1e6908fc98e5a3da4aea4,3,4,0.391244930441678,12.0,0.35595703124999994,11.0,True,False,10,0,EXTENDED_PENDING_RESOURCE_GATE,COMPLETE_BASE_INSTANCE
C,4,12,balanced,4,0.5,2,0.0001,83525ef869ceaf7e732d07998a0c8a9833c40066b2ac2a7015c0cdc250f387dc,875f4c343644fcf429026f43231d77cfadbb2306d3c1e6908fc98e5a3da4aea4,3,4,2.9999997950000057,12.0,0.0005999999580000011,11.0,True,False,10,0,EXTENDED_PENDING_RESOURCE_GATE,COMPLETE_BASE_INSTANCE
C,4,12,balanced,4,0.5,2,0.01,6342629793be7a93a51d537344e69d4a319c81c6e808300ced19fe32517772e2,875f4c343644fcf429026f43231d77cfadbb2306d3c1e6908fc98e5a3da4aea4,3,4,2.99795057116886,12.0,0.059958011798350114,11.0,True,False,10,0,EXTENDED_PENDING_RESOURCE_GATE,COMPLETE_BASE_INSTANCE
C,4,12,balanced,4,0.5,2,0.1,db31e6d30d99cf172100b96fe3382bf350b8f2454823af4be5b7686c9d2724e6,875f4c343644fcf429026f43231d77cfadbb2306d3c1e6908fc98e5a3da4aea4,3,4,2.800631948420247,12.0,0.5591636136899999,11.0,True,False,10,0,EXTENDED_PENDING_RESOURCE_GATE,COMPLETE_BASE_INSTANCE
C,4,12,balanced,4,0.5,2,0.5,34b73bab620744e02d8d3c18ed5aed27481445b090d2c50b333fa3df41b6d22c,875f4c343644fcf429026f43231d77cfadbb2306d3c1e6908fc98e5a3da4aea4,3,4,0.391244930441678,12.0,0.35595703124999994,11.0,True,False,10,0,EXTENDED_PENDING_RESOURCE_GATE,COMPLETE_BASE_INSTANCE
C,4,12,balanced,4,0.75,3,0.0001,1b75b668db10a3eae45134300c303f24cd2d4c323d4f69ebe4e600d3923b1311,875f4c343644fcf429026f43231d77cfadbb2306d3c1e6908fc98e5a3da4aea4,3,4,2.9999997950000057,12.0,0.0005999999580000011,11.0,True,False,10,0,EXTENDED_PENDING_RESOURCE_GATE,COMPLETE_BASE_INSTANCE
C,4,12,balanced,4,0.75,3,0.01,1fbaa2a6d7e08d77d563f68b6453750abfd581f9d3eca8702941bc915477305d,875f4c343644fcf429026f43231d77cfadbb2306d3c1e6908fc98e5a3da4aea4,3,4,2.99795057116886,12.0,0.059958011798350114,11.0,True,False,10,0,EXTENDED_PENDING_RESOURCE_GATE,COMPLETE_BASE_INSTANCE
C,4,12,balanced,4,0.75,3,0.1,6f45ecb11cac4e3f4859ea45b30c366b2961386efb807c8c9216a6fecbf55b33,875f4c343644fcf429026f43231d77cfadbb2306d3c1e6908fc98e5a3da4aea4,3,4,2.800631948420247,12.0,0.5591636136899999,11.0,True,False,10,0,EXTENDED_PENDING_RESOURCE_GATE,COMPLETE_BASE_INSTANCE
C,4,12,balanced,4,0.75,3,0.5,82e63a8b24991d17128492afb48b74f4834e5d4a5f4c1f141ba06bd8a513fcc8,875f4c343644fcf429026f43231d77cfadbb2306d3c1e6908fc98e5a3da4aea4,3,4,0.391244930441678,12.0,0.35595703124999994,11.0,True,False,10,0,EXTENDED_PENDING_RESOURCE_GATE,COMPLETE_BASE_INSTANCE
C,4,12,balanced,8,0.125,1,0.0001,dd99c691d84655a455ca032f326f040dd6be27aa5789b49e0f8706f20099c43b,875f4c343644fcf429026f43231d77cfadbb2306d3c1e6908fc98e5a3da4aea4,3,4,2.9999997950000057,12.0,0.0005999999580000011,11.0,True,False,10,0,EXTENDED_PENDING_RESOURCE_GATE,COMPLETE_BASE_INSTANCE
C,4,12,balanced,8,0.125,1,0.01,e7b5e5649e07310bdcae5d50c744f66dee8b02a5748f6ff6d2496baa02de2b9a,875f4c343644fcf429026f43231d77cfadbb2306d3c1e6908fc98e5a3da4aea4,3,4,2.99795057116886,12.0,0.059958011798350114,11.0,True,False,10,0,EXTENDED_PENDING_RESOURCE_GATE,COMPLETE_BASE_INSTANCE
C,4,12,balanced,8,0.125,1,0.1,f47448d4950b851624f35da63209dbd282fbb1225c1f892320118dfc03941e88,875f4c343644fcf429026f43231d77cfadbb2306d3c1e6908fc98e5a3da4aea4,3,4,2.800631948420247,12.0,0.5591636136899999,11.0,True,False,10,0,EXTENDED_PENDING_RESOURCE_GATE,COMPLETE_BASE_INSTANCE
C,4,12,balanced,8,0.125,1,0.5,2f9a08919e1b41772807cddb4227c302d3af3dde4fa4d59468a719e733b45a6d,875f4c343644fcf429026f43231d77cfadbb2306d3c1e6908fc98e5a3da4aea4,3,4,0.391244930441678,12.0,0.35595703124999994,11.0,True,False,10,0,EXTENDED_PENDING_RESOURCE_GATE,COMPLETE_BASE_INSTANCE
C,4,12,balanced,8,0.25,2,0.0001,f0f74ae574d292d621613915f0b57824174776a35acbe4f06ae2ddf374e2c171,875f4c343644fcf429026f43231d77cfadbb2306d3c1e6908fc98e5a3da4aea4,3,4,2.9999997950000057,12.0,0.0005999999580000011,11.0,True,False,10,0,EXTENDED_PENDING_RESOURCE_GATE,COMPLETE_BASE_INSTANCE
C,4,12,balanced,8,0.25,2,0.01,3abf57277b888caaff62e2a911be6918e93fa7c312f21e68a89de0cca336566c,875f4c343644fcf429026f43231d77cfadbb2306d3c1e6908fc98e5a3da4aea4,3,4,2.99795057116886,12.0,0.059958011798350114,11.0,True,False,10,0,EXTENDED_PENDING_RESOURCE_GATE,COMPLETE_BASE_INSTANCE
C,4,12,balanced,8,0.25,2,0.1,e66f9073fdf89e7d8f2c44f662c0cea571e76200896be2e7db99ac1efea1609a,875f4c343644fcf429026f43231d77cfadbb2306d3c1e6908fc98e5a3da4aea4,3,4,2.800631948420247,12.0,0.5591636136899999,11.0,True,False,10,0,EXTENDED_PENDING_RESOURCE_GATE,COMPLETE_BASE_INSTANCE
C,4,12,balanced,8,0.25,2,0.5,e29fdc631cd42ef13320d668da79d67f6679334a2fb9dae7faed326d96bca006,875f4c343644fcf429026f43231d77cfadbb2306d3c1e6908fc98e5a3da4aea4,3,4,0.391244930441678,12.0,0.35595703124999994,11.0,True,False,10,0,EXTENDED_PENDING_RESOURCE_GATE,COMPLETE_BASE_INSTANCE
C,4,12,balanced,8,0.5,4,0.0001,b25eb96c9e1b4e759ed254cb0047d65568d7a4d1ac768c386146f5783706773c,875f4c343644fcf429026f43231d77cfadbb2306d3c1e6908fc98e5a3da4aea4,3,4,2.9999997950000057,12.0,0.0005999999580000011,11.0,True,False,10,0,EXTENDED_PENDING_RESOURCE_GATE,COMPLETE_BASE_INSTANCE
C,4,12,balanced,8,0.5,4,0.01,b0334c26a8596489097cb8f1f6399031b25094d97b4ef2de3a60bcb87d6d488d,875f4c343644fcf429026f43231d77cfadbb2306d3c1e6908fc98e5a3da4aea4,3,4,2.99795057116886,12.0,0.059958011798350114,11.0,True,False,10,0,EXTENDED_PENDING_RESOURCE_GATE,COMPLETE_BASE_INSTANCE
C,4,12,balanced,8,0.5,4,0.1,eec2284159ce31f882417cf6309a029409e02c889ca4e735fb5c98a258253668,875f4c343644fcf429026f43231d77cfadbb2306d3c1e6908fc98e5a3da4aea4,3,4,2.800631948420247,12.0,0.5591636136899999,11.0,True,False,10,0,EXTENDED_PENDING_RESOURCE_GATE,COMPLETE_BASE_INSTANCE
C,4,12,balanced,8,0.5,4,0.5,c70d44af9353a09f41db8b61059b917b7905e43331c011397d10a120e7e35d37,875f4c343644fcf429026f43231d77cfadbb2306d3c1e6908fc98e5a3da4aea4,3,4,0.391244930441678,12.0,0.35595703124999994,11.0,True,False,10,0,EXTENDED_PENDING_RESOURCE_GATE,COMPLETE_BASE_INSTANCE
C,4,12,balanced,8,0.75,6,0.0001,2197d5692204cbc42ad43f0d9aeea7c317a107060a7891689142409f85e8f133,875f4c343644fcf429026f43231d77cfadbb2306d3c1e6908fc98e5a3da4aea4,3,4,2.9999997950000057,12.0,0.0005999999580000011,11.0,True,False,10,0,EXTENDED_PENDING_RESOURCE_GATE,COMPLETE_BASE_INSTANCE
C,4,12,balanced,8,0.75,6,0.01,9b7af4240432980a55c9728e9e9d89aeb4ab8e6d2a3780000fb9b8133da6f33a,875f4c343644fcf429026f43231d77cfadbb2306d3c1e6908fc98e5a3da4aea4,3,4,2.99795057116886,12.0,0.059958011798350114,11.0,True,False,10,0,EXTENDED_PENDING_RESOURCE_GATE,COMPLETE_BASE_INSTANCE
C,4,12,balanced,8,0.75,6,0.1,6caaec64a765d0cf81865487b21755ead7b7be7ae3e2ded241cd82e57467461f,875f4c343644fcf429026f43231d77cfadbb2306d3c1e6908fc98e5a3da4aea4,3,4,2.800631948420247,12.0,0.5591636136899999,11.0,True,False,10,0,EXTENDED_PENDING_RESOURCE_GATE,COMPLETE_BASE_INSTANCE
C,4,12,balanced,8,0.75,6,0.5,b5f48d093f3cec95b34b277cb780f2b7cc15f7e5de4f9f132e5d43993fbcb788,875f4c343644fcf429026f43231d77cfadbb2306d3c1e6908fc98e5a3da4aea4,3,4,0.391244930441678,12.0,0.35595703124999994,11.0,True,False,10,0,EXTENDED_PENDING_RESOURCE_GATE,COMPLETE_BASE_INSTANCE
C,4,12,balanced,16,0.125,2,0.0001,2d51cd2499975749d0a90dcb8cbea84c26ef4b3ff66542d7cb998d3e9702ac41,875f4c343644fcf429026f43231d77cfadbb2306d3c1e6908fc98e5a3da4aea4,3,4,2.9999997950000057,12.0,0.0005999999580000011,11.0,True,False,10,0,EXTENDED_PENDING_RESOURCE_GATE,COMPLETE_BASE_INSTANCE
C,4,12,balanced,16,0.125,2,0.01,48322650cca1d20463b5173d5d670197441350f348698695e1ddba8c8600cbe7,875f4c343644fcf429026f43231d77cfadbb2306d3c1e6908fc98e5a3da4aea4,3,4,2.99795057116886,12.0,0.059958011798350114,11.0,True,False,10,0,EXTENDED_PENDING_RESOURCE_GATE,COMPLETE_BASE_INSTANCE
C,4,12,balanced,16,0.125,2,0.1,d1c893c43c7b3553613012a6001e1c00f1c980c990f74d434222a827c45a2ae1,875f4c343644fcf429026f43231d77cfadbb2306d3c1e6908fc98e5a3da4aea4,3,4,2.800631948420247,12.0,0.5591636136899999,11.0,True,False,10,0,EXTENDED_PENDING_RESOURCE_GATE,COMPLETE_BASE_INSTANCE
C,4,12,balanced,16,0.125,2,0.5,1f0a2c12dcad74b15874a900c063de9d8409ef31c31bc8cd4710a7f356df365f,875f4c343644fcf429026f43231d77cfadbb2306d3c1e6908fc98e5a3da4aea4,3,4,0.391244930441678,12.0,0.35595703124999994,11.0,True,False,10,0,EXTENDED_PENDING_RESOURCE_GATE,COMPLETE_BASE_INSTANCE
C,4,12,balanced,16,0.25,4,0.0001,a925e3ee1cb046ce718091458e79a4239011cd6418a19ff52d3708709c2b0c3b,875f4c343644fcf429026f43231d77cfadbb2306d3c1e6908fc98e5a3da4aea4,3,4,2.9999997950000057,12.0,0.0005999999580000011,11.0,True,False,10,0,EXTENDED_PENDING_RESOURCE_GATE,COMPLETE_BASE_INSTANCE
C,4,12,balanced,16,0.25,4,0.01,a223d4fe4be56691368465c5af4c33510918960d4d47537082be5a3d7c942de7,875f4c343644fcf429026f43231d77cfadbb2306d3c1e6908fc98e5a3da4aea4,3,4,2.99795057116886,12.0,0.059958011798350114,11.0,True,False,10,0,EXTENDED_PENDING_RESOURCE_GATE,COMPLETE_BASE_INSTANCE
C,4,12,balanced,16,0.25,4,0.1,0948e35f398397f462f58c2def70c3d323668dd6030844ca96da5ea7bde9105a,875f4c343644fcf429026f43231d77cfadbb2306d3c1e6908fc98e5a3da4aea4,3,4,2.800631948420247,12.0,0.5591636136899999,11.0,True,False,10,0,EXTENDED_PENDING_RESOURCE_GATE,COMPLETE_BASE_INSTANCE
C,4,12,balanced,16,0.25,4,0.5,5afebbf84c9589d409dfd0f90e8d5333e22e992233d5f0c295f66b152430e24b,875f4c343644fcf429026f43231d77cfadbb2306d3c1e6908fc98e5a3da4aea4,3,4,0.391244930441678,12.0,0.35595703124999994,11.0,True,False,10,0,EXTENDED_PENDING_RESOURCE_GATE,COMPLETE_BASE_INSTANCE
C,4,12,balanced,16,0.5,8,0.0001,70dfc081b52f7360b64b842ca44afb7e1d95e9396666423388a6ef3b18b70bdd,875f4c343644fcf429026f43231d77cfadbb2306d3c1e6908fc98e5a3da4aea4,3,4,2.9999997950000057,12.0,0.0005999999580000011,11.0,True,False,10,0,EXTENDED_PENDING_RESOURCE_GATE,COMPLETE_BASE_INSTANCE
C,4,12,balanced,16,0.5,8,0.01,a3d12d2a9cb3245e61ebac933754aba6973d6257beb073f4a0489edccc8a2322,875f4c343644fcf429026f43231d77cfadbb2306d3c1e6908fc98e5a3da4aea4,3,4,2.99795057116886,12.0,0.059958011798350114,11.0,True,False,10,0,EXTENDED_PENDING_RESOURCE_GATE,COMPLETE_BASE_INSTANCE
C,4,12,balanced,16,0.5,8,0.1,d7f5bfab8b4ce184d1925663b2cb2c206da573668516d2b3639a498a803e9d91,875f4c343644fcf429026f43231d77cfadbb2306d3c1e6908fc98e5a3da4aea4,3,4,2.800631948420247,12.0,0.5591636136899999,11.0,True,False,10,0,EXTENDED_PENDING_RESOURCE_GATE,COMPLETE_BASE_INSTANCE
C,4,12,balanced,16,0.5,8,0.5,c42a2c7e1877d1f3e54206e03b67d61e2354f100894b6dfc8c6512ab40c4165d,875f4c343644fcf429026f43231d77cfadbb2306d3c1e6908fc98e5a3da4aea4,3,4,0.391244930441678,12.0,0.35595703124999994,11.0,True,False,10,0,EXTENDED_PENDING_RESOURCE_GATE,COMPLETE_BASE_INSTANCE
C,4,12,balanced,16,0.75,12,0.0001,642f7f913e39139bbf1a2baafa82c307360aeb6cf34b720f3cd153846d5eceb2,875f4c343644fcf429026f43231d77cfadbb2306d3c1e6908fc98e5a3da4aea4,3,4,2.9999997950000057,12.0,0.0005999999580000011,11.0,True,False,10,0,EXTENDED_PENDING_RESOURCE_GATE,COMPLETE_BASE_INSTANCE
C,4,12,balanced,16,0.75,12,0.01,ddb8046e49687304b92c86f51f92b3682fa5cbe3efd9b4a0561ad5eec31bc5b7,875f4c343644fcf429026f43231d77cfadbb2306d3c1e6908fc98e5a3da4aea4,3,4,2.99795057116886,12.0,0.059958011798350114,11.0,True,False,10,0,EXTENDED_PENDING_RESOURCE_GATE,COMPLETE_BASE_INSTANCE
C,4,12,balanced,16,0.75,12,0.1,0b2ad48c7dc6d137f00e1a63483f6db09f268f312e415edb061dd2244796bdd8,875f4c343644fcf429026f43231d77cfadbb2306d3c1e6908fc98e5a3da4aea4,3,4,2.800631948420247,12.0,0.5591636136899999,11.0,True,False,10,0,EXTENDED_PENDING_RESOURCE_GATE,COMPLETE_BASE_INSTANCE
C,4,12,balanced,16,0.75,12,0.5,bddb0dfa68ddb2a2173323d8d1c7125f48c29b56987aae9276a85e10f76b6722,875f4c343644fcf429026f43231d77cfadbb2306d3c1e6908fc98e5a3da4aea4,3,4,0.391244930441678,12.0,0.35595703124999994,11.0,True,False,10,0,EXTENDED_PENDING_RESOURCE_GATE,COMPLETE_BASE_INSTANCE
C,4,12,balanced,32,0.125,4,0.0001,837036f2ac6e0889938bbda9c9a564c2104fbfa9da01de221244bf09fce516d5,875f4c343644fcf429026f43231d77cfadbb2306d3c1e6908fc98e5a3da4aea4,3,4,2.9999997950000057,12.0,0.0005999999580000011,11.0,True,False,10,0,EXTENDED_PENDING_RESOURCE_GATE,COMPLETE_BASE_INSTANCE
C,4,12,balanced,32,0.125,4,0.01,81831b76f0dff0e30a61a8b0b13e0ff4c42ccdeb07c55773e8b6f0ec075ec55a,875f4c343644fcf429026f43231d77cfadbb2306d3c1e6908fc98e5a3da4aea4,3,4,2.99795057116886,12.0,0.059958011798350114,11.0,True,False,10,0,EXTENDED_PENDING_RESOURCE_GATE,COMPLETE_BASE_INSTANCE
C,4,12,balanced,32,0.125,4,0.1,c1aab781b63fca958e3248cecd0ffd6199e6842639bb43bde771d00c7ca584f1,875f4c343644fcf429026f43231d77cfadbb2306d3c1e6908fc98e5a3da4aea4,3,4,2.800631948420247,12.0,0.5591636136899999,11.0,True,False,10,0,EXTENDED_PENDING_RESOURCE_GATE,COMPLETE_BASE_INSTANCE
C,4,12,balanced,32,0.125,4,0.5,6d2d8edfa48f4e18ecb90d25df30a6a395a601402b17cc6156c2abf23aec7ae9,875f4c343644fcf429026f43231d77cfadbb2306d3c1e6908fc98e5a3da4aea4,3,4,0.391244930441678,12.0,0.35595703124999994,11.0,True,False,10,0,EXTENDED_PENDING_RESOURCE_GATE,COMPLETE_BASE_INSTANCE
C,4,12,balanced,32,0.25,8,0.0001,af74e7345bdfee9365637e957714e71fbe63f0db08aafefde130accee2d1352f,875f4c343644fcf429026f43231d77cfadbb2306d3c1e6908fc98e5a3da4aea4,3,4,2.9999997950000057,12.0,0.0005999999580000011,11.0,True,False,10,0,EXTENDED_PENDING_RESOURCE_GATE,COMPLETE_BASE_INSTANCE
C,4,12,balanced,32,0.25,8,0.01,7a762114c0f508e3119cb992b7a681dc2bbb5a0bcf63a2ef6e25729398164efa,875f4c343644fcf429026f43231d77cfadbb2306d3c1e6908fc98e5a3da4aea4,3,4,2.99795057116886,12.0,0.059958011798350114,11.0,True,False,10,0,EXTENDED_PENDING_RESOURCE_GATE,COMPLETE_BASE_INSTANCE
C,4,12,balanced,32,0.25,8,0.1,27571f77329fd0abefacd9fda0b58988fa28b76fa4f7b326421c04d286da0efc,875f4c343644fcf429026f43231d77cfadbb2306d3c1e6908fc98e5a3da4aea4,3,4,2.800631948420247,12.0,0.5591636136899999,11.0,True,False,10,0,EXTENDED_PENDING_RESOURCE_GATE,COMPLETE_BASE_INSTANCE
C,4,12,balanced,32,0.25,8,0.5,68cc19ef3134ac65824c67317fa227d08408d86811117c781dc00a56501cdb66,875f4c343644fcf429026f43231d77cfadbb2306d3c1e6908fc98e5a3da4aea4,3,4,0.391244930441678,12.0,0.35595703124999994,11.0,True,False,10,0,EXTENDED_PENDING_RESOURCE_GATE,COMPLETE_BASE_INSTANCE
C,4,12,balanced,32,0.5,16,0.0001,19b1aaed1c2c32ed05d8b8a0602833e5f16d5d158a663d6ab9085274c33cccd2,875f4c343644fcf429026f43231d77cfadbb2306d3c1e6908fc98e5a3da4aea4,3,4,2.9999997950000057,12.0,0.0005999999580000011,11.0,True,False,10,0,EXTENDED_PENDING_RESOURCE_GATE,COMPLETE_BASE_INSTANCE
C,4,12,balanced,32,0.5,16,0.01,e8817e6d1e3f01448123cc2c5a5cd63d1a68ca478cb656a6fb8f04dd25140205,875f4c343644fcf429026f43231d77cfadbb2306d3c1e6908fc98e5a3da4aea4,3,4,2.99795057116886,12.0,0.059958011798350114,11.0,True,False,10,0,EXTENDED_PENDING_RESOURCE_GATE,COMPLETE_BASE_INSTANCE
C,4,12,balanced,32,0.5,16,0.1,80a3b1bb10d1a6ec507a4980c9bd60cfcd3fe144d9342ba149a0554706417416,875f4c343644fcf429026f43231d77cfadbb2306d3c1e6908fc98e5a3da4aea4,3,4,2.800631948420247,12.0,0.5591636136899999,11.0,True,False,10,0,EXTENDED_PENDING_RESOURCE_GATE,COMPLETE_BASE_INSTANCE
C,4,12,balanced,32,0.5,16,0.5,69c26910713114e8bda02c5a835985e5e74ea80408682aff59ecbc5f1bf32ebf,875f4c343644fcf429026f43231d77cfadbb2306d3c1e6908fc98e5a3da4aea4,3,4,0.391244930441678,12.0,0.35595703124999994,11.0,True,False,10,0,EXTENDED_PENDING_RESOURCE_GATE,COMPLETE_BASE_INSTANCE
C,4,12,balanced,32,0.75,24,0.0001,4b3604c8c93918e065bd89ebaa8e70689d132cf427ef043da8e497455651d44a,875f4c343644fcf429026f43231d77cfadbb2306d3c1e6908fc98e5a3da4aea4,3,4,2.9999997950000057,12.0,0.0005999999580000011,11.0,True,False,10,0,EXTENDED_PENDING_RESOURCE_GATE,COMPLETE_BASE_INSTANCE
C,4,12,balanced,32,0.75,24,0.01,499bb3a5f4e5e76a93d4b15848e57be4fd12ac3d684acff84ac5f5461bbced3b,875f4c343644fcf429026f43231d77cfadbb2306d3c1e6908fc98e5a3da4aea4,3,4,2.99795057116886,12.0,0.059958011798350114,11.0,True,False,10,0,EXTENDED_PENDING_RESOURCE_GATE,COMPLETE_BASE_INSTANCE
C,4,12,balanced,32,0.75,24,0.1,31c0c436278fb1c4b628e2b3807aea5ae9141118b3fe0e1513b57902a1946690,875f4c343644fcf429026f43231d77cfadbb2306d3c1e6908fc98e5a3da4aea4,3,4,2.800631948420247,12.0,0.5591636136899999,11.0,True,False,10,0,EXTENDED_PENDING_RESOURCE_GATE,COMPLETE_BASE_INSTANCE
C,4,12,balanced,32,0.75,24,0.5,89294a5890c5b8245ce16f67e4697c9d711b059db2621fe10840c13e1cb08fdc,875f4c343644fcf429026f43231d77cfadbb2306d3c1e6908fc98e5a3da4aea4,3,4,0.391244930441678,12.0,0.35595703124999994,11.0,True,False,10,0,EXTENDED_PENDING_RESOURCE_GATE,COMPLETE_BASE_INSTANCE
C,4,12,balanced,64,0.125,8,0.0001,0f70d1d13cd43c24ac47eace8ab344bf5b4a123e395834ef09276996916988d8,875f4c343644fcf429026f43231d77cfadbb2306d3c1e6908fc98e5a3da4aea4,3,4,2.9999997950000057,12.0,0.0005999999580000011,11.0,True,False,10,0,EXTENDED_PENDING_RESOURCE_GATE,COMPLETE_BASE_INSTANCE
C,4,12,balanced,64,0.125,8,0.01,25d31cdae2fcf5a0cf5748f5db9fa444010d1f6056ef9e37114a777b4f03975e,875f4c343644fcf429026f43231d77cfadbb2306d3c1e6908fc98e5a3da4aea4,3,4,2.99795057116886,12.0,0.059958011798350114,11.0,True,False,10,0,EXTENDED_PENDING_RESOURCE_GATE,COMPLETE_BASE_INSTANCE
C,4,12,balanced,64,0.125,8,0.1,72a8779a58f57bf204dbce91831d049742ed956bca2b07f4f58624e5f8433821,875f4c343644fcf429026f43231d77cfadbb2306d3c1e6908fc98e5a3da4aea4,3,4,2.800631948420247,12.0,0.5591636136899999,11.0,True,False,10,0,EXTENDED_PENDING_RESOURCE_GATE,COMPLETE_BASE_INSTANCE
C,4,12,balanced,64,0.125,8,0.5,3700952be6c674f33be9544ecca6990bf59df4ab2f4a7610b7afb51108ed0eec,875f4c343644fcf429026f43231d77cfadbb2306d3c1e6908fc98e5a3da4aea4,3,4,0.391244930441678,12.0,0.35595703124999994,11.0,True,False,10,0,EXTENDED_PENDING_RESOURCE_GATE,COMPLETE_BASE_INSTANCE
C,4,12,balanced,64,0.25,16,0.0001,b784919cd1d1dab5e81cfb038b040b98a8893dceee75c7086f5c1505054b297d,875f4c343644fcf429026f43231d77cfadbb2306d3c1e6908fc98e5a3da4aea4,3,4,2.9999997950000057,12.0,0.0005999999580000011,11.0,True,False,10,0,EXTENDED_PENDING_RESOURCE_GATE,COMPLETE_BASE_INSTANCE
C,4,12,balanced,64,0.25,16,0.01,f8bcf9e612157eb463edc3810344d8d8abe56890167821e6dcff069e753e065d,875f4c343644fcf429026f43231d77cfadbb2306d3c1e6908fc98e5a3da4aea4,3,4,2.99795057116886,12.0,0.059958011798350114,11.0,True,False,10,0,EXTENDED_PENDING_RESOURCE_GATE,COMPLETE_BASE_INSTANCE
C,4,12,balanced,64,0.25,16,0.1,d5bde9aa3b5bd484f5c69fdfbf63ff851d2de921014b23a2774ddb8668ce212d,875f4c343644fcf429026f43231d77cfadbb2306d3c1e6908fc98e5a3da4aea4,3,4,2.800631948420247,12.0,0.5591636136899999,11.0,True,False,10,0,EXTENDED_PENDING_RESOURCE_GATE,COMPLETE_BASE_INSTANCE
C,4,12,balanced,64,0.25,16,0.5,eaf7a9d3e885494a616ef6f2a29b7486e087de5636fd9617cab7f37bf79c0cb4,875f4c343644fcf429026f43231d77cfadbb2306d3c1e6908fc98e5a3da4aea4,3,4,0.391244930441678,12.0,0.35595703124999994,11.0,True,False,10,0,EXTENDED_PENDING_RESOURCE_GATE,COMPLETE_BASE_INSTANCE
C,4,12,balanced,64,0.5,32,0.0001,900a05f2b6f4ecd8b0413b9cd8e4cdc160c0d59de2862252bcd7b7d7d6d61866,875f4c343644fcf429026f43231d77cfadbb2306d3c1e6908fc98e5a3da4aea4,3,4,2.9999997950000057,12.0,0.0005999999580000011,11.0,True,False,10,0,EXTENDED_PENDING_RESOURCE_GATE,COMPLETE_BASE_INSTANCE
C,4,12,balanced,64,0.5,32,0.01,2eb7228fcf643d012138808b24003de756fa54a7294313fba8b4f0b7d1f5b197,875f4c343644fcf429026f43231d77cfadbb2306d3c1e6908fc98e5a3da4aea4,3,4,2.99795057116886,12.0,0.059958011798350114,11.0,True,False,10,0,EXTENDED_PENDING_RESOURCE_GATE,COMPLETE_BASE_INSTANCE
C,4,12,balanced,64,0.5,32,0.1,a747b8780dcb171c26173f64adaef437fdbedc0d73cf61f06167b50909c00d4b,875f4c343644fcf429026f43231d77cfadbb2306d3c1e6908fc98e5a3da4aea4,3,4,2.800631948420247,12.0,0.5591636136899999,11.0,True,False,10,0,EXTENDED_PENDING_RESOURCE_GATE,COMPLETE_BASE_INSTANCE
C,4,12,balanced,64,0.5,32,0.5,4af57c2e49ea56d3d38480636af3f268ad22676e0d6bba5de9138d43d3193e69,875f4c343644fcf429026f43231d77cfadbb2306d3c1e6908fc98e5a3da4aea4,3,4,0.391244930441678,12.0,0.35595703124999994,11.0,True,False,10,0,EXTENDED_PENDING_RESOURCE_GATE,COMPLETE_BASE_INSTANCE
C,4,12,balanced,64,0.75,48,0.0001,4e4782764c1228601b7fc9e512abe6551ededcedbeb6479794f971922c38a355,875f4c343644fcf429026f43231d77cfadbb2306d3c1e6908fc98e5a3da4aea4,3,4,2.9999997950000057,12.0,0.0005999999580000011,11.0,True,False,10,0,EXTENDED_PENDING_RESOURCE_GATE,COMPLETE_BASE_INSTANCE
C,4,12,balanced,64,0.75,48,0.01,e718ce939985a491e6faf688a390c45f17ce31927938b2bdc0a4b7e698d971ae,875f4c343644fcf429026f43231d77cfadbb2306d3c1e6908fc98e5a3da4aea4,3,4,2.99795057116886,12.0,0.059958011798350114,11.0,True,False,10,0,EXTENDED_PENDING_RESOURCE_GATE,COMPLETE_BASE_INSTANCE
C,4,12,balanced,64,0.75,48,0.1,d55458e653deeee0888aaf4ca89228936769648c813ede022b89ff93ca885ac6,875f4c343644fcf429026f43231d77cfadbb2306d3c1e6908fc98e5a3da4aea4,3,4,2.800631948420247,12.0,0.5591636136899999,11.0,True,False,10,0,EXTENDED_PENDING_RESOURCE_GATE,COMPLETE_BASE_INSTANCE
C,4,12,balanced,64,0.75,48,0.5,4970e7a4b04e84e22bf6cab0c20572f8a6bce71f147c5ff8b94336fd04c69523,875f4c343644fcf429026f43231d77cfadbb2306d3c1e6908fc98e5a3da4aea4,3,4,0.391244930441678,12.0,0.35595703124999994,11.0,True,False,10,0,EXTENDED_PENDING_RESOURCE_GATE,COMPLETE_BASE_INSTANCE
C,4,12,random_ordered,2,0.125,1,0.0001,eaf39691aab23d265cb495d843324f52168d337acd9361bba54bce078d1d9788,bbaf606265ca636d66e86aaf9af432aa29073797b0636c3a94c26c3c579f8767,5,4,1.9999998725000032,12.0,0.0002999999820000004,11.0,True,False,10,0,EXTENDED_PENDING_RESOURCE_GATE,COMPLETE_BASE_INSTANCE
C,4,12,random_ordered,2,0.125,1,0.01,34e93f71303287110eae03475aadcd787bb1795fc0c833af33f53d45b6107728,bbaf606265ca636d66e86aaf9af432aa29073797b0636c3a94c26c3c579f8767,5,4,1.998725333548919,12.0,0.02998200429949003,11.0,True,False,10,0,EXTENDED_PENDING_RESOURCE_GATE,COMPLETE_BASE_INSTANCE
C,4,12,random_ordered,2,0.125,1,0.1,65d477ed2be2ab4e9638ccb4ebd6f91917c635051423c1d92aa33e730b077c45,bbaf606265ca636d66e86aaf9af432aa29073797b0636c3a94c26c3c579f8767,5,4,1.8757914171999204,12.0,0.28242492992999996,11.0,True,False,10,0,EXTENDED_PENDING_RESOURCE_GATE,COMPLETE_BASE_INSTANCE
C,4,12,random_ordered,2,0.125,1,0.5,9c14627e06c120ab21d343ff69221180aea2c0e918b9c1ae039c53f4536f8112,bbaf606265ca636d66e86aaf9af432aa29073797b0636c3a94c26c3c579f8767,5,4,0.31002475824241293,12.0,0.25048828124999994,11.0,True,False,10,0,EXTENDED_PENDING_RESOURCE_GATE,COMPLETE_BASE_INSTANCE
C,4,12,random_ordered,2,0.25,1,0.0001,967a898dd60e02775ed79bc6c434a3f11e9f9e47e16d89acfa759b06139bdc29,bbaf606265ca636d66e86aaf9af432aa29073797b0636c3a94c26c3c579f8767,5,4,1.9999998725000032,12.0,0.0002999999820000004,11.0,True,False,10,0,EXTENDED_PENDING_RESOURCE_GATE,COMPLETE_BASE_INSTANCE
C,4,12,random_ordered,2,0.25,1,0.01,14152d172ca7dc710743f35b068ac887a1eab2ccb72658d4a166e9cb34bd7dc2,bbaf606265ca636d66e86aaf9af432aa29073797b0636c3a94c26c3c579f8767,5,4,1.998725333548919,12.0,0.02998200429949003,11.0,True,False,10,0,EXTENDED_PENDING_RESOURCE_GATE,COMPLETE_BASE_INSTANCE
C,4,12,random_ordered,2,0.25,1,0.1,230eb1baea977ca58d35775754497c4bc6ab2b98968382270453f4a9b0a53a1f,bbaf606265ca636d66e86aaf9af432aa29073797b0636c3a94c26c3c579f8767,5,4,1.8757914171999204,12.0,0.28242492992999996,11.0,True,False,10,0,EXTENDED_PENDING_RESOURCE_GATE,COMPLETE_BASE_INSTANCE
C,4,12,random_ordered,2,0.25,1,0.5,3e280faf0f076e56c1ccb9d88ab0adbd959abe6bc083a519e1edb5b945f6645f,bbaf606265ca636d66e86aaf9af432aa29073797b0636c3a94c26c3c579f8767,5,4,0.31002475824241293,12.0,0.25048828124999994,11.0,True,False,10,0,EXTENDED_PENDING_RESOURCE_GATE,COMPLETE_BASE_INSTANCE
C,4,12,random_ordered,2,0.5,1,0.0001,599734b9c4faf5dd660c4a08cf9fb9e38c6e033f4d02ba8d4ba705243a3a1342,bbaf606265ca636d66e86aaf9af432aa29073797b0636c3a94c26c3c579f8767,5,4,1.9999998725000032,12.0,0.0002999999820000004,11.0,True,False,10,0,EXTENDED_PENDING_RESOURCE_GATE,COMPLETE_BASE_INSTANCE
C,4,12,random_ordered,2,0.5,1,0.01,ec200f31b40f8d0db4eeac35c72969b622bf32ccc216102d72d0a7831d5a01cf,bbaf606265ca636d66e86aaf9af432aa29073797b0636c3a94c26c3c579f8767,5,4,1.998725333548919,12.0,0.02998200429949003,11.0,True,False,10,0,EXTENDED_PENDING_RESOURCE_GATE,COMPLETE_BASE_INSTANCE
C,4,12,random_ordered,2,0.5,1,0.1,9ea8f1c653b124a5f580b764d030c1a94259ae9b0475ff714994be6ed52ff074,bbaf606265ca636d66e86aaf9af432aa29073797b0636c3a94c26c3c579f8767,5,4,1.8757914171999204,12.0,0.28242492992999996,11.0,True,False,10,0,EXTENDED_PENDING_RESOURCE_GATE,COMPLETE_BASE_INSTANCE
C,4,12,random_ordered,2,0.5,1,0.5,14c4128451a0f09930863e08550ce9ca13eef653907f18fcc6c2c5657393e891,bbaf606265ca636d66e86aaf9af432aa29073797b0636c3a94c26c3c579f8767,5,4,0.31002475824241293,12.0,0.25048828124999994,11.0,True,False,10,0,EXTENDED_PENDING_RESOURCE_GATE,COMPLETE_BASE_INSTANCE
C,4,12,random_ordered,2,0.75,1,0.0001,ae51ba9f4247f0eace18308e3cec2e04819fc9f4668c23ebf4f755cd7936a842,bbaf606265ca636d66e86aaf9af432aa29073797b0636c3a94c26c3c579f8767,5,4,1.9999998725000032,12.0,0.0002999999820000004,11.0,True,False,10,0,EXTENDED_PENDING_RESOURCE_GATE,COMPLETE_BASE_INSTANCE
C,4,12,random_ordered,2,0.75,1,0.01,927acee76771bb7900f43672e5ddef5620cfd784f96c625f7187bb93bf77951e,bbaf606265ca636d66e86aaf9af432aa29073797b0636c3a94c26c3c579f8767,5,4,1.998725333548919,12.0,0.02998200429949003,11.0,True,False,10,0,EXTENDED_PENDING_RESOURCE_GATE,COMPLETE_BASE_INSTANCE
C,4,12,random_ordered,2,0.75,1,0.1,124012c669d8c39e7a466f22f4187286a9ea5ceb04dd58ac2aed2307902c44ca,bbaf606265ca636d66e86aaf9af432aa29073797b0636c3a94c26c3c579f8767,5,4,1.8757914171999204,12.0,0.28242492992999996,11.0,True,False,10,0,EXTENDED_PENDING_RESOURCE_GATE,COMPLETE_BASE_INSTANCE
C,4,12,random_ordered,2,0.75,1,0.5,5f7b168a72e7af957ff360d36862da6602cbbf8bd0253eee3ddfb3991773d0f9,bbaf606265ca636d66e86aaf9af432aa29073797b0636c3a94c26c3c579f8767,5,4,0.31002475824241293,12.0,0.25048828124999994,11.0,True,False,10,0,EXTENDED_PENDING_RESOURCE_GATE,COMPLETE_BASE_INSTANCE
C,4,12,random_ordered,4,0.125,1,0.0001,3c7222f0271fddaad56e9577cfa9671088064a8b033344bd9bc220a588420ad8,bbaf606265ca636d66e86aaf9af432aa29073797b0636c3a94c26c3c579f8767,5,4,1.9999998725000032,12.0,0.0002999999820000004,11.0,True,False,10,0,EXTENDED_PENDING_RESOURCE_GATE,COMPLETE_BASE_INSTANCE
C,4,12,random_ordered,4,0.125,1,0.01,ad9feb2b2caa932bed4bd121b3cd32e446d68dbe4f5e4140ee62ba3e17024f70,bbaf606265ca636d66e86aaf9af432aa29073797b0636c3a94c26c3c579f8767,5,4,1.998725333548919,12.0,0.02998200429949003,11.0,True,False,10,0,EXTENDED_PENDING_RESOURCE_GATE,COMPLETE_BASE_INSTANCE
C,4,12,random_ordered,4,0.125,1,0.1,94765085849448a324e40ee87073d03905f4846cf26eb1f5b3e0dd53f1b3e65a,bbaf606265ca636d66e86aaf9af432aa29073797b0636c3a94c26c3c579f8767,5,4,1.8757914171999204,12.0,0.28242492992999996,11.0,True,False,10,0,EXTENDED_PENDING_RESOURCE_GATE,COMPLETE_BASE_INSTANCE
C,4,12,random_ordered,4,0.125,1,0.5,bcfd0f8c69c7c029274a1355027503c5d0a8c4191ef162362600c2b5ee8e26aa,bbaf606265ca636d66e86aaf9af432aa29073797b0636c3a94c26c3c579f8767,5,4,0.31002475824241293,12.0,0.25048828124999994,11.0,True,False,10,0,EXTENDED_PENDING_RESOURCE_GATE,COMPLETE_BASE_INSTANCE
C,4,12,random_ordered,4,0.25,1,0.0001,b8dc391db2be0d47af7569ee48b995ec59b7c6c7ec49e74ed4b8663c81551e43,bbaf606265ca636d66e86aaf9af432aa29073797b0636c3a94c26c3c579f8767,5,4,1.9999998725000032,12.0,0.0002999999820000004,11.0,True,False,10,0,EXTENDED_PENDING_RESOURCE_GATE,COMPLETE_BASE_INSTANCE
C,4,12,random_ordered,4,0.25,1,0.01,709664a62c4a65d40f577b13cd77e5547c586a909db5ec69ceae3a5c775d9aad,bbaf606265ca636d66e86aaf9af432aa29073797b0636c3a94c26c3c579f8767,5,4,1.998725333548919,12.0,0.02998200429949003,11.0,True,False,10,0,EXTENDED_PENDING_RESOURCE_GATE,COMPLETE_BASE_INSTANCE
C,4,12,random_ordered,4,0.25,1,0.1,1cfec7ed6a964e96248cb3222875737c3c938566b65558007a1ba0536f4fdb3e,bbaf606265ca636d66e86aaf9af432aa29073797b0636c3a94c26c3c579f8767,5,4,1.8757914171999204,12.0,0.28242492992999996,11.0,True,False,10,0,EXTENDED_PENDING_RESOURCE_GATE,COMPLETE_BASE_INSTANCE
C,4,12,random_ordered,4,0.25,1,0.5,99c55d7debc1b5c3a6d06046cacfc27903c3bfcd187b278ce66ae58587bd18fa,bbaf606265ca636d66e86aaf9af432aa29073797b0636c3a94c26c3c579f8767,5,4,0.31002475824241293,12.0,0.25048828124999994,11.0,True,False,10,0,EXTENDED_PENDING_RESOURCE_GATE,COMPLETE_BASE_INSTANCE
C,4,12,random_ordered,4,0.5,2,0.0001,84b92da659c626de264e750526e3ebddd7bd0b8fdc5a9a0528d6282aa78414db,bbaf606265ca636d66e86aaf9af432aa29073797b0636c3a94c26c3c579f8767,5,4,1.9999998725000032,12.0,0.0002999999820000004,11.0,True,False,10,0,EXTENDED_PENDING_RESOURCE_GATE,COMPLETE_BASE_INSTANCE
C,4,12,random_ordered,4,0.5,2,0.01,22b4de21c18e8329a08b3d6648c9484ad23bd74e866000597f516ef9bf96511d,bbaf606265ca636d66e86aaf9af432aa29073797b0636c3a94c26c3c579f8767,5,4,1.998725333548919,12.0,0.02998200429949003,11.0,True,False,10,0,EXTENDED_PENDING_RESOURCE_GATE,COMPLETE_BASE_INSTANCE
C,4,12,random_ordered,4,0.5,2,0.1,9a1c0d9c1883f980bccb5a30dfa113908ea893d8ad900bf6b6271916cdfe9674,bbaf606265ca636d66e86aaf9af432aa29073797b0636c3a94c26c3c579f8767,5,4,1.8757914171999204,12.0,0.28242492992999996,11.0,True,False,10,0,EXTENDED_PENDING_RESOURCE_GATE,COMPLETE_BASE_INSTANCE
C,4,12,random_ordered,4,0.5,2,0.5,99abcb03c64f4cbaa4c87347c151486f35e9651eab8071dd1f08c60f992f35f8,bbaf606265ca636d66e86aaf9af432aa29073797b0636c3a94c26c3c579f8767,5,4,0.31002475824241293,12.0,0.25048828124999994,11.0,True,False,10,0,EXTENDED_PENDING_RESOURCE_GATE,COMPLETE_BASE_INSTANCE
C,4,12,random_ordered,4,0.75,3,0.0001,6b6b293e2edcbb143ed09bd32b10a2e26d1151cd8b23f71c08a8b1e70e4eee60,bbaf606265ca636d66e86aaf9af432aa29073797b0636c3a94c26c3c579f8767,5,4,1.9999998725000032,12.0,0.0002999999820000004,11.0,True,False,10,0,EXTENDED_PENDING_RESOURCE_GATE,COMPLETE_BASE_INSTANCE
C,4,12,random_ordered,4,0.75,3,0.01,f765f6a4304b7df0c61670d48ea699bc952b6c660747c57a6939ef60d0e8d7eb,bbaf606265ca636d66e86aaf9af432aa29073797b0636c3a94c26c3c579f8767,5,4,1.998725333548919,12.0,0.02998200429949003,11.0,True,False,10,0,EXTENDED_PENDING_RESOURCE_GATE,COMPLETE_BASE_INSTANCE
C,4,12,random_ordered,4,0.75,3,0.1,b1dd57b5d87626371c79c1ddb7a951e1bd97fe8f4907c59024ca85e11e8370d0,bbaf606265ca636d66e86aaf9af432aa29073797b0636c3a94c26c3c579f8767,5,4,1.8757914171999204,12.0,0.28242492992999996,11.0,True,False,10,0,EXTENDED_PENDING_RESOURCE_GATE,COMPLETE_BASE_INSTANCE
C,4,12,random_ordered,4,0.75,3,0.5,44c45bfae35a5437f1508867452e2540ae7479a4e32b913e8417ffb1a0aceb55,bbaf606265ca636d66e86aaf9af432aa29073797b0636c3a94c26c3c579f8767,5,4,0.31002475824241293,12.0,0.25048828124999994,11.0,True,False,10,0,EXTENDED_PENDING_RESOURCE_GATE,COMPLETE_BASE_INSTANCE
C,4,12,random_ordered,8,0.125,1,0.0001,a79443046b965574b1ec187852f431599fda17ea1e8025697983c41875cf00f3,bbaf606265ca636d66e86aaf9af432aa29073797b0636c3a94c26c3c579f8767,5,4,1.9999998725000032,12.0,0.0002999999820000004,11.0,True,False,10,0,EXTENDED_PENDING_RESOURCE_GATE,COMPLETE_BASE_INSTANCE
C,4,12,random_ordered,8,0.125,1,0.01,e94f7ab5f9edd7af35bf765b0f01b45fef769428e7b142ce2e6888decc45bd6a,bbaf606265ca636d66e86aaf9af432aa29073797b0636c3a94c26c3c579f8767,5,4,1.998725333548919,12.0,0.02998200429949003,11.0,True,False,10,0,EXTENDED_PENDING_RESOURCE_GATE,COMPLETE_BASE_INSTANCE
C,4,12,random_ordered,8,0.125,1,0.1,8becf19a03781ffc43fec7fdb947a2796b01cb56df1f6efb43e3fed8d0989c33,bbaf606265ca636d66e86aaf9af432aa29073797b0636c3a94c26c3c579f8767,5,4,1.8757914171999204,12.0,0.28242492992999996,11.0,True,False,10,0,EXTENDED_PENDING_RESOURCE_GATE,COMPLETE_BASE_INSTANCE
C,4,12,random_ordered,8,0.125,1,0.5,205d33260756752fe2f5320348a7037bf32f939b392b3721a0f4c6d91b733d3c,bbaf606265ca636d66e86aaf9af432aa29073797b0636c3a94c26c3c579f8767,5,4,0.31002475824241293,12.0,0.25048828124999994,11.0,True,False,10,0,EXTENDED_PENDING_RESOURCE_GATE,COMPLETE_BASE_INSTANCE
C,4,12,random_ordered,8,0.25,2,0.0001,5a0b628a58f29271d58a00b991fc94986a068a5581b4a998c9cf2521136c074f,bbaf606265ca636d66e86aaf9af432aa29073797b0636c3a94c26c3c579f8767,5,4,1.9999998725000032,12.0,0.0002999999820000004,11.0,True,False,10,0,EXTENDED_PENDING_RESOURCE_GATE,COMPLETE_BASE_INSTANCE
C,4,12,random_ordered,8,0.25,2,0.01,66efa3bba8998268f647387773e702a4068239ed8a6a6718229b8fda035a5c85,bbaf606265ca636d66e86aaf9af432aa29073797b0636c3a94c26c3c579f8767,5,4,1.998725333548919,12.0,0.02998200429949003,11.0,True,False,10,0,EXTENDED_PENDING_RESOURCE_GATE,COMPLETE_BASE_INSTANCE
C,4,12,random_ordered,8,0.25,2,0.1,700a26f93d1666c71257ee6232a44c91a32f8cba87f1da9155d388e39f99f8fc,bbaf606265ca636d66e86aaf9af432aa29073797b0636c3a94c26c3c579f8767,5,4,1.8757914171999204,12.0,0.28242492992999996,11.0,True,False,10,0,EXTENDED_PENDING_RESOURCE_GATE,COMPLETE_BASE_INSTANCE
C,4,12,random_ordered,8,0.25,2,0.5,7ed698ca7cfe1d47e78cc6606c0893b0ac5fbde24a9edf160c032ac632e78409,bbaf606265ca636d66e86aaf9af432aa29073797b0636c3a94c26c3c579f8767,5,4,0.31002475824241293,12.0,0.25048828124999994,11.0,True,False,10,0,EXTENDED_PENDING_RESOURCE_GATE,COMPLETE_BASE_INSTANCE
C,4,12,random_ordered,8,0.5,4,0.0001,2bc6c6efd175992b3cc91160788b0ba6f379e0eaa55e84292d66cc6b5979bdbd,bbaf606265ca636d66e86aaf9af432aa29073797b0636c3a94c26c3c579f8767,5,4,1.9999998725000032,12.0,0.0002999999820000004,11.0,True,False,10,0,EXTENDED_PENDING_RESOURCE_GATE,COMPLETE_BASE_INSTANCE
C,4,12,random_ordered,8,0.5,4,0.01,7a0172ba1ee42e896747b945bbdd00896092dd0976b11749bd48a56b84d21c0a,bbaf606265ca636d66e86aaf9af432aa29073797b0636c3a94c26c3c579f8767,5,4,1.998725333548919,12.0,0.02998200429949003,11.0,True,False,10,0,EXTENDED_PENDING_RESOURCE_GATE,COMPLETE_BASE_INSTANCE
C,4,12,random_ordered,8,0.5,4,0.1,15c797f1151b61674cbed33d7d7c38966f2f13960fd0c0bac983f509f3ad86c6,bbaf606265ca636d66e86aaf9af432aa29073797b0636c3a94c26c3c579f8767,5,4,1.8757914171999204,12.0,0.28242492992999996,11.0,True,False,10,0,EXTENDED_PENDING_RESOURCE_GATE,COMPLETE_BASE_INSTANCE
C,4,12,random_ordered,8,0.5,4,0.5,c43857465946a59f1c15d066d0fc928e14815895995edb97b1821492dd9456be,bbaf606265ca636d66e86aaf9af432aa29073797b0636c3a94c26c3c579f8767,5,4,0.31002475824241293,12.0,0.25048828124999994,11.0,True,False,10,0,EXTENDED_PENDING_RESOURCE_GATE,COMPLETE_BASE_INSTANCE
C,4,12,random_ordered,8,0.75,6,0.0001,b59ee015b607c261c04a9cdafd126b1c54ea2bc251a86fa2a30a53a9dbe4b33d,bbaf606265ca636d66e86aaf9af432aa29073797b0636c3a94c26c3c579f8767,5,4,1.9999998725000032,12.0,0.0002999999820000004,11.0,True,False,10,0,EXTENDED_PENDING_RESOURCE_GATE,COMPLETE_BASE_INSTANCE
C,4,12,random_ordered,8,0.75,6,0.01,264eaf62d2d59d80bde9b8f639d2f2fc4f03b840a3cabb207c9746f0653debea,bbaf606265ca636d66e86aaf9af432aa29073797b0636c3a94c26c3c579f8767,5,4,1.998725333548919,12.0,0.02998200429949003,11.0,True,False,10,0,EXTENDED_PENDING_RESOURCE_GATE,COMPLETE_BASE_INSTANCE
C,4,12,random_ordered,8,0.75,6,0.1,af52a13765b2a0edc9551d19d6fe15e574655c81bf8af699d6e72e164cf409e3,bbaf606265ca636d66e86aaf9af432aa29073797b0636c3a94c26c3c579f8767,5,4,1.8757914171999204,12.0,0.28242492992999996,11.0,True,False,10,0,EXTENDED_PENDING_RESOURCE_GATE,COMPLETE_BASE_INSTANCE
C,4,12,random_ordered,8,0.75,6,0.5,b63ed18b86145b497f46c65604edba9edb80ca6be478ddbb3652e17d8042b27d,bbaf606265ca636d66e86aaf9af432aa29073797b0636c3a94c26c3c579f8767,5,4,0.31002475824241293,12.0,0.25048828124999994,11.0,True,False,10,0,EXTENDED_PENDING_RESOURCE_GATE,COMPLETE_BASE_INSTANCE
C,4,12,random_ordered,16,0.125,2,0.0001,5de0578e7bd345cc28bf7906a8a18441f98c6e53bf0d89c0365cce487a24c8f3,bbaf606265ca636d66e86aaf9af432aa29073797b0636c3a94c26c3c579f8767,5,4,1.9999998725000032,12.0,0.0002999999820000004,11.0,True,False,10,0,EXTENDED_PENDING_RESOURCE_GATE,COMPLETE_BASE_INSTANCE
C,4,12,random_ordered,16,0.125,2,0.01,0ede168b03bd1b10e7658239240ae42f350bd7ee4e641a8d4812565f1ff6aa68,bbaf606265ca636d66e86aaf9af432aa29073797b0636c3a94c26c3c579f8767,5,4,1.998725333548919,12.0,0.02998200429949003,11.0,True,False,10,0,EXTENDED_PENDING_RESOURCE_GATE,COMPLETE_BASE_INSTANCE
C,4,12,random_ordered,16,0.125,2,0.1,6fd37c8589c52c9351837995d6f432c35dd0b1658430121761264b0f3b2df45b,bbaf606265ca636d66e86aaf9af432aa29073797b0636c3a94c26c3c579f8767,5,4,1.8757914171999204,12.0,0.28242492992999996,11.0,True,False,10,0,EXTENDED_PENDING_RESOURCE_GATE,COMPLETE_BASE_INSTANCE
C,4,12,random_ordered,16,0.125,2,0.5,6ee341f710cce9eb096150f0dd2264083bcc832c42854f4b10652c9646a02e72,bbaf606265ca636d66e86aaf9af432aa29073797b0636c3a94c26c3c579f8767,5,4,0.31002475824241293,12.0,0.25048828124999994,11.0,True,False,10,0,EXTENDED_PENDING_RESOURCE_GATE,COMPLETE_BASE_INSTANCE
C,4,12,random_ordered,16,0.25,4,0.0001,2939df7a17bd7721f951a90eef27a01f65d81cfa92f834f456f30c47b7549438,bbaf606265ca636d66e86aaf9af432aa29073797b0636c3a94c26c3c579f8767,5,4,1.9999998725000032,12.0,0.0002999999820000004,11.0,True,False,10,0,EXTENDED_PENDING_RESOURCE_GATE,COMPLETE_BASE_INSTANCE
C,4,12,random_ordered,16,0.25,4,0.01,ee2401a3d95de8216c84edc239cd0e1e17d5225c4c33fdaab02f1ed222d41cf3,bbaf606265ca636d66e86aaf9af432aa29073797b0636c3a94c26c3c579f8767,5,4,1.998725333548919,12.0,0.02998200429949003,11.0,True,False,10,0,EXTENDED_PENDING_RESOURCE_GATE,COMPLETE_BASE_INSTANCE
C,4,12,random_ordered,16,0.25,4,0.1,8974e72528f1ac9df41bc1111f896df067cd70cc6c4d5bd94c3d21e5ddef14f2,bbaf606265ca636d66e86aaf9af432aa29073797b0636c3a94c26c3c579f8767,5,4,1.8757914171999204,12.0,0.28242492992999996,11.0,True,False,10,0,EXTENDED_PENDING_RESOURCE_GATE,COMPLETE_BASE_INSTANCE
C,4,12,random_ordered,16,0.25,4,0.5,b7e25607e204af0ec78c51ccd71b859f25666aae9a76beec8c88661e986f5351,bbaf606265ca636d66e86aaf9af432aa29073797b0636c3a94c26c3c579f8767,5,4,0.31002475824241293,12.0,0.25048828124999994,11.0,True,False,10,0,EXTENDED_PENDING_RESOURCE_GATE,COMPLETE_BASE_INSTANCE
C,4,12,random_ordered,16,0.5,8,0.0001,95f9674375f9f865dd3da59c4817aca4fab22e35061082931076096d00163acf,bbaf606265ca636d66e86aaf9af432aa29073797b0636c3a94c26c3c579f8767,5,4,1.9999998725000032,12.0,0.0002999999820000004,11.0,True,False,10,0,EXTENDED_PENDING_RESOURCE_GATE,COMPLETE_BASE_INSTANCE
C,4,12,random_ordered,16,0.5,8,0.01,c22a93bd428df9476443faa47377f1ac10608d985265c641cd56626af62eeed1,bbaf606265ca636d66e86aaf9af432aa29073797b0636c3a94c26c3c579f8767,5,4,1.998725333548919,12.0,0.02998200429949003,11.0,True,False,10,0,EXTENDED_PENDING_RESOURCE_GATE,COMPLETE_BASE_INSTANCE
C,4,12,random_ordered,16,0.5,8,0.1,1a2073edb5cf1a9b80c422c67db89c6f796d044c29a13aad74b92627c892ffa7,bbaf606265ca636d66e86aaf9af432aa29073797b0636c3a94c26c3c579f8767,5,4,1.8757914171999204,12.0,0.28242492992999996,11.0,True,False,10,0,EXTENDED_PENDING_RESOURCE_GATE,COMPLETE_BASE_INSTANCE
C,4,12,random_ordered,16,0.5,8,0.5,415e45f7f4155cf4f6ed3a1820f540271091dd1064638d2d6cfb472375e4d720,bbaf606265ca636d66e86aaf9af432aa29073797b0636c3a94c26c3c579f8767,5,4,0.31002475824241293,12.0,0.25048828124999994,11.0,True,False,10,0,EXTENDED_PENDING_RESOURCE_GATE,COMPLETE_BASE_INSTANCE
C,4,12,random_ordered,16,0.75,12,0.0001,b07fa0413790f67d0bf114267d23715d6d717ad68e2a10b7b0819c2abc09a4dc,bbaf606265ca636d66e86aaf9af432aa29073797b0636c3a94c26c3c579f8767,5,4,1.9999998725000032,12.0,0.0002999999820000004,11.0,True,False,10,0,EXTENDED_PENDING_RESOURCE_GATE,COMPLETE_BASE_INSTANCE
C,4,12,random_ordered,16,0.75,12,0.01,38fac53fac1a7793215dda59d84e516abe9f9e5465c552d60706a96d31db6d5a,bbaf606265ca636d66e86aaf9af432aa29073797b0636c3a94c26c3c579f8767,5,4,1.998725333548919,12.0,0.02998200429949003,11.0,True,False,10,0,EXTENDED_PENDING_RESOURCE_GATE,COMPLETE_BASE_INSTANCE
C,4,12,random_ordered,16,0.75,12,0.1,3801dd845871e413253655d07b33eba747bad5d118b74bd1a29116240d327736,bbaf606265ca636d66e86aaf9af432aa29073797b0636c3a94c26c3c579f8767,5,4,1.8757914171999204,12.0,0.28242492992999996,11.0,True,False,10,0,EXTENDED_PENDING_RESOURCE_GATE,COMPLETE_BASE_INSTANCE
C,4,12,random_ordered,16,0.75,12,0.5,d4e58f77a58d7ec4729a5f5944ff7bc8e2ba730a6009ac16946e558e1d495c84,bbaf606265ca636d66e86aaf9af432aa29073797b0636c3a94c26c3c579f8767,5,4,0.31002475824241293,12.0,0.25048828124999994,11.0,True,False,10,0,EXTENDED_PENDING_RESOURCE_GATE,COMPLETE_BASE_INSTANCE
C,4,12,random_ordered,32,0.125,4,0.0001,7e765dd64104d25cde02516dbb42db075c79750d2313dbfd40a9ff4334e62511,bbaf606265ca636d66e86aaf9af432aa29073797b0636c3a94c26c3c579f8767,5,4,1.9999998725000032,12.0,0.0002999999820000004,11.0,True,False,10,0,EXTENDED_PENDING_RESOURCE_GATE,COMPLETE_BASE_INSTANCE
C,4,12,random_ordered,32,0.125,4,0.01,ff2d9bbad5b7f673625862e076201d2eebba159b2b653498577f8f2d3be7c471,bbaf606265ca636d66e86aaf9af432aa29073797b0636c3a94c26c3c579f8767,5,4,1.998725333548919,12.0,0.02998200429949003,11.0,True,False,10,0,EXTENDED_PENDING_RESOURCE_GATE,COMPLETE_BASE_INSTANCE
C,4,12,random_ordered,32,0.125,4,0.1,95b5424b47698932c64478f05f96007b517f59e4ee9b2ea445967498e5551d25,bbaf606265ca636d66e86aaf9af432aa29073797b0636c3a94c26c3c579f8767,5,4,1.8757914171999204,12.0,0.28242492992999996,11.0,True,False,10,0,EXTENDED_PENDING_RESOURCE_GATE,COMPLETE_BASE_INSTANCE
C,4,12,random_ordered,32,0.125,4,0.5,353c13ebce5ab6f69312d64dc802635f52c828d3d836ff8002dd4fc5d531819d,bbaf606265ca636d66e86aaf9af432aa29073797b0636c3a94c26c3c579f8767,5,4,0.31002475824241293,12.0,0.25048828124999994,11.0,True,False,10,0,EXTENDED_PENDING_RESOURCE_GATE,COMPLETE_BASE_INSTANCE
C,4,12,random_ordered,32,0.25,8,0.0001,78732b1ca23d0c9e07049f7f61e47ca87b7dd9ebc46fc7a54f764cd2cf3edd78,bbaf606265ca636d66e86aaf9af432aa29073797b0636c3a94c26c3c579f8767,5,4,1.9999998725000032,12.0,0.0002999999820000004,11.0,True,False,10,0,EXTENDED_PENDING_RESOURCE_GATE,COMPLETE_BASE_INSTANCE
C,4,12,random_ordered,32,0.25,8,0.01,ce355a36acba5fca4e67e87935bb3902da4602b0b8ff46be89d5a3d61baf961b,bbaf606265ca636d66e86aaf9af432aa29073797b0636c3a94c26c3c579f8767,5,4,1.998725333548919,12.0,0.02998200429949003,11.0,True,False,10,0,EXTENDED_PENDING_RESOURCE_GATE,COMPLETE_BASE_INSTANCE
C,4,12,random_ordered,32,0.25,8,0.1,5af7edb10f47a991c6d96a144b4600feaaf90597bb9e89fdc4233a06a90d44be,bbaf606265ca636d66e86aaf9af432aa29073797b0636c3a94c26c3c579f8767,5,4,1.8757914171999204,12.0,0.28242492992999996,11.0,True,False,10,0,EXTENDED_PENDING_RESOURCE_GATE,COMPLETE_BASE_INSTANCE
C,4,12,random_ordered,32,0.25,8,0.5,7d783ee2c0d1ee5aac0e8051ec3c53f173309fe69f8c804bb21b3f31b8e15fe4,bbaf606265ca636d66e86aaf9af432aa29073797b0636c3a94c26c3c579f8767,5,4,0.31002475824241293,12.0,0.25048828124999994,11.0,True,False,10,0,EXTENDED_PENDING_RESOURCE_GATE,COMPLETE_BASE_INSTANCE
C,4,12,random_ordered,32,0.5,16,0.0001,35ed4c0d0c29fc7273641ecabbf98636c1e4d1aa637d2eeed66f314165807a0b,bbaf606265ca636d66e86aaf9af432aa29073797b0636c3a94c26c3c579f8767,5,4,1.9999998725000032,12.0,0.0002999999820000004,11.0,True,False,10,0,EXTENDED_PENDING_RESOURCE_GATE,COMPLETE_BASE_INSTANCE
C,4,12,random_ordered,32,0.5,16,0.01,81ea84568e529dc4aabeb4abb71a114b983d96e28628aa9dd26aa0ac9dd489ab,bbaf606265ca636d66e86aaf9af432aa29073797b0636c3a94c26c3c579f8767,5,4,1.998725333548919,12.0,0.02998200429949003,11.0,True,False,10,0,EXTENDED_PENDING_RESOURCE_GATE,COMPLETE_BASE_INSTANCE
C,4,12,random_ordered,32,0.5,16,0.1,8ec9defc51fd8592ee1e18b457ead0cefe569ab76a318f6d73bec4d65be4efb1,bbaf606265ca636d66e86aaf9af432aa29073797b0636c3a94c26c3c579f8767,5,4,1.8757914171999204,12.0,0.28242492992999996,11.0,True,False,10,0,EXTENDED_PENDING_RESOURCE_GATE,COMPLETE_BASE_INSTANCE
C,4,12,random_ordered,32,0.5,16,0.5,919b2696837682bb9eb464c99e805c1bd86105454171357890578c525ae2bd70,bbaf606265ca636d66e86aaf9af432aa29073797b0636c3a94c26c3c579f8767,5,4,0.31002475824241293,12.0,0.25048828124999994,11.0,True,False,10,0,EXTENDED_PENDING_RESOURCE_GATE,COMPLETE_BASE_INSTANCE
C,4,12,random_ordered,32,0.75,24,0.0001,c78c5823842a9113bb9717de64585856726cd0eb896858b5a60ad3ca6a3b76e5,bbaf606265ca636d66e86aaf9af432aa29073797b0636c3a94c26c3c579f8767,5,4,1.9999998725000032,12.0,0.0002999999820000004,11.0,True,False,10,0,EXTENDED_PENDING_RESOURCE_GATE,COMPLETE_BASE_INSTANCE
C,4,12,random_ordered,32,0.75,24,0.01,059e5903e92000680d57e905ebd580368c04b35605cb63efd4e18a60fd33caa2,bbaf606265ca636d66e86aaf9af432aa29073797b0636c3a94c26c3c579f8767,5,4,1.998725333548919,12.0,0.02998200429949003,11.0,True,False,10,0,EXTENDED_PENDING_RESOURCE_GATE,COMPLETE_BASE_INSTANCE
C,4,12,random_ordered,32,0.75,24,0.1,68b51841b67015482a7d138b3e0ccda43d8b718fa48347679a2d65d64580b2a7,bbaf606265ca636d66e86aaf9af432aa29073797b0636c3a94c26c3c579f8767,5,4,1.8757914171999204,12.0,0.28242492992999996,11.0,True,False,10,0,EXTENDED_PENDING_RESOURCE_GATE,COMPLETE_BASE_INSTANCE
C,4,12,random_ordered,32,0.75,24,0.5,8b3eaa41dd5d6ab26ea3892327649074a00d9ad9c31df8cb483d7d9e5c6bb960,bbaf606265ca636d66e86aaf9af432aa29073797b0636c3a94c26c3c579f8767,5,4,0.31002475824241293,12.0,0.25048828124999994,11.0,True,False,10,0,EXTENDED_PENDING_RESOURCE_GATE,COMPLETE_BASE_INSTANCE
C,4,12,random_ordered,64,0.125,8,0.0001,ddab60c7655384b120ac8705b684361686a7ed2075360a9fde9731373bea57db,bbaf606265ca636d66e86aaf9af432aa29073797b0636c3a94c26c3c579f8767,5,4,1.9999998725000032,12.0,0.0002999999820000004,11.0,True,False,10,0,EXTENDED_PENDING_RESOURCE_GATE,COMPLETE_BASE_INSTANCE
C,4,12,random_ordered,64,0.125,8,0.01,55bf6a2d3b1974f54dc58640007254eabcfcb170f7366a4eee2906a30e97a78b,bbaf606265ca636d66e86aaf9af432aa29073797b0636c3a94c26c3c579f8767,5,4,1.998725333548919,12.0,0.02998200429949003,11.0,True,False,10,0,EXTENDED_PENDING_RESOURCE_GATE,COMPLETE_BASE_INSTANCE
C,4,12,random_ordered,64,0.125,8,0.1,24f1a7c43b836e96df100849df5b325a2eb2a53da11276434c28d58301835c6f,bbaf606265ca636d66e86aaf9af432aa29073797b0636c3a94c26c3c579f8767,5,4,1.8757914171999204,12.0,0.28242492992999996,11.0,True,False,10,0,EXTENDED_PENDING_RESOURCE_GATE,COMPLETE_BASE_INSTANCE
C,4,12,random_ordered,64,0.125,8,0.5,55df17e9ec869fc2f37355b7794f4e7f400b70768cd5aef95fc59d4489457fc7,bbaf606265ca636d66e86aaf9af432aa29073797b0636c3a94c26c3c579f8767,5,4,0.31002475824241293,12.0,0.25048828124999994,11.0,True,False,10,0,EXTENDED_PENDING_RESOURCE_GATE,COMPLETE_BASE_INSTANCE
C,4,12,random_ordered,64,0.25,16,0.0001,b3129fbe5e0bc15c681a782abb134714f848141e3c8476c0752504af76aa6499,bbaf606265ca636d66e86aaf9af432aa29073797b0636c3a94c26c3c579f8767,5,4,1.9999998725000032,12.0,0.0002999999820000004,11.0,True,False,10,0,EXTENDED_PENDING_RESOURCE_GATE,COMPLETE_BASE_INSTANCE
C,4,12,random_ordered,64,0.25,16,0.01,92906db38ed6c68f55de6a452a514ade6c035b8343ac300c10400091f22bf945,bbaf606265ca636d66e86aaf9af432aa29073797b0636c3a94c26c3c579f8767,5,4,1.998725333548919,12.0,0.02998200429949003,11.0,True,False,10,0,EXTENDED_PENDING_RESOURCE_GATE,COMPLETE_BASE_INSTANCE
C,4,12,random_ordered,64,0.25,16,0.1,2c69cb38f95c1360650b99b6bec3f5a6d1da4f221656be23b9ab2f119d9ae0b1,bbaf606265ca636d66e86aaf9af432aa29073797b0636c3a94c26c3c579f8767,5,4,1.8757914171999204,12.0,0.28242492992999996,11.0,True,False,10,0,EXTENDED_PENDING_RESOURCE_GATE,COMPLETE_BASE_INSTANCE
C,4,12,random_ordered,64,0.25,16,0.5,5c0649891f48a3c91c11a2383f0b7bb73b57e863a5a27fc5f4097794d3a13309,bbaf606265ca636d66e86aaf9af432aa29073797b0636c3a94c26c3c579f8767,5,4,0.31002475824241293,12.0,0.25048828124999994,11.0,True,False,10,0,EXTENDED_PENDING_RESOURCE_GATE,COMPLETE_BASE_INSTANCE
C,4,12,random_ordered,64,0.5,32,0.0001,25175d654546e9478e60ee713fca84b963249bc3492fa845895eb66ee9f53d7b,bbaf606265ca636d66e86aaf9af432aa29073797b0636c3a94c26c3c579f8767,5,4,1.9999998725000032,12.0,0.0002999999820000004,11.0,True,False,10,0,EXTENDED_PENDING_RESOURCE_GATE,COMPLETE_BASE_INSTANCE
C,4,12,random_ordered,64,0.5,32,0.01,09bc316cbdff4d2ef4d7d00cc569e79768f5762040f956f53cc627c83f03f936,bbaf606265ca636d66e86aaf9af432aa29073797b0636c3a94c26c3c579f8767,5,4,1.998725333548919,12.0,0.02998200429949003,11.0,True,False,10,0,EXTENDED_PENDING_RESOURCE_GATE,COMPLETE_BASE_INSTANCE
C,4,12,random_ordered,64,0.5,32,0.1,8e8fa4c56dd6547cf451297db4c69b10e2a6eb5a453992ad392072958bfdd04c,bbaf606265ca636d66e86aaf9af432aa29073797b0636c3a94c26c3c579f8767,5,4,1.8757914171999204,12.0,0.28242492992999996,11.0,True,False,10,0,EXTENDED_PENDING_RESOURCE_GATE,COMPLETE_BASE_INSTANCE
C,4,12,random_ordered,64,0.5,32,0.5,68055c493f1d43010359633d5a078d7f4c7d92e5a64fc830fa169da9b63ac477,bbaf606265ca636d66e86aaf9af432aa29073797b0636c3a94c26c3c579f8767,5,4,0.31002475824241293,12.0,0.25048828124999994,11.0,True,False,10,0,EXTENDED_PENDING_RESOURCE_GATE,COMPLETE_BASE_INSTANCE
C,4,12,random_ordered,64,0.75,48,0.0001,d72823009dddff79ecdb4f8313bd49acfcde138d1f2261ae67823ea0564564dc,bbaf606265ca636d66e86aaf9af432aa29073797b0636c3a94c26c3c579f8767,5,4,1.9999998725000032,12.0,0.0002999999820000004,11.0,True,False,10,0,EXTENDED_PENDING_RESOURCE_GATE,COMPLETE_BASE_INSTANCE
C,4,12,random_ordered,64,0.75,48,0.01,e337b3ea2931dfacc44038b397fc8e40ee489f22e4f871d310d9d6b458b6c80e,bbaf606265ca636d66e86aaf9af432aa29073797b0636c3a94c26c3c579f8767,5,4,1.998725333548919,12.0,0.02998200429949003,11.0,True,False,10,0,EXTENDED_PENDING_RESOURCE_GATE,COMPLETE_BASE_INSTANCE
C,4,12,random_ordered,64,0.75,48,0.1,7e143f7cefb59d410a2469aba0fa7ac85ea3809ac1debf84b326b8cea81a7657,bbaf606265ca636d66e86aaf9af432aa29073797b0636c3a94c26c3c579f8767,5,4,1.8757914171999204,12.0,0.28242492992999996,11.0,True,False,10,0,EXTENDED_PENDING_RESOURCE_GATE,COMPLETE_BASE_INSTANCE
C,4,12,random_ordered,64,0.75,48,0.5,5c0219f390ae2f27db1ac2ff38f50f5c5f9856037a1a5918ab5de4ba4ed15070,bbaf606265ca636d66e86aaf9af432aa29073797b0636c3a94c26c3c579f8767,5,4,0.31002475824241293,12.0,0.25048828124999994,11.0,True,False,10,0,EXTENDED_PENDING_RESOURCE_GATE,COMPLETE_BASE_INSTANCE
C,4,24,comb,2,0.125,1,0.0001,394fabab7d343b7607aeaf865d4ba3a3e22a9daeb71d3d87d6d7ed4bcb5c6c73,473992c5668e85bb3eae75ba29c61941e35ef05db948aa47d245895bd5236c18,24,2,23.99999287000077,24.0,0.02759998633800256,23.0,True,False,10,0,EXTENDED_PENDING_RESOURCE_GATE,COMPLETE_BASE_INSTANCE
C,4,24,comb,2,0.125,1,0.01,85fa62e830a140a50ead91cac482bec801406fa9549fa3170fb631819fb257c2,473992c5668e85bb3eae75ba29c61941e35ef05db948aa47d245895bd5236c18,24,2,23.92877705089293,24.0,2.7463635789086016,23.0,True,False,10,0,EXTENDED_PENDING_RESOURCE_GATE,COMPLETE_BASE_INSTANCE
C,4,24,comb,2,0.125,1,0.1,ec4cc9767657526746eedc1c641095e47dfad4729a6b408a24878972f5d422e8,473992c5668e85bb3eae75ba29c61941e35ef05db948aa47d245895bd5236c18,24,2,17.600307636278437,24.0,16.26486711207687,23.0,True,False,10,0,EXTENDED_PENDING_RESOURCE_GATE,COMPLETE_BASE_INSTANCE
C,4,24,comb,2,0.125,1,0.5,0f76919527519bdc2156e3e69b7cd752eae436a0832720365243945e652f8874,473992c5668e85bb3eae75ba29c61941e35ef05db948aa47d245895bd5236c18,24,2,1.936647295951843,24.0,1.936647295951843,23.0,True,False,10,0,EXTENDED_PENDING_RESOURCE_GATE,COMPLETE_BASE_INSTANCE
C,4,24,comb,2,0.25,1,0.0001,aac242ca26793cbed5bb11d05a6894e313eba74bdbcce6dc8d9f70a01c0e7eda,473992c5668e85bb3eae75ba29c61941e35ef05db948aa47d245895bd5236c18,24,2,23.99999287000077,24.0,0.02759998633800256,23.0,True,False,10,0,EXTENDED_PENDING_RESOURCE_GATE,COMPLETE_BASE_INSTANCE
C,4,24,comb,2,0.25,1,0.01,132b4ddab8f0da6853e334ca0163d896c88e195bf6bee2691f33f0b33b785c8e,473992c5668e85bb3eae75ba29c61941e35ef05db948aa47d245895bd5236c18,24,2,23.92877705089293,24.0,2.7463635789086016,23.0,True,False,10,0,EXTENDED_PENDING_RESOURCE_GATE,COMPLETE_BASE_INSTANCE
C,4,24,comb,2,0.25,1,0.1,12346111b47b2333e0307693982ecb2e5e2a3aa0febfed6e13ccb17f45906393,473992c5668e85bb3eae75ba29c61941e35ef05db948aa47d245895bd5236c18,24,2,17.600307636278437,24.0,16.26486711207687,23.0,True,False,10,0,EXTENDED_PENDING_RESOURCE_GATE,COMPLETE_BASE_INSTANCE
C,4,24,comb,2,0.25,1,0.5,1f9e66d31d78c94e1fbe8a49e288f7466b142a4d54fc7677c9ca0d1b6a9dd54f,473992c5668e85bb3eae75ba29c61941e35ef05db948aa47d245895bd5236c18,24,2,1.936647295951843,24.0,1.936647295951843,23.0,True,False,10,0,EXTENDED_PENDING_RESOURCE_GATE,COMPLETE_BASE_INSTANCE
C,4,24,comb,2,0.5,1,0.0001,ad5eb86809704ef1560531e40cb1393711bcd73659dd4f148ff5501667b1ed15,473992c5668e85bb3eae75ba29c61941e35ef05db948aa47d245895bd5236c18,24,2,23.99999287000077,24.0,0.02759998633800256,23.0,True,False,10,0,EXTENDED_PENDING_RESOURCE_GATE,COMPLETE_BASE_INSTANCE
C,4,24,comb,2,0.5,1,0.01,e95bb993db59282977eda9b70ee6da55307dd7089b3be380e72afd53180bcc74,473992c5668e85bb3eae75ba29c61941e35ef05db948aa47d245895bd5236c18,24,2,23.92877705089293,24.0,2.7463635789086016,23.0,True,False,10,0,EXTENDED_PENDING_RESOURCE_GATE,COMPLETE_BASE_INSTANCE
C,4,24,comb,2,0.5,1,0.1,31b79369ba9e0642dcf6c892a09a5be0bd1b8b8b47bc735eaed1f1bcb170d589,473992c5668e85bb3eae75ba29c61941e35ef05db948aa47d245895bd5236c18,24,2,17.600307636278437,24.0,16.26486711207687,23.0,True,False,10,0,EXTENDED_PENDING_RESOURCE_GATE,COMPLETE_BASE_INSTANCE
C,4,24,comb,2,0.5,1,0.5,6a2f01f7b7346c2cc0d682574d7564b3b88c764688e3c35e7eeedcdd67296a8c,473992c5668e85bb3eae75ba29c61941e35ef05db948aa47d245895bd5236c18,24,2,1.936647295951843,24.0,1.936647295951843,23.0,True,False,10,0,EXTENDED_PENDING_RESOURCE_GATE,COMPLETE_BASE_INSTANCE
C,4,24,comb,2,0.75,1,0.0001,f0de7895ecdc40f1e2c73228c5cf550cd54feff4ce6df33fae77bd2b343ea690,473992c5668e85bb3eae75ba29c61941e35ef05db948aa47d245895bd5236c18,24,2,23.99999287000077,24.0,0.02759998633800256,23.0,True,False,10,0,EXTENDED_PENDING_RESOURCE_GATE,COMPLETE_BASE_INSTANCE
C,4,24,comb,2,0.75,1,0.01,8925391caa0d09407b860523f4671ac5add2ef2ee71c3954ee692c80dfe03cd7,473992c5668e85bb3eae75ba29c61941e35ef05db948aa47d245895bd5236c18,24,2,23.92877705089293,24.0,2.7463635789086016,23.0,True,False,10,0,EXTENDED_PENDING_RESOURCE_GATE,COMPLETE_BASE_INSTANCE
C,4,24,comb,2,0.75,1,0.1,0799b2f3ca26207a0669844ee00f45d4d1b62b98e0dc1805c359a35d45b9ebb6,473992c5668e85bb3eae75ba29c61941e35ef05db948aa47d245895bd5236c18,24,2,17.600307636278437,24.0,16.26486711207687,23.0,True,False,10,0,EXTENDED_PENDING_RESOURCE_GATE,COMPLETE_BASE_INSTANCE
C,4,24,comb,2,0.75,1,0.5,17a61e26baa694831e7fd378ee580b966981d88a3d371be6d2d7173b6e676b04,473992c5668e85bb3eae75ba29c61941e35ef05db948aa47d245895bd5236c18,24,2,1.936647295951843,24.0,1.936647295951843,23.0,True,False,10,0,EXTENDED_PENDING_RESOURCE_GATE,COMPLETE_BASE_INSTANCE
C,4,24,comb,4,0.125,1,0.0001,f2b4adbd034309cc8f0cc4ee309db79cb7f4af955f8efe708c843bb01a896655,473992c5668e85bb3eae75ba29c61941e35ef05db948aa47d245895bd5236c18,24,2,23.99999287000077,24.0,0.02759998633800256,23.0,True,False,10,0,EXTENDED_PENDING_RESOURCE_GATE,COMPLETE_BASE_INSTANCE
C,4,24,comb,4,0.125,1,0.01,4b3c097738c76f42242e81ac4081900c41e2c93a9f1fac074f1beeb07f92575d,473992c5668e85bb3eae75ba29c61941e35ef05db948aa47d245895bd5236c18,24,2,23.92877705089293,24.0,2.7463635789086016,23.0,True,False,10,0,EXTENDED_PENDING_RESOURCE_GATE,COMPLETE_BASE_INSTANCE
C,4,24,comb,4,0.125,1,0.1,9e956e6c702543bb9687131adea560a20754fd5189eaa2210f6e6384c30b6fc4,473992c5668e85bb3eae75ba29c61941e35ef05db948aa47d245895bd5236c18,24,2,17.600307636278437,24.0,16.26486711207687,23.0,True,False,10,0,EXTENDED_PENDING_RESOURCE_GATE,COMPLETE_BASE_INSTANCE
C,4,24,comb,4,0.125,1,0.5,422f91603ebd57687cd336c7526ca29b3518c35e52ae0104dd187a5f9dfe5cd4,473992c5668e85bb3eae75ba29c61941e35ef05db948aa47d245895bd5236c18,24,2,1.936647295951843,24.0,1.936647295951843,23.0,True,False,10,0,EXTENDED_PENDING_RESOURCE_GATE,COMPLETE_BASE_INSTANCE
C,4,24,comb,4,0.25,1,0.0001,3fad40faee345d1c738ae32c025c332c22933794a0e9ea9c8c377e4616580f05,473992c5668e85bb3eae75ba29c61941e35ef05db948aa47d245895bd5236c18,24,2,23.99999287000077,24.0,0.02759998633800256,23.0,True,False,10,0,EXTENDED_PENDING_RESOURCE_GATE,COMPLETE_BASE_INSTANCE
C,4,24,comb,4,0.25,1,0.01,74bd8f608e081b6d89526ad4fe17ebf854f0549653252e4b03ca09de8e3c2ac0,473992c5668e85bb3eae75ba29c61941e35ef05db948aa47d245895bd5236c18,24,2,23.92877705089293,24.0,2.7463635789086016,23.0,True,False,10,0,EXTENDED_PENDING_RESOURCE_GATE,COMPLETE_BASE_INSTANCE
C,4,24,comb,4,0.25,1,0.1,5c77e7b7b7e5e528cb5bf9371d2a910f682e5874535c62b1335df029cba59ae7,473992c5668e85bb3eae75ba29c61941e35ef05db948aa47d245895bd5236c18,24,2,17.600307636278437,24.0,16.26486711207687,23.0,True,False,10,0,EXTENDED_PENDING_RESOURCE_GATE,COMPLETE_BASE_INSTANCE
C,4,24,comb,4,0.25,1,0.5,fa29d7539550ec8c6d7d066bf97ad8ee00ebecbb2a3cb4401bfe1656b1cf8ce5,473992c5668e85bb3eae75ba29c61941e35ef05db948aa47d245895bd5236c18,24,2,1.936647295951843,24.0,1.936647295951843,23.0,True,False,10,0,EXTENDED_PENDING_RESOURCE_GATE,COMPLETE_BASE_INSTANCE
C,4,24,comb,4,0.5,2,0.0001,a778afeac17a36bfd386cda634c2e7b1a83c2349808cc4050360f1ab2a59104c,473992c5668e85bb3eae75ba29c61941e35ef05db948aa47d245895bd5236c18,24,2,23.99999287000077,24.0,0.02759998633800256,23.0,True,False,10,0,EXTENDED_PENDING_RESOURCE_GATE,COMPLETE_BASE_INSTANCE
C,4,24,comb,4,0.5,2,0.01,f81973369bfdcb4065077df1bc8d80e05419d655d78ca14f3f8313c3ff8405d7,473992c5668e85bb3eae75ba29c61941e35ef05db948aa47d245895bd5236c18,24,2,23.92877705089293,24.0,2.7463635789086016,23.0,True,False,10,0,EXTENDED_PENDING_RESOURCE_GATE,COMPLETE_BASE_INSTANCE
C,4,24,comb,4,0.5,2,0.1,0a6d1198ef523fdc5c15401233b1e0980b2b7bb09d9ae64cca1d2b9fd611a376,473992c5668e85bb3eae75ba29c61941e35ef05db948aa47d245895bd5236c18,24,2,17.600307636278437,24.0,16.26486711207687,23.0,True,False,10,0,EXTENDED_PENDING_RESOURCE_GATE,COMPLETE_BASE_INSTANCE
C,4,24,comb,4,0.5,2,0.5,08c6ce2c06d0a4e02202375e1fdef5f2a28669016a54bcd05690ff46e0545b11,473992c5668e85bb3eae75ba29c61941e35ef05db948aa47d245895bd5236c18,24,2,1.936647295951843,24.0,1.936647295951843,23.0,True,False,10,0,EXTENDED_PENDING_RESOURCE_GATE,COMPLETE_BASE_INSTANCE
C,4,24,comb,4,0.75,3,0.0001,70de44d2f2b0e293f50d734cb7cf58c4ffe6812fe75b61f8d62d13a1a14a308a,473992c5668e85bb3eae75ba29c61941e35ef05db948aa47d245895bd5236c18,24,2,23.99999287000077,24.0,0.02759998633800256,23.0,True,False,10,0,EXTENDED_PENDING_RESOURCE_GATE,COMPLETE_BASE_INSTANCE
C,4,24,comb,4,0.75,3,0.01,8bd70f708495cec63a2b0cc8e20eee0b54c8e141ba89ed9e6792288ffb3bb4f9,473992c5668e85bb3eae75ba29c61941e35ef05db948aa47d245895bd5236c18,24,2,23.92877705089293,24.0,2.7463635789086016,23.0,True,False,10,0,EXTENDED_PENDING_RESOURCE_GATE,COMPLETE_BASE_INSTANCE
C,4,24,comb,4,0.75,3,0.1,2ea05f280b38ae921cfd19cf80bbea2e206c73608dd3990a5994e6256bd1c0bb,473992c5668e85bb3eae75ba29c61941e35ef05db948aa47d245895bd5236c18,24,2,17.600307636278437,24.0,16.26486711207687,23.0,True,False,10,0,EXTENDED_PENDING_RESOURCE_GATE,COMPLETE_BASE_INSTANCE
C,4,24,comb,4,0.75,3,0.5,50764c029a66797f59f654c84691903b1fe931c55127d58f8ca1e0b35b4fc73f,473992c5668e85bb3eae75ba29c61941e35ef05db948aa47d245895bd5236c18,24,2,1.936647295951843,24.0,1.936647295951843,23.0,True,False,10,0,EXTENDED_PENDING_RESOURCE_GATE,COMPLETE_BASE_INSTANCE
C,4,24,comb,8,0.125,1,0.0001,3ddc63fa546c42504e116704cda9c90e0678cb272b88641dcbd7ab1daf9a955c,473992c5668e85bb3eae75ba29c61941e35ef05db948aa47d245895bd5236c18,24,2,23.99999287000077,24.0,0.02759998633800256,23.0,True,False,10,0,EXTENDED_PENDING_RESOURCE_GATE,COMPLETE_BASE_INSTANCE
C,4,24,comb,8,0.125,1,0.01,89a4928bf025336f42d637d0224ab135c857cca9c401ba75fd74f39468301b01,473992c5668e85bb3eae75ba29c61941e35ef05db948aa47d245895bd5236c18,24,2,23.92877705089293,24.0,2.7463635789086016,23.0,True,False,10,0,EXTENDED_PENDING_RESOURCE_GATE,COMPLETE_BASE_INSTANCE
C,4,24,comb,8,0.125,1,0.1,75533e370c251c75957d74b4b8431941f54dd15e1063d1ba6df85ed852300a40,473992c5668e85bb3eae75ba29c61941e35ef05db948aa47d245895bd5236c18,24,2,17.600307636278437,24.0,16.26486711207687,23.0,True,False,10,0,EXTENDED_PENDING_RESOURCE_GATE,COMPLETE_BASE_INSTANCE
C,4,24,comb,8,0.125,1,0.5,ddb29223533d27d8d3a245205cdb29dfcb46cb862623238f49b379a57943221f,473992c5668e85bb3eae75ba29c61941e35ef05db948aa47d245895bd5236c18,24,2,1.936647295951843,24.0,1.936647295951843,23.0,True,False,10,0,EXTENDED_PENDING_RESOURCE_GATE,COMPLETE_BASE_INSTANCE
C,4,24,comb,8,0.25,2,0.0001,15dc5199f706fd2b55e53c05f6e3f052cd8d748bf6d9bfecab5a7ef37406d2d1,473992c5668e85bb3eae75ba29c61941e35ef05db948aa47d245895bd5236c18,24,2,23.99999287000077,24.0,0.02759998633800256,23.0,True,False,10,0,EXTENDED_PENDING_RESOURCE_GATE,COMPLETE_BASE_INSTANCE
C,4,24,comb,8,0.25,2,0.01,b7aa8ea5fdc8a13f044fadc179a254f5fe2175e3895b05312cf490afd0320455,473992c5668e85bb3eae75ba29c61941e35ef05db948aa47d245895bd5236c18,24,2,23.92877705089293,24.0,2.7463635789086016,23.0,True,False,10,0,EXTENDED_PENDING_RESOURCE_GATE,COMPLETE_BASE_INSTANCE
C,4,24,comb,8,0.25,2,0.1,3b2ddd5a48868b906d07b8a7ee0705f4a605a788d08cf70873d0c32d0154c501,473992c5668e85bb3eae75ba29c61941e35ef05db948aa47d245895bd5236c18,24,2,17.600307636278437,24.0,16.26486711207687,23.0,True,False,10,0,EXTENDED_PENDING_RESOURCE_GATE,COMPLETE_BASE_INSTANCE
C,4,24,comb,8,0.25,2,0.5,e24fc33f932e3d059a5609ace129e96b05bba3cbc803ab27ce3388c12582396d,473992c5668e85bb3eae75ba29c61941e35ef05db948aa47d245895bd5236c18,24,2,1.936647295951843,24.0,1.936647295951843,23.0,True,False,10,0,EXTENDED_PENDING_RESOURCE_GATE,COMPLETE_BASE_INSTANCE
C,4,24,comb,8,0.5,4,0.0001,412d11dff03bb4299e10f87a4ec69ee5c72f4c66897b300a2d07fef2897d27ed,473992c5668e85bb3eae75ba29c61941e35ef05db948aa47d245895bd5236c18,24,2,23.99999287000077,24.0,0.02759998633800256,23.0,True,False,10,0,EXTENDED_PENDING_RESOURCE_GATE,COMPLETE_BASE_INSTANCE
C,4,24,comb,8,0.5,4,0.01,67fb97ef9abd0a25941b7371a09a26003517ae638b66d584c2d2d51829008851,473992c5668e85bb3eae75ba29c61941e35ef05db948aa47d245895bd5236c18,24,2,23.92877705089293,24.0,2.7463635789086016,23.0,True,False,10,0,EXTENDED_PENDING_RESOURCE_GATE,COMPLETE_BASE_INSTANCE
C,4,24,comb,8,0.5,4,0.1,adda42ddf03277a2ac37adfc977d5648fd5718d477bc6f307542c707c9509f86,473992c5668e85bb3eae75ba29c61941e35ef05db948aa47d245895bd5236c18,24,2,17.600307636278437,24.0,16.26486711207687,23.0,True,False,10,0,EXTENDED_PENDING_RESOURCE_GATE,COMPLETE_BASE_INSTANCE
C,4,24,comb,8,0.5,4,0.5,1fc60b570fd904924ee8b9633cc575527bac0f28232d439e4265bbf74b23d3a1,473992c5668e85bb3eae75ba29c61941e35ef05db948aa47d245895bd5236c18,24,2,1.936647295951843,24.0,1.936647295951843,23.0,True,False,10,0,EXTENDED_PENDING_RESOURCE_GATE,COMPLETE_BASE_INSTANCE
C,4,24,comb,8,0.75,6,0.0001,acdc0b300a42919ba358163ce04622e93117bdb339fe9d4b572f720fc0778e6e,473992c5668e85bb3eae75ba29c61941e35ef05db948aa47d245895bd5236c18,24,2,23.99999287000077,24.0,0.02759998633800256,23.0,True,False,10,0,EXTENDED_PENDING_RESOURCE_GATE,COMPLETE_BASE_INSTANCE
C,4,24,comb,8,0.75,6,0.01,9d520e217c9d10c50f90b80c0c17b2bb1f6ab4f35a8bb4e16e95c20ccdcac54a,473992c5668e85bb3eae75ba29c61941e35ef05db948aa47d245895bd5236c18,24,2,23.92877705089293,24.0,2.7463635789086016,23.0,True,False,10,0,EXTENDED_PENDING_RESOURCE_GATE,COMPLETE_BASE_INSTANCE
C,4,24,comb,8,0.75,6,0.1,3eeee04350722102d13d52788d0693b98bed2d369ab27c162d3091e1ff5dba68,473992c5668e85bb3eae75ba29c61941e35ef05db948aa47d245895bd5236c18,24,2,17.600307636278437,24.0,16.26486711207687,23.0,True,False,10,0,EXTENDED_PENDING_RESOURCE_GATE,COMPLETE_BASE_INSTANCE
C,4,24,comb,8,0.75,6,0.5,2e5c1a66d46495493128231c202f2254be7d8b0f66f383860badf3f9bebf8504,473992c5668e85bb3eae75ba29c61941e35ef05db948aa47d245895bd5236c18,24,2,1.936647295951843,24.0,1.936647295951843,23.0,True,False,10,0,EXTENDED_PENDING_RESOURCE_GATE,COMPLETE_BASE_INSTANCE
C,4,24,comb,16,0.125,2,0.0001,14467403166e464312518e7e890a16ebed930a7cb99d73dacb333f118c6e172a,473992c5668e85bb3eae75ba29c61941e35ef05db948aa47d245895bd5236c18,24,2,23.99999287000077,24.0,0.02759998633800256,23.0,True,False,10,0,EXTENDED_PENDING_RESOURCE_GATE,COMPLETE_BASE_INSTANCE
C,4,24,comb,16,0.125,2,0.01,9dbdd1d84f4441d6c66b12b81e22849b152ae858b5e435c7135cb8de99127464,473992c5668e85bb3eae75ba29c61941e35ef05db948aa47d245895bd5236c18,24,2,23.92877705089293,24.0,2.7463635789086016,23.0,True,False,10,0,EXTENDED_PENDING_RESOURCE_GATE,COMPLETE_BASE_INSTANCE
C,4,24,comb,16,0.125,2,0.1,33474d65bb9e6ac0d096ed67a0b6341ac57e66236f2020fb25468b7a57d8d0aa,473992c5668e85bb3eae75ba29c61941e35ef05db948aa47d245895bd5236c18,24,2,17.600307636278437,24.0,16.26486711207687,23.0,True,False,10,0,EXTENDED_PENDING_RESOURCE_GATE,COMPLETE_BASE_INSTANCE
C,4,24,comb,16,0.125,2,0.5,074403245ddded002c4771a4b3c828311d73c34a22e70e61c1334cbd389303fb,473992c5668e85bb3eae75ba29c61941e35ef05db948aa47d245895bd5236c18,24,2,1.936647295951843,24.0,1.936647295951843,23.0,True,False,10,0,EXTENDED_PENDING_RESOURCE_GATE,COMPLETE_BASE_INSTANCE
C,4,24,comb,16,0.25,4,0.0001,31b49621b710507ed63663d1426e9fae2057141a131a7173e6114bf07b0aa26e,473992c5668e85bb3eae75ba29c61941e35ef05db948aa47d245895bd5236c18,24,2,23.99999287000077,24.0,0.02759998633800256,23.0,True,False,10,0,EXTENDED_PENDING_RESOURCE_GATE,COMPLETE_BASE_INSTANCE
C,4,24,comb,16,0.25,4,0.01,a8d1b8ca5da6774a55e7f6903d755a836a4fa5ba8007e45e02e5b9d1ecad1712,473992c5668e85bb3eae75ba29c61941e35ef05db948aa47d245895bd5236c18,24,2,23.92877705089293,24.0,2.7463635789086016,23.0,True,False,10,0,EXTENDED_PENDING_RESOURCE_GATE,COMPLETE_BASE_INSTANCE
C,4,24,comb,16,0.25,4,0.1,cfb664fb7ed952425ffb9dfbf76728fea4f2a2905e60ab447c272faade60fd10,473992c5668e85bb3eae75ba29c61941e35ef05db948aa47d245895bd5236c18,24,2,17.600307636278437,24.0,16.26486711207687,23.0,True,False,10,0,EXTENDED_PENDING_RESOURCE_GATE,COMPLETE_BASE_INSTANCE
C,4,24,comb,16,0.25,4,0.5,a60bf4a8f1ad69257a041474e042f0a6bb28a14bb6fafb337e2a970d6a1b1e15,473992c5668e85bb3eae75ba29c61941e35ef05db948aa47d245895bd5236c18,24,2,1.936647295951843,24.0,1.936647295951843,23.0,True,False,10,0,EXTENDED_PENDING_RESOURCE_GATE,COMPLETE_BASE_INSTANCE
C,4,24,comb,16,0.5,8,0.0001,8d3d2ea217d784ff9926957cb7b63c6994a2a962e2858b80e4e1b2e74e6780a1,473992c5668e85bb3eae75ba29c61941e35ef05db948aa47d245895bd5236c18,24,2,23.99999287000077,24.0,0.02759998633800256,23.0,True,False,10,0,EXTENDED_PENDING_RESOURCE_GATE,COMPLETE_BASE_INSTANCE
C,4,24,comb,16,0.5,8,0.01,7fac7cffc2b312389bd350546b2f2674d29715a7ebed536e168cc55b0aded571,473992c5668e85bb3eae75ba29c61941e35ef05db948aa47d245895bd5236c18,24,2,23.92877705089293,24.0,2.7463635789086016,23.0,True,False,10,0,EXTENDED_PENDING_RESOURCE_GATE,COMPLETE_BASE_INSTANCE
C,4,24,comb,16,0.5,8,0.1,79e28bf5fb64aec872014572ac8f20c832cf4a563d741208248465ce856fbc37,473992c5668e85bb3eae75ba29c61941e35ef05db948aa47d245895bd5236c18,24,2,17.600307636278437,24.0,16.26486711207687,23.0,True,False,10,0,EXTENDED_PENDING_RESOURCE_GATE,COMPLETE_BASE_INSTANCE
C,4,24,comb,16,0.5,8,0.5,89559492ea598470946509d15a2cf11133d2eecdc21b79c9a7fc1a202c4e30fc,473992c5668e85bb3eae75ba29c61941e35ef05db948aa47d245895bd5236c18,24,2,1.936647295951843,24.0,1.936647295951843,23.0,True,False,10,0,EXTENDED_PENDING_RESOURCE_GATE,COMPLETE_BASE_INSTANCE
C,4,24,comb,16,0.75,12,0.0001,c29602a90e31ed56e14e9ac8fe715279bf78b0ab28e93313d8ee395802ba7c65,473992c5668e85bb3eae75ba29c61941e35ef05db948aa47d245895bd5236c18,24,2,23.99999287000077,24.0,0.02759998633800256,23.0,True,False,10,0,EXTENDED_PENDING_RESOURCE_GATE,COMPLETE_BASE_INSTANCE
C,4,24,comb,16,0.75,12,0.01,2adbe980129d60f2d187ea5adc9ca919ffcd2f1a1ae132cf93893817d97771fd,473992c5668e85bb3eae75ba29c61941e35ef05db948aa47d245895bd5236c18,24,2,23.92877705089293,24.0,2.7463635789086016,23.0,True,False,10,0,EXTENDED_PENDING_RESOURCE_GATE,COMPLETE_BASE_INSTANCE
C,4,24,comb,16,0.75,12,0.1,2da99a10abc2466c590adc7241ae4107dc2ba40e8bdf55bd873ed9bc587b27d4,473992c5668e85bb3eae75ba29c61941e35ef05db948aa47d245895bd5236c18,24,2,17.600307636278437,24.0,16.26486711207687,23.0,True,False,10,0,EXTENDED_PENDING_RESOURCE_GATE,COMPLETE_BASE_INSTANCE
C,4,24,comb,16,0.75,12,0.5,c4a093362e0033af44d93bb9ea906c1704354db7032ab601882cb4f79f0a2adb,473992c5668e85bb3eae75ba29c61941e35ef05db948aa47d245895bd5236c18,24,2,1.936647295951843,24.0,1.936647295951843,23.0,True,False,10,0,EXTENDED_PENDING_RESOURCE_GATE,COMPLETE_BASE_INSTANCE
C,4,24,comb,32,0.125,4,0.0001,35a8c92bbd360c04eb61f2b29e5e69ff5c71fb86d98375f93f5c8f4515948629,473992c5668e85bb3eae75ba29c61941e35ef05db948aa47d245895bd5236c18,24,2,23.99999287000077,24.0,0.02759998633800256,23.0,True,False,10,0,EXTENDED_PENDING_RESOURCE_GATE,COMPLETE_BASE_INSTANCE
C,4,24,comb,32,0.125,4,0.01,8c4537fc558f854774b69d512b70534f9dfb640bb03d24bfa659a83e4fb09646,473992c5668e85bb3eae75ba29c61941e35ef05db948aa47d245895bd5236c18,24,2,23.92877705089293,24.0,2.7463635789086016,23.0,True,False,10,0,EXTENDED_PENDING_RESOURCE_GATE,COMPLETE_BASE_INSTANCE
C,4,24,comb,32,0.125,4,0.1,b9d58ae999924fc06f7ca9f69e7c7b8eb8d80e529e1dec121fc92c86339b7902,473992c5668e85bb3eae75ba29c61941e35ef05db948aa47d245895bd5236c18,24,2,17.600307636278437,24.0,16.26486711207687,23.0,True,False,10,0,EXTENDED_PENDING_RESOURCE_GATE,COMPLETE_BASE_INSTANCE
C,4,24,comb,32,0.125,4,0.5,5d9ebe5a8da0eb9d19f163fb29620863acf1e22e1e8ff1fc6905c11d28464615,473992c5668e85bb3eae75ba29c61941e35ef05db948aa47d245895bd5236c18,24,2,1.936647295951843,24.0,1.936647295951843,23.0,True,False,10,0,EXTENDED_PENDING_RESOURCE_GATE,COMPLETE_BASE_INSTANCE
C,4,24,comb,32,0.25,8,0.0001,bec3d5a1ead848b694cf9e99f26a81966f310f6bc60686f6092867b7bb1b09ce,473992c5668e85bb3eae75ba29c61941e35ef05db948aa47d245895bd5236c18,24,2,23.99999287000077,24.0,0.02759998633800256,23.0,True,False,10,0,EXTENDED_PENDING_RESOURCE_GATE,COMPLETE_BASE_INSTANCE
C,4,24,comb,32,0.25,8,0.01,07f3c60a8719ced5fc5436dc88e8dd3aff9127700698fded3992ec9ddb125b1e,473992c5668e85bb3eae75ba29c61941e35ef05db948aa47d245895bd5236c18,24,2,23.92877705089293,24.0,2.7463635789086016,23.0,True,False,10,0,EXTENDED_PENDING_RESOURCE_GATE,COMPLETE_BASE_INSTANCE
C,4,24,comb,32,0.25,8,0.1,321ac6edc60a52505273236563a892a40c4cfd79eba213f72023bd2707389700,473992c5668e85bb3eae75ba29c61941e35ef05db948aa47d245895bd5236c18,24,2,17.600307636278437,24.0,16.26486711207687,23.0,True,False,10,0,EXTENDED_PENDING_RESOURCE_GATE,COMPLETE_BASE_INSTANCE
C,4,24,comb,32,0.25,8,0.5,d38de711bf29faae3b1acacbf8aec80fc9551db6545055271e46fe08311a9a1b,473992c5668e85bb3eae75ba29c61941e35ef05db948aa47d245895bd5236c18,24,2,1.936647295951843,24.0,1.936647295951843,23.0,True,False,10,0,EXTENDED_PENDING_RESOURCE_GATE,COMPLETE_BASE_INSTANCE
C,4,24,comb,32,0.5,16,0.0001,0f1a8e8c04ceb5a74d1c6f9fb6d3307dc6fbd2105705b3d31bef447537a3861a,473992c5668e85bb3eae75ba29c61941e35ef05db948aa47d245895bd5236c18,24,2,23.99999287000077,24.0,0.02759998633800256,23.0,True,False,10,0,EXTENDED_PENDING_RESOURCE_GATE,COMPLETE_BASE_INSTANCE
C,4,24,comb,32,0.5,16,0.01,26c0e5be23540b74056726b4a2ab983d8597fa8a53291f831a34d95da44dfcd6,473992c5668e85bb3eae75ba29c61941e35ef05db948aa47d245895bd5236c18,24,2,23.92877705089293,24.0,2.7463635789086016,23.0,True,False,10,0,EXTENDED_PENDING_RESOURCE_GATE,COMPLETE_BASE_INSTANCE
C,4,24,comb,32,0.5,16,0.1,67d12579ffaea812b8e4503b74bf2eb3be7582df5de1019fb9e7956d258838db,473992c5668e85bb3eae75ba29c61941e35ef05db948aa47d245895bd5236c18,24,2,17.600307636278437,24.0,16.26486711207687,23.0,True,False,10,0,EXTENDED_PENDING_RESOURCE_GATE,COMPLETE_BASE_INSTANCE
C,4,24,comb,32,0.5,16,0.5,56b4a0cdf766d133b0ab4dd73088e9a8b2e474db7dca78d38fe91baf26538af5,473992c5668e85bb3eae75ba29c61941e35ef05db948aa47d245895bd5236c18,24,2,1.936647295951843,24.0,1.936647295951843,23.0,True,False,10,0,EXTENDED_PENDING_RESOURCE_GATE,COMPLETE_BASE_INSTANCE
C,4,24,comb,32,0.75,24,0.0001,4e851bf02a3de3c164763d553a8cf51835e8ea03e1a4a5a0e08479307ab08df1,473992c5668e85bb3eae75ba29c61941e35ef05db948aa47d245895bd5236c18,24,2,23.99999287000077,24.0,0.02759998633800256,23.0,True,False,10,0,EXTENDED_PENDING_RESOURCE_GATE,COMPLETE_BASE_INSTANCE
C,4,24,comb,32,0.75,24,0.01,b996504df60cf23753b1c1a53641917a7f9747961704ec616909a8ef5def333a,473992c5668e85bb3eae75ba29c61941e35ef05db948aa47d245895bd5236c18,24,2,23.92877705089293,24.0,2.7463635789086016,23.0,True,False,10,0,EXTENDED_PENDING_RESOURCE_GATE,COMPLETE_BASE_INSTANCE
C,4,24,comb,32,0.75,24,0.1,f6564561904063fba40ed48a3c81e1f3859a34c04f0f5da92aec4fd5265b1d50,473992c5668e85bb3eae75ba29c61941e35ef05db948aa47d245895bd5236c18,24,2,17.600307636278437,24.0,16.26486711207687,23.0,True,False,10,0,EXTENDED_PENDING_RESOURCE_GATE,COMPLETE_BASE_INSTANCE
C,4,24,comb,32,0.75,24,0.5,b092ffa105f66f96c072355dbc77fe53aea00147aa2a1b4f5c29f225cb0c2deb,473992c5668e85bb3eae75ba29c61941e35ef05db948aa47d245895bd5236c18,24,2,1.936647295951843,24.0,1.936647295951843,23.0,True,False,10,0,EXTENDED_PENDING_RESOURCE_GATE,COMPLETE_BASE_INSTANCE
C,4,24,comb,64,0.125,8,0.0001,b485451aacaaf1f8cf846f711cb3f886428afc48aa33eb99697387c854b2f341,473992c5668e85bb3eae75ba29c61941e35ef05db948aa47d245895bd5236c18,24,2,23.99999287000077,24.0,0.02759998633800256,23.0,True,False,10,0,EXTENDED_PENDING_RESOURCE_GATE,COMPLETE_BASE_INSTANCE
C,4,24,comb,64,0.125,8,0.01,c38224beb88a9674b6f2f382c8b201862eeeaa79721ab37dc6d212c372445135,473992c5668e85bb3eae75ba29c61941e35ef05db948aa47d245895bd5236c18,24,2,23.92877705089293,24.0,2.7463635789086016,23.0,True,False,10,0,EXTENDED_PENDING_RESOURCE_GATE,COMPLETE_BASE_INSTANCE
C,4,24,comb,64,0.125,8,0.1,33c30f8791a8a5ea92a6d256e689b772a96a72d82a15f1dea6fe0bdaf6fc28d3,473992c5668e85bb3eae75ba29c61941e35ef05db948aa47d245895bd5236c18,24,2,17.600307636278437,24.0,16.26486711207687,23.0,True,False,10,0,EXTENDED_PENDING_RESOURCE_GATE,COMPLETE_BASE_INSTANCE
C,4,24,comb,64,0.125,8,0.5,854bf68b57bc395feb968d99c1845a1fb2de0c08120803a0394786661c49e541,473992c5668e85bb3eae75ba29c61941e35ef05db948aa47d245895bd5236c18,24,2,1.936647295951843,24.0,1.936647295951843,23.0,True,False,10,0,EXTENDED_PENDING_RESOURCE_GATE,COMPLETE_BASE_INSTANCE
C,4,24,comb,64,0.25,16,0.0001,f2fa215c5f500dd64a8237a750a4bd4faeb7299f6bdf63de4e46df1026140a0c,473992c5668e85bb3eae75ba29c61941e35ef05db948aa47d245895bd5236c18,24,2,23.99999287000077,24.0,0.02759998633800256,23.0,True,False,10,0,EXTENDED_PENDING_RESOURCE_GATE,COMPLETE_BASE_INSTANCE
C,4,24,comb,64,0.25,16,0.01,4a86f2d2600b270293e4a605a69ff0cdf836a515ea4183776240a8931b5c43c4,473992c5668e85bb3eae75ba29c61941e35ef05db948aa47d245895bd5236c18,24,2,23.92877705089293,24.0,2.7463635789086016,23.0,True,False,10,0,EXTENDED_PENDING_RESOURCE_GATE,COMPLETE_BASE_INSTANCE
C,4,24,comb,64,0.25,16,0.1,0d28daf292eab0d2eb63537fe0d8e075e62e6b0c1107dce1fbf3895407aaa972,473992c5668e85bb3eae75ba29c61941e35ef05db948aa47d245895bd5236c18,24,2,17.600307636278437,24.0,16.26486711207687,23.0,True,False,10,0,EXTENDED_PENDING_RESOURCE_GATE,COMPLETE_BASE_INSTANCE
C,4,24,comb,64,0.25,16,0.5,1576218e0a4216809c01a9f266a7adbe4aeb6c59bab952b9c02a84be831089eb,473992c5668e85bb3eae75ba29c61941e35ef05db948aa47d245895bd5236c18,24,2,1.936647295951843,24.0,1.936647295951843,23.0,True,False,10,0,EXTENDED_PENDING_RESOURCE_GATE,COMPLETE_BASE_INSTANCE
C,4,24,comb,64,0.5,32,0.0001,d885bec5d1e7804925670318b0319a0bfebad07f15ca078af8b9e55128c35dd9,473992c5668e85bb3eae75ba29c61941e35ef05db948aa47d245895bd5236c18,24,2,23.99999287000077,24.0,0.02759998633800256,23.0,True,False,10,0,EXTENDED_PENDING_RESOURCE_GATE,COMPLETE_BASE_INSTANCE
C,4,24,comb,64,0.5,32,0.01,e86ae98d45a23850b1b05d9c5ced4a506bc0b20347461ef62c12de1bb499e18c,473992c5668e85bb3eae75ba29c61941e35ef05db948aa47d245895bd5236c18,24,2,23.92877705089293,24.0,2.7463635789086016,23.0,True,False,10,0,EXTENDED_PENDING_RESOURCE_GATE,COMPLETE_BASE_INSTANCE
C,4,24,comb,64,0.5,32,0.1,83d1a6a6641bb507ae606ad2830a33ce61282bea7322959057d3151a299afeb2,473992c5668e85bb3eae75ba29c61941e35ef05db948aa47d245895bd5236c18,24,2,17.600307636278437,24.0,16.26486711207687,23.0,True,False,10,0,EXTENDED_PENDING_RESOURCE_GATE,COMPLETE_BASE_INSTANCE
C,4,24,comb,64,0.5,32,0.5,9a68facf65fcacec4e50fa3c153e371ad2f3454fedd7ef9ac0b40ed63b589c8e,473992c5668e85bb3eae75ba29c61941e35ef05db948aa47d245895bd5236c18,24,2,1.936647295951843,24.0,1.936647295951843,23.0,True,False,10,0,EXTENDED_PENDING_RESOURCE_GATE,COMPLETE_BASE_INSTANCE
C,4,24,comb,64,0.75,48,0.0001,701cdf27e9672a069330b3ac09f1d204b6dcdbfb264d655dcbfc9b8c95239ced,473992c5668e85bb3eae75ba29c61941e35ef05db948aa47d245895bd5236c18,24,2,23.99999287000077,24.0,0.02759998633800256,23.0,True,False,10,0,EXTENDED_PENDING_RESOURCE_GATE,COMPLETE_BASE_INSTANCE
C,4,24,comb,64,0.75,48,0.01,e2de4a7309e8d38afa970d90c622a708a6c65538e8dc19150a93b55a296a89fe,473992c5668e85bb3eae75ba29c61941e35ef05db948aa47d245895bd5236c18,24,2,23.92877705089293,24.0,2.7463635789086016,23.0,True,False,10,0,EXTENDED_PENDING_RESOURCE_GATE,COMPLETE_BASE_INSTANCE
C,4,24,comb,64,0.75,48,0.1,580a9949b7ab2ae5ae7ab32e2e51ee460730db1be651879a55c49450d0b73945,473992c5668e85bb3eae75ba29c61941e35ef05db948aa47d245895bd5236c18,24,2,17.600307636278437,24.0,16.26486711207687,23.0,True,False,10,0,EXTENDED_PENDING_RESOURCE_GATE,COMPLETE_BASE_INSTANCE
C,4,24,comb,64,0.75,48,0.5,57076ff64c41ba2c2a6da8996b715d07a51e0755ff047833be6ce5ef9356c04a,473992c5668e85bb3eae75ba29c61941e35ef05db948aa47d245895bd5236c18,24,2,1.936647295951843,24.0,1.936647295951843,23.0,True,False,10,0,EXTENDED_PENDING_RESOURCE_GATE,COMPLETE_BASE_INSTANCE
C,4,24,balanced,2,0.125,1,0.0001,c4c1bded410a3a621700e244d373ee63c43a06e965fd05d7746595d636876306,c2a95c3e7ec9f4bd0a914353484dd449623d6b41d508a831e2ccbfe790ef98a9,4,4,3.9999994312500364,24.0,0.001299999799000014,23.0,True,False,10,0,EXTENDED_PENDING_RESOURCE_GATE,COMPLETE_BASE_INSTANCE
C,4,24,balanced,2,0.125,1,0.01,7babe8cfccd1e961f75cf2d58193a0d0d79762d3361b2efa5fb90e13ec4d7517,c2a95c3e7ec9f4bd0a914353484dd449623d6b41d508a831e2ccbfe790ef98a9,4,4,3.9943161826149587,24.0,0.1297991400422356,23.0,True,False,10,0,EXTENDED_PENDING_RESOURCE_GATE,COMPLETE_BASE_INSTANCE
C,4,24,balanced,2,0.125,1,0.1,c4c1fd398045e149337bbeaccc6eeaad9c19591a3fd0e097a767c0602413aeb6,c2a95c3e7ec9f4bd0a914353484dd449623d6b41d508a831e2ccbfe790ef98a9,4,4,3.4666980915310948,24.0,1.1124475399183498,23.0,True,False,10,0,EXTENDED_PENDING_RESOURCE_GATE,COMPLETE_BASE_INSTANCE
C,4,24,balanced,2,0.125,1,0.5,772612868f2d2ea0ca64d37fffc9c24dc6be481e72737bfce505545205895643,c2a95c3e7ec9f4bd0a914353484dd449623d6b41d508a831e2ccbfe790ef98a9,4,4,0.06335270404815672,24.0,0.06335270404815672,23.0,True,False,10,0,EXTENDED_PENDING_RESOURCE_GATE,COMPLETE_BASE_INSTANCE
C,4,24,balanced,2,0.25,1,0.0001,fec7cb750708cee79283ca3cfe99364cfd8fd8246311f498987644306155858b,c2a95c3e7ec9f4bd0a914353484dd449623d6b41d508a831e2ccbfe790ef98a9,4,4,3.9999994312500364,24.0,0.001299999799000014,23.0,True,False,10,0,EXTENDED_PENDING_RESOURCE_GATE,COMPLETE_BASE_INSTANCE
C,4,24,balanced,2,0.25,1,0.01,df4117d04cab009009a632bd8f486c095312530411e2ebb249fe419199acb65f,c2a95c3e7ec9f4bd0a914353484dd449623d6b41d508a831e2ccbfe790ef98a9,4,4,3.9943161826149587,24.0,0.1297991400422356,23.0,True,False,10,0,EXTENDED_PENDING_RESOURCE_GATE,COMPLETE_BASE_INSTANCE
C,4,24,balanced,2,0.25,1,0.1,2a9571083f847a8f62a32641ff636b9530adc6190c489af1ae2b7c713bc164f7,c2a95c3e7ec9f4bd0a914353484dd449623d6b41d508a831e2ccbfe790ef98a9,4,4,3.4666980915310948,24.0,1.1124475399183498,23.0,True,False,10,0,EXTENDED_PENDING_RESOURCE_GATE,COMPLETE_BASE_INSTANCE
C,4,24,balanced,2,0.25,1,0.5,46b2a65df7ae53fc2e001cefa6fe9b82641d4a2d63e7701fe94453e184ed40e9,c2a95c3e7ec9f4bd0a914353484dd449623d6b41d508a831e2ccbfe790ef98a9,4,4,0.06335270404815672,24.0,0.06335270404815672,23.0,True,False,10,0,EXTENDED_PENDING_RESOURCE_GATE,COMPLETE_BASE_INSTANCE
C,4,24,balanced,2,0.5,1,0.0001,85316861afb6b6510dbd8cb57b6dc88382635e1814a4a9f82369d3d41f3a92d7,c2a95c3e7ec9f4bd0a914353484dd449623d6b41d508a831e2ccbfe790ef98a9,4,4,3.9999994312500364,24.0,0.001299999799000014,23.0,True,False,10,0,EXTENDED_PENDING_RESOURCE_GATE,COMPLETE_BASE_INSTANCE
C,4,24,balanced,2,0.5,1,0.01,04c8c3d59448a3fff7c0bdfda547d59ebc95d7678da517014a21501aa6a11f57,c2a95c3e7ec9f4bd0a914353484dd449623d6b41d508a831e2ccbfe790ef98a9,4,4,3.9943161826149587,24.0,0.1297991400422356,23.0,True,False,10,0,EXTENDED_PENDING_RESOURCE_GATE,COMPLETE_BASE_INSTANCE
C,4,24,balanced,2,0.5,1,0.1,56eded7fbcaa4d2aadd66d8c7d57bdd02c09a26e8aa84f2442e21212f794f4b1,c2a95c3e7ec9f4bd0a914353484dd449623d6b41d508a831e2ccbfe790ef98a9,4,4,3.4666980915310948,24.0,1.1124475399183498,23.0,True,False,10,0,EXTENDED_PENDING_RESOURCE_GATE,COMPLETE_BASE_INSTANCE
C,4,24,balanced,2,0.5,1,0.5,0408960e9dc2e5ececc8a99b242b2ee345483d6bfb448847f9a5d275f7ac3fd2,c2a95c3e7ec9f4bd0a914353484dd449623d6b41d508a831e2ccbfe790ef98a9,4,4,0.06335270404815672,24.0,0.06335270404815672,23.0,True,False,10,0,EXTENDED_PENDING_RESOURCE_GATE,COMPLETE_BASE_INSTANCE
C,4,24,balanced,2,0.75,1,0.0001,761754990562cec635737cb39d97ff770adcc7234736e49a2fc532224da7bcc9,c2a95c3e7ec9f4bd0a914353484dd449623d6b41d508a831e2ccbfe790ef98a9,4,4,3.9999994312500364,24.0,0.001299999799000014,23.0,True,False,10,0,EXTENDED_PENDING_RESOURCE_GATE,COMPLETE_BASE_INSTANCE
C,4,24,balanced,2,0.75,1,0.01,7da6305a75ba8c6f2a1e5d27ffaa7ed278824916141c9fd0a0afa7b82692c63d,c2a95c3e7ec9f4bd0a914353484dd449623d6b41d508a831e2ccbfe790ef98a9,4,4,3.9943161826149587,24.0,0.1297991400422356,23.0,True,False,10,0,EXTENDED_PENDING_RESOURCE_GATE,COMPLETE_BASE_INSTANCE
C,4,24,balanced,2,0.75,1,0.1,c043fed25bae507e83fc9a79033229e35856de197b35f7e452cb0f04068a935c,c2a95c3e7ec9f4bd0a914353484dd449623d6b41d508a831e2ccbfe790ef98a9,4,4,3.4666980915310948,24.0,1.1124475399183498,23.0,True,False,10,0,EXTENDED_PENDING_RESOURCE_GATE,COMPLETE_BASE_INSTANCE
C,4,24,balanced,2,0.75,1,0.5,13b4b98590b782f3652a9d81467be26f7578f35140678b9d4f892e995e84907e,c2a95c3e7ec9f4bd0a914353484dd449623d6b41d508a831e2ccbfe790ef98a9,4,4,0.06335270404815672,24.0,0.06335270404815672,23.0,True,False,10,0,EXTENDED_PENDING_RESOURCE_GATE,COMPLETE_BASE_INSTANCE
C,4,24,balanced,4,0.125,1,0.0001,42898e35fadda89198fbce7a558ff422a03ae6c7e9c73d82a29f2a403dc4b1e4,c2a95c3e7ec9f4bd0a914353484dd449623d6b41d508a831e2ccbfe790ef98a9,4,4,3.9999994312500364,24.0,0.001299999799000014,23.0,True,False,10,0,EXTENDED_PENDING_RESOURCE_GATE,COMPLETE_BASE_INSTANCE
C,4,24,balanced,4,0.125,1,0.01,98cff8137c937e825840886609ee61e58901e8fc41a3f0e7c8a8f5a95d518d2d,c2a95c3e7ec9f4bd0a914353484dd449623d6b41d508a831e2ccbfe790ef98a9,4,4,3.9943161826149587,24.0,0.1297991400422356,23.0,True,False,10,0,EXTENDED_PENDING_RESOURCE_GATE,COMPLETE_BASE_INSTANCE
C,4,24,balanced,4,0.125,1,0.1,4d46f72287ae36c1ea4b295766f7bf5301cb04de0983474cc2dd2f40eede12fe,c2a95c3e7ec9f4bd0a914353484dd449623d6b41d508a831e2ccbfe790ef98a9,4,4,3.4666980915310948,24.0,1.1124475399183498,23.0,True,False,10,0,EXTENDED_PENDING_RESOURCE_GATE,COMPLETE_BASE_INSTANCE
C,4,24,balanced,4,0.125,1,0.5,c87a932222c7ca04931ceb7bba19ac5c780231b173db4cb32898597cf4c216ee,c2a95c3e7ec9f4bd0a914353484dd449623d6b41d508a831e2ccbfe790ef98a9,4,4,0.06335270404815672,24.0,0.06335270404815672,23.0,True,False,10,0,EXTENDED_PENDING_RESOURCE_GATE,COMPLETE_BASE_INSTANCE
C,4,24,balanced,4,0.25,1,0.0001,17ef565fc6a440e4fa46ffbeda020427d77bae9ea1293f6f63d5771c8893c130,c2a95c3e7ec9f4bd0a914353484dd449623d6b41d508a831e2ccbfe790ef98a9,4,4,3.9999994312500364,24.0,0.001299999799000014,23.0,True,False,10,0,EXTENDED_PENDING_RESOURCE_GATE,COMPLETE_BASE_INSTANCE
C,4,24,balanced,4,0.25,1,0.01,816eb5acfddbf1555c31a477d2ed74e01deb45abdca67f02daae2e89d83c611f,c2a95c3e7ec9f4bd0a914353484dd449623d6b41d508a831e2ccbfe790ef98a9,4,4,3.9943161826149587,24.0,0.1297991400422356,23.0,True,False,10,0,EXTENDED_PENDING_RESOURCE_GATE,COMPLETE_BASE_INSTANCE
C,4,24,balanced,4,0.25,1,0.1,dd955c924e9c8b9d91fae39426ae05bc13bfd1914e2fa62738ebc950d187f8a9,c2a95c3e7ec9f4bd0a914353484dd449623d6b41d508a831e2ccbfe790ef98a9,4,4,3.4666980915310948,24.0,1.1124475399183498,23.0,True,False,10,0,EXTENDED_PENDING_RESOURCE_GATE,COMPLETE_BASE_INSTANCE
C,4,24,balanced,4,0.25,1,0.5,4b5dcf93b8037987fe7f5c213c5b2e7af66d856043afdb64eed703eba9d22314,c2a95c3e7ec9f4bd0a914353484dd449623d6b41d508a831e2ccbfe790ef98a9,4,4,0.06335270404815672,24.0,0.06335270404815672,23.0,True,False,10,0,EXTENDED_PENDING_RESOURCE_GATE,COMPLETE_BASE_INSTANCE
C,4,24,balanced,4,0.5,2,0.0001,4cb00f1226d4d485d7647b8dac931ef14206a06dea9d394376a6f93abcac328c,c2a95c3e7ec9f4bd0a914353484dd449623d6b41d508a831e2ccbfe790ef98a9,4,4,3.9999994312500364,24.0,0.001299999799000014,23.0,True,False,10,0,EXTENDED_PENDING_RESOURCE_GATE,COMPLETE_BASE_INSTANCE
C,4,24,balanced,4,0.5,2,0.01,d2e8edb504b56fc033b7a811db0b356ff4b958613ae0ed102691da5364177ded,c2a95c3e7ec9f4bd0a914353484dd449623d6b41d508a831e2ccbfe790ef98a9,4,4,3.9943161826149587,24.0,0.1297991400422356,23.0,True,False,10,0,EXTENDED_PENDING_RESOURCE_GATE,COMPLETE_BASE_INSTANCE
C,4,24,balanced,4,0.5,2,0.1,09096afdf6fd63e61f838cf5a0b71b6309f3e5298c28468711c7a764bba231bb,c2a95c3e7ec9f4bd0a914353484dd449623d6b41d508a831e2ccbfe790ef98a9,4,4,3.4666980915310948,24.0,1.1124475399183498,23.0,True,False,10,0,EXTENDED_PENDING_RESOURCE_GATE,COMPLETE_BASE_INSTANCE
C,4,24,balanced,4,0.5,2,0.5,a9b83f43fcfd3c6041495362d5bda65d658c28d9a89cfd3c6870204bb99af9c4,c2a95c3e7ec9f4bd0a914353484dd449623d6b41d508a831e2ccbfe790ef98a9,4,4,0.06335270404815672,24.0,0.06335270404815672,23.0,True,False,10,0,EXTENDED_PENDING_RESOURCE_GATE,COMPLETE_BASE_INSTANCE
C,4,24,balanced,4,0.75,3,0.0001,6615bd2a9e7ad0516c9584e1e0c71f3d40f8b349b82dfd7e25a4364e72caf199,c2a95c3e7ec9f4bd0a914353484dd449623d6b41d508a831e2ccbfe790ef98a9,4,4,3.9999994312500364,24.0,0.001299999799000014,23.0,True,False,10,0,EXTENDED_PENDING_RESOURCE_GATE,COMPLETE_BASE_INSTANCE
C,4,24,balanced,4,0.75,3,0.01,324e6c2add47d46268fad489299404657edcad3d95e360550763518bfa5a92b4,c2a95c3e7ec9f4bd0a914353484dd449623d6b41d508a831e2ccbfe790ef98a9,4,4,3.9943161826149587,24.0,0.1297991400422356,23.0,True,False,10,0,EXTENDED_PENDING_RESOURCE_GATE,COMPLETE_BASE_INSTANCE
C,4,24,balanced,4,0.75,3,0.1,3a634c3dd2df26365a76d7cf5950345c65a61e9042395f649ba5a72517477e6b,c2a95c3e7ec9f4bd0a914353484dd449623d6b41d508a831e2ccbfe790ef98a9,4,4,3.4666980915310948,24.0,1.1124475399183498,23.0,True,False,10,0,EXTENDED_PENDING_RESOURCE_GATE,COMPLETE_BASE_INSTANCE
C,4,24,balanced,4,0.75,3,0.5,41af60f479f41b1c42fee09aad5e6a1e3fbd59d511001167acc26497b3929b7e,c2a95c3e7ec9f4bd0a914353484dd449623d6b41d508a831e2ccbfe790ef98a9,4,4,0.06335270404815672,24.0,0.06335270404815672,23.0,True,False,10,0,EXTENDED_PENDING_RESOURCE_GATE,COMPLETE_BASE_INSTANCE
C,4,24,balanced,8,0.125,1,0.0001,de10365918de43576c402921155ed0a0113bba524db452d6a20ccd08dadb98fc,c2a95c3e7ec9f4bd0a914353484dd449623d6b41d508a831e2ccbfe790ef98a9,4,4,3.9999994312500364,24.0,0.001299999799000014,23.0,True,False,10,0,EXTENDED_PENDING_RESOURCE_GATE,COMPLETE_BASE_INSTANCE
C,4,24,balanced,8,0.125,1,0.01,b35b44101864dc7e49a7718ceb68455a0b33c3552556e7754bf1e14869f0c412,c2a95c3e7ec9f4bd0a914353484dd449623d6b41d508a831e2ccbfe790ef98a9,4,4,3.9943161826149587,24.0,0.1297991400422356,23.0,True,False,10,0,EXTENDED_PENDING_RESOURCE_GATE,COMPLETE_BASE_INSTANCE
C,4,24,balanced,8,0.125,1,0.1,52ea72f6195c5c1da39587e1a40936b40d993f91e2750624f9cc6368086eec77,c2a95c3e7ec9f4bd0a914353484dd449623d6b41d508a831e2ccbfe790ef98a9,4,4,3.4666980915310948,24.0,1.1124475399183498,23.0,True,False,10,0,EXTENDED_PENDING_RESOURCE_GATE,COMPLETE_BASE_INSTANCE
C,4,24,balanced,8,0.125,1,0.5,15e00b985b018c32617a930e5a346ef8495ab6084c5f95d574f2a42745d1e811,c2a95c3e7ec9f4bd0a914353484dd449623d6b41d508a831e2ccbfe790ef98a9,4,4,0.06335270404815672,24.0,0.06335270404815672,23.0,True,False,10,0,EXTENDED_PENDING_RESOURCE_GATE,COMPLETE_BASE_INSTANCE
C,4,24,balanced,8,0.25,2,0.0001,01c9aa72f13c0e64fd3da0b92acb7d1174ee94264262570d73a2f62095760119,c2a95c3e7ec9f4bd0a914353484dd449623d6b41d508a831e2ccbfe790ef98a9,4,4,3.9999994312500364,24.0,0.001299999799000014,23.0,True,False,10,0,EXTENDED_PENDING_RESOURCE_GATE,COMPLETE_BASE_INSTANCE
C,4,24,balanced,8,0.25,2,0.01,c1510ab3f887ddd79eda4be46eb4c5786d32afa7602e9caf3c2c281b005b6249,c2a95c3e7ec9f4bd0a914353484dd449623d6b41d508a831e2ccbfe790ef98a9,4,4,3.9943161826149587,24.0,0.1297991400422356,23.0,True,False,10,0,EXTENDED_PENDING_RESOURCE_GATE,COMPLETE_BASE_INSTANCE
C,4,24,balanced,8,0.25,2,0.1,1f9ff7d54d4541d2cd3f6de54811627b40dfc21601090bf5deaf81e9b62882f2,c2a95c3e7ec9f4bd0a914353484dd449623d6b41d508a831e2ccbfe790ef98a9,4,4,3.4666980915310948,24.0,1.1124475399183498,23.0,True,False,10,0,EXTENDED_PENDING_RESOURCE_GATE,COMPLETE_BASE_INSTANCE
C,4,24,balanced,8,0.25,2,0.5,7f475b27d668e8362df82f1ae56df7be6c2ace61bd19f8a7ad8c3f3be71a659a,c2a95c3e7ec9f4bd0a914353484dd449623d6b41d508a831e2ccbfe790ef98a9,4,4,0.06335270404815672,24.0,0.06335270404815672,23.0,True,False,10,0,EXTENDED_PENDING_RESOURCE_GATE,COMPLETE_BASE_INSTANCE
C,4,24,balanced,8,0.5,4,0.0001,f7f299860ebb2d97e4dc5a91347603f25ceaed169137145a0cbdc0d22d688951,c2a95c3e7ec9f4bd0a914353484dd449623d6b41d508a831e2ccbfe790ef98a9,4,4,3.9999994312500364,24.0,0.001299999799000014,23.0,True,False,10,0,EXTENDED_PENDING_RESOURCE_GATE,COMPLETE_BASE_INSTANCE
C,4,24,balanced,8,0.5,4,0.01,0e0412fdd303c4f942a65aae31b41985b2b0e4231d07926909822aa9a0ff0e48,c2a95c3e7ec9f4bd0a914353484dd449623d6b41d508a831e2ccbfe790ef98a9,4,4,3.9943161826149587,24.0,0.1297991400422356,23.0,True,False,10,0,EXTENDED_PENDING_RESOURCE_GATE,COMPLETE_BASE_INSTANCE
C,4,24,balanced,8,0.5,4,0.1,06fa92d8a2138cdee2435bc261c62e1e3006a8cda993c2b7a0a4b4f9e5bfafc4,c2a95c3e7ec9f4bd0a914353484dd449623d6b41d508a831e2ccbfe790ef98a9,4,4,3.4666980915310948,24.0,1.1124475399183498,23.0,True,False,10,0,EXTENDED_PENDING_RESOURCE_GATE,COMPLETE_BASE_INSTANCE
C,4,24,balanced,8,0.5,4,0.5,af752f9d0047b52ba3984aabdcd67240c1b5e48d1dba1403615eac6b94bcdb94,c2a95c3e7ec9f4bd0a914353484dd449623d6b41d508a831e2ccbfe790ef98a9,4,4,0.06335270404815672,24.0,0.06335270404815672,23.0,True,False,10,0,EXTENDED_PENDING_RESOURCE_GATE,COMPLETE_BASE_INSTANCE
C,4,24,balanced,8,0.75,6,0.0001,8d521e28c1a744aaa6b422d364569514dc16ed132a01c2bf0876f6382ceeb3b9,c2a95c3e7ec9f4bd0a914353484dd449623d6b41d508a831e2ccbfe790ef98a9,4,4,3.9999994312500364,24.0,0.001299999799000014,23.0,True,False,10,0,EXTENDED_PENDING_RESOURCE_GATE,COMPLETE_BASE_INSTANCE
C,4,24,balanced,8,0.75,6,0.01,ee088b9e52aedf73d9cde241c9d41dc1b7aca5654b851edbd94813f7f27c1d71,c2a95c3e7ec9f4bd0a914353484dd449623d6b41d508a831e2ccbfe790ef98a9,4,4,3.9943161826149587,24.0,0.1297991400422356,23.0,True,False,10,0,EXTENDED_PENDING_RESOURCE_GATE,COMPLETE_BASE_INSTANCE
C,4,24,balanced,8,0.75,6,0.1,fa68a4f43017afe5e0f904879e56cd9c6143dde0367446f5ce3ae28bfe669af4,c2a95c3e7ec9f4bd0a914353484dd449623d6b41d508a831e2ccbfe790ef98a9,4,4,3.4666980915310948,24.0,1.1124475399183498,23.0,True,False,10,0,EXTENDED_PENDING_RESOURCE_GATE,COMPLETE_BASE_INSTANCE
C,4,24,balanced,8,0.75,6,0.5,cb8e27929051a8e115f0ca81905410101725007f926beeecbf6bdac4c1f36938,c2a95c3e7ec9f4bd0a914353484dd449623d6b41d508a831e2ccbfe790ef98a9,4,4,0.06335270404815672,24.0,0.06335270404815672,23.0,True,False,10,0,EXTENDED_PENDING_RESOURCE_GATE,COMPLETE_BASE_INSTANCE
C,4,24,balanced,16,0.125,2,0.0001,b1905c4766778abf405529c089504e303cbfd20518ab1ce7af586c78fd40fa0a,c2a95c3e7ec9f4bd0a914353484dd449623d6b41d508a831e2ccbfe790ef98a9,4,4,3.9999994312500364,24.0,0.001299999799000014,23.0,True,False,10,0,EXTENDED_PENDING_RESOURCE_GATE,COMPLETE_BASE_INSTANCE
C,4,24,balanced,16,0.125,2,0.01,b1cd4842474ce2cfe30224627f37e9f793c9f7bf4a0a6bfcd1278d28ca73565c,c2a95c3e7ec9f4bd0a914353484dd449623d6b41d508a831e2ccbfe790ef98a9,4,4,3.9943161826149587,24.0,0.1297991400422356,23.0,True,False,10,0,EXTENDED_PENDING_RESOURCE_GATE,COMPLETE_BASE_INSTANCE
C,4,24,balanced,16,0.125,2,0.1,0f5ae01150f0edd9b6065fbcf2107b3a87fc966e04042873caa7b26594486822,c2a95c3e7ec9f4bd0a914353484dd449623d6b41d508a831e2ccbfe790ef98a9,4,4,3.4666980915310948,24.0,1.1124475399183498,23.0,True,False,10,0,EXTENDED_PENDING_RESOURCE_GATE,COMPLETE_BASE_INSTANCE
C,4,24,balanced,16,0.125,2,0.5,5bb504a39c74d71becdddbb1e6d0df6c6c0e72ff0ebb345f4ca431283cdbe235,c2a95c3e7ec9f4bd0a914353484dd449623d6b41d508a831e2ccbfe790ef98a9,4,4,0.06335270404815672,24.0,0.06335270404815672,23.0,True,False,10,0,EXTENDED_PENDING_RESOURCE_GATE,COMPLETE_BASE_INSTANCE
C,4,24,balanced,16,0.25,4,0.0001,62989d5d46fc47ab477211a8b093268318a38b3411293d07425b77679af6f379,c2a95c3e7ec9f4bd0a914353484dd449623d6b41d508a831e2ccbfe790ef98a9,4,4,3.9999994312500364,24.0,0.001299999799000014,23.0,True,False,10,0,EXTENDED_PENDING_RESOURCE_GATE,COMPLETE_BASE_INSTANCE
C,4,24,balanced,16,0.25,4,0.01,77e9766d0b3c7deca12739cc685b6f5bef1825048c0a64f0f63355fb18fc6a11,c2a95c3e7ec9f4bd0a914353484dd449623d6b41d508a831e2ccbfe790ef98a9,4,4,3.9943161826149587,24.0,0.1297991400422356,23.0,True,False,10,0,EXTENDED_PENDING_RESOURCE_GATE,COMPLETE_BASE_INSTANCE
C,4,24,balanced,16,0.25,4,0.1,963c5cd82afe33c8d1d887c436580a36314d6d17925ccfe2fc45426d50b45651,c2a95c3e7ec9f4bd0a914353484dd449623d6b41d508a831e2ccbfe790ef98a9,4,4,3.4666980915310948,24.0,1.1124475399183498,23.0,True,False,10,0,EXTENDED_PENDING_RESOURCE_GATE,COMPLETE_BASE_INSTANCE
C,4,24,balanced,16,0.25,4,0.5,f6416aae3bee9ac44d20d1cab53104fbf1ff6ca66e0ae542ed409935efa3e476,c2a95c3e7ec9f4bd0a914353484dd449623d6b41d508a831e2ccbfe790ef98a9,4,4,0.06335270404815672,24.0,0.06335270404815672,23.0,True,False,10,0,EXTENDED_PENDING_RESOURCE_GATE,COMPLETE_BASE_INSTANCE
C,4,24,balanced,16,0.5,8,0.0001,c4ac4c641c75532571ea87a980a47f8e5e6dc2a60d3a4fcfad5637083bd6cf78,c2a95c3e7ec9f4bd0a914353484dd449623d6b41d508a831e2ccbfe790ef98a9,4,4,3.9999994312500364,24.0,0.001299999799000014,23.0,True,False,10,0,EXTENDED_PENDING_RESOURCE_GATE,COMPLETE_BASE_INSTANCE
C,4,24,balanced,16,0.5,8,0.01,e894ae43380a6cdf4f45656dc4c06ae68f805621731390c382e59edcb9af2e4a,c2a95c3e7ec9f4bd0a914353484dd449623d6b41d508a831e2ccbfe790ef98a9,4,4,3.9943161826149587,24.0,0.1297991400422356,23.0,True,False,10,0,EXTENDED_PENDING_RESOURCE_GATE,COMPLETE_BASE_INSTANCE
C,4,24,balanced,16,0.5,8,0.1,3fbd84266a5f028331cf528671d06e2872d0d250711741213d46eee090d623d0,c2a95c3e7ec9f4bd0a914353484dd449623d6b41d508a831e2ccbfe790ef98a9,4,4,3.4666980915310948,24.0,1.1124475399183498,23.0,True,False,10,0,EXTENDED_PENDING_RESOURCE_GATE,COMPLETE_BASE_INSTANCE
C,4,24,balanced,16,0.5,8,0.5,0fd84cb1dbc78d51145cbbff94d92d3fdc50880181a2b1052aa9a4fa5d00fd40,c2a95c3e7ec9f4bd0a914353484dd449623d6b41d508a831e2ccbfe790ef98a9,4,4,0.06335270404815672,24.0,0.06335270404815672,23.0,True,False,10,0,EXTENDED_PENDING_RESOURCE_GATE,COMPLETE_BASE_INSTANCE
C,4,24,balanced,16,0.75,12,0.0001,c581c22ea88c526dcc3d7ad77c7c941c3805eb5b043c17218b0139953c699b44,c2a95c3e7ec9f4bd0a914353484dd449623d6b41d508a831e2ccbfe790ef98a9,4,4,3.9999994312500364,24.0,0.001299999799000014,23.0,True,False,10,0,EXTENDED_PENDING_RESOURCE_GATE,COMPLETE_BASE_INSTANCE
C,4,24,balanced,16,0.75,12,0.01,098fbe5e2e9dd5deb917f5a29e222e7afc57ab329b8f89d21112593af1728870,c2a95c3e7ec9f4bd0a914353484dd449623d6b41d508a831e2ccbfe790ef98a9,4,4,3.9943161826149587,24.0,0.1297991400422356,23.0,True,False,10,0,EXTENDED_PENDING_RESOURCE_GATE,COMPLETE_BASE_INSTANCE
C,4,24,balanced,16,0.75,12,0.1,9f450f5b868659a2c20f14fa1d959ab2960bad349a8c3901e9ace1acb9c8b1f2,c2a95c3e7ec9f4bd0a914353484dd449623d6b41d508a831e2ccbfe790ef98a9,4,4,3.4666980915310948,24.0,1.1124475399183498,23.0,True,False,10,0,EXTENDED_PENDING_RESOURCE_GATE,COMPLETE_BASE_INSTANCE
C,4,24,balanced,16,0.75,12,0.5,5ce9fdb830a1f4674e15647268924150a42f1888e89bd6d23680ecebf851851b,c2a95c3e7ec9f4bd0a914353484dd449623d6b41d508a831e2ccbfe790ef98a9,4,4,0.06335270404815672,24.0,0.06335270404815672,23.0,True,False,10,0,EXTENDED_PENDING_RESOURCE_GATE,COMPLETE_BASE_INSTANCE
C,4,24,balanced,32,0.125,4,0.0001,45a16388a5b55ac04185238ff8a683984a6ab5c90c2e0e682aaf59da7611a205,c2a95c3e7ec9f4bd0a914353484dd449623d6b41d508a831e2ccbfe790ef98a9,4,4,3.9999994312500364,24.0,0.001299999799000014,23.0,True,False,10,0,EXTENDED_PENDING_RESOURCE_GATE,COMPLETE_BASE_INSTANCE
C,4,24,balanced,32,0.125,4,0.01,f05e10acc193b49b0b0fe34db35d97ad6eaa93fa3901dd38f5cf44b1c7d5bd9f,c2a95c3e7ec9f4bd0a914353484dd449623d6b41d508a831e2ccbfe790ef98a9,4,4,3.9943161826149587,24.0,0.1297991400422356,23.0,True,False,10,0,EXTENDED_PENDING_RESOURCE_GATE,COMPLETE_BASE_INSTANCE
C,4,24,balanced,32,0.125,4,0.1,6a19c2e718dbb9f765607182972ee71e5ee7609c7b91b82659d5f72bfb7839ed,c2a95c3e7ec9f4bd0a914353484dd449623d6b41d508a831e2ccbfe790ef98a9,4,4,3.4666980915310948,24.0,1.1124475399183498,23.0,True,False,10,0,EXTENDED_PENDING_RESOURCE_GATE,COMPLETE_BASE_INSTANCE
C,4,24,balanced,32,0.125,4,0.5,f8296d20586e347a1062ea00c570558ee5d29ec9d02e67123d83d8582ad14637,c2a95c3e7ec9f4bd0a914353484dd449623d6b41d508a831e2ccbfe790ef98a9,4,4,0.06335270404815672,24.0,0.06335270404815672,23.0,True,False,10,0,EXTENDED_PENDING_RESOURCE_GATE,COMPLETE_BASE_INSTANCE
C,4,24,balanced,32,0.25,8,0.0001,7efb8bc8e6fb74043f5cbd4239fc9eded4494a15eab702bf9a33ff6a62d879e9,c2a95c3e7ec9f4bd0a914353484dd449623d6b41d508a831e2ccbfe790ef98a9,4,4,3.9999994312500364,24.0,0.001299999799000014,23.0,True,False,10,0,EXTENDED_PENDING_RESOURCE_GATE,COMPLETE_BASE_INSTANCE
C,4,24,balanced,32,0.25,8,0.01,7c4550558b7d42438b1939c548cae345737cb201c0b11e5a65d09987e4f2b72e,c2a95c3e7ec9f4bd0a914353484dd449623d6b41d508a831e2ccbfe790ef98a9,4,4,3.9943161826149587,24.0,0.1297991400422356,23.0,True,False,10,0,EXTENDED_PENDING_RESOURCE_GATE,COMPLETE_BASE_INSTANCE
C,4,24,balanced,32,0.25,8,0.1,3e99d2e5de7a6d506c8b3db1d2a305957fb88cda42b84449ade4e52457049c4a,c2a95c3e7ec9f4bd0a914353484dd449623d6b41d508a831e2ccbfe790ef98a9,4,4,3.4666980915310948,24.0,1.1124475399183498,23.0,True,False,10,0,EXTENDED_PENDING_RESOURCE_GATE,COMPLETE_BASE_INSTANCE
C,4,24,balanced,32,0.25,8,0.5,d64edb8043aebab443f9edb44c25cce04c57d608d25a24c048c77418f486ee96,c2a95c3e7ec9f4bd0a914353484dd449623d6b41d508a831e2ccbfe790ef98a9,4,4,0.06335270404815672,24.0,0.06335270404815672,23.0,True,False,10,0,EXTENDED_PENDING_RESOURCE_GATE,COMPLETE_BASE_INSTANCE
C,4,24,balanced,32,0.5,16,0.0001,bb319b995568efea67c7b47296ebdbb545b84958b5a6620371747332a917ed39,c2a95c3e7ec9f4bd0a914353484dd449623d6b41d508a831e2ccbfe790ef98a9,4,4,3.9999994312500364,24.0,0.001299999799000014,23.0,True,False,10,0,EXTENDED_PENDING_RESOURCE_GATE,COMPLETE_BASE_INSTANCE
C,4,24,balanced,32,0.5,16,0.01,3b1319d52af959c11608dd602e1e0f040421c61bfd16546e3baeca0f632b9903,c2a95c3e7ec9f4bd0a914353484dd449623d6b41d508a831e2ccbfe790ef98a9,4,4,3.9943161826149587,24.0,0.1297991400422356,23.0,True,False,10,0,EXTENDED_PENDING_RESOURCE_GATE,COMPLETE_BASE_INSTANCE
C,4,24,balanced,32,0.5,16,0.1,b0acb73df1675d7ec2314b73bd549aca715b127118324bf178a8c894be1b526a,c2a95c3e7ec9f4bd0a914353484dd449623d6b41d508a831e2ccbfe790ef98a9,4,4,3.4666980915310948,24.0,1.1124475399183498,23.0,True,False,10,0,EXTENDED_PENDING_RESOURCE_GATE,COMPLETE_BASE_INSTANCE
C,4,24,balanced,32,0.5,16,0.5,dbe293acd2d814b62f11853f1df21e9225ce1f3899296fc06105470414605df9,c2a95c3e7ec9f4bd0a914353484dd449623d6b41d508a831e2ccbfe790ef98a9,4,4,0.06335270404815672,24.0,0.06335270404815672,23.0,True,False,10,0,EXTENDED_PENDING_RESOURCE_GATE,COMPLETE_BASE_INSTANCE
C,4,24,balanced,32,0.75,24,0.0001,b421e1cae30e61b2b88a6f2f00e4fea52c6f21373927da349a127e1dffd9dd35,c2a95c3e7ec9f4bd0a914353484dd449623d6b41d508a831e2ccbfe790ef98a9,4,4,3.9999994312500364,24.0,0.001299999799000014,23.0,True,False,10,0,EXTENDED_PENDING_RESOURCE_GATE,COMPLETE_BASE_INSTANCE
C,4,24,balanced,32,0.75,24,0.01,a6dd91cd1eaac5e9eb622a83ed5adfa1ca67400987b9c7a858ad73854c8ae73b,c2a95c3e7ec9f4bd0a914353484dd449623d6b41d508a831e2ccbfe790ef98a9,4,4,3.9943161826149587,24.0,0.1297991400422356,23.0,True,False,10,0,EXTENDED_PENDING_RESOURCE_GATE,COMPLETE_BASE_INSTANCE
C,4,24,balanced,32,0.75,24,0.1,05f301a41b6efa2185eccdc631545c98ad67beba17967c310fa02a6df3a7135e,c2a95c3e7ec9f4bd0a914353484dd449623d6b41d508a831e2ccbfe790ef98a9,4,4,3.4666980915310948,24.0,1.1124475399183498,23.0,True,False,10,0,EXTENDED_PENDING_RESOURCE_GATE,COMPLETE_BASE_INSTANCE
C,4,24,balanced,32,0.75,24,0.5,28244788924197c14692369741c2aa244b631a6962db62f4e44c4eb75c1d9917,c2a95c3e7ec9f4bd0a914353484dd449623d6b41d508a831e2ccbfe790ef98a9,4,4,0.06335270404815672,24.0,0.06335270404815672,23.0,True,False,10,0,EXTENDED_PENDING_RESOURCE_GATE,COMPLETE_BASE_INSTANCE
C,4,24,balanced,64,0.125,8,0.0001,21a7149774dd3ab80e44d0942f16e32334031ecaeea0e95c385e8fd4a23f872b,c2a95c3e7ec9f4bd0a914353484dd449623d6b41d508a831e2ccbfe790ef98a9,4,4,3.9999994312500364,24.0,0.001299999799000014,23.0,True,False,10,0,EXTENDED_PENDING_RESOURCE_GATE,COMPLETE_BASE_INSTANCE
C,4,24,balanced,64,0.125,8,0.01,48788d077224b92caa59beaf88c50e91037074f7688fdb3d30786b1ec28a4116,c2a95c3e7ec9f4bd0a914353484dd449623d6b41d508a831e2ccbfe790ef98a9,4,4,3.9943161826149587,24.0,0.1297991400422356,23.0,True,False,10,0,EXTENDED_PENDING_RESOURCE_GATE,COMPLETE_BASE_INSTANCE
C,4,24,balanced,64,0.125,8,0.1,c4d77140d8e8121dac6ef21252bafc8a14de3b27b811c755122e8491bf33b27c,c2a95c3e7ec9f4bd0a914353484dd449623d6b41d508a831e2ccbfe790ef98a9,4,4,3.4666980915310948,24.0,1.1124475399183498,23.0,True,False,10,0,EXTENDED_PENDING_RESOURCE_GATE,COMPLETE_BASE_INSTANCE
C,4,24,balanced,64,0.125,8,0.5,80d60f42d6ebaa97a091fb64de62479fd10b40600b272848b0d3d4250bf172cd,c2a95c3e7ec9f4bd0a914353484dd449623d6b41d508a831e2ccbfe790ef98a9,4,4,0.06335270404815672,24.0,0.06335270404815672,23.0,True,False,10,0,EXTENDED_PENDING_RESOURCE_GATE,COMPLETE_BASE_INSTANCE
C,4,24,balanced,64,0.25,16,0.0001,383e7dcc702d0768689e45b21f116b1bca182835b2150d26de02bee7d5b89d4d,c2a95c3e7ec9f4bd0a914353484dd449623d6b41d508a831e2ccbfe790ef98a9,4,4,3.9999994312500364,24.0,0.001299999799000014,23.0,True,False,10,0,EXTENDED_PENDING_RESOURCE_GATE,COMPLETE_BASE_INSTANCE
C,4,24,balanced,64,0.25,16,0.01,009751b03911c156c81c04fe39165e9bd384ae86d459f8146ddcc8c0f68a3c47,c2a95c3e7ec9f4bd0a914353484dd449623d6b41d508a831e2ccbfe790ef98a9,4,4,3.9943161826149587,24.0,0.1297991400422356,23.0,True,False,10,0,EXTENDED_PENDING_RESOURCE_GATE,COMPLETE_BASE_INSTANCE
C,4,24,balanced,64,0.25,16,0.1,54fabe35fc066a6642376a4463b28d79b8573bf3063ade3260f20d785d955f89,c2a95c3e7ec9f4bd0a914353484dd449623d6b41d508a831e2ccbfe790ef98a9,4,4,3.4666980915310948,24.0,1.1124475399183498,23.0,True,False,10,0,EXTENDED_PENDING_RESOURCE_GATE,COMPLETE_BASE_INSTANCE
C,4,24,balanced,64,0.25,16,0.5,7f6eb07f9e429cdbb988ab363926fbb6d30c43f8a59b7430e4076352ad58562b,c2a95c3e7ec9f4bd0a914353484dd449623d6b41d508a831e2ccbfe790ef98a9,4,4,0.06335270404815672,24.0,0.06335270404815672,23.0,True,False,10,0,EXTENDED_PENDING_RESOURCE_GATE,COMPLETE_BASE_INSTANCE
C,4,24,balanced,64,0.5,32,0.0001,4fa2835a9791d1b3b7566ccd03f3370c4192bb91eb0661107c8d63badd1ec793,c2a95c3e7ec9f4bd0a914353484dd449623d6b41d508a831e2ccbfe790ef98a9,4,4,3.9999994312500364,24.0,0.001299999799000014,23.0,True,False,10,0,EXTENDED_PENDING_RESOURCE_GATE,COMPLETE_BASE_INSTANCE
C,4,24,balanced,64,0.5,32,0.01,e96821abb01c479495faf778c230b601da0d1d87dd64e5dfa1c83ff90ea3d4c5,c2a95c3e7ec9f4bd0a914353484dd449623d6b41d508a831e2ccbfe790ef98a9,4,4,3.9943161826149587,24.0,0.1297991400422356,23.0,True,False,10,0,EXTENDED_PENDING_RESOURCE_GATE,COMPLETE_BASE_INSTANCE
C,4,24,balanced,64,0.5,32,0.1,a8171bc2b4c390bb9a6874f69971e290eda299b920ba8f0c969a92fae54eb937,c2a95c3e7ec9f4bd0a914353484dd449623d6b41d508a831e2ccbfe790ef98a9,4,4,3.4666980915310948,24.0,1.1124475399183498,23.0,True,False,10,0,EXTENDED_PENDING_RESOURCE_GATE,COMPLETE_BASE_INSTANCE
C,4,24,balanced,64,0.5,32,0.5,1b86709fcd8a697694e2ca4ed448a5892a845a0b8957665cef7b616b482cca35,c2a95c3e7ec9f4bd0a914353484dd449623d6b41d508a831e2ccbfe790ef98a9,4,4,0.06335270404815672,24.0,0.06335270404815672,23.0,True,False,10,0,EXTENDED_PENDING_RESOURCE_GATE,COMPLETE_BASE_INSTANCE
C,4,24,balanced,64,0.75,48,0.0001,5e9f97b44fbe038a1f8120ab925c3b88010a744c749427857add017074114051,c2a95c3e7ec9f4bd0a914353484dd449623d6b41d508a831e2ccbfe790ef98a9,4,4,3.9999994312500364,24.0,0.001299999799000014,23.0,True,False,10,0,EXTENDED_PENDING_RESOURCE_GATE,COMPLETE_BASE_INSTANCE
C,4,24,balanced,64,0.75,48,0.01,caf692e2af3e6facba76f4c003f191df7a2e71d15c0f5f2b4e1e7b417e3a30da,c2a95c3e7ec9f4bd0a914353484dd449623d6b41d508a831e2ccbfe790ef98a9,4,4,3.9943161826149587,24.0,0.1297991400422356,23.0,True,False,10,0,EXTENDED_PENDING_RESOURCE_GATE,COMPLETE_BASE_INSTANCE
C,4,24,balanced,64,0.75,48,0.1,c40fe2a84a2a72ba614f66bd4ad43ad32c419b58a239b330de62b86918b2d8f2,c2a95c3e7ec9f4bd0a914353484dd449623d6b41d508a831e2ccbfe790ef98a9,4,4,3.4666980915310948,24.0,1.1124475399183498,23.0,True,False,10,0,EXTENDED_PENDING_RESOURCE_GATE,COMPLETE_BASE_INSTANCE
C,4,24,balanced,64,0.75,48,0.5,29e3de8dae64d1634651dfd1ff13722cd2d3172318dc274d432b39b6389f62ca,c2a95c3e7ec9f4bd0a914353484dd449623d6b41d508a831e2ccbfe790ef98a9,4,4,0.06335270404815672,24.0,0.06335270404815672,23.0,True,False,10,0,EXTENDED_PENDING_RESOURCE_GATE,COMPLETE_BASE_INSTANCE
C,4,24,random_ordered,2,0.125,1,0.0001,a7ba029fd3d40f82a8646334b3644b73d59551673f5cda5b8c601bc9b4a573bb,fb751c09f45f7d6e0d6ebe0f62f17e2f620e67720758df27e43271f08563df3a,5,4,2.999999600000024,24.0,0.0008999998710000084,23.0,True,False,10,0,EXTENDED_PENDING_RESOURCE_GATE,COMPLETE_BASE_INSTANCE
C,4,24,random_ordered,2,0.125,1,0.01,ad74a86559c9fb1f637a8478ce569a8a3a81e90a217e8ff05507edce090af10a,fb751c09f45f7d6e0d6ebe0f62f17e2f620e67720758df27e43271f08563df3a,5,4,2.996002459077734,24.0,0.0898710840671885,23.0,True,False,10,0,EXTENDED_PENDING_RESOURCE_GATE,COMPLETE_BASE_INSTANCE
C,4,24,random_ordered,2,0.125,1,0.1,a62fa2d246de6af7e395e9d41f62e57fd9784a44f1de02b4b5ffd74f99c47cfc,fb751c09f45f7d6e0d6ebe0f62f17e2f620e67720758df27e43271f08563df3a,5,4,2.6237004999300053,24.0,0.7790901478475196,23.0,True,False,10,0,EXTENDED_PENDING_RESOURCE_GATE,COMPLETE_BASE_INSTANCE
C,4,24,random_ordered,2,0.125,1,0.5,64f631cb18168ac012f51fe2385707d789e7895ad6a62ef179d3349a171d45f0,fb751c09f45f7d6e0d6ebe0f62f17e2f620e67720758df27e43271f08563df3a,5,4,0.06335270404815672,24.0,0.06335270404815672,23.0,True,False,10,0,EXTENDED_PENDING_RESOURCE_GATE,COMPLETE_BASE_INSTANCE
C,4,24,random_ordered,2,0.25,1,0.0001,b031f66f3fb526180d2a3b12dab60953226587026f27c43423007e808efc5397,fb751c09f45f7d6e0d6ebe0f62f17e2f620e67720758df27e43271f08563df3a,5,4,2.999999600000024,24.0,0.0008999998710000084,23.0,True,False,10,0,EXTENDED_PENDING_RESOURCE_GATE,COMPLETE_BASE_INSTANCE
C,4,24,random_ordered,2,0.25,1,0.01,b734ef80e08432468dda6c91168b5713502a42c35b16c3acb582b9d8b6d5178a,fb751c09f45f7d6e0d6ebe0f62f17e2f620e67720758df27e43271f08563df3a,5,4,2.996002459077734,24.0,0.0898710840671885,23.0,True,False,10,0,EXTENDED_PENDING_RESOURCE_GATE,COMPLETE_BASE_INSTANCE
C,4,24,random_ordered,2,0.25,1,0.1,2a4ca463767bea033c5918326d98ce8339dd860f46a9047fa5d50c517c0690d1,fb751c09f45f7d6e0d6ebe0f62f17e2f620e67720758df27e43271f08563df3a,5,4,2.6237004999300053,24.0,0.7790901478475196,23.0,True,False,10,0,EXTENDED_PENDING_RESOURCE_GATE,COMPLETE_BASE_INSTANCE
C,4,24,random_ordered,2,0.25,1,0.5,1c201508a7f2ac77f9c5747bf942a89f60220b4f832dae84cfb276b89b58b9b8,fb751c09f45f7d6e0d6ebe0f62f17e2f620e67720758df27e43271f08563df3a,5,4,0.06335270404815672,24.0,0.06335270404815672,23.0,True,False,10,0,EXTENDED_PENDING_RESOURCE_GATE,COMPLETE_BASE_INSTANCE
C,4,24,random_ordered,2,0.5,1,0.0001,26eaa6b2294a055475acd44728f7b886eb994f4b38f01ca0ef8e039936a86cab,fb751c09f45f7d6e0d6ebe0f62f17e2f620e67720758df27e43271f08563df3a,5,4,2.999999600000024,24.0,0.0008999998710000084,23.0,True,False,10,0,EXTENDED_PENDING_RESOURCE_GATE,COMPLETE_BASE_INSTANCE
C,4,24,random_ordered,2,0.5,1,0.01,89a4cd1c0cadc5ef2da43683cec2aca70e8841b23f5b91d1dca70dec8989390b,fb751c09f45f7d6e0d6ebe0f62f17e2f620e67720758df27e43271f08563df3a,5,4,2.996002459077734,24.0,0.0898710840671885,23.0,True,False,10,0,EXTENDED_PENDING_RESOURCE_GATE,COMPLETE_BASE_INSTANCE
C,4,24,random_ordered,2,0.5,1,0.1,35dc4c2892e730819a96109512fcc4b421915d9e40cf2bc0db95eb4da2d227b2,fb751c09f45f7d6e0d6ebe0f62f17e2f620e67720758df27e43271f08563df3a,5,4,2.6237004999300053,24.0,0.7790901478475196,23.0,True,False,10,0,EXTENDED_PENDING_RESOURCE_GATE,COMPLETE_BASE_INSTANCE
C,4,24,random_ordered,2,0.5,1,0.5,7179cba494d3fec47e38354bb62c5b9098cd84c3bc64023cf9e4e9daf9abceb6,fb751c09f45f7d6e0d6ebe0f62f17e2f620e67720758df27e43271f08563df3a,5,4,0.06335270404815672,24.0,0.06335270404815672,23.0,True,False,10,0,EXTENDED_PENDING_RESOURCE_GATE,COMPLETE_BASE_INSTANCE
C,4,24,random_ordered,2,0.75,1,0.0001,a25659548d96ebc780bc1fcfc90ad24464b4cd7c9da1c6823a16fc0e49808c64,fb751c09f45f7d6e0d6ebe0f62f17e2f620e67720758df27e43271f08563df3a,5,4,2.999999600000024,24.0,0.0008999998710000084,23.0,True,False,10,0,EXTENDED_PENDING_RESOURCE_GATE,COMPLETE_BASE_INSTANCE
C,4,24,random_ordered,2,0.75,1,0.01,35f1caa7dda6b36ce6a9bb456984597878cf3f92bb965fbd128b8e96556a9c91,fb751c09f45f7d6e0d6ebe0f62f17e2f620e67720758df27e43271f08563df3a,5,4,2.996002459077734,24.0,0.0898710840671885,23.0,True,False,10,0,EXTENDED_PENDING_RESOURCE_GATE,COMPLETE_BASE_INSTANCE
C,4,24,random_ordered,2,0.75,1,0.1,72fdfd7881d12321c3a0dd1ec85fb41237f868e61b6b8badd5e712ad8e4c7383,fb751c09f45f7d6e0d6ebe0f62f17e2f620e67720758df27e43271f08563df3a,5,4,2.6237004999300053,24.0,0.7790901478475196,23.0,True,False,10,0,EXTENDED_PENDING_RESOURCE_GATE,COMPLETE_BASE_INSTANCE
C,4,24,random_ordered,2,0.75,1,0.5,5ebc72b947b24c9c576de81aba20b27824a929924bbf7cac8f4e201bea9976a9,fb751c09f45f7d6e0d6ebe0f62f17e2f620e67720758df27e43271f08563df3a,5,4,0.06335270404815672,24.0,0.06335270404815672,23.0,True,False,10,0,EXTENDED_PENDING_RESOURCE_GATE,COMPLETE_BASE_INSTANCE
C,4,24,random_ordered,4,0.125,1,0.0001,adae4c8b75cc6de988b99c2a300b23bab02f1017799693cabac2048bc774a901,fb751c09f45f7d6e0d6ebe0f62f17e2f620e67720758df27e43271f08563df3a,5,4,2.999999600000024,24.0,0.0008999998710000084,23.0,True,False,10,0,EXTENDED_PENDING_RESOURCE_GATE,COMPLETE_BASE_INSTANCE
C,4,24,random_ordered,4,0.125,1,0.01,4dfd734388448b7757d0d1d48c4e636e56453f69d60ad88772722bc1cd12e655,fb751c09f45f7d6e0d6ebe0f62f17e2f620e67720758df27e43271f08563df3a,5,4,2.996002459077734,24.0,0.0898710840671885,23.0,True,False,10,0,EXTENDED_PENDING_RESOURCE_GATE,COMPLETE_BASE_INSTANCE
C,4,24,random_ordered,4,0.125,1,0.1,ba65d4c969898b4c2c28c34f0d5ef0fc08f79fb8b4b4ca20ea549b21a4d8f095,fb751c09f45f7d6e0d6ebe0f62f17e2f620e67720758df27e43271f08563df3a,5,4,2.6237004999300053,24.0,0.7790901478475196,23.0,True,False,10,0,EXTENDED_PENDING_RESOURCE_GATE,COMPLETE_BASE_INSTANCE
C,4,24,random_ordered,4,0.125,1,0.5,19fac41fa2fde5b6c9ca18e89caa503b769f91c258a098b382b0f6889cbcd879,fb751c09f45f7d6e0d6ebe0f62f17e2f620e67720758df27e43271f08563df3a,5,4,0.06335270404815672,24.0,0.06335270404815672,23.0,True,False,10,0,EXTENDED_PENDING_RESOURCE_GATE,COMPLETE_BASE_INSTANCE
C,4,24,random_ordered,4,0.25,1,0.0001,03eeddce20fab1b7fb84947683a49a621f4d02d9d86df9b070dc9ba4ccfec2fc,fb751c09f45f7d6e0d6ebe0f62f17e2f620e67720758df27e43271f08563df3a,5,4,2.999999600000024,24.0,0.0008999998710000084,23.0,True,False,10,0,EXTENDED_PENDING_RESOURCE_GATE,COMPLETE_BASE_INSTANCE
C,4,24,random_ordered,4,0.25,1,0.01,973161a336ea9ea62a130fe0aaeea077a2e0f7933489f98b34a565ab89f027d7,fb751c09f45f7d6e0d6ebe0f62f17e2f620e67720758df27e43271f08563df3a,5,4,2.996002459077734,24.0,0.0898710840671885,23.0,True,False,10,0,EXTENDED_PENDING_RESOURCE_GATE,COMPLETE_BASE_INSTANCE
C,4,24,random_ordered,4,0.25,1,0.1,c5b611257426d22ada6166538c75ebb10dd683a4d32e81967f717fadaf19dca1,fb751c09f45f7d6e0d6ebe0f62f17e2f620e67720758df27e43271f08563df3a,5,4,2.6237004999300053,24.0,0.7790901478475196,23.0,True,False,10,0,EXTENDED_PENDING_RESOURCE_GATE,COMPLETE_BASE_INSTANCE
C,4,24,random_ordered,4,0.25,1,0.5,4c9dc42982b8c7f0e724752b838353385e1a2c56addff2990f0d47703e0b9ea9,fb751c09f45f7d6e0d6ebe0f62f17e2f620e67720758df27e43271f08563df3a,5,4,0.06335270404815672,24.0,0.06335270404815672,23.0,True,False,10,0,EXTENDED_PENDING_RESOURCE_GATE,COMPLETE_BASE_INSTANCE
C,4,24,random_ordered,4,0.5,2,0.0001,6ce1c8669809401076afa194cd188d3af66ef4f16e0a6a19dba445fc4c779945,fb751c09f45f7d6e0d6ebe0f62f17e2f620e67720758df27e43271f08563df3a,5,4,2.999999600000024,24.0,0.0008999998710000084,23.0,True,False,10,0,EXTENDED_PENDING_RESOURCE_GATE,COMPLETE_BASE_INSTANCE
C,4,24,random_ordered,4,0.5,2,0.01,31bd5133de3eecbe9986e37b969453930787f83fb5534758b4d37bde35c48328,fb751c09f45f7d6e0d6ebe0f62f17e2f620e67720758df27e43271f08563df3a,5,4,2.996002459077734,24.0,0.0898710840671885,23.0,True,False,10,0,EXTENDED_PENDING_RESOURCE_GATE,COMPLETE_BASE_INSTANCE
C,4,24,random_ordered,4,0.5,2,0.1,3ee596db350d8af7faa1a5b5e68267c671fad6e747085dc83db8abef2fcb6e96,fb751c09f45f7d6e0d6ebe0f62f17e2f620e67720758df27e43271f08563df3a,5,4,2.6237004999300053,24.0,0.7790901478475196,23.0,True,False,10,0,EXTENDED_PENDING_RESOURCE_GATE,COMPLETE_BASE_INSTANCE
C,4,24,random_ordered,4,0.5,2,0.5,7652f17ce1c22ba151d3f68497ef3ded4e70a8c209782622f1b845f1491b9b02,fb751c09f45f7d6e0d6ebe0f62f17e2f620e67720758df27e43271f08563df3a,5,4,0.06335270404815672,24.0,0.06335270404815672,23.0,True,False,10,0,EXTENDED_PENDING_RESOURCE_GATE,COMPLETE_BASE_INSTANCE
C,4,24,random_ordered,4,0.75,3,0.0001,caec689ffcb2eea447ac9124f1464e4fe44ad64bb1456a29b6f9fa9cd7078918,fb751c09f45f7d6e0d6ebe0f62f17e2f620e67720758df27e43271f08563df3a,5,4,2.999999600000024,24.0,0.0008999998710000084,23.0,True,False,10,0,EXTENDED_PENDING_RESOURCE_GATE,COMPLETE_BASE_INSTANCE
C,4,24,random_ordered,4,0.75,3,0.01,2f33c3cf42dd9dfa496f45a0a77a7ad94162837f5dbe4794761f2c9c76524a21,fb751c09f45f7d6e0d6ebe0f62f17e2f620e67720758df27e43271f08563df3a,5,4,2.996002459077734,24.0,0.0898710840671885,23.0,True,False,10,0,EXTENDED_PENDING_RESOURCE_GATE,COMPLETE_BASE_INSTANCE
C,4,24,random_ordered,4,0.75,3,0.1,ffd5ce24d7ab4a07589a3ce72ca41bc96cf7d7d7bc265c4d512ad50ed4872129,fb751c09f45f7d6e0d6ebe0f62f17e2f620e67720758df27e43271f08563df3a,5,4,2.6237004999300053,24.0,0.7790901478475196,23.0,True,False,10,0,EXTENDED_PENDING_RESOURCE_GATE,COMPLETE_BASE_INSTANCE
C,4,24,random_ordered,4,0.75,3,0.5,64fed09dfcaf7e769118bb600058f3283ece78052f1683f21a8305bcce74060e,fb751c09f45f7d6e0d6ebe0f62f17e2f620e67720758df27e43271f08563df3a,5,4,0.06335270404815672,24.0,0.06335270404815672,23.0,True,False,10,0,EXTENDED_PENDING_RESOURCE_GATE,COMPLETE_BASE_INSTANCE
C,4,24,random_ordered,8,0.125,1,0.0001,2fd1f5d109078794dd6d679804ac5bc02fb6d66d0d32d0cbab06064674d8c305,fb751c09f45f7d6e0d6ebe0f62f17e2f620e67720758df27e43271f08563df3a,5,4,2.999999600000024,24.0,0.0008999998710000084,23.0,True,False,10,0,EXTENDED_PENDING_RESOURCE_GATE,COMPLETE_BASE_INSTANCE
C,4,24,random_ordered,8,0.125,1,0.01,195413f60d5adb3393500576d60c59c91dcf97dfb06e22e61cdf67a2e994e8aa,fb751c09f45f7d6e0d6ebe0f62f17e2f620e67720758df27e43271f08563df3a,5,4,2.996002459077734,24.0,0.0898710840671885,23.0,True,False,10,0,EXTENDED_PENDING_RESOURCE_GATE,COMPLETE_BASE_INSTANCE
C,4,24,random_ordered,8,0.125,1,0.1,fbe38540d5e3fded384c860519de624da61b6c3dbe015ecd276777d0c8531acb,fb751c09f45f7d6e0d6ebe0f62f17e2f620e67720758df27e43271f08563df3a,5,4,2.6237004999300053,24.0,0.7790901478475196,23.0,True,False,10,0,EXTENDED_PENDING_RESOURCE_GATE,COMPLETE_BASE_INSTANCE
C,4,24,random_ordered,8,0.125,1,0.5,f03892526530ffe69bbe71c4f9bbc1f43fe2ee13acf3ffaa937701e3d8e011d5,fb751c09f45f7d6e0d6ebe0f62f17e2f620e67720758df27e43271f08563df3a,5,4,0.06335270404815672,24.0,0.06335270404815672,23.0,True,False,10,0,EXTENDED_PENDING_RESOURCE_GATE,COMPLETE_BASE_INSTANCE
C,4,24,random_ordered,8,0.25,2,0.0001,4c6bc456bc956ec4767dda8decc55e5c1195b21a4f04964dd0613bb1517dc119,fb751c09f45f7d6e0d6ebe0f62f17e2f620e67720758df27e43271f08563df3a,5,4,2.999999600000024,24.0,0.0008999998710000084,23.0,True,False,10,0,EXTENDED_PENDING_RESOURCE_GATE,COMPLETE_BASE_INSTANCE
C,4,24,random_ordered,8,0.25,2,0.01,272ab78a7caa3405bcc3c4794a85e2e23ca828901753047e980f9a2252711db4,fb751c09f45f7d6e0d6ebe0f62f17e2f620e67720758df27e43271f08563df3a,5,4,2.996002459077734,24.0,0.0898710840671885,23.0,True,False,10,0,EXTENDED_PENDING_RESOURCE_GATE,COMPLETE_BASE_INSTANCE
C,4,24,random_ordered,8,0.25,2,0.1,d156a753782eea14d17debcda688cffec888464c8df047a24a333e852d8fd6a0,fb751c09f45f7d6e0d6ebe0f62f17e2f620e67720758df27e43271f08563df3a,5,4,2.6237004999300053,24.0,0.7790901478475196,23.0,True,False,10,0,EXTENDED_PENDING_RESOURCE_GATE,COMPLETE_BASE_INSTANCE
C,4,24,random_ordered,8,0.25,2,0.5,4eb53b102ebed804ed44b6e56e402d0496dc9bddb445e1ab314405b7428ddc11,fb751c09f45f7d6e0d6ebe0f62f17e2f620e67720758df27e43271f08563df3a,5,4,0.06335270404815672,24.0,0.06335270404815672,23.0,True,False,10,0,EXTENDED_PENDING_RESOURCE_GATE,COMPLETE_BASE_INSTANCE
C,4,24,random_ordered,8,0.5,4,0.0001,0b7b34cae5a051ae4e50598edebc75d8d41ed71c9c4796eee3e280dac670d964,fb751c09f45f7d6e0d6ebe0f62f17e2f620e67720758df27e43271f08563df3a,5,4,2.999999600000024,24.0,0.0008999998710000084,23.0,True,False,10,0,EXTENDED_PENDING_RESOURCE_GATE,COMPLETE_BASE_INSTANCE
C,4,24,random_ordered,8,0.5,4,0.01,f531de8e13c0746ddabdd399eda2f99a93b762edec31bccf97370dc096678ee4,fb751c09f45f7d6e0d6ebe0f62f17e2f620e67720758df27e43271f08563df3a,5,4,2.996002459077734,24.0,0.0898710840671885,23.0,True,False,10,0,EXTENDED_PENDING_RESOURCE_GATE,COMPLETE_BASE_INSTANCE
C,4,24,random_ordered,8,0.5,4,0.1,dded21cc2789dca6e52d4b788eafc7a2a17bc2718a584cdab11cc29282e4fccb,fb751c09f45f7d6e0d6ebe0f62f17e2f620e67720758df27e43271f08563df3a,5,4,2.6237004999300053,24.0,0.7790901478475196,23.0,True,False,10,0,EXTENDED_PENDING_RESOURCE_GATE,COMPLETE_BASE_INSTANCE
C,4,24,random_ordered,8,0.5,4,0.5,4f590070eac0b82f9d737513629fe3fd6424f6d6d71af85b44dcfafdc0a2384a,fb751c09f45f7d6e0d6ebe0f62f17e2f620e67720758df27e43271f08563df3a,5,4,0.06335270404815672,24.0,0.06335270404815672,23.0,True,False,10,0,EXTENDED_PENDING_RESOURCE_GATE,COMPLETE_BASE_INSTANCE
C,4,24,random_ordered,8,0.75,6,0.0001,c65bf5a208ecb3e3bab67b9810d85d510954d4da9b734d54bc1da729efcd00b6,fb751c09f45f7d6e0d6ebe0f62f17e2f620e67720758df27e43271f08563df3a,5,4,2.999999600000024,24.0,0.0008999998710000084,23.0,True,False,10,0,EXTENDED_PENDING_RESOURCE_GATE,COMPLETE_BASE_INSTANCE
C,4,24,random_ordered,8,0.75,6,0.01,e31a8d04e674a76fc4f7bf3c9dfd77b8e65946949608f566780578293ff47b09,fb751c09f45f7d6e0d6ebe0f62f17e2f620e67720758df27e43271f08563df3a,5,4,2.996002459077734,24.0,0.0898710840671885,23.0,True,False,10,0,EXTENDED_PENDING_RESOURCE_GATE,COMPLETE_BASE_INSTANCE
C,4,24,random_ordered,8,0.75,6,0.1,196ccb782464d088e1cfdff14be7cfe7d6d1e3d0696a2c86a801efdfe2222370,fb751c09f45f7d6e0d6ebe0f62f17e2f620e67720758df27e43271f08563df3a,5,4,2.6237004999300053,24.0,0.7790901478475196,23.0,True,False,10,0,EXTENDED_PENDING_RESOURCE_GATE,COMPLETE_BASE_INSTANCE
C,4,24,random_ordered,8,0.75,6,0.5,5772f000a68a2c4dc456aea47acab6e32b71092b739c654f2023defb4713755f,fb751c09f45f7d6e0d6ebe0f62f17e2f620e67720758df27e43271f08563df3a,5,4,0.06335270404815672,24.0,0.06335270404815672,23.0,True,False,10,0,EXTENDED_PENDING_RESOURCE_GATE,COMPLETE_BASE_INSTANCE
C,4,24,random_ordered,16,0.125,2,0.0001,2e920e530113077b4ac071282ec3131b5e62e7721c1fb6861c17336a1b1ff591,fb751c09f45f7d6e0d6ebe0f62f17e2f620e67720758df27e43271f08563df3a,5,4,2.999999600000024,24.0,0.0008999998710000084,23.0,True,False,10,0,EXTENDED_PENDING_RESOURCE_GATE,COMPLETE_BASE_INSTANCE
C,4,24,random_ordered,16,0.125,2,0.01,d08158addf50abfec4a96da4ffc0f2b18484a2ca965364364292e75bbbaffc55,fb751c09f45f7d6e0d6ebe0f62f17e2f620e67720758df27e43271f08563df3a,5,4,2.996002459077734,24.0,0.0898710840671885,23.0,True,False,10,0,EXTENDED_PENDING_RESOURCE_GATE,COMPLETE_BASE_INSTANCE
C,4,24,random_ordered,16,0.125,2,0.1,147ee5c22c3c9e09e078a796afdacc3b6555cc7ee7d53eb4053fae5aa8a3bf08,fb751c09f45f7d6e0d6ebe0f62f17e2f620e67720758df27e43271f08563df3a,5,4,2.6237004999300053,24.0,0.7790901478475196,23.0,True,False,10,0,EXTENDED_PENDING_RESOURCE_GATE,COMPLETE_BASE_INSTANCE
C,4,24,random_ordered,16,0.125,2,0.5,65ae92e40790aa89e3b0da635ce30232faa92f40ce6e0bbfe45ecae6fd2b48fe,fb751c09f45f7d6e0d6ebe0f62f17e2f620e67720758df27e43271f08563df3a,5,4,0.06335270404815672,24.0,0.06335270404815672,23.0,True,False,10,0,EXTENDED_PENDING_RESOURCE_GATE,COMPLETE_BASE_INSTANCE
C,4,24,random_ordered,16,0.25,4,0.0001,84ad855959e40eac491eef84513488e02735856fda2e8f57215fb04b0050a764,fb751c09f45f7d6e0d6ebe0f62f17e2f620e67720758df27e43271f08563df3a,5,4,2.999999600000024,24.0,0.0008999998710000084,23.0,True,False,10,0,EXTENDED_PENDING_RESOURCE_GATE,COMPLETE_BASE_INSTANCE
C,4,24,random_ordered,16,0.25,4,0.01,69fa7b7b30cf79a4e49441032bc0545fb17d06eda1771b6ee5a677c4725c270b,fb751c09f45f7d6e0d6ebe0f62f17e2f620e67720758df27e43271f08563df3a,5,4,2.996002459077734,24.0,0.0898710840671885,23.0,True,False,10,0,EXTENDED_PENDING_RESOURCE_GATE,COMPLETE_BASE_INSTANCE
C,4,24,random_ordered,16,0.25,4,0.1,d6c2af4bdd35f5dd526e35913b5bebb4d3213c2071209e27c49d7fcd58eadbd8,fb751c09f45f7d6e0d6ebe0f62f17e2f620e67720758df27e43271f08563df3a,5,4,2.6237004999300053,24.0,0.7790901478475196,23.0,True,False,10,0,EXTENDED_PENDING_RESOURCE_GATE,COMPLETE_BASE_INSTANCE
C,4,24,random_ordered,16,0.25,4,0.5,51ec4bd1de754709fed6dcce0292b26bb497dd5ef20a50d69c510f8c78dbc3b1,fb751c09f45f7d6e0d6ebe0f62f17e2f620e67720758df27e43271f08563df3a,5,4,0.06335270404815672,24.0,0.06335270404815672,23.0,True,False,10,0,EXTENDED_PENDING_RESOURCE_GATE,COMPLETE_BASE_INSTANCE
C,4,24,random_ordered,16,0.5,8,0.0001,2d79f2e0b0ffed06f7cd6e3739a134ca1c35cd877db8a0790cb95961d625c4ab,fb751c09f45f7d6e0d6ebe0f62f17e2f620e67720758df27e43271f08563df3a,5,4,2.999999600000024,24.0,0.0008999998710000084,23.0,True,False,10,0,EXTENDED_PENDING_RESOURCE_GATE,COMPLETE_BASE_INSTANCE
C,4,24,random_ordered,16,0.5,8,0.01,a4a35c5f9ddcef8225dc141868e556bdd4a74821b7e0ad0fa0aa9da1235f828a,fb751c09f45f7d6e0d6ebe0f62f17e2f620e67720758df27e43271f08563df3a,5,4,2.996002459077734,24.0,0.0898710840671885,23.0,True,False,10,0,EXTENDED_PENDING_RESOURCE_GATE,COMPLETE_BASE_INSTANCE
C,4,24,random_ordered,16,0.5,8,0.1,3046346db88199d126c9ea8a57ef0d0c7b87c5e385c72a14358389de6668b129,fb751c09f45f7d6e0d6ebe0f62f17e2f620e67720758df27e43271f08563df3a,5,4,2.6237004999300053,24.0,0.7790901478475196,23.0,True,False,10,0,EXTENDED_PENDING_RESOURCE_GATE,COMPLETE_BASE_INSTANCE
C,4,24,random_ordered,16,0.5,8,0.5,85a4f18b4daf08e59354fd926554b9e13516c8646a37c473e92fcdd0b990f6d6,fb751c09f45f7d6e0d6ebe0f62f17e2f620e67720758df27e43271f08563df3a,5,4,0.06335270404815672,24.0,0.06335270404815672,23.0,True,False,10,0,EXTENDED_PENDING_RESOURCE_GATE,COMPLETE_BASE_INSTANCE
C,4,24,random_ordered,16,0.75,12,0.0001,e07ab085f685e7669439f811b445e712e96e08a397e860312f80b1f5642576ab,fb751c09f45f7d6e0d6ebe0f62f17e2f620e67720758df27e43271f08563df3a,5,4,2.999999600000024,24.0,0.0008999998710000084,23.0,True,False,10,0,EXTENDED_PENDING_RESOURCE_GATE,COMPLETE_BASE_INSTANCE
C,4,24,random_ordered,16,0.75,12,0.01,d3665b0626a4cbb104018128b3df37edb4fdca0ee00cc9cf0bc351299aeeb213,fb751c09f45f7d6e0d6ebe0f62f17e2f620e67720758df27e43271f08563df3a,5,4,2.996002459077734,24.0,0.0898710840671885,23.0,True,False,10,0,EXTENDED_PENDING_RESOURCE_GATE,COMPLETE_BASE_INSTANCE
C,4,24,random_ordered,16,0.75,12,0.1,a507a40eacb90e86934f62de3f34043925c0f7b20b39c83d2cbd6d5a3de7b948,fb751c09f45f7d6e0d6ebe0f62f17e2f620e67720758df27e43271f08563df3a,5,4,2.6237004999300053,24.0,0.7790901478475196,23.0,True,False,10,0,EXTENDED_PENDING_RESOURCE_GATE,COMPLETE_BASE_INSTANCE
C,4,24,random_ordered,16,0.75,12,0.5,1f408fc7d487f5f5eb5fd0e2494f1624c03a86fdb458a57addb89d7d9b878e10,fb751c09f45f7d6e0d6ebe0f62f17e2f620e67720758df27e43271f08563df3a,5,4,0.06335270404815672,24.0,0.06335270404815672,23.0,True,False,10,0,EXTENDED_PENDING_RESOURCE_GATE,COMPLETE_BASE_INSTANCE
C,4,24,random_ordered,32,0.125,4,0.0001,d84eff79f0b0956169812ad05745e1c463603abac18c2bf830e3f211106dff45,fb751c09f45f7d6e0d6ebe0f62f17e2f620e67720758df27e43271f08563df3a,5,4,2.999999600000024,24.0,0.0008999998710000084,23.0,True,False,10,0,EXTENDED_PENDING_RESOURCE_GATE,COMPLETE_BASE_INSTANCE
C,4,24,random_ordered,32,0.125,4,0.01,26fe79b79ec1cd737d6ba484e1dadab92bd7337f462c84d496e515eb0811a117,fb751c09f45f7d6e0d6ebe0f62f17e2f620e67720758df27e43271f08563df3a,5,4,2.996002459077734,24.0,0.0898710840671885,23.0,True,False,10,0,EXTENDED_PENDING_RESOURCE_GATE,COMPLETE_BASE_INSTANCE
C,4,24,random_ordered,32,0.125,4,0.1,c272967a262b57f20ea9b6d5a31de17680b499da13c004dbabf9956d8bf6c3a0,fb751c09f45f7d6e0d6ebe0f62f17e2f620e67720758df27e43271f08563df3a,5,4,2.6237004999300053,24.0,0.7790901478475196,23.0,True,False,10,0,EXTENDED_PENDING_RESOURCE_GATE,COMPLETE_BASE_INSTANCE
C,4,24,random_ordered,32,0.125,4,0.5,0c1b2223e7c47eb0260446129291b8d2e399972b727122621ac6f7745fc086d6,fb751c09f45f7d6e0d6ebe0f62f17e2f620e67720758df27e43271f08563df3a,5,4,0.06335270404815672,24.0,0.06335270404815672,23.0,True,False,10,0,EXTENDED_PENDING_RESOURCE_GATE,COMPLETE_BASE_INSTANCE
C,4,24,random_ordered,32,0.25,8,0.0001,75c14b68fe03ad87c3ffe468fdc10aae87012c9c8d1460f3d21b90211ba1882e,fb751c09f45f7d6e0d6ebe0f62f17e2f620e67720758df27e43271f08563df3a,5,4,2.999999600000024,24.0,0.0008999998710000084,23.0,True,False,10,0,EXTENDED_PENDING_RESOURCE_GATE,COMPLETE_BASE_INSTANCE
C,4,24,random_ordered,32,0.25,8,0.01,6f90024bc108da41f4dd493daa7a8f58d9ca0ecf08c83644804008025ade3dd8,fb751c09f45f7d6e0d6ebe0f62f17e2f620e67720758df27e43271f08563df3a,5,4,2.996002459077734,24.0,0.0898710840671885,23.0,True,False,10,0,EXTENDED_PENDING_RESOURCE_GATE,COMPLETE_BASE_INSTANCE
C,4,24,random_ordered,32,0.25,8,0.1,ca705dd2624dd3d94082b4d03badc77e9106a826af80797721d0b55309198928,fb751c09f45f7d6e0d6ebe0f62f17e2f620e67720758df27e43271f08563df3a,5,4,2.6237004999300053,24.0,0.7790901478475196,23.0,True,False,10,0,EXTENDED_PENDING_RESOURCE_GATE,COMPLETE_BASE_INSTANCE
C,4,24,random_ordered,32,0.25,8,0.5,7ab52388e4d75439bb2a0e1f55f78485fabf5f4e9e3095b56fdb0238ba7dc455,fb751c09f45f7d6e0d6ebe0f62f17e2f620e67720758df27e43271f08563df3a,5,4,0.06335270404815672,24.0,0.06335270404815672,23.0,True,False,10,0,EXTENDED_PENDING_RESOURCE_GATE,COMPLETE_BASE_INSTANCE
C,4,24,random_ordered,32,0.5,16,0.0001,47ad6dc9c0b993c88ef8adaa6b036d54f332d69ab0ad4186ec2c439c0343aec1,fb751c09f45f7d6e0d6ebe0f62f17e2f620e67720758df27e43271f08563df3a,5,4,2.999999600000024,24.0,0.0008999998710000084,23.0,True,False,10,0,EXTENDED_PENDING_RESOURCE_GATE,COMPLETE_BASE_INSTANCE
C,4,24,random_ordered,32,0.5,16,0.01,677cde181a5faaab8cd9ebe75e704912302b4ef9e4df885b0bdcd574c5d8d270,fb751c09f45f7d6e0d6ebe0f62f17e2f620e67720758df27e43271f08563df3a,5,4,2.996002459077734,24.0,0.0898710840671885,23.0,True,False,10,0,EXTENDED_PENDING_RESOURCE_GATE,COMPLETE_BASE_INSTANCE
C,4,24,random_ordered,32,0.5,16,0.1,773225719630a449068038a92c15113535bb548a072259982948d8a04a9a58ce,fb751c09f45f7d6e0d6ebe0f62f17e2f620e67720758df27e43271f08563df3a,5,4,2.6237004999300053,24.0,0.7790901478475196,23.0,True,False,10,0,EXTENDED_PENDING_RESOURCE_GATE,COMPLETE_BASE_INSTANCE
C,4,24,random_ordered,32,0.5,16,0.5,eff44526ff8e70f40f3b15009fc4cb16cceee97d9df4cb72e80765b0433d3c41,fb751c09f45f7d6e0d6ebe0f62f17e2f620e67720758df27e43271f08563df3a,5,4,0.06335270404815672,24.0,0.06335270404815672,23.0,True,False,10,0,EXTENDED_PENDING_RESOURCE_GATE,COMPLETE_BASE_INSTANCE
C,4,24,random_ordered,32,0.75,24,0.0001,54a3dd150be077289fe5abd66470ab3960156d4882990d1b192db4567359b2ed,fb751c09f45f7d6e0d6ebe0f62f17e2f620e67720758df27e43271f08563df3a,5,4,2.999999600000024,24.0,0.0008999998710000084,23.0,True,False,10,0,EXTENDED_PENDING_RESOURCE_GATE,COMPLETE_BASE_INSTANCE
C,4,24,random_ordered,32,0.75,24,0.01,ae29a3962cfbf32febbd2bfce3de5f2f1179c74075619d81d31f71f26e28ac2a,fb751c09f45f7d6e0d6ebe0f62f17e2f620e67720758df27e43271f08563df3a,5,4,2.996002459077734,24.0,0.0898710840671885,23.0,True,False,10,0,EXTENDED_PENDING_RESOURCE_GATE,COMPLETE_BASE_INSTANCE
C,4,24,random_ordered,32,0.75,24,0.1,041e255e607bfc861ca67b989c8e4b2a72938dca5e2e0b81be17979ceaa8c550,fb751c09f45f7d6e0d6ebe0f62f17e2f620e67720758df27e43271f08563df3a,5,4,2.6237004999300053,24.0,0.7790901478475196,23.0,True,False,10,0,EXTENDED_PENDING_RESOURCE_GATE,COMPLETE_BASE_INSTANCE
C,4,24,random_ordered,32,0.75,24,0.5,cb9ae82c299912e64a8e9b7732726a3f422920d72a20e8fc9cd9ad4df08f0975,fb751c09f45f7d6e0d6ebe0f62f17e2f620e67720758df27e43271f08563df3a,5,4,0.06335270404815672,24.0,0.06335270404815672,23.0,True,False,10,0,EXTENDED_PENDING_RESOURCE_GATE,COMPLETE_BASE_INSTANCE
C,4,24,random_ordered,64,0.125,8,0.0001,aa17b0ba0fe26e480641cd666e98278222dd98afba1d7b30af243ae60efc2fe8,fb751c09f45f7d6e0d6ebe0f62f17e2f620e67720758df27e43271f08563df3a,5,4,2.999999600000024,24.0,0.0008999998710000084,23.0,True,False,10,0,EXTENDED_PENDING_RESOURCE_GATE,COMPLETE_BASE_INSTANCE
C,4,24,random_ordered,64,0.125,8,0.01,67199d9c469141dab0bb91adf2916c9b79b883ab2bdd1959dd29b38f0f03139f,fb751c09f45f7d6e0d6ebe0f62f17e2f620e67720758df27e43271f08563df3a,5,4,2.996002459077734,24.0,0.0898710840671885,23.0,True,False,10,0,EXTENDED_PENDING_RESOURCE_GATE,COMPLETE_BASE_INSTANCE
C,4,24,random_ordered,64,0.125,8,0.1,a749c9deeb98ea71fec6a1f951330e240747e2dc8d15a4e8666d5e58894ae9f0,fb751c09f45f7d6e0d6ebe0f62f17e2f620e67720758df27e43271f08563df3a,5,4,2.6237004999300053,24.0,0.7790901478475196,23.0,True,False,10,0,EXTENDED_PENDING_RESOURCE_GATE,COMPLETE_BASE_INSTANCE
C,4,24,random_ordered,64,0.125,8,0.5,b47740be430c76c586f0d07efd459db910366b64891a8587046a955cc9e3082b,fb751c09f45f7d6e0d6ebe0f62f17e2f620e67720758df27e43271f08563df3a,5,4,0.06335270404815672,24.0,0.06335270404815672,23.0,True,False,10,0,EXTENDED_PENDING_RESOURCE_GATE,COMPLETE_BASE_INSTANCE
C,4,24,random_ordered,64,0.25,16,0.0001,28aa273cfc20af4cd3d2ff7fd6aae4b6356670617c79785bc7a2f14178142b71,fb751c09f45f7d6e0d6ebe0f62f17e2f620e67720758df27e43271f08563df3a,5,4,2.999999600000024,24.0,0.0008999998710000084,23.0,True,False,10,0,EXTENDED_PENDING_RESOURCE_GATE,COMPLETE_BASE_INSTANCE
C,4,24,random_ordered,64,0.25,16,0.01,4e72dcdd95b86d80577dc0a46de8be95f230a31811fa5b0c983db45fe04757b8,fb751c09f45f7d6e0d6ebe0f62f17e2f620e67720758df27e43271f08563df3a,5,4,2.996002459077734,24.0,0.0898710840671885,23.0,True,False,10,0,EXTENDED_PENDING_RESOURCE_GATE,COMPLETE_BASE_INSTANCE
C,4,24,random_ordered,64,0.25,16,0.1,6de0b0984eaf9e8d00dc72a4c9010ebb68120ccced811161b42d178558b18c9b,fb751c09f45f7d6e0d6ebe0f62f17e2f620e67720758df27e43271f08563df3a,5,4,2.6237004999300053,24.0,0.7790901478475196,23.0,True,False,10,0,EXTENDED_PENDING_RESOURCE_GATE,COMPLETE_BASE_INSTANCE
C,4,24,random_ordered,64,0.25,16,0.5,eb01b2def236e4cc3c2d76603699253e57d0a163db4ac4c70401bde38560131f,fb751c09f45f7d6e0d6ebe0f62f17e2f620e67720758df27e43271f08563df3a,5,4,0.06335270404815672,24.0,0.06335270404815672,23.0,True,False,10,0,EXTENDED_PENDING_RESOURCE_GATE,COMPLETE_BASE_INSTANCE
C,4,24,random_ordered,64,0.5,32,0.0001,c9380d231eefce1506d775f91d1710d5c10ad6b97b1246b5237949e2133ca6ed,fb751c09f45f7d6e0d6ebe0f62f17e2f620e67720758df27e43271f08563df3a,5,4,2.999999600000024,24.0,0.0008999998710000084,23.0,True,False,10,0,EXTENDED_PENDING_RESOURCE_GATE,COMPLETE_BASE_INSTANCE
C,4,24,random_ordered,64,0.5,32,0.01,b4fb96d3595026889057a60bfb8d20a94f88cd74bf4bef953b3f35bd841307d7,fb751c09f45f7d6e0d6ebe0f62f17e2f620e67720758df27e43271f08563df3a,5,4,2.996002459077734,24.0,0.0898710840671885,23.0,True,False,10,0,EXTENDED_PENDING_RESOURCE_GATE,COMPLETE_BASE_INSTANCE
C,4,24,random_ordered,64,0.5,32,0.1,ba0c1e2a5ffca0e8b0171e597816a72752de5bf9701d4cc9091ccd9614d85794,fb751c09f45f7d6e0d6ebe0f62f17e2f620e67720758df27e43271f08563df3a,5,4,2.6237004999300053,24.0,0.7790901478475196,23.0,True,False,10,0,EXTENDED_PENDING_RESOURCE_GATE,COMPLETE_BASE_INSTANCE
C,4,24,random_ordered,64,0.5,32,0.5,c9fdf30359662057307ac83f679b0bc447e65a5aceb8adffe1b0bc63ce35306d,fb751c09f45f7d6e0d6ebe0f62f17e2f620e67720758df27e43271f08563df3a,5,4,0.06335270404815672,24.0,0.06335270404815672,23.0,True,False,10,0,EXTENDED_PENDING_RESOURCE_GATE,COMPLETE_BASE_INSTANCE
C,4,24,random_ordered,64,0.75,48,0.0001,8d2e863ed69fae13ff9530d70de70afdf262c3e269bd2f1f7c446b3402f08ac5,fb751c09f45f7d6e0d6ebe0f62f17e2f620e67720758df27e43271f08563df3a,5,4,2.999999600000024,24.0,0.0008999998710000084,23.0,True,False,10,0,EXTENDED_PENDING_RESOURCE_GATE,COMPLETE_BASE_INSTANCE
C,4,24,random_ordered,64,0.75,48,0.01,2cb78c249dac7d7a5773c26590b6cdff9a9bbcac5be092dbe9bb18a8eb8ffb90,fb751c09f45f7d6e0d6ebe0f62f17e2f620e67720758df27e43271f08563df3a,5,4,2.996002459077734,24.0,0.0898710840671885,23.0,True,False,10,0,EXTENDED_PENDING_RESOURCE_GATE,COMPLETE_BASE_INSTANCE
C,4,24,random_ordered,64,0.75,48,0.1,c5f91834da7c4ed7acbf07652d927a6ab1f4abb702422b60e50faef41e65934f,fb751c09f45f7d6e0d6ebe0f62f17e2f620e67720758df27e43271f08563df3a,5,4,2.6237004999300053,24.0,0.7790901478475196,23.0,True,False,10,0,EXTENDED_PENDING_RESOURCE_GATE,COMPLETE_BASE_INSTANCE
C,4,24,random_ordered,64,0.75,48,0.5,a92681dc2a5ad618619dbb791742dc4679ec3e4284b95a977ede356a627bb383,fb751c09f45f7d6e0d6ebe0f62f17e2f620e67720758df27e43271f08563df3a,5,4,0.06335270404815672,24.0,0.06335270404815672,23.0,True,False,10,0,EXTENDED_PENDING_RESOURCE_GATE,COMPLETE_BASE_INSTANCE
