tree_hash,internal_nodes,topology,mask,enabled_nodes,projected_error,ambient_error
d753d020b326b296e24952e6449780937680175dff21ff3dab522f77b2d923ea,1,comb,0,0,0.0,0.0
d753d020b326b296e24952e6449780937680175dff21ff3dab522f77b2d923ea,1,comb,1,1,0.0,0.1
d753d020b326b296e24952e6449780937680175dff21ff3dab522f77b2d923ea,1,balanced,0,0,0.0,0.0
d753d020b326b296e24952e6449780937680175dff21ff3dab522f77b2d923ea,1,balanced,1,1,0.0,0.1
d753d020b326b296e24952e6449780937680175dff21ff3dab522f77b2d923ea,1,two_branch,0,0,0.0,0.0
d753d020b326b296e24952e6449780937680175dff21ff3dab522f77b2d923ea,1,two_branch,1,1,0.0,0.1
e5568d69ce97d8e31cac256c37711124b90f1898ab444ad4714384d02c31f5da,2,comb,0,0,0.0,0.0
e5568d69ce97d8e31cac256c37711124b90f1898ab444ad4714384d02c31f5da,2,comb,1,1,0.0,0.1
e5568d69ce97d8e31cac256c37711124b90f1898ab444ad4714384d02c31f5da,2,comb,2,1,0.0,0.1
e5568d69ce97d8e31cac256c37711124b90f1898ab444ad4714384d02c31f5da,2,comb,3,2,0.010000000000000009,0.19924858845171275
e5568d69ce97d8e31cac256c37711124b90f1898ab444ad4714384d02c31f5da,2,balanced,0,0,0.0,0.0
e5568d69ce97d8e31cac256c37711124b90f1898ab444ad4714384d02c31f5da,2,balanced,1,1,0.0,0.1
e5568d69ce97d8e31cac256c37711124b90f1898ab444ad4714384d02c31f5da,2,balanced,2,1,0.0,0.1
e5568d69ce97d8e31cac256c37711124b90f1898ab444ad4714384d02c31f5da,2,balanced,3,2,0.010000000000000009,0.19924858845171275
a24dc0857504ae86635ee7d90963f7984987f7d6225182502c6f1cce8f466647,2,two_branch,0,0,0.0,0.0
a24dc0857504ae86635ee7d90963f7984987f7d6225182502c6f1cce8f466647,2,two_branch,1,1,0.0,0.1
a24dc0857504ae86635ee7d90963f7984987f7d6225182502c6f1cce8f466647,2,two_branch,2,1,0.0,0.0
a24dc0857504ae86635ee7d90963f7984987f7d6225182502c6f1cce8f466647,2,two_branch,3,2,0.0,0.099498743710662
038a9ec6f7cd5df5184b943fec3ad730920441b925da19ac30283a904b9ff2b9,3,comb,0,0,0.0,0.0
038a9ec6f7cd5df5184b943fec3ad730920441b925da19ac30283a904b9ff2b9,3,comb,1,1,0.0,0.1
038a9ec6f7cd5df5184b943fec3ad730920441b925da19ac30283a904b9ff2b9,3,comb,2,1,0.0,0.1
038a9ec6f7cd5df5184b943fec3ad730920441b925da19ac30283a904b9ff2b9,3,comb,3,2,0.010000000000000009,0.19924858845171275
038a9ec6f7cd5df5184b943fec3ad730920441b925da19ac30283a904b9ff2b9,3,comb,4,1,0.0,0.1
038a9ec6f7cd5df5184b943fec3ad730920441b925da19ac30283a904b9ff2b9,3,comb,5,2,0.010000000000000009,0.19924858845171275
038a9ec6f7cd5df5184b943fec3ad730920441b925da19ac30283a904b9ff2b9,3,comb,6,2,0.010000000000000009,0.19924858845171275
038a9ec6f7cd5df5184b943fec3ad730920441b925da19ac30283a904b9ff2b9,3,comb,7,3,0.02984962311319861,0.29750126050153136
f77fcc8e56b0d33238e712f1f870fcdb828dd685b804622ef1bf7414de093c28,3,balanced,0,0,0.0,0.0
f77fcc8e56b0d33238e712f1f870fcdb828dd685b804622ef1bf7414de093c28,3,balanced,1,1,0.0,0.1
f77fcc8e56b0d33238e712f1f870fcdb828dd685b804622ef1bf7414de093c28,3,balanced,2,1,0.0,0.1
f77fcc8e56b0d33238e712f1f870fcdb828dd685b804622ef1bf7414de093c28,3,balanced,3,2,0.010000000000000009,0.19924858845171275
f77fcc8e56b0d33238e712f1f870fcdb828dd685b804622ef1bf7414de093c28,3,balanced,4,1,0.0,0.0
f77fcc8e56b0d33238e712f1f870fcdb828dd685b804622ef1bf7414de093c28,3,balanced,5,2,0.0,0.099498743710662
f77fcc8e56b0d33238e712f1f870fcdb828dd685b804622ef1bf7414de093c28,3,balanced,6,2,0.0,0.099498743710662
f77fcc8e56b0d33238e712f1f870fcdb828dd685b804622ef1bf7414de093c28,3,balanced,7,3,0.009949874371066203,0.19824984237068136
f77fcc8e56b0d33238e712f1f870fcdb828dd685b804622ef1bf7414de093c28,3,two_branch,0,0,0.0,0.0
f77fcc8e56b0d33238e712f1f870fcdb828dd685b804622ef1bf7414de093c28,3,two_branch,1,1,0.0,0.1
f77fcc8e56b0d33238e712f1f870fcdb828dd685b804622ef1bf7414de093c28,3,two_branch,2,1,0.0,0.1
f77fcc8e56b0d33238e712f1f870fcdb828dd685b804622ef1bf7414de093c28,3,two_branch,3,2,0.010000000000000009,0.19924858845171275
f77fcc8e56b0d33238e712f1f870fcdb828dd685b804622ef1bf7414de093c28,3,two_branch,4,1,0.0,0.0
f77fcc8e56b0d33238e712f1f870fcdb828dd685b804622ef1bf7414de093c28,3,two_branch,5,2,0.0,0.099498743710662
f77fcc8e56b0d33238e712f1f870fcdb828dd685b804622ef1bf7414de093c28,3,two_branch,6,2,0.0,0.099498743710662
f77fcc8e56b0d33238e712f1f870fcdb828dd685b804622ef1bf7414de093c28,3,two_branch,7,3,0.009949874371066203,0.19824984237068136
da2fc02433f7988217c90dcd14662d3166942b3408905a7affb0b4eb34db7263,4,comb,0,0,0.0,0.0
da2fc02433f7988217c90dcd14662d3166942b3408905a7affb0b4eb34db7263,4,comb,1,1,0.0,0.1
da2fc02433f7988217c90dcd14662d3166942b3408905a7affb0b4eb34db7263,4,comb,2,1,0.0,0.1
da2fc02433f7988217c90dcd14662d3166942b3408905a7affb0b4eb34db7263,4,comb,3,2,0.010000000000000009,0.19924858845171275
da2fc02433f7988217c90dcd14662d3166942b3408905a7affb0b4eb34db7263,4,comb,4,1,0.0,0.1
da2fc02433f7988217c90dcd14662d3166942b3408905a7affb0b4eb34db7263,4,comb,5,2,0.010000000000000009,0.19924858845171275
da2fc02433f7988217c90dcd14662d3166942b3408905a7affb0b4eb34db7263,4,comb,6,2,0.010000000000000009,0.19924858845171275
da2fc02433f7988217c90dcd14662d3166942b3408905a7affb0b4eb34db7263,4,comb,7,3,0.02984962311319861,0.29750126050153136
da2fc02433f7988217c90dcd14662d3166942b3408905a7affb0b4eb34db7263,4,comb,8,1,0.0,0.1
da2fc02433f7988217c90dcd14662d3166942b3408905a7affb0b4eb34db7263,4,comb,9,2,0.010000000000000009,0.19924858845171275
da2fc02433f7988217c90dcd14662d3166942b3408905a7affb0b4eb34db7263,4,comb,10,2,0.010000000000000009,0.19924858845171275
da2fc02433f7988217c90dcd14662d3166942b3408905a7affb0b4eb34db7263,4,comb,11,3,0.02984962311319861,0.29750126050153136
da2fc02433f7988217c90dcd14662d3166942b3408905a7affb0b4eb34db7263,4,comb,12,2,0.010000000000000009,0.19924858845171275
da2fc02433f7988217c90dcd14662d3166942b3408905a7affb0b4eb34db7263,4,comb,13,3,0.02984962311319861,0.29750126050153136
da2fc02433f7988217c90dcd14662d3166942b3408905a7affb0b4eb34db7263,4,comb,14,3,0.02984962311319861,0.29750126050153136
da2fc02433f7988217c90dcd14662d3166942b3408905a7affb0b4eb34db7263,4,comb,15,4,0.05929999999999991,0.3945172366323175
61e885a698d4cd50dd217a02e33c2fdde9608a5a64ee45893b7046f64a364ebf,4,balanced,0,0,0.0,0.0
61e885a698d4cd50dd217a02e33c2fdde9608a5a64ee45893b7046f64a364ebf,4,balanced,1,1,0.0,0.1
61e885a698d4cd50dd217a02e33c2fdde9608a5a64ee45893b7046f64a364ebf,4,balanced,2,1,0.0,0.1
61e885a698d4cd50dd217a02e33c2fdde9608a5a64ee45893b7046f64a364ebf,4,balanced,3,2,0.010000000000000009,0.19924858845171275
61e885a698d4cd50dd217a02e33c2fdde9608a5a64ee45893b7046f64a364ebf,4,balanced,4,1,0.0,0.1
61e885a698d4cd50dd217a02e33c2fdde9608a5a64ee45893b7046f64a364ebf,4,balanced,5,2,0.010000000000000009,0.19924858845171275
61e885a698d4cd50dd217a02e33c2fdde9608a5a64ee45893b7046f64a364ebf,4,balanced,6,2,0.010000000000000009,0.19924858845171275
61e885a698d4cd50dd217a02e33c2fdde9608a5a64ee45893b7046f64a364ebf,4,balanced,7,3,0.02984962311319861,0.29750126050153136
61e885a698d4cd50dd217a02e33c2fdde9608a5a64ee45893b7046f64a364ebf,4,balanced,8,1,0.0,0.0
61e885a698d4cd50dd217a02e33c2fdde9608a5a64ee45893b7046f64a364ebf,4,balanced,9,2,0.0,0.099498743710662
61e885a698d4cd50dd217a02e33c2fdde9608a5a64ee45893b7046f64a364ebf,4,balanced,10,2,0.0,0.099498743710662
61e885a698d4cd50dd217a02e33c2fdde9608a5a64ee45893b7046f64a364ebf,4,balanced,11,3,0.009949874371066203,0.19824984237068136
61e885a698d4cd50dd217a02e33c2fdde9608a5a64ee45893b7046f64a364ebf,4,balanced,12,2,0.0,0.099498743710662
61e885a698d4cd50dd217a02e33c2fdde9608a5a64ee45893b7046f64a364ebf,4,balanced,13,3,0.009949874371066203,0.19824984237068136
61e885a698d4cd50dd217a02e33c2fdde9608a5a64ee45893b7046f64a364ebf,4,balanced,14,3,0.009949874371066203,0.19824984237068136
61e885a698d4cd50dd217a02e33c2fdde9608a5a64ee45893b7046f64a364ebf,4,balanced,15,4,0.02969999999999995,0.2960100167224076
c49bc82e43739a6b5ffc5afb296dd7afc32726f99c2bda873e6dccebbd75ee5d,4,two_branch,0,0,0.0,0.0
c49bc82e43739a6b5ffc5afb296dd7afc32726f99c2bda873e6dccebbd75ee5d,4,two_branch,1,1,0.0,0.1
c49bc82e43739a6b5ffc5afb296dd7afc32726f99c2bda873e6dccebbd75ee5d,4,two_branch,2,1,0.0,0.1
c49bc82e43739a6b5ffc5afb296dd7afc32726f99c2bda873e6dccebbd75ee5d,4,two_branch,3,2,0.010000000000000009,0.19924858845171275
c49bc82e43739a6b5ffc5afb296dd7afc32726f99c2bda873e6dccebbd75ee5d,4,two_branch,4,1,0.0,0.0
c49bc82e43739a6b5ffc5afb296dd7afc32726f99c2bda873e6dccebbd75ee5d,4,two_branch,5,2,0.0,0.099498743710662
c49bc82e43739a6b5ffc5afb296dd7afc32726f99c2bda873e6dccebbd75ee5d,4,two_branch,6,2,0.0,0.099498743710662
c49bc82e43739a6b5ffc5afb296dd7afc32726f99c2bda873e6dccebbd75ee5d,4,two_branch,7,3,0.009949874371066203,0.19824984237068136
c49bc82e43739a6b5ffc5afb296dd7afc32726f99c2bda873e6dccebbd75ee5d,4,two_branch,8,1,0.0,0.0
c49bc82e43739a6b5ffc5afb296dd7afc32726f99c2bda873e6dccebbd75ee5d,4,two_branch,9,2,0.0,0.099498743710662
c49bc82e43739a6b5ffc5afb296dd7afc32726f99c2bda873e6dccebbd75ee5d,4,two_branch,10,2,0.0,0.099498743710662
c49bc82e43739a6b5ffc5afb296dd7afc32726f99c2bda873e6dccebbd75ee5d,4,two_branch,11,3,0.009949874371066203,0.19824984237068136
c49bc82e43739a6b5ffc5afb296dd7afc32726f99c2bda873e6dccebbd75ee5d,4,two_branch,12,2,0.0,0.0
c49bc82e43739a6b5ffc5afb296dd7afc32726f99c2bda873e6dccebbd75ee5d,4,two_branch,13,3,0.0,0.099
c49bc82e43739a6b5ffc5afb296dd7afc32726f99c2bda873e6dccebbd75ee5d,4,two_branch,14,3,0.0,0.099
c49bc82e43739a6b5ffc5afb296dd7afc32726f99c2bda873e6dccebbd75ee5d,4,two_branch,15,4,0.00990000000000002,0.19725610256719564
87d4d13a9493b3c4bd2c354a70ea108caf18a473310c6bebb43691066c95a332,5,comb,0,0,0.0,0.0
87d4d13a9493b3c4bd2c354a70ea108caf18a473310c6bebb43691066c95a332,5,comb,1,1,0.0,0.1
87d4d13a9493b3c4bd2c354a70ea108caf18a473310c6bebb43691066c95a332,5,comb,2,1,0.0,0.1
87d4d13a9493b3c4bd2c354a70ea108caf18a473310c6bebb43691066c95a332,5,comb,3,2,0.010000000000000009,0.19924858845171275
87d4d13a9493b3c4bd2c354a70ea108caf18a473310c6bebb43691066c95a332,5,comb,4,1,0.0,0.1
87d4d13a9493b3c4bd2c354a70ea108caf18a473310c6bebb43691066c95a332,5,comb,5,2,0.010000000000000009,0.19924858845171275
87d4d13a9493b3c4bd2c354a70ea108caf18a473310c6bebb43691066c95a332,5,comb,6,2,0.010000000000000009,0.19924858845171275
87d4d13a9493b3c4bd2c354a70ea108caf18a473310c6bebb43691066c95a332,5,comb,7,3,0.02984962311319861,0.29750126050153136
87d4d13a9493b3c4bd2c354a70ea108caf18a473310c6bebb43691066c95a332,5,comb,8,1,0.0,0.1
87d4d13a9493b3c4bd2c354a70ea108caf18a473310c6bebb43691066c95a332,5,comb,9,2,0.010000000000000009,0.19924858845171275
87d4d13a9493b3c4bd2c354a70ea108caf18a473310c6bebb43691066c95a332,5,comb,10,2,0.010000000000000009,0.19924858845171275
87d4d13a9493b3c4bd2c354a70ea108caf18a473310c6bebb43691066c95a332,5,comb,11,3,0.02984962311319861,0.29750126050153136
87d4d13a9493b3c4bd2c354a70ea108caf18a473310c6bebb43691066c95a332,5,comb,12,2,0.010000000000000009,0.19924858845171275
87d4d13a9493b3c4bd2c354a70ea108caf18a473310c6bebb43691066c95a332,5,comb,13,3,0.02984962311319861,0.29750126050153136
87d4d13a9493b3c4bd2c354a70ea108caf18a473310c6bebb43691066c95a332,5,comb,14,3,0.02984962311319861,0.29750126050153136
87d4d13a9493b3c4bd2c354a70ea108caf18a473310c6bebb43691066c95a332,5,comb,15,4,0.05929999999999991,0.3945172366323175
87d4d13a9493b3c4bd2c354a70ea108caf18a473310c6bebb43691066c95a332,5,comb,16,1,0.0,0.1
87d4d13a9493b3c4bd2c354a70ea108caf18a473310c6bebb43691066c95a332,5,comb,17,2,0.010000000000000009,0.19924858845171275
87d4d13a9493b3c4bd2c354a70ea108caf18a473310c6bebb43691066c95a332,5,comb,18,2,0.010000000000000009,0.19924858845171275
87d4d13a9493b3c4bd2c354a70ea108caf18a473310c6bebb43691066c95a332,5,comb,19,3,0.02984962311319861,0.29750126050153136
87d4d13a9493b3c4bd2c354a70ea108caf18a473310c6bebb43691066c95a332,5,comb,20,2,0.010000000000000009,0.19924858845171275
87d4d13a9493b3c4bd2c354a70ea108caf18a473310c6bebb43691066c95a332,5,comb,21,3,0.02984962311319861,0.29750126050153136
87d4d13a9493b3c4bd2c354a70ea108caf18a473310c6bebb43691066c95a332,5,comb,22,3,0.02984962311319861,0.29750126050153136
87d4d13a9493b3c4bd2c354a70ea108caf18a473310c6bebb43691066c95a332,5,comb,23,4,0.05929999999999991,0.3945172366323175
87d4d13a9493b3c4bd2c354a70ea108caf18a473310c6bebb43691066c95a332,5,comb,24,2,0.010000000000000009,0.19924858845171275
87d4d13a9493b3c4bd2c354a70ea108caf18a473310c6bebb43691066c95a332,5,comb,25,3,0.02984962311319861,0.29750126050153136
87d4d13a9493b3c4bd2c354a70ea108caf18a473310c6bebb43691066c95a332,5,comb,26,3,0.02984962311319861,0.29750126050153136
87d4d13a9493b3c4bd2c354a70ea108caf18a473310c6bebb43691066c95a332,5,comb,27,4,0.05929999999999991,0.3945172366323175
87d4d13a9493b3c4bd2c354a70ea108caf18a473310c6bebb43691066c95a332,5,comb,28,3,0.02984962311319861,0.29750126050153136
87d4d13a9493b3c4bd2c354a70ea108caf18a473310c6bebb43691066c95a332,5,comb,29,4,0.05929999999999991,0.3945172366323175
87d4d13a9493b3c4bd2c354a70ea108caf18a473310c6bebb43691066c95a332,5,comb,30,4,0.05929999999999991,0.3945172366323175
87d4d13a9493b3c4bd2c354a70ea108caf18a473310c6bebb43691066c95a332,5,comb,31,5,0.09800626255500189,0.49006005050401735
73a962c3fd59328c00a611de636ef5303eceb2f3922424c0e5bc180e646f1fcf,5,balanced,0,0,0.0,0.0
73a962c3fd59328c00a611de636ef5303eceb2f3922424c0e5bc180e646f1fcf,5,balanced,1,1,0.0,0.1
73a962c3fd59328c00a611de636ef5303eceb2f3922424c0e5bc180e646f1fcf,5,balanced,2,1,0.0,0.1
73a962c3fd59328c00a611de636ef5303eceb2f3922424c0e5bc180e646f1fcf,5,balanced,3,2,0.010000000000000009,0.19924858845171275
73a962c3fd59328c00a611de636ef5303eceb2f3922424c0e5bc180e646f1fcf,5,balanced,4,1,0.0,0.1
73a962c3fd59328c00a611de636ef5303eceb2f3922424c0e5bc180e646f1fcf,5,balanced,5,2,0.010000000000000009,0.19924858845171275
73a962c3fd59328c00a611de636ef5303eceb2f3922424c0e5bc180e646f1fcf,5,balanced,6,2,0.010000000000000009,0.19924858845171275
73a962c3fd59328c00a611de636ef5303eceb2f3922424c0e5bc180e646f1fcf,5,balanced,7,3,0.02984962311319861,0.29750126050153136
73a962c3fd59328c00a611de636ef5303eceb2f3922424c0e5bc180e646f1fcf,5,balanced,8,1,0.0,0.0
73a962c3fd59328c00a611de636ef5303eceb2f3922424c0e5bc180e646f1fcf,5,balanced,9,2,0.0,0.099498743710662
73a962c3fd59328c00a611de636ef5303eceb2f3922424c0e5bc180e646f1fcf,5,balanced,10,2,0.0,0.099498743710662
73a962c3fd59328c00a611de636ef5303eceb2f3922424c0e5bc180e646f1fcf,5,balanced,11,3,0.009949874371066203,0.19824984237068136
73a962c3fd59328c00a611de636ef5303eceb2f3922424c0e5bc180e646f1fcf,5,balanced,12,2,0.0,0.099498743710662
73a962c3fd59328c00a611de636ef5303eceb2f3922424c0e5bc180e646f1fcf,5,balanced,13,3,0.009949874371066203,0.19824984237068136
73a962c3fd59328c00a611de636ef5303eceb2f3922424c0e5bc180e646f1fcf,5,balanced,14,3,0.009949874371066203,0.19824984237068136
73a962c3fd59328c00a611de636ef5303eceb2f3922424c0e5bc180e646f1fcf,5,balanced,15,4,0.02969999999999995,0.2960100167224076
73a962c3fd59328c00a611de636ef5303eceb2f3922424c0e5bc180e646f1fcf,5,balanced,16,1,0.0,0.0
73a962c3fd59328c00a611de636ef5303eceb2f3922424c0e5bc180e646f1fcf,5,balanced,17,2,0.0,0.099498743710662
73a962c3fd59328c00a611de636ef5303eceb2f3922424c0e5bc180e646f1fcf,5,balanced,18,2,0.0,0.099498743710662
73a962c3fd59328c00a611de636ef5303eceb2f3922424c0e5bc180e646f1fcf,5,balanced,19,3,0.009949874371066203,0.19824984237068136
73a962c3fd59328c00a611de636ef5303eceb2f3922424c0e5bc180e646f1fcf,5,balanced,20,2,0.0,0.099498743710662
73a962c3fd59328c00a611de636ef5303eceb2f3922424c0e5bc180e646f1fcf,5,balanced,21,3,0.009949874371066203,0.19824984237068136
73a962c3fd59328c00a611de636ef5303eceb2f3922424c0e5bc180e646f1fcf,5,balanced,22,3,0.009949874371066203,0.19824984237068136
73a962c3fd59328c00a611de636ef5303eceb2f3922424c0e5bc180e646f1fcf,5,balanced,23,4,0.02969999999999995,0.2960100167224076
73a962c3fd59328c00a611de636ef5303eceb2f3922424c0e5bc180e646f1fcf,5,balanced,24,2,0.010000000000000009,0.010000000000000009
73a962c3fd59328c00a611de636ef5303eceb2f3922424c0e5bc180e646f1fcf,5,balanced,25,3,0.009949874371066203,0.09850380703302793
73a962c3fd59328c00a611de636ef5303eceb2f3922424c0e5bc180e646f1fcf,5,balanced,26,3,0.009949874371066203,0.09850380703302793
73a962c3fd59328c00a611de636ef5303eceb2f3922424c0e5bc180e646f1fcf,5,balanced,27,4,0.01970000000000005,0.19601002525381198
73a962c3fd59328c00a611de636ef5303eceb2f3922424c0e5bc180e646f1fcf,5,balanced,28,3,0.009949874371066203,0.09850380703302793
73a962c3fd59328c00a611de636ef5303eceb2f3922424c0e5bc180e646f1fcf,5,balanced,29,4,0.01970000000000005,0.19601002525381198
73a962c3fd59328c00a611de636ef5303eceb2f3922424c0e5bc180e646f1fcf,5,balanced,30,4,0.01970000000000005,0.19601002525381198
73a962c3fd59328c00a611de636ef5303eceb2f3922424c0e5bc180e646f1fcf,5,balanced,31,5,0.03910300627829011,0.29270369232382437
d01c2bac997a3cb596bfb3017a2ed7f6be667e0ed46e53f5213339cec69b6661,5,two_branch,0,0,0.0,0.0
d01c2bac997a3cb596bfb3017a2ed7f6be667e0ed46e53f5213339cec69b6661,5,two_branch,1,1,0.0,0.1
d01c2bac997a3cb596bfb3017a2ed7f6be667e0ed46e53f5213339cec69b6661,5,two_branch,2,1,0.0,0.1
d01c2bac997a3cb596bfb3017a2ed7f6be667e0ed46e53f5213339cec69b6661,5,two_branch,3,2,0.010000000000000009,0.19924858845171275
d01c2bac997a3cb596bfb3017a2ed7f6be667e0ed46e53f5213339cec69b6661,5,two_branch,4,1,0.0,0.0
d01c2bac997a3cb596bfb3017a2ed7f6be667e0ed46e53f5213339cec69b6661,5,two_branch,5,2,0.0,0.099498743710662
d01c2bac997a3cb596bfb3017a2ed7f6be667e0ed46e53f5213339cec69b6661,5,two_branch,6,2,0.0,0.099498743710662
d01c2bac997a3cb596bfb3017a2ed7f6be667e0ed46e53f5213339cec69b6661,5,two_branch,7,3,0.009949874371066203,0.19824984237068136
d01c2bac997a3cb596bfb3017a2ed7f6be667e0ed46e53f5213339cec69b6661,5,two_branch,8,1,0.0,0.0
d01c2bac997a3cb596bfb3017a2ed7f6be667e0ed46e53f5213339cec69b6661,5,two_branch,9,2,0.0,0.099498743710662
d01c2bac997a3cb596bfb3017a2ed7f6be667e0ed46e53f5213339cec69b6661,5,two_branch,10,2,0.0,0.099498743710662
d01c2bac997a3cb596bfb3017a2ed7f6be667e0ed46e53f5213339cec69b6661,5,two_branch,11,3,0.009949874371066203,0.19824984237068136
d01c2bac997a3cb596bfb3017a2ed7f6be667e0ed46e53f5213339cec69b6661,5,two_branch,12,2,0.0,0.0
d01c2bac997a3cb596bfb3017a2ed7f6be667e0ed46e53f5213339cec69b6661,5,two_branch,13,3,0.0,0.099
d01c2bac997a3cb596bfb3017a2ed7f6be667e0ed46e53f5213339cec69b6661,5,two_branch,14,3,0.0,0.099
d01c2bac997a3cb596bfb3017a2ed7f6be667e0ed46e53f5213339cec69b6661,5,two_branch,15,4,0.009899999999999909,0.19725610256719564
d01c2bac997a3cb596bfb3017a2ed7f6be667e0ed46e53f5213339cec69b6661,5,two_branch,16,1,0.0,0.0
d01c2bac997a3cb596bfb3017a2ed7f6be667e0ed46e53f5213339cec69b6661,5,two_branch,17,2,0.0,0.099498743710662
d01c2bac997a3cb596bfb3017a2ed7f6be667e0ed46e53f5213339cec69b6661,5,two_branch,18,2,0.0,0.099498743710662
d01c2bac997a3cb596bfb3017a2ed7f6be667e0ed46e53f5213339cec69b6661,5,two_branch,19,3,0.009949874371066203,0.19824984237068136
d01c2bac997a3cb596bfb3017a2ed7f6be667e0ed46e53f5213339cec69b6661,5,two_branch,20,2,0.0,0.0
d01c2bac997a3cb596bfb3017a2ed7f6be667e0ed46e53f5213339cec69b6661,5,two_branch,21,3,0.0,0.099
d01c2bac997a3cb596bfb3017a2ed7f6be667e0ed46e53f5213339cec69b6661,5,two_branch,22,3,0.0,0.099
d01c2bac997a3cb596bfb3017a2ed7f6be667e0ed46e53f5213339cec69b6661,5,two_branch,23,4,0.009899999999999909,0.19725610256719564
d01c2bac997a3cb596bfb3017a2ed7f6be667e0ed46e53f5213339cec69b6661,5,two_branch,24,2,0.0,0.0
d01c2bac997a3cb596bfb3017a2ed7f6be667e0ed46e53f5213339cec69b6661,5,two_branch,25,3,0.0,0.099
d01c2bac997a3cb596bfb3017a2ed7f6be667e0ed46e53f5213339cec69b6661,5,two_branch,26,3,0.0,0.099
d01c2bac997a3cb596bfb3017a2ed7f6be667e0ed46e53f5213339cec69b6661,5,two_branch,27,4,0.00990000000000002,0.19725610256719564
d01c2bac997a3cb596bfb3017a2ed7f6be667e0ed46e53f5213339cec69b6661,5,two_branch,28,3,0.0,0.0
d01c2bac997a3cb596bfb3017a2ed7f6be667e0ed46e53f5213339cec69b6661,5,two_branch,29,4,0.0,0.09850375627355538
d01c2bac997a3cb596bfb3017a2ed7f6be667e0ed46e53f5213339cec69b6661,5,two_branch,30,4,0.0,0.09850375627355538
d01c2bac997a3cb596bfb3017a2ed7f6be667e0ed46e53f5213339cec69b6661,5,two_branch,31,5,0.009850375627355468,0.1962673439469745
f6a6965840bb2c56b8909c5c7904f2fb283f27f07bf9c8fec527718f6b661fd2,6,comb,0,0,0.0,0.0
f6a6965840bb2c56b8909c5c7904f2fb283f27f07bf9c8fec527718f6b661fd2,6,comb,1,1,0.0,0.1
f6a6965840bb2c56b8909c5c7904f2fb283f27f07bf9c8fec527718f6b661fd2,6,comb,2,1,0.0,0.1
f6a6965840bb2c56b8909c5c7904f2fb283f27f07bf9c8fec527718f6b661fd2,6,comb,3,2,0.010000000000000009,0.19924858845171275
f6a6965840bb2c56b8909c5c7904f2fb283f27f07bf9c8fec527718f6b661fd2,6,comb,4,1,0.0,0.1
f6a6965840bb2c56b8909c5c7904f2fb283f27f07bf9c8fec527718f6b661fd2,6,comb,5,2,0.010000000000000009,0.19924858845171275
f6a6965840bb2c56b8909c5c7904f2fb283f27f07bf9c8fec527718f6b661fd2,6,comb,6,2,0.010000000000000009,0.19924858845171275
f6a6965840bb2c56b8909c5c7904f2fb283f27f07bf9c8fec527718f6b661fd2,6,comb,7,3,0.02984962311319861,0.29750126050153136
f6a6965840bb2c56b8909c5c7904f2fb283f27f07bf9c8fec527718f6b661fd2,6,comb,8,1,0.0,0.1
f6a6965840bb2c56b8909c5c7904f2fb283f27f07bf9c8fec527718f6b661fd2,6,comb,9,2,0.010000000000000009,0.19924858845171275
f6a6965840bb2c56b8909c5c7904f2fb283f27f07bf9c8fec527718f6b661fd2,6,comb,10,2,0.010000000000000009,0.19924858845171275
f6a6965840bb2c56b8909c5c7904f2fb283f27f07bf9c8fec527718f6b661fd2,6,comb,11,3,0.02984962311319861,0.29750126050153136
f6a6965840bb2c56b8909c5c7904f2fb283f27f07bf9c8fec527718f6b661fd2,6,comb,12,2,0.010000000000000009,0.19924858845171275
f6a6965840bb2c56b8909c5c7904f2fb283f27f07bf9c8fec527718f6b661fd2,6,comb,13,3,0.02984962311319861,0.29750126050153136
f6a6965840bb2c56b8909c5c7904f2fb283f27f07bf9c8fec527718f6b661fd2,6,comb,14,3,0.02984962311319861,0.29750126050153136
f6a6965840bb2c56b8909c5c7904f2fb283f27f07bf9c8fec527718f6b661fd2,6,comb,15,4,0.05929999999999991,0.3945172366323175
f6a6965840bb2c56b8909c5c7904f2fb283f27f07bf9c8fec527718f6b661fd2,6,comb,16,1,0.0,0.1
f6a6965840bb2c56b8909c5c7904f2fb283f27f07bf9c8fec527718f6b661fd2,6,comb,17,2,0.010000000000000009,0.19924858845171275
f6a6965840bb2c56b8909c5c7904f2fb283f27f07bf9c8fec527718f6b661fd2,6,comb,18,2,0.010000000000000009,0.19924858845171275
f6a6965840bb2c56b8909c5c7904f2fb283f27f07bf9c8fec527718f6b661fd2,6,comb,19,3,0.02984962311319861,0.29750126050153136
f6a6965840bb2c56b8909c5c7904f2fb283f27f07bf9c8fec527718f6b661fd2,6,comb,20,2,0.010000000000000009,0.19924858845171275
f6a6965840bb2c56b8909c5c7904f2fb283f27f07bf9c8fec527718f6b661fd2,6,comb,21,3,0.02984962311319861,0.29750126050153136
f6a6965840bb2c56b8909c5c7904f2fb283f27f07bf9c8fec527718f6b661fd2,6,comb,22,3,0.02984962311319861,0.29750126050153136
f6a6965840bb2c56b8909c5c7904f2fb283f27f07bf9c8fec527718f6b661fd2,6,comb,23,4,0.05929999999999991,0.3945172366323175
f6a6965840bb2c56b8909c5c7904f2fb283f27f07bf9c8fec527718f6b661fd2,6,comb,24,2,0.010000000000000009,0.19924858845171275
f6a6965840bb2c56b8909c5c7904f2fb283f27f07bf9c8fec527718f6b661fd2,6,comb,25,3,0.02984962311319861,0.29750126050153136
f6a6965840bb2c56b8909c5c7904f2fb283f27f07bf9c8fec527718f6b661fd2,6,comb,26,3,0.02984962311319861,0.29750126050153136
f6a6965840bb2c56b8909c5c7904f2fb283f27f07bf9c8fec527718f6b661fd2,6,comb,27,4,0.05929999999999991,0.3945172366323175
f6a6965840bb2c56b8909c5c7904f2fb283f27f07bf9c8fec527718f6b661fd2,6,comb,28,3,0.02984962311319861,0.29750126050153136
f6a6965840bb2c56b8909c5c7904f2fb283f27f07bf9c8fec527718f6b661fd2,6,comb,29,4,0.05929999999999991,0.3945172366323175
f6a6965840bb2c56b8909c5c7904f2fb283f27f07bf9c8fec527718f6b661fd2,6,comb,30,4,0.05929999999999991,0.3945172366323175
f6a6965840bb2c56b8909c5c7904f2fb283f27f07bf9c8fec527718f6b661fd2,6,comb,31,5,0.09800626255500189,0.49006005050401735
f6a6965840bb2c56b8909c5c7904f2fb283f27f07bf9c8fec527718f6b661fd2,6,comb,32,1,0.0,0.1
f6a6965840bb2c56b8909c5c7904f2fb283f27f07bf9c8fec527718f6b661fd2,6,comb,33,2,0.010000000000000009,0.19924858845171275
f6a6965840bb2c56b8909c5c7904f2fb283f27f07bf9c8fec527718f6b661fd2,6,comb,34,2,0.010000000000000009,0.19924858845171275
f6a6965840bb2c56b8909c5c7904f2fb283f27f07bf9c8fec527718f6b661fd2,6,comb,35,3,0.02984962311319861,0.29750126050153136
f6a6965840bb2c56b8909c5c7904f2fb283f27f07bf9c8fec527718f6b661fd2,6,comb,36,2,0.010000000000000009,0.19924858845171275
f6a6965840bb2c56b8909c5c7904f2fb283f27f07bf9c8fec527718f6b661fd2,6,comb,37,3,0.02984962311319861,0.29750126050153136
f6a6965840bb2c56b8909c5c7904f2fb283f27f07bf9c8fec527718f6b661fd2,6,comb,38,3,0.02984962311319861,0.29750126050153136
f6a6965840bb2c56b8909c5c7904f2fb283f27f07bf9c8fec527718f6b661fd2,6,comb,39,4,0.05929999999999991,0.3945172366323175
f6a6965840bb2c56b8909c5c7904f2fb283f27f07bf9c8fec527718f6b661fd2,6,comb,40,2,0.010000000000000009,0.19924858845171275
f6a6965840bb2c56b8909c5c7904f2fb283f27f07bf9c8fec527718f6b661fd2,6,comb,41,3,0.02984962311319861,0.29750126050153136
f6a6965840bb2c56b8909c5c7904f2fb283f27f07bf9c8fec527718f6b661fd2,6,comb,42,3,0.02984962311319861,0.29750126050153136
f6a6965840bb2c56b8909c5c7904f2fb283f27f07bf9c8fec527718f6b661fd2,6,comb,43,4,0.05929999999999991,0.3945172366323175
f6a6965840bb2c56b8909c5c7904f2fb283f27f07bf9c8fec527718f6b661fd2,6,comb,44,3,0.02984962311319861,0.29750126050153136
f6a6965840bb2c56b8909c5c7904f2fb283f27f07bf9c8fec527718f6b661fd2,6,comb,45,4,0.05929999999999991,0.3945172366323175
f6a6965840bb2c56b8909c5c7904f2fb283f27f07bf9c8fec527718f6b661fd2,6,comb,46,4,0.05929999999999991,0.3945172366323175
f6a6965840bb2c56b8909c5c7904f2fb283f27f07bf9c8fec527718f6b661fd2,6,comb,47,5,0.09800626255500189,0.49006005050401735
f6a6965840bb2c56b8909c5c7904f2fb283f27f07bf9c8fec527718f6b661fd2,6,comb,48,2,0.010000000000000009,0.19924858845171275
f6a6965840bb2c56b8909c5c7904f2fb283f27f07bf9c8fec527718f6b661fd2,6,comb,49,3,0.02984962311319861,0.29750126050153136
f6a6965840bb2c56b8909c5c7904f2fb283f27f07bf9c8fec527718f6b661fd2,6,comb,50,3,0.02984962311319861,0.29750126050153136
f6a6965840bb2c56b8909c5c7904f2fb283f27f07bf9c8fec527718f6b661fd2,6,comb,51,4,0.05929999999999991,0.3945172366323175
f6a6965840bb2c56b8909c5c7904f2fb283f27f07bf9c8fec527718f6b661fd2,6,comb,52,3,0.02984962311319861,0.29750126050153136
f6a6965840bb2c56b8909c5c7904f2fb283f27f07bf9c8fec527718f6b661fd2,6,comb,53,4,0.05929999999999991,0.3945172366323175
f6a6965840bb2c56b8909c5c7904f2fb283f27f07bf9c8fec527718f6b661fd2,6,comb,54,4,0.05929999999999991,0.3945172366323175
f6a6965840bb2c56b8909c5c7904f2fb283f27f07bf9c8fec527718f6b661fd2,6,comb,55,5,0.09800626255500189,0.49006005050401735
f6a6965840bb2c56b8909c5c7904f2fb283f27f07bf9c8fec527718f6b661fd2,6,comb,56,3,0.02984962311319861,0.29750126050153136
f6a6965840bb2c56b8909c5c7904f2fb283f27f07bf9c8fec527718f6b661fd2,6,comb,57,4,0.05929999999999991,0.3945172366323175
f6a6965840bb2c56b8909c5c7904f2fb283f27f07bf9c8fec527718f6b661fd2,6,comb,58,4,0.05929999999999991,0.3945172366323175
f6a6965840bb2c56b8909c5c7904f2fb283f27f07bf9c8fec527718f6b661fd2,6,comb,59,5,0.09800626255500189,0.49006005050401735
f6a6965840bb2c56b8909c5c7904f2fb283f27f07bf9c8fec527718f6b661fd2,6,comb,60,4,0.05929999999999991,0.3945172366323175
f6a6965840bb2c56b8909c5c7904f2fb283f27f07bf9c8fec527718f6b661fd2,6,comb,61,5,0.09800626255500189,0.49006005050401735
f6a6965840bb2c56b8909c5c7904f2fb283f27f07bf9c8fec527718f6b661fd2,6,comb,62,5,0.09800626255500189,0.49006005050401735
f6a6965840bb2c56b8909c5c7904f2fb283f27f07bf9c8fec527718f6b661fd2,6,comb,63,6,0.14553099999999985,0.5838981230805593
cbbdb5f1f5dee2b1c8dae3d22a8b7f36a4a67fd046f00887dfbf359c2e232ef4,6,balanced,0,0,0.0,0.0
cbbdb5f1f5dee2b1c8dae3d22a8b7f36a4a67fd046f00887dfbf359c2e232ef4,6,balanced,1,1,0.0,0.1
cbbdb5f1f5dee2b1c8dae3d22a8b7f36a4a67fd046f00887dfbf359c2e232ef4,6,balanced,2,1,0.0,0.1
cbbdb5f1f5dee2b1c8dae3d22a8b7f36a4a67fd046f00887dfbf359c2e232ef4,6,balanced,3,2,0.010000000000000009,0.19924858845171275
cbbdb5f1f5dee2b1c8dae3d22a8b7f36a4a67fd046f00887dfbf359c2e232ef4,6,balanced,4,1,0.0,0.1
cbbdb5f1f5dee2b1c8dae3d22a8b7f36a4a67fd046f00887dfbf359c2e232ef4,6,balanced,5,2,0.010000000000000009,0.19924858845171275
cbbdb5f1f5dee2b1c8dae3d22a8b7f36a4a67fd046f00887dfbf359c2e232ef4,6,balanced,6,2,0.010000000000000009,0.19924858845171275
cbbdb5f1f5dee2b1c8dae3d22a8b7f36a4a67fd046f00887dfbf359c2e232ef4,6,balanced,7,3,0.02984962311319861,0.29750126050153136
cbbdb5f1f5dee2b1c8dae3d22a8b7f36a4a67fd046f00887dfbf359c2e232ef4,6,balanced,8,1,0.0,0.0
cbbdb5f1f5dee2b1c8dae3d22a8b7f36a4a67fd046f00887dfbf359c2e232ef4,6,balanced,9,2,0.0,0.099498743710662
cbbdb5f1f5dee2b1c8dae3d22a8b7f36a4a67fd046f00887dfbf359c2e232ef4,6,balanced,10,2,0.0,0.099498743710662
cbbdb5f1f5dee2b1c8dae3d22a8b7f36a4a67fd046f00887dfbf359c2e232ef4,6,balanced,11,3,0.009949874371066203,0.19824984237068136
cbbdb5f1f5dee2b1c8dae3d22a8b7f36a4a67fd046f00887dfbf359c2e232ef4,6,balanced,12,2,0.0,0.099498743710662
cbbdb5f1f5dee2b1c8dae3d22a8b7f36a4a67fd046f00887dfbf359c2e232ef4,6,balanced,13,3,0.009949874371066203,0.19824984237068136
cbbdb5f1f5dee2b1c8dae3d22a8b7f36a4a67fd046f00887dfbf359c2e232ef4,6,balanced,14,3,0.009949874371066203,0.19824984237068136
cbbdb5f1f5dee2b1c8dae3d22a8b7f36a4a67fd046f00887dfbf359c2e232ef4,6,balanced,15,4,0.02969999999999995,0.2960100167224076
cbbdb5f1f5dee2b1c8dae3d22a8b7f36a4a67fd046f00887dfbf359c2e232ef4,6,balanced,16,1,0.0,0.0
cbbdb5f1f5dee2b1c8dae3d22a8b7f36a4a67fd046f00887dfbf359c2e232ef4,6,balanced,17,2,0.0,0.099498743710662
cbbdb5f1f5dee2b1c8dae3d22a8b7f36a4a67fd046f00887dfbf359c2e232ef4,6,balanced,18,2,0.0,0.099498743710662
cbbdb5f1f5dee2b1c8dae3d22a8b7f36a4a67fd046f00887dfbf359c2e232ef4,6,balanced,19,3,0.009949874371066203,0.19824984237068136
cbbdb5f1f5dee2b1c8dae3d22a8b7f36a4a67fd046f00887dfbf359c2e232ef4,6,balanced,20,2,0.0,0.099498743710662
cbbdb5f1f5dee2b1c8dae3d22a8b7f36a4a67fd046f00887dfbf359c2e232ef4,6,balanced,21,3,0.009949874371066203,0.19824984237068136
cbbdb5f1f5dee2b1c8dae3d22a8b7f36a4a67fd046f00887dfbf359c2e232ef4,6,balanced,22,3,0.009949874371066203,0.19824984237068136
cbbdb5f1f5dee2b1c8dae3d22a8b7f36a4a67fd046f00887dfbf359c2e232ef4,6,balanced,23,4,0.02969999999999995,0.2960100167224076
cbbdb5f1f5dee2b1c8dae3d22a8b7f36a4a67fd046f00887dfbf359c2e232ef4,6,balanced,24,2,0.0,0.0
cbbdb5f1f5dee2b1c8dae3d22a8b7f36a4a67fd046f00887dfbf359c2e232ef4,6,balanced,25,3,0.0,0.099
cbbdb5f1f5dee2b1c8dae3d22a8b7f36a4a67fd046f00887dfbf359c2e232ef4,6,balanced,26,3,0.0,0.099
cbbdb5f1f5dee2b1c8dae3d22a8b7f36a4a67fd046f00887dfbf359c2e232ef4,6,balanced,27,4,0.009899999999999909,0.19725610256719564
cbbdb5f1f5dee2b1c8dae3d22a8b7f36a4a67fd046f00887dfbf359c2e232ef4,6,balanced,28,3,0.0,0.099
cbbdb5f1f5dee2b1c8dae3d22a8b7f36a4a67fd046f00887dfbf359c2e232ef4,6,balanced,29,4,0.009899999999999909,0.19725610256719564
cbbdb5f1f5dee2b1c8dae3d22a8b7f36a4a67fd046f00887dfbf359c2e232ef4,6,balanced,30,4,0.009899999999999909,0.19725610256719564
cbbdb5f1f5dee2b1c8dae3d22a8b7f36a4a67fd046f00887dfbf359c2e232ef4,6,balanced,31,5,0.029551126882066514,0.29452624789651605
cbbdb5f1f5dee2b1c8dae3d22a8b7f36a4a67fd046f00887dfbf359c2e232ef4,6,balanced,32,1,0.0,0.0
cbbdb5f1f5dee2b1c8dae3d22a8b7f36a4a67fd046f00887dfbf359c2e232ef4,6,balanced,33,2,0.0,0.099498743710662
cbbdb5f1f5dee2b1c8dae3d22a8b7f36a4a67fd046f00887dfbf359c2e232ef4,6,balanced,34,2,0.0,0.099498743710662
cbbdb5f1f5dee2b1c8dae3d22a8b7f36a4a67fd046f00887dfbf359c2e232ef4,6,balanced,35,3,0.009949874371066203,0.19824984237068136
cbbdb5f1f5dee2b1c8dae3d22a8b7f36a4a67fd046f00887dfbf359c2e232ef4,6,balanced,36,2,0.0,0.099498743710662
cbbdb5f1f5dee2b1c8dae3d22a8b7f36a4a67fd046f00887dfbf359c2e232ef4,6,balanced,37,3,0.009949874371066203,0.19824984237068136
cbbdb5f1f5dee2b1c8dae3d22a8b7f36a4a67fd046f00887dfbf359c2e232ef4,6,balanced,38,3,0.009949874371066203,0.19824984237068136
cbbdb5f1f5dee2b1c8dae3d22a8b7f36a4a67fd046f00887dfbf359c2e232ef4,6,balanced,39,4,0.02969999999999995,0.2960100167224076
cbbdb5f1f5dee2b1c8dae3d22a8b7f36a4a67fd046f00887dfbf359c2e232ef4,6,balanced,40,2,0.0,0.0
cbbdb5f1f5dee2b1c8dae3d22a8b7f36a4a67fd046f00887dfbf359c2e232ef4,6,balanced,41,3,0.0,0.099
cbbdb5f1f5dee2b1c8dae3d22a8b7f36a4a67fd046f00887dfbf359c2e232ef4,6,balanced,42,3,0.0,0.099
cbbdb5f1f5dee2b1c8dae3d22a8b7f36a4a67fd046f00887dfbf359c2e232ef4,6,balanced,43,4,0.009899999999999909,0.19725610256719564
cbbdb5f1f5dee2b1c8dae3d22a8b7f36a4a67fd046f00887dfbf359c2e232ef4,6,balanced,44,3,0.0,0.099
cbbdb5f1f5dee2b1c8dae3d22a8b7f36a4a67fd046f00887dfbf359c2e232ef4,6,balanced,45,4,0.009899999999999909,0.19725610256719564
cbbdb5f1f5dee2b1c8dae3d22a8b7f36a4a67fd046f00887dfbf359c2e232ef4,6,balanced,46,4,0.009899999999999909,0.19725610256719564
cbbdb5f1f5dee2b1c8dae3d22a8b7f36a4a67fd046f00887dfbf359c2e232ef4,6,balanced,47,5,0.029551126882066514,0.29452624789651605
cbbdb5f1f5dee2b1c8dae3d22a8b7f36a4a67fd046f00887dfbf359c2e232ef4,6,balanced,48,2,0.010000000000000009,0.010000000000000009
cbbdb5f1f5dee2b1c8dae3d22a8b7f36a4a67fd046f00887dfbf359c2e232ef4,6,balanced,49,3,0.009949874371066203,0.09850380703302793
cbbdb5f1f5dee2b1c8dae3d22a8b7f36a4a67fd046f00887dfbf359c2e232ef4,6,balanced,50,3,0.009949874371066203,0.09850380703302793
cbbdb5f1f5dee2b1c8dae3d22a8b7f36a4a67fd046f00887dfbf359c2e232ef4,6,balanced,51,4,0.01970000000000005,0.19601002525381198
cbbdb5f1f5dee2b1c8dae3d22a8b7f36a4a67fd046f00887dfbf359c2e232ef4,6,balanced,52,3,0.009949874371066203,0.09850380703302793
cbbdb5f1f5dee2b1c8dae3d22a8b7f36a4a67fd046f00887dfbf359c2e232ef4,6,balanced,53,4,0.01970000000000005,0.19601002525381198
cbbdb5f1f5dee2b1c8dae3d22a8b7f36a4a67fd046f00887dfbf359c2e232ef4,6,balanced,54,4,0.01970000000000005,0.19601002525381198
cbbdb5f1f5dee2b1c8dae3d22a8b7f36a4a67fd046f00887dfbf359c2e232ef4,6,balanced,55,5,0.03910300627829011,0.29270369232382437
cbbdb5f1f5dee2b1c8dae3d22a8b7f36a4a67fd046f00887dfbf359c2e232ef4,6,balanced,56,3,0.009949874371066203,0.009949874371066203
cbbdb5f1f5dee2b1c8dae3d22a8b7f36a4a67fd046f00887dfbf359c2e232ef4,6,balanced,57,4,0.00990000000000002,0.09801005050503751
cbbdb5f1f5dee2b1c8dae3d22a8b7f36a4a67fd046f00887dfbf359c2e232ef4,6,balanced,58,4,0.00990000000000002,0.09801005050503751
cbbdb5f1f5dee2b1c8dae3d22a8b7f36a4a67fd046f00887dfbf359c2e232ef4,6,balanced,59,5,0.019601252511000422,0.19502751267449422
cbbdb5f1f5dee2b1c8dae3d22a8b7f36a4a67fd046f00887dfbf359c2e232ef4,6,balanced,60,4,0.00990000000000002,0.09801005050503751
cbbdb5f1f5dee2b1c8dae3d22a8b7f36a4a67fd046f00887dfbf359c2e232ef4,6,balanced,61,5,0.019601252511000422,0.19502751267449422
cbbdb5f1f5dee2b1c8dae3d22a8b7f36a4a67fd046f00887dfbf359c2e232ef4,6,balanced,62,5,0.019601252511000422,0.19502751267449422
cbbdb5f1f5dee2b1c8dae3d22a8b7f36a4a67fd046f00887dfbf359c2e232ef4,6,balanced,63,6,0.038906999999999914,0.2912364966569266
bc16e670610c02f923048cdb4f36e6d6e347f0acd73ea07b29f99ec6501639da,6,two_branch,0,0,0.0,0.0
bc16e670610c02f923048cdb4f36e6d6e347f0acd73ea07b29f99ec6501639da,6,two_branch,1,1,0.0,0.1
bc16e670610c02f923048cdb4f36e6d6e347f0acd73ea07b29f99ec6501639da,6,two_branch,2,1,0.0,0.1
bc16e670610c02f923048cdb4f36e6d6e347f0acd73ea07b29f99ec6501639da,6,two_branch,3,2,0.010000000000000009,0.19924858845171275
bc16e670610c02f923048cdb4f36e6d6e347f0acd73ea07b29f99ec6501639da,6,two_branch,4,1,0.0,0.0
bc16e670610c02f923048cdb4f36e6d6e347f0acd73ea07b29f99ec6501639da,6,two_branch,5,2,0.0,0.099498743710662
bc16e670610c02f923048cdb4f36e6d6e347f0acd73ea07b29f99ec6501639da,6,two_branch,6,2,0.0,0.099498743710662
bc16e670610c02f923048cdb4f36e6d6e347f0acd73ea07b29f99ec6501639da,6,two_branch,7,3,0.009949874371066203,0.19824984237068136
bc16e670610c02f923048cdb4f36e6d6e347f0acd73ea07b29f99ec6501639da,6,two_branch,8,1,0.0,0.0
bc16e670610c02f923048cdb4f36e6d6e347f0acd73ea07b29f99ec6501639da,6,two_branch,9,2,0.0,0.099498743710662
bc16e670610c02f923048cdb4f36e6d6e347f0acd73ea07b29f99ec6501639da,6,two_branch,10,2,0.0,0.099498743710662
bc16e670610c02f923048cdb4f36e6d6e347f0acd73ea07b29f99ec6501639da,6,two_branch,11,3,0.009949874371066203,0.19824984237068136
bc16e670610c02f923048cdb4f36e6d6e347f0acd73ea07b29f99ec6501639da,6,two_branch,12,2,0.0,0.0
bc16e670610c02f923048cdb4f36e6d6e347f0acd73ea07b29f99ec6501639da,6,two_branch,13,3,0.0,0.099
bc16e670610c02f923048cdb4f36e6d6e347f0acd73ea07b29f99ec6501639da,6,two_branch,14,3,0.0,0.099
bc16e670610c02f923048cdb4f36e6d6e347f0acd73ea07b29f99ec6501639da,6,two_branch,15,4,0.009899999999999909,0.19725610256719564
bc16e670610c02f923048cdb4f36e6d6e347f0acd73ea07b29f99ec6501639da,6,two_branch,16,1,0.0,0.0
bc16e670610c02f923048cdb4f36e6d6e347f0acd73ea07b29f99ec6501639da,6,two_branch,17,2,0.0,0.099498743710662
bc16e670610c02f923048cdb4f36e6d6e347f0acd73ea07b29f99ec6501639da,6,two_branch,18,2,0.0,0.099498743710662
bc16e670610c02f923048cdb4f36e6d6e347f0acd73ea07b29f99ec6501639da,6,two_branch,19,3,0.009949874371066203,0.19824984237068136
bc16e670610c02f923048cdb4f36e6d6e347f0acd73ea07b29f99ec6501639da,6,two_branch,20,2,0.0,0.0
bc16e670610c02f923048cdb4f36e6d6e347f0acd73ea07b29f99ec6501639da,6,two_branch,21,3,0.0,0.099
bc16e670610c02f923048cdb4f36e6d6e347f0acd73ea07b29f99ec6501639da,6,two_branch,22,3,0.0,0.099
bc16e670610c02f923048cdb4f36e6d6e347f0acd73ea07b29f99ec6501639da,6,two_branch,23,4,0.009899999999999909,0.19725610256719564
bc16e670610c02f923048cdb4f36e6d6e347f0acd73ea07b29f99ec6501639da,6,two_branch,24,2,0.010000000000000009,0.010000000000000009
bc16e670610c02f923048cdb4f36e6d6e347f0acd73ea07b29f99ec6501639da,6,two_branch,25,3,0.009949874371066203,0.09850380703302793
bc16e670610c02f923048cdb4f36e6d6e347f0acd73ea07b29f99ec6501639da,6,two_branch,26,3,0.009949874371066203,0.09850380703302793
bc16e670610c02f923048cdb4f36e6d6e347f0acd73ea07b29f99ec6501639da,6,two_branch,27,4,0.01970000000000005,0.19601002525381198
bc16e670610c02f923048cdb4f36e6d6e347f0acd73ea07b29f99ec6501639da,6,two_branch,28,3,0.009949874371066203,0.009949874371066203
bc16e670610c02f923048cdb4f36e6d6e347f0acd73ea07b29f99ec6501639da,6,two_branch,29,4,0.00990000000000002,0.09801005050503751
bc16e670610c02f923048cdb4f36e6d6e347f0acd73ea07b29f99ec6501639da,6,two_branch,30,4,0.00990000000000002,0.09801005050503751
bc16e670610c02f923048cdb4f36e6d6e347f0acd73ea07b29f99ec6501639da,6,two_branch,31,5,0.019601252511000422,0.19502751267449422
bc16e670610c02f923048cdb4f36e6d6e347f0acd73ea07b29f99ec6501639da,6,two_branch,32,1,0.0,0.0
bc16e670610c02f923048cdb4f36e6d6e347f0acd73ea07b29f99ec6501639da,6,two_branch,33,2,0.0,0.099498743710662
bc16e670610c02f923048cdb4f36e6d6e347f0acd73ea07b29f99ec6501639da,6,two_branch,34,2,0.0,0.099498743710662
bc16e670610c02f923048cdb4f36e6d6e347f0acd73ea07b29f99ec6501639da,6,two_branch,35,3,0.009949874371066203,0.19824984237068136
bc16e670610c02f923048cdb4f36e6d6e347f0acd73ea07b29f99ec6501639da,6,two_branch,36,2,0.0,0.0
bc16e670610c02f923048cdb4f36e6d6e347f0acd73ea07b29f99ec6501639da,6,two_branch,37,3,0.0,0.099
bc16e670610c02f923048cdb4f36e6d6e347f0acd73ea07b29f99ec6501639da,6,two_branch,38,3,0.0,0.099
bc16e670610c02f923048cdb4f36e6d6e347f0acd73ea07b29f99ec6501639da,6,two_branch,39,4,0.009899999999999909,0.19725610256719564
bc16e670610c02f923048cdb4f36e6d6e347f0acd73ea07b29f99ec6501639da,6,two_branch,40,2,0.0,0.0
bc16e670610c02f923048cdb4f36e6d6e347f0acd73ea07b29f99ec6501639da,6,two_branch,41,3,0.0,0.099
bc16e670610c02f923048cdb4f36e6d6e347f0acd73ea07b29f99ec6501639da,6,two_branch,42,3,0.0,0.099
bc16e670610c02f923048cdb4f36e6d6e347f0acd73ea07b29f99ec6501639da,6,two_branch,43,4,0.00990000000000002,0.19725610256719564
bc16e670610c02f923048cdb4f36e6d6e347f0acd73ea07b29f99ec6501639da,6,two_branch,44,3,0.0,0.0
bc16e670610c02f923048cdb4f36e6d6e347f0acd73ea07b29f99ec6501639da,6,two_branch,45,4,0.0,0.09850375627355538
bc16e670610c02f923048cdb4f36e6d6e347f0acd73ea07b29f99ec6501639da,6,two_branch,46,4,0.0,0.09850375627355538
bc16e670610c02f923048cdb4f36e6d6e347f0acd73ea07b29f99ec6501639da,6,two_branch,47,5,0.009850375627355468,0.1962673439469745
bc16e670610c02f923048cdb4f36e6d6e347f0acd73ea07b29f99ec6501639da,6,two_branch,48,2,0.0,0.0
bc16e670610c02f923048cdb4f36e6d6e347f0acd73ea07b29f99ec6501639da,6,two_branch,49,3,0.0,0.099
bc16e670610c02f923048cdb4f36e6d6e347f0acd73ea07b29f99ec6501639da,6,two_branch,50,3,0.0,0.099
bc16e670610c02f923048cdb4f36e6d6e347f0acd73ea07b29f99ec6501639da,6,two_branch,51,4,0.00990000000000002,0.19725610256719564
bc16e670610c02f923048cdb4f36e6d6e347f0acd73ea07b29f99ec6501639da,6,two_branch,52,3,0.0,0.0
bc16e670610c02f923048cdb4f36e6d6e347f0acd73ea07b29f99ec6501639da,6,two_branch,53,4,0.0,0.09850375627355538
bc16e670610c02f923048cdb4f36e6d6e347f0acd73ea07b29f99ec6501639da,6,two_branch,54,4,0.0,0.09850375627355538
bc16e670610c02f923048cdb4f36e6d6e347f0acd73ea07b29f99ec6501639da,6,two_branch,55,5,0.009850375627355468,0.1962673439469745
bc16e670610c02f923048cdb4f36e6d6e347f0acd73ea07b29f99ec6501639da,6,two_branch,56,3,0.009949874371066203,0.009949874371066203
bc16e670610c02f923048cdb4f36e6d6e347f0acd73ea07b29f99ec6501639da,6,two_branch,57,4,0.009899999999999909,0.0980100505050375
bc16e670610c02f923048cdb4f36e6d6e347f0acd73ea07b29f99ec6501639da,6,two_branch,58,4,0.009899999999999909,0.0980100505050375
bc16e670610c02f923048cdb4f36e6d6e347f0acd73ea07b29f99ec6501639da,6,two_branch,59,5,0.019601252511000422,0.19502751267449422
bc16e670610c02f923048cdb4f36e6d6e347f0acd73ea07b29f99ec6501639da,6,two_branch,60,4,0.009899999999999909,0.009899999999999909
bc16e670610c02f923048cdb4f36e6d6e347f0acd73ea07b29f99ec6501639da,6,two_branch,61,5,0.009850375627355468,0.09751876896269764
bc16e670610c02f923048cdb4f36e6d6e347f0acd73ea07b29f99ec6501639da,6,two_branch,62,5,0.009850375627355468,0.09751876896269764
bc16e670610c02f923048cdb4f36e6d6e347f0acd73ea07b29f99ec6501639da,6,two_branch,63,6,0.019503000000000048,0.19404992500127385
450341b92fc9ae28541c07ed1a198239a4d8b01f1b2720960d86e07709df377b,7,comb,0,0,0.0,0.0
450341b92fc9ae28541c07ed1a198239a4d8b01f1b2720960d86e07709df377b,7,comb,1,1,0.0,0.1
450341b92fc9ae28541c07ed1a198239a4d8b01f1b2720960d86e07709df377b,7,comb,2,1,0.0,0.1
450341b92fc9ae28541c07ed1a198239a4d8b01f1b2720960d86e07709df377b,7,comb,3,2,0.010000000000000009,0.19924858845171275
450341b92fc9ae28541c07ed1a198239a4d8b01f1b2720960d86e07709df377b,7,comb,4,1,0.0,0.1
450341b92fc9ae28541c07ed1a198239a4d8b01f1b2720960d86e07709df377b,7,comb,5,2,0.010000000000000009,0.19924858845171275
450341b92fc9ae28541c07ed1a198239a4d8b01f1b2720960d86e07709df377b,7,comb,6,2,0.010000000000000009,0.19924858845171275
450341b92fc9ae28541c07ed1a198239a4d8b01f1b2720960d86e07709df377b,7,comb,7,3,0.02984962311319861,0.29750126050153136
450341b92fc9ae28541c07ed1a198239a4d8b01f1b2720960d86e07709df377b,7,comb,8,1,0.0,0.1
450341b92fc9ae28541c07ed1a198239a4d8b01f1b2720960d86e07709df377b,7,comb,9,2,0.010000000000000009,0.19924858845171275
450341b92fc9ae28541c07ed1a198239a4d8b01f1b2720960d86e07709df377b,7,comb,10,2,0.010000000000000009,0.19924858845171275
450341b92fc9ae28541c07ed1a198239a4d8b01f1b2720960d86e07709df377b,7,comb,11,3,0.02984962311319861,0.29750126050153136
450341b92fc9ae28541c07ed1a198239a4d8b01f1b2720960d86e07709df377b,7,comb,12,2,0.010000000000000009,0.19924858845171275
450341b92fc9ae28541c07ed1a198239a4d8b01f1b2720960d86e07709df377b,7,comb,13,3,0.02984962311319861,0.29750126050153136
450341b92fc9ae28541c07ed1a198239a4d8b01f1b2720960d86e07709df377b,7,comb,14,3,0.02984962311319861,0.29750126050153136
450341b92fc9ae28541c07ed1a198239a4d8b01f1b2720960d86e07709df377b,7,comb,15,4,0.05929999999999991,0.3945172366323175
450341b92fc9ae28541c07ed1a198239a4d8b01f1b2720960d86e07709df377b,7,comb,16,1,0.0,0.1
450341b92fc9ae28541c07ed1a198239a4d8b01f1b2720960d86e07709df377b,7,comb,17,2,0.010000000000000009,0.19924858845171275
450341b92fc9ae28541c07ed1a198239a4d8b01f1b2720960d86e07709df377b,7,comb,18,2,0.010000000000000009,0.19924858845171275
450341b92fc9ae28541c07ed1a198239a4d8b01f1b2720960d86e07709df377b,7,comb,19,3,0.02984962311319861,0.29750126050153136
450341b92fc9ae28541c07ed1a198239a4d8b01f1b2720960d86e07709df377b,7,comb,20,2,0.010000000000000009,0.19924858845171275
450341b92fc9ae28541c07ed1a198239a4d8b01f1b2720960d86e07709df377b,7,comb,21,3,0.02984962311319861,0.29750126050153136
450341b92fc9ae28541c07ed1a198239a4d8b01f1b2720960d86e07709df377b,7,comb,22,3,0.02984962311319861,0.29750126050153136
450341b92fc9ae28541c07ed1a198239a4d8b01f1b2720960d86e07709df377b,7,comb,23,4,0.05929999999999991,0.3945172366323175
450341b92fc9ae28541c07ed1a198239a4d8b01f1b2720960d86e07709df377b,7,comb,24,2,0.010000000000000009,0.19924858845171275
450341b92fc9ae28541c07ed1a198239a4d8b01f1b2720960d86e07709df377b,7,comb,25,3,0.02984962311319861,0.29750126050153136
450341b92fc9ae28541c07ed1a198239a4d8b01f1b2720960d86e07709df377b,7,comb,26,3,0.02984962311319861,0.29750126050153136
450341b92fc9ae28541c07ed1a198239a4d8b01f1b2720960d86e07709df377b,7,comb,27,4,0.05929999999999991,0.3945172366323175
450341b92fc9ae28541c07ed1a198239a4d8b01f1b2720960d86e07709df377b,7,comb,28,3,0.02984962311319861,0.29750126050153136
450341b92fc9ae28541c07ed1a198239a4d8b01f1b2720960d86e07709df377b,7,comb,29,4,0.05929999999999991,0.3945172366323175
450341b92fc9ae28541c07ed1a198239a4d8b01f1b2720960d86e07709df377b,7,comb,30,4,0.05929999999999991,0.3945172366323175
450341b92fc9ae28541c07ed1a198239a4d8b01f1b2720960d86e07709df377b,7,comb,31,5,0.09800626255500189,0.49006005050401735
450341b92fc9ae28541c07ed1a198239a4d8b01f1b2720960d86e07709df377b,7,comb,32,1,0.0,0.1
450341b92fc9ae28541c07ed1a198239a4d8b01f1b2720960d86e07709df377b,7,comb,33,2,0.010000000000000009,0.19924858845171275
450341b92fc9ae28541c07ed1a198239a4d8b01f1b2720960d86e07709df377b,7,comb,34,2,0.010000000000000009,0.19924858845171275
450341b92fc9ae28541c07ed1a198239a4d8b01f1b2720960d86e07709df377b,7,comb,35,3,0.02984962311319861,0.29750126050153136
450341b92fc9ae28541c07ed1a198239a4d8b01f1b2720960d86e07709df377b,7,comb,36,2,0.010000000000000009,0.19924858845171275
450341b92fc9ae28541c07ed1a198239a4d8b01f1b2720960d86e07709df377b,7,comb,37,3,0.02984962311319861,0.29750126050153136
450341b92fc9ae28541c07ed1a198239a4d8b01f1b2720960d86e07709df377b,7,comb,38,3,0.02984962311319861,0.29750126050153136
450341b92fc9ae28541c07ed1a198239a4d8b01f1b2720960d86e07709df377b,7,comb,39,4,0.05929999999999991,0.3945172366323175
450341b92fc9ae28541c07ed1a198239a4d8b01f1b2720960d86e07709df377b,7,comb,40,2,0.010000000000000009,0.19924858845171275
450341b92fc9ae28541c07ed1a198239a4d8b01f1b2720960d86e07709df377b,7,comb,41,3,0.02984962311319861,0.29750126050153136
450341b92fc9ae28541c07ed1a198239a4d8b01f1b2720960d86e07709df377b,7,comb,42,3,0.02984962311319861,0.29750126050153136
450341b92fc9ae28541c07ed1a198239a4d8b01f1b2720960d86e07709df377b,7,comb,43,4,0.05929999999999991,0.3945172366323175
450341b92fc9ae28541c07ed1a198239a4d8b01f1b2720960d86e07709df377b,7,comb,44,3,0.02984962311319861,0.29750126050153136
450341b92fc9ae28541c07ed1a198239a4d8b01f1b2720960d86e07709df377b,7,comb,45,4,0.05929999999999991,0.3945172366323175
450341b92fc9ae28541c07ed1a198239a4d8b01f1b2720960d86e07709df377b,7,comb,46,4,0.05929999999999991,0.3945172366323175
450341b92fc9ae28541c07ed1a198239a4d8b01f1b2720960d86e07709df377b,7,comb,47,5,0.09800626255500189,0.49006005050401735
450341b92fc9ae28541c07ed1a198239a4d8b01f1b2720960d86e07709df377b,7,comb,48,2,0.010000000000000009,0.19924858845171275
450341b92fc9ae28541c07ed1a198239a4d8b01f1b2720960d86e07709df377b,7,comb,49,3,0.02984962311319861,0.29750126050153136
450341b92fc9ae28541c07ed1a198239a4d8b01f1b2720960d86e07709df377b,7,comb,50,3,0.02984962311319861,0.29750126050153136
450341b92fc9ae28541c07ed1a198239a4d8b01f1b2720960d86e07709df377b,7,comb,51,4,0.05929999999999991,0.3945172366323175
450341b92fc9ae28541c07ed1a198239a4d8b01f1b2720960d86e07709df377b,7,comb,52,3,0.02984962311319861,0.29750126050153136
450341b92fc9ae28541c07ed1a198239a4d8b01f1b2720960d86e07709df377b,7,comb,53,4,0.05929999999999991,0.3945172366323175
450341b92fc9ae28541c07ed1a198239a4d8b01f1b2720960d86e07709df377b,7,comb,54,4,0.05929999999999991,0.3945172366323175
450341b92fc9ae28541c07ed1a198239a4d8b01f1b2720960d86e07709df377b,7,comb,55,5,0.09800626255500189,0.49006005050401735
450341b92fc9ae28541c07ed1a198239a4d8b01f1b2720960d86e07709df377b,7,comb,56,3,0.02984962311319861,0.29750126050153136
450341b92fc9ae28541c07ed1a198239a4d8b01f1b2720960d86e07709df377b,7,comb,57,4,0.05929999999999991,0.3945172366323175
450341b92fc9ae28541c07ed1a198239a4d8b01f1b2720960d86e07709df377b,7,comb,58,4,0.05929999999999991,0.3945172366323175
450341b92fc9ae28541c07ed1a198239a4d8b01f1b2720960d86e07709df377b,7,comb,59,5,0.09800626255500189,0.49006005050401735
450341b92fc9ae28541c07ed1a198239a4d8b01f1b2720960d86e07709df377b,7,comb,60,4,0.05929999999999991,0.3945172366323175
450341b92fc9ae28541c07ed1a198239a4d8b01f1b2720960d86e07709df377b,7,comb,61,5,0.09800626255500189,0.49006005050401735
450341b92fc9ae28541c07ed1a198239a4d8b01f1b2720960d86e07709df377b,7,comb,62,5,0.09800626255500189,0.49006005050401735
450341b92fc9ae28541c07ed1a198239a4d8b01f1b2720960d86e07709df377b,7,comb,63,6,0.14553099999999985,0.5838981230805593
450341b92fc9ae28541c07ed1a198239a4d8b01f1b2720960d86e07709df377b,7,comb,64,1,0.0,0.1
450341b92fc9ae28541c07ed1a198239a4d8b01f1b2720960d86e07709df377b,7,comb,65,2,0.010000000000000009,0.19924858845171275
450341b92fc9ae28541c07ed1a198239a4d8b01f1b2720960d86e07709df377b,7,comb,66,2,0.010000000000000009,0.19924858845171275
450341b92fc9ae28541c07ed1a198239a4d8b01f1b2720960d86e07709df377b,7,comb,67,3,0.02984962311319861,0.29750126050153136
450341b92fc9ae28541c07ed1a198239a4d8b01f1b2720960d86e07709df377b,7,comb,68,2,0.010000000000000009,0.19924858845171275
450341b92fc9ae28541c07ed1a198239a4d8b01f1b2720960d86e07709df377b,7,comb,69,3,0.02984962311319861,0.29750126050153136
450341b92fc9ae28541c07ed1a198239a4d8b01f1b2720960d86e07709df377b,7,comb,70,3,0.02984962311319861,0.29750126050153136
450341b92fc9ae28541c07ed1a198239a4d8b01f1b2720960d86e07709df377b,7,comb,71,4,0.05929999999999991,0.3945172366323175
450341b92fc9ae28541c07ed1a198239a4d8b01f1b2720960d86e07709df377b,7,comb,72,2,0.010000000000000009,0.19924858845171275
450341b92fc9ae28541c07ed1a198239a4d8b01f1b2720960d86e07709df377b,7,comb,73,3,0.02984962311319861,0.29750126050153136
450341b92fc9ae28541c07ed1a198239a4d8b01f1b2720960d86e07709df377b,7,comb,74,3,0.02984962311319861,0.29750126050153136
450341b92fc9ae28541c07ed1a198239a4d8b01f1b2720960d86e07709df377b,7,comb,75,4,0.05929999999999991,0.3945172366323175
450341b92fc9ae28541c07ed1a198239a4d8b01f1b2720960d86e07709df377b,7,comb,76,3,0.02984962311319861,0.29750126050153136
450341b92fc9ae28541c07ed1a198239a4d8b01f1b2720960d86e07709df377b,7,comb,77,4,0.05929999999999991,0.3945172366323175
450341b92fc9ae28541c07ed1a198239a4d8b01f1b2720960d86e07709df377b,7,comb,78,4,0.05929999999999991,0.3945172366323175
450341b92fc9ae28541c07ed1a198239a4d8b01f1b2720960d86e07709df377b,7,comb,79,5,0.09800626255500189,0.49006005050401735
450341b92fc9ae28541c07ed1a198239a4d8b01f1b2720960d86e07709df377b,7,comb,80,2,0.010000000000000009,0.19924858845171275
450341b92fc9ae28541c07ed1a198239a4d8b01f1b2720960d86e07709df377b,7,comb,81,3,0.02984962311319861,0.29750126050153136
450341b92fc9ae28541c07ed1a198239a4d8b01f1b2720960d86e07709df377b,7,comb,82,3,0.02984962311319861,0.29750126050153136
450341b92fc9ae28541c07ed1a198239a4d8b01f1b2720960d86e07709df377b,7,comb,83,4,0.05929999999999991,0.3945172366323175
450341b92fc9ae28541c07ed1a198239a4d8b01f1b2720960d86e07709df377b,7,comb,84,3,0.02984962311319861,0.29750126050153136
450341b92fc9ae28541c07ed1a198239a4d8b01f1b2720960d86e07709df377b,7,comb,85,4,0.05929999999999991,0.3945172366323175
450341b92fc9ae28541c07ed1a198239a4d8b01f1b2720960d86e07709df377b,7,comb,86,4,0.05929999999999991,0.3945172366323175
450341b92fc9ae28541c07ed1a198239a4d8b01f1b2720960d86e07709df377b,7,comb,87,5,0.09800626255500189,0.49006005050401735
450341b92fc9ae28541c07ed1a198239a4d8b01f1b2720960d86e07709df377b,7,comb,88,3,0.02984962311319861,0.29750126050153136
450341b92fc9ae28541c07ed1a198239a4d8b01f1b2720960d86e07709df377b,7,comb,89,4,0.05929999999999991,0.3945172366323175
450341b92fc9ae28541c07ed1a198239a4d8b01f1b2720960d86e07709df377b,7,comb,90,4,0.05929999999999991,0.3945172366323175
450341b92fc9ae28541c07ed1a198239a4d8b01f1b2720960d86e07709df377b,7,comb,91,5,0.09800626255500189,0.49006005050401735
450341b92fc9ae28541c07ed1a198239a4d8b01f1b2720960d86e07709df377b,7,comb,92,4,0.05929999999999991,0.3945172366323175
450341b92fc9ae28541c07ed1a198239a4d8b01f1b2720960d86e07709df377b,7,comb,93,5,0.09800626255500189,0.49006005050401735
450341b92fc9ae28541c07ed1a198239a4d8b01f1b2720960d86e07709df377b,7,comb,94,5,0.09800626255500189,0.49006005050401735
450341b92fc9ae28541c07ed1a198239a4d8b01f1b2720960d86e07709df377b,7,comb,95,6,0.14553099999999985,0.5838981230805593
450341b92fc9ae28541c07ed1a198239a4d8b01f1b2720960d86e07709df377b,7,comb,96,2,0.010000000000000009,0.19924858845171275
450341b92fc9ae28541c07ed1a198239a4d8b01f1b2720960d86e07709df377b,7,comb,97,3,0.02984962311319861,0.29750126050153136
450341b92fc9ae28541c07ed1a198239a4d8b01f1b2720960d86e07709df377b,7,comb,98,3,0.02984962311319861,0.29750126050153136
450341b92fc9ae28541c07ed1a198239a4d8b01f1b2720960d86e07709df377b,7,comb,99,4,0.05929999999999991,0.3945172366323175
450341b92fc9ae28541c07ed1a198239a4d8b01f1b2720960d86e07709df377b,7,comb,100,3,0.02984962311319861,0.29750126050153136
450341b92fc9ae28541c07ed1a198239a4d8b01f1b2720960d86e07709df377b,7,comb,101,4,0.05929999999999991,0.3945172366323175
450341b92fc9ae28541c07ed1a198239a4d8b01f1b2720960d86e07709df377b,7,comb,102,4,0.05929999999999991,0.3945172366323175
450341b92fc9ae28541c07ed1a198239a4d8b01f1b2720960d86e07709df377b,7,comb,103,5,0.09800626255500189,0.49006005050401735
450341b92fc9ae28541c07ed1a198239a4d8b01f1b2720960d86e07709df377b,7,comb,104,3,0.02984962311319861,0.29750126050153136
450341b92fc9ae28541c07ed1a198239a4d8b01f1b2720960d86e07709df377b,7,comb,105,4,0.05929999999999991,0.3945172366323175
450341b92fc9ae28541c07ed1a198239a4d8b01f1b2720960d86e07709df377b,7,comb,106,4,0.05929999999999991,0.3945172366323175
450341b92fc9ae28541c07ed1a198239a4d8b01f1b2720960d86e07709df377b,7,comb,107,5,0.09800626255500189,0.49006005050401735
450341b92fc9ae28541c07ed1a198239a4d8b01f1b2720960d86e07709df377b,7,comb,108,4,0.05929999999999991,0.3945172366323175
450341b92fc9ae28541c07ed1a198239a4d8b01f1b2720960d86e07709df377b,7,comb,109,5,0.09800626255500189,0.49006005050401735
450341b92fc9ae28541c07ed1a198239a4d8b01f1b2720960d86e07709df377b,7,comb,110,5,0.09800626255500189,0.49006005050401735
450341b92fc9ae28541c07ed1a198239a4d8b01f1b2720960d86e07709df377b,7,comb,111,6,0.14553099999999985,0.5838981230805593
450341b92fc9ae28541c07ed1a198239a4d8b01f1b2720960d86e07709df377b,7,comb,112,3,0.02984962311319861,0.29750126050153136
450341b92fc9ae28541c07ed1a198239a4d8b01f1b2720960d86e07709df377b,7,comb,113,4,0.05929999999999991,0.3945172366323175
450341b92fc9ae28541c07ed1a198239a4d8b01f1b2720960d86e07709df377b,7,comb,114,4,0.05929999999999991,0.3945172366323175
450341b92fc9ae28541c07ed1a198239a4d8b01f1b2720960d86e07709df377b,7,comb,115,5,0.09800626255500189,0.49006005050401735
450341b92fc9ae28541c07ed1a198239a4d8b01f1b2720960d86e07709df377b,7,comb,116,4,0.05929999999999991,0.3945172366323175
450341b92fc9ae28541c07ed1a198239a4d8b01f1b2720960d86e07709df377b,7,comb,117,5,0.09800626255500189,0.49006005050401735
450341b92fc9ae28541c07ed1a198239a4d8b01f1b2720960d86e07709df377b,7,comb,118,5,0.09800626255500189,0.49006005050401735
450341b92fc9ae28541c07ed1a198239a4d8b01f1b2720960d86e07709df377b,7,comb,119,6,0.14553099999999985,0.5838981230805593
450341b92fc9ae28541c07ed1a198239a4d8b01f1b2720960d86e07709df377b,7,comb,120,4,0.05929999999999991,0.3945172366323175
450341b92fc9ae28541c07ed1a198239a4d8b01f1b2720960d86e07709df377b,7,comb,121,5,0.09800626255500189,0.49006005050401735
450341b92fc9ae28541c07ed1a198239a4d8b01f1b2720960d86e07709df377b,7,comb,122,5,0.09800626255500189,0.49006005050401735
450341b92fc9ae28541c07ed1a198239a4d8b01f1b2720960d86e07709df377b,7,comb,123,6,0.14553099999999985,0.5838981230805593
450341b92fc9ae28541c07ed1a198239a4d8b01f1b2720960d86e07709df377b,7,comb,124,5,0.09800626255500189,0.49006005050401735
450341b92fc9ae28541c07ed1a198239a4d8b01f1b2720960d86e07709df377b,7,comb,125,6,0.14553099999999985,0.5838981230805593
450341b92fc9ae28541c07ed1a198239a4d8b01f1b2720960d86e07709df377b,7,comb,126,6,0.14553099999999985,0.5838981230805593
450341b92fc9ae28541c07ed1a198239a4d8b01f1b2720960d86e07709df377b,7,comb,127,7,0.2013486427352067,0.67580532169869
97c485672e6dd0fea2b6f71425954af87510834058f20e4ea67add6724d1fad9,7,balanced,0,0,0.0,0.0
97c485672e6dd0fea2b6f71425954af87510834058f20e4ea67add6724d1fad9,7,balanced,1,1,0.0,0.1
97c485672e6dd0fea2b6f71425954af87510834058f20e4ea67add6724d1fad9,7,balanced,2,1,0.0,0.1
97c485672e6dd0fea2b6f71425954af87510834058f20e4ea67add6724d1fad9,7,balanced,3,2,0.010000000000000009,0.19924858845171275
97c485672e6dd0fea2b6f71425954af87510834058f20e4ea67add6724d1fad9,7,balanced,4,1,0.0,0.1
97c485672e6dd0fea2b6f71425954af87510834058f20e4ea67add6724d1fad9,7,balanced,5,2,0.010000000000000009,0.19924858845171275
97c485672e6dd0fea2b6f71425954af87510834058f20e4ea67add6724d1fad9,7,balanced,6,2,0.010000000000000009,0.19924858845171275
97c485672e6dd0fea2b6f71425954af87510834058f20e4ea67add6724d1fad9,7,balanced,7,3,0.02984962311319861,0.29750126050153136
97c485672e6dd0fea2b6f71425954af87510834058f20e4ea67add6724d1fad9,7,balanced,8,1,0.0,0.0
97c485672e6dd0fea2b6f71425954af87510834058f20e4ea67add6724d1fad9,7,balanced,9,2,0.0,0.099498743710662
97c485672e6dd0fea2b6f71425954af87510834058f20e4ea67add6724d1fad9,7,balanced,10,2,0.0,0.099498743710662
97c485672e6dd0fea2b6f71425954af87510834058f20e4ea67add6724d1fad9,7,balanced,11,3,0.009949874371066203,0.19824984237068136
97c485672e6dd0fea2b6f71425954af87510834058f20e4ea67add6724d1fad9,7,balanced,12,2,0.0,0.099498743710662
97c485672e6dd0fea2b6f71425954af87510834058f20e4ea67add6724d1fad9,7,balanced,13,3,0.009949874371066203,0.19824984237068136
97c485672e6dd0fea2b6f71425954af87510834058f20e4ea67add6724d1fad9,7,balanced,14,3,0.009949874371066203,0.19824984237068136
97c485672e6dd0fea2b6f71425954af87510834058f20e4ea67add6724d1fad9,7,balanced,15,4,0.02969999999999995,0.2960100167224076
97c485672e6dd0fea2b6f71425954af87510834058f20e4ea67add6724d1fad9,7,balanced,16,1,0.0,0.0
97c485672e6dd0fea2b6f71425954af87510834058f20e4ea67add6724d1fad9,7,balanced,17,2,0.0,0.099498743710662
97c485672e6dd0fea2b6f71425954af87510834058f20e4ea67add6724d1fad9,7,balanced,18,2,0.0,0.099498743710662
97c485672e6dd0fea2b6f71425954af87510834058f20e4ea67add6724d1fad9,7,balanced,19,3,0.009949874371066203,0.19824984237068136
97c485672e6dd0fea2b6f71425954af87510834058f20e4ea67add6724d1fad9,7,balanced,20,2,0.0,0.099498743710662
97c485672e6dd0fea2b6f71425954af87510834058f20e4ea67add6724d1fad9,7,balanced,21,3,0.009949874371066203,0.19824984237068136
97c485672e6dd0fea2b6f71425954af87510834058f20e4ea67add6724d1fad9,7,balanced,22,3,0.009949874371066203,0.19824984237068136
97c485672e6dd0fea2b6f71425954af87510834058f20e4ea67add6724d1fad9,7,balanced,23,4,0.02969999999999995,0.2960100167224076
97c485672e6dd0fea2b6f71425954af87510834058f20e4ea67add6724d1fad9,7,balanced,24,2,0.0,0.0
97c485672e6dd0fea2b6f71425954af87510834058f20e4ea67add6724d1fad9,7,balanced,25,3,0.0,0.099
97c485672e6dd0fea2b6f71425954af87510834058f20e4ea67add6724d1fad9,7,balanced,26,3,0.0,0.099
97c485672e6dd0fea2b6f71425954af87510834058f20e4ea67add6724d1fad9,7,balanced,27,4,0.009899999999999909,0.19725610256719564
97c485672e6dd0fea2b6f71425954af87510834058f20e4ea67add6724d1fad9,7,balanced,28,3,0.0,0.099
97c485672e6dd0fea2b6f71425954af87510834058f20e4ea67add6724d1fad9,7,balanced,29,4,0.009899999999999909,0.19725610256719564
97c485672e6dd0fea2b6f71425954af87510834058f20e4ea67add6724d1fad9,7,balanced,30,4,0.009899999999999909,0.19725610256719564
97c485672e6dd0fea2b6f71425954af87510834058f20e4ea67add6724d1fad9,7,balanced,31,5,0.029551126882066514,0.29452624789651605
97c485672e6dd0fea2b6f71425954af87510834058f20e4ea67add6724d1fad9,7,balanced,32,1,0.0,0.0
97c485672e6dd0fea2b6f71425954af87510834058f20e4ea67add6724d1fad9,7,balanced,33,2,0.0,0.099498743710662
97c485672e6dd0fea2b6f71425954af87510834058f20e4ea67add6724d1fad9,7,balanced,34,2,0.0,0.099498743710662
97c485672e6dd0fea2b6f71425954af87510834058f20e4ea67add6724d1fad9,7,balanced,35,3,0.009949874371066203,0.19824984237068136
97c485672e6dd0fea2b6f71425954af87510834058f20e4ea67add6724d1fad9,7,balanced,36,2,0.0,0.099498743710662
97c485672e6dd0fea2b6f71425954af87510834058f20e4ea67add6724d1fad9,7,balanced,37,3,0.009949874371066203,0.19824984237068136
97c485672e6dd0fea2b6f71425954af87510834058f20e4ea67add6724d1fad9,7,balanced,38,3,0.009949874371066203,0.19824984237068136
97c485672e6dd0fea2b6f71425954af87510834058f20e4ea67add6724d1fad9,7,balanced,39,4,0.02969999999999995,0.2960100167224076
97c485672e6dd0fea2b6f71425954af87510834058f20e4ea67add6724d1fad9,7,balanced,40,2,0.0,0.0
97c485672e6dd0fea2b6f71425954af87510834058f20e4ea67add6724d1fad9,7,balanced,41,3,0.0,0.099
97c485672e6dd0fea2b6f71425954af87510834058f20e4ea67add6724d1fad9,7,balanced,42,3,0.0,0.099
97c485672e6dd0fea2b6f71425954af87510834058f20e4ea67add6724d1fad9,7,balanced,43,4,0.009899999999999909,0.19725610256719564
97c485672e6dd0fea2b6f71425954af87510834058f20e4ea67add6724d1fad9,7,balanced,44,3,0.0,0.099
97c485672e6dd0fea2b6f71425954af87510834058f20e4ea67add6724d1fad9,7,balanced,45,4,0.009899999999999909,0.19725610256719564
97c485672e6dd0fea2b6f71425954af87510834058f20e4ea67add6724d1fad9,7,balanced,46,4,0.009899999999999909,0.19725610256719564
97c485672e6dd0fea2b6f71425954af87510834058f20e4ea67add6724d1fad9,7,balanced,47,5,0.029551126882066514,0.29452624789651605
97c485672e6dd0fea2b6f71425954af87510834058f20e4ea67add6724d1fad9,7,balanced,48,2,0.010000000000000009,0.010000000000000009
97c485672e6dd0fea2b6f71425954af87510834058f20e4ea67add6724d1fad9,7,balanced,49,3,0.009949874371066203,0.09850380703302793
97c485672e6dd0fea2b6f71425954af87510834058f20e4ea67add6724d1fad9,7,balanced,50,3,0.009949874371066203,0.09850380703302793
97c485672e6dd0fea2b6f71425954af87510834058f20e4ea67add6724d1fad9,7,balanced,51,4,0.01970000000000005,0.19601002525381198
97c485672e6dd0fea2b6f71425954af87510834058f20e4ea67add6724d1fad9,7,balanced,52,3,0.009949874371066203,0.09850380703302793
97c485672e6dd0fea2b6f71425954af87510834058f20e4ea67add6724d1fad9,7,balanced,53,4,0.01970000000000005,0.19601002525381198
97c485672e6dd0fea2b6f71425954af87510834058f20e4ea67add6724d1fad9,7,balanced,54,4,0.01970000000000005,0.19601002525381198
97c485672e6dd0fea2b6f71425954af87510834058f20e4ea67add6724d1fad9,7,balanced,55,5,0.03910300627829011,0.29270369232382437
97c485672e6dd0fea2b6f71425954af87510834058f20e4ea67add6724d1fad9,7,balanced,56,3,0.009949874371066203,0.009949874371066203
97c485672e6dd0fea2b6f71425954af87510834058f20e4ea67add6724d1fad9,7,balanced,57,4,0.00990000000000002,0.09801005050503751
97c485672e6dd0fea2b6f71425954af87510834058f20e4ea67add6724d1fad9,7,balanced,58,4,0.00990000000000002,0.09801005050503751
97c485672e6dd0fea2b6f71425954af87510834058f20e4ea67add6724d1fad9,7,balanced,59,5,0.019601252511000422,0.19502751267449422
97c485672e6dd0fea2b6f71425954af87510834058f20e4ea67add6724d1fad9,7,balanced,60,4,0.00990000000000002,0.09801005050503751
97c485672e6dd0fea2b6f71425954af87510834058f20e4ea67add6724d1fad9,7,balanced,61,5,0.019601252511000422,0.19502751267449422
97c485672e6dd0fea2b6f71425954af87510834058f20e4ea67add6724d1fad9,7,balanced,62,5,0.019601252511000422,0.19502751267449422
97c485672e6dd0fea2b6f71425954af87510834058f20e4ea67add6724d1fad9,7,balanced,63,6,0.038906999999999914,0.2912364966569266
97c485672e6dd0fea2b6f71425954af87510834058f20e4ea67add6724d1fad9,7,balanced,64,1,0.0,0.0
97c485672e6dd0fea2b6f71425954af87510834058f20e4ea67add6724d1fad9,7,balanced,65,2,0.0,0.099498743710662
97c485672e6dd0fea2b6f71425954af87510834058f20e4ea67add6724d1fad9,7,balanced,66,2,0.0,0.099498743710662
97c485672e6dd0fea2b6f71425954af87510834058f20e4ea67add6724d1fad9,7,balanced,67,3,0.009949874371066203,0.19824984237068136
97c485672e6dd0fea2b6f71425954af87510834058f20e4ea67add6724d1fad9,7,balanced,68,2,0.0,0.099498743710662
97c485672e6dd0fea2b6f71425954af87510834058f20e4ea67add6724d1fad9,7,balanced,69,3,0.009949874371066203,0.19824984237068136
97c485672e6dd0fea2b6f71425954af87510834058f20e4ea67add6724d1fad9,7,balanced,70,3,0.009949874371066203,0.19824984237068136
97c485672e6dd0fea2b6f71425954af87510834058f20e4ea67add6724d1fad9,7,balanced,71,4,0.02969999999999995,0.2960100167224076
97c485672e6dd0fea2b6f71425954af87510834058f20e4ea67add6724d1fad9,7,balanced,72,2,0.0,0.0
97c485672e6dd0fea2b6f71425954af87510834058f20e4ea67add6724d1fad9,7,balanced,73,3,0.0,0.099
97c485672e6dd0fea2b6f71425954af87510834058f20e4ea67add6724d1fad9,7,balanced,74,3,0.0,0.099
97c485672e6dd0fea2b6f71425954af87510834058f20e4ea67add6724d1fad9,7,balanced,75,4,0.009899999999999909,0.19725610256719564
97c485672e6dd0fea2b6f71425954af87510834058f20e4ea67add6724d1fad9,7,balanced,76,3,0.0,0.099
97c485672e6dd0fea2b6f71425954af87510834058f20e4ea67add6724d1fad9,7,balanced,77,4,0.009899999999999909,0.19725610256719564
97c485672e6dd0fea2b6f71425954af87510834058f20e4ea67add6724d1fad9,7,balanced,78,4,0.009899999999999909,0.19725610256719564
97c485672e6dd0fea2b6f71425954af87510834058f20e4ea67add6724d1fad9,7,balanced,79,5,0.029551126882066514,0.29452624789651605
97c485672e6dd0fea2b6f71425954af87510834058f20e4ea67add6724d1fad9,7,balanced,80,2,0.0,0.0
97c485672e6dd0fea2b6f71425954af87510834058f20e4ea67add6724d1fad9,7,balanced,81,3,0.0,0.099
97c485672e6dd0fea2b6f71425954af87510834058f20e4ea67add6724d1fad9,7,balanced,82,3,0.0,0.099
97c485672e6dd0fea2b6f71425954af87510834058f20e4ea67add6724d1fad9,7,balanced,83,4,0.00990000000000002,0.19725610256719564
97c485672e6dd0fea2b6f71425954af87510834058f20e4ea67add6724d1fad9,7,balanced,84,3,0.0,0.099
97c485672e6dd0fea2b6f71425954af87510834058f20e4ea67add6724d1fad9,7,balanced,85,4,0.00990000000000002,0.19725610256719564
97c485672e6dd0fea2b6f71425954af87510834058f20e4ea67add6724d1fad9,7,balanced,86,4,0.00990000000000002,0.19725610256719564
97c485672e6dd0fea2b6f71425954af87510834058f20e4ea67add6724d1fad9,7,balanced,87,5,0.029551126882066625,0.29452624789651605
97c485672e6dd0fea2b6f71425954af87510834058f20e4ea67add6724d1fad9,7,balanced,88,3,0.0,0.0
97c485672e6dd0fea2b6f71425954af87510834058f20e4ea67add6724d1fad9,7,balanced,89,4,0.0,0.09850375627355538
97c485672e6dd0fea2b6f71425954af87510834058f20e4ea67add6724d1fad9,7,balanced,90,4,0.0,0.09850375627355538
97c485672e6dd0fea2b6f71425954af87510834058f20e4ea67add6724d1fad9,7,balanced,91,5,0.009850375627355468,0.1962673439469745
97c485672e6dd0fea2b6f71425954af87510834058f20e4ea67add6724d1fad9,7,balanced,92,4,0.0,0.09850375627355538
97c485672e6dd0fea2b6f71425954af87510834058f20e4ea67add6724d1fad9,7,balanced,93,5,0.009850375627355468,0.1962673439469745
97c485672e6dd0fea2b6f71425954af87510834058f20e4ea67add6724d1fad9,7,balanced,94,5,0.009850375627355468,0.1962673439469745
97c485672e6dd0fea2b6f71425954af87510834058f20e4ea67add6724d1fad9,7,balanced,95,6,0.029402999999999846,0.2930499165551835
97c485672e6dd0fea2b6f71425954af87510834058f20e4ea67add6724d1fad9,7,balanced,96,2,0.0,0.0
97c485672e6dd0fea2b6f71425954af87510834058f20e4ea67add6724d1fad9,7,balanced,97,3,0.0,0.099
97c485672e6dd0fea2b6f71425954af87510834058f20e4ea67add6724d1fad9,7,balanced,98,3,0.0,0.099
97c485672e6dd0fea2b6f71425954af87510834058f20e4ea67add6724d1fad9,7,balanced,99,4,0.00990000000000002,0.19725610256719564
97c485672e6dd0fea2b6f71425954af87510834058f20e4ea67add6724d1fad9,7,balanced,100,3,0.0,0.099
97c485672e6dd0fea2b6f71425954af87510834058f20e4ea67add6724d1fad9,7,balanced,101,4,0.00990000000000002,0.19725610256719564
97c485672e6dd0fea2b6f71425954af87510834058f20e4ea67add6724d1fad9,7,balanced,102,4,0.00990000000000002,0.19725610256719564
97c485672e6dd0fea2b6f71425954af87510834058f20e4ea67add6724d1fad9,7,balanced,103,5,0.029551126882066625,0.29452624789651605
97c485672e6dd0fea2b6f71425954af87510834058f20e4ea67add6724d1fad9,7,balanced,104,3,0.0,0.0
97c485672e6dd0fea2b6f71425954af87510834058f20e4ea67add6724d1fad9,7,balanced,105,4,0.0,0.09850375627355538
97c485672e6dd0fea2b6f71425954af87510834058f20e4ea67add6724d1fad9,7,balanced,106,4,0.0,0.09850375627355538
97c485672e6dd0fea2b6f71425954af87510834058f20e4ea67add6724d1fad9,7,balanced,107,5,0.009850375627355468,0.1962673439469745
97c485672e6dd0fea2b6f71425954af87510834058f20e4ea67add6724d1fad9,7,balanced,108,4,0.0,0.09850375627355538
97c485672e6dd0fea2b6f71425954af87510834058f20e4ea67add6724d1fad9,7,balanced,109,5,0.009850375627355468,0.1962673439469745
97c485672e6dd0fea2b6f71425954af87510834058f20e4ea67add6724d1fad9,7,balanced,110,5,0.009850375627355468,0.1962673439469745
97c485672e6dd0fea2b6f71425954af87510834058f20e4ea67add6724d1fad9,7,balanced,111,6,0.029402999999999846,0.2930499165551835
97c485672e6dd0fea2b6f71425954af87510834058f20e4ea67add6724d1fad9,7,balanced,112,3,0.009949874371066203,0.009949874371066203
97c485672e6dd0fea2b6f71425954af87510834058f20e4ea67add6724d1fad9,7,balanced,113,4,0.009899999999999909,0.0980100505050375
97c485672e6dd0fea2b6f71425954af87510834058f20e4ea67add6724d1fad9,7,balanced,114,4,0.009899999999999909,0.0980100505050375
97c485672e6dd0fea2b6f71425954af87510834058f20e4ea67add6724d1fad9,7,balanced,115,5,0.019601252511000422,0.19502751267449422
97c485672e6dd0fea2b6f71425954af87510834058f20e4ea67add6724d1fad9,7,balanced,116,4,0.009899999999999909,0.0980100505050375
97c485672e6dd0fea2b6f71425954af87510834058f20e4ea67add6724d1fad9,7,balanced,117,5,0.019601252511000422,0.19502751267449422
97c485672e6dd0fea2b6f71425954af87510834058f20e4ea67add6724d1fad9,7,balanced,118,5,0.019601252511000422,0.19502751267449422
97c485672e6dd0fea2b6f71425954af87510834058f20e4ea67add6724d1fad9,7,balanced,119,6,0.038907000000000025,0.2912364966569266
97c485672e6dd0fea2b6f71425954af87510834058f20e4ea67add6724d1fad9,7,balanced,120,4,0.009899999999999909,0.009899999999999909
97c485672e6dd0fea2b6f71425954af87510834058f20e4ea67add6724d1fad9,7,balanced,121,5,0.009850375627355468,0.09751876896269764
97c485672e6dd0fea2b6f71425954af87510834058f20e4ea67add6724d1fad9,7,balanced,122,5,0.009850375627355468,0.09751876896269764
97c485672e6dd0fea2b6f71425954af87510834058f20e4ea67add6724d1fad9,7,balanced,123,6,0.019503000000000048,0.19404992500127385
97c485672e6dd0fea2b6f71425954af87510834058f20e4ea67add6724d1fad9,7,balanced,124,5,0.009850375627355468,0.09751876896269764
97c485672e6dd0fea2b6f71425954af87510834058f20e4ea67add6724d1fad9,7,balanced,125,6,0.019503000000000048,0.19404992500127385
97c485672e6dd0fea2b6f71425954af87510834058f20e4ea67add6724d1fad9,7,balanced,126,6,0.019503000000000048,0.19404992500127385
97c485672e6dd0fea2b6f71425954af87510834058f20e4ea67add6724d1fad9,7,balanced,127,7,0.03871197621550726,0.2897766554005861
97c485672e6dd0fea2b6f71425954af87510834058f20e4ea67add6724d1fad9,7,two_branch,0,0,0.0,0.0
97c485672e6dd0fea2b6f71425954af87510834058f20e4ea67add6724d1fad9,7,two_branch,1,1,0.0,0.1
97c485672e6dd0fea2b6f71425954af87510834058f20e4ea67add6724d1fad9,7,two_branch,2,1,0.0,0.1
97c485672e6dd0fea2b6f71425954af87510834058f20e4ea67add6724d1fad9,7,two_branch,3,2,0.010000000000000009,0.19924858845171275
97c485672e6dd0fea2b6f71425954af87510834058f20e4ea67add6724d1fad9,7,two_branch,4,1,0.0,0.1
97c485672e6dd0fea2b6f71425954af87510834058f20e4ea67add6724d1fad9,7,two_branch,5,2,0.010000000000000009,0.19924858845171275
97c485672e6dd0fea2b6f71425954af87510834058f20e4ea67add6724d1fad9,7,two_branch,6,2,0.010000000000000009,0.19924858845171275
97c485672e6dd0fea2b6f71425954af87510834058f20e4ea67add6724d1fad9,7,two_branch,7,3,0.02984962311319861,0.29750126050153136
97c485672e6dd0fea2b6f71425954af87510834058f20e4ea67add6724d1fad9,7,two_branch,8,1,0.0,0.0
97c485672e6dd0fea2b6f71425954af87510834058f20e4ea67add6724d1fad9,7,two_branch,9,2,0.0,0.099498743710662
97c485672e6dd0fea2b6f71425954af87510834058f20e4ea67add6724d1fad9,7,two_branch,10,2,0.0,0.099498743710662
97c485672e6dd0fea2b6f71425954af87510834058f20e4ea67add6724d1fad9,7,two_branch,11,3,0.009949874371066203,0.19824984237068136
97c485672e6dd0fea2b6f71425954af87510834058f20e4ea67add6724d1fad9,7,two_branch,12,2,0.0,0.099498743710662
97c485672e6dd0fea2b6f71425954af87510834058f20e4ea67add6724d1fad9,7,two_branch,13,3,0.009949874371066203,0.19824984237068136
97c485672e6dd0fea2b6f71425954af87510834058f20e4ea67add6724d1fad9,7,two_branch,14,3,0.009949874371066203,0.19824984237068136
97c485672e6dd0fea2b6f71425954af87510834058f20e4ea67add6724d1fad9,7,two_branch,15,4,0.02969999999999995,0.2960100167224076
97c485672e6dd0fea2b6f71425954af87510834058f20e4ea67add6724d1fad9,7,two_branch,16,1,0.0,0.0
97c485672e6dd0fea2b6f71425954af87510834058f20e4ea67add6724d1fad9,7,two_branch,17,2,0.0,0.099498743710662
97c485672e6dd0fea2b6f71425954af87510834058f20e4ea67add6724d1fad9,7,two_branch,18,2,0.0,0.099498743710662
97c485672e6dd0fea2b6f71425954af87510834058f20e4ea67add6724d1fad9,7,two_branch,19,3,0.009949874371066203,0.19824984237068136
97c485672e6dd0fea2b6f71425954af87510834058f20e4ea67add6724d1fad9,7,two_branch,20,2,0.0,0.099498743710662
97c485672e6dd0fea2b6f71425954af87510834058f20e4ea67add6724d1fad9,7,two_branch,21,3,0.009949874371066203,0.19824984237068136
97c485672e6dd0fea2b6f71425954af87510834058f20e4ea67add6724d1fad9,7,two_branch,22,3,0.009949874371066203,0.19824984237068136
97c485672e6dd0fea2b6f71425954af87510834058f20e4ea67add6724d1fad9,7,two_branch,23,4,0.02969999999999995,0.2960100167224076
97c485672e6dd0fea2b6f71425954af87510834058f20e4ea67add6724d1fad9,7,two_branch,24,2,0.0,0.0
97c485672e6dd0fea2b6f71425954af87510834058f20e4ea67add6724d1fad9,7,two_branch,25,3,0.0,0.099
97c485672e6dd0fea2b6f71425954af87510834058f20e4ea67add6724d1fad9,7,two_branch,26,3,0.0,0.099
97c485672e6dd0fea2b6f71425954af87510834058f20e4ea67add6724d1fad9,7,two_branch,27,4,0.009899999999999909,0.19725610256719564
97c485672e6dd0fea2b6f71425954af87510834058f20e4ea67add6724d1fad9,7,two_branch,28,3,0.0,0.099
97c485672e6dd0fea2b6f71425954af87510834058f20e4ea67add6724d1fad9,7,two_branch,29,4,0.009899999999999909,0.19725610256719564
97c485672e6dd0fea2b6f71425954af87510834058f20e4ea67add6724d1fad9,7,two_branch,30,4,0.009899999999999909,0.19725610256719564
97c485672e6dd0fea2b6f71425954af87510834058f20e4ea67add6724d1fad9,7,two_branch,31,5,0.029551126882066514,0.29452624789651605
97c485672e6dd0fea2b6f71425954af87510834058f20e4ea67add6724d1fad9,7,two_branch,32,1,0.0,0.0
97c485672e6dd0fea2b6f71425954af87510834058f20e4ea67add6724d1fad9,7,two_branch,33,2,0.0,0.099498743710662
97c485672e6dd0fea2b6f71425954af87510834058f20e4ea67add6724d1fad9,7,two_branch,34,2,0.0,0.099498743710662
97c485672e6dd0fea2b6f71425954af87510834058f20e4ea67add6724d1fad9,7,two_branch,35,3,0.009949874371066203,0.19824984237068136
97c485672e6dd0fea2b6f71425954af87510834058f20e4ea67add6724d1fad9,7,two_branch,36,2,0.0,0.099498743710662
97c485672e6dd0fea2b6f71425954af87510834058f20e4ea67add6724d1fad9,7,two_branch,37,3,0.009949874371066203,0.19824984237068136
97c485672e6dd0fea2b6f71425954af87510834058f20e4ea67add6724d1fad9,7,two_branch,38,3,0.009949874371066203,0.19824984237068136
97c485672e6dd0fea2b6f71425954af87510834058f20e4ea67add6724d1fad9,7,two_branch,39,4,0.02969999999999995,0.2960100167224076
97c485672e6dd0fea2b6f71425954af87510834058f20e4ea67add6724d1fad9,7,two_branch,40,2,0.0,0.0
97c485672e6dd0fea2b6f71425954af87510834058f20e4ea67add6724d1fad9,7,two_branch,41,3,0.0,0.099
97c485672e6dd0fea2b6f71425954af87510834058f20e4ea67add6724d1fad9,7,two_branch,42,3,0.0,0.099
97c485672e6dd0fea2b6f71425954af87510834058f20e4ea67add6724d1fad9,7,two_branch,43,4,0.009899999999999909,0.19725610256719564
97c485672e6dd0fea2b6f71425954af87510834058f20e4ea67add6724d1fad9,7,two_branch,44,3,0.0,0.099
97c485672e6dd0fea2b6f71425954af87510834058f20e4ea67add6724d1fad9,7,two_branch,45,4,0.009899999999999909,0.19725610256719564
97c485672e6dd0fea2b6f71425954af87510834058f20e4ea67add6724d1fad9,7,two_branch,46,4,0.009899999999999909,0.19725610256719564
97c485672e6dd0fea2b6f71425954af87510834058f20e4ea67add6724d1fad9,7,two_branch,47,5,0.029551126882066514,0.29452624789651605
97c485672e6dd0fea2b6f71425954af87510834058f20e4ea67add6724d1fad9,7,two_branch,48,2,0.010000000000000009,0.010000000000000009
97c485672e6dd0fea2b6f71425954af87510834058f20e4ea67add6724d1fad9,7,two_branch,49,3,0.009949874371066203,0.09850380703302793
97c485672e6dd0fea2b6f71425954af87510834058f20e4ea67add6724d1fad9,7,two_branch,50,3,0.009949874371066203,0.09850380703302793
97c485672e6dd0fea2b6f71425954af87510834058f20e4ea67add6724d1fad9,7,two_branch,51,4,0.01970000000000005,0.19601002525381198
97c485672e6dd0fea2b6f71425954af87510834058f20e4ea67add6724d1fad9,7,two_branch,52,3,0.009949874371066203,0.09850380703302793
97c485672e6dd0fea2b6f71425954af87510834058f20e4ea67add6724d1fad9,7,two_branch,53,4,0.01970000000000005,0.19601002525381198
97c485672e6dd0fea2b6f71425954af87510834058f20e4ea67add6724d1fad9,7,two_branch,54,4,0.01970000000000005,0.19601002525381198
97c485672e6dd0fea2b6f71425954af87510834058f20e4ea67add6724d1fad9,7,two_branch,55,5,0.03910300627829011,0.29270369232382437
97c485672e6dd0fea2b6f71425954af87510834058f20e4ea67add6724d1fad9,7,two_branch,56,3,0.009949874371066203,0.009949874371066203
97c485672e6dd0fea2b6f71425954af87510834058f20e4ea67add6724d1fad9,7,two_branch,57,4,0.00990000000000002,0.09801005050503751
97c485672e6dd0fea2b6f71425954af87510834058f20e4ea67add6724d1fad9,7,two_branch,58,4,0.00990000000000002,0.09801005050503751
97c485672e6dd0fea2b6f71425954af87510834058f20e4ea67add6724d1fad9,7,two_branch,59,5,0.019601252511000422,0.19502751267449422
97c485672e6dd0fea2b6f71425954af87510834058f20e4ea67add6724d1fad9,7,two_branch,60,4,0.00990000000000002,0.09801005050503751
97c485672e6dd0fea2b6f71425954af87510834058f20e4ea67add6724d1fad9,7,two_branch,61,5,0.019601252511000422,0.19502751267449422
97c485672e6dd0fea2b6f71425954af87510834058f20e4ea67add6724d1fad9,7,two_branch,62,5,0.019601252511000422,0.19502751267449422
97c485672e6dd0fea2b6f71425954af87510834058f20e4ea67add6724d1fad9,7,two_branch,63,6,0.038906999999999914,0.2912364966569266
97c485672e6dd0fea2b6f71425954af87510834058f20e4ea67add6724d1fad9,7,two_branch,64,1,0.0,0.0
97c485672e6dd0fea2b6f71425954af87510834058f20e4ea67add6724d1fad9,7,two_branch,65,2,0.0,0.099498743710662
97c485672e6dd0fea2b6f71425954af87510834058f20e4ea67add6724d1fad9,7,two_branch,66,2,0.0,0.099498743710662
97c485672e6dd0fea2b6f71425954af87510834058f20e4ea67add6724d1fad9,7,two_branch,67,3,0.009949874371066203,0.19824984237068136
97c485672e6dd0fea2b6f71425954af87510834058f20e4ea67add6724d1fad9,7,two_branch,68,2,0.0,0.099498743710662
97c485672e6dd0fea2b6f71425954af87510834058f20e4ea67add6724d1fad9,7,two_branch,69,3,0.009949874371066203,0.19824984237068136
97c485672e6dd0fea2b6f71425954af87510834058f20e4ea67add6724d1fad9,7,two_branch,70,3,0.009949874371066203,0.19824984237068136
97c485672e6dd0fea2b6f71425954af87510834058f20e4ea67add6724d1fad9,7,two_branch,71,4,0.02969999999999995,0.2960100167224076
97c485672e6dd0fea2b6f71425954af87510834058f20e4ea67add6724d1fad9,7,two_branch,72,2,0.0,0.0
97c485672e6dd0fea2b6f71425954af87510834058f20e4ea67add6724d1fad9,7,two_branch,73,3,0.0,0.099
97c485672e6dd0fea2b6f71425954af87510834058f20e4ea67add6724d1fad9,7,two_branch,74,3,0.0,0.099
97c485672e6dd0fea2b6f71425954af87510834058f20e4ea67add6724d1fad9,7,two_branch,75,4,0.009899999999999909,0.19725610256719564
97c485672e6dd0fea2b6f71425954af87510834058f20e4ea67add6724d1fad9,7,two_branch,76,3,0.0,0.099
97c485672e6dd0fea2b6f71425954af87510834058f20e4ea67add6724d1fad9,7,two_branch,77,4,0.009899999999999909,0.19725610256719564
97c485672e6dd0fea2b6f71425954af87510834058f20e4ea67add6724d1fad9,7,two_branch,78,4,0.009899999999999909,0.19725610256719564
97c485672e6dd0fea2b6f71425954af87510834058f20e4ea67add6724d1fad9,7,two_branch,79,5,0.029551126882066514,0.29452624789651605
97c485672e6dd0fea2b6f71425954af87510834058f20e4ea67add6724d1fad9,7,two_branch,80,2,0.0,0.0
97c485672e6dd0fea2b6f71425954af87510834058f20e4ea67add6724d1fad9,7,two_branch,81,3,0.0,0.099
97c485672e6dd0fea2b6f71425954af87510834058f20e4ea67add6724d1fad9,7,two_branch,82,3,0.0,0.099
97c485672e6dd0fea2b6f71425954af87510834058f20e4ea67add6724d1fad9,7,two_branch,83,4,0.00990000000000002,0.19725610256719564
97c485672e6dd0fea2b6f71425954af87510834058f20e4ea67add6724d1fad9,7,two_branch,84,3,0.0,0.099
97c485672e6dd0fea2b6f71425954af87510834058f20e4ea67add6724d1fad9,7,two_branch,85,4,0.00990000000000002,0.19725610256719564
97c485672e6dd0fea2b6f71425954af87510834058f20e4ea67add6724d1fad9,7,two_branch,86,4,0.00990000000000002,0.19725610256719564
97c485672e6dd0fea2b6f71425954af87510834058f20e4ea67add6724d1fad9,7,two_branch,87,5,0.029551126882066625,0.29452624789651605
97c485672e6dd0fea2b6f71425954af87510834058f20e4ea67add6724d1fad9,7,two_branch,88,3,0.0,0.0
97c485672e6dd0fea2b6f71425954af87510834058f20e4ea67add6724d1fad9,7,two_branch,89,4,0.0,0.09850375627355538
97c485672e6dd0fea2b6f71425954af87510834058f20e4ea67add6724d1fad9,7,two_branch,90,4,0.0,0.09850375627355538
97c485672e6dd0fea2b6f71425954af87510834058f20e4ea67add6724d1fad9,7,two_branch,91,5,0.009850375627355468,0.1962673439469745
97c485672e6dd0fea2b6f71425954af87510834058f20e4ea67add6724d1fad9,7,two_branch,92,4,0.0,0.09850375627355538
97c485672e6dd0fea2b6f71425954af87510834058f20e4ea67add6724d1fad9,7,two_branch,93,5,0.009850375627355468,0.1962673439469745
97c485672e6dd0fea2b6f71425954af87510834058f20e4ea67add6724d1fad9,7,two_branch,94,5,0.009850375627355468,0.1962673439469745
97c485672e6dd0fea2b6f71425954af87510834058f20e4ea67add6724d1fad9,7,two_branch,95,6,0.029402999999999846,0.2930499165551835
97c485672e6dd0fea2b6f71425954af87510834058f20e4ea67add6724d1fad9,7,two_branch,96,2,0.0,0.0
97c485672e6dd0fea2b6f71425954af87510834058f20e4ea67add6724d1fad9,7,two_branch,97,3,0.0,0.099
97c485672e6dd0fea2b6f71425954af87510834058f20e4ea67add6724d1fad9,7,two_branch,98,3,0.0,0.099
97c485672e6dd0fea2b6f71425954af87510834058f20e4ea67add6724d1fad9,7,two_branch,99,4,0.00990000000000002,0.19725610256719564
97c485672e6dd0fea2b6f71425954af87510834058f20e4ea67add6724d1fad9,7,two_branch,100,3,0.0,0.099
97c485672e6dd0fea2b6f71425954af87510834058f20e4ea67add6724d1fad9,7,two_branch,101,4,0.00990000000000002,0.19725610256719564
97c485672e6dd0fea2b6f71425954af87510834058f20e4ea67add6724d1fad9,7,two_branch,102,4,0.00990000000000002,0.19725610256719564
97c485672e6dd0fea2b6f71425954af87510834058f20e4ea67add6724d1fad9,7,two_branch,103,5,0.029551126882066625,0.29452624789651605
97c485672e6dd0fea2b6f71425954af87510834058f20e4ea67add6724d1fad9,7,two_branch,104,3,0.0,0.0
97c485672e6dd0fea2b6f71425954af87510834058f20e4ea67add6724d1fad9,7,two_branch,105,4,0.0,0.09850375627355538
97c485672e6dd0fea2b6f71425954af87510834058f20e4ea67add6724d1fad9,7,two_branch,106,4,0.0,0.09850375627355538
97c485672e6dd0fea2b6f71425954af87510834058f20e4ea67add6724d1fad9,7,two_branch,107,5,0.009850375627355468,0.1962673439469745
97c485672e6dd0fea2b6f71425954af87510834058f20e4ea67add6724d1fad9,7,two_branch,108,4,0.0,0.09850375627355538
97c485672e6dd0fea2b6f71425954af87510834058f20e4ea67add6724d1fad9,7,two_branch,109,5,0.009850375627355468,0.1962673439469745
97c485672e6dd0fea2b6f71425954af87510834058f20e4ea67add6724d1fad9,7,two_branch,110,5,0.009850375627355468,0.1962673439469745
97c485672e6dd0fea2b6f71425954af87510834058f20e4ea67add6724d1fad9,7,two_branch,111,6,0.029402999999999846,0.2930499165551835
97c485672e6dd0fea2b6f71425954af87510834058f20e4ea67add6724d1fad9,7,two_branch,112,3,0.009949874371066203,0.009949874371066203
97c485672e6dd0fea2b6f71425954af87510834058f20e4ea67add6724d1fad9,7,two_branch,113,4,0.009899999999999909,0.0980100505050375
97c485672e6dd0fea2b6f71425954af87510834058f20e4ea67add6724d1fad9,7,two_branch,114,4,0.009899999999999909,0.0980100505050375
97c485672e6dd0fea2b6f71425954af87510834058f20e4ea67add6724d1fad9,7,two_branch,115,5,0.019601252511000422,0.19502751267449422
97c485672e6dd0fea2b6f71425954af87510834058f20e4ea67add6724d1fad9,7,two_branch,116,4,0.009899999999999909,0.0980100505050375
97c485672e6dd0fea2b6f71425954af87510834058f20e4ea67add6724d1fad9,7,two_branch,117,5,0.019601252511000422,0.19502751267449422
97c485672e6dd0fea2b6f71425954af87510834058f20e4ea67add6724d1fad9,7,two_branch,118,5,0.019601252511000422,0.19502751267449422
97c485672e6dd0fea2b6f71425954af87510834058f20e4ea67add6724d1fad9,7,two_branch,119,6,0.038907000000000025,0.2912364966569266
97c485672e6dd0fea2b6f71425954af87510834058f20e4ea67add6724d1fad9,7,two_branch,120,4,0.009899999999999909,0.009899999999999909
97c485672e6dd0fea2b6f71425954af87510834058f20e4ea67add6724d1fad9,7,two_branch,121,5,0.009850375627355468,0.09751876896269764
97c485672e6dd0fea2b6f71425954af87510834058f20e4ea67add6724d1fad9,7,two_branch,122,5,0.009850375627355468,0.09751876896269764
97c485672e6dd0fea2b6f71425954af87510834058f20e4ea67add6724d1fad9,7,two_branch,123,6,0.019503000000000048,0.19404992500127385
97c485672e6dd0fea2b6f71425954af87510834058f20e4ea67add6724d1fad9,7,two_branch,124,5,0.009850375627355468,0.09751876896269764
97c485672e6dd0fea2b6f71425954af87510834058f20e4ea67add6724d1fad9,7,two_branch,125,6,0.019503000000000048,0.19404992500127385
97c485672e6dd0fea2b6f71425954af87510834058f20e4ea67add6724d1fad9,7,two_branch,126,6,0.019503000000000048,0.19404992500127385
97c485672e6dd0fea2b6f71425954af87510834058f20e4ea67add6724d1fad9,7,two_branch,127,7,0.03871197621550726,0.2897766554005861
9588bc22dc001b2809f58d2acb767675a6db6407ec6095da7dfae50169e1b1e7,8,comb,0,0,0.0,0.0
9588bc22dc001b2809f58d2acb767675a6db6407ec6095da7dfae50169e1b1e7,8,comb,1,1,0.0,0.1
9588bc22dc001b2809f58d2acb767675a6db6407ec6095da7dfae50169e1b1e7,8,comb,2,1,0.0,0.1
9588bc22dc001b2809f58d2acb767675a6db6407ec6095da7dfae50169e1b1e7,8,comb,3,2,0.010000000000000009,0.19924858845171275
9588bc22dc001b2809f58d2acb767675a6db6407ec6095da7dfae50169e1b1e7,8,comb,4,1,0.0,0.1
9588bc22dc001b2809f58d2acb767675a6db6407ec6095da7dfae50169e1b1e7,8,comb,5,2,0.010000000000000009,0.19924858845171275
9588bc22dc001b2809f58d2acb767675a6db6407ec6095da7dfae50169e1b1e7,8,comb,6,2,0.010000000000000009,0.19924858845171275
9588bc22dc001b2809f58d2acb767675a6db6407ec6095da7dfae50169e1b1e7,8,comb,7,3,0.02984962311319861,0.29750126050153136
9588bc22dc001b2809f58d2acb767675a6db6407ec6095da7dfae50169e1b1e7,8,comb,8,1,0.0,0.1
9588bc22dc001b2809f58d2acb767675a6db6407ec6095da7dfae50169e1b1e7,8,comb,9,2,0.010000000000000009,0.19924858845171275
9588bc22dc001b2809f58d2acb767675a6db6407ec6095da7dfae50169e1b1e7,8,comb,10,2,0.010000000000000009,0.19924858845171275
9588bc22dc001b2809f58d2acb767675a6db6407ec6095da7dfae50169e1b1e7,8,comb,11,3,0.02984962311319861,0.29750126050153136
9588bc22dc001b2809f58d2acb767675a6db6407ec6095da7dfae50169e1b1e7,8,comb,12,2,0.010000000000000009,0.19924858845171275
9588bc22dc001b2809f58d2acb767675a6db6407ec6095da7dfae50169e1b1e7,8,comb,13,3,0.02984962311319861,0.29750126050153136
9588bc22dc001b2809f58d2acb767675a6db6407ec6095da7dfae50169e1b1e7,8,comb,14,3,0.02984962311319861,0.29750126050153136
9588bc22dc001b2809f58d2acb767675a6db6407ec6095da7dfae50169e1b1e7,8,comb,15,4,0.05929999999999991,0.3945172366323175
9588bc22dc001b2809f58d2acb767675a6db6407ec6095da7dfae50169e1b1e7,8,comb,16,1,0.0,0.1
9588bc22dc001b2809f58d2acb767675a6db6407ec6095da7dfae50169e1b1e7,8,comb,17,2,0.010000000000000009,0.19924858845171275
9588bc22dc001b2809f58d2acb767675a6db6407ec6095da7dfae50169e1b1e7,8,comb,18,2,0.010000000000000009,0.19924858845171275
9588bc22dc001b2809f58d2acb767675a6db6407ec6095da7dfae50169e1b1e7,8,comb,19,3,0.02984962311319861,0.29750126050153136
9588bc22dc001b2809f58d2acb767675a6db6407ec6095da7dfae50169e1b1e7,8,comb,20,2,0.010000000000000009,0.19924858845171275
9588bc22dc001b2809f58d2acb767675a6db6407ec6095da7dfae50169e1b1e7,8,comb,21,3,0.02984962311319861,0.29750126050153136
9588bc22dc001b2809f58d2acb767675a6db6407ec6095da7dfae50169e1b1e7,8,comb,22,3,0.02984962311319861,0.29750126050153136
9588bc22dc001b2809f58d2acb767675a6db6407ec6095da7dfae50169e1b1e7,8,comb,23,4,0.05929999999999991,0.3945172366323175
9588bc22dc001b2809f58d2acb767675a6db6407ec6095da7dfae50169e1b1e7,8,comb,24,2,0.010000000000000009,0.19924858845171275
9588bc22dc001b2809f58d2acb767675a6db6407ec6095da7dfae50169e1b1e7,8,comb,25,3,0.02984962311319861,0.29750126050153136
9588bc22dc001b2809f58d2acb767675a6db6407ec6095da7dfae50169e1b1e7,8,comb,26,3,0.02984962311319861,0.29750126050153136
9588bc22dc001b2809f58d2acb767675a6db6407ec6095da7dfae50169e1b1e7,8,comb,27,4,0.05929999999999991,0.3945172366323175
9588bc22dc001b2809f58d2acb767675a6db6407ec6095da7dfae50169e1b1e7,8,comb,28,3,0.02984962311319861,0.29750126050153136
9588bc22dc001b2809f58d2acb767675a6db6407ec6095da7dfae50169e1b1e7,8,comb,29,4,0.05929999999999991,0.3945172366323175
9588bc22dc001b2809f58d2acb767675a6db6407ec6095da7dfae50169e1b1e7,8,comb,30,4,0.05929999999999991,0.3945172366323175
9588bc22dc001b2809f58d2acb767675a6db6407ec6095da7dfae50169e1b1e7,8,comb,31,5,0.09800626255500189,0.49006005050401735
9588bc22dc001b2809f58d2acb767675a6db6407ec6095da7dfae50169e1b1e7,8,comb,32,1,0.0,0.1
9588bc22dc001b2809f58d2acb767675a6db6407ec6095da7dfae50169e1b1e7,8,comb,33,2,0.010000000000000009,0.19924858845171275
9588bc22dc001b2809f58d2acb767675a6db6407ec6095da7dfae50169e1b1e7,8,comb,34,2,0.010000000000000009,0.19924858845171275
9588bc22dc001b2809f58d2acb767675a6db6407ec6095da7dfae50169e1b1e7,8,comb,35,3,0.02984962311319861,0.29750126050153136
9588bc22dc001b2809f58d2acb767675a6db6407ec6095da7dfae50169e1b1e7,8,comb,36,2,0.010000000000000009,0.19924858845171275
9588bc22dc001b2809f58d2acb767675a6db6407ec6095da7dfae50169e1b1e7,8,comb,37,3,0.02984962311319861,0.29750126050153136
9588bc22dc001b2809f58d2acb767675a6db6407ec6095da7dfae50169e1b1e7,8,comb,38,3,0.02984962311319861,0.29750126050153136
9588bc22dc001b2809f58d2acb767675a6db6407ec6095da7dfae50169e1b1e7,8,comb,39,4,0.05929999999999991,0.3945172366323175
9588bc22dc001b2809f58d2acb767675a6db6407ec6095da7dfae50169e1b1e7,8,comb,40,2,0.010000000000000009,0.19924858845171275
9588bc22dc001b2809f58d2acb767675a6db6407ec6095da7dfae50169e1b1e7,8,comb,41,3,0.02984962311319861,0.29750126050153136
9588bc22dc001b2809f58d2acb767675a6db6407ec6095da7dfae50169e1b1e7,8,comb,42,3,0.02984962311319861,0.29750126050153136
9588bc22dc001b2809f58d2acb767675a6db6407ec6095da7dfae50169e1b1e7,8,comb,43,4,0.05929999999999991,0.3945172366323175
9588bc22dc001b2809f58d2acb767675a6db6407ec6095da7dfae50169e1b1e7,8,comb,44,3,0.02984962311319861,0.29750126050153136
9588bc22dc001b2809f58d2acb767675a6db6407ec6095da7dfae50169e1b1e7,8,comb,45,4,0.05929999999999991,0.3945172366323175
9588bc22dc001b2809f58d2acb767675a6db6407ec6095da7dfae50169e1b1e7,8,comb,46,4,0.05929999999999991,0.3945172366323175
9588bc22dc001b2809f58d2acb767675a6db6407ec6095da7dfae50169e1b1e7,8,comb,47,5,0.09800626255500189,0.49006005050401735
9588bc22dc001b2809f58d2acb767675a6db6407ec6095da7dfae50169e1b1e7,8,comb,48,2,0.010000000000000009,0.19924858845171275
9588bc22dc001b2809f58d2acb767675a6db6407ec6095da7dfae50169e1b1e7,8,comb,49,3,0.02984962311319861,0.29750126050153136
9588bc22dc001b2809f58d2acb767675a6db6407ec6095da7dfae50169e1b1e7,8,comb,50,3,0.02984962311319861,0.29750126050153136
9588bc22dc001b2809f58d2acb767675a6db6407ec6095da7dfae50169e1b1e7,8,comb,51,4,0.05929999999999991,0.3945172366323175
9588bc22dc001b2809f58d2acb767675a6db6407ec6095da7dfae50169e1b1e7,8,comb,52,3,0.02984962311319861,0.29750126050153136
9588bc22dc001b2809f58d2acb767675a6db6407ec6095da7dfae50169e1b1e7,8,comb,53,4,0.05929999999999991,0.3945172366323175
9588bc22dc001b2809f58d2acb767675a6db6407ec6095da7dfae50169e1b1e7,8,comb,54,4,0.05929999999999991,0.3945172366323175
9588bc22dc001b2809f58d2acb767675a6db6407ec6095da7dfae50169e1b1e7,8,comb,55,5,0.09800626255500189,0.49006005050401735
9588bc22dc001b2809f58d2acb767675a6db6407ec6095da7dfae50169e1b1e7,8,comb,56,3,0.02984962311319861,0.29750126050153136
9588bc22dc001b2809f58d2acb767675a6db6407ec6095da7dfae50169e1b1e7,8,comb,57,4,0.05929999999999991,0.3945172366323175
9588bc22dc001b2809f58d2acb767675a6db6407ec6095da7dfae50169e1b1e7,8,comb,58,4,0.05929999999999991,0.3945172366323175
9588bc22dc001b2809f58d2acb767675a6db6407ec6095da7dfae50169e1b1e7,8,comb,59,5,0.09800626255500189,0.49006005050401735
9588bc22dc001b2809f58d2acb767675a6db6407ec6095da7dfae50169e1b1e7,8,comb,60,4,0.05929999999999991,0.3945172366323175
9588bc22dc001b2809f58d2acb767675a6db6407ec6095da7dfae50169e1b1e7,8,comb,61,5,0.09800626255500189,0.49006005050401735
9588bc22dc001b2809f58d2acb767675a6db6407ec6095da7dfae50169e1b1e7,8,comb,62,5,0.09800626255500189,0.49006005050401735
9588bc22dc001b2809f58d2acb767675a6db6407ec6095da7dfae50169e1b1e7,8,comb,63,6,0.14553099999999985,0.5838981230805593
9588bc22dc001b2809f58d2acb767675a6db6407ec6095da7dfae50169e1b1e7,8,comb,64,1,0.0,0.1
9588bc22dc001b2809f58d2acb767675a6db6407ec6095da7dfae50169e1b1e7,8,comb,65,2,0.010000000000000009,0.19924858845171275
9588bc22dc001b2809f58d2acb767675a6db6407ec6095da7dfae50169e1b1e7,8,comb,66,2,0.010000000000000009,0.19924858845171275
9588bc22dc001b2809f58d2acb767675a6db6407ec6095da7dfae50169e1b1e7,8,comb,67,3,0.02984962311319861,0.29750126050153136
9588bc22dc001b2809f58d2acb767675a6db6407ec6095da7dfae50169e1b1e7,8,comb,68,2,0.010000000000000009,0.19924858845171275
9588bc22dc001b2809f58d2acb767675a6db6407ec6095da7dfae50169e1b1e7,8,comb,69,3,0.02984962311319861,0.29750126050153136
9588bc22dc001b2809f58d2acb767675a6db6407ec6095da7dfae50169e1b1e7,8,comb,70,3,0.02984962311319861,0.29750126050153136
9588bc22dc001b2809f58d2acb767675a6db6407ec6095da7dfae50169e1b1e7,8,comb,71,4,0.05929999999999991,0.3945172366323175
9588bc22dc001b2809f58d2acb767675a6db6407ec6095da7dfae50169e1b1e7,8,comb,72,2,0.010000000000000009,0.19924858845171275
9588bc22dc001b2809f58d2acb767675a6db6407ec6095da7dfae50169e1b1e7,8,comb,73,3,0.02984962311319861,0.29750126050153136
9588bc22dc001b2809f58d2acb767675a6db6407ec6095da7dfae50169e1b1e7,8,comb,74,3,0.02984962311319861,0.29750126050153136
9588bc22dc001b2809f58d2acb767675a6db6407ec6095da7dfae50169e1b1e7,8,comb,75,4,0.05929999999999991,0.3945172366323175
9588bc22dc001b2809f58d2acb767675a6db6407ec6095da7dfae50169e1b1e7,8,comb,76,3,0.02984962311319861,0.29750126050153136
9588bc22dc001b2809f58d2acb767675a6db6407ec6095da7dfae50169e1b1e7,8,comb,77,4,0.05929999999999991,0.3945172366323175
9588bc22dc001b2809f58d2acb767675a6db6407ec6095da7dfae50169e1b1e7,8,comb,78,4,0.05929999999999991,0.3945172366323175
9588bc22dc001b2809f58d2acb767675a6db6407ec6095da7dfae50169e1b1e7,8,comb,79,5,0.09800626255500189,0.49006005050401735
9588bc22dc001b2809f58d2acb767675a6db6407ec6095da7dfae50169e1b1e7,8,comb,80,2,0.010000000000000009,0.19924858845171275
9588bc22dc001b2809f58d2acb767675a6db6407ec6095da7dfae50169e1b1e7,8,comb,81,3,0.02984962311319861,0.29750126050153136
9588bc22dc001b2809f58d2acb767675a6db6407ec6095da7dfae50169e1b1e7,8,comb,82,3,0.02984962311319861,0.29750126050153136
9588bc22dc001b2809f58d2acb767675a6db6407ec6095da7dfae50169e1b1e7,8,comb,83,4,0.05929999999999991,0.3945172366323175
9588bc22dc001b2809f58d2acb767675a6db6407ec6095da7dfae50169e1b1e7,8,comb,84,3,0.02984962311319861,0.29750126050153136
9588bc22dc001b2809f58d2acb767675a6db6407ec6095da7dfae50169e1b1e7,8,comb,85,4,0.05929999999999991,0.3945172366323175
9588bc22dc001b2809f58d2acb767675a6db6407ec6095da7dfae50169e1b1e7,8,comb,86,4,0.05929999999999991,0.3945172366323175
9588bc22dc001b2809f58d2acb767675a6db6407ec6095da7dfae50169e1b1e7,8,comb,87,5,0.09800626255500189,0.49006005050401735
9588bc22dc001b2809f58d2acb767675a6db6407ec6095da7dfae50169e1b1e7,8,comb,88,3,0.02984962311319861,0.29750126050153136
9588bc22dc001b2809f58d2acb767675a6db6407ec6095da7dfae50169e1b1e7,8,comb,89,4,0.05929999999999991,0.3945172366323175
9588bc22dc001b2809f58d2acb767675a6db6407ec6095da7dfae50169e1b1e7,8,comb,90,4,0.05929999999999991,0.3945172366323175
9588bc22dc001b2809f58d2acb767675a6db6407ec6095da7dfae50169e1b1e7,8,comb,91,5,0.09800626255500189,0.49006005050401735
9588bc22dc001b2809f58d2acb767675a6db6407ec6095da7dfae50169e1b1e7,8,comb,92,4,0.05929999999999991,0.3945172366323175
9588bc22dc001b2809f58d2acb767675a6db6407ec6095da7dfae50169e1b1e7,8,comb,93,5,0.09800626255500189,0.49006005050401735
9588bc22dc001b2809f58d2acb767675a6db6407ec6095da7dfae50169e1b1e7,8,comb,94,5,0.09800626255500189,0.49006005050401735
9588bc22dc001b2809f58d2acb767675a6db6407ec6095da7dfae50169e1b1e7,8,comb,95,6,0.14553099999999985,0.5838981230805593
9588bc22dc001b2809f58d2acb767675a6db6407ec6095da7dfae50169e1b1e7,8,comb,96,2,0.010000000000000009,0.19924858845171275
9588bc22dc001b2809f58d2acb767675a6db6407ec6095da7dfae50169e1b1e7,8,comb,97,3,0.02984962311319861,0.29750126050153136
9588bc22dc001b2809f58d2acb767675a6db6407ec6095da7dfae50169e1b1e7,8,comb,98,3,0.02984962311319861,0.29750126050153136
9588bc22dc001b2809f58d2acb767675a6db6407ec6095da7dfae50169e1b1e7,8,comb,99,4,0.05929999999999991,0.3945172366323175
9588bc22dc001b2809f58d2acb767675a6db6407ec6095da7dfae50169e1b1e7,8,comb,100,3,0.02984962311319861,0.29750126050153136
9588bc22dc001b2809f58d2acb767675a6db6407ec6095da7dfae50169e1b1e7,8,comb,101,4,0.05929999999999991,0.3945172366323175
9588bc22dc001b2809f58d2acb767675a6db6407ec6095da7dfae50169e1b1e7,8,comb,102,4,0.05929999999999991,0.3945172366323175
9588bc22dc001b2809f58d2acb767675a6db6407ec6095da7dfae50169e1b1e7,8,comb,103,5,0.09800626255500189,0.49006005050401735
9588bc22dc001b2809f58d2acb767675a6db6407ec6095da7dfae50169e1b1e7,8,comb,104,3,0.02984962311319861,0.29750126050153136
9588bc22dc001b2809f58d2acb767675a6db6407ec6095da7dfae50169e1b1e7,8,comb,105,4,0.05929999999999991,0.3945172366323175
9588bc22dc001b2809f58d2acb767675a6db6407ec6095da7dfae50169e1b1e7,8,comb,106,4,0.05929999999999991,0.3945172366323175
9588bc22dc001b2809f58d2acb767675a6db6407ec6095da7dfae50169e1b1e7,8,comb,107,5,0.09800626255500189,0.49006005050401735
9588bc22dc001b2809f58d2acb767675a6db6407ec6095da7dfae50169e1b1e7,8,comb,108,4,0.05929999999999991,0.3945172366323175
9588bc22dc001b2809f58d2acb767675a6db6407ec6095da7dfae50169e1b1e7,8,comb,109,5,0.09800626255500189,0.49006005050401735
9588bc22dc001b2809f58d2acb767675a6db6407ec6095da7dfae50169e1b1e7,8,comb,110,5,0.09800626255500189,0.49006005050401735
9588bc22dc001b2809f58d2acb767675a6db6407ec6095da7dfae50169e1b1e7,8,comb,111,6,0.14553099999999985,0.5838981230805593
9588bc22dc001b2809f58d2acb767675a6db6407ec6095da7dfae50169e1b1e7,8,comb,112,3,0.02984962311319861,0.29750126050153136
9588bc22dc001b2809f58d2acb767675a6db6407ec6095da7dfae50169e1b1e7,8,comb,113,4,0.05929999999999991,0.3945172366323175
9588bc22dc001b2809f58d2acb767675a6db6407ec6095da7dfae50169e1b1e7,8,comb,114,4,0.05929999999999991,0.3945172366323175
9588bc22dc001b2809f58d2acb767675a6db6407ec6095da7dfae50169e1b1e7,8,comb,115,5,0.09800626255500189,0.49006005050401735
9588bc22dc001b2809f58d2acb767675a6db6407ec6095da7dfae50169e1b1e7,8,comb,116,4,0.05929999999999991,0.3945172366323175
9588bc22dc001b2809f58d2acb767675a6db6407ec6095da7dfae50169e1b1e7,8,comb,117,5,0.09800626255500189,0.49006005050401735
9588bc22dc001b2809f58d2acb767675a6db6407ec6095da7dfae50169e1b1e7,8,comb,118,5,0.09800626255500189,0.49006005050401735
9588bc22dc001b2809f58d2acb767675a6db6407ec6095da7dfae50169e1b1e7,8,comb,119,6,0.14553099999999985,0.5838981230805593
9588bc22dc001b2809f58d2acb767675a6db6407ec6095da7dfae50169e1b1e7,8,comb,120,4,0.05929999999999991,0.3945172366323175
9588bc22dc001b2809f58d2acb767675a6db6407ec6095da7dfae50169e1b1e7,8,comb,121,5,0.09800626255500189,0.49006005050401735
9588bc22dc001b2809f58d2acb767675a6db6407ec6095da7dfae50169e1b1e7,8,comb,122,5,0.09800626255500189,0.49006005050401735
9588bc22dc001b2809f58d2acb767675a6db6407ec6095da7dfae50169e1b1e7,8,comb,123,6,0.14553099999999985,0.5838981230805593
9588bc22dc001b2809f58d2acb767675a6db6407ec6095da7dfae50169e1b1e7,8,comb,124,5,0.09800626255500189,0.49006005050401735
9588bc22dc001b2809f58d2acb767675a6db6407ec6095da7dfae50169e1b1e7,8,comb,125,6,0.14553099999999985,0.5838981230805593
9588bc22dc001b2809f58d2acb767675a6db6407ec6095da7dfae50169e1b1e7,8,comb,126,6,0.14553099999999985,0.5838981230805593
9588bc22dc001b2809f58d2acb767675a6db6407ec6095da7dfae50169e1b1e7,8,comb,127,7,0.2013486427352067,0.67580532169869
9588bc22dc001b2809f58d2acb767675a6db6407ec6095da7dfae50169e1b1e7,8,comb,128,1,0.0,0.1
9588bc22dc001b2809f58d2acb767675a6db6407ec6095da7dfae50169e1b1e7,8,comb,129,2,0.010000000000000009,0.19924858845171275
9588bc22dc001b2809f58d2acb767675a6db6407ec6095da7dfae50169e1b1e7,8,comb,130,2,0.010000000000000009,0.19924858845171275
9588bc22dc001b2809f58d2acb767675a6db6407ec6095da7dfae50169e1b1e7,8,comb,131,3,0.02984962311319861,0.29750126050153136
9588bc22dc001b2809f58d2acb767675a6db6407ec6095da7dfae50169e1b1e7,8,comb,132,2,0.010000000000000009,0.19924858845171275
9588bc22dc001b2809f58d2acb767675a6db6407ec6095da7dfae50169e1b1e7,8,comb,133,3,0.02984962311319861,0.29750126050153136
9588bc22dc001b2809f58d2acb767675a6db6407ec6095da7dfae50169e1b1e7,8,comb,134,3,0.02984962311319861,0.29750126050153136
9588bc22dc001b2809f58d2acb767675a6db6407ec6095da7dfae50169e1b1e7,8,comb,135,4,0.05929999999999991,0.3945172366323175
9588bc22dc001b2809f58d2acb767675a6db6407ec6095da7dfae50169e1b1e7,8,comb,136,2,0.010000000000000009,0.19924858845171275
9588bc22dc001b2809f58d2acb767675a6db6407ec6095da7dfae50169e1b1e7,8,comb,137,3,0.02984962311319861,0.29750126050153136
9588bc22dc001b2809f58d2acb767675a6db6407ec6095da7dfae50169e1b1e7,8,comb,138,3,0.02984962311319861,0.29750126050153136
9588bc22dc001b2809f58d2acb767675a6db6407ec6095da7dfae50169e1b1e7,8,comb,139,4,0.05929999999999991,0.3945172366323175
9588bc22dc001b2809f58d2acb767675a6db6407ec6095da7dfae50169e1b1e7,8,comb,140,3,0.02984962311319861,0.29750126050153136
9588bc22dc001b2809f58d2acb767675a6db6407ec6095da7dfae50169e1b1e7,8,comb,141,4,0.05929999999999991,0.3945172366323175
9588bc22dc001b2809f58d2acb767675a6db6407ec6095da7dfae50169e1b1e7,8,comb,142,4,0.05929999999999991,0.3945172366323175
9588bc22dc001b2809f58d2acb767675a6db6407ec6095da7dfae50169e1b1e7,8,comb,143,5,0.09800626255500189,0.49006005050401735
9588bc22dc001b2809f58d2acb767675a6db6407ec6095da7dfae50169e1b1e7,8,comb,144,2,0.010000000000000009,0.19924858845171275
9588bc22dc001b2809f58d2acb767675a6db6407ec6095da7dfae50169e1b1e7,8,comb,145,3,0.02984962311319861,0.29750126050153136
9588bc22dc001b2809f58d2acb767675a6db6407ec6095da7dfae50169e1b1e7,8,comb,146,3,0.02984962311319861,0.29750126050153136
9588bc22dc001b2809f58d2acb767675a6db6407ec6095da7dfae50169e1b1e7,8,comb,147,4,0.05929999999999991,0.3945172366323175
9588bc22dc001b2809f58d2acb767675a6db6407ec6095da7dfae50169e1b1e7,8,comb,148,3,0.02984962311319861,0.29750126050153136
9588bc22dc001b2809f58d2acb767675a6db6407ec6095da7dfae50169e1b1e7,8,comb,149,4,0.05929999999999991,0.3945172366323175
9588bc22dc001b2809f58d2acb767675a6db6407ec6095da7dfae50169e1b1e7,8,comb,150,4,0.05929999999999991,0.3945172366323175
9588bc22dc001b2809f58d2acb767675a6db6407ec6095da7dfae50169e1b1e7,8,comb,151,5,0.09800626255500189,0.49006005050401735
9588bc22dc001b2809f58d2acb767675a6db6407ec6095da7dfae50169e1b1e7,8,comb,152,3,0.02984962311319861,0.29750126050153136
9588bc22dc001b2809f58d2acb767675a6db6407ec6095da7dfae50169e1b1e7,8,comb,153,4,0.05929999999999991,0.3945172366323175
9588bc22dc001b2809f58d2acb767675a6db6407ec6095da7dfae50169e1b1e7,8,comb,154,4,0.05929999999999991,0.3945172366323175
9588bc22dc001b2809f58d2acb767675a6db6407ec6095da7dfae50169e1b1e7,8,comb,155,5,0.09800626255500189,0.49006005050401735
9588bc22dc001b2809f58d2acb767675a6db6407ec6095da7dfae50169e1b1e7,8,comb,156,4,0.05929999999999991,0.3945172366323175
9588bc22dc001b2809f58d2acb767675a6db6407ec6095da7dfae50169e1b1e7,8,comb,157,5,0.09800626255500189,0.49006005050401735
9588bc22dc001b2809f58d2acb767675a6db6407ec6095da7dfae50169e1b1e7,8,comb,158,5,0.09800626255500189,0.49006005050401735
9588bc22dc001b2809f58d2acb767675a6db6407ec6095da7dfae50169e1b1e7,8,comb,159,6,0.14553099999999985,0.5838981230805593
9588bc22dc001b2809f58d2acb767675a6db6407ec6095da7dfae50169e1b1e7,8,comb,160,2,0.010000000000000009,0.19924858845171275
9588bc22dc001b2809f58d2acb767675a6db6407ec6095da7dfae50169e1b1e7,8,comb,161,3,0.02984962311319861,0.29750126050153136
9588bc22dc001b2809f58d2acb767675a6db6407ec6095da7dfae50169e1b1e7,8,comb,162,3,0.02984962311319861,0.29750126050153136
9588bc22dc001b2809f58d2acb767675a6db6407ec6095da7dfae50169e1b1e7,8,comb,163,4,0.05929999999999991,0.3945172366323175
9588bc22dc001b2809f58d2acb767675a6db6407ec6095da7dfae50169e1b1e7,8,comb,164,3,0.02984962311319861,0.29750126050153136
9588bc22dc001b2809f58d2acb767675a6db6407ec6095da7dfae50169e1b1e7,8,comb,165,4,0.05929999999999991,0.3945172366323175
9588bc22dc001b2809f58d2acb767675a6db6407ec6095da7dfae50169e1b1e7,8,comb,166,4,0.05929999999999991,0.3945172366323175
9588bc22dc001b2809f58d2acb767675a6db6407ec6095da7dfae50169e1b1e7,8,comb,167,5,0.09800626255500189,0.49006005050401735
9588bc22dc001b2809f58d2acb767675a6db6407ec6095da7dfae50169e1b1e7,8,comb,168,3,0.02984962311319861,0.29750126050153136
9588bc22dc001b2809f58d2acb767675a6db6407ec6095da7dfae50169e1b1e7,8,comb,169,4,0.05929999999999991,0.3945172366323175
9588bc22dc001b2809f58d2acb767675a6db6407ec6095da7dfae50169e1b1e7,8,comb,170,4,0.05929999999999991,0.3945172366323175
9588bc22dc001b2809f58d2acb767675a6db6407ec6095da7dfae50169e1b1e7,8,comb,171,5,0.09800626255500189,0.49006005050401735
9588bc22dc001b2809f58d2acb767675a6db6407ec6095da7dfae50169e1b1e7,8,comb,172,4,0.05929999999999991,0.3945172366323175
9588bc22dc001b2809f58d2acb767675a6db6407ec6095da7dfae50169e1b1e7,8,comb,173,5,0.09800626255500189,0.49006005050401735
9588bc22dc001b2809f58d2acb767675a6db6407ec6095da7dfae50169e1b1e7,8,comb,174,5,0.09800626255500189,0.49006005050401735
9588bc22dc001b2809f58d2acb767675a6db6407ec6095da7dfae50169e1b1e7,8,comb,175,6,0.14553099999999985,0.5838981230805593
9588bc22dc001b2809f58d2acb767675a6db6407ec6095da7dfae50169e1b1e7,8,comb,176,3,0.02984962311319861,0.29750126050153136
9588bc22dc001b2809f58d2acb767675a6db6407ec6095da7dfae50169e1b1e7,8,comb,177,4,0.05929999999999991,0.3945172366323175
9588bc22dc001b2809f58d2acb767675a6db6407ec6095da7dfae50169e1b1e7,8,comb,178,4,0.05929999999999991,0.3945172366323175
9588bc22dc001b2809f58d2acb767675a6db6407ec6095da7dfae50169e1b1e7,8,comb,179,5,0.09800626255500189,0.49006005050401735
9588bc22dc001b2809f58d2acb767675a6db6407ec6095da7dfae50169e1b1e7,8,comb,180,4,0.05929999999999991,0.3945172366323175
9588bc22dc001b2809f58d2acb767675a6db6407ec6095da7dfae50169e1b1e7,8,comb,181,5,0.09800626255500189,0.49006005050401735
9588bc22dc001b2809f58d2acb767675a6db6407ec6095da7dfae50169e1b1e7,8,comb,182,5,0.09800626255500189,0.49006005050401735
9588bc22dc001b2809f58d2acb767675a6db6407ec6095da7dfae50169e1b1e7,8,comb,183,6,0.14553099999999985,0.5838981230805593
9588bc22dc001b2809f58d2acb767675a6db6407ec6095da7dfae50169e1b1e7,8,comb,184,4,0.05929999999999991,0.3945172366323175
9588bc22dc001b2809f58d2acb767675a6db6407ec6095da7dfae50169e1b1e7,8,comb,185,5,0.09800626255500189,0.49006005050401735
9588bc22dc001b2809f58d2acb767675a6db6407ec6095da7dfae50169e1b1e7,8,comb,186,5,0.09800626255500189,0.49006005050401735
9588bc22dc001b2809f58d2acb767675a6db6407ec6095da7dfae50169e1b1e7,8,comb,187,6,0.14553099999999985,0.5838981230805593
9588bc22dc001b2809f58d2acb767675a6db6407ec6095da7dfae50169e1b1e7,8,comb,188,5,0.09800626255500189,0.49006005050401735
9588bc22dc001b2809f58d2acb767675a6db6407ec6095da7dfae50169e1b1e7,8,comb,189,6,0.14553099999999985,0.5838981230805593
9588bc22dc001b2809f58d2acb767675a6db6407ec6095da7dfae50169e1b1e7,8,comb,190,6,0.14553099999999985,0.5838981230805593
9588bc22dc001b2809f58d2acb767675a6db6407ec6095da7dfae50169e1b1e7,8,comb,191,7,0.2013486427352067,0.67580532169869
9588bc22dc001b2809f58d2acb767675a6db6407ec6095da7dfae50169e1b1e7,8,comb,192,2,0.010000000000000009,0.19924858845171275
9588bc22dc001b2809f58d2acb767675a6db6407ec6095da7dfae50169e1b1e7,8,comb,193,3,0.02984962311319861,0.29750126050153136
9588bc22dc001b2809f58d2acb767675a6db6407ec6095da7dfae50169e1b1e7,8,comb,194,3,0.02984962311319861,0.29750126050153136
9588bc22dc001b2809f58d2acb767675a6db6407ec6095da7dfae50169e1b1e7,8,comb,195,4,0.05929999999999991,0.3945172366323175
9588bc22dc001b2809f58d2acb767675a6db6407ec6095da7dfae50169e1b1e7,8,comb,196,3,0.02984962311319861,0.29750126050153136
9588bc22dc001b2809f58d2acb767675a6db6407ec6095da7dfae50169e1b1e7,8,comb,197,4,0.05929999999999991,0.3945172366323175
9588bc22dc001b2809f58d2acb767675a6db6407ec6095da7dfae50169e1b1e7,8,comb,198,4,0.05929999999999991,0.3945172366323175
9588bc22dc001b2809f58d2acb767675a6db6407ec6095da7dfae50169e1b1e7,8,comb,199,5,0.09800626255500189,0.49006005050401735
9588bc22dc001b2809f58d2acb767675a6db6407ec6095da7dfae50169e1b1e7,8,comb,200,3,0.02984962311319861,0.29750126050153136
9588bc22dc001b2809f58d2acb767675a6db6407ec6095da7dfae50169e1b1e7,8,comb,201,4,0.05929999999999991,0.3945172366323175
9588bc22dc001b2809f58d2acb767675a6db6407ec6095da7dfae50169e1b1e7,8,comb,202,4,0.05929999999999991,0.3945172366323175
9588bc22dc001b2809f58d2acb767675a6db6407ec6095da7dfae50169e1b1e7,8,comb,203,5,0.09800626255500189,0.49006005050401735
9588bc22dc001b2809f58d2acb767675a6db6407ec6095da7dfae50169e1b1e7,8,comb,204,4,0.05929999999999991,0.3945172366323175
9588bc22dc001b2809f58d2acb767675a6db6407ec6095da7dfae50169e1b1e7,8,comb,205,5,0.09800626255500189,0.49006005050401735
9588bc22dc001b2809f58d2acb767675a6db6407ec6095da7dfae50169e1b1e7,8,comb,206,5,0.09800626255500189,0.49006005050401735
9588bc22dc001b2809f58d2acb767675a6db6407ec6095da7dfae50169e1b1e7,8,comb,207,6,0.14553099999999985,0.5838981230805593
9588bc22dc001b2809f58d2acb767675a6db6407ec6095da7dfae50169e1b1e7,8,comb,208,3,0.02984962311319861,0.29750126050153136
9588bc22dc001b2809f58d2acb767675a6db6407ec6095da7dfae50169e1b1e7,8,comb,209,4,0.05929999999999991,0.3945172366323175
9588bc22dc001b2809f58d2acb767675a6db6407ec6095da7dfae50169e1b1e7,8,comb,210,4,0.05929999999999991,0.3945172366323175
9588bc22dc001b2809f58d2acb767675a6db6407ec6095da7dfae50169e1b1e7,8,comb,211,5,0.09800626255500189,0.49006005050401735
9588bc22dc001b2809f58d2acb767675a6db6407ec6095da7dfae50169e1b1e7,8,comb,212,4,0.05929999999999991,0.3945172366323175
9588bc22dc001b2809f58d2acb767675a6db6407ec6095da7dfae50169e1b1e7,8,comb,213,5,0.09800626255500189,0.49006005050401735
9588bc22dc001b2809f58d2acb767675a6db6407ec6095da7dfae50169e1b1e7,8,comb,214,5,0.09800626255500189,0.49006005050401735
9588bc22dc001b2809f58d2acb767675a6db6407ec6095da7dfae50169e1b1e7,8,comb,215,6,0.14553099999999985,0.5838981230805593
9588bc22dc001b2809f58d2acb767675a6db6407ec6095da7dfae50169e1b1e7,8,comb,216,4,0.05929999999999991,0.3945172366323175
9588bc22dc001b2809f58d2acb767675a6db6407ec6095da7dfae50169e1b1e7,8,comb,217,5,0.09800626255500189,0.49006005050401735
9588bc22dc001b2809f58d2acb767675a6db6407ec6095da7dfae50169e1b1e7,8,comb,218,5,0.09800626255500189,0.49006005050401735
9588bc22dc001b2809f58d2acb767675a6db6407ec6095da7dfae50169e1b1e7,8,comb,219,6,0.14553099999999985,0.5838981230805593
9588bc22dc001b2809f58d2acb767675a6db6407ec6095da7dfae50169e1b1e7,8,comb,220,5,0.09800626255500189,0.49006005050401735
9588bc22dc001b2809f58d2acb767675a6db6407ec6095da7dfae50169e1b1e7,8,comb,221,6,0.14553099999999985,0.5838981230805593
9588bc22dc001b2809f58d2acb767675a6db6407ec6095da7dfae50169e1b1e7,8,comb,222,6,0.14553099999999985,0.5838981230805593
9588bc22dc001b2809f58d2acb767675a6db6407ec6095da7dfae50169e1b1e7,8,comb,223,7,0.2013486427352067,0.67580532169869
9588bc22dc001b2809f58d2acb767675a6db6407ec6095da7dfae50169e1b1e7,8,comb,224,3,0.02984962311319861,0.29750126050153136
9588bc22dc001b2809f58d2acb767675a6db6407ec6095da7dfae50169e1b1e7,8,comb,225,4,0.05929999999999991,0.3945172366323175
9588bc22dc001b2809f58d2acb767675a6db6407ec6095da7dfae50169e1b1e7,8,comb,226,4,0.05929999999999991,0.3945172366323175
9588bc22dc001b2809f58d2acb767675a6db6407ec6095da7dfae50169e1b1e7,8,comb,227,5,0.09800626255500189,0.49006005050401735
9588bc22dc001b2809f58d2acb767675a6db6407ec6095da7dfae50169e1b1e7,8,comb,228,4,0.05929999999999991,0.3945172366323175
9588bc22dc001b2809f58d2acb767675a6db6407ec6095da7dfae50169e1b1e7,8,comb,229,5,0.09800626255500189,0.49006005050401735
9588bc22dc001b2809f58d2acb767675a6db6407ec6095da7dfae50169e1b1e7,8,comb,230,5,0.09800626255500189,0.49006005050401735
9588bc22dc001b2809f58d2acb767675a6db6407ec6095da7dfae50169e1b1e7,8,comb,231,6,0.14553099999999985,0.5838981230805593
9588bc22dc001b2809f58d2acb767675a6db6407ec6095da7dfae50169e1b1e7,8,comb,232,4,0.05929999999999991,0.3945172366323175
9588bc22dc001b2809f58d2acb767675a6db6407ec6095da7dfae50169e1b1e7,8,comb,233,5,0.09800626255500189,0.49006005050401735
9588bc22dc001b2809f58d2acb767675a6db6407ec6095da7dfae50169e1b1e7,8,comb,234,5,0.09800626255500189,0.49006005050401735
9588bc22dc001b2809f58d2acb767675a6db6407ec6095da7dfae50169e1b1e7,8,comb,235,6,0.14553099999999985,0.5838981230805593
9588bc22dc001b2809f58d2acb767675a6db6407ec6095da7dfae50169e1b1e7,8,comb,236,5,0.09800626255500189,0.49006005050401735
9588bc22dc001b2809f58d2acb767675a6db6407ec6095da7dfae50169e1b1e7,8,comb,237,6,0.14553099999999985,0.5838981230805593
9588bc22dc001b2809f58d2acb767675a6db6407ec6095da7dfae50169e1b1e7,8,comb,238,6,0.14553099999999985,0.5838981230805593
9588bc22dc001b2809f58d2acb767675a6db6407ec6095da7dfae50169e1b1e7,8,comb,239,7,0.2013486427352067,0.67580532169869
9588bc22dc001b2809f58d2acb767675a6db6407ec6095da7dfae50169e1b1e7,8,comb,240,4,0.05929999999999991,0.3945172366323175
9588bc22dc001b2809f58d2acb767675a6db6407ec6095da7dfae50169e1b1e7,8,comb,241,5,0.09800626255500189,0.49006005050401735
9588bc22dc001b2809f58d2acb767675a6db6407ec6095da7dfae50169e1b1e7,8,comb,242,5,0.09800626255500189,0.49006005050401735
9588bc22dc001b2809f58d2acb767675a6db6407ec6095da7dfae50169e1b1e7,8,comb,243,6,0.14553099999999985,0.5838981230805593
9588bc22dc001b2809f58d2acb767675a6db6407ec6095da7dfae50169e1b1e7,8,comb,244,5,0.09800626255500189,0.49006005050401735
9588bc22dc001b2809f58d2acb767675a6db6407ec6095da7dfae50169e1b1e7,8,comb,245,6,0.14553099999999985,0.5838981230805593
9588bc22dc001b2809f58d2acb767675a6db6407ec6095da7dfae50169e1b1e7,8,comb,246,6,0.14553099999999985,0.5838981230805593
9588bc22dc001b2809f58d2acb767675a6db6407ec6095da7dfae50169e1b1e7,8,comb,247,7,0.2013486427352067,0.67580532169869
9588bc22dc001b2809f58d2acb767675a6db6407ec6095da7dfae50169e1b1e7,8,comb,248,5,0.09800626255500189,0.49006005050401735
9588bc22dc001b2809f58d2acb767675a6db6407ec6095da7dfae50169e1b1e7,8,comb,249,6,0.14553099999999985,0.5838981230805593
9588bc22dc001b2809f58d2acb767675a6db6407ec6095da7dfae50169e1b1e7,8,comb,250,6,0.14553099999999985,0.5838981230805593
9588bc22dc001b2809f58d2acb767675a6db6407ec6095da7dfae50169e1b1e7,8,comb,251,7,0.2013486427352067,0.67580532169869
9588bc22dc001b2809f58d2acb767675a6db6407ec6095da7dfae50169e1b1e7,8,comb,252,6,0.14553099999999985,0.5838981230805593
9588bc22dc001b2809f58d2acb767675a6db6407ec6095da7dfae50169e1b1e7,8,comb,253,7,0.2013486427352067,0.67580532169869
9588bc22dc001b2809f58d2acb767675a6db6407ec6095da7dfae50169e1b1e7,8,comb,254,7,0.2013486427352067,0.67580532169869
9588bc22dc001b2809f58d2acb767675a6db6407ec6095da7dfae50169e1b1e7,8,comb,255,8,0.2648507299999998,0.765561502780315
d18a6d36d183228618521e28e6971898bb7387d22b68ff47a494258df4de13c9,8,balanced,0,0,0.0,0.0
d18a6d36d183228618521e28e6971898bb7387d22b68ff47a494258df4de13c9,8,balanced,1,1,0.0,0.1
d18a6d36d183228618521e28e6971898bb7387d22b68ff47a494258df4de13c9,8,balanced,2,1,0.0,0.1
d18a6d36d183228618521e28e6971898bb7387d22b68ff47a494258df4de13c9,8,balanced,3,2,0.010000000000000009,0.19924858845171275
d18a6d36d183228618521e28e6971898bb7387d22b68ff47a494258df4de13c9,8,balanced,4,1,0.0,0.1
d18a6d36d183228618521e28e6971898bb7387d22b68ff47a494258df4de13c9,8,balanced,5,2,0.010000000000000009,0.19924858845171275
d18a6d36d183228618521e28e6971898bb7387d22b68ff47a494258df4de13c9,8,balanced,6,2,0.010000000000000009,0.19924858845171275
d18a6d36d183228618521e28e6971898bb7387d22b68ff47a494258df4de13c9,8,balanced,7,3,0.02984962311319861,0.29750126050153136
d18a6d36d183228618521e28e6971898bb7387d22b68ff47a494258df4de13c9,8,balanced,8,1,0.0,0.1
d18a6d36d183228618521e28e6971898bb7387d22b68ff47a494258df4de13c9,8,balanced,9,2,0.010000000000000009,0.19924858845171275
d18a6d36d183228618521e28e6971898bb7387d22b68ff47a494258df4de13c9,8,balanced,10,2,0.010000000000000009,0.19924858845171275
d18a6d36d183228618521e28e6971898bb7387d22b68ff47a494258df4de13c9,8,balanced,11,3,0.02984962311319861,0.29750126050153136
d18a6d36d183228618521e28e6971898bb7387d22b68ff47a494258df4de13c9,8,balanced,12,2,0.010000000000000009,0.19924858845171275
d18a6d36d183228618521e28e6971898bb7387d22b68ff47a494258df4de13c9,8,balanced,13,3,0.02984962311319861,0.29750126050153136
d18a6d36d183228618521e28e6971898bb7387d22b68ff47a494258df4de13c9,8,balanced,14,3,0.02984962311319861,0.29750126050153136
d18a6d36d183228618521e28e6971898bb7387d22b68ff47a494258df4de13c9,8,balanced,15,4,0.05929999999999991,0.3945172366323175
d18a6d36d183228618521e28e6971898bb7387d22b68ff47a494258df4de13c9,8,balanced,16,1,0.0,0.0
d18a6d36d183228618521e28e6971898bb7387d22b68ff47a494258df4de13c9,8,balanced,17,2,0.0,0.099498743710662
d18a6d36d183228618521e28e6971898bb7387d22b68ff47a494258df4de13c9,8,balanced,18,2,0.0,0.099498743710662
d18a6d36d183228618521e28e6971898bb7387d22b68ff47a494258df4de13c9,8,balanced,19,3,0.009949874371066203,0.19824984237068136
d18a6d36d183228618521e28e6971898bb7387d22b68ff47a494258df4de13c9,8,balanced,20,2,0.0,0.099498743710662
d18a6d36d183228618521e28e6971898bb7387d22b68ff47a494258df4de13c9,8,balanced,21,3,0.009949874371066203,0.19824984237068136
d18a6d36d183228618521e28e6971898bb7387d22b68ff47a494258df4de13c9,8,balanced,22,3,0.009949874371066203,0.19824984237068136
d18a6d36d183228618521e28e6971898bb7387d22b68ff47a494258df4de13c9,8,balanced,23,4,0.02969999999999995,0.2960100167224076
d18a6d36d183228618521e28e6971898bb7387d22b68ff47a494258df4de13c9,8,balanced,24,2,0.0,0.099498743710662
d18a6d36d183228618521e28e6971898bb7387d22b68ff47a494258df4de13c9,8,balanced,25,3,0.009949874371066203,0.19824984237068136
d18a6d36d183228618521e28e6971898bb7387d22b68ff47a494258df4de13c9,8,balanced,26,3,0.009949874371066203,0.19824984237068136
d18a6d36d183228618521e28e6971898bb7387d22b68ff47a494258df4de13c9,8,balanced,27,4,0.02969999999999995,0.2960100167224076
d18a6d36d183228618521e28e6971898bb7387d22b68ff47a494258df4de13c9,8,balanced,28,3,0.009949874371066203,0.19824984237068136
d18a6d36d183228618521e28e6971898bb7387d22b68ff47a494258df4de13c9,8,balanced,29,4,0.02969999999999995,0.2960100167224076
d18a6d36d183228618521e28e6971898bb7387d22b68ff47a494258df4de13c9,8,balanced,30,4,0.02969999999999995,0.2960100167224076
d18a6d36d183228618521e28e6971898bb7387d22b68ff47a494258df4de13c9,8,balanced,31,5,0.059002755020422515,0.39253969417117557
d18a6d36d183228618521e28e6971898bb7387d22b68ff47a494258df4de13c9,8,balanced,32,1,0.0,0.0
d18a6d36d183228618521e28e6971898bb7387d22b68ff47a494258df4de13c9,8,balanced,33,2,0.0,0.099498743710662
d18a6d36d183228618521e28e6971898bb7387d22b68ff47a494258df4de13c9,8,balanced,34,2,0.0,0.099498743710662
d18a6d36d183228618521e28e6971898bb7387d22b68ff47a494258df4de13c9,8,balanced,35,3,0.009949874371066203,0.19824984237068136
d18a6d36d183228618521e28e6971898bb7387d22b68ff47a494258df4de13c9,8,balanced,36,2,0.0,0.099498743710662
d18a6d36d183228618521e28e6971898bb7387d22b68ff47a494258df4de13c9,8,balanced,37,3,0.009949874371066203,0.19824984237068136
d18a6d36d183228618521e28e6971898bb7387d22b68ff47a494258df4de13c9,8,balanced,38,3,0.009949874371066203,0.19824984237068136
d18a6d36d183228618521e28e6971898bb7387d22b68ff47a494258df4de13c9,8,balanced,39,4,0.02969999999999995,0.2960100167224076
d18a6d36d183228618521e28e6971898bb7387d22b68ff47a494258df4de13c9,8,balanced,40,2,0.0,0.099498743710662
d18a6d36d183228618521e28e6971898bb7387d22b68ff47a494258df4de13c9,8,balanced,41,3,0.009949874371066203,0.19824984237068136
d18a6d36d183228618521e28e6971898bb7387d22b68ff47a494258df4de13c9,8,balanced,42,3,0.009949874371066203,0.19824984237068136
d18a6d36d183228618521e28e6971898bb7387d22b68ff47a494258df4de13c9,8,balanced,43,4,0.02969999999999995,0.2960100167224076
d18a6d36d183228618521e28e6971898bb7387d22b68ff47a494258df4de13c9,8,balanced,44,3,0.009949874371066203,0.19824984237068136
d18a6d36d183228618521e28e6971898bb7387d22b68ff47a494258df4de13c9,8,balanced,45,4,0.02969999999999995,0.2960100167224076
d18a6d36d183228618521e28e6971898bb7387d22b68ff47a494258df4de13c9,8,balanced,46,4,0.02969999999999995,0.2960100167224076
d18a6d36d183228618521e28e6971898bb7387d22b68ff47a494258df4de13c9,8,balanced,47,5,0.059002755020422404,0.3925396941711755
d18a6d36d183228618521e28e6971898bb7387d22b68ff47a494258df4de13c9,8,balanced,48,2,0.0,0.0
d18a6d36d183228618521e28e6971898bb7387d22b68ff47a494258df4de13c9,8,balanced,49,3,0.0,0.099
d18a6d36d183228618521e28e6971898bb7387d22b68ff47a494258df4de13c9,8,balanced,50,3,0.0,0.099
d18a6d36d183228618521e28e6971898bb7387d22b68ff47a494258df4de13c9,8,balanced,51,4,0.009899999999999909,0.19725610256719564
d18a6d36d183228618521e28e6971898bb7387d22b68ff47a494258df4de13c9,8,balanced,52,3,0.0,0.099
d18a6d36d183228618521e28e6971898bb7387d22b68ff47a494258df4de13c9,8,balanced,53,4,0.009899999999999909,0.19725610256719564
d18a6d36d183228618521e28e6971898bb7387d22b68ff47a494258df4de13c9,8,balanced,54,4,0.009899999999999909,0.19725610256719564
d18a6d36d183228618521e28e6971898bb7387d22b68ff47a494258df4de13c9,8,balanced,55,5,0.029551126882066514,0.29452624789651605
d18a6d36d183228618521e28e6971898bb7387d22b68ff47a494258df4de13c9,8,balanced,56,3,0.0,0.099
d18a6d36d183228618521e28e6971898bb7387d22b68ff47a494258df4de13c9,8,balanced,57,4,0.009899999999999909,0.19725610256719564
d18a6d36d183228618521e28e6971898bb7387d22b68ff47a494258df4de13c9,8,balanced,58,4,0.009899999999999909,0.19725610256719564
d18a6d36d183228618521e28e6971898bb7387d22b68ff47a494258df4de13c9,8,balanced,59,5,0.029551126882066514,0.29452624789651605
d18a6d36d183228618521e28e6971898bb7387d22b68ff47a494258df4de13c9,8,balanced,60,4,0.009899999999999909,0.19725610256719564
d18a6d36d183228618521e28e6971898bb7387d22b68ff47a494258df4de13c9,8,balanced,61,5,0.029551126882066514,0.29452624789651605
d18a6d36d183228618521e28e6971898bb7387d22b68ff47a494258df4de13c9,8,balanced,62,5,0.029551126882066514,0.29452624789651605
d18a6d36d183228618521e28e6971898bb7387d22b68ff47a494258df4de13c9,8,balanced,63,6,0.058706999999999954,0.3905720642659944
d18a6d36d183228618521e28e6971898bb7387d22b68ff47a494258df4de13c9,8,balanced,64,1,0.0,0.0
d18a6d36d183228618521e28e6971898bb7387d22b68ff47a494258df4de13c9,8,balanced,65,2,0.0,0.099498743710662
d18a6d36d183228618521e28e6971898bb7387d22b68ff47a494258df4de13c9,8,balanced,66,2,0.0,0.099498743710662
d18a6d36d183228618521e28e6971898bb7387d22b68ff47a494258df4de13c9,8,balanced,67,3,0.009949874371066203,0.19824984237068136
d18a6d36d183228618521e28e6971898bb7387d22b68ff47a494258df4de13c9,8,balanced,68,2,0.0,0.099498743710662
d18a6d36d183228618521e28e6971898bb7387d22b68ff47a494258df4de13c9,8,balanced,69,3,0.009949874371066203,0.19824984237068136
d18a6d36d183228618521e28e6971898bb7387d22b68ff47a494258df4de13c9,8,balanced,70,3,0.009949874371066203,0.19824984237068136
d18a6d36d183228618521e28e6971898bb7387d22b68ff47a494258df4de13c9,8,balanced,71,4,0.02969999999999995,0.2960100167224076
d18a6d36d183228618521e28e6971898bb7387d22b68ff47a494258df4de13c9,8,balanced,72,2,0.0,0.099498743710662
d18a6d36d183228618521e28e6971898bb7387d22b68ff47a494258df4de13c9,8,balanced,73,3,0.009949874371066203,0.19824984237068136
d18a6d36d183228618521e28e6971898bb7387d22b68ff47a494258df4de13c9,8,balanced,74,3,0.009949874371066203,0.19824984237068136
d18a6d36d183228618521e28e6971898bb7387d22b68ff47a494258df4de13c9,8,balanced,75,4,0.02969999999999995,0.2960100167224076
d18a6d36d183228618521e28e6971898bb7387d22b68ff47a494258df4de13c9,8,balanced,76,3,0.009949874371066203,0.19824984237068136
d18a6d36d183228618521e28e6971898bb7387d22b68ff47a494258df4de13c9,8,balanced,77,4,0.02969999999999995,0.2960100167224076
d18a6d36d183228618521e28e6971898bb7387d22b68ff47a494258df4de13c9,8,balanced,78,4,0.02969999999999995,0.2960100167224076
d18a6d36d183228618521e28e6971898bb7387d22b68ff47a494258df4de13c9,8,balanced,79,5,0.059002755020422404,0.3925396941711755
d18a6d36d183228618521e28e6971898bb7387d22b68ff47a494258df4de13c9,8,balanced,80,2,0.0,0.0
d18a6d36d183228618521e28e6971898bb7387d22b68ff47a494258df4de13c9,8,balanced,81,3,0.0,0.099
d18a6d36d183228618521e28e6971898bb7387d22b68ff47a494258df4de13c9,8,balanced,82,3,0.0,0.099
d18a6d36d183228618521e28e6971898bb7387d22b68ff47a494258df4de13c9,8,balanced,83,4,0.009899999999999909,0.19725610256719564
d18a6d36d183228618521e28e6971898bb7387d22b68ff47a494258df4de13c9,8,balanced,84,3,0.0,0.099
d18a6d36d183228618521e28e6971898bb7387d22b68ff47a494258df4de13c9,8,balanced,85,4,0.009899999999999909,0.19725610256719564
d18a6d36d183228618521e28e6971898bb7387d22b68ff47a494258df4de13c9,8,balanced,86,4,0.009899999999999909,0.19725610256719564
d18a6d36d183228618521e28e6971898bb7387d22b68ff47a494258df4de13c9,8,balanced,87,5,0.029551126882066514,0.29452624789651605
d18a6d36d183228618521e28e6971898bb7387d22b68ff47a494258df4de13c9,8,balanced,88,3,0.0,0.099
d18a6d36d183228618521e28e6971898bb7387d22b68ff47a494258df4de13c9,8,balanced,89,4,0.009899999999999909,0.19725610256719564
d18a6d36d183228618521e28e6971898bb7387d22b68ff47a494258df4de13c9,8,balanced,90,4,0.009899999999999909,0.19725610256719564
d18a6d36d183228618521e28e6971898bb7387d22b68ff47a494258df4de13c9,8,balanced,91,5,0.029551126882066514,0.29452624789651605
d18a6d36d183228618521e28e6971898bb7387d22b68ff47a494258df4de13c9,8,balanced,92,4,0.009899999999999909,0.19725610256719564
d18a6d36d183228618521e28e6971898bb7387d22b68ff47a494258df4de13c9,8,balanced,93,5,0.029551126882066514,0.29452624789651605
d18a6d36d183228618521e28e6971898bb7387d22b68ff47a494258df4de13c9,8,balanced,94,5,0.029551126882066514,0.29452624789651605
d18a6d36d183228618521e28e6971898bb7387d22b68ff47a494258df4de13c9,8,balanced,95,6,0.058706999999999954,0.3905720642659944
d18a6d36d183228618521e28e6971898bb7387d22b68ff47a494258df4de13c9,8,balanced,96,2,0.010000000000000009,0.010000000000000009
d18a6d36d183228618521e28e6971898bb7387d22b68ff47a494258df4de13c9,8,balanced,97,3,0.009949874371066203,0.09850380703302793
d18a6d36d183228618521e28e6971898bb7387d22b68ff47a494258df4de13c9,8,balanced,98,3,0.009949874371066203,0.09850380703302793
d18a6d36d183228618521e28e6971898bb7387d22b68ff47a494258df4de13c9,8,balanced,99,4,0.01970000000000005,0.19601002525381198
d18a6d36d183228618521e28e6971898bb7387d22b68ff47a494258df4de13c9,8,balanced,100,3,0.009949874371066203,0.09850380703302793
d18a6d36d183228618521e28e6971898bb7387d22b68ff47a494258df4de13c9,8,balanced,101,4,0.01970000000000005,0.19601002525381198
d18a6d36d183228618521e28e6971898bb7387d22b68ff47a494258df4de13c9,8,balanced,102,4,0.01970000000000005,0.19601002525381198
d18a6d36d183228618521e28e6971898bb7387d22b68ff47a494258df4de13c9,8,balanced,103,5,0.03910300627829011,0.29270369232382437
d18a6d36d183228618521e28e6971898bb7387d22b68ff47a494258df4de13c9,8,balanced,104,3,0.009949874371066203,0.09850380703302793
d18a6d36d183228618521e28e6971898bb7387d22b68ff47a494258df4de13c9,8,balanced,105,4,0.01970000000000005,0.19601002525381198
d18a6d36d183228618521e28e6971898bb7387d22b68ff47a494258df4de13c9,8,balanced,106,4,0.01970000000000005,0.19601002525381198
d18a6d36d183228618521e28e6971898bb7387d22b68ff47a494258df4de13c9,8,balanced,107,5,0.03910300627829011,0.29270369232382437
d18a6d36d183228618521e28e6971898bb7387d22b68ff47a494258df4de13c9,8,balanced,108,4,0.01970000000000005,0.19601002525381198
d18a6d36d183228618521e28e6971898bb7387d22b68ff47a494258df4de13c9,8,balanced,109,5,0.03910300627829011,0.29270369232382437
d18a6d36d183228618521e28e6971898bb7387d22b68ff47a494258df4de13c9,8,balanced,110,5,0.03910300627829011,0.29270369232382437
d18a6d36d183228618521e28e6971898bb7387d22b68ff47a494258df4de13c9,8,balanced,111,6,0.06791499999999984,0.3882210243778665
d18a6d36d183228618521e28e6971898bb7387d22b68ff47a494258df4de13c9,8,balanced,112,3,0.009949874371066203,0.009949874371066203
d18a6d36d183228618521e28e6971898bb7387d22b68ff47a494258df4de13c9,8,balanced,113,4,0.00990000000000002,0.09801005050503751
d18a6d36d183228618521e28e6971898bb7387d22b68ff47a494258df4de13c9,8,balanced,114,4,0.00990000000000002,0.09801005050503751
d18a6d36d183228618521e28e6971898bb7387d22b68ff47a494258df4de13c9,8,balanced,115,5,0.019601252511000422,0.19502751267449422
d18a6d36d183228618521e28e6971898bb7387d22b68ff47a494258df4de13c9,8,balanced,116,4,0.00990000000000002,0.09801005050503751
d18a6d36d183228618521e28e6971898bb7387d22b68ff47a494258df4de13c9,8,balanced,117,5,0.019601252511000422,0.19502751267449422
d18a6d36d183228618521e28e6971898bb7387d22b68ff47a494258df4de13c9,8,balanced,118,5,0.019601252511000422,0.19502751267449422
d18a6d36d183228618521e28e6971898bb7387d22b68ff47a494258df4de13c9,8,balanced,119,6,0.038906999999999914,0.2912364966569266
d18a6d36d183228618521e28e6971898bb7387d22b68ff47a494258df4de13c9,8,balanced,120,4,0.00990000000000002,0.09801005050503751
d18a6d36d183228618521e28e6971898bb7387d22b68ff47a494258df4de13c9,8,balanced,121,5,0.019601252511000422,0.19502751267449422
d18a6d36d183228618521e28e6971898bb7387d22b68ff47a494258df4de13c9,8,balanced,122,5,0.019601252511000422,0.19502751267449422
d18a6d36d183228618521e28e6971898bb7387d22b68ff47a494258df4de13c9,8,balanced,123,6,0.038906999999999914,0.2912364966569266
d18a6d36d183228618521e28e6971898bb7387d22b68ff47a494258df4de13c9,8,balanced,124,5,0.019601252511000422,0.19502751267449422
d18a6d36d183228618521e28e6971898bb7387d22b68ff47a494258df4de13c9,8,balanced,125,6,0.038906999999999914,0.2912364966569266
d18a6d36d183228618521e28e6971898bb7387d22b68ff47a494258df4de13c9,8,balanced,126,6,0.038906999999999914,0.2912364966569266
d18a6d36d183228618521e28e6971898bb7387d22b68ff47a494258df4de13c9,8,balanced,127,7,0.06757457179109605,0.38627504207664004
d18a6d36d183228618521e28e6971898bb7387d22b68ff47a494258df4de13c9,8,balanced,128,1,0.0,0.0
d18a6d36d183228618521e28e6971898bb7387d22b68ff47a494258df4de13c9,8,balanced,129,2,0.0,0.099498743710662
d18a6d36d183228618521e28e6971898bb7387d22b68ff47a494258df4de13c9,8,balanced,130,2,0.0,0.099498743710662
d18a6d36d183228618521e28e6971898bb7387d22b68ff47a494258df4de13c9,8,balanced,131,3,0.009949874371066203,0.19824984237068136
d18a6d36d183228618521e28e6971898bb7387d22b68ff47a494258df4de13c9,8,balanced,132,2,0.0,0.099498743710662
d18a6d36d183228618521e28e6971898bb7387d22b68ff47a494258df4de13c9,8,balanced,133,3,0.009949874371066203,0.19824984237068136
d18a6d36d183228618521e28e6971898bb7387d22b68ff47a494258df4de13c9,8,balanced,134,3,0.009949874371066203,0.19824984237068136
d18a6d36d183228618521e28e6971898bb7387d22b68ff47a494258df4de13c9,8,balanced,135,4,0.02969999999999995,0.2960100167224076
d18a6d36d183228618521e28e6971898bb7387d22b68ff47a494258df4de13c9,8,balanced,136,2,0.0,0.099498743710662
d18a6d36d183228618521e28e6971898bb7387d22b68ff47a494258df4de13c9,8,balanced,137,3,0.009949874371066203,0.19824984237068136
d18a6d36d183228618521e28e6971898bb7387d22b68ff47a494258df4de13c9,8,balanced,138,3,0.009949874371066203,0.19824984237068136
d18a6d36d183228618521e28e6971898bb7387d22b68ff47a494258df4de13c9,8,balanced,139,4,0.02969999999999995,0.2960100167224076
d18a6d36d183228618521e28e6971898bb7387d22b68ff47a494258df4de13c9,8,balanced,140,3,0.009949874371066203,0.19824984237068136
d18a6d36d183228618521e28e6971898bb7387d22b68ff47a494258df4de13c9,8,balanced,141,4,0.02969999999999995,0.2960100167224076
d18a6d36d183228618521e28e6971898bb7387d22b68ff47a494258df4de13c9,8,balanced,142,4,0.02969999999999995,0.2960100167224076
d18a6d36d183228618521e28e6971898bb7387d22b68ff47a494258df4de13c9,8,balanced,143,5,0.059002755020422404,0.3925396941711755
d18a6d36d183228618521e28e6971898bb7387d22b68ff47a494258df4de13c9,8,balanced,144,2,0.0,0.0
d18a6d36d183228618521e28e6971898bb7387d22b68ff47a494258df4de13c9,8,balanced,145,3,0.0,0.099
d18a6d36d183228618521e28e6971898bb7387d22b68ff47a494258df4de13c9,8,balanced,146,3,0.0,0.099
d18a6d36d183228618521e28e6971898bb7387d22b68ff47a494258df4de13c9,8,balanced,147,4,0.009899999999999909,0.19725610256719564
d18a6d36d183228618521e28e6971898bb7387d22b68ff47a494258df4de13c9,8,balanced,148,3,0.0,0.099
d18a6d36d183228618521e28e6971898bb7387d22b68ff47a494258df4de13c9,8,balanced,149,4,0.009899999999999909,0.19725610256719564
d18a6d36d183228618521e28e6971898bb7387d22b68ff47a494258df4de13c9,8,balanced,150,4,0.009899999999999909,0.19725610256719564
d18a6d36d183228618521e28e6971898bb7387d22b68ff47a494258df4de13c9,8,balanced,151,5,0.029551126882066514,0.29452624789651605
d18a6d36d183228618521e28e6971898bb7387d22b68ff47a494258df4de13c9,8,balanced,152,3,0.0,0.099
d18a6d36d183228618521e28e6971898bb7387d22b68ff47a494258df4de13c9,8,balanced,153,4,0.009899999999999909,0.19725610256719564
d18a6d36d183228618521e28e6971898bb7387d22b68ff47a494258df4de13c9,8,balanced,154,4,0.009899999999999909,0.19725610256719564
d18a6d36d183228618521e28e6971898bb7387d22b68ff47a494258df4de13c9,8,balanced,155,5,0.029551126882066514,0.29452624789651605
d18a6d36d183228618521e28e6971898bb7387d22b68ff47a494258df4de13c9,8,balanced,156,4,0.009899999999999909,0.19725610256719564
d18a6d36d183228618521e28e6971898bb7387d22b68ff47a494258df4de13c9,8,balanced,157,5,0.029551126882066514,0.29452624789651605
d18a6d36d183228618521e28e6971898bb7387d22b68ff47a494258df4de13c9,8,balanced,158,5,0.029551126882066514,0.29452624789651605
d18a6d36d183228618521e28e6971898bb7387d22b68ff47a494258df4de13c9,8,balanced,159,6,0.058706999999999954,0.3905720642659944
d18a6d36d183228618521e28e6971898bb7387d22b68ff47a494258df4de13c9,8,balanced,160,2,0.0,0.0
d18a6d36d183228618521e28e6971898bb7387d22b68ff47a494258df4de13c9,8,balanced,161,3,0.0,0.099
d18a6d36d183228618521e28e6971898bb7387d22b68ff47a494258df4de13c9,8,balanced,162,3,0.0,0.099
d18a6d36d183228618521e28e6971898bb7387d22b68ff47a494258df4de13c9,8,balanced,163,4,0.00990000000000002,0.19725610256719564
d18a6d36d183228618521e28e6971898bb7387d22b68ff47a494258df4de13c9,8,balanced,164,3,0.0,0.099
d18a6d36d183228618521e28e6971898bb7387d22b68ff47a494258df4de13c9,8,balanced,165,4,0.00990000000000002,0.19725610256719564
d18a6d36d183228618521e28e6971898bb7387d22b68ff47a494258df4de13c9,8,balanced,166,4,0.00990000000000002,0.19725610256719564
d18a6d36d183228618521e28e6971898bb7387d22b68ff47a494258df4de13c9,8,balanced,167,5,0.029551126882066625,0.29452624789651605
d18a6d36d183228618521e28e6971898bb7387d22b68ff47a494258df4de13c9,8,balanced,168,3,0.0,0.099
d18a6d36d183228618521e28e6971898bb7387d22b68ff47a494258df4de13c9,8,balanced,169,4,0.00990000000000002,0.19725610256719564
d18a6d36d183228618521e28e6971898bb7387d22b68ff47a494258df4de13c9,8,balanced,170,4,0.00990000000000002,0.19725610256719564
d18a6d36d183228618521e28e6971898bb7387d22b68ff47a494258df4de13c9,8,balanced,171,5,0.029551126882066625,0.29452624789651605
d18a6d36d183228618521e28e6971898bb7387d22b68ff47a494258df4de13c9,8,balanced,172,4,0.00990000000000002,0.19725610256719564
d18a6d36d183228618521e28e6971898bb7387d22b68ff47a494258df4de13c9,8,balanced,173,5,0.029551126882066625,0.29452624789651605
d18a6d36d183228618521e28e6971898bb7387d22b68ff47a494258df4de13c9,8,balanced,174,5,0.029551126882066625,0.29452624789651605
d18a6d36d183228618521e28e6971898bb7387d22b68ff47a494258df4de13c9,8,balanced,175,6,0.05870699999999984,0.39057206426599433
d18a6d36d183228618521e28e6971898bb7387d22b68ff47a494258df4de13c9,8,balanced,176,3,0.0,0.0
d18a6d36d183228618521e28e6971898bb7387d22b68ff47a494258df4de13c9,8,balanced,177,4,0.0,0.09850375627355538
d18a6d36d183228618521e28e6971898bb7387d22b68ff47a494258df4de13c9,8,balanced,178,4,0.0,0.09850375627355538
d18a6d36d183228618521e28e6971898bb7387d22b68ff47a494258df4de13c9,8,balanced,179,5,0.009850375627355468,0.1962673439469745
d18a6d36d183228618521e28e6971898bb7387d22b68ff47a494258df4de13c9,8,balanced,180,4,0.0,0.09850375627355538
d18a6d36d183228618521e28e6971898bb7387d22b68ff47a494258df4de13c9,8,balanced,181,5,0.009850375627355468,0.1962673439469745
d18a6d36d183228618521e28e6971898bb7387d22b68ff47a494258df4de13c9,8,balanced,182,5,0.009850375627355468,0.1962673439469745
d18a6d36d183228618521e28e6971898bb7387d22b68ff47a494258df4de13c9,8,balanced,183,6,0.029402999999999846,0.2930499165551835
d18a6d36d183228618521e28e6971898bb7387d22b68ff47a494258df4de13c9,8,balanced,184,4,0.0,0.09850375627355538
d18a6d36d183228618521e28e6971898bb7387d22b68ff47a494258df4de13c9,8,balanced,185,5,0.009850375627355468,0.1962673439469745
d18a6d36d183228618521e28e6971898bb7387d22b68ff47a494258df4de13c9,8,balanced,186,5,0.009850375627355468,0.1962673439469745
d18a6d36d183228618521e28e6971898bb7387d22b68ff47a494258df4de13c9,8,balanced,187,6,0.029402999999999846,0.2930499165551835
d18a6d36d183228618521e28e6971898bb7387d22b68ff47a494258df4de13c9,8,balanced,188,5,0.009850375627355468,0.1962673439469745
d18a6d36d183228618521e28e6971898bb7387d22b68ff47a494258df4de13c9,8,balanced,189,6,0.029402999999999846,0.2930499165551835
d18a6d36d183228618521e28e6971898bb7387d22b68ff47a494258df4de13c9,8,balanced,190,6,0.029402999999999846,0.2930499165551835
d18a6d36d183228618521e28e6971898bb7387d22b68ff47a494258df4de13c9,8,balanced,191,7,0.058412727470218306,0.3886142972294638
d18a6d36d183228618521e28e6971898bb7387d22b68ff47a494258df4de13c9,8,balanced,192,2,0.0,0.0
d18a6d36d183228618521e28e6971898bb7387d22b68ff47a494258df4de13c9,8,balanced,193,3,0.0,0.099
d18a6d36d183228618521e28e6971898bb7387d22b68ff47a494258df4de13c9,8,balanced,194,3,0.0,0.099
d18a6d36d183228618521e28e6971898bb7387d22b68ff47a494258df4de13c9,8,balanced,195,4,0.00990000000000002,0.19725610256719564
d18a6d36d183228618521e28e6971898bb7387d22b68ff47a494258df4de13c9,8,balanced,196,3,0.0,0.099
d18a6d36d183228618521e28e6971898bb7387d22b68ff47a494258df4de13c9,8,balanced,197,4,0.00990000000000002,0.19725610256719564
d18a6d36d183228618521e28e6971898bb7387d22b68ff47a494258df4de13c9,8,balanced,198,4,0.00990000000000002,0.19725610256719564
d18a6d36d183228618521e28e6971898bb7387d22b68ff47a494258df4de13c9,8,balanced,199,5,0.029551126882066625,0.29452624789651605
d18a6d36d183228618521e28e6971898bb7387d22b68ff47a494258df4de13c9,8,balanced,200,3,0.0,0.099
d18a6d36d183228618521e28e6971898bb7387d22b68ff47a494258df4de13c9,8,balanced,201,4,0.00990000000000002,0.19725610256719564
d18a6d36d183228618521e28e6971898bb7387d22b68ff47a494258df4de13c9,8,balanced,202,4,0.00990000000000002,0.19725610256719564
d18a6d36d183228618521e28e6971898bb7387d22b68ff47a494258df4de13c9,8,balanced,203,5,0.029551126882066625,0.29452624789651605
d18a6d36d183228618521e28e6971898bb7387d22b68ff47a494258df4de13c9,8,balanced,204,4,0.00990000000000002,0.19725610256719564
d18a6d36d183228618521e28e6971898bb7387d22b68ff47a494258df4de13c9,8,balanced,205,5,0.029551126882066625,0.29452624789651605
d18a6d36d183228618521e28e6971898bb7387d22b68ff47a494258df4de13c9,8,balanced,206,5,0.029551126882066625,0.29452624789651605
d18a6d36d183228618521e28e6971898bb7387d22b68ff47a494258df4de13c9,8,balanced,207,6,0.05870699999999984,0.39057206426599433
d18a6d36d183228618521e28e6971898bb7387d22b68ff47a494258df4de13c9,8,balanced,208,3,0.0,0.0
d18a6d36d183228618521e28e6971898bb7387d22b68ff47a494258df4de13c9,8,balanced,209,4,0.0,0.09850375627355538
d18a6d36d183228618521e28e6971898bb7387d22b68ff47a494258df4de13c9,8,balanced,210,4,0.0,0.09850375627355538
d18a6d36d183228618521e28e6971898bb7387d22b68ff47a494258df4de13c9,8,balanced,211,5,0.009850375627355468,0.1962673439469745
d18a6d36d183228618521e28e6971898bb7387d22b68ff47a494258df4de13c9,8,balanced,212,4,0.0,0.09850375627355538
d18a6d36d183228618521e28e6971898bb7387d22b68ff47a494258df4de13c9,8,balanced,213,5,0.009850375627355468,0.1962673439469745
d18a6d36d183228618521e28e6971898bb7387d22b68ff47a494258df4de13c9,8,balanced,214,5,0.009850375627355468,0.1962673439469745
d18a6d36d183228618521e28e6971898bb7387d22b68ff47a494258df4de13c9,8,balanced,215,6,0.029402999999999846,0.2930499165551835
d18a6d36d183228618521e28e6971898bb7387d22b68ff47a494258df4de13c9,8,balanced,216,4,0.0,0.09850375627355538
d18a6d36d183228618521e28e6971898bb7387d22b68ff47a494258df4de13c9,8,balanced,217,5,0.009850375627355468,0.1962673439469745
d18a6d36d183228618521e28e6971898bb7387d22b68ff47a494258df4de13c9,8,balanced,218,5,0.009850375627355468,0.1962673439469745
d18a6d36d183228618521e28e6971898bb7387d22b68ff47a494258df4de13c9,8,balanced,219,6,0.029402999999999846,0.2930499165551835
d18a6d36d183228618521e28e6971898bb7387d22b68ff47a494258df4de13c9,8,balanced,220,5,0.009850375627355468,0.1962673439469745
d18a6d36d183228618521e28e6971898bb7387d22b68ff47a494258df4de13c9,8,balanced,221,6,0.029402999999999846,0.2930499165551835
d18a6d36d183228618521e28e6971898bb7387d22b68ff47a494258df4de13c9,8,balanced,222,6,0.029402999999999846,0.2930499165551835
d18a6d36d183228618521e28e6971898bb7387d22b68ff47a494258df4de13c9,8,balanced,223,7,0.058412727470218306,0.3886142972294638
d18a6d36d183228618521e28e6971898bb7387d22b68ff47a494258df4de13c9,8,balanced,224,3,0.009949874371066203,0.009949874371066203
d18a6d36d183228618521e28e6971898bb7387d22b68ff47a494258df4de13c9,8,balanced,225,4,0.009899999999999909,0.0980100505050375
d18a6d36d183228618521e28e6971898bb7387d22b68ff47a494258df4de13c9,8,balanced,226,4,0.009899999999999909,0.0980100505050375
d18a6d36d183228618521e28e6971898bb7387d22b68ff47a494258df4de13c9,8,balanced,227,5,0.019601252511000422,0.19502751267449422
d18a6d36d183228618521e28e6971898bb7387d22b68ff47a494258df4de13c9,8,balanced,228,4,0.009899999999999909,0.0980100505050375
d18a6d36d183228618521e28e6971898bb7387d22b68ff47a494258df4de13c9,8,balanced,229,5,0.019601252511000422,0.19502751267449422
d18a6d36d183228618521e28e6971898bb7387d22b68ff47a494258df4de13c9,8,balanced,230,5,0.019601252511000422,0.19502751267449422
d18a6d36d183228618521e28e6971898bb7387d22b68ff47a494258df4de13c9,8,balanced,231,6,0.038907000000000025,0.2912364966569266
d18a6d36d183228618521e28e6971898bb7387d22b68ff47a494258df4de13c9,8,balanced,232,4,0.009899999999999909,0.0980100505050375
d18a6d36d183228618521e28e6971898bb7387d22b68ff47a494258df4de13c9,8,balanced,233,5,0.019601252511000422,0.19502751267449422
d18a6d36d183228618521e28e6971898bb7387d22b68ff47a494258df4de13c9,8,balanced,234,5,0.019601252511000422,0.19502751267449422
d18a6d36d183228618521e28e6971898bb7387d22b68ff47a494258df4de13c9,8,balanced,235,6,0.038907000000000025,0.2912364966569266
d18a6d36d183228618521e28e6971898bb7387d22b68ff47a494258df4de13c9,8,balanced,236,5,0.019601252511000422,0.19502751267449422
d18a6d36d183228618521e28e6971898bb7387d22b68ff47a494258df4de13c9,8,balanced,237,6,0.038907000000000025,0.2912364966569266
d18a6d36d183228618521e28e6971898bb7387d22b68ff47a494258df4de13c9,8,balanced,238,6,0.038907000000000025,0.2912364966569266
d18a6d36d183228618521e28e6971898bb7387d22b68ff47a494258df4de13c9,8,balanced,239,7,0.06757457179109605,0.38627504207664004
d18a6d36d183228618521e28e6971898bb7387d22b68ff47a494258df4de13c9,8,balanced,240,4,0.009899999999999909,0.009899999999999909
d18a6d36d183228618521e28e6971898bb7387d22b68ff47a494258df4de13c9,8,balanced,241,5,0.009850375627355468,0.09751876896269764
d18a6d36d183228618521e28e6971898bb7387d22b68ff47a494258df4de13c9,8,balanced,242,5,0.009850375627355468,0.09751876896269764
d18a6d36d183228618521e28e6971898bb7387d22b68ff47a494258df4de13c9,8,balanced,243,6,0.019503000000000048,0.19404992500127385
d18a6d36d183228618521e28e6971898bb7387d22b68ff47a494258df4de13c9,8,balanced,244,5,0.009850375627355468,0.09751876896269764
d18a6d36d183228618521e28e6971898bb7387d22b68ff47a494258df4de13c9,8,balanced,245,6,0.019503000000000048,0.19404992500127385
d18a6d36d183228618521e28e6971898bb7387d22b68ff47a494258df4de13c9,8,balanced,246,6,0.019503000000000048,0.19404992500127385
d18a6d36d183228618521e28e6971898bb7387d22b68ff47a494258df4de13c9,8,balanced,247,7,0.03871197621550726,0.2897766554005861
d18a6d36d183228618521e28e6971898bb7387d22b68ff47a494258df4de13c9,8,balanced,248,5,0.009850375627355468,0.09751876896269764
d18a6d36d183228618521e28e6971898bb7387d22b68ff47a494258df4de13c9,8,balanced,249,6,0.019503000000000048,0.19404992500127385
d18a6d36d183228618521e28e6971898bb7387d22b68ff47a494258df4de13c9,8,balanced,250,6,0.019503000000000048,0.19404992500127385
d18a6d36d183228618521e28e6971898bb7387d22b68ff47a494258df4de13c9,8,balanced,251,7,0.03871197621550726,0.2897766554005861
d18a6d36d183228618521e28e6971898bb7387d22b68ff47a494258df4de13c9,8,balanced,252,6,0.019503000000000048,0.19404992500127385
d18a6d36d183228618521e28e6971898bb7387d22b68ff47a494258df4de13c9,8,balanced,253,7,0.03871197621550726,0.2897766554005861
d18a6d36d183228618521e28e6971898bb7387d22b68ff47a494258df4de13c9,8,balanced,254,7,0.03871197621550726,0.2897766554005861
d18a6d36d183228618521e28e6971898bb7387d22b68ff47a494258df4de13c9,8,balanced,255,8,0.06723584999999987,0.3843388141340879
5920e491f92232cc138e4f67f308e1de938fed4ed432f2a27d5178b6c2dd1363,8,two_branch,0,0,0.0,0.0
5920e491f92232cc138e4f67f308e1de938fed4ed432f2a27d5178b6c2dd1363,8,two_branch,1,1,0.0,0.1
5920e491f92232cc138e4f67f308e1de938fed4ed432f2a27d5178b6c2dd1363,8,two_branch,2,1,0.0,0.1
5920e491f92232cc138e4f67f308e1de938fed4ed432f2a27d5178b6c2dd1363,8,two_branch,3,2,0.010000000000000009,0.19924858845171275
5920e491f92232cc138e4f67f308e1de938fed4ed432f2a27d5178b6c2dd1363,8,two_branch,4,1,0.0,0.1
5920e491f92232cc138e4f67f308e1de938fed4ed432f2a27d5178b6c2dd1363,8,two_branch,5,2,0.010000000000000009,0.19924858845171275
5920e491f92232cc138e4f67f308e1de938fed4ed432f2a27d5178b6c2dd1363,8,two_branch,6,2,0.010000000000000009,0.19924858845171275
5920e491f92232cc138e4f67f308e1de938fed4ed432f2a27d5178b6c2dd1363,8,two_branch,7,3,0.02984962311319861,0.29750126050153136
5920e491f92232cc138e4f67f308e1de938fed4ed432f2a27d5178b6c2dd1363,8,two_branch,8,1,0.0,0.0
5920e491f92232cc138e4f67f308e1de938fed4ed432f2a27d5178b6c2dd1363,8,two_branch,9,2,0.0,0.099498743710662
5920e491f92232cc138e4f67f308e1de938fed4ed432f2a27d5178b6c2dd1363,8,two_branch,10,2,0.0,0.099498743710662
5920e491f92232cc138e4f67f308e1de938fed4ed432f2a27d5178b6c2dd1363,8,two_branch,11,3,0.009949874371066203,0.19824984237068136
5920e491f92232cc138e4f67f308e1de938fed4ed432f2a27d5178b6c2dd1363,8,two_branch,12,2,0.0,0.099498743710662
5920e491f92232cc138e4f67f308e1de938fed4ed432f2a27d5178b6c2dd1363,8,two_branch,13,3,0.009949874371066203,0.19824984237068136
5920e491f92232cc138e4f67f308e1de938fed4ed432f2a27d5178b6c2dd1363,8,two_branch,14,3,0.009949874371066203,0.19824984237068136
5920e491f92232cc138e4f67f308e1de938fed4ed432f2a27d5178b6c2dd1363,8,two_branch,15,4,0.02969999999999995,0.2960100167224076
5920e491f92232cc138e4f67f308e1de938fed4ed432f2a27d5178b6c2dd1363,8,two_branch,16,1,0.0,0.0
5920e491f92232cc138e4f67f308e1de938fed4ed432f2a27d5178b6c2dd1363,8,two_branch,17,2,0.0,0.099498743710662
5920e491f92232cc138e4f67f308e1de938fed4ed432f2a27d5178b6c2dd1363,8,two_branch,18,2,0.0,0.099498743710662
5920e491f92232cc138e4f67f308e1de938fed4ed432f2a27d5178b6c2dd1363,8,two_branch,19,3,0.009949874371066203,0.19824984237068136
5920e491f92232cc138e4f67f308e1de938fed4ed432f2a27d5178b6c2dd1363,8,two_branch,20,2,0.0,0.099498743710662
5920e491f92232cc138e4f67f308e1de938fed4ed432f2a27d5178b6c2dd1363,8,two_branch,21,3,0.009949874371066203,0.19824984237068136
5920e491f92232cc138e4f67f308e1de938fed4ed432f2a27d5178b6c2dd1363,8,two_branch,22,3,0.009949874371066203,0.19824984237068136
5920e491f92232cc138e4f67f308e1de938fed4ed432f2a27d5178b6c2dd1363,8,two_branch,23,4,0.02969999999999995,0.2960100167224076
5920e491f92232cc138e4f67f308e1de938fed4ed432f2a27d5178b6c2dd1363,8,two_branch,24,2,0.0,0.0
5920e491f92232cc138e4f67f308e1de938fed4ed432f2a27d5178b6c2dd1363,8,two_branch,25,3,0.0,0.099
5920e491f92232cc138e4f67f308e1de938fed4ed432f2a27d5178b6c2dd1363,8,two_branch,26,3,0.0,0.099
5920e491f92232cc138e4f67f308e1de938fed4ed432f2a27d5178b6c2dd1363,8,two_branch,27,4,0.009899999999999909,0.19725610256719564
5920e491f92232cc138e4f67f308e1de938fed4ed432f2a27d5178b6c2dd1363,8,two_branch,28,3,0.0,0.099
5920e491f92232cc138e4f67f308e1de938fed4ed432f2a27d5178b6c2dd1363,8,two_branch,29,4,0.009899999999999909,0.19725610256719564
5920e491f92232cc138e4f67f308e1de938fed4ed432f2a27d5178b6c2dd1363,8,two_branch,30,4,0.009899999999999909,0.19725610256719564
5920e491f92232cc138e4f67f308e1de938fed4ed432f2a27d5178b6c2dd1363,8,two_branch,31,5,0.029551126882066514,0.29452624789651605
5920e491f92232cc138e4f67f308e1de938fed4ed432f2a27d5178b6c2dd1363,8,two_branch,32,1,0.0,0.0
5920e491f92232cc138e4f67f308e1de938fed4ed432f2a27d5178b6c2dd1363,8,two_branch,33,2,0.0,0.099498743710662
5920e491f92232cc138e4f67f308e1de938fed4ed432f2a27d5178b6c2dd1363,8,two_branch,34,2,0.0,0.099498743710662
5920e491f92232cc138e4f67f308e1de938fed4ed432f2a27d5178b6c2dd1363,8,two_branch,35,3,0.009949874371066203,0.19824984237068136
5920e491f92232cc138e4f67f308e1de938fed4ed432f2a27d5178b6c2dd1363,8,two_branch,36,2,0.0,0.099498743710662
5920e491f92232cc138e4f67f308e1de938fed4ed432f2a27d5178b6c2dd1363,8,two_branch,37,3,0.009949874371066203,0.19824984237068136
5920e491f92232cc138e4f67f308e1de938fed4ed432f2a27d5178b6c2dd1363,8,two_branch,38,3,0.009949874371066203,0.19824984237068136
5920e491f92232cc138e4f67f308e1de938fed4ed432f2a27d5178b6c2dd1363,8,two_branch,39,4,0.02969999999999995,0.2960100167224076
5920e491f92232cc138e4f67f308e1de938fed4ed432f2a27d5178b6c2dd1363,8,two_branch,40,2,0.0,0.0
5920e491f92232cc138e4f67f308e1de938fed4ed432f2a27d5178b6c2dd1363,8,two_branch,41,3,0.0,0.099
5920e491f92232cc138e4f67f308e1de938fed4ed432f2a27d5178b6c2dd1363,8,two_branch,42,3,0.0,0.099
5920e491f92232cc138e4f67f308e1de938fed4ed432f2a27d5178b6c2dd1363,8,two_branch,43,4,0.009899999999999909,0.19725610256719564
5920e491f92232cc138e4f67f308e1de938fed4ed432f2a27d5178b6c2dd1363,8,two_branch,44,3,0.0,0.099
5920e491f92232cc138e4f67f308e1de938fed4ed432f2a27d5178b6c2dd1363,8,two_branch,45,4,0.009899999999999909,0.19725610256719564
5920e491f92232cc138e4f67f308e1de938fed4ed432f2a27d5178b6c2dd1363,8,two_branch,46,4,0.009899999999999909,0.19725610256719564
5920e491f92232cc138e4f67f308e1de938fed4ed432f2a27d5178b6c2dd1363,8,two_branch,47,5,0.029551126882066514,0.29452624789651605
5920e491f92232cc138e4f67f308e1de938fed4ed432f2a27d5178b6c2dd1363,8,two_branch,48,2,0.010000000000000009,0.010000000000000009
5920e491f92232cc138e4f67f308e1de938fed4ed432f2a27d5178b6c2dd1363,8,two_branch,49,3,0.009949874371066203,0.09850380703302793
5920e491f92232cc138e4f67f308e1de938fed4ed432f2a27d5178b6c2dd1363,8,two_branch,50,3,0.009949874371066203,0.09850380703302793
5920e491f92232cc138e4f67f308e1de938fed4ed432f2a27d5178b6c2dd1363,8,two_branch,51,4,0.01970000000000005,0.19601002525381198
5920e491f92232cc138e4f67f308e1de938fed4ed432f2a27d5178b6c2dd1363,8,two_branch,52,3,0.009949874371066203,0.09850380703302793
5920e491f92232cc138e4f67f308e1de938fed4ed432f2a27d5178b6c2dd1363,8,two_branch,53,4,0.01970000000000005,0.19601002525381198
5920e491f92232cc138e4f67f308e1de938fed4ed432f2a27d5178b6c2dd1363,8,two_branch,54,4,0.01970000000000005,0.19601002525381198
5920e491f92232cc138e4f67f308e1de938fed4ed432f2a27d5178b6c2dd1363,8,two_branch,55,5,0.03910300627829011,0.29270369232382437
5920e491f92232cc138e4f67f308e1de938fed4ed432f2a27d5178b6c2dd1363,8,two_branch,56,3,0.009949874371066203,0.009949874371066203
5920e491f92232cc138e4f67f308e1de938fed4ed432f2a27d5178b6c2dd1363,8,two_branch,57,4,0.00990000000000002,0.09801005050503751
5920e491f92232cc138e4f67f308e1de938fed4ed432f2a27d5178b6c2dd1363,8,two_branch,58,4,0.00990000000000002,0.09801005050503751
5920e491f92232cc138e4f67f308e1de938fed4ed432f2a27d5178b6c2dd1363,8,two_branch,59,5,0.019601252511000422,0.19502751267449422
5920e491f92232cc138e4f67f308e1de938fed4ed432f2a27d5178b6c2dd1363,8,two_branch,60,4,0.00990000000000002,0.09801005050503751
5920e491f92232cc138e4f67f308e1de938fed4ed432f2a27d5178b6c2dd1363,8,two_branch,61,5,0.019601252511000422,0.19502751267449422
5920e491f92232cc138e4f67f308e1de938fed4ed432f2a27d5178b6c2dd1363,8,two_branch,62,5,0.019601252511000422,0.19502751267449422
5920e491f92232cc138e4f67f308e1de938fed4ed432f2a27d5178b6c2dd1363,8,two_branch,63,6,0.038906999999999914,0.2912364966569266
5920e491f92232cc138e4f67f308e1de938fed4ed432f2a27d5178b6c2dd1363,8,two_branch,64,1,0.0,0.0
5920e491f92232cc138e4f67f308e1de938fed4ed432f2a27d5178b6c2dd1363,8,two_branch,65,2,0.0,0.099498743710662
5920e491f92232cc138e4f67f308e1de938fed4ed432f2a27d5178b6c2dd1363,8,two_branch,66,2,0.0,0.099498743710662
5920e491f92232cc138e4f67f308e1de938fed4ed432f2a27d5178b6c2dd1363,8,two_branch,67,3,0.009949874371066203,0.19824984237068136
5920e491f92232cc138e4f67f308e1de938fed4ed432f2a27d5178b6c2dd1363,8,two_branch,68,2,0.0,0.099498743710662
5920e491f92232cc138e4f67f308e1de938fed4ed432f2a27d5178b6c2dd1363,8,two_branch,69,3,0.009949874371066203,0.19824984237068136
5920e491f92232cc138e4f67f308e1de938fed4ed432f2a27d5178b6c2dd1363,8,two_branch,70,3,0.009949874371066203,0.19824984237068136
5920e491f92232cc138e4f67f308e1de938fed4ed432f2a27d5178b6c2dd1363,8,two_branch,71,4,0.02969999999999995,0.2960100167224076
5920e491f92232cc138e4f67f308e1de938fed4ed432f2a27d5178b6c2dd1363,8,two_branch,72,2,0.0,0.0
5920e491f92232cc138e4f67f308e1de938fed4ed432f2a27d5178b6c2dd1363,8,two_branch,73,3,0.0,0.099
5920e491f92232cc138e4f67f308e1de938fed4ed432f2a27d5178b6c2dd1363,8,two_branch,74,3,0.0,0.099
5920e491f92232cc138e4f67f308e1de938fed4ed432f2a27d5178b6c2dd1363,8,two_branch,75,4,0.009899999999999909,0.19725610256719564
5920e491f92232cc138e4f67f308e1de938fed4ed432f2a27d5178b6c2dd1363,8,two_branch,76,3,0.0,0.099
5920e491f92232cc138e4f67f308e1de938fed4ed432f2a27d5178b6c2dd1363,8,two_branch,77,4,0.009899999999999909,0.19725610256719564
5920e491f92232cc138e4f67f308e1de938fed4ed432f2a27d5178b6c2dd1363,8,two_branch,78,4,0.009899999999999909,0.19725610256719564
5920e491f92232cc138e4f67f308e1de938fed4ed432f2a27d5178b6c2dd1363,8,two_branch,79,5,0.029551126882066514,0.29452624789651605
5920e491f92232cc138e4f67f308e1de938fed4ed432f2a27d5178b6c2dd1363,8,two_branch,80,2,0.0,0.0
5920e491f92232cc138e4f67f308e1de938fed4ed432f2a27d5178b6c2dd1363,8,two_branch,81,3,0.0,0.099
5920e491f92232cc138e4f67f308e1de938fed4ed432f2a27d5178b6c2dd1363,8,two_branch,82,3,0.0,0.099
5920e491f92232cc138e4f67f308e1de938fed4ed432f2a27d5178b6c2dd1363,8,two_branch,83,4,0.00990000000000002,0.19725610256719564
5920e491f92232cc138e4f67f308e1de938fed4ed432f2a27d5178b6c2dd1363,8,two_branch,84,3,0.0,0.099
5920e491f92232cc138e4f67f308e1de938fed4ed432f2a27d5178b6c2dd1363,8,two_branch,85,4,0.00990000000000002,0.19725610256719564
5920e491f92232cc138e4f67f308e1de938fed4ed432f2a27d5178b6c2dd1363,8,two_branch,86,4,0.00990000000000002,0.19725610256719564
5920e491f92232cc138e4f67f308e1de938fed4ed432f2a27d5178b6c2dd1363,8,two_branch,87,5,0.029551126882066625,0.29452624789651605
5920e491f92232cc138e4f67f308e1de938fed4ed432f2a27d5178b6c2dd1363,8,two_branch,88,3,0.0,0.0
5920e491f92232cc138e4f67f308e1de938fed4ed432f2a27d5178b6c2dd1363,8,two_branch,89,4,0.0,0.09850375627355538
5920e491f92232cc138e4f67f308e1de938fed4ed432f2a27d5178b6c2dd1363,8,two_branch,90,4,0.0,0.09850375627355538
5920e491f92232cc138e4f67f308e1de938fed4ed432f2a27d5178b6c2dd1363,8,two_branch,91,5,0.009850375627355468,0.1962673439469745
5920e491f92232cc138e4f67f308e1de938fed4ed432f2a27d5178b6c2dd1363,8,two_branch,92,4,0.0,0.09850375627355538
5920e491f92232cc138e4f67f308e1de938fed4ed432f2a27d5178b6c2dd1363,8,two_branch,93,5,0.009850375627355468,0.1962673439469745
5920e491f92232cc138e4f67f308e1de938fed4ed432f2a27d5178b6c2dd1363,8,two_branch,94,5,0.009850375627355468,0.1962673439469745
5920e491f92232cc138e4f67f308e1de938fed4ed432f2a27d5178b6c2dd1363,8,two_branch,95,6,0.029402999999999846,0.2930499165551835
5920e491f92232cc138e4f67f308e1de938fed4ed432f2a27d5178b6c2dd1363,8,two_branch,96,2,0.0,0.0
5920e491f92232cc138e4f67f308e1de938fed4ed432f2a27d5178b6c2dd1363,8,two_branch,97,3,0.0,0.099
5920e491f92232cc138e4f67f308e1de938fed4ed432f2a27d5178b6c2dd1363,8,two_branch,98,3,0.0,0.099
5920e491f92232cc138e4f67f308e1de938fed4ed432f2a27d5178b6c2dd1363,8,two_branch,99,4,0.00990000000000002,0.19725610256719564
5920e491f92232cc138e4f67f308e1de938fed4ed432f2a27d5178b6c2dd1363,8,two_branch,100,3,0.0,0.099
5920e491f92232cc138e4f67f308e1de938fed4ed432f2a27d5178b6c2dd1363,8,two_branch,101,4,0.00990000000000002,0.19725610256719564
5920e491f92232cc138e4f67f308e1de938fed4ed432f2a27d5178b6c2dd1363,8,two_branch,102,4,0.00990000000000002,0.19725610256719564
5920e491f92232cc138e4f67f308e1de938fed4ed432f2a27d5178b6c2dd1363,8,two_branch,103,5,0.029551126882066625,0.29452624789651605
5920e491f92232cc138e4f67f308e1de938fed4ed432f2a27d5178b6c2dd1363,8,two_branch,104,3,0.0,0.0
5920e491f92232cc138e4f67f308e1de938fed4ed432f2a27d5178b6c2dd1363,8,two_branch,105,4,0.0,0.09850375627355538
5920e491f92232cc138e4f67f308e1de938fed4ed432f2a27d5178b6c2dd1363,8,two_branch,106,4,0.0,0.09850375627355538
5920e491f92232cc138e4f67f308e1de938fed4ed432f2a27d5178b6c2dd1363,8,two_branch,107,5,0.009850375627355468,0.1962673439469745
5920e491f92232cc138e4f67f308e1de938fed4ed432f2a27d5178b6c2dd1363,8,two_branch,108,4,0.0,0.09850375627355538
5920e491f92232cc138e4f67f308e1de938fed4ed432f2a27d5178b6c2dd1363,8,two_branch,109,5,0.009850375627355468,0.1962673439469745
5920e491f92232cc138e4f67f308e1de938fed4ed432f2a27d5178b6c2dd1363,8,two_branch,110,5,0.009850375627355468,0.1962673439469745
5920e491f92232cc138e4f67f308e1de938fed4ed432f2a27d5178b6c2dd1363,8,two_branch,111,6,0.029402999999999846,0.2930499165551835
5920e491f92232cc138e4f67f308e1de938fed4ed432f2a27d5178b6c2dd1363,8,two_branch,112,3,0.009949874371066203,0.009949874371066203
5920e491f92232cc138e4f67f308e1de938fed4ed432f2a27d5178b6c2dd1363,8,two_branch,113,4,0.009899999999999909,0.0980100505050375
5920e491f92232cc138e4f67f308e1de938fed4ed432f2a27d5178b6c2dd1363,8,two_branch,114,4,0.009899999999999909,0.0980100505050375
5920e491f92232cc138e4f67f308e1de938fed4ed432f2a27d5178b6c2dd1363,8,two_branch,115,5,0.019601252511000422,0.19502751267449422
5920e491f92232cc138e4f67f308e1de938fed4ed432f2a27d5178b6c2dd1363,8,two_branch,116,4,0.009899999999999909,0.0980100505050375
5920e491f92232cc138e4f67f308e1de938fed4ed432f2a27d5178b6c2dd1363,8,two_branch,117,5,0.019601252511000422,0.19502751267449422
5920e491f92232cc138e4f67f308e1de938fed4ed432f2a27d5178b6c2dd1363,8,two_branch,118,5,0.019601252511000422,0.19502751267449422
5920e491f92232cc138e4f67f308e1de938fed4ed432f2a27d5178b6c2dd1363,8,two_branch,119,6,0.038907000000000025,0.2912364966569266
5920e491f92232cc138e4f67f308e1de938fed4ed432f2a27d5178b6c2dd1363,8,two_branch,120,4,0.009899999999999909,0.009899999999999909
5920e491f92232cc138e4f67f308e1de938fed4ed432f2a27d5178b6c2dd1363,8,two_branch,121,5,0.009850375627355468,0.09751876896269764
5920e491f92232cc138e4f67f308e1de938fed4ed432f2a27d5178b6c2dd1363,8,two_branch,122,5,0.009850375627355468,0.09751876896269764
5920e491f92232cc138e4f67f308e1de938fed4ed432f2a27d5178b6c2dd1363,8,two_branch,123,6,0.019503000000000048,0.19404992500127385
5920e491f92232cc138e4f67f308e1de938fed4ed432f2a27d5178b6c2dd1363,8,two_branch,124,5,0.009850375627355468,0.09751876896269764
5920e491f92232cc138e4f67f308e1de938fed4ed432f2a27d5178b6c2dd1363,8,two_branch,125,6,0.019503000000000048,0.19404992500127385
5920e491f92232cc138e4f67f308e1de938fed4ed432f2a27d5178b6c2dd1363,8,two_branch,126,6,0.019503000000000048,0.19404992500127385
5920e491f92232cc138e4f67f308e1de938fed4ed432f2a27d5178b6c2dd1363,8,two_branch,127,7,0.03871197621550726,0.2897766554005861
5920e491f92232cc138e4f67f308e1de938fed4ed432f2a27d5178b6c2dd1363,8,two_branch,128,1,0.0,0.0
5920e491f92232cc138e4f67f308e1de938fed4ed432f2a27d5178b6c2dd1363,8,two_branch,129,2,0.0,0.099498743710662
5920e491f92232cc138e4f67f308e1de938fed4ed432f2a27d5178b6c2dd1363,8,two_branch,130,2,0.0,0.099498743710662
5920e491f92232cc138e4f67f308e1de938fed4ed432f2a27d5178b6c2dd1363,8,two_branch,131,3,0.009949874371066203,0.19824984237068136
5920e491f92232cc138e4f67f308e1de938fed4ed432f2a27d5178b6c2dd1363,8,two_branch,132,2,0.0,0.099498743710662
5920e491f92232cc138e4f67f308e1de938fed4ed432f2a27d5178b6c2dd1363,8,two_branch,133,3,0.009949874371066203,0.19824984237068136
5920e491f92232cc138e4f67f308e1de938fed4ed432f2a27d5178b6c2dd1363,8,two_branch,134,3,0.009949874371066203,0.19824984237068136
5920e491f92232cc138e4f67f308e1de938fed4ed432f2a27d5178b6c2dd1363,8,two_branch,135,4,0.02969999999999995,0.2960100167224076
5920e491f92232cc138e4f67f308e1de938fed4ed432f2a27d5178b6c2dd1363,8,two_branch,136,2,0.0,0.0
5920e491f92232cc138e4f67f308e1de938fed4ed432f2a27d5178b6c2dd1363,8,two_branch,137,3,0.0,0.099
5920e491f92232cc138e4f67f308e1de938fed4ed432f2a27d5178b6c2dd1363,8,two_branch,138,3,0.0,0.099
5920e491f92232cc138e4f67f308e1de938fed4ed432f2a27d5178b6c2dd1363,8,two_branch,139,4,0.009899999999999909,0.19725610256719564
5920e491f92232cc138e4f67f308e1de938fed4ed432f2a27d5178b6c2dd1363,8,two_branch,140,3,0.0,0.099
5920e491f92232cc138e4f67f308e1de938fed4ed432f2a27d5178b6c2dd1363,8,two_branch,141,4,0.009899999999999909,0.19725610256719564
5920e491f92232cc138e4f67f308e1de938fed4ed432f2a27d5178b6c2dd1363,8,two_branch,142,4,0.009899999999999909,0.19725610256719564
5920e491f92232cc138e4f67f308e1de938fed4ed432f2a27d5178b6c2dd1363,8,two_branch,143,5,0.029551126882066514,0.29452624789651605
5920e491f92232cc138e4f67f308e1de938fed4ed432f2a27d5178b6c2dd1363,8,two_branch,144,2,0.0,0.0
5920e491f92232cc138e4f67f308e1de938fed4ed432f2a27d5178b6c2dd1363,8,two_branch,145,3,0.0,0.099
5920e491f92232cc138e4f67f308e1de938fed4ed432f2a27d5178b6c2dd1363,8,two_branch,146,3,0.0,0.099
5920e491f92232cc138e4f67f308e1de938fed4ed432f2a27d5178b6c2dd1363,8,two_branch,147,4,0.00990000000000002,0.19725610256719564
5920e491f92232cc138e4f67f308e1de938fed4ed432f2a27d5178b6c2dd1363,8,two_branch,148,3,0.0,0.099
5920e491f92232cc138e4f67f308e1de938fed4ed432f2a27d5178b6c2dd1363,8,two_branch,149,4,0.00990000000000002,0.19725610256719564
5920e491f92232cc138e4f67f308e1de938fed4ed432f2a27d5178b6c2dd1363,8,two_branch,150,4,0.00990000000000002,0.19725610256719564
5920e491f92232cc138e4f67f308e1de938fed4ed432f2a27d5178b6c2dd1363,8,two_branch,151,5,0.029551126882066625,0.29452624789651605
5920e491f92232cc138e4f67f308e1de938fed4ed432f2a27d5178b6c2dd1363,8,two_branch,152,3,0.0,0.0
5920e491f92232cc138e4f67f308e1de938fed4ed432f2a27d5178b6c2dd1363,8,two_branch,153,4,0.0,0.09850375627355538
5920e491f92232cc138e4f67f308e1de938fed4ed432f2a27d5178b6c2dd1363,8,two_branch,154,4,0.0,0.09850375627355538
5920e491f92232cc138e4f67f308e1de938fed4ed432f2a27d5178b6c2dd1363,8,two_branch,155,5,0.009850375627355468,0.1962673439469745
5920e491f92232cc138e4f67f308e1de938fed4ed432f2a27d5178b6c2dd1363,8,two_branch,156,4,0.0,0.09850375627355538
5920e491f92232cc138e4f67f308e1de938fed4ed432f2a27d5178b6c2dd1363,8,two_branch,157,5,0.009850375627355468,0.1962673439469745
5920e491f92232cc138e4f67f308e1de938fed4ed432f2a27d5178b6c2dd1363,8,two_branch,158,5,0.009850375627355468,0.1962673439469745
5920e491f92232cc138e4f67f308e1de938fed4ed432f2a27d5178b6c2dd1363,8,two_branch,159,6,0.029402999999999846,0.2930499165551835
5920e491f92232cc138e4f67f308e1de938fed4ed432f2a27d5178b6c2dd1363,8,two_branch,160,2,0.0,0.0
5920e491f92232cc138e4f67f308e1de938fed4ed432f2a27d5178b6c2dd1363,8,two_branch,161,3,0.0,0.099
5920e491f92232cc138e4f67f308e1de938fed4ed432f2a27d5178b6c2dd1363,8,two_branch,162,3,0.0,0.099
5920e491f92232cc138e4f67f308e1de938fed4ed432f2a27d5178b6c2dd1363,8,two_branch,163,4,0.00990000000000002,0.19725610256719564
5920e491f92232cc138e4f67f308e1de938fed4ed432f2a27d5178b6c2dd1363,8,two_branch,164,3,0.0,0.099
5920e491f92232cc138e4f67f308e1de938fed4ed432f2a27d5178b6c2dd1363,8,two_branch,165,4,0.00990000000000002,0.19725610256719564
5920e491f92232cc138e4f67f308e1de938fed4ed432f2a27d5178b6c2dd1363,8,two_branch,166,4,0.00990000000000002,0.19725610256719564
5920e491f92232cc138e4f67f308e1de938fed4ed432f2a27d5178b6c2dd1363,8,two_branch,167,5,0.029551126882066625,0.29452624789651605
5920e491f92232cc138e4f67f308e1de938fed4ed432f2a27d5178b6c2dd1363,8,two_branch,168,3,0.0,0.0
5920e491f92232cc138e4f67f308e1de938fed4ed432f2a27d5178b6c2dd1363,8,two_branch,169,4,0.0,0.09850375627355538
5920e491f92232cc138e4f67f308e1de938fed4ed432f2a27d5178b6c2dd1363,8,two_branch,170,4,0.0,0.09850375627355538
5920e491f92232cc138e4f67f308e1de938fed4ed432f2a27d5178b6c2dd1363,8,two_branch,171,5,0.009850375627355468,0.1962673439469745
5920e491f92232cc138e4f67f308e1de938fed4ed432f2a27d5178b6c2dd1363,8,two_branch,172,4,0.0,0.09850375627355538
5920e491f92232cc138e4f67f308e1de938fed4ed432f2a27d5178b6c2dd1363,8,two_branch,173,5,0.009850375627355468,0.1962673439469745
5920e491f92232cc138e4f67f308e1de938fed4ed432f2a27d5178b6c2dd1363,8,two_branch,174,5,0.009850375627355468,0.1962673439469745
5920e491f92232cc138e4f67f308e1de938fed4ed432f2a27d5178b6c2dd1363,8,two_branch,175,6,0.029402999999999846,0.2930499165551835
5920e491f92232cc138e4f67f308e1de938fed4ed432f2a27d5178b6c2dd1363,8,two_branch,176,3,0.009949874371066203,0.009949874371066203
5920e491f92232cc138e4f67f308e1de938fed4ed432f2a27d5178b6c2dd1363,8,two_branch,177,4,0.009899999999999909,0.0980100505050375
5920e491f92232cc138e4f67f308e1de938fed4ed432f2a27d5178b6c2dd1363,8,two_branch,178,4,0.009899999999999909,0.0980100505050375
5920e491f92232cc138e4f67f308e1de938fed4ed432f2a27d5178b6c2dd1363,8,two_branch,179,5,0.019601252511000422,0.19502751267449422
5920e491f92232cc138e4f67f308e1de938fed4ed432f2a27d5178b6c2dd1363,8,two_branch,180,4,0.009899999999999909,0.0980100505050375
5920e491f92232cc138e4f67f308e1de938fed4ed432f2a27d5178b6c2dd1363,8,two_branch,181,5,0.019601252511000422,0.19502751267449422
5920e491f92232cc138e4f67f308e1de938fed4ed432f2a27d5178b6c2dd1363,8,two_branch,182,5,0.019601252511000422,0.19502751267449422
5920e491f92232cc138e4f67f308e1de938fed4ed432f2a27d5178b6c2dd1363,8,two_branch,183,6,0.038907000000000025,0.2912364966569266
5920e491f92232cc138e4f67f308e1de938fed4ed432f2a27d5178b6c2dd1363,8,two_branch,184,4,0.009899999999999909,0.009899999999999909
5920e491f92232cc138e4f67f308e1de938fed4ed432f2a27d5178b6c2dd1363,8,two_branch,185,5,0.009850375627355468,0.09751876896269764
5920e491f92232cc138e4f67f308e1de938fed4ed432f2a27d5178b6c2dd1363,8,two_branch,186,5,0.009850375627355468,0.09751876896269764
5920e491f92232cc138e4f67f308e1de938fed4ed432f2a27d5178b6c2dd1363,8,two_branch,187,6,0.019503000000000048,0.19404992500127385
5920e491f92232cc138e4f67f308e1de938fed4ed432f2a27d5178b6c2dd1363,8,two_branch,188,5,0.009850375627355468,0.09751876896269764
5920e491f92232cc138e4f67f308e1de938fed4ed432f2a27d5178b6c2dd1363,8,two_branch,189,6,0.019503000000000048,0.19404992500127385
5920e491f92232cc138e4f67f308e1de938fed4ed432f2a27d5178b6c2dd1363,8,two_branch,190,6,0.019503000000000048,0.19404992500127385
5920e491f92232cc138e4f67f308e1de938fed4ed432f2a27d5178b6c2dd1363,8,two_branch,191,7,0.03871197621550726,0.2897766554005861
5920e491f92232cc138e4f67f308e1de938fed4ed432f2a27d5178b6c2dd1363,8,two_branch,192,2,0.0,0.0
5920e491f92232cc138e4f67f308e1de938fed4ed432f2a27d5178b6c2dd1363,8,two_branch,193,3,0.0,0.099
5920e491f92232cc138e4f67f308e1de938fed4ed432f2a27d5178b6c2dd1363,8,two_branch,194,3,0.0,0.099
5920e491f92232cc138e4f67f308e1de938fed4ed432f2a27d5178b6c2dd1363,8,two_branch,195,4,0.00990000000000002,0.19725610256719564
5920e491f92232cc138e4f67f308e1de938fed4ed432f2a27d5178b6c2dd1363,8,two_branch,196,3,0.0,0.099
5920e491f92232cc138e4f67f308e1de938fed4ed432f2a27d5178b6c2dd1363,8,two_branch,197,4,0.00990000000000002,0.19725610256719564
5920e491f92232cc138e4f67f308e1de938fed4ed432f2a27d5178b6c2dd1363,8,two_branch,198,4,0.00990000000000002,0.19725610256719564
5920e491f92232cc138e4f67f308e1de938fed4ed432f2a27d5178b6c2dd1363,8,two_branch,199,5,0.029551126882066625,0.29452624789651605
5920e491f92232cc138e4f67f308e1de938fed4ed432f2a27d5178b6c2dd1363,8,two_branch,200,3,0.0,0.0
5920e491f92232cc138e4f67f308e1de938fed4ed432f2a27d5178b6c2dd1363,8,two_branch,201,4,0.0,0.09850375627355538
5920e491f92232cc138e4f67f308e1de938fed4ed432f2a27d5178b6c2dd1363,8,two_branch,202,4,0.0,0.09850375627355538
5920e491f92232cc138e4f67f308e1de938fed4ed432f2a27d5178b6c2dd1363,8,two_branch,203,5,0.009850375627355468,0.1962673439469745
5920e491f92232cc138e4f67f308e1de938fed4ed432f2a27d5178b6c2dd1363,8,two_branch,204,4,0.0,0.09850375627355538
5920e491f92232cc138e4f67f308e1de938fed4ed432f2a27d5178b6c2dd1363,8,two_branch,205,5,0.009850375627355468,0.1962673439469745
5920e491f92232cc138e4f67f308e1de938fed4ed432f2a27d5178b6c2dd1363,8,two_branch,206,5,0.009850375627355468,0.1962673439469745
5920e491f92232cc138e4f67f308e1de938fed4ed432f2a27d5178b6c2dd1363,8,two_branch,207,6,0.029402999999999846,0.2930499165551835
5920e491f92232cc138e4f67f308e1de938fed4ed432f2a27d5178b6c2dd1363,8,two_branch,208,3,0.0,0.0
5920e491f92232cc138e4f67f308e1de938fed4ed432f2a27d5178b6c2dd1363,8,two_branch,209,4,0.0,0.09850375627355538
5920e491f92232cc138e4f67f308e1de938fed4ed432f2a27d5178b6c2dd1363,8,two_branch,210,4,0.0,0.09850375627355538
5920e491f92232cc138e4f67f308e1de938fed4ed432f2a27d5178b6c2dd1363,8,two_branch,211,5,0.009850375627355468,0.19626734394697457
5920e491f92232cc138e4f67f308e1de938fed4ed432f2a27d5178b6c2dd1363,8,two_branch,212,4,0.0,0.09850375627355538
5920e491f92232cc138e4f67f308e1de938fed4ed432f2a27d5178b6c2dd1363,8,two_branch,213,5,0.009850375627355468,0.19626734394697457
5920e491f92232cc138e4f67f308e1de938fed4ed432f2a27d5178b6c2dd1363,8,two_branch,214,5,0.009850375627355468,0.19626734394697457
5920e491f92232cc138e4f67f308e1de938fed4ed432f2a27d5178b6c2dd1363,8,two_branch,215,6,0.029403000000000068,0.29304991655518353
5920e491f92232cc138e4f67f308e1de938fed4ed432f2a27d5178b6c2dd1363,8,two_branch,216,4,0.0,0.0
5920e491f92232cc138e4f67f308e1de938fed4ed432f2a27d5178b6c2dd1363,8,two_branch,217,5,0.0,0.09801000000000001
5920e491f92232cc138e4f67f308e1de938fed4ed432f2a27d5178b6c2dd1363,8,two_branch,218,5,0.0,0.09801000000000001
5920e491f92232cc138e4f67f308e1de938fed4ed432f2a27d5178b6c2dd1363,8,two_branch,219,6,0.00980100000000006,0.1952835415415237
5920e491f92232cc138e4f67f308e1de938fed4ed432f2a27d5178b6c2dd1363,8,two_branch,220,5,0.0,0.09801000000000001
5920e491f92232cc138e4f67f308e1de938fed4ed432f2a27d5178b6c2dd1363,8,two_branch,221,6,0.00980100000000006,0.1952835415415237
5920e491f92232cc138e4f67f308e1de938fed4ed432f2a27d5178b6c2dd1363,8,two_branch,222,6,0.00980100000000006,0.1952835415415237
5920e491f92232cc138e4f67f308e1de938fed4ed432f2a27d5178b6c2dd1363,8,two_branch,223,7,0.029255615613245967,0.29158098541755095
5920e491f92232cc138e4f67f308e1de938fed4ed432f2a27d5178b6c2dd1363,8,two_branch,224,3,0.0,0.0
5920e491f92232cc138e4f67f308e1de938fed4ed432f2a27d5178b6c2dd1363,8,two_branch,225,4,0.0,0.09850375627355538
5920e491f92232cc138e4f67f308e1de938fed4ed432f2a27d5178b6c2dd1363,8,two_branch,226,4,0.0,0.09850375627355538
5920e491f92232cc138e4f67f308e1de938fed4ed432f2a27d5178b6c2dd1363,8,two_branch,227,5,0.009850375627355468,0.19626734394697457
5920e491f92232cc138e4f67f308e1de938fed4ed432f2a27d5178b6c2dd1363,8,two_branch,228,4,0.0,0.09850375627355538
5920e491f92232cc138e4f67f308e1de938fed4ed432f2a27d5178b6c2dd1363,8,two_branch,229,5,0.009850375627355468,0.19626734394697457
5920e491f92232cc138e4f67f308e1de938fed4ed432f2a27d5178b6c2dd1363,8,two_branch,230,5,0.009850375627355468,0.19626734394697457
5920e491f92232cc138e4f67f308e1de938fed4ed432f2a27d5178b6c2dd1363,8,two_branch,231,6,0.029403000000000068,0.29304991655518353
5920e491f92232cc138e4f67f308e1de938fed4ed432f2a27d5178b6c2dd1363,8,two_branch,232,4,0.0,0.0
5920e491f92232cc138e4f67f308e1de938fed4ed432f2a27d5178b6c2dd1363,8,two_branch,233,5,0.0,0.09801000000000001
5920e491f92232cc138e4f67f308e1de938fed4ed432f2a27d5178b6c2dd1363,8,two_branch,234,5,0.0,0.09801000000000001
5920e491f92232cc138e4f67f308e1de938fed4ed432f2a27d5178b6c2dd1363,8,two_branch,235,6,0.00980100000000006,0.1952835415415237
5920e491f92232cc138e4f67f308e1de938fed4ed432f2a27d5178b6c2dd1363,8,two_branch,236,5,0.0,0.09801000000000001
5920e491f92232cc138e4f67f308e1de938fed4ed432f2a27d5178b6c2dd1363,8,two_branch,237,6,0.00980100000000006,0.1952835415415237
5920e491f92232cc138e4f67f308e1de938fed4ed432f2a27d5178b6c2dd1363,8,two_branch,238,6,0.00980100000000006,0.1952835415415237
5920e491f92232cc138e4f67f308e1de938fed4ed432f2a27d5178b6c2dd1363,8,two_branch,239,7,0.029255615613245967,0.29158098541755095
5920e491f92232cc138e4f67f308e1de938fed4ed432f2a27d5178b6c2dd1363,8,two_branch,240,4,0.00990000000000002,0.00990000000000002
5920e491f92232cc138e4f67f308e1de938fed4ed432f2a27d5178b6c2dd1363,8,two_branch,241,5,0.009850375627355579,0.09751876896269764
5920e491f92232cc138e4f67f308e1de938fed4ed432f2a27d5178b6c2dd1363,8,two_branch,242,5,0.009850375627355579,0.09751876896269764
5920e491f92232cc138e4f67f308e1de938fed4ed432f2a27d5178b6c2dd1363,8,two_branch,243,6,0.019502999999999937,0.19404992500127383
5920e491f92232cc138e4f67f308e1de938fed4ed432f2a27d5178b6c2dd1363,8,two_branch,244,5,0.009850375627355579,0.09751876896269764
5920e491f92232cc138e4f67f308e1de938fed4ed432f2a27d5178b6c2dd1363,8,two_branch,245,6,0.019502999999999937,0.19404992500127383
5920e491f92232cc138e4f67f308e1de938fed4ed432f2a27d5178b6c2dd1363,8,two_branch,246,6,0.019502999999999937,0.19404992500127383
5920e491f92232cc138e4f67f308e1de938fed4ed432f2a27d5178b6c2dd1363,8,two_branch,247,7,0.03871197621550726,0.28977665540058606
5920e491f92232cc138e4f67f308e1de938fed4ed432f2a27d5178b6c2dd1363,8,two_branch,248,5,0.009850375627355579,0.009850375627355579
5920e491f92232cc138e4f67f308e1de938fed4ed432f2a27d5178b6c2dd1363,8,two_branch,249,6,0.009800999999999949,0.09702994999998711
5920e491f92232cc138e4f67f308e1de938fed4ed432f2a27d5178b6c2dd1363,8,two_branch,250,6,0.009800999999999949,0.09702994999998711
5920e491f92232cc138e4f67f308e1de938fed4ed432f2a27d5178b6c2dd1363,8,two_branch,251,7,0.0194052399858905,0.19307723754774928
5920e491f92232cc138e4f67f308e1de938fed4ed432f2a27d5178b6c2dd1363,8,two_branch,252,6,0.009800999999999949,0.09702994999998711
5920e491f92232cc138e4f67f308e1de938fed4ed432f2a27d5178b6c2dd1363,8,two_branch,253,7,0.0194052399858905,0.19307723754774928
5920e491f92232cc138e4f67f308e1de938fed4ed432f2a27d5178b6c2dd1363,8,two_branch,254,7,0.0194052399858905,0.19307723754774928
5920e491f92232cc138e4f67f308e1de938fed4ed432f2a27d5178b6c2dd1363,8,two_branch,255,8,0.03851792999999992,0.2883241316903573
