openalex,cites,year,title,authors,venue,doi,arxiv,type,cited_by,oa_url,abstract
W2916081703,CY15;HRY20;OY02,2021,Scaled relative graphs: nonexpansive operators via 2D Euclidean geometry,Ernest K. Ryu; Robert Hannah; Wotao Yin,Mathematical Programming,10.1007/s10107-021-01639-w,1902.09788,article,19,https://arxiv.org/pdf/1902.09788,
W3194304051,HRY20;PAT21;RHY22,2022,A rolled-off passivity theorem,Thomas Chaffey,Systems & Control Letters,10.1016/j.sysconle.2022.105198,2108.07634,article,1,https://www.sciencedirect.com/science/article/pii/S0167691122000421/pdf,"Given two nonlinear systems which only violate incremental passivity when their incremental gains are sufficiently small, we give a condition for their negative feedback interconnection to have finite incremental gain, which generalizes the incremental small gain and incremental passivity theorems. The property may be determined graphically by plotting the Scaled Relative Graphs (SRGs) of the systems, which provides engineering significance to the mathematical result."
W3184506730,HRY20;PAT21;RHY22,2023,Graphical Nonlinear System Analysis,Thomas Chaffey; Fulvio Forni; Rodolphe Sepulchre,IEEE Transactions on Automatic Control,10.1109/tac.2023.3234016,2107.11272,article,36,https://arxiv.org/pdf/2107.11272,"We use the recently introduced concept of a scaled relative graph (SRG) to develop a graphical analysis of input–output properties of feedback systems. The SRG of a nonlinear operator generalizes the Nyquist diagram of an LTI system. In the spirit of classical control theory, important robustness indicators of nonlinear feedback systems are measured as distances between SRGs."
W4406666663,HRY20;OY02;RHY22,2025,Convergence Analyses of Davis–Yin Splitting via Scaled Relative Graphs,Jong Min Lee; Soheun Yi; Ernest K. Ryu,SIAM Journal on Optimization,10.1137/23m1621320,,article,5,,"Abstract. Davis–Yin splitting (DYS) has found a wide range of applications in optimization, but its linear rates of convergence have not been studied extensively. The scaled relative graph (SRG) simplifies the convergence analysis of operator splitting methods by mapping the action of the operator to the complex plane, but the prior SRG theory did not fully apply to the DYS operator. In this work, we formalize an SRG theory for the DYS operator and use it to obtain tighter contraction factors."
W2175165459,CY15;OY02,2015,Preconditioning of a Generalized Forward-Backward Splitting and Application to Optimization on Graphs,Hugo Raguet; Loïc Landrieu,SIAM Journal on Imaging Sciences,10.1137/15m1018253,,article,40,https://hal.science/hal-01144566v3/file/PGFB-preprint.pdf,"We present a preconditioning of a generalized forward-backward splitting algorithm for finding a zero of a sum of maximally monotone operators $\sum_{i=1}^{n} A_i + B$ with $B$ cocoercive, involving only the computation of $B$ and of the resolvent of each $A_i$ separately. This allows us in particular to minimize functionals of the form $\sum_{i=1}^n g_i + f$ with $f$ smooth, using only the gradient of $f$ and the proximity operator of each $g_i$ separately. By adapting the underlying metric, such preconditioning can serve two practical purposes: first, it might accelerate the convergence or, second, it might simplify the computation of the resolvent of $A_i$ for some $i$. In addition, in many cases of interest, our preconditioning strategy allows the economy of storage and computation concerning some auxiliary variables. In particular, we show how this approach can handle large-scale, nonsmooth, convex optimization problems structured on graphs, which arise in many image processing or learning applications, and that it compares favorably to alternatives in the literature."
W2594914074,CY15;OY02,2017,Nonexpansiveness of a linearized augmented Lagrangian operator for hierarchical convex optimization,Masao Yamagishi; Isao Yamada,Inverse Problems,10.1088/1361-6420/33/4/044003,,article,18,https://iopscience.iop.org/article/10.1088/1361-6420/33/4/044003/pdf,"Abstract Hierarchical convex optimization concerns two-stage optimization problems: the first stage problem is a convex optimization; the second stage problem is the minimization of a convex function over the solution set of the first stage problem. For the hierarchical convex optimization, the hybrid steepest descent method (HSDM) can be applied, where the solution set of the first stage problem must be expressed as the fixed point set of a certain nonexpansive operator. In this paper, we propose a nonexpansive operator that yields a computationally efficient update when it is plugged into the HSDM. The proposed operator is inspired by the update of the linearized augmented Lagrangian method. It is applicable to characterize the solution set of recent sophisticated convex optimization problems found in the context of inverse problems, where the sum of multiple proximable convex functions involving linear operators must be minimized to incorporate preferable properties into the minimizers. For such a problem formulation, there has not yet been reported any nonexpansive operator that yields an update free from the inversions of linear operators in cases where it is utilized in the HSDM. Unlike previously known nonexpansive operators, the proposed operator yields an inversion-free update in such cases. As an application of the proposed operator plugged into the HSDM, we also present, in the context of the so-called superiorization, an algorithmic solution to a convex optimization problem over the generalized convex feasible set where the intersection of the hard constraints is not necessarily simple."
W2704581149,CY15;OY02,2017,Accelerating the hybrid steepest descent method for affinely constrained convex composite minimization tasks,Konstantinos Slavakis; Isao Yamada; Shunsuke Ono,,10.1109/icassp.2017.7953050,,conference-paper,0,,"The hybrid steepest descent method (HSDM) [Yamada, '01] was introduced as a low-computational complexity tool for solving convex variational-inequality problems over the fixed-point set of non-expansive mappings in Hilbert spaces. Motivated by results on decentralized optimization, this study introduces an HSDM variant that extends, for the first time, the applicability of HSDM to affinely constrained composite convex minimization tasks over Euclidean spaces; the same class of problems solved by the popular alternating direction method of multipliers and primal-dual methods. The proposed scheme shows desirable attributes for large-scale optimization tasks that have not been met, partly or all-together, in any other member of the HSDM family of algorithms: tunable computational complexity, a step-size parameter which stays constant over recursions, promoting thus acceleration of convergence, no boundedness constraints on iterates and/or gradients, and the ability to deal with convex losses which comprise a smooth and a non-smooth part, where the smooth part is only required to have a Lipschitz-continuous derivative. Convergence guarantees and rates are established. Numerical tests on synthetic data and on colored-image inpainting underline the rich potential of the proposed scheme for large-scale optimization tasks."
W2964137109,CY15;OY02,2018,Local linear convergence analysis of Primal–Dual splitting methods,Jingwei Liang; Jalal Fadili; Gabriel Peyré,Optimization,10.1080/02331934.2018.1426584,,article,20,,"In this paper, we study the local linear convergence properties of a versatile class of Primal–Dual splitting methods for minimizing composite non-smooth convex optimization problems. Under the assumption that the non-smooth components of the problem are partly smooth relative to smooth manifolds, we present a unified local convergence analysis framework for these methods. More precisely, in our framework, we first show that (i) the sequences generated by Primal–Dual splitting methods identify a pair of primal and dual smooth manifolds in a finite number of iterations, and then (ii) enter a local linear convergence regime, which is characterized based on the structure of the underlying active smooth manifolds. We also show how our results for Primal–Dual splitting can be specialized to cover existing ones on Forward–Backward splitting and Douglas–Rachford splitting/ADMM (alternating direction methods of multipliers). Moreover, based on these obtained local convergence analysis result, several practical acceleration techniques are discussed. To exemplify the usefulness of the obtained result, we consider several concrete numerical experiments arising from fields including signal/image processing, inverse problems and machine learning. The demonstration not only verifies the local linear convergence behaviour of Primal–Dual splitting methods, but also the insights on how to accelerate them in practice."
W2963289483,CY15;OY02,2018,Fejér-monotone hybrid steepest descent method for affinely constrained and composite convex minimization tasks,Konstantinos Slavakis; Isao Yamada,Optimization,10.1080/02331934.2018.1505885,,article,17,,"This paper introduces the Fejér-monotone hybrid steepest descent method (FM-HSDM), a new member to the HSDM family of algorithms, for solving affinely constrained minimization tasks in real Hilbert spaces, where convex smooth and non-smooth losses compose the objective function. FM-HSDM offers sequences of estimates which converge weakly and, under certain hypotheses, strongly to solutions of the task at hand. In contrast to its HSDM's precursors, FM-HSDM enjoys Fejér monotonicity, the step-size parameter stays constant across iterations to promote convergence speed-ups of the sequence of estimates to a minimizer, while only Lipschitzian continuity, and not strong monotonicity, of the derivative of the smooth-loss function is needed to ensure convergence. FM-HSDM utilizes fixed-point theory, variational inequalities and affine-nonexpansive mappings to accommodate affine constraints in a more versatile way than state-of-the-art primal–dual techniques and the alternating direction method of multipliers do. Recursions can be tuned to score low computational footprints, well-suited for large-scale optimization tasks, without compromising convergence guarantees. Results on the rate of convergence to an optimal point are also presented. Finally, numerical tests on synthetic data are used to validate the theoretical findings."
W2509744852,CY15;OY02,2018,Inducing strong convergence into the asymptotic behaviour of proximal splitting algorithms in Hilbert spaces,Radu Ioan Boţ; Ernö Robert Csetnek; Dennis Meier,Optimization methods & software,10.1080/10556788.2018.1457151,1609.01627,article,0,https://www.tandfonline.com/doi/pdf/10.1080/10556788.2018.1457151?needAccess=true,"Proximal splitting algorithms for monotone inclusions (and convex optimization problems) in Hilbert spaces share the common feature to guarantee for the generated sequences in general weak convergence to a solution. In order to achieve strong convergence, one usually needs to impose more restrictive properties for the involved operators, like strong monotonicity (respectively, strong convexity for optimization problems). In this paper, we propose a modified Krasnosel'skiĭ-Mann algorithm in connection with the determination of a fixed point of a nonexpansive mapping and show strong convergence of the iteratively generated sequence to the minimal norm solution of the problem. Relying on this, we derive a forward-backward and a Douglas-Rachford algorithm, both endowed with Tikhonov regularization terms, which generate iterates that strongly converge to the minimal norm solution of the set of zeros of the sum of two maximally monotone operators. Furthermore, we formulate strong convergent primal-dual algorithms of forward-backward and Douglas-Rachford-type for highly structured monotone inclusion problems involving parallel-sums and compositions with linear operators. The resulting iterative schemes are particularized to the solving of convex minimization problems. The theoretical results are illustrated by numerical experiments on the split feasibility problem in infinite dimensional spaces."
W2982087216,CY15;OY02,2019,Linearly involved generalized Moreau enhanced models and their proximal splitting algorithm under overall convexity condition,Jiro Abe; Masao Yamagishi; Isao Yamada,Inverse Problems,10.1088/1361-6420/ab551e,1910.10337,article,44,https://arxiv.org/pdf/1910.10337,"Abstract The convex envelopes of the direct discrete measures, for the sparsity of vectors or for the low-rankness of matrices, have been utilized extensively as practical penalties in order to compute a globally optimal solution of the corresponding regularized least-squares models. Motivated mainly by the ideas in Zhang (2010 Ann. Stat . 38 894–942; Selesnick 2017 IEEE Trans. Signal Process . 65 4481–94; Yin et al 2019 IEEE Trans. Signal Process . 67 2595–607) to exploit nonconvex penalties in the regularized least-squares models without losing their overall convexities, this paper presents the linearly involved generalized Moreau enhanced (LiGME) model as a unified extension of such utilizations of nonconvex penalties. The proposed model can admit multiple nonconvex penalties without losing its overall convexity and thus is applicable to much broader scenarios in the sparsity-rank-aware signal processing. Under the general overall-convexity condition of the LiGME model, we also present a novel proximal splitting type algorithm of guaranteed convergence to a globally optimal solution. Numerical experiments in typical examples of the sparsity-rank-aware signal processing demonstrate the effectiveness of the LiGME models and the proposed proximal splitting algorithm."
W2889868692,CY15;OY02,2019,Convergence analysis of a variable metric forward–backward splitting algorithm with applications,Fuying Cui; Yuchao Tang; Chuanxi Zhu,Journal of Inequalities and Applications,10.1186/s13660-019-2097-4,1809.06525,article,8,https://journalofinequalitiesandapplications.springeropen.com/track/pdf/10.1186/s13660-019-2097-4,"The forward–backward splitting algorithm is a popular operator-splitting method for solving monotone inclusion of the sum of a maximal monotone operator and an inverse strongly monotone operator. In this paper, we present a new convergence analysis of a variable metric forward–backward splitting algorithm with extended relaxation parameters in real Hilbert spaces. We prove that this algorithm is weakly convergent when certain weak conditions are imposed upon the relaxation parameters. Consequently, we recover the forward–backward splitting algorithm with variable step sizes. As an application, we obtain a variable metric forward–backward splitting algorithm for solving the minimization problem of the sum of two convex functions, where one of them is differentiable with a Lipschitz continuous gradient. Furthermore, we discuss the applications of this algorithm to the fundamental of the variational inequalities problem, constrained convex minimization problem, and split feasibility problem. Numerical experimental results on LASSO problem in statistical learning demonstrate the effectiveness of the proposed iterative algorithm."
W2942720534,CY15;OY02,2019,Iterative Methods for Computing the Resolvent of the Sum of a Maximal Monotone Operator and Composite Operator with Applications,Bao Chen; Yuchao Tang,Mathematical Problems in Engineering,10.1155/2019/7376263,,article,8,http://downloads.hindawi.com/journals/mpe/2019/7376263.pdf,"Total variation image denoising models have received considerable attention in the last two decades. To solve constrained total variation image denoising problems, we utilize the computation of a resolvent operator, which consists of a maximal monotone operator and a composite operator. More precisely, the composite operator consists of a maximal monotone operator and a bounded linear operator. Based on recent work, in this paper we propose a fixed‐point approach for computing this resolvent operator. Under mild conditions on the iterative parameters, we prove strong convergence of the iterative sequence, which is based on the classical Krasnoselskii–Mann algorithm in general Hilbert spaces. As a direct application, we obtain an effective iterative algorithm for solving the proximity operator of the sum of two convex functions, one of which is the composition of a convex function with a linear transformation. Numerical experiments on image denoising are presented to illustrate the efficiency and effectiveness of the proposed iterative algorithm. In particular, we report the numerical results for the proposed algorithm with different step sizes and relaxation parameters."
W2983140143,CY15;OY02,2019,Hierarchical Convex Optimization by the Hybrid Steepest Descent Method with Proximal Splitting Operators—Enhancements of SVM and Lasso,Isao Yamada; Masao Yamagishi,,10.1007/978-3-030-25939-6_16,2206.15019,book-chapter,7,https://arxiv.org/pdf/2206.15019,
W2911999126,CY15;OY02,2019,Iterative Methods for Computing the Resolvent of Composed Operators in Hilbert Spaces,Yixuan Yang; Yuchao Tang; Chuanxi Zhu,Mathematics,10.3390/math7020131,,article,4,https://doi.org/10.3390/math7020131,"The resolvent is a fundamental concept in studying various operator splitting algorithms. In this paper, we investigate the problem of computing the resolvent of compositions of operators with bounded linear operators. First, we discuss several explicit solutions of this resolvent operator by taking into account additional constraints on the linear operator. Second, we propose a fixed point approach for computing this resolvent operator in a general case. Based on the Krasnoselskii–Mann algorithm for finding fixed points of non-expansive operators, we prove the strong convergence of the sequence generated by the proposed algorithm. As a consequence, we obtain an effective iterative algorithm for solving the scaled proximity operator of a convex function composed by a linear operator, which has wide applications in image restoration and image reconstruction problems. Furthermore, we propose and study iterative algorithms for studying the resolvent operator of a finite sum of maximally monotone operators as well as the proximal operator of a finite sum of proper, lower semi-continuous convex functions."
W2994365220,CY15;OY02,2019,Tight Coefficients of Averaged Operators via Scaled Relative Graph,Xinmeng Huang; Ernest K. Ryu; Wotao Yin,arXiv (Cornell University),10.48550/arxiv.1912.01593,1912.01593,preprint,0,https://arxiv.org/pdf/1912.01593,"Many iterative methods in optimization are fixed-point iterations with averaged operators. As such methods converge at an $\mathcal{O}(1/k)$ rate with the constant determined by the averagedness coefficient, establishing small averagedness coefficients for operators is of broad interest. In this paper, we show that the averagedness coefficients of the composition of averaged operators by Ogura and Yamada (Numer Func Anal Opt 32(1--2):113--137, 2002) and the three-operator splitting by Davis and Yin (Set-Valued Var Anal 25(4):829--858, 2017) are tight. The analysis relies on the scaled relative graph, a geometric tool recently proposed by Ryu, Hannah, and Yin (arXiv:1902.09788, 2019)."
W3024233472,CY15;OY02,2020,Tight coefficients of averaged operators via scaled relative graph,Xinmeng Huang; Ernest K. Ryu; Wotao Yin,Journal of Mathematical Analysis and Applications,10.1016/j.jmaa.2020.124211,,article,12,,
W3027187496,CY15;OY02,2020,On the optimal relaxation parameters of Krasnosel'ski–Mann iteration,Songnian He; Qiao‐Li Dong; Hanlin Tian; Xiaohuan Li,Optimization,10.1080/02331934.2020.1767101,,article,10,,"This paper is devoted to the optimal selection of the relaxation parameter sequence for Krasnosel'ski–Mann iteration. Firstly, we establish the optimal relaxation parameter sequence of the Krasnosel'ski–Mann iteration, with which the algorithm is proved to achieve the optimal convergence rate. Then we present an approximation to the optimal relaxation parameter sequence since the optimal relaxation parameter sequence involves fixed points of the operators and can't be used in actual computing. Thirdly, we apply our results to the operators splitting method, such as forward–backward splitting methods and Douglas–Rachford splitting method. Finally, numerical experiments are provided to illustrate that Krasnosel'ski–Mann iteration and the relaxed projected method with our proposed relaxation parameter sequence behave better than others."
W3047002475,CY15;HRY20,2021,Fixed Point Strategies in Data Science,Patrick L. Combettes; Jean‐Christophe Pesquet,IEEE Transactions on Signal Processing,10.1109/tsp.2021.3069677,2008.02260,article,100,https://arxiv.org/pdf/2008.02260,"The goal of this article is to promote the use of fixed point strategies in data science by showing that they provide a simplifying and unifying framework to model, analyze, and solve a great variety of problems. They are seen to constitute a natural environment to explain the behavior of advanced convex optimization methods as well as of recent nonlinear methods in data science which are formulated in terms of paradigms that go beyond minimization concepts and involve constructs such as Nash equilibria or monotone inclusions. We review the pertinent tools of fixed point theory and describe the main state-of-the-art algorithms for provenly convergent fixed point construction. We also incorporate additional ingredients such as stochasticity, block-implementations, and non-Euclidean metrics, which provide further enhancements. Applications to signal and image processing, machine learning, statistics, neural networks, and inverse problems are discussed."
W3190203171,CY15;OY02,2021,A Primal-Dual Forward-Backward Splitting Algorithm for Distributed Convex Optimization,Huaqing Li; Enbing Su; Chengbo Wang; Jiawei Liu; Zuqing Zheng; Zheng Wang,IEEE Transactions on Emerging Topics in Computational Intelligence,10.1109/tetci.2021.3098831,,article,20,,"Motivated by modern large-scale information processing problems in engineering, this paper concentrates on studying distributed constrained convex optimization problems over a connected undirected network. The problem involves a sum of a differentiable convex function with Lipschitz continuous gradient and two non-smooth convex functions with a linear operator. To solve such a problem, we propose a novel distributed primal-dual forward-backward splitting algorithm, called D-PDFBS. Each agent locally computes the Lipschitz continuous gradient and two proximal operators, and exchanges information with its neighbors. D-PDFBS adopts non-identical stepsizes, and we reveal the relationship between selection of stepsizes and parameters of objective functions. The simulation results verify the feasibility of D-PDFBS and the correctness of theoretical findings."
W2982400852,CY15;OY02,2021,Conical averagedness and convergence analysis of fixed point algorithms,Sedi Bartz; Minh N. Dao; Hung M. Phan,Journal of Global Optimization,10.1007/s10898-021-01057-4,1910.14185,article,6,https://link.springer.com/content/pdf/10.1007/s10898-021-01057-4.pdf,
W2998099872,CY15;OY02,2021,On compositions of special cases of Lipschitz continuous operators,Pontus Giselsson; Walaa M. Moursi,Fixed Point Theory and Algorithms for Sciences and Engineering,10.1186/s13663-021-00709-0,,article,11,https://fixedpointtheoryandapplications.springeropen.com/track/pdf/10.1186/s13663-021-00709-0,"Many iterative optimization algorithms involve compositions of special cases of Lipschitz continuous operators, namely firmly nonexpansive, averaged, and nonexpansive operators. The structure and properties of the compositions are of particular importance in the proofs of convergence of such algorithms. In this paper, we systematically study the compositions of further special cases of Lipschitz continuous operators. Applications of our results include compositions of scaled conically nonexpansive mappings, as well as the Douglas-Rachford and forward-backward operators, when applied to solve certain structured monotone inclusion and optimization problems. Several examples illustrate and tighten our conclusions."
W3197261235,CY15;OY02,2021,"A generalized forward-backward splitting operator: nonexpansiveness, convergence rates and applications",Feng Xue,arXiv (Cornell University),,2109.02064,preprint,0,http://export.arxiv.org/pdf/2109.02064,"In this paper, we consider a generalized forward-backward splitting (G-FBS) operator for solving the monotone inclusions, and analyze its nonexpansive properties in a context of arbitrary variable metric. Then, for the associated fixed-point iterations (i.e. the G-FBS algorithms), the global ergodic and pointwise convergence rates of metric distance are obtained from the nonexpansiveness. The convergence in terms of objective function value is also investigated, when the G-FBS operator is applied to a minimization problem. A main contribution of this paper is to show that the G-FBS operator provides a simplifying and unifying framework to model and analyze a great variety of operator splitting algorithms, where the convergence behaviours can be easily described by the fixed-point construction of this simple operator."
W4213422212,CY15;HRY20,2021,Notation and Mathematical Foundations,Qiao‐Li Dong; Yeol Je Cho; Songnian He; Pãnos M. Pardalos; Themistocles M. Rassias,SpringerBriefs in optimization,10.1007/978-3-030-91654-1_2,,book-chapter,0,,
W3136646910,HRY20;RHY22,2021,Scaled relative graphs for system analysis,Thomas Chaffey; Fulvio Forni; Rodolphe Sepulchre,2021 60th IEEE Conference on Decision and Control (CDC),10.1109/cdc45484.2021.9683092,2103.13971,conference-paper,3,https://arxiv.org/pdf/2103.13971,"Scaled relative graphs were recently introduced to analyze the convergence of optimization algorithms using two dimensional Euclidean geometry. In this paper, we connect scaled relative graphs to the classical theory of input/output systems. It is shown that the Nyquist diagram of an LTI system on L2is the convex hull of its scaled relative graph under a particular change of coordinates. The SRG may be used to visualize approximations of static nonlinearities such as the describing function and quadratic constraints, allowing system properties to be verified or disproved. Interconnections of systems correspond to graphical manipulations of their SRGs. This is used to provide a simple, graphical proof of the classical incremental passivity theorem."
W4285242719,CY15;OY02,2022,A constrained LiGME model and its proximal splitting algorithm under overall convexity condition,,Journal of Applied and Numerical Optimization,10.23952/jano.4.2022.2.09,,article,20,http://jano.biemdas.com/issues/JANO2022-2-9.pdf,"The convex optimization has been used for modeling of many estimation problems in data science and engineering, where convex constraint sets in such a model express respectively a priori knowledge regarding a certain unknown vector to be estimated.The LiGME model was established recently in [J.Abe, M. Yamagishi, I. Yamada, Linearly involved generalized Moreau enhanced models and their proximal splitting algorithm under overall convexity condition, Inverse Probl.36 (2020), 035012] for a sound utilization of linearly involved regularizers closer to certain ideal discrete measures, for sparsity as well as for low-rankness, than their convex envelopes.Despite of the nonconvexity of linearly involved regularizers, the LiGME model can keep the overall convexity of its optimization model with a strategic parameter tuning.In this paper, for flexible exploitation of multiple convex constraint sets, we propose a constrained LiGME (cLiGME) model as an enhancement of the original LiGME model.Within the frame of convex optimization, the proposed cLiGME model can promote such desired features more strategically than standard models using convex regularizers, as well as can admit multiple linearly involved convex indicator functions for hard constraints.We also propose a proximal splitting type algorithm for the cLiGME model and demonstrate its effectiveness with a simple numerical experiment.The cLiGME model can be seen as an integration of central ideas in the LiGME model and the set theoretic estimation."
W4311351505,CY15;OY02,2022,A generalized forward–backward splitting operator: degenerate analysis and applications,Feng Xue,Computational and Applied Mathematics,10.1007/s40314-022-02143-3,,article,6,,
W4315489145,HRY20;RHY22,2022,Circuit Model Reduction with Scaled Relative Graphs,Thomas Chaffey; Alberto Padoan,2022 IEEE 61st Conference on Decision and Control (CDC),10.1109/cdc51059.2022.9993357,,conference-paper,2,,"Continued fractions are classical representations of complex objects (for example, real numbers) as sums and inverses of simpler objects (for example, integers). The analogy in linear circuit theory is a chain of series/parallel one-ports: the port behavior is a continued fraction containing the port behaviors of its elements. Truncating a continued fraction is a classical method of approximation, which corresponds to deleting the circuit elements furthest from the port. We apply this idea to chains of series/parallel one-ports composed of arbitrary nonlinear relations. This gives a model reduction method which automatically preserves properties such as incremental positivity. The Scaled Relative Graph (SRG) gives a graphical representation of the original and truncated port behaviors. The difference of these SRGs gives a bound on the approximation error, which is shown to be competitive with existing methods."
W4320488867,CY15;OY02,2023,A Unified Design of Generalized Moreau Enhancement Matrix for Sparsity Aware LiGME Models,Yang Chen; Masao YAMAGISHI; Isao Yamada,IEICE Transactions on Fundamentals of Electronics Communications and Computer Sciences,10.1587/transfun.2022eap1118,,article,10,https://www.jstage.jst.go.jp/article/transfun/E106.A/8/E106.A_2022EAP1118/_pdf,"In this paper, we propose a unified algebraic design of the generalized Moreau enhancement matrix (GME matrix) for the Linearly involved Generalized-Moreau-Enhanced (LiGME) model. The LiGME model has been established as a framework to construct linearly involved nonconvex regularizers for sparsity (or low-rank) aware estimation, where the design of GME matrix is a key to guarantee the overall convexity of the model. The proposed design is applicable to general linear operators involved in the regularizer of the LiGME model, and does not require any eigendecomposition or iterative computation. We also present an application of the LiGME model with the proposed GME matrix to a group sparsity aware least squares estimation problem. Numerical experiments demonstrate the effectiveness of the proposed GME matrix in the LiGME model."
W3216707186,PAT21;RHY22,2023,Monotone One-Port Circuits,Thomas Chaffey; Rodolphe Sepulchre,IEEE Transactions on Automatic Control,10.1109/tac.2023.3274690,2111.15407,article,0,https://arxiv.org/pdf/2111.15407,"Maximal monotonicity is explored as a generalization of the linear theory of passivity, aiming at an algorithmic input/output analysis of physical models. The theory is developed for maximal monotone one-port circuits, formed by the series and parallel interconnection of basic elements. These circuits generalize passive linear, time-invariant (LTI) transfer functions. Periodic input signals are shown to be mapped to periodic output signals, and these input–output behaviors can be efficiently computed using a maximal monotone splitting algorithm, which decomposes the computation according to the circuit topology. A new splitting algorithm is presented, which applies to any monotone one-port circuit defined as a port interconnection of monotone elements."
W4399715761,HRY20;RHY22,2024,Scaled graphs for reset control system analysis,Sebastiaan van den Eijnden; Thomas Chaffey; Tom Oomen; W.P.M.H. Heemels,European Journal of Control,10.1016/j.ejcon.2024.101050,,article,11,https://doi.org/10.1016/j.ejcon.2024.101050,"Scaled graphs allow for graphical analysis of nonlinear systems, but are generally difficult to compute. The aim of this paper is to develop a method for approximating the scaled graph of reset controllers. A key ingredient in our approach is the generalized Kalman-Yakubovich-Popov lemma to determine input specific input–output properties of a reset controller in the time domain. By combining the obtained time domain properties to cover the full input space, an over-approximation of the scaled graph is constructed. Using this approximation, we establish a feedback interconnection result and provide connections to classical input–output analysis frameworks. Several examples show the relevance of the results for the analysis and design of reset control systems."
W4407811647,CY15;OY02,2025,PALADIN: a novel plug-and-play 3D CS-MRI reconstruction method,Jiemin Wu; Shi-Bai Yin; Tai-Xiang Jiang; Guisong Liu; Xi-Le Zhao,Inverse Problems,10.1088/1361-6420/adb8c6,,article,8,,"Abstract Compressive sensing magnetic resonance imaging (CS-MRI) accelerates data acquisition by reconstructing high-quality images from a limited set of k-space samples. To solve this ill-posed inverse problem, the plug-and-play (PnP) framework integrates image priors using convolutional neural network (CNN) denoisers. However, CNN denoisers often prioritize local details and may neglect broader degradation effects, leading to visually plausible but structurally inaccurate artifacts. Additionally, the theoretical convergence of PnP methods remains a significant challenge. In this work, we propose a novel method, Plug-And-pLAy 3D MRI recoNstruction, to bridge the gap between denoising and MRI reconstruction. Our model employs the tensor tubal nuclear norm (TNN) to capture intrinsic correlations in 3D MRI data. It also incorporates two implicit regularizers. The first leverages CNN denoisers to exploit image priors. The second, introduced here for the first time, is formulated as a CS-MRI reconstruction subproblem and solved using a deep learning-based method to preserve global spatial structure. We solve the proposed model using the alternating direction method of multipliers. We extend existing theoretical results to prove the algorithm’s convergence to a fixed point under reasonable assumptions. Experiments on two datasets with three sampling masks show that our method outperforms state-of-the-art MRI reconstruction methods. Ablation studies confirm that the TNN and the two implicit regularizers work together to improve reconstruction quality."
W4410934744,CY15;OY02,2025,An LiGME Regularizer of Designated Isolated Minimizers — An Application to Discrete-Valued Signal Estimation,Satoshi Shoji; Wataru Yata; Keita Kume; Isao Yamada,IEICE Transactions on Fundamentals of Electronics Communications and Computer Sciences,10.1587/transfun.2025eap1035,,article,1,https://www.jstage.jst.go.jp/article/transfun/advpub/0/advpub_2025EAP1035/_pdf,"For a regularized least squares estimation of discrete-valued signals, we propose a Linearly involved Generalized Moreau Enhanced (LiGME) regularizer, as a nonconvex regularizer, of designated isolated minimizers. The proposed regularizer is designed as a Generalized Moreau Enhancement (GME) of the so-called sum-of-absolute-values (SOAV) convex regularizer. Every candidate vector in the discrete-valued set is aimed to be assigned to an isolated local minimizer of the proposed regularizer while the overall convexity of the regularized least squares model is maintained. Moreover, a global minimizer of the proposed model can be approximated iteratively by using a variant of the constrained LiGME (cLiGME) algorithm. To enhance the accuracy of the proposed estimation, we also propose a pair of simple modifications, called respectively an iterative reweighting and a generalized superiorization. Numerical experiments demonstrate the effectiveness of the proposed model and algorithms in a scenario of multiple-input multiple-output (MIMO) signal detection."
W4416571947,CY15;OY02,2025,Distributed Primal-Dual Forward-Backward Splitting Algorithm for Nonsmooth Composite Optimization,Huaqing Li; Qingguo Lü; Dawen Xia; Xin Wang; Zheng Wang; Lifeng Zheng,Computational intelligence methods and applications,10.1007/978-981-95-0911-9_6,,book-chapter,0,,
W4413169546,OY02;RHY22,2025,Convergence analyses of Davis–Yin splitting via scaled relative graphs II: convex optimization problems,Soheun Yi; Ernest K. Ryu,Optimization,10.1080/02331934.2025.2544700,,article,1,,"The prior work of [SIAM J. Optim., 2025] used scaled relative graphs (SRG) to analyze the convergence of Davis–Yin splitting (DYS) iterations on monotone inclusion problems. In this work, we use this machinery to analyze DYS iterations on convex optimization problems and obtain state-of-the-art linear convergence rates."
W1546168022,OY02,2001,The Hybrid Steepest Descent Method for the Variational Inequality Problem Over the Intersection of Fixed Point Sets of Nonexpansive Mappings,Isao Yamada,Studies in computational mathematics,10.1016/s1570-579x(01)80028-8,,book-chapter,620,,
W2022552796,OY02,2003,Nonstrictly Convex Minimization over the Bounded Fixed Point Set of a Nonexpansive Mapping,Nobuhiko Ogura; Isao Yamada,Numerical Functional Analysis and Optimization,10.1081/nfa-120020250,,article,29,,"In this paper, we consider, in a finite dimensional real Hilbert space , the variational inequality problem VIP: find , where is nonexpansive mapping with bounded and is paramonotone and Lipschitzian over . The nonstrictly convex minimization over the bounded fixed point set of a nonexpansive mapping is a typical example of such a variational inequality problem. We show that the hybrid steepest descent method, of which convergence properties were examined in some cases for example (Yamada, I. (2000 Yamada, I. 2000. Convex projection algorithm from POCS to Hybrid steepest descent method. The Journal of the IEICE, 83: 616–623. (in Japanese) [Google Scholar]). Convex projection algorithm from POCS to Hybrid steepest descent method. The Journal of the IEICE (in Japanese) 83:616–623; Yamada, I. (2001 Yamada, I. 2001. “The hybrid steepest descent method for the variational inequality problem over the intersection of fixed point sets of nonexpansive mappings”. In Inherently Parallel Algorithm for Feasibility and Optimization Edited by: Butnariu, D., Censor, Y. and Reich, S. Elsevier. [Crossref] , [Google Scholar]). The hybrid steepest descent method for the variational inequality problem over the intersection of fixed point sets of nonexpansive mappings. In: Butnariu, D., Censor, Y., Reich, S., eds. Inherently Parallel Algorithm for Feasibility and Optimization. Elsevier; Ogura, N., Yamada, I. (2002 Ogura, N. and Yamada, I. 2002. Non-strictly convex minimization over the fixed point set of an asymptotically shrinking nonexpansive mapping. Numer. Funct. Anal. Optim., 23: 113–137. [Taylor & Francis Online], [Web of Science ®] , [Google Scholar]). Non-strictly convex minimization over the fixed point set of an asymptotically shrinking nonexpansive mapping. Numer. Funct. Anal. Optim. 23:113–137), is still applicable to the case where and T satisfy the above conditions."
W1972922100,OY02,2003,Computation of symmetric positive definite Toeplitz matrices by the hybrid steepest descent method,Konstantinos Slavakis; Isao Yamada; Kohichi Sakaniwa,Signal Processing,10.1016/s0165-1684(03)00002-1,,article,19,,
W2138146018,OY02,2005,Hybrid Steepest Descent Method for Variational Inequality Problem over the Fixed Point Set of Certain Quasi-nonexpansive Mappings,Isao Yamada; Nobuhiko Ogura,Numerical Functional Analysis and Optimization,10.1081/nfa-200045815,,article,274,,"The hybrid steepest descent method is an algorithmic solution to the variational inequality problem over the fixed point set of nonlinear mapping and applicable to broad range of convexly constrained nonlinear inverse problems in real Hilbert space. In this paper, we show that the strong convergence theorem [Yamada, I. (2001). The hybrid steepest descent method for the variational inequality problem over the intersection of fixed point sets of nonexpansive mappings. In: Butnariu, D., Censor, Y., Reich, S., eds. Inherently Parallel Algorithm for Feasibility and Optimization and Their Applications. Elsevier, pp. 473–504] of the method for nonexpansive mapping can be extended to a strong convergence theorem of the method for the variational inequality problem over the fixed point set of certain quasi-nonexpansive mappings called quasi-shrinking mapping. We also present a convergence theorem of the method for paramonotone variational inequality problem over the bounded fixed point set of quasi-shrinking mapping. By these generalizations, we can approximate successively to the solution of the convex optimization problem over the fixed point set of wide range of subgradient projection operators in real Hilbert space."
W2005778669,OY02,2005,Adaptive Projected Subgradient Method for Asymptotic Minimization of Sequence of Nonnegative Convex Functions,Isao Yamada; Nobuhiko Ogura,Numerical Functional Analysis and Optimization,10.1081/nfa-200045806,,article,189,,"This paper presents an algorithm, named adaptive projected subgradient method that can minimize asymptotically a certain sequence of nonnegative convex functions over a closed convex set in a real Hilbert space. The proposed algorithm is a natural extension of the Polyak's subgradient algorithm, for nonsmooth convex optimization problem with a fixed target value, to the case where the convex objective itself keeps changing in the whole process. The main theorem, showing the strong convergence of the algorithm as well as the asymptotic optimality of the sequence generated by the algorithm, can serve as a unified guiding principle of a wide range of set theoretic adaptive filtering schemes for nonstationary random processes. These include not only the existing adaptive filtering techniques; e.g., NLMS, Projected NLMS, Constrained NLMS, APA, and Adaptive parallel outer projection algorithm etc., but also new techniques; e.g., Adaptive parallel min-max projection algorithm, and their embedded constraint versions. Numerical examples show that the proposed techniques are well-suited for robust adaptive signal processing problems."
W2068400585,OY02,2006,The Adaptive Projected Subgradient Method over the Fixed Point Set of Strongly Attracting Nonexpansive Mappings,Konstantinos Slavakis; Isao Yamada; Nobuhiko Ogura,Numerical Functional Analysis and Optimization,10.1080/01630560600884661,,article,78,,"This paper presents an algorithmic solution, the adaptive projected subgradient method, to the problem of asymptotically minimizing a certain sequence of non-negative continuous convex functions over the fixed point set of a strongly attracting nonexpansive mapping in a real Hilbert space. The method generalizes Polyak's subgradient algorithm for the convexly constrained minimization of a fixed nonsmooth function. By generating a strongly convergent and asymptotically optimal point sequence, the proposed method not only offers unifying principles for many projection-based adaptive filtering algorithms but also enhances the adaptive filtering methods with the set theoretic estimation's armory by allowing a variety of a priori information on the estimandum in the form, for example, of multiple intersecting closed convex sets."
W52475494,OY02,2009,Convergence Rate Analysis,Jiu Ding; Aihui Zhou,Tsinghua University texts,10.1007/978-3-540-85367-1_7,,book-chapter,4,,
W2052389946,OY02,2010,Multi-Domain Adaptive Learning Based on Feasibility Splitting and Adaptive Projected Subgradient Method,Masahiro Yukawa; Konstantinos Slavakis; Isao Yamada,IEICE Transactions on Fundamentals of Electronics Communications and Computer Sciences,10.1587/transfun.e93.a.456,,article,21,,"We propose the multi-domain adaptive learningthat enables us to find a point meeting possibly time-varying specifications simultaneously in multiple domains, e.g. space, time, frequency, etc. The novel concept is based on the idea of feasibility splitting — dealing with feasibility in each individual domain. We show that the adaptive projected subgradient method(Yamada, 2003) realizes the multi-domain adaptive learning by employing (i) a projected gradient operator with respect to a ‘fixed’ proximity function reflecting the time-invariant specifications and (ii) a subgradient projection with respect to ‘time-varying’ objective functions reflecting the time-varying specifications. The resulting algorithm is suitable for real-time implementation, because it requires no more than metric projections onto closed convex sets each of which accommodates the specification in each domain. A convergence analysis and numerical examples are presented."
W2246091536,OY02,2011,Minimizing the Moreau Envelope of Nonsmooth Convex Functions over the Fixed Point Set of Certain Quasi-Nonexpansive Mappings,Isao Yamada; Masahiro Yukawa; Masao Yamagishi,Springer optimization and its applications,10.1007/978-1-4419-9569-8_17,,book-chapter,97,,
W2507430562,OY02,2011,"Signal Processing, Optimization, Inverse Problems",Isao Yamada,IEICE ESS FUNDAMENTALS REVIEW,10.1587/essfr.5.68,,article,1,https://www.jstage.jst.go.jp/article/essfr/5/1/5_1_68/_pdf,"信号処理工学は「生のデータから価値のある情報を引き出すための知や芸や技を創造・体系化するための総合科学」として成長し続け, 音声・音響・画像処理工学や情報通信工学などの基盤として重要な役割を担っている. 筆者は信号処理工学の進化が最適化や逆問題の深化と不可分であることを確信し, これらの隣接領域のアイデアを融合し, 応用価値の高い相乗効果を生むことを目標にしてきた. 本稿では, 信号処理工学とその周辺分野の魅力を広く読者に伝えることを目的とし, 筆者自身が関わった幾つかの研究事例を問題の背景や着想に至った経緯とともに易しく紹介している."
W1998991750,OY02,2012,"A Primal–Dual Splitting Method for Convex Optimization Involving Lipschitzian, Proximable and Linear Composite Terms",Laurent Condat,Journal of Optimization Theory and Applications,10.1007/s10957-012-0245-9,,article,934,,
W613392520,OY02,2012,Iterative Methods for Fixed Point Problems in Hilbert Spaces,Andrzej Cegielski,Lecture notes in mathematics,10.1007/978-3-642-30901-4,,book,328,,
W4211048048,OY02,2012,Projection Methods,Andrzej Cegielski,Lecture notes in mathematics,10.1007/978-3-642-30901-4_5,,book-chapter,16,,
W1859371809,OY02,2012,Convergence of Iterative Methods,Andrzej Cegielski,Lecture notes in mathematics,10.1007/978-3-642-30901-4_3,,book-chapter,2,,
W4211223280,OY02,2012,Algorithmic Operators,Andrzej Cegielski,Lecture notes in mathematics,10.1007/978-3-642-30901-4_2,,book-chapter,1,,
W4210974842,OY02,2012,Introduction,Andrzej Cegielski,Lecture notes in mathematics,10.1007/978-3-642-30901-4_1,,book-chapter,0,,
W617899420,OY02,2012,Algorithmic Projection Operators,Andrzej Cegielski,Lecture notes in mathematics,10.1007/978-3-642-30901-4_4,,book-chapter,0,,
W1975181084,OY02,2013,Methods for Variational Inequality Problem Over the Intersection of Fixed Point Sets of Quasi-Nonexpansive Operators,Andrzej Cegielski; Rafał Zalas,Numerical Functional Analysis and Optimization,10.1080/01630563.2012.716807,,article,50,,"Many convex optimization problems in a Hilbert space ℋ can be written as the following variational inequality problem VIP (ℱ, C): Find such that for all z ∈ C, where C ⊂ ℋ is closed convex and ℱ: ℋ → ℋ is monotone. We consider a special case of VIP (ℱ, C), where and U i : ℋ → ℋ are quasi-nonexpansive operators having a common fixed point, i ∈ I: = {1, 2,…, m}. A standard method for VIP (ℱ, C) is the projected gradient method u k+1 = P C (u k − μℱu k ) which generates sequences converging to a unique solution of VIP (ℱ, C) if ℱ is strongly monotone and Lipschitz continuous. Unfortunately, the method cannot be applied for , because, in general, P C u cannot be computed explicitly, u ∈ ℋ. Lions in 1977 and Bauschke in 1996 considered a special case of , where ℱ = Id −a, for some a ∈ ℋ, U i are firmly nonexpansive or nonexpansive, respectively, and studied the convergence properties of the following method: u k+1 = U i k u k − λ k ℱU i k u k , where λ k ↓ 0 and is a cyclic control, i.e., i k = k(mod m) +1 for all k ≥ 0 (see [1 H. H. Bauschke ( 1996 ). The approximation of fixed points of composition of nonexpansive mapping in Hilbert space . J. Math. Anal. Appl. 202 : 150 – 159 .[Crossref], [Web of Science ®] , [Google Scholar], 22 P.-L. Lions ( 1977 ). Approximation de points fixes de contractions . C. R. Acad. Sci. Paris Sér. A 284 : 1357 – 1359 . [Google Scholar]]). We apply this method in case ℱ is strongly monotone and Lipschitz continuous, U i are quasi-nonexpansive and is almost-cyclic. We present the method in a more general form where T k : ℋ → ℋ, k ≥ 0, are quasi-nonexpansive, and Fix T k approximate Fix T in some sense. A special case of the method with T k = T for all k ≥ 0 was studied in Yamada and Ogura [32 I. Yamada and N. Ogura ( 2004 ). Hybrid steepest descent method for variational inequality problem over the fixed point set of certain quasi-nonexpansive mappings . Numer. Funct. Anal. Optimiz. 25 : 619 – 655 .[Taylor & Francis Online], [Web of Science "
W1994817423,OY02,2013,Iteration–discretization methods for variational inequalities over fixed point sets,Andrzej Cegielski; Christian Großmann,Nonlinear Analysis,10.1016/j.na.2013.02.012,,article,1,,
W1503460324,OY02,2013,Iteration-Complexity of a Generalized Forward Backward Splitting Algorithm,Jingwei Liang; Jalal Fadili; Gabriel Peyré,arXiv (Cornell University),10.48550/arxiv.1310.6636,1310.6636,preprint,1,https://arxiv.org/pdf/1310.6636,"In this paper, we analyze the iteration-complexity of Generalized Forward--Backward (GFB) splitting algorithm, as proposed in \cite{gfb2011}, for minimizing a large class of composite objectives $f + \sum_{i=1}^n h_i$ on a Hilbert space, where $f$ has a Lipschitz-continuous gradient and the $h_i$'s are simple (\ie their proximity operators are easy to compute). We derive iteration-complexity bounds (pointwise and ergodic) for the inexact version of GFB to obtain an approximate solution based on an easily verifiable termination criterion. Along the way, we prove complexity bounds for relaxed and inexact fixed point iterations built from composition of nonexpansive averaged operators. These results apply more generally to GFB when used to find a zero of a sum of $n > 0$ maximal monotone operators and a co-coercive operator on a Hilbert space. The theoretical findings are exemplified with experiments on video processing."
W2952761893,CY15,2014,Convergence rate analysis of the forward-Douglas-Rachford splitting scheme,Damek Davis,arXiv (Cornell University),10.48550/arxiv.1410.2654,1410.2654,preprint,4,https://arxiv.org/pdf/1410.2654,"Operator splitting schemes are a class of powerful algorithms that solve complicated monotone inclusion and convex optimization problems that are built from many simpler pieces. They give rise to algorithms in which all simple pieces of the decomposition are processed individually. This leads to easily implementable and highly parallelizable or distributed algorithms, which often obtain nearly state-of-the-art performance. In this paper, we analyze the convergence rate of the forward-Douglas-Rachford splitting (FDRS) algorithm, which is a generalization of the forward-backward splitting (FBS) and Douglas-Rachford splitting (DRS) algorithms. Under general convexity assumptions, we derive the ergodic and nonergodic convergence rates of the FDRS algorithm, and show that these rates are the best possible. Under Lipschitz differentiability assumptions, we show that the best iterate of FDRS converges as quickly as the last iterate of the FBS algorithm. Under strong convexity assumptions, we derive convergence rates for a sequence that strongly converges to a minimizer. Under strong convexity and Lipschitz differentiability assumptions, we show that FDRS converges linearly. We also provide examples where the objective is strongly convex, yet FDRS converges arbitrarily slowly. Finally, we relate the FDRS algorithm to a primal-dual forward-backward splitting scheme and clarify its place among existing splitting methods. Our results show that the FDRS algorithm automatically adapts to the regularity of the objective functions and achieves rates that improve upon the sharp worst case rates that hold in the absence of smoothness and strong convexity."
W1998428773,OY02,2014,Compositions and convex combinations of averaged nonexpansive operators,Patrick L. Combettes; Isao Yamada,Journal of Mathematical Analysis and Applications,10.1016/j.jmaa.2014.11.044,,article,112,https://www.sciencedirect.com/science/article/pii/S0022247X14010865/pdf,
W2009745212,OY02,2014,Hierarchical Convex Optimization With Primal-Dual Splitting,Shunsuke Ono; Isao Yamada,IEEE Transactions on Signal Processing,10.1109/tsp.2014.2373318,,article,26,,"This paper addresses the selection of a desirable solution among all the solutions of a convex optimization problem (referred to as the first-stage problem) mainly for inverse problems in signal processing. This is realized in the framework of hierarchical convex optimization, i.e., minimizing another convex function over the solution set of the first-stage problem. Hierarchical convex optimization is an ideal strategy when the first-stage problem has infinitely many solutions because of the non-strict convexity of its objective function, which could arise in various scenarios, e.g., convex feasibility problems. To this end, first, the fixed point set characterization behind a primal-dual splitting type method is incorporated into the framework of hierarchical convex optimization, which enables the framework to cover a broad class of first-stage problem formulations. Then, a pair of efficient algorithmic solutions to the hierarchical convex optimization problem, as certain realizations of the hybrid steepest descent method, are provided with guaranteed convergence. We also present a specialized form of the proposed framework to focus on a typical scenario of inverse problems, and show its application to signal interpolation."
W2162231089,OY02,2014,Sparsity-Aware Learning and Compressed Sensing: An Overview,Sergios Theodoridis; Yannis Kopsinis; Konstantinos Slavakis,Academic press library in signal processing,10.1016/b978-0-12-396502-8.00023-1,,book-chapter,14,,
W3098197720,OY02,2014,Sparsity-Aware Learning and Compressed Sensing: An Overview,Sergios Theodoridis; Yannis Kopsinis; Konstantinos Slavakis,,,,preprint,32,,"The notion of regularization has been widely used as a tool to address a number of problems that are usually encountered in Machine Learning. Improving the performance of an estimator by shrinking the norm of the MVU estimator, guarding against overfitting, coping with ill-conditioning, provid-"
W2949680534,OY02,2014,Convergence Rates with Inexact Non-expansive Operators,Jingwei Liang; Jalal Fadili; Gabriel Peyré,arXiv (Cornell University),10.48550/arxiv.1404.4837,1404.4837,preprint,3,https://arxiv.org/pdf/1404.4837,"In this paper, we present a convergence rate analysis for the inexact Krasnosel'skii-Mann iteration built from nonexpansive operators. Our results include two main parts: we first establish global pointwise and ergodic iteration-complexity bounds, and then, under a metric subregularity assumption, we establish local linear convergence for the distance of the iterates to the set of fixed points. The obtained iteration-complexity result can be applied to analyze the convergence rate of various monotone operator splitting methods in the literature, including the Forward-Backward, the Generalized Forward-Backward, Douglas-Rachford, alternating direction method of multipliers (ADMM) and Primal-Dual splitting methods. For these methods, we also develop easily verifiable termination criteria for finding an approximate solution, which can be seen as a generalization of the termination criterion for the classical gradient descent method. We finally develop a parallel analysis for the non-stationary Krasnosel'skii-Mann iteration. The usefulness of our results is illustrated by applying them to a large class of structured monotone inclusion and convex optimization problems. Experiments on some large scale inverse problems in signal and image processing problems are shown."
W2951484003,OY02,2014,Convergence rate analysis of primal-dual splitting schemes,Damek Davis,arXiv (Cornell University),10.48550/arxiv.1408.4419,1408.4419,preprint,3,https://arxiv.org/pdf/1408.4419,"Primal-dual splitting schemes are a class of powerful algorithms that solve complicated monotone inclusions and convex optimization problems that are built from many simpler pieces. They decompose problems that are built from sums, linear compositions, and infimal convolutions of simple functions so that each simple term is processed individually via proximal mappings, gradient mappings, and multiplications by the linear maps. This leads to easily implementable and highly parallelizable or distributed algorithms, which often obtain nearly state-of-the-art performance. In this paper, we analyze a monotone inclusion problem that captures a large class of primal-dual splittings as a special case. We introduce a unifying scheme and use some abstract analysis of the algorithm to prove convergence rates of the proximal point algorithm, forward-backward splitting, Peaceman-Rachford splitting, and forward-backward-forward splitting applied to the model problem. Our ergodic convergence rates are deduced under variable metrics, stepsizes, and relaxation. Our nonergodic convergence rates are the first shown in the literature. Finally, we apply our results to a large class of primal-dual algorithms that are a special case of our scheme and deduce their convergence rates."
W2950378366,OY02,2014,Compositions and Convex Combinations of Averaged Nonexpansive Operators,Patrick L. Combettes; Isao Yamada,arXiv (Cornell University),10.48550/arxiv.1407.5100,1407.5100,preprint,1,https://arxiv.org/pdf/1407.5100,Properties of compositions and convex combinations of averaged nonexpansive operators are investigated and applied to the design of new fixed point algorithms in Hilbert spaces. An extended version of the forward-backward splitting algorithm for finding a zero of the sum of two monotone operators is obtained.
W2964103805,OY02,2014,4 ITERATION-COMPLEXITY OF A GENERALIZED FORWARD BACKWARD SPLITTING ALGORITHM,Jingwei Liang; Jalal Fadili; Cnrs-ensicaen Ceremade,,,,conference-paper,0,https://hal.science/hal-01073917,"In this paper, we analyze the iteration-complexity of Generalized Forward-Backward (GFB) splitting algorithm, as proposed in [2], for minimizing a large class of composite objectives on a Hilbert space, where f has a Lipschitz-continuous gradient and the hi's are simple (i.e. their proximity operators are easy to compute). We derive iteration-complexity bounds (pointwise and ergodic) for the inexact version of GFB to obtain an approximate solution based on an easily verifiable termination criterion. Along the way, we prove complexity bounds for relaxed and inexact fixed point iterations built from composition of nonexpansive averaged operators. These results apply more generally to GFB when used to find a zero of a sum of n>0 maximal monotone operators and a co-coercive operator on a Hilbert space. The theoretical findings are exemplified with experiments on video processing."
W1607518970,CY15,2015,Convergence Rate Analysis of the Forward-Douglas-Rachford Splitting Scheme,Damek Davis,SIAM Journal on Optimization,10.1137/140992291,,article,40,,"Operator splitting schemes are a class of powerful algorithms that solve complicated monotone inclusion and convex optimization problems that are built from many simpler pieces. They give rise to algorithms in which all simple pieces of the decomposition are processed individually. This leads to easily implementable and highly parallelizable or distributed algorithms, which often obtain nearly state-of-the-art performance. In this paper, we analyze the convergence rate of the forward-Douglas--Rachford splitting (FDRS) algorithm, which is a generalization of the forward-backward splitting (FBS) and Douglas--Rachford splitting algorithms. Under general convexity assumptions, we derive the ergodic and nonergodic convergence rates of the FDRS algorithm, and show that these rates are the best possible. Under Lipschitz differentiability assumptions, we show that the best iterate of FDRS converges as quickly as the last iterate of the FBS algorithm. Under strong convexity assumptions, we derive convergence rates for a sequence that strongly converges to a minimizer. Under strong convexity and Lipschitz differentiability assumptions, we show that FDRS converges linearly. We also provide examples where the objective is strongly convex, yet FDRS converges arbitrarily slowly. Finally, we relate the FDRS algorithm to a primal-dual FBS scheme and clarify its place among existing splitting methods. Our results show that the FDRS algorithm automatically adapts to the regularity of the objective functions and achieves rates that improve upon the sharp worst case rates that hold in the absence of smoothness and strong convexity."
W960403429,CY15,2015,Stochastic Approximations and Perturbations in Forward-Backward Splitting for Monotone Operators,Patrick L. Combettes; Jean‐Christophe Pesquet,arXiv (Cornell University),10.48550/arxiv.1507.07095,1507.07095,preprint,27,https://arxiv.org/pdf/1507.07095,"We investigate the asymptotic behavior of a stochastic version of the forward-backward splitting algorithm for finding a zero of the sum of a maximally monotone set-valued operator and a cocoercive operator in Hilbert spaces. Our general setting features stochastic approximations of the cocoercive operator and stochastic perturbations in the evaluation of the resolvents of the set-valued operator. In addition, relaxations and not necessarily vanishing proximal parameters are allowed. Weak and strong almost sure convergence properties of the iterates is established under mild conditions on the underlying stochastic processes. Leveraging these results, we also establish the almost sure convergence of the iterates of a stochastic variant of a primal-dual proximal splitting method for composite minimization problems."
W1489128386,OY02,2015,Convergence rates with inexact non-expansive operators,Jingwei Liang; Jalal Fadili; Gabriel Peyré,Mathematical Programming,10.1007/s10107-015-0964-4,,article,90,https://hal.science/hal-01658852,
W1768854696,OY02,2015,Convergence Rate Analysis of Primal-Dual Splitting Schemes,Damek Davis,SIAM Journal on Optimization,10.1137/151003076,,article,64,,"Primal-dual splitting schemes are a class of powerful algorithms that solve complicated monotone inclusions and convex optimization problems that are built from many simpler pieces. They decompose problems that are built from sums, linear compositions, and infimal convolutions of simple functions so that each simple term is processed individually via proximal mappings, gradient mappings, and multiplications by the linear maps. This leads to easily implementable and highly parallelizable or distributed algorithms, which often obtain nearly state-of-the-art performance. In this paper, we analyze a monotone inclusion problem that captures a large class of primal-dual splittings as a special case. We introduce a unifying scheme and use some abstract analysis of the algorithm to prove convergence rates of the proximal point algorithm, forward-backward splitting, Peaceman--Rachford splitting, and forward-backward-forward splitting applied to the model problem. Our ergodic convergence rates are deduced under variable metrics, stepsizes, and relaxation parameters. Our nonergodic convergence rates are the first shown in the literature. Finally, we apply our results to a large class of primal-dual algorithms that are a special case of our scheme and deduce their convergence rates."
W2291990273,OY02,2015,A nonexpansive operator for computationally efficient hierarchical convex optimization,Masao Yamagishi; Isao Yamada,,10.1109/apsipa.2015.7415442,,conference-paper,1,,"Hybrid steepest descent method is an algorithmic solution to certain hierarchical convex optimization which is a class of two-stage optimization problems: the first stage problem is a convex optimization; the second stage problem is the minimization of a differentiable convex function over the solution set of the first stage problem. In the application of this method, the solution set of the first stage problem must be expressed as the fixed point set of a certain nonexpansive operator. In this paper, we propose a nonexpansive operator that yields a computationally efficient update in cases where it is plugged into the hybrid steepest descent method. The proposed operator is applicable to characterize the solution set of recent sophisticated convex optimization problems, where multiple proximable convex functions involving linear operators must be minimized. To the best of our knowledge, for such a problem, there was not reported any nonexpansive operator that yields an update free from the inversions of linear operators in cases where it is utilized in the hybrid steepest descent method. Unlike conventional operators, the proposed operator yields an inversion-free update."
W2310612435,CY15,2016,Line search for averaged operator iteration,Pontus Giselsson; Mattias Fält; Stephen Boyd,,10.1109/cdc.2016.7798401,,conference-paper,30,,"Many popular first order algorithms for convex optimization, such as forward-backward splitting, Douglas-Rachford splitting, and the alternating direction method of multipliers (ADMM), can be formulated as averaged iteration of a nonexpansive mapping. In this paper we propose a line search for averaged iteration that preserves the theoretical convergence guarantee, while often accelerating practical convergence. We discuss several general cases in which the additional computational cost of the line search is modest compared to the savings obtained."
W2963692017,CY15,2016,Stochastic Approximations and Perturbations in Forward-Backward Splitting for Monotone Operators,Patrick L. Combettes; Jean‐Christophe Pesquet,HAL (Le Centre pour la Communication Scientifique Directe),,,article,21,,International audience
W2283482917,CY15,2016,Stochastic forward-backward and primal-dual approximation algorithms with application to online image restoration,Patrick L. Combettes; Jean‐Christophe Pesquet,,10.1109/eusipco.2016.7760561,1602.08021,conference-paper,3,https://arxiv.org/pdf/1602.08021,"Stochastic approximation techniques have been used in various contexts in data science. We propose a stochastic version of the forward-backward algorithm for minimizing the sum of two convex functions, one of which is not necessarily smooth. Our framework can handle stochastic approximations of the gradient of the smooth function and allows for stochastic errors in the evaluation of the proximity operator of the nonsmooth function. The almost sure convergence of the iterates generated by the algorithm to a minimizer is established under relatively mild assumptions. We also propose a stochastic version of a popular primal-dual proximal splitting algorithm, establish its convergence, and apply it to an online image restoration problem."
W2557006226,CY15,2016,Over relaxed hybrid proximal extragradient algorithm and its application to several operator splitting methods,Li Shen,Journal of Mathematical Analysis and Applications,10.1016/j.jmaa.2016.11.018,,article,2,,
W2569736460,CY15,2016,Global linear convergence in operator splitting methods,Goran Banjac; Paul J. Goulart,,10.1109/cdc.2016.7798275,,conference-paper,2,,"We establish necessary and sufficient conditions for linear convergence of operator splitting methods for a general class of convex optimization problems where the associated fixed-point operator is averaged. Most existing results establishing linear convergence in such methods require restrictive assumptions regarding strong convexity and smoothness of the constituent functions in the optimization problem. However, there are several examples in the literature showing that linear convergence is possible even when these properties do not hold. We provide a unifying analysis method for establishing linear convergence based on linear regularity and show that many existing results are special cases of our approach. Moreover, we propose a novel linearly convergent splitting method for linear programming."
W2226102612,CY15,2016,SMART: The Stochastic Monotone Aggregated Root-Finding Algorithm,Damek Davis,arXiv (Cornell University),10.48550/arxiv.1601.00698,1601.00698,preprint,9,https://arxiv.org/pdf/1601.00698,"We introduce the Stochastic Monotone Aggregated Root-Finding (SMART) algorithm, a new randomized operator-splitting scheme for finding roots of finite sums of operators. These algorithms are similar to the growing class of incremental aggregated gradient algorithms, which minimize finite sums of functions; the difference is that we replace gradients of functions with black-boxes called operators, which represent subproblems to be solved during the algorithm. By replacing gradients with operators, we increase our modeling power, and we simplify the application and analysis of the resulting algorithms. The operator point of view also makes it easy to extend our algorithms to allow arbitrary sampling and updating of blocks of coordinates throughout the algorithm. Implementing and running an algorithm like this on a computing cluster can be slow if we force all computing nodes to be synched up at all times. To take better advantage of parallelism, we allow computing nodes to delay updates and break synchronization. This paper has several technical and practical contributions. We prove the weak, almost sure convergence of a new class of randomized operator-splitting schemes in separable Hilbert spaces; we prove that this class of algorithms convergences linearly in expectation when a weak regularity property holds; we highlight connections to other algorithms; and we introduce a few new algorithms for large-scale optimization."
W2953132663,CY15,2016,Line Search for Averaged Operator Iteration,Pontus Giselsson; Mattias Fält; Stephen Boyd,arXiv (Cornell University),10.48550/arxiv.1603.06772,1603.06772,preprint,4,https://arxiv.org/pdf/1603.06772,"Many popular first order algorithms for convex optimization, such as forward-backward splitting, Douglas-Rachford splitting, and the alternating direction method of multipliers (ADMM), can be formulated as averaged iteration of a nonexpansive mapping. In this paper we propose a line search for averaged iteration that preserves the theoretical convergence guarantee, while often accelerating practical convergence. We discuss several general cases in which the additional computational cost of the line search is modest compared to the savings obtained."
W2950886472,CY15,2016,Line Search For Generalized Alternating Projections,Mattias Fält; Pontus Giselsson,arXiv (Cornell University),10.48550/arxiv.1609.05920,1609.05920,preprint,0,https://arxiv.org/pdf/1609.05920.pdf,"This paper is about line search for the generalized alternating projections (GAP) method. This method is a generalization of the von Neumann alternating projections method, where instead of performing alternating projections, relaxed projections are alternated. The method can be interpreted as an averaged iteration of a nonexpansive mapping. Therefore, a recently proposed line search method for such algorithms is applicable to GAP. We evaluate this line search and show situations when the line search can be performed with little additional cost. We also present a variation of the basic line search for GAP - the projected line search. We prove its convergence and show that the line search condition is convex in the step length parameter. We show that almost all convex optimization problems can be solved using this approach and numerical results show superior performance with both the standard and the projected line search, sometimes by several orders of magnitude, compared to the nominal method."
W2216134724,OY02,2016,Convergence Rate Analysis of Several Splitting Schemes,Damek Davis; Wotao Yin,Scientific computation,10.1007/978-3-319-41589-5_4,,book-chapter,225,,
W1510670399,OY02,2016,Second Order Forward-Backward Dynamical Systems For Monotone Inclusion Problems,Radu Ioan Boţ; Ernö Robert Csetnek,SIAM Journal on Control and Optimization,10.1137/15m1012657,1503.04652,article,4,https://arxiv.org/pdf/1503.04652,"We begin by considering second order dynamical systems of the from $\ddot x(t) + \gamma(t)\dot x(t) + \lambda(t)B(x(t))=0$, where $B: {\cal H}\rightarrow{\cal H}$ is a cocoercive operator defined on a real Hilbert space ${\cal H}$, $\lambda:[0,+\infty)\rightarrow [0,+\infty)$ is a relaxation function, and $\gamma:[0,+\infty)\rightarrow [0,+\infty)$ is a damping function, both depending on time. For the generated trajectories, we show existence and uniqueness of the generated trajectories as well as their weak asymptotic convergence to a zero of the operator $B$. The framework allows us to address from similar perspectives second order dynamical systems associated with the problem of finding zeros of the sum of a maximally monotone operator and a cocoercive one. This captures as a particular case the minimization of the sum of a nonsmooth convex function with a smooth convex one. Furthermore, we prove that when $B$ is the gradient of a smooth convex function the value of the latter converges along the ergodic trajectory to its minimal value with a rate of ${\cal O}(1/t)$."
W2554762961,OY02,2016,A randomized intertial primal-dual fixed point algorithm for monotone inclusions,Meng Wen; Shigang Yue; Yuchao Tan; Jigen Peng,arXiv (Cornell University),10.48550/arxiv.1611.05142,1611.05142,preprint,1,https://arxiv.org/pdf/1611.05142,"In this paper, we propose a randomized intertial block-coordinate primaldual fixed point algorithm to solve a wide array of monotone inclusion problems base on the modification of the heavy ball method of Nesterov. These methods rely on a sweep of blocks of variables which are activated at each iteration according to a random rule. To this end we formulate the inertial version of the Krasnosel'skii-Mann algorithm for approximating the set of fixed points of a quasinonexpansive operator, for which we also provide an exhaustive convergence analysis. As a by-product, we can obtain some intertial block-coordinate operator splitting methods for solving composite monotone inclusion and convex minimization problems."
W2337736955,OY02,2016,A stochastic coordinate descent primal-dual algorithm with dynamic stepsize for large-scale composite optimization,Meng Wen; Shigang Yue; Yuchao Tang; Jigen Peng,arXiv (Cornell University),10.48550/arxiv.1604.04172,1604.04172,preprint,0,https://arxiv.org/pdf/1604.04172,"In this paper we consider the problem of finding the minimizations of the sum of two convex functions and the composition of another convex function with a continuous linear operator. With the idea of coordinate descent, we design a stochastic coordinate descent primal-dual splitting algorithm with dynamic stepsize. Based on randomized Modified Krasnosel'skii-Mann iterations and the firmly nonexpansive properties of the proximity operator, we achieve the convergence of the proposed algorithms. Moreover, we give two applications of our method."
W2339849759,OY02,2016,A stochastic coordinate descent inertial primal-dual algorithm for large-scale composite optimization,Meng Wen; Yuchao Tang; Jigen Peng,arXiv (Cornell University),10.48550/arxiv.1604.04845,1604.04845,preprint,0,https://arxiv.org/pdf/1604.04845,"We consider an inertial primal-dual algorithm to compute the minimizations of the sum of two convex functions and the composition of another convex function with a continuous linear operator. With the idea of coordinate descent, we design a stochastic coordinate descent inertial primal-dual splitting algorithm. Moreover, in order to prove the convergence of the proposed inertial algorithm, we formulate first the inertial version of the randomized Krasnosel'skii-Mann iterations algorithm for approximating the set of fixed points of a nonexpansive operator and investigate its convergence properties. Then the convergence of stochastic coordinate descent inertial primal-dual splitting algorithm is derived by applying the inertial version of the randomized Krasnosel'skii-Mann iterations to the composition of the proximity operator."
W2963654173,CY15,2017,A Three-Operator Splitting Scheme and its Optimization Applications,Damek Davis; Wotao Yin,Set-Valued and Variational Analysis,10.1007/s11228-017-0421-z,,article,310,,
W2591158312,CY15,2017,Dynamic Control of Agents Playing Aggregative Games With Coupling Constraints,Sergio Grammatico,IEEE Transactions on Automatic Control,10.1109/tac.2017.2672902,1609.08962,article,213,https://arxiv.org/pdf/1609.08962,"We address the problem to control a population of noncooperative heterogeneous agents, each with convex cost function depending on the average population state, and all sharing a convex constraint, toward an aggregative equilibrium. We assume an information structure through which a central coordinator has access to the average population state and can broadcast control signals for steering the decentralized optimal responses of the agents. We design a dynamic control law that, based on operator theoretic arguments, ensures global convergence to an equilibrium independently on the problem data, that are the cost functions and the constraints, local and global, of the agents. We illustrate the proposed method in two application domains: Network congestion control and demand side management."
W2605652624,CY15,2017,Quasi-Nonexpansive Iterations on the Affine Hull of Orbits: From Mann's Mean Value Algorithm to Inertial Methods,Patrick L. Combettes; Lilian E. Glaudin,SIAM Journal on Optimization,10.1137/17m112806x,,article,76,https://hal.sorbonne-universite.fr/hal-01678600,"Fixed point iterations play a central role in the design and the analysis of a large number of optimization algorithms. We study a new iterative scheme in which the update is obtained by applying a composition of quasi-nonexpansive operators to a point in the affine hull of the orbit generated up to the current iterate. This investigation unifies several algorithmic constructs, including Mann's mean value method, inertial methods, and multilayer memoryless methods. It also provides a framework for the development of new algorithms, such as those we propose for solving monotone inclusion and minimization problems."
W2962688058,CY15,2017,THE VARIABLE METRIC FORWARD-BACKWARD SPLITTING ALGORITHM UNDER MILD DIFFERENTIABILITY ASSUMPTIONS,Saverio Salzo,IRIS Research product catalog (Sapienza University of Rome),10.1137/16m1073741,,article,58,,"We study the variable metric forward-backward splitting algorithm for convex minimization problems without the standard assumption of the Lipschitz continuity of the gradient. In this setting, we prove that, by requiring only mild assumptions on the smooth part of the objective function and using several types of line search procedures for determining either the gradient descent stepsizes or the relaxation parameters, one still obtains weak convergence of the iterates and convergence in the objective function values. Moreover, the o(1/k) convergence rate in the function values is obtained if slightly stronger differentiability assumptions are added. We also illustrate several applications including problems that involve Banach spaces and functions of divergence type."
W2759175286,CY15,2017,Proximal Dynamics in Multiagent Network Games,Sergio Grammatico,IEEE Transactions on Control of Network Systems,10.1109/tcns.2017.2754358,,article,50,https://repository.tudelft.nl/file/File_e8e5be80-0975-43ab-8c86-eb79e5369596,"In this paper, we consider dynamics and protocols for agents seeking an equilibrium in a network game with proximal quadratic cost coupling. We adopt an operator theoretic perspective to show global convergence to a network equilibrium, under the assumption of convex cost functions with proximal quadratic couplings, time-invariant and time-varying communication graph along with convex local constraints, and time-invariant communication graph along with convex local constraints and separable convex coupling constraints. We show that proximal dynamics generalize opinion dynamics in social networks and are applicable to distributed tertiary control in power networks."
W2593916599,CY15,2017,Iterative algorithms for the multiple-sets split feasibility problem in Hilbert spaces,Nguyễn Bường,Numerical Algorithms,10.1007/s11075-017-0282-4,,article,36,,
W2580889931,CY15,2017,Local Convergence Properties of Douglas–Rachford and Alternating Direction Method of Multipliers,Jingwei Liang; Jalal Fadili; Gabriel Peyré,Journal of Optimization Theory and Applications,10.1007/s10957-017-1061-z,,article,28,https://hal.science/hal-01658848,
W2598135565,CY15,2017,Convergence properties of dynamic string-averaging projection methods in the presence of perturbations,Christian Bargetz; Simeon Reich; Rafał Zalas,Numerical Algorithms,10.1007/s11075-017-0310-4,1703.07803,article,26,https://link.springer.com/content/pdf/10.1007/s11075-017-0310-4.pdf,"Assuming that the absence of perturbations guarantees weak or strong convergence to a common fixed point, we study the behavior of perturbed products of an infinite family of nonexpansive operators. Our main result indicates that the convergence rate of unperturbed products is essentially preserved in the presence of perturbations. This, in particular, applies to the linear convergence rate of dynamic string-averaging projection methods, which we establish here as well. Moreover, we show how this result can be applied to the superiorization methodology."
W1962493159,CY15,2017,Tight global linear convergence rate bounds for Douglas–Rachford splitting,Pontus Giselsson,Journal of Fixed Point Theory and Applications,10.1007/s11784-017-0417-1,1506.01556,article,10,https://link.springer.com/content/pdf/10.1007%2Fs11784-017-0417-1.pdf,"Recently, several authors have shown local and global convergence rate results for Douglas–Rachford splitting under strong monotonicity, Lipschitz continuity, and cocoercivity assumptions. Most of these focus on the convex optimization setting. In the more general monotone inclusion setting, Lions and Mercier showed a linear convergence rate bound under the assumption that one of the two operators is strongly monotone and Lipschitz continuous. We show that this bound is not tight, meaning that no problem from the considered class converges exactly with that rate. In this paper, we present tight global linear convergence rate bounds for that class of problems. We also provide tight linear convergence rate bounds under the assumptions that one of the operators is strongly monotone and cocoercive, and that one of the operators is strongly monotone and the other is cocoercive. All our linear convergence results are obtained by proving the stronger property that the Douglas–Rachford operator is contractive."
W2521439173,CY15,2017,Line search for generalized alternating projections,Mattias Fält; Pontus Giselsson,,10.23919/acc.2017.7963671,,conference-paper,9,,"This paper is about line search for the generalized alternating projections (GAP) method. This method is a generalization of the von Neumann alternating projections method, where instead of alternating projections, relaxed projections are alternated. The method can be interpreted as an averaged iteration of a nonexpansive mapping. Therefore, a recently proposed line search method for such algorithms is applicable to GAP. We evaluate this line search and show situations when the line search can be performed with little additional cost. We also present a variation of the basic line search for GAP-the projected line search. We prove its convergence and show that the line search condition is convex in the step length parameter. We show that almost all convex optimization problems can be solved using this approach and numerical results show superior performance with both the standard and the projected line search, sometimes by several orders of magnitude, compared to the nominal method."
W2346333570,CY15,2017,The Variable Metric Forward-Backward Splitting Algorithm Under Mild Differentiability Assumptions,Saverio Salzo,SIAM Journal on Optimization,10.1137/16m1073741,1605.00952,article,4,https://arxiv.org/pdf/1605.00952,"We study the variable metric forward-backward splitting algorithm for convex minimization problems without the standard assumption of the Lipschitz continuity of the gradient. In this setting, we prove that, by requiring only mild assumptions on the smooth part of the objective function and using several types of line search procedures for determining either the gradient descent stepsizes or the relaxation parameters, one still obtains weak convergence of the iterates and convergence in the objective function values. Moreover, the $o(1/k)$ convergence rate in the function values is obtained if slightly stronger differentiability assumptions are added. We also illustrate several applications including problems that involve Banach spaces and functions of divergence type."
W2290544825,CY15,2017,Asymmetric forward–backward–adjoint splitting for solving monotone inclusions involving three operators,Puya Latafat; Panagiotis Patrinos,Computational Optimization and Applications,10.1007/s10589-017-9909-6,1602.08729,article,1,https://arxiv.org/pdf/1602.08729,
W2609501133,CY15,2017,Time-Varying Convex Optimization via Time-Varying Averaged Operators,Andrea Simonetto,arXiv (Cornell University),10.48550/arxiv.1704.07338,1704.07338,preprint,36,https://arxiv.org/pdf/1704.07338,"Devising efficient algorithms that track the optimizers of continuously varying convex optimization problems is key in many applications. A possible strategy is to sample the time-varying problem at constant rate and solve the resulting time-invariant problem. This can be too computationally burdensome in many scenarios. An alternative strategy is to set up an iterative algorithm that generates a sequence of approximate optimizers, which are refined every time a new sampled time-invariant problem is available by one iteration of the algorithm. These types of algorithms are called running. A major limitation of current running algorithms is their key assumption of strong convexity and strong smoothness of the time-varying convex function. In addition, constraints are only handled in simple cases. This limits the current capability for running algorithms to tackle relevant problems, such as $\ell_1$-regularized optimization programs. In this paper, these assumptions are lifted by leveraging averaged operator theory and a fairly comprehensive framework for time-varying convex optimization is presented. In doing so, new results characterizing the convergence of running versions of a number of widely used algorithms are derived."
W2953366062,CY15,2017,Quasinonexpansive Iterations on the Affine Hull of Orbits: From Mann's Mean Value Algorithm to Inertial Methods,Patrick L. Combettes; Lilian E. Glaudin,arXiv (Cornell University),10.48550/arxiv.1704.03563,1704.03563,preprint,15,https://arxiv.org/pdf/1704.03563,"Fixed point iterations play a central role in the design and the analysis of a large number of optimization algorithms. We study a new iterative scheme in which the update is obtained by applying a composition of quasinonexpansive operators to a point in the affine hull of the orbit generated up to the current iterate. This investigation unifies several algorithmic constructs, including Mann's mean value method, inertial methods, and multi-layer memoryless methods. It also provides a framework for the development of new algorithms, such as those we propose for solving monotone inclusion and minimization problems."
W2783044190,CY15,2017,Inexact iteration of averaged operators for non-strongly convex stochastic optimization,William B. Haskell; Rahul Jain,,10.1109/allerton.2017.8262871,,conference-paper,0,,"We focus on inexact iteration of averaged operators with stochastic errors, and we give conditions for a sublinear O (1 /K) convergence rate for this class of iteration. Then, we show that our general development gives convergence rate analysis for sampling-based algorithms for non-strongly convex stochastic optimization including minimization, saddle-point problems, and constrained optimization."
W2886903283,CY15,2018,On the equivalence of the primal-dual hybrid gradient method and Douglas–Rachford splitting,Daniel O’Connor; Lieven Vandenberghe,Mathematical Programming,10.1007/s10107-018-1321-1,,article,63,,
W2795088933,CY15,2018,Projected-gradient algorithms for Generalized Equilibrium seeking in Aggregative Games arepreconditioned Forward-Backward methods,Giuseppe Belgioioso; Sergio Grammatico,,10.23919/ecc.2018.8550342,1803.10441,conference-paper,18,https://arxiv.org/pdf/1803.10441,"We show that projected-gradient methods for the distributed computation of generalized Nash equilibria in aggregative games are preconditioned forward-backward splitting methods appliedto the KKT operator of the game. Specifically, we adopt the preconditioned forward-backward design, recently conceived by Yi and Pavel in the manuscript ''A distributed primal-dual algorithm for computation of generalized Nash equilibria via operator splitting methods'' for generalized Nash equilibrium seeking in aggregative games. Consequently, we notice that two projected-gradient methods recently proposed in the literature are preconditioned forward-backward meth- ods. More generally, we provide a unifying operator-theoretic ground to design projected-gradient methods for generalized equilibrium seeking in aggregative games."
W2793153125,CY15,2018,Tight Global Linear Convergence Rate Bounds for Operator Splitting Methods,Goran Banjac; Paul J. Goulart,IEEE Transactions on Automatic Control,10.1109/tac.2018.2808442,,article,20,,"In this paper, we establish necessary and sufficient conditions for global linear convergence rate bounds in operator splitting methods for a general class of convex optimization problems, where the associated fixed-point operator is strongly quasi-nonexpansive. We also provide a tight bound on the achievable convergence rate. Most existing results establishing global linear convergence in such methods require restrictive assumptions regarding strong convexity and smoothness of the constituent functions in the optimization problem. However, there are several examples in the literature showing that linear convergence is possible even when these properties do not hold. We provide a unifying analysis method for establishing global linear convergence based on linear regularity and show that many existing results are special cases of our approach. Moreover, we propose a novel linearly convergent splitting method for linear programming."
W2883816074,CY15,2018,Union Averaged Operators with Applications to Proximal Algorithms for Min-Convex Functions,Minh N. Dao; Matthew K. Tam,Journal of Optimization Theory and Applications,10.1007/s10957-018-1443-x,1807.05810,article,19,https://link.springer.com/content/pdf/10.1007/s10957-018-1443-x.pdf,
W2939114304,CY15,2018,Asynchronous Distributed Power Control of Multi-Microgrid Systems Based on the Operator Splitting Approach,Zhaojian Wang; Shengwei Mei; Feng Liu; Peng Yi; Ming Cao,arXiv (Cornell University),10.48550/arxiv.1810.11998,1810.11998,preprint,2,https://arxiv.org/pdf/1810.11998,"Forming (hybrid) AC/DC microgrids (MGs) has become a promising manner for the interconnection of various kinds of distributed generators that are inherently AC or DC electric sources. This paper addresses the distributed asynchronous power control problem of hybrid microgrids, considering imperfect communication due to non-identical sampling rates and communication delays. To this end, we first formulate the optimal power control problem of MGs and devise a synchronous algorithm. Then, we analyze the impact of asynchrony on optimal power control and propose an asynchronous iteration algorithm based on the synchronous version. By introducing a random clock at each iteration, different types of asynchrony are fitted into a unified framework, where the asynchronous algorithm is converted into a fixed-point problem based on the operator splitting method, leading to a convergence proof. We further provide an upper bound estimation of the time delay in the communication. Moreover, the real-time implementation of the proposed algorithm in both AC and DC MGs is introduced. By taking the power system as a solver, the controller is simplified by reducing one order and the power loss can be considered. Finally, a benchmark MG is utilized to verify the effectiveness and advantages of the proposed algorithm."
W2785331599,CY15,2018,Monotone operator theory in convex optimization,Patrick L. Combettes,Mathematical Programming,10.1007/s10107-018-1303-3,1802.02694,article,0,https://arxiv.org/pdf/1802.02694,
W2903821133,OY02,2018,MiKM: multi-step inertial Krasnosel’skiǐ–Mann algorithm and its applications,Qiao‐Li Dong; Joshua Zhexue Huang; X. H. Li; Y. J. Cho; Th. M. Rassias,Journal of Global Optimization,10.1007/s10898-018-0727-x,,article,71,,
W2962833434,CY15,2019,Asynchronous Distributed Algorithms for Seeking Generalized Nash Equilibria Under Full and Partial-Decision Information,Peng Yi; Lacra Pavel,IEEE Transactions on Cybernetics,10.1109/tcyb.2019.2908091,,article,93,,"This paper investigates asynchronous algorithms for distributedly seeking generalized Nash equilibria with delayed information in multiagent networks. In the game model, a shared affine constraint couples all players' local decisions. Each player is assumed to only access its private objective function, private feasible set, and a local block matrix of the affine constraint. We first give an algorithm for the case when each agent is able to fully access all other players' decisions. By using auxiliary variables related to communication links and the edge Laplacian matrix, each player can carry on its iteration asynchronously with only private data and possibly delayed information from its neighbors. Then, we consider the case when agents cannot know all other players' decisions, called a partial-decision information case. We introduce a local estimation of the overall agents' decisions and incorporate consensus dynamics on these local estimations. The two algorithms do not need any centralized clock coordination, fully exploit the local computation resource, and remove the idle time due to waiting for the ""slowest"" agent. Both algorithms are developed by preconditioned forward-backward operator splitting, and their convergence is shown by relating them to asynchronous fixed-point iterations, under proper assumptions and fixed and nondiminishing step-size choices. Numerical studies verify the algorithms' convergence and efficiency."
W2800783024,CY15,2019,Convergence of a Relaxed Inertial Forward–Backward Algorithm for Structured Monotone Inclusions,Hédy Attouch; Alexandre Cabot,Applied Mathematics & Optimization,10.1007/s00245-019-09584-z,,article,76,,
W2937855996,CY15,2019,Convexity-edge-preserving Signal Recovery with Linearly Involved Generalized Minimax Concave Penalty Function,Jiro Abe; Masao Yamagishi; Isao Yamada,,10.1109/icassp.2019.8682318,,conference-paper,13,,"In this paper, we propose a new linearly involved convexity-preserving model for signal recovery by extending the idea in the generalized minimax concave (GMC) penalty [Se-lesnick' 17]. The proposed model can use nonconvex penalties but maintain the overall convexity and is applicable to much more general scenarios of signal recovery than the original GMC model. We also propose a new iterative algorithm which has theoretical guarantee of convergence to a global minimizer of the proposed model. A numerical experiment for noise suppression shows excellent edge-preserving performance of the proposed smoother in comparison with the standard convex TV smoother."
W2918100930,CY15,2019,A Krasnoselskii-Mann Algorithm With an Improved EM Preconditioner for PET Image Reconstruction,Yizun Lin; C. Ross Schmidtlein; LI Qia; Si Li; Yuesheng Xu,IEEE Transactions on Medical Imaging,10.1109/tmi.2019.2898271,,article,10,https://ieeexplore.ieee.org/ielx7/42/8821423/08644032.pdf,"This paper presents a preconditioned Krasnoselskii-Mann (KM) algorithm with an improved EM preconditioner (IEM-PKMA) for higher-order total variation (HOTV) regularized positron emission tomography (PET) image reconstruction. The PET reconstruction problem can be formulated as a three-term convex optimization model consisting of the Kullback-Leibler (KL) fidelity term, a nonsmooth penalty term, and a nonnegative constraint term which is also nonsmooth. We develop an efficient KM algorithm for solving this optimization problem based on a fixed-point characterization of its solution, with a preconditioner and a momentum technique for accelerating convergence. By combining the EM precondtioner, a thresholding, and a good inexpensive estimate of the solution, we propose an improved EM preconditioner that can not only accelerate convergence but also avoid the reconstructed image being ""stuck at zero."" Numerical results in this paper show that the proposed IEM-PKMA outperforms existing state-of-the-art algorithms including, the optimization transfer descent algorithm and the preconditioned L-BFGS-B algorithm for the differentiable smoothed anisotropic total variation regularized model, the preconditioned alternating projection algorithm, and the alternating direction method of multipliers for the nondifferentiable HOTV regularized model. Encouraging initial experiments using clinical data are presented."
W2855736346,CY15,2019,Variable Metric Algorithms Driven by Averaged Operators,Lilian E. Glaudin,,10.1007/978-3-030-25939-6_9,,book-chapter,1,,
W2910096890,CY15,2019,"An asynchronous, forward-backward, distributed generalized Nash equilibrium seeking algorithm",Carlo Cenedese; Giuseppe Belgioioso; Sergio Grammatico; Ming Cao,arXiv (Cornell University),10.48550/arxiv.1901.04279,1901.04279,preprint,7,https://arxiv.org/pdf/1901.04279,"In this paper, we propose an asynchronous distributed algorithm for the computation of generalized Nash equilibria in noncooperative games, where the players interact via an undirected communication graph. Specifically, we extend the paper ""Asynchronous distributed algorithm for seeking generalized Nash equilibria"" by Yi and Pavel: we redesign the asynchronous update rule using auxiliary variables over the nodes rather than over the edges. This key modification renders the algorithm scalable for highly interconnected games. The derived asynchronous algorithm is robust against delays in the communication and it eliminates the idle times between computations, hence modeling a more realistic interaction between players with different update frequencies. We address the problem from an operator-theoretic perspective and design the algorithm via a preconditioned forward-backward splitting. Finally, we numerically simulate the algorithm for the Cournot competition in networked markets."
W2968898632,CY15,2019,Asynchronous Distributed Voltage Control in Active Distribution Networks,Zhaojian Wang; Feng Liu; Yifan Su; Boyu Qin,arXiv (Cornell University),10.48550/arxiv.1908.06548,1908.06548,preprint,1,https://arxiv.org/pdf/1908.06548,"With the explosion of distributed energy resources (DERs), voltage regulation in distribution networks has been facing a great challenge. This paper derives an asynchronous distributed voltage control strategy based on the partial primal-dual gradient algorithm, where both active and reactive controllable power of DERs are considered. Different types of asynchrony due to imperfect communication or practical limits, such as random time delays and non-identical sampling/control rates, are fitted into a unified analytic framework. The asynchronous algorithm is then converted into a fixed-point problem by employing the operator splitting method, which leads to a convergence proof with mild conditions. Moreover, an online implementation method is provided to make the controller adjustable to time-varying environments. Finally, numerical experiments are carried out on a rudimentary 8-bus system and the IEEE-123 distribution network to verify the effectiveness of the proposed method."
W2989837026,CY15,2019,Time-varying constrained proximal type dynamics in multi-agent network games,Carlo Cenedese; Giuseppe Belgioioso; Sergio Grammatico; Ming Cao,arXiv (Cornell University),10.48550/arxiv.1911.08443,1911.08443,preprint,1,https://arxiv.org/pdf/1911.08443,"In this paper, we study multi-agent network games subject to affine time-varying coupling constraints and a time-varying communication network. We focus on the class of games adopting proximal dynamics and study their convergence to a persistent equilibrium. The assumptions considered to solve the problem are discussed and motivated. We develop an iterative equilibrium seeking algorithm, using only local information, that converges to a special class of game equilibria. Its derivation is motivated by several examples, showing that the original game dynamics fail to converge. Finally, we apply the designed algorithm to solve a constrained consensus problem, validating the theoretical results."
W2937356094,CY15,2019,On the Convergence of the Inexact Running Krasnosel’skiĭ–Mann Method,Emiliano Dall’Anese; Andrea Simonetto; Andrey Bernstein,IEEE Control Systems Letters,10.1109/lcsys.2019.2914085,1904.08469,article,0,https://arxiv.org/pdf/1904.08469,"This letter leverages a framework based on averaged operators to tackle the problem of tracking fixed points associated with maps that evolve over time. In particular, this letter considers the Krasnosel’skiĭ–Mann (KM) method in a settings where: 1) the underlying map may change at each step of the algorithm, thus leading to a “running” implementation of the KM method, and 2) an imperfect information of the map may be available. An imperfect knowledge of the maps can capture cases where processors feature a finite precision or quantization errors, or the case where (part of) the map is obtained from measurements. The analytical results are applicable to inexact running algorithms for solving optimization problems, whenever the algorithmic steps can be written in the form of (a composition of) averaged operators; examples are provided for inexact running gradient methods and the forward–backward splitting method. Convergence of the average fixed-point residual is investigated for the non-expansive case; linear convergence to a unique fixed-point trajectory is showen in the case of inexact running algorithms emerging from contractive operators."
W2969466705,CY15,2019,Local and Global Analysis of Relaxed Douglas-Rachford for Nonconvex Feasibility Problems,Anna-Lena Martins,,10.53846/goediss-7539,,dissertation,0,https://ediss.uni-goettingen.de/bitstream/21.11130/00-1735-0000-0003-C14C-E/1/diss_martins_web.pdf,"This thesis investigates the local and global convergence analysis of the relaxed Douglas-Rachford method. This algorithm, which was first proposed over a decade ago, has become a standard procedure in applications. Convergence results for this algorithm are limited either to convex feasibility or consistent nonconvex feasibility with strong assumptions on the regularity of the underlying sets. After discussing feasibility problems and projection methods to solve these in general, we investigate the relaxed Douglas-Rachford method in detail for inconsistent and nonconvex feasibility problems. By introducing a new type of regularity of sets, called superregularity at a distance, we establish sufficient conditions for local linear convergence of the corresponding sequence for the method of relaxed Douglas-Rachford subsuming already existing results in the literature. We analyze a cyclic relaxed Douglas-Rachford scheme and state convergence results for closed and convex sets, by considering many-set feasibility problems. We then apply the theory developed to the famous phase retrieval problem and discuss the numerical performance of the algorithms."
W2970743025,CY15,2019,Convergence analysis of an inexact inertial Krasnoselskii-Mann algorithm with applications,"Fuying Cui; Yang Yang; Yuchao Tang; Zhu, Chuanxi",arXiv (Cornell University),10.48550/arxiv.1908.11029,1908.11029,preprint,0,https://arxiv.org/pdf/1908.11029,"The classical Krasnoselskii-Mann iteration is broadly used for approximating fixed points of nonexpansive operators. To accelerate the convergence of the Krasnoselskii-Mann iteration, the inertial methods were received much attention in recent years. In this paper, we propose an inexact inertial Krasnoselskii-Mann algorithm. In comparison with the original inertial Krasnoselskii-Mann algorithm, our algorithm allows error for updating the iterative sequence, which makes it more flexible and useful in practice. We establish weak convergence results for the proposed algorithm under different conditions on parameters and error terms. Furthermore, we provide a nonasymptotic convergence rate for the proposed algorithm. As applications, we propose and study inexact inertial proximal point algorithm and inexact inertial forward-backward splitting algorithm for solving monotone inclusion problems and the corresponding convex minimization problems."
W2977007652,CY15,2019,Asynchronous and time-varying proximal type dynamics multi-agent network games,Carlo Cenedese; Giuseppe Belgioioso; Yu Kawano; Sergio Grammatico; Ming Cao,arXiv (Cornell University),10.48550/arxiv.1909.11203,1909.11203,preprint,3,https://arxiv.org/pdf/1909.11203,"In this paper, we study proximal type dynamics in the context of noncooperative multi-agent network games. These dynamics arise in different applications, since they describe distributed decision making in multi-agent networks, e.g., in opinion dynamics, distributed model fitting and network information fusion, where the goal of each agent is to seek an equilibrium using local information only. We analyse several conjugations of this class of games, providing convergence results, or designing equilibrium seeking algorithms when the original dynamics fail to converge. For the games subject only to local constraints we look into both synchronous/asynchronous dynamics and time-varying communication networks. For games subject in addition to coupling constraints, we design an equilibrium seeking algorithm converging to a special class of game equilibria. Finally, we validate the theoretical results via numerical simulations on opinion dynamics and distributed model fitting."
W2999957625,HRY20,2019,Scaled Relative Graph of Normal Matrices,Xinmeng Huang; Ernest K. Ryu; Wotao Yin,arXiv (Cornell University),10.48550/arxiv.2001.02061,2001.02061,preprint,7,https://arxiv.org/pdf/2001.02061,"The Scaled Relative Graph (SRG) is a geometric tool that maps the action of a multi-valued nonlinear operator onto the 2D plane, used to analyze the convergence of a wide range of iterative methods. As the SRG includes the spectrum for linear operators, we can view the SRG as a generalization of the spectrum to multi-valued nonlinear operators. In this work, we further study the SRG of linear operators and characterize the SRG of block-diagonal and normal matrices."
W2782341585,OY02,2019,Convergence Rates of Forward–Douglas–Rachford Splitting Method,Cesare Molinari; Jingwei Liang; Jalal Fadili,Journal of Optimization Theory and Applications,10.1007/s10957-019-01524-9,1801.01088,article,2,https://link.springer.com/content/pdf/10.1007/s10957-019-01524-9.pdf,"Over the past decades, operator splitting methods have become ubiquitous for non-smooth optimization owing to their simplicity and efficiency. In this paper, we consider the Forward-Douglas-Rachford splitting method and study both global and local convergence rates of this method. For the global rate, we establish a sublinear convergence rate in terms of a Bregman divergence suitably designed for the objective function. Moreover, when specializing to the Forward-Backward splitting, we prove a stronger convergence rate result for the objective function value. Then locally, based on the assumption that the non-smooth part of the optimization problem is partly smooth, we establish local linear convergence of the method. More precisely, we show that the sequence generated by Forward-Douglas-Rachford first (i) identifies a smooth manifold in a finite number of iteration and then (ii) enters a local linear convergence regime, which is for instance characterized in terms of the structure of the underlying active smooth manifold. To exemplify the usefulness of the obtained result, we consider several concrete numerical experiments arising from applicative fields including, for instance, signal/image processing, inverse problems and machine learning."
W2989774217,OY02,2019,A strongly convergent Krasnosel'ski\vı-Mann-type algorithm for finding a common fixed point of a countably infinite family of nonexpansive operators in Hilbert spaces,Radu Ioan Boţ; Dennis Meier,arXiv (Cornell University),10.48550/arxiv.1911.11656,1911.11656,preprint,0,https://arxiv.org/pdf/1911.11656,"In this article, we propose a Krasnosel'ski\vı-Mann-type algorithm for finding a common fixed point of a countably infinite family of nonexpansive operators $(T_n)_{n \geq 0}$ in Hilbert spaces. We formulate an asymptotic property which the family $(T_n)_{n \geq 0}$ has to fulfill such that the sequence generated by the algorithm converges strongly to the element in $\bigcap_{n \geq 0} \operatorname{Fix} T_n$ with minimum norm. Based on this, we derive a forward-backward algorithm that allows variable step sizes and generates a sequence of iterates that converge strongly to the zero with minimum norm of the sum of a maximally monotone operator and a cocoercive one. We demonstrate the superiority of the forward-backward algorithm with variable step sizes over the one with constant step size by means of numerical experiments on variational image reconstruction and split feasibility problems in infinite dimensional Hilbert spaces."
W3081028519,CY15,2020,Asynchronous Distributed Power Control of Multimicrogrid Systems,Zhaojian Wang; Laijun Chen; Feng Liu; Peng Yi; Ming Cao; Sicheng Deng,IEEE Transactions on Control of Network Systems,10.1109/tcns.2020.3018703,,article,28,https://research.rug.nl/files/154337049/09177303.pdf,"Asynchrony widely exists in microgrids (MGs), such as nonidentical sampling rates and communication delays, which challenges the MG control. This article addresses the asynchronous distributed power control problem of hybrid microgrids, considering different kinds of asynchrony, such as nonidentical sampling rates, and random time delays. To this end, we first formulate the economic dispatch problem of MGs, and devise a synchronous algorithm. Then, we analyze the impact of asynchrony, and propose an asynchronous iteration algorithm based on the synchronous version. By introducing a random clock at each iteration, different types of asynchrony are fitted into a unified framework, where the asynchronous algorithm is converted into a fixed-point iteration problem with a nonexpansive operator, leading to a convergence proof. We further provide an upper bound estimation of the time delay. Moreover, the real-time implementation of the proposed algorithm in both ac and dc MGs is introduced. By measuring the frequency/voltage, the controller is simplified by reducing one order, and adapting to the fast varying load demand. Finally, simulations on a benchmark MG, and experiments are utilized to verify the effectiveness, and advantages of the proposed algorithm."
W2902628409,CY15,2020,Operator Splitting Performance Estimation: Tight Contraction Factors and Optimal Parameter Selection,Ernest K. Ryu; Adrien Taylor; Carolina Bergeling; Pontus Giselsson,SIAM Journal on Optimization,10.1137/19m1304854,1812.00146,article,14,https://arxiv.org/pdf/1812.00146,"We propose a methodology for studying the performance of common splitting methods through semidefinite programming. We prove tightness of the methodology and demonstrate its value by presenting two applications of it. First, we use the methodology as a tool for computer-assisted proofs to prove tight analytical contraction factors for Douglas--Rachford splitting that are likely too complicated for a human to find bare-handed. Second, we use the methodology as an algorithmic tool to computationally select the optimal splitting method parameters by solving a series of semidefinite programs."
W3045769608,CY15,2020,Asynchronous and Time-Varying Proximal Type Dynamics in Multiagent Network Games,Carlo Cenedese; Giuseppe Belgioioso; Yu Kawano; Sergio Grammatico; Ming Cao,IEEE Transactions on Automatic Control,10.1109/tac.2020.3011916,,article,30,https://research.rug.nl/files/171646031/09149654_1_.pdf,"In this article, we study proximal type dynamics in the context of multiagent network games. We analyze several conjugations of this class of games, providing convergence results. Specifically, we look into synchronous/asynchronous dynamics with time-invariant communication network and synchronous dynamics with time-varying communication networks. Finally, we validate the theoretical results via numerical simulations on opinion dynamics."
W3088904003,CY15,2020,Asynchronous distributed voltage control in active distribution networks,Zhaojian Wang; Feng Liu; Yifan Su; Peng Yang; Boyu Qin,Automatica,10.1016/j.automatica.2020.109269,,article,24,,
W3023814718,CY15,2020,Inertial Mann-Type Algorithm for a Nonexpansive Mapping to Solve Monotone Inclusion and Image Restoration Problems,Natthaphon Artsawang; Kasamsuk Ungchittrakool,Symmetry,10.3390/sym12050750,,article,9,https://www.mdpi.com/2073-8994/12/5/750/pdf?version=1588818317,"In this article, we establish a new Mann-type method combining both inertial terms and errors to find a fixed point of a nonexpansive mapping in a Hilbert space. We show strong convergence of the iterate under some appropriate assumptions in order to find a solution to an investigative fixed point problem. For the virtue of the main theorem, it can be applied to an approximately zero point of the sum of three monotone operators. We compare the convergent performance of our proposed method, the Mann-type algorithm without both inertial terms and errors, and the Halpern-type algorithm in convex minimization problem with the constraint of a non-zero asymmetric linear transformation. Finally, we illustrate the functionality of the algorithm through numerical experiments addressing image restoration problems."
W2888073844,CY15,2020,Deep Neural Network Structures Solving Variational Inequalities,Patrick L. Combettes; Jean‐Christophe Pesquet,Set-Valued and Variational Analysis,10.1007/s11228-019-00526-z,1808.07526,book-chapter,5,https://arxiv.org/pdf/1808.07526,
W3036065625,CY15,2020,Primal-dual fixed point algorithm based on adapted metric method for solving convex minimization problem with application,Wenli Huang; Yuchao Tang,Applied Numerical Mathematics,10.1016/j.apnum.2020.06.005,,article,9,,
W3046334286,CY15,2020,Time-varying constrained proximal type dynamics in multi-agent network games,Carlo Cenedese; Giuseppe Belgioioso; Sergio Grammatico; Ming Cao,,10.23919/ecc51009.2020.9143683,,conference-paper,6,,"In this paper, we study multi-agent network games subject to affine time-varying coupling constraints and a time-varying communication network. We focus on the class of games adopting proximal dynamics and study their convergence to a persistent equilibrium. The assumptions considered to solve the problem are discussed and motivated. We develop an iterative equilibrium seeking algorithm, using only local information, that converges to a special class of game equilibria. Its derivation is motivated by several examples, showing that the original game dynamics fail to converge. Finally, we apply the designed algorithm to solve a constrained consensus problem, illustrating the theoretical results."
W2954955495,CY15,2020,Distributed Generalized Nash Equilibrium Seeking in Aggregative Games on Time-Varying Networks,Giuseppe Belgioioso; Angelia Nedić; Sergio Grammatico,IEEE Transactions on Automatic Control,10.1109/tac.2020.3005922,1907.00191,article,3,https://arxiv.org/pdf/1907.00191,"We design the first fully distributed algorithm for generalized Nash equilibrium seeking in aggregative games on a time-varying communication network, under partial-decision information, i.e., the agents have no direct access to the aggregate decision. The algorithm is derived by integrating dynamic tracking into a projected pseudo-gradient algorithm. The convergence analysis relies on the framework of monotone operator splitting and the Krasnosel'skii-Mann fixed-point iteration with errors."
W3014598661,CY15,2020,From Local SGD to Local Fixed-Point Methods for Federated Learning,Grigory Malinovsky; Dmitry Kovalev; Elnur Gasanov; Laurent Condat; Peter Richtárik,arXiv (Cornell University),10.48550/arxiv.2004.01442,2004.01442,preprint,10,https://arxiv.org/pdf/2004.01442,"Most algorithms for solving optimization problems or finding saddle points of convex-concave functions are fixed-point algorithms. In this work we consider the generic problem of finding a fixed point of an average of operators, or an approximation thereof, in a distributed setting. Our work is motivated by the needs of federated learning. In this context, each local operator models the computations done locally on a mobile device. We investigate two strategies to achieve such a consensus: one based on a fixed number of local steps, and the other based on randomized computations. In both cases, the goal is to limit communication of the locally-computed variables, which is often the bottleneck in distributed frameworks. We perform convergence analysis of both methods and conduct a number of experiments highlighting the benefits of our approach."
W3023265729,CY15,2020,An asynchronous distributed and scalable generalized Nash equilibrium seeking algorithm for strongly monotone games,Carlo Cenedese; Giuseppe Belgioioso; Sergio Grammatico; Ming Cao,arXiv (Cornell University),10.48550/arxiv.2005.03507,2005.03507,preprint,3,https://arxiv.org/pdf/2005.03507,"In this paper, we present three distributed algorithms to solve a class of generalized Nash equilibrium (GNE) seeking problems in strongly monotone games. The first one (SD-GENO) is based on synchronous updates of the agents, while the second and the third (AD-GEED and AD-GENO) represent asynchronous solutions that are robust to communication delays. AD-GENO can be seen as a refinement of AD-GEED, since it only requires node auxiliary variables, enhancing the scalability of the algorithm. Our main contribution is to prove converge to a variational GNE of the game via an operator-theoretic approach. Finally, we apply the algorithms to network Cournot games and show how different activation sequences and delays affect convergence. We also compare the proposed algorithms to the only other in the literature (ADAGNES), and observe that AD-GENO outperforms the alternative."
W3092269740,CY15,2020,On a notion of averaged operators in CAT(0) spaces,Arian Bërdëllima,arXiv (Cornell University),10.48550/arxiv.2010.05726,2010.05726,preprint,2,https://arxiv.org/pdf/2010.05726,Averaged operators have played an important role in fixed point theory in Hilbert spaces. They emerged as a necessity to obtain solutions to fixed point problems where the underlying operator is not contractive and thus renders Banach fixed point theorem inaccessible. We introduce a notion of averaged operator in the broader class of $\text{CAT}(0)$ spaces. We call these operators $α$-firmly nonexpansive and develop basic calculus rules for the quasi $α$-firmly nonexpansive operators. In particular compositions of quasi $α$-firmly nonexpansive operators is quasi $α$-firmly nonexpansive and convex combination of a finite family of quasi $α$-firmly nonexpansive operators is again quasi $α$-firmly nonexpansive. For a nonexpansive operator $T:X\to X$ acting on a $\text{CAT}(0)$ space $X$ we show that the iterates $x_n:=Tx_{n-1}$ converge weakly to some element in the fixed point set $\text{Fix} T$ whenever $T$ is quasi $α$-firmly nonexpansive. Moreover under a certain regularity condition the projections $P_{\text{Fix} T}x_n$ converge strongly to this weak limit. Our theory is illustrated with two classical examples of cyclic and averaged projections.
W3003361916,CY15,2020,A Sequential Constraint Method for Solving Variational Inequality over the Intersection of Fixed Point Sets,Mootta Prangprakhon; Nimit Nimana; Narin Petrot,arXiv (Cornell University),10.48550/arxiv.2001.10658,2001.10658,preprint,1,https://arxiv.org/pdf/2001.10658,"We consider the variational inequality problem over the intersection of fixed point sets of firmly nonexpansive operators. In order to solve the problem, we present an algorithm and subsequently show the strong convergence of the generated sequence to the solution of the considered problem."
W3088020006,CY15,2020,An outer reflected forward-backward splitting algorithm for solving monotone inclusions,Hui Yu; Chunxiang Zong; Yuchao Tang,arXiv (Cornell University),10.48550/arxiv.2009.12493,2009.12493,preprint,1,https://arxiv.org/pdf/2009.12493,"Monotone inclusions have wide applications in solving various convex optimization problems arising in signal and image processing, machine learning, and medical image reconstruction. In this paper, we propose a new splitting algorithm for finding a zero of the sum of a maximally monotone operator, a monotone Lipschitzian operator, and a cocoercive operator, which is called outer reflected forward-backward splitting algorithm. Under mild conditions on the iterative parameters, we prove the convergence of the proposed algorithm. As applications, we employ the proposed algorithm to solve composite monotone inclusions involving monotone Lipschitzian operator, cocoercive operator, and the parallel sum of operators. The advantage of the obtained algorithm is that it is a completely splitting algorithm, in which the Lipschitzian operator and the cocoercive operator are processed via explicit steps and the maximally monotone operators are processed via their resolvents."
W2892298543,CY15,2020,On the Minimal Displacement Vector of Compositions and Convex Combinations of Nonexpansive Mappings,Heinz H. Bauschke; Walaa M. Moursi,Foundations of Computational Mathematics,10.1007/s10208-020-09449-w,1809.01196,article,0,https://arxiv.org/pdf/1809.01196,
W3046439527,CY15,2020,Extrapolation of Bandlimited Multidimensional Signals from Continuous Measurements,Cornelius Frankenbach; Pablo Martínez-Nuevo; Martin Bo Møller; Walter Kellermann,,10.23919/eusipco47968.2020.9287729,2008.00026,conference-paper,0,https://arxiv.org/pdf/2008.00026,"Conventional sampling and interpolation commonly rely on discrete measurements. In this paper, we develop a theoretical framework for extrapolation of signals in higher dimensions from knowledge of the continuous waveform on bounded high-dimensional regions. In particular, we propose an iterative method to reconstruct bandlimited multidimensional signals based on truncated versions of the original signal to bounded regions-herein referred to as continuous measurements. In the proposed method, the reconstruction is performed by iterating on a convex combination of region-limiting and bandlimiting operations. We show that this iteration consists of a firmly nonexpansive operator and prove strong convergence for multidimensional bandlimited signals. In order to improve numerical stability, we introduce a regularized iteration and show its connection to Tikhonov regularization. The method is illustrated numerically for two-dimensional signals."
W3025384565,OY02,2020,On the convergence of algorithms with Tikhonov regularization terms,Bruno Dinis; Pedro Pinto,Optimization Letters,10.1007/s11590-020-01635-7,2005.07149,article,11,https://arxiv.org/pdf/2005.07149,
W3039207817,OY02,2020,Continuous Dynamics Related to Monotone Inclusions and Non-Smooth Optimization Problems,Ernö Robert Csetnek,Set-Valued and Variational Analysis,10.1007/s11228-020-00548-y,2007.00460,article,0,https://link.springer.com/content/pdf/10.1007/s11228-020-00548-y.pdf,"Abstract The aim of this survey is to present the main important techniques and tools from variational analysis used for first and second order dynamical systems of implicit type for solving monotone inclusions and non-smooth optimization problems. The differential equations are expressed by means of the resolvent (in case of a maximally monotone set valued operator) or the proximal operator for non-smooth functions. The asymptotic analysis of the trajectories generated relies on Lyapunov theory, where the appropriate energy functional plays a decisive role. While the most part of the paper is related to monotone inclusions and convex optimization problems in the variational case, we present also results for dynamical systems for solving non-convex optimization problems, where the Kurdyka-Łojasiewicz property is used."
W3167762789,CY15,2021,Convergence Theorems for the Variational Inequality Problems and Split Feasibility Problems in Hilbert Spaces,Panisa Lohawech; Anchalee Kaewcharoen; Ali Farajzadeh,International Journal of Mathematics and Mathematical Sciences,10.1155/2021/9980309,,article,4,https://downloads.hindawi.com/journals/ijmms/2021/9980309.pdf,"In this paper, we establish an iterative algorithm by combining Yamada’s hybrid steepest descent method and Wang’s algorithm for finding the common solutions of variational inequality problems and split feasibility problems. The strong convergence of the sequence generated by our suggested iterative algorithm to such a common solution is proved in the setting of Hilbert spaces under some suitable assumptions imposed on the parameters. Moreover, we propose iterative algorithms for finding the common solutions of variational inequality problems and multiple‐sets split feasibility problems. Finally, we also give numerical examples for illustrating our algorithms."
W3095914024,CY15,2021,Convolutional proximal neural networks and Plug-and-Play algorithms,Johannes Hertrich; Sebastian Neumayer; Gabriele Steidl,Linear Algebra and its Applications,10.1016/j.laa.2021.09.004,2011.02281,article,3,https://arxiv.org/pdf/2011.02281,
W4205560202,CY15,2021,Dual three-operator splitting algorithms for solving composite monotone inclusion with applications to convex minimization,,Journal of Applied and Numerical Optimization,10.23952/jano.3.2021.3.08,,article,3,http://jano.biemdas.com/issues/JANO2021-3-8.pdf,"In this paper, we study a monotone inclusion problem involving the mixtures of composite and parallel-sum type monotone operators with one of them being a cocoercive operator.Since the resolvent of the composite operator does not have a closed-form solution, the exact three-operator splitting algorithm could not be directly applied.As a result, it is meaningful to propose an effective iterative algorithm to solve this resolvent operator.Based on the primal-dual idea, we first solve the resolvent of the composite operators under suitable conditions.Furthermore, we present two iterative algorithms to solve the composite monotone inclusion problem, and prove their convergence based on the inexact three-operator splitting algorithm.As an application, a corresponding composite convex optimization problem is solved by two novel approaches.Finally, some numerical experiments are investigated on the image deblurring problems to demonstrate the efficiency of the proposed algorithms."
W4205862246,CY15,2021,Proximal Gradient Methods for Machine Learning and Imaging,Saverio Salzo; Silvia Villa,Applied and numerical harmonic analysis,10.1007/978-3-030-86664-8_4,,book-chapter,1,,
W4213022065,CY15,2021,Investigations in Hadamard spaces,Arian Bërdëllima,,10.53846/goediss-8802,,dissertation,4,https://ediss.uni-goettingen.de/bitstream/21.11130/00-1735-0000-0008-58F4-2/1/PhD%20Thesis_Arian%20Berdellima.pdf,"Diese Doktorarbeit untersucht das Zusammenspiel zwischen Geometrie und konvexer Analyse in Hadamardräumen. Motiviert durch zahlreiche Anwendungen der CAT(0)-Geometrie baut unsere Arbeit auf den Ergebnissen vieler früherer Autoren in der konvexen Analysis und der Alexandrov-Geometrie auf. Unsere Untersuchungen beantworten mehrere Fragen in der Theorie von CAT(0)-Räumen, von denen einige in der neueren Literatur als offene Probleme gestellt wurden. Zusammengefasst entwickelt sich unsere Dissertation in folgende Richtungen: 1. Schwache Topologien in Hadamard-Räumen, 2. Konvexe Hüllen kompakter Mengen, 3. Mittleres Baumproblem in phylogenetischen Baumräumen, 4. Mosco-Konvergenz in Hadamard-Räumen, 5. Fest nichtexpansive Operatoren und ihre Anwendungen in Hadamard-Räumen."
W3188077458,CY15,2021,On $\alpha$-Firmly Nonexpansive Operators in $r$-Uniformly Convex Spaces,"B\""erd\""ellima, Arian; Gabriele Steidl",arXiv (Cornell University),10.1007/s00025-021-01481-8,2104.05304,preprint,3,https://arxiv.org/pdf/2104.05304,"We introduce the class of $\alpha$-firmly nonexpansive and quasi $\alpha$-firmly nonexpansive operators on $r$-uniformly convex Banach spaces. This extends the existing notion from Hilbert spaces, where $\alpha$-firmly nonexpansive operators coincide with so-called $\alpha$-averaged operators. For our more general setting, we show that $\alpha$-averaged operators form a subset of $\alpha$-firmly nonexpansive operators. We develop some basic calculus rules for (quasi) $\alpha$-firmly nonexpansive operators. In particular, we show that their compositions and convex combinations are again (quasi) $\alpha$-firmly nonexpansive. Moreover, we will see that quasi $\alpha$-firmly nonexpansive operators enjoy the asymptotic regularity property. Then, based on Browder's demiclosedness principle, we prove for $r$-uniformly convex Banach spaces that the weak cluster points of the iterates $x_{n+1}:=Tx_{n}$ belong to the fixed point set $\text{Fix} T$ whenever the operator $T$ is nonexpansive and quasi $\alpha$-firmly. If additionally the space has a Fr\'echet differentiable norm or satisfies Opial's property then these iterates converge weakly to some element in $\text{Fix} T$. Further, the projections $P_{\text{Fix} T}x_n$ converge strongly to this weak limit point. Finally, we give three illustrative examples, where our theory can be applied, namely from infinite dimensional neural networks, semigroup theory, and contractive projections in $L_p$, $p \in (1,\infty) \backslash \{2\}$ spaces on probability measure spaces."
W3157647781,CY15,2021,A string averaging method based on strictly quasi-nonexpansive operators with generalized relaxation,Touraj Nikazad; Mahdi Mirzapour,arXiv (Cornell University),10.48550/arxiv.2104.14832,2104.14832,preprint,1,https://arxiv.org/pdf/2104.14832,"We study a fixed point iterative method based on generalized relaxation of strictly quasi-nonexpansive operators. The iterative method is assembled by averaging of strings, and each string is composed of finitely many strictly quasi-nonexpansive operators. To evaluate the study, we examine a wide class of iterative methods for solving linear systems of equations (inequalities) and the subgradient projection method for solving nonlinear convex feasibility problems. The mathematical analysis is complemented by some experiments in image reconstruction from projections and classical examples, which illustrate the performance using generalized relaxation."
W3155364681,CY15,2021,On $$\alpha $$-Firmly Nonexpansive Operators in r-Uniformly Convex Spaces,Arian Bërdëllima; Gabriele Steidl,Results in Mathematics,10.1007/s00025-021-01481-8,2104.05304,article,0,https://link.springer.com/content/pdf/10.1007/s00025-021-01481-8.pdf,"Abstract We introduce the class of $$\alpha $$ α -firmly nonexpansive and quasi $$\alpha $$ α -firmly nonexpansive operators on r-uniformly convex Banach spaces. This extends the existing notion from Hilbert spaces, where $$\alpha $$ α -firmly nonexpansive operators coincide with so-called $$\alpha $$ α -averaged operators. For our more general setting, we show that $$\alpha $$ α -averaged operators form a subset of $$\alpha $$ α -firmly nonexpansive operators. We develop some basic calculus rules for (quasi) $$\alpha $$ α -firmly nonexpansive operators. In particular, we show that their compositions and convex combinations are again (quasi) $$\alpha $$ α -firmly nonexpansive. Moreover, we will see that quasi $$\alpha $$ α -firmly nonexpansive operators enjoy the asymptotic regularity property. Then, based on Browder’s demiclosedness principle, we prove for r-uniformly convex Banach spaces that the weak cluster points of the iterates $$x_{n+1}:=Tx_{n}$$ x n + 1 : = T x n belong to the fixed point set $${{\,\mathrm{Fix}\,}}T$$ Fix T whenever the operator T is nonexpansive and quasi $$\alpha $$ α -firmly. If additionally the space has a Fréchet differentiable norm or satisfies Opial’s property, then these iterates converge weakly to some element in $${{\,\mathrm{Fix}\,}}T$$ Fix T . Further, the projections $$P_{{{\,\mathrm{Fix}\,}}T}x_n$$ P Fix T x n converge strongly to this weak limit point. Finally, we give three illustrative examples, where our theory can be applied, namely from infinite dimensional neural networks, semigroup theory, and contractive projections in $$L_p$$ L p , $$p \in (1,\infty ) \backslash \{2\}$$ p ∈ ( 1 , ∞ ) \ { 2 } spaces on probability measure spaces."
W3171903116,CY15,2021,Multi-agent network games with applications in smart electric mobility,Carlo Cenedese,,10.33612/diss.166885555,,dissertation,0,https://pure.rug.nl/ws/files/166885557/Complete_thesis.pdf,When I
W4200547842,CY15,2021,WEAK AND STRONG CONVERGENCE THEOREMS OF ALGORITHMIC SCHEMES FOR THE MULTIPLE-SETS SPLIT FEASIBILITY PROBLEM,Nguyễn Bường; Nguyễn Dương Nguyễn,TNU Journal of Science and Technology,10.34238/tnu-jst.5084,,article,0,http://jst.tnu.edu.vn/jst/article/download/5084/pdf,"Trong bài báo này, để giải bài toán chấp nhận tách đa tập (MSSFP) trong không gian Hilbert, chúng tôi trình bày một cách tiếp cận tổng quát để xây dựng các phương pháp lặp. Chúng tôi đề xuất một lược đồ thuật toán xâu trung bình với sự hội tụ yếu và một lược đồ thuật toán xâu trung bình với sự hội tụ mạnh. Lược đồ thuật toán xâu trung bình với sự hội tụ mạnh được xây dựng dựa trên phương pháp lặp tổng quát cho ánh xạ không giãn, trong đó cỡ bước được tính toán trực tiếp trong mỗi bước lặp mà không cần sử dụng chuẩn của toán tử. Những lược đồ thuật toán này không chỉ bao hàm những cải tiến của phương pháp lặp vòng và lặp đồng thời đã biết như những trường hợp riêng mà còn bao hàm cả những phương pháp lặp mới"
W3186581370,HRY20,2021,Outer Approximations of Minkowski Operations on Complex Sets via Sum-of-Squares Optimization,James Guthrie; Enrique Mallada,,10.23919/acc50511.2021.9482940,,conference-paper,2,,"We study the problem of finding closed-form outer approximations of Minkowski sums and products of sets in the complex plane. Using polar coordinates, we pose this as an optimization problem in which we find a pair of contours that give lower and upper bounds on the radial distance at a given angle. Through a series of variable transformations we rewrite this as a sum-of-squares optimization problem. Numerical examples are given to demonstrate the performance."
W3167982620,OY02,2021,Variable metric backward-forward dynamical systems for monotone inclusion problems,Pankaj Gautam; D. R. Sahu; Jen‐Chih Yao,arXiv (Cornell University),10.48550/arxiv.2106.06818,2106.06818,preprint,1,https://arxiv.org/pdf/2106.06818,"This paper investigates first-order variable metric backward forward dynamical systems associated with monotone inclusion and convex minimization problems in real Hilbert space. The operators are chosen so that the backward-forward dynamical system is closely related to the forward-backward dynamical system and has the same computational complexity. We show existence, uniqueness, and weak asymptotic convergence of the generated trajectories and strong convergence if one of the operators is uniformly monotone. We also establish that an equilibrium point of the trajectory is globally exponentially stable and monotone attractor. As a particular case, we explore similar perspectives of the trajectories generated by a dynamical system related to the minimization of the sum of a nonsmooth convex and a smooth convex function. Numerical examples are given to illustrate the convergence of trajectories."
W3198312586,PAT21,2021,The Singular Angle of Nonlinear Systems,"Chao Chen; Zhao, Di; Khong, Sei Zhen",arXiv (Cornell University),10.48550/arxiv.2109.01629,2109.01629,preprint,4,https://arxiv.org/pdf/2109.01629,"In this paper, we introduce an angle notion called the singular angle for nonlinear systems from an input-output perspective. The proposed system singular angle, based on the angle between $L_2$-signals, describes an upper bound for the ''rotating effect'' from system input to output signals. It quantifies passivity and serves as a counterpart to system $L_2$-gain. It also provides an alternative to a recently defined notion of system phase which adopts complexification of real-valued signals via the Hilbert transform. A nonlinear small angle theorem is established for feedback stability analysis, which involves a comparison of the loop system angle with $π$. The theorem generalizes the classical passivity theorem via a tradeoff between the singular angles of open-loop systems."
W3191603018,CY15,2022,A Direct Proof of Convergence of Davis–Yin Splitting Algorithm Allowing Larger Stepsizes,Francisco J. Aragón Artacho; David Torregrosa-Belén,Set-Valued and Variational Analysis,10.1007/s11228-022-00631-6,,article,14,https://link.springer.com/content/pdf/10.1007/s11228-022-00631-6.pdf,"Abstract This note is devoted to the splitting algorithm proposed by Davis and Yin (Set-valued Var. Anal.25(4), 829–858, 2017) for computing a zero of the sum of three maximally monotone operators, with one of them being cocoercive. We provide a direct proof that guarantees its convergence when the stepsizes are smaller than four times the cocoercivity constant, thus doubling the size of the interval established by Davis and Yin. As a by-product, the same conclusion applies to the forward-backward splitting algorithm. Further, we use the notion of “strengthening” of a set-valued operator to derive a new splitting algorithm for computing the resolvent of the sum. Last but not least, we provide some numerical experiments illustrating the importance of appropriately choosing the stepsize and relaxation parameters of the algorithms."
W4282813188,CY15,2022,Inverting Incomplete Fourier Transforms by a Sparse Regularization Model and Applications in Seismic Wavefield Modeling,Tingting Wu; Yuesheng Xu,Journal of Scientific Computing,10.1007/s10915-022-01906-8,,article,5,,
W4312058677,CY15,2022,Theoretical and numerical comparison of first order algorithms for cocoercive equations and smooth convex optimization,Luis M. Briceño-Arias; Nelly Pustelnik,Signal Processing,10.1016/j.sigpro.2022.108900,,article,4,https://hal.science/hal-03405740v1/file/2101.06152.pdf,
W4210454038,CY15,2022,Variance reduction for root-finding problems,Damek Davis,Mathematical Programming,10.1007/s10107-021-01758-4,,article,2,,
W4291129099,CY15,2022,Cyber Restrictions: Imperfect Communication in Power Control of Microgrids,Feng Liu; Zhaojian Wang; Changhong Zhao; Peng Yang,,10.1002/9781119827962.ch7,,other,1,,"This chapter addresses the information asynchrony issue in the distributed power control of hybrid microgrids (MGs) to achieve an economic power dispatch. By introducing a virtual global clock with randomization, different kinds of asynchrony are fitted into a unified framework. For facilitating the implementation and application of distributed optimal control, the impact of imperfect communication must be taken into account in the design, which calls for asynchronous algorithms. The chapter also addresses the asynchronous distributed power control problem in hybrid AC/direct current (DC) MGs, considering different kinds of asynchrony, such as non-identical sampling rates and random time delays. The chapter proposes a real-time implementation of the algorithm by using the feedback of frequency/voltage measurements from the power system. It also suggests an operator-splitting approach to designing and analyzing distributed optimal controllers that are robust against imperfect communication."
W4207077629,CY15,2022,Об усредненных отображениях в $\operatorname{CAT}(0)$-пространствах,Arian Bërdëllima,Функциональный анализ и его приложения,10.4213/faa3859,,article,0,http://www.mathnet.ru/php/getFT.phtml?jrnid=faa&paperid=3859&what=fullt&option_lang=rus,"В статье вводится понятие усредненного отображения в расширенном классе $\operatorname{CAT}(0)$-пространств. Мы называем такое отображение $\alpha$-твердо нерастягивающим и выводим основные правила исчисления квази-$\alpha$-твердо нерастягивающих отображений с общей неподвижной точкой. Мы показываем, что итерации $x_n:=Tx_{n-1}$ нерастягивающего отображения $T$ слабо сходятся к точке пространства $\operatorname{Fix} T$, если $T$ является квази-$\alpha$-твердо нерастягивающим. При этом отображения $P_{\operatorname{Fix} T}x_n$ сильно сходятся к этому слабому пределу. Построенная теория проиллюстрирована двумя классическими примерами применения методов циклических и усредненных проекций."
W4288767452,CY15,2022,On a Notion of Averaged Mappings in $$\operatorname{CAT}(0)$$ Spaces,Arian Bërdëllima,Functional Analysis and Its Applications,10.1134/s0016266322010038,,article,0,,"We introduce a notion of averaged mappings in the broader class of $$\operatorname{CAT}(0)$$ spaces. We call these mappings $$\alpha$$ -firmly nonexpansive and develop basic calculus rules for ones that are quasi- $$\alpha$$ -firmly nonexpansive and have a common fixed point. We show that the iterates $$x_n:=Tx_{n-1}$$ of a nonexpansive mapping $$T$$ converge weakly to an element in $$\operatorname{Fix} T$$ whenever $$T$$ is quasi- $$\alpha$$ -firmly nonexpansive. Moreover, $$P_{\operatorname{Fix} T}x_n$$ converge strongly to this weak limit. Our theory is illustrated with two classical examples of cyclic and averaged projections."
W4290927768,CY15,2022,Cyber Restrictions: Imperfect Communication in Voltage Control of Active Distribution Networks,Feng Liu; Zhaojian Wang; Changhong Zhao; Peng Yang,,10.1002/9781119827962.ch8,,other,0,,"This chapter addresses more complicated circumstances in distributed optimal control with nonideal communication. It considers the distributed voltage control problem of active distribution networks (ADNs). Due to the burst of distributed energy resources (DERs), the volatile renewable generation has brought a significant challenge to not only active power regulation but also reactive power and voltage control. The chapter aims to develop an asynchronous distributed voltage control (ASDVC) based on the partial primal-dual (PPD) gradient algorithm. The PPD gradient algorithm is utilized to design the controller. The voltage control in an ADN aims to minimize the voltage mismatch by regulating active or reactive power outputs of controllable DERs. The chapter justifies the convergence of the ASDVC algorithm. It treats the ASDVC as a randomized block-coordinate fixed-point iteration problem with delayed information. The chapter proves that the algorithm converges to an optimal solution to the optimal voltage regulation problem."
W4313530910,OY02,2022,A fast inertial primal–dual algorithm to composite optimization models with application to image restoration problems,Meng Wen; Yongqiang Zhang; Haiyang Li; Yuchao Tang; Jigen Peng,Journal of Computational and Applied Mathematics,10.1016/j.cam.2022.115043,,article,4,,
W4380685503,CY15,2023,Aggregating distributed energy resources for grid flexibility services: A distributed game theoretic approach,Xiupeng Chen; Mehran Shakarami; Jacquelien M.A. Scherpen; Nima Monshizadeh,International Journal of Robust and Nonlinear Control,10.1002/rnc.6830,,article,3,https://onlinelibrary.wiley.com/doi/pdfdirect/10.1002/rnc.6830,"We propose a hierarchical energy management scheme for aggregating Distributed Energy Resources (DERs) for grid flexibility services. To prevent a direct participation of numerous prosumers in the wholesale electricity market, aggregators, as self-interest agents in our scheme, incentivize prosumers to provide flexibility. We firstly model the economic behavior of aggregators and prosumers as a noncooperative aggregative game. Then a fully distributed algorithm in discrete time is proposed to find the corresponding Nash Equilibrium (NE). In this algorithm, each aggregator only needs to exchange its estimate of the aggregated flexibility and an auxiliary variable with its neighbors. Convergence of the algorithm is proven using operator theoretic techniques. Finally, the efficiency of the proposed scheme is demonstrated by a numerical case study."
W4388865538,HRY20,2023,Fast Krasnosel’skiĭ–Mann Algorithm with a Convergence Rate of the Fixed Point Iteration of \(\boldsymbol{{ o} \left(\frac{1}{{ k}} \right)}\),Radu Ioan Boţ; Dang‐Khoa Nguyen,SIAM Journal on Numerical Analysis,10.1137/22m1504305,,article,16,,"Abstract. The Krasnosel’skiĭ–Mann (KM) algorithm is the most fundamental iterative scheme designed to find a fixed point of an averaged operator in the framework of a real Hilbert space, since it lies at the heart of various numerical algorithms for solving monotone inclusions and convex optimization problems. We enhance the Krasnosel’skiĭ–Mann algorithm with Nesterov’s momentum updates and show that the resulting numerical method exhibits a convergence rate for the fixed point residual of [Formula: see text] while preserving the weak convergence of the iterates to a fixed point of the operator. Numerical experiments illustrate the superiority of the resulting so-called Fast KM algorithm over various fixed point iterative schemes, and also its oscillatory behavior, which is a specific of Nesterov’s momentum optimization algorithms."
W4375860094,OY02,2023,"Proximal Splitting Algorithms for Convex Optimization: A Tour of Recent Advances, with New Twists",Laurent Condat; Daichi Kitahara; Andrés Contreras; Akira Hirabayashi,SIAM Review,10.1137/20m1379344,,article,82,,"Convex nonsmooth optimization problems, whose solutions live in very high dimensional spaces, have become ubiquitous. To solve them, the class of first-order algorithms known as proximal splitting algorithms is particularly adequate: they consist of simple operations, handling the terms in the objective function separately. In this overview, we demystify a selection of recent proximal splitting algorithms: we present them within a unified framework, which consists in applying splitting methods for monotone inclusions in primal-dual product spaces, with well-chosen metrics. Along the way, we easily derive new variants of the algorithms and revisit existing convergence results, extending the parameter ranges in several cases. In particular, we emphasize that when the smooth term in the objective function is quadratic, e.g., for least-squares problems, convergence is guaranteed with larger values of the relaxation parameter than previously known. Such larger values are usually beneficial for the convergence speed in practice."
W4380875287,OY02,2023,Strong Convergence for the Alternating Halpern–Mann Iteration in CAT(0) Spaces,Bruno Dinis; Pedro Pinto,SIAM Journal on Optimization,10.1137/22m1511199,,article,15,,"Abstract. In this paper we consider, in the general context of CAT(0) spaces, an iterative schema which alternates between Halpern and Krasnoselskii–Mann style iterations. We prove, under suitable conditions, the strong convergence of this algorithm, benefiting from ideas from the proof mining program. We give quantitative information in the form of effective rates of asymptotic regularity and of metastability (in the sense of Tao). Motivated by these results, we are also able to obtain strongly convergent versions of the forward-backward and the Douglas–Rachford algorithms. Our results generalize recent work by Boţ, Csetnek, and Meier and Cheval and Leuştean."
W4386374185,OY02,2023,"Strict pseudocontractions and demicontractions, their properties, and applications",Andrzej Cegielski,Numerical Algorithms,10.1007/s11075-023-01623-9,,article,5,https://link.springer.com/content/pdf/10.1007/s11075-023-01623-9.pdf,"Abstract We give properties of strict pseudocontractions and demicontractions defined on a Hilbert space, which constitute wide classes of operators that arise in iterative methods for solving fixed point problems. In particular, we give necessary and sufficient conditions under which a convex combination and composition of strict pseudocontractions as well as demicontractions that share a common fixed point is again a strict pseudocontraction or a demicontraction, respectively. Moreover, we introduce a generalized relaxation of composition of demicontraction and give its properties. We“ apply these properties to prove the weak convergence of a class of algorithms that is wider than the Douglas–Rachford algorithm and projected Landweber algorithms. We have also presented two numerical examples, where we compare the behavior of the presented methods with the Douglas–Rachford method."
W4388008257,OY02,2023,How Averaged is the Composition of Two Linear Projections?,Heinz H. Bauschke; Theo Bendit; Walaa M. Moursi,Numerical Functional Analysis and Optimization,10.1080/01630563.2023.2270308,,article,2,,"Projection operators are fundamental algorithmic operators in Analysis and Optimization. It is well known that these operators are firmly nonexpansive; however, their composition is generally only averaged and no longer firmly nonexpansive. In this note, we introduce the modulus of averagedness and provide an exact result for the composition of two linear projection operators. As a consequence, we deduce that the Ogura–Yamada bound for the modulus of the composition is sharp."
W4403453300,CY15,2024,Fast Convex Optimization via Time Scale and Averaging of the Steepest Descent,Hédy Attouch; Radu Ioan Boţ; Dang‐Khoa Nguyen,Mathematics of Operations Research,10.1287/moor.2023.0186,,article,9,,"In a Hilbert setting, we develop a gradient-based dynamic approach for fast solving convex optimization problems. By applying time scaling, averaging, and perturbation techniques to the continuous steepest descent (SD), we obtain high-resolution ordinary differential equations of the Nesterov and Ravine methods. These dynamics involve asymptotically vanishing viscous damping and Hessian-driven damping (either in explicit or implicit form). Mathematical analysis does not require developing a Lyapunov analysis for inertial systems. We simply exploit classical convergence results for SD and its external perturbation version, then use tools of differential and integral calculus, including Jensen’s inequality. The method is flexible, and by way of illustration, we show how it applies starting from other important dynamics in optimization. We consider the case in which the initial dynamic is the regularized Newton method, then the case in which the starting dynamic is the differential inclusion associated with a convex lower semicontinuous potential, and finally we show that the technique can be naturally extended to the case of a monotone cocoercive operator. Our approach leads to parallel algorithmic results, which we study in the case of fast gradient and proximal algorithms. Our averaging technique shows new links between the Nesterov and Ravine methods. Funding: The research of R.I. Boţ and D.-K. Nguyen was supported by the Austrian Science Fund (FWF), projects W 1260 and P 34922-N."
W4393619444,CY15,2024,A multi-step inertial asynchronous sequential algorithm for common fixed point problems,,Journal of Nonlinear and Variational Analysis,10.23952/jnva.8.2024.3.08,,article,2,http://jnva.biemdas.com/issues/JNVA2024-3-8.pdf,"In this paper, we introduce a multi-step inertial asynchronous sequential (MIAS) algorithm for common fixed point problems of nonexpansive operators and establish the weak convergence of the proposed algorithm.The unconditional convergence of a one-step inertial algorithm is also obtained.The application to linear systems is presented by combining Kaczmarz method.Finally, a numerical example for CT problems illustrates the efficiency of our algorithm."
W4391685089,CY15,2024,Various Notions of Nonexpansiveness Coincide for Proximal Mappings of Functions,Honglin Luo; Xianfu Wang; Xinmin Yang,SIAM Journal on Optimization,10.1137/23m1597009,,article,0,,"Abstract. Proximal mappings are essential in splitting algorithms for both convex and nonconvex optimization. In this paper, we show that proximal mappings of every prox-bounded function are nonexpansive if and only if they are firmly nonexpansive if and only if they are averaged if and only if the function is convex. Lipschitz proximal mappings of prox-bounded functions are also characterized via hypoconvex or strongly convex functions. Our results generalize a recent result due to Rockafellar."
W4397011663,RHY22,2024,PEMAHAMAN KONSEP GEOMETRI DASAR MAHASISWA PENDIDIKAN MATEMATIKA,Muhammad Hamdani; Sry Rita Puspitasari; Putri Sasalia S,Anterior Jurnal,10.33084/anterior.v23i2.5954,,article,0,http://dx.doi.org/10.33084/anterior.v23i2.5954,"Pemahaman konsep ialah salah satu kecakapan matematis yang harus dikuasai dalam pembelajaran matematika. Pembelajaran matematika yang memuat banyak konsep salah satunya yaitu mata kuliah geometri. Berdasarkan kurikulum pada mata kuliah Geometri tingkat universitas membahas mengenai sistem aksioma euclid dan bidang geometri euclid dan non euclid. Berdasarkan hasil observasi awal, diperoleh bahwa kemampuan dasar geometri mahasiswa tergolong rendah. Hal ini dapat dilihat dari pemahaman siswa dalam mengetahui materi dasar sistem aksioma euclid dan non euclid. Berdasarkan latar belakang tersebut masalah yang akan diambil adalah untuk melihat pemahaman konsep geometri dasar mahasiswa Pendidikan matematika. Metode penelitian yang digunakan adalah metode kuantitatif deskriptif. Penelitian dilakukan terhadap 142 mahasiswa aktif prodi Pendidikan matematika yang sedang dan telah mengampu mata kuliah geometri dasar. Hasil yang diperoleh yaitu sebanyak memperoleh kategori sedang sebanyak 62%, terdiri paling banyak dari Angkatan 2021/2022 sebanyak 38 mahasiswa. Mahasiswa yang memperoleh tingkat tinggi sebanyak 20% dan tingkat rendah sebanyak 18%. Berdasarkan hasil tersebut dapat disimpulkan bahwa mahasiswa program studi Pendidikan matematika masih harus meningkatkan kemampuan geometri dasar."
W4412176924,CY15,2025,GENEOs with Respect to the Projective Hilbert Metric,Raúl Felipe,Journal of Geometric Analysis,10.1007/s12220-025-02102-4,,article,1,,
W4406092865,CY15,2025,A Novel Algorithm and Its Convergence Analysis for Solving the Generalized Split Inverse Problem,Mohammad Eslamian,Mathematical Methods in the Applied Sciences,10.1002/mma.10639,,article,0,,"ABSTRACT In this paper, we consider a bilevel problem: Variational inequalities over the solution set of a general split inverse problem consists of a monotone variational inclusion problem. We propose a relaxed inertial forward‐backward‐forward splitting algorithm with a new step size rule for finding an approximate solution of this problem in real Hilbert spaces. Under some mild conditions, we prove a strong convergence theorem for the algorithm produced by the method. Also, we apply our result to study certain classes of bilevel optimization problems, and split inverse problems. Finally, we present some numerical experiments and application in signal recovery problem to demonstrate the efficiency of the proposed algorithm."
W4412946697,OY02,2025,A continuous-time inertial Newton method for structured monotone inclusions,Samir Adly,Evolution equations and control theory,10.3934/eect.2025054,,article,1,https://www.aimsciences.org/data/article/export-pdf?id=68907b2e4b9e1a081b3f99b8,"In a real Hilbert space $ {{\rm{H}}} $, we investigate the convergence properties of a second-order inertial dynamic with Newton-type correction, designed to solve structured monotone inclusions of the form $ Ax + Bx \ni 0 $, where $ A : {{\rm{H}}} \rightrightarrows {{\rm{H}}} $ is maximally monotone and $ B : {{\rm{H}}} \to {{\rm{H}}} $ is cocoercive. The system combines viscous damping, inertial effects, and a correction term based on the time derivative of a regularized forward-backward operator. Under suitable assumptions, we establish well-posedness and prove weak convergence of the trajectories. Strong convergence is obtained under additional monotonicity conditions. The analysis relies on a Lyapunov functional tailored to the structure of the dynamics and opens the way for further investigations on discretization schemes and numerical algorithms. To illustrate the theoretical findings, we provide numerical simulations that highlight the impact of the Newton-type correction term on convergence behavior. The experiments explore different damping regimes and show how the proposed dynamic effectively balances stability and acceleration in structured monotone inclusion problems."
W4416571873,OY02,2025,Distributed Algorithm for Constrained Optimization with Asynchrony and Delays,Huaqing Li; Qingguo Lü; Dawen Xia; Xin Wang; Zheng Wang; Lifeng Zheng,Computational intelligence methods and applications,10.1007/978-981-95-0911-9_7,,book-chapter,0,,
W4407114761,RHY22,2025,Convergence of the preconditioned proximal point method and Douglas–Rachford splitting in the absence of monotonicity,Brecht Evens; Pieter Pas; Puya Latafat; Panagiotis Patrinos,Mathematical Programming,10.1007/s10107-024-02182-0,,article,7,https://lirias.kuleuven.be/retrieve/907fd395-7988-4835-bf52-e7411f90d0d9,
W4415179431,RHY22,2025,Scaled Relative Graph Analysis of Lur’e Systems and the Generalized Circle Criterion,Julius P. J. Krebbekx; Roland Tóth; Amritam Das,,10.23919/ecc65951.2025.11187068,,conference-paper,3,,"Scaled Relative Graphs (SRGs) provide a novel graphical frequency-domain method for the analysis of nonlinear systems. However, we show that the current SRG analysis suffers from a pitfall that limit its applicability in analyzing practical nonlinear systems. We overcome this pitfall by modifying the SRG of a linear time invariant operator, combining the SRG with the Nyquist criterion, and apply our result to Lur’e systems. We thereby obtain a generalization of the celebrated circle criterion, which deals with a broader class of nonlinearities, and provides (incremental) L2-gain performance bounds."
W4412983996,RHY22,2025,Scaled relative graphs for nonmonotone operators with applications in circuit theory,Jan Quan; Brecht Evens; Rodolphe Sepulchre; Panagiotis Patrinos,European Journal of Control,10.1016/j.ejcon.2025.101335,,article,2,https://lirias.kuleuven.be/retrieve/b341eb2b-7375-403b-bddf-57f485e27e59,
W4415180519,RHY22,2025,Mixed Small Gain and Phase Theorem: A new view using Scale Relative Graphs,Eder Baron-Prada; Adolfo Anta; Alberto Padoan; Florian Dörfler,,10.23919/ecc65951.2025.11187196,,conference-paper,2,,"We introduce a novel approach to feedback stability analysis for linear time-invariant (LTI) systems, overcoming the limitations of the sectoriality assumption in the small phase theorem. While phase analysis for single-input single-output (SISO) systems is well-established, multi-input multi-output (MIMO) systems lack a comprehensive phase analysis until recent advances introduced with the small-phase theorem.A limitation of the small-phase theorem is the sectorial condition, which states that an operator’s eigenvalues must lie within a specified angle sector of the complex plane. We propose a framework based on Scaled Relative Graphs (SRGs) to remove this assumption. We derive two main results: a graphical set-based stability condition using SRGs and a small-phase theorem with no sectorial assumption. These results broaden the scope of phase analysis and feedback stability for MIMO systems."
W7105601425,RHY22,2025,A Homotopy Theorem for Incremental Stability,Thomas Chaffey; Andrey Kharitenko; Fulvio Forni; Rodolphe Sepulchre,IEEE Transactions on Automatic Control,10.1109/tac.2025.3632433,,article,2,,"A theorem is proved to verify incremental stability of a feedback system via a homotopy from a known incrementally stable system, making no assumptions on existence of an extended space, well-posedness or causality. A first corollary of that result is that incremental stability may be verified by separation of Scaled Relative Graphs, correcting two assumptions in [1, Theorem 2]. Necessity of this correction is demonstrated by example. A second corollary provides an incremental version of the classical IQC stability theorem. Finally it is shown how to relax assumptions of incremental boundeness on the operators."
W4407144813,RHY22,2025,Short Communication: FISTA Iterates Converge Linearly for Denoiser-Driven Regularization,Arghya Sinha; Kunal N. Chaudhury,SIAM Journal on Imaging Sciences,10.1137/24m1656530,,article,1,,"Abstract. The effectiveness of denoising-driven regularization for image reconstruction has been widely recognized. Two prominent algorithms in this area are Plug-and-Play (PnP) and Regularization-by-Denoising (RED). We consider two specific algorithms, PnP-FISTA and RED-APG, where regularization is performed by replacing the proximal operator in the FISTA algorithm with a powerful denoiser. The iterate convergence of FISTA is known to be challenging with no universal guarantees. Yet, we show that for linear inverse problems and a class of linear denoisers, global linear convergence of the iterates of PnP-FISTA and RED-APG can be established through simple spectral analysis."
W7123342971,RHY22,2025,Nonlinear Bandwidth and Bode Diagrams based on Scaled Relative Graphs,Julius P. J. Krebbekx; Roland Tóth; Amritam Das,,10.1109/cdc57313.2025.11312491,,conference-paper,0,,"Scaled Relative Graphs (SRGs) provide a novel graphical frequency-domain method for the analysis of Nonlinear (NL) systems. In this paper, we restrict the SRG to particular input spaces to compute frequency-dependent incremental gain bounds for nonlinear systems. This leads to a NL generalization of the Bode diagram, where the sinusoidal, harmonic, and subharmonic inputs are considered separately. When applied to the analysis of the NL loop transfer and sensitivity, we define a notion of bandwidth for both the open-loop and closed-loop, compatible with the Linear Time-Invariant (LTI) definitions. We illustrate the power of our method on the analysis of a DC motor with a parasitic nonlinearity and verify our results in simulations."
W7147234559,CY15,2026,Random Nonlinear Fusion Frames from Averaged Operator Iterations,James Tian,Results in Mathematics,10.1007/s00025-026-02635-2,,article,0,,
W7170190001,CY15,2026,A preconditioned proximal gradient algorithm for PET image reconstruction with approximately sparse regularization,Yongxin He; Yizun Lin; Manchun Tan; Qi Ye; Yidan Zhang,Journal of Computational and Applied Mathematics,10.1016/j.cam.2026.117991,,article,0,,
W7128789518,OY02,2026,Asymptotic Behavior of Penalty Dynamics for Constrained Variational Inequalities,Juan Peypouquet; Siqi Qu; Mathias Staudigl,Applied Mathematics & Optimization,10.1007/s00245-026-10391-6,,article,0,https://link.springer.com/content/pdf/10.1007/s00245-026-10391-6.pdf,"Abstract We propose a comprehensive framework for solving constrained variational inequalities via various classes of evolution equations displaying multi-scale aspects. In an infinite-dimensional Hilbertian framework, the class of dynamical systems we propose combine Tikhonov regularization and exterior penalization terms in order to induce strong convergence of trajectories to least norm solutions in the constrained domain. Our construction thus unifies the literature on regularization methods and penalty-based dynamical systems. An extension to a full splitting formulation of the constrained domain is also provided, with associated weak convergence results involving the Attouch-Czarnecki condition."
W7137810766,RHY22,2026,Stability Analysis of Power-Electronics-Dominated Grids Using Scaled Relative Graphs,Eder Baron-Prada; Adolfo Anta; Florian Dörfler,IEEE Transactions on Power Systems,10.1109/tpwrs.2026.3674752,,article,1,,"This paper presents a novel approach to stability analysis for grid-connected converters utilizing Scaled Relative Graphs (SRG). Our method effectively decouples grid and converter dynamics, thereby establishing a comprehensive and efficient framework for evaluating closed-loop stability. Our analysis accommodates both linear and non-linear loads, enhancing its practical applicability. Furthermore, we demonstrate that our stability assessment remains unaffected by angular variations resulting from dq-frame transformations, significantly increasing the method's robustness and versatility. The effectiveness of our approach is validated in several simulation case studies, which illustrate its broad applicability in modern power systems."
W7130704954,RHY22,2026,Decomposition of Scaled Relative Graphs: A Mixed Systems Approach,Sebastiaan van den Eijnden,IEEE Control Systems Letters,10.1109/lcsys.2026.3666550,,article,0,,"Scaled relative graphs provide a promising framework for graphical nonlinear system analysis, extending the classical Nyquist diagram for linear time-invariant systems. Unlike the Nyquist diagram, however, scaled relative graphs do not preserve information linking specific input regimes to corresponding output behaviours, which can lead to conservatism in feedback analysis. In this paper, we present a refined scaled relative graph frame-work that explicitly accounts for input-specific system behaviours. Drawing inspiration from mixed systems that exhibit different input–output properties under different input regimes, the proposed framework defines scaled relative graphs for subsets of inputs and outputs sharing specific features. We establish a feedback stability result based on the topological separation of input- and output-specific scaled relative graphs, and provide a systematicmethod for their construction using integral quadratic constraints."
W7170392806,RHY22,2026,Scaled relative graphs for pairs of operators beyond classical monotonicity,Jan Quan; Alexander Bodard; Konstantinos A. Oikonomidis; Panagiotis Patrinos,European Journal of Control,10.1016/j.ejcon.2026.101576,,article,0,,
