key,title,year,origins,cy_score,read_level,threat,flag_L2,l3_file,judgment,reason
10.1080/01630563.2023.2270308,How Averaged is the Composition of Two Linear Projections?,2023,fwd:OY02,4,title+abstract,2,True,L3_CY_bauschke2023.md,override,exact averagedness modulus of P_V P_U via Friedrichs angle; OY bound optimal; m=2
10.1016/j.jmaa.2020.124211,Tight coefficients of averaged operators via scaled relative graph,2020,fwd:CY15;fwd:OY02;kw:openalex:CY1;kw:openalex:CY2;kw:openalex:CY3,4,title+abstract,2,True,L3_CY_huang2020.md,override,arXiv record of HRY20
10.1007/s11075-017-0310-4,Convergence properties of dynamic string-averaging projection methods in the presence of perturbations,2017,fwd:CY15,3,title+abstract,1,False,,override,products of infinitely many operators; rates
10.1023/a:1014737602641,Exact Minkowski Products of N Complex Disks,2002,kw:openalex:CY3,3,title+abstract,2,False,,override,"round-1/HET L3 exists (L3_farouki2002, L3_HET_huang2020); heuristic N-disk boundary"
10.1186/s13663-021-00706-3,Feasibility-based fixed point networks,2021,kw:openalex:CY1,3,title+abstract,1,False,,rule,keyword rule on title (broad field)
10.1007/s00025-021-01481-8,On $\alpha$-Firmly Nonexpansive Operators in $r$-Uniformly Convex Spaces,2021,fwd:CY15,3,title+abstract,1,False,,override,duplicate record
10.48550/arxiv.2010.05726,On a notion of averaged operators in CAT(0) spaces,2020,fwd:CY15,3,title+abstract,1,False,,override,CAT(0)
10.1186/s13663-021-00709-0,On compositions of special cases of Lipschitz continuous operators,2021,fwd:CY15;fwd:OY02;kw:openalex:CY1;kw:openalex:CY4,3,title+abstract,2,True,L3_CY_giselsson2021.md,override,Thm 4.7 m-fold conic composition constant (CY form); tightness only m=2 examples
10.2140/apde.2013.6.893,Restriction and spectral multiplier theorems on asymptotically conic manifolds,2013,kw:openalex:CY1,3,title+abstract,0,False,,rule,keyword rule on title (off-topic)
10.13001/1081-3810.3910,The determinant of a complex matrix and Gershgorin circles,2019,kw:openalex:CY3,3,title+abstract,1,True,L3_CY_bunger2019.md,override,n-fold products of disks centred at 1; membership
10.1118/1.4790468,Tight‐frame based iterative image reconstruction for spectral breast CT,2013,kw:openalex:CY1,3,title+abstract,0,False,,rule,keyword rule on title (off-topic)
10.48550/arxiv.2104.11302,$α$-Firmly Nonexpansive Operators on Metric Spaces,2021,kw:openalex:CY1,2,title+abstract,1,False,,override,metric-space generalization
10.1103/physrevd.89.126008,1/N correction in the D3-brane description of a circular Wilson loop at strong coupling,2014,kw:openalex:CY3,2,title+abstract,0,False,,rule,keyword rule on title (off-topic)
oa:W2964103805,4 ITERATION-COMPLEXITY OF A GENERALIZED FORWARD BACKWARD SPLITTING ALGORITHM,2014,fwd:OY02,2,title+abstract,1,False,,rule,keyword rule on title (broad field)
10.1287/moor.24.3.544,A Sharp Upper Bound for the Expected Number of Shadow Vertices in LP-Polyhedra Under Orthogonal Projection on Two-Dimensional Planes,1999,kw:openalex:CY4,2,title+abstract,0,False,,rule,keyword rule on title (off-topic)
10.1007/jhep09%282019%29020,A general proof of the quantum null energy condition,2022,kw:openalex:CY3,2,title+abstract,0,False,,rule,keyword rule on title (off-topic)
10.48550/arxiv.1604.04845,A stochastic coordinate descent inertial primal-dual algorithm for large-scale composite optimization,2016,fwd:OY02,2,title+abstract,0,False,,rule,keyword rule on title (off-topic)
10.48550/arxiv.1604.04172,A stochastic coordinate descent primal-dual algorithm with dynamic stepsize for large-scale composite optimization,2016,fwd:OY02,2,title+abstract,0,False,,rule,keyword rule on title (off-topic)
10.48550/arxiv.2104.14832,A string averaging method based on strictly quasi-nonexpansive operators with generalized relaxation,2021,fwd:CY15,2,title+abstract,1,False,,rule,keyword rule on title (broad field)
10.5802/aif.3019,Approximation numbers of composition operators on H p spaces of Dirichlet series,2016,kw:openalex:CY4,2,title+abstract,0,False,,rule,keyword rule on title (off-topic)
10.1016/j.physletb.2016.05.066,Bethe–Salpeter bound-state structure in Minkowski space,2016,kw:openalex:CY2,2,title+abstract,0,False,,rule,keyword rule on title (off-topic)
10.1016/j.jmaa.2014.11.044,Compositions and convex combinations of averaged nonexpansive operators,2014,fwd:OY02;kw:openalex:CY1;kw:openalex:CY4,2,title+abstract,3,True,L3_CY_combettes2015.md,override,arXiv record of CY15
10.1137/23m1621320,Convergence Analyses of Davis–Yin Splitting via Scaled Relative Graphs,2025,fwd:HRY20;fwd:OY02;fwd:RHY22;kw:openalex:CY1,2,title+abstract,2,True,L3_CY_lee2025.md,override,"max modulus of DYS polynomial over SRG sets; three operators, not a composition family"
10.1137/140992291,Convergence Rate Analysis of the Forward-Douglas-Rachford Splitting Scheme,2015,fwd:CY15,2,title+abstract,1,False,,rule,keyword rule on title (broad field)
10.4153/cmb-2009-046-2,Covering Discs in Minkowski Planes,2009,kw:openalex:CY3,2,title+abstract,0,False,,rule,keyword rule on title (off-topic)
10.1088/0067-0049/182/2/477,DUST PROCESSING AND GRAIN GROWTH IN PROTOPLANETARY DISKS IN THE TAURUS-AURIGA STAR-FORMING REGION,2009,kw:openalex:CY3,2,title+abstract,0,False,,rule,keyword rule on title (off-topic)
10.1109/lcsys.2026.3666550,Decomposition of Scaled Relative Graphs: A Mixed Systems Approach,2026,fwd:RHY22,2,title+abstract,1,False,,override,input-specific SRGs
10.3390/fractalfract7110806,Design and Performance Evaluation of a Second-Order Iterated Circular Minkowski Fractal Antenna for Ultra-Wideband Applications,2023,kw:openalex:CY3,2,title+abstract,0,False,,rule,keyword rule on title (off-topic)
oa:https://openalex.org/W7155246646,Generalized Composed Alternating Relaxed Projection Algorithm for Two-Set Feasibility Problem,2026,kw:openalex:CY4,2,title+abstract,1,False,,override,two-set; principal angles; spectral characterization
10.48550/arxiv.1902.09827,Generalized monotone operators and their averaged resolvents,2019,kw:openalex:CY1,2,title+abstract,1,False,,override,conic nonexpansiveness; resolvents
10.1016/j.matdes.2022.110430,Harnessing elastic anisotropy to achieve low-modulus refractory high-entropy alloys for biomedical applications,2022,kw:openalex:CY3,2,title+abstract,0,False,,rule,keyword rule on title (off-topic)
10.4007/annals.2004.159.1027,Holomorphic disks and topological invariants for closed three-manifolds,2004,kw:openalex:CY3,2,title+abstract,0,False,,rule,keyword rule on title (off-topic)
10.1081/nfa-200045815,Hybrid Steepest Descent Method for Variational Inequality Problem over the Fixed Point Set of Certain Quasi-nonexpansive Mappings,2005,fwd:OY02,2,title+abstract,1,False,,rule,keyword rule on title (broad field)
10.1088/0004-637x/782/2/76,IMPROVED REFLECTION MODELS OF BLACK HOLE ACCRETION DISKS: TREATING THE ANGULAR DISTRIBUTION OF X-RAYS,2014,kw:openalex:CY3,2,title+abstract,0,False,,rule,keyword rule on title (off-topic)
10.1080/10556788.2018.1457151,Inducing strong convergence into the asymptotic behaviour of proximal splitting algorithms in Hilbert spaces,2018,fwd:CY15;fwd:OY02,2,title+abstract,1,False,,rule,keyword rule on title (broad field)
10.48550/arxiv.1310.6636,Iteration-Complexity of a Generalized Forward Backward Splitting Algorithm,2013,fwd:OY02,2,title+abstract,1,False,,rule,keyword rule on title (broad field)
10.24840/2184-4933_2018-0034_0006,LACE CURVES,2018,kw:openalex:CY3,2,title+abstract,0,False,,rule,keyword rule on title (off-topic)
10.23919/acc.2017.7963671,Line search for generalized alternating projections,2017,fwd:CY15,2,title+abstract,1,False,,override,duplicate
10.48550/arxiv.1402.5460,Linear and strong convergence of algorithms involving averaged\n nonexpansive operators,2014,kw:openalex:CY4,2,title+abstract,1,False,,override,regularity; cyclic iterations
10.1093/imaiai/iau005,Living on the edge: phase transitions in convex programs with random data,2014,kw:openalex:CY4,2,title+abstract,0,False,,rule,keyword rule on title (off-topic)
10.1080/01630563.2012.716807,Methods for Variational Inequality Problem Over the Intersection of Fixed Point Sets of Quasi-Nonexpansive Operators,2013,fwd:OY02,2,title+abstract,1,False,,rule,keyword rule on title (broad field)
oa:https://openalex.org/W2544219937,Neutrinos in mergers of neutron stars with black holes,2015,kw:openalex:CY3,2,title+abstract,0,False,,rule,keyword rule on title (off-topic)
10.1179/136217104225017099,Nickel based superalloy welding practices for industrial gas turbine applications,2004,kw:openalex:CY4,2,title+abstract,0,False,,rule,keyword rule on title (off-topic)
10.1081/nfa-120020250,Nonstrictly Convex Minimization over the Bounded Fixed Point Set of a Nonexpansive Mapping,2003,fwd:OY02,2,title+abstract,1,False,,rule,keyword rule on title (broad field)
10.1086/303604,Numerical {3 + 1} General Relativistic Hydrodynamics: A Local Characteristic Approach,1997,kw:openalex:CY3,2,title+abstract,0,False,,rule,keyword rule on title (off-topic)
10.1134/s0016266322010038,On a Notion of Averaged Mappings in $$\operatorname{CAT}(0)$$ Spaces,2022,fwd:CY15,2,title+abstract,1,False,,override,CAT(0)
10.1109/lcsys.2019.2914085,On the Convergence of the Inexact Running Krasnosel’skiĭ–Mann Method,2019,fwd:CY15,2,title+abstract,1,False,,rule,keyword rule on title (broad field)
10.1007/s10208-020-09449-w,On the Minimal Displacement Vector of Compositions and Convex Combinations of Nonexpansive Mappings,2020,fwd:CY15,2,title+abstract,1,False,,override,"displacement vectors, not constants"
10.23919/acc50511.2021.9482940,Outer Approximations of Minkowski Operations on Complex Sets via Sum-of-Squares Optimization,2021,fwd:HRY20,2,title+abstract,2,True,L3_CY_guthrie2021.md,override,"Minkowski products of complex sets, outer approximations (abstract only; PDF behind bot check)"
10.1021/acs.accounts.8b00672,Projection-Based Wavefunction-in-DFT Embedding,2019,kw:openalex:CY4,2,title+abstract,0,False,,rule,keyword rule on title (off-topic)
10.1137/17m112806x,Quasi-Nonexpansive Iterations on the Affine Hull of Orbits: From Mann's Mean Value Algorithm to Inertial Methods,2017,fwd:CY15,2,title+abstract,1,False,,rule,keyword rule on title (broad field)
10.1371/journal.pone.0015046,Resistant Starches Types 2 and 4 Have Differential Effects on the Composition of the Fecal Microbiota in Human Subjects,2010,kw:openalex:CY2,2,title+abstract,0,False,,rule,keyword rule on title (off-topic)
10.5802/aif.2471,Resolvent at low energy and Riesz transform for Schrödinger operators on asymptotically conic manifolds. II,2009,kw:openalex:CY1,2,title+abstract,1,False,,rule,keyword rule on title (broad field)
10.48550/arxiv.2402.05071,Revisiting Inexact Fixed-Point Iterations for Min-Max Problems: Stochasticity and Structured Nonconvexity,2024,kw:openalex:CY4,2,title+abstract,1,False,,rule,keyword rule on title (broad field)
10.1088/0004-637x/701/1/260,STRUCTURE AND EVOLUTION OF PRE-MAIN-SEQUENCE CIRCUMSTELLAR DISKS,2009,kw:openalex:CY3,2,title+abstract,0,False,,rule,keyword rule on title (off-topic)
10.23919/ecc65951.2025.11187068,Scaled Relative Graph Analysis of Lur’e Systems and the Generalized Circle Criterion,2025,fwd:RHY22,2,title+abstract,1,False,,override,SRG + Nyquist; Lur'e
10.1007/s10107-021-01639-w,Scaled relative graphs: nonexpansive operators via 2D Euclidean geometry,2021,fwd:CY15;fwd:HRY20;fwd:OY02,2,title+abstract,2,False,,override,anchor; round-1 L3_ryu2022 (Thm 7 product; two-factor tightness)
10.48550/arxiv.math/0408273,Sharp Strichartz estimates on non-trapping asymptotically conic manifolds,2004,kw:openalex:CY1,2,title+abstract,0,False,,rule,keyword rule on title (off-topic)
10.3390/sym15040842,Singularity Properties of Spacelike Circular Surfaces,2023,kw:openalex:CY3,2,title+abstract,0,False,,rule,keyword rule on title (off-topic)
10.3390/sym15010173,Spacelike Circular Surfaces in Minkowski 3-Space,2023,kw:openalex:CY3,2,title+abstract,0,False,,rule,keyword rule on title (off-topic)
10.1137/090777773,Spectral Condition Numbers of Orthogonal Projections and Full Rank Linear Least Squares Residuals,2010,kw:openalex:CY4,2,title+abstract,0,False,,rule,keyword rule on title (off-topic)
10.1137/140971233,Stochastic Quasi-Fejér Block-Coordinate Fixed Point Iterations with Random Sweeping,2015,kw:openalex:CY1,2,title+abstract,1,False,,rule,keyword rule on title (broad field)
10.1007/s11665-019-03934-2,"Structure, Morphology, and Mechanical Properties of AlCrN Coatings Deposited by Cathodic Arc Evaporation",2019,kw:openalex:CY3,2,title+abstract,0,False,,rule,keyword rule on title (off-topic)
10.1109/tac.2019.2906393,SuperMann: A Superlinearly Convergent Algorithm for Finding Fixed Points of Nonexpansive Operators,2019,kw:openalex:CY1,2,title+abstract,1,False,,rule,keyword rule on title (broad field)
10.48550/arxiv.2006.02611,Tensor Factor Model Estimation by Iterative Projection,2020,kw:openalex:CY4,2,title+abstract,0,False,,rule,keyword rule on title (off-topic)
10.1080/01630560600884661,The Adaptive Projected Subgradient Method over the Fixed Point Set of Strongly Attracting Nonexpansive Mappings,2006,fwd:OY02,2,title+abstract,1,False,,rule,keyword rule on title (broad field)
10.1086/312955,The Chemical Evolution of Cool White Dwarfs and the Age of the Local Galactic Disk,1997,kw:openalex:CY3,2,title+abstract,0,False,,rule,keyword rule on title (off-topic)
10.1086/503273,"The Two Young Star Disks in the Central Parsec of the Galaxy: Properties, Dynamics, and Formation",2006,kw:openalex:CY3,2,title+abstract,0,False,,rule,keyword rule on title (off-topic)
10.1063/1.3463422,Thermally enhanced mechanical properties of arc evaporated Ti0.34Al0.66N/TiN multilayer coatings,2010,kw:openalex:CY3,2,title+abstract,0,False,,rule,keyword rule on title (off-topic)
10.1109/tac.2018.2808442,Tight Global Linear Convergence Rate Bounds for Operator Splitting Methods,2018,fwd:CY15,2,title+abstract,1,False,,override,tight rates for splitting (two-operator)
10.22331/q-2019-08-05-168,"Tight, robust, and feasible quantum speed limits for open dynamics",2019,kw:openalex:CY4,2,title+abstract,0,False,,rule,keyword rule on title (off-topic)
10.1088/1742-5468/2008/12/p12015,Utilizing Minkowski functionals for image analysis: a marching square algorithm,2008,kw:openalex:CY3,2,title+abstract,0,False,,rule,keyword rule on title (off-topic)
10.22436/jnsa.007.05.04,Visco-resolvent algorithms for monotone operators and nonexpansive mappings,2014,kw:openalex:CY1,2,title+abstract,1,False,,rule,keyword rule on title (broad field)
10.1109/tac.2025.3632433,A Homotopy Theorem for Incremental Stability,2025,fwd:RHY22,1,title,0,False,,override,incremental stability
10.1109/tmi.2019.2898271,A Krasnoselskii-Mann Algorithm With an Improved EM Preconditioner for PET Image Reconstruction,2019,fwd:CY15,1,title,1,False,,rule,keyword rule on title (broad field)
10.1086/373949,A Numerical Method for General Relativistic Magnetohydrodynamics,2003,kw:openalex:CY3,1,title,0,False,,rule,keyword rule on title (off-topic)
10.1006/jcph.1996.0166,A Projection Method for Locally Refined Grids,1996,kw:openalex:CY4,1,title+abstract,1,False,,rule,keyword rule on title (broad field)
10.48550/arxiv.2001.10658,A Sequential Constraint Method for Solving Variational Inequality over the Intersection of Fixed Point Sets,2020,fwd:CY15,1,title,1,False,,rule,keyword rule on title (broad field)
10.1007/s11228-017-0421-z,A Three-Operator Splitting Scheme and its Optimization Applications,2017,fwd:CY15;kw:openalex:CY1,1,title+abstract,1,False,,rule,keyword rule on title (broad field)
10.1587/transfun.2022eap1118,A Unified Design of Generalized Moreau Enhancement Matrix for Sparsity Aware LiGME Models,2023,fwd:CY15;fwd:OY02,1,title,0,False,,rule,keyword rule on title (off-topic)
10.1109/access.2018.2886528,A Unified Framework for Sparse Relaxed Regularized Regression: SR3,2018,kw:openalex:CY4,1,title+abstract,0,False,,rule,keyword rule on title (off-topic)
10.1016/j.actamat.2016.08.081,A critical review of high entropy alloys and related concepts,2016,kw:openalex:CY3,1,title,0,False,,rule,keyword rule on title (off-topic)
arxiv:2109.02064,"A generalized forward-backward splitting operator: nonexpansiveness, convergence rates and applications",2021,fwd:CY15;fwd:OY02,1,title,1,False,,rule,keyword rule on title (broad field)
10.1007/s41066-021-00288-w,A generalized fuzzy k-nearest neighbor regression model based on Minkowski distance,2021,kw:openalex:CY2,1,title+abstract,0,False,,rule,keyword rule on title (off-topic)
10.1186/1471-2105-7-56,A methodology for the structural and functional analysis of signaling and regulatory networks,2006,kw:openalex:CY2,1,title,0,False,,rule,keyword rule on title (off-topic)
10.1145/123078.128726,A morphological analysis of the design space of input devices,1991,kw:openalex:CY2,1,title,0,False,,rule,keyword rule on title (off-topic)
10.23952/jnva.8.2024.3.08,A multi-step inertial asynchronous sequential algorithm for common fixed point problems,2024,fwd:CY15,1,title,1,False,,rule,keyword rule on title (broad field)
oa:https://openalex.org/W2108841273,A new faster iteration process applied to constrained minimization and feasibility problems,2014,kw:openalex:CY1,1,title,1,False,,rule,keyword rule on title (broad field)
10.1109/apsipa.2015.7415442,A nonexpansive operator for computationally efficient hierarchical convex optimization,2015,fwd:OY02,1,title,1,False,,rule,keyword rule on title (broad field)
10.1088/1475-7516/2018/10/011,A novel probe of ionized bubble shape and size statistics of the epoch of reionization using the contour Minkowski Tensor,2018,kw:openalex:CY3,1,title,0,False,,rule,keyword rule on title (off-topic)
10.1007/s13238-020-00724-8,A practical guide to amplicon and metagenomic analysis of microbiome data,2020,kw:openalex:CY2,1,title,0,False,,rule,keyword rule on title (off-topic)
10.48550/arxiv.1611.05142,A randomized intertial primal-dual fixed point algorithm for monotone inclusions,2016,fwd:OY02,1,title,1,False,,rule,keyword rule on title (broad field)
10.1016/j.sysconle.2022.105198,A rolled-off passivity theorem,2022,fwd:HRY20;fwd:PAT21;fwd:RHY22,1,title+abstract,1,False,,override,feedback of two systems; SRG
10.1007/s00220-021-04276-8,A sharp version of Price's law for wave decay on asymptotically flat spacetimes,2020,kw:openalex:CY1,1,title,0,False,,rule,keyword rule on title (off-topic)
10.48550/arxiv.1911.11656,A strongly convergent Krasnosel'ski\vı-Mann-type algorithm for finding a common fixed point of a countably infinite family of nonexpansive operators in Hilbert spaces,2019,fwd:OY02,1,title,1,False,,rule,keyword rule on title (broad field)
10.1007/s11081-025-10060-7,A three-operator splitting scheme derived from three-block ADMM,2025,kw:openalex:CY1,1,title,1,False,,rule,keyword rule on title (broad field)
10.1081/nfa-200045806,Adaptive Projected Subgradient Method for Asymptotic Minimization of Sequence of Nonnegative Convex Functions,2005,fwd:OY02,1,title,0,False,,rule,keyword rule on title (off-topic)
10.1007/978-3-642-30901-4_4,Algorithmic Projection Operators,2012,fwd:OY02,1,title,0,False,,rule,keyword rule on title (off-topic)
10.1007/jhep07(2022)030,An efficient Lorentz equivariant graph neural network for jet tagging,2022,kw:openalex:CY2,1,title+abstract,0,False,,rule,keyword rule on title (off-topic)
10.1090/s0002-9904-1929-04793-1,An introduction to the theory of numbers,1929,kw:openalex:CY3,1,title,0,False,,rule,keyword rule on title (off-topic)
10.4310/atmp.1998.v2.n2.a2,Anti de Sitter space and holography,1998,kw:openalex:CY3,1,title+abstract,0,False,,rule,keyword rule on title (off-topic)
10.1587/nolta.7.430,Applied Koopman operator theory for power systems technology,2016,kw:openalex:CY4,1,title,0,False,,rule,keyword rule on title (off-topic)
10.1029/2005je002608,Are the Earth and the Moon compositionally alike? Inferences on lunar composition and implications for lunar origin and evolution from geophysical modeling,2006,kw:openalex:CY1,1,title,0,False,,rule,keyword rule on title (off-topic)
10.1214/11-ps183,Around the circular law,2012,kw:openalex:CY3,1,title+abstract,0,False,,rule,keyword rule on title (off-topic)
10.3934/dcds.2009.25.1109,Asymptotic equivalence and Kobayashi-type estimates fornonautonomous monotone operators in Banach spaces,2009,kw:openalex:CY1,1,title,1,False,,rule,keyword rule on title (broad field)
10.1353/ajm.2015.0033,Asymptotics of radiation fields in asymptotically Minkowski space,2015,kw:openalex:CY2,1,title,0,False,,rule,keyword rule on title (off-topic)
10.1109/tcns.2020.3018703,Asynchronous Distributed Power Control of Multimicrogrid Systems,2020,fwd:CY15,1,title,0,False,,rule,keyword rule on title (off-topic)
10.1088/0953-8984/14/11/313,Atomistic simulations of complex materials: ground-state and excited-state properties,2002,kw:openalex:CY4,1,title,0,False,,rule,keyword rule on title (off-topic)
10.1145/22949.22950,Automating the design of graphical presentations of relational information,1986,kw:openalex:CY2,1,title+abstract,0,False,,rule,keyword rule on title (off-topic)
10.1002/jor.1100170119,Bioreactor cultivation conditions modulate the composition and mechanical properties of tissue‐engineered cartilage,1999,kw:openalex:CY3,1,title,0,False,,rule,keyword rule on title (off-topic)
10.1007/s40964-022-00335-1,Blended structural optimization for wire-and-arc additively manufactured beams,2022,kw:openalex:CY3,1,title,0,False,,rule,keyword rule on title (off-topic)
oa:https://openalex.org/W1539932538,Block-Iterative and String-averaging projection algorithms in proton computed tomography image reconstruction,2010,kw:openalex:CY4,1,title,1,False,,rule,keyword rule on title (broad field)
10.1093/ajcn/75.3.453,Body-composition assessment via air-displacement plethysmography in adults and children: a review,2002,kw:openalex:CY4,1,title+abstract,0,False,,rule,keyword rule on title (off-topic)
10.1007/s00006-019-0959-y,Boolean Combination of Circular Arcs using Orthogonal Spheres,2019,kw:openalex:CY3,1,title,0,False,,rule,keyword rule on title (off-topic)
10.1038/s41598-017-17648-9,CO2 Mineralization and Utilization using Steel Slag for Establishing a Waste-to-Resource Supply Chain,2017,kw:openalex:CY3,1,title,0,False,,rule,keyword rule on title (off-topic)
10.5566/ias.v26.p83-92,COMPUTATION OF MINKOWSKI MEASURES ON 2D AND 3D BINARY IMAGES,2011,kw:openalex:CY2,1,title+abstract,0,False,,rule,keyword rule on title (off-topic)
10.2140/apde.2013.6.1601,Carleman estimates for anisotropic elliptic operators with jumps at an interface,2013,kw:openalex:CY1,1,title,0,False,,rule,keyword rule on title (off-topic)
10.1109/cdc51059.2022.9993357,Circuit Model Reduction with Scaled Relative Graphs,2022,fwd:HRY20;fwd:RHY22,1,title+abstract,1,False,,override,series/parallel chains; SRG approximation error; no composition constants
10.11650/twjm/1500406291,Classification of Ruled Surfaces with Pointwise 1-Type Gauss Map in Minkowski 3-Space,2011,kw:openalex:CY3,1,title,0,False,,rule,keyword rule on title (off-topic)
10.1007/s00022-019-0502-2,Complex Disk Products and Cartesian Ovals,2019,kw:openalex:CY3,1,title+abstract,2,True,L3_CY_bunger2019.md,override,title only; paywalled; two-disk exact products (presumed)
10.1051/0004-6361/201322446,Complex organic molecules in protoplanetary disks,2013,kw:openalex:CY3,1,title+abstract,0,False,,rule,keyword rule on title (off-topic)
10.1007/s10898-021-01057-4,Conical averagedness and convergence analysis of fixed point algorithms,2021,fwd:CY15;fwd:OY02;kw:openalex:CY1;kw:openalex:CY4,1,title+abstract,2,True,L3_CY_bartz2022.md,override,Thm 2.7 m-fold conic composition constant; no tightness
10.1007/978-3-030-34413-9_23,Convergence Analysis of Iterative Algorithms for Phase Retrieval,2020,kw:openalex:CY1,1,title+abstract,0,False,,rule,keyword rule on title (off-topic)
10.1137/151003076,Convergence Rate Analysis of Primal-Dual Splitting Schemes,2015,fwd:OY02;kw:openalex:CY1,1,title+abstract,1,False,,rule,keyword rule on title (broad field)
10.1080/02331934.2025.2544700,Convergence analyses of Davis–Yin splitting via scaled relative graphs II: convex optimization problems,2025,fwd:OY02;fwd:RHY22,1,title,1,False,,override,same machinery as Lee-Yi-Ryu; contraction factors for convex problems (abstract)
10.48550/arxiv.1908.11029,Convergence analysis of an inexact inertial Krasnoselskii-Mann algorithm with applications,2019,fwd:CY15,1,title,1,False,,rule,keyword rule on title (broad field)
10.1007/s10107-024-02182-0,Convergence of the preconditioned proximal point method and Douglas–Rachford splitting in the absence of monotonicity,2025,fwd:RHY22;kw:openalex:CY1;kw:openalex:CY4,1,title+abstract,1,False,,override,DRS nonmonotone; SRG-type
10.1007/s10107-015-0964-4,Convergence rates with inexact non-expansive operators,2015,fwd:OY02,1,title,0,False,,rule,keyword rule on title (off-topic)
10.1063/1.5128066,Covariant integral quantization of the unit disk,2020,kw:openalex:CY3,1,title,0,False,,rule,keyword rule on title (off-topic)
10.1063/1.5143190,"DFTB+, a software package for efficient approximate density functional theory based atomistic simulations",2020,kw:openalex:CY1,1,title+abstract,0,False,,rule,keyword rule on title (off-topic)
10.36890/iejg.594497,DIFFERENTIAL GEOMETRY OF CURVES AND SURFACES IN LORENTZ-MINKOWSKI SPACE,2014,kw:openalex:CY3,1,title+abstract,0,False,,rule,keyword rule on title (off-topic)
10.1186/1471-2105-13-86,DNA methylation arrays as surrogate measures of cell mixture distribution,2012,kw:openalex:CY1,1,title+abstract,0,False,,rule,keyword rule on title (off-topic)
10.1016/s0022-0000(03)00025-4,Database-friendly random projections: Johnson-Lindenstrauss with binary coins,2003,kw:openalex:CY4,1,title+abstract,0,False,,rule,keyword rule on title (off-topic)
10.1007/s10957-020-01734-6,Demiclosedness Principles for Generalized Nonexpansive Mappings,2020,kw:openalex:CY1,1,title,1,False,,rule,keyword rule on title (broad field)
10.1002/2017gc007280,Derivation and Error Analysis of the Earth Magnetic Anomaly Grid at 2 arc min Resolution Version 3 (EMAG2v3),2017,kw:openalex:CY3,1,title+abstract,0,False,,rule,keyword rule on title (off-topic)
10.1515/zna-2002-1-201,"Disk Instantons, Mirror Symmetry and the Duality Web",2002,kw:openalex:CY3,1,title,0,False,,rule,keyword rule on title (off-topic)
10.1007/jhep08(2021)094,Distributions in CFT. Part II. Minkowski space,2021,kw:openalex:CY3,1,title+abstract,0,False,,rule,keyword rule on title (off-topic)
10.1038/s41467-019-08564-9,Dyke intrusion between neighbouring arc volcanoes responsible for 2017 pre-eruptive seismic swarm at Agung,2019,kw:openalex:CY3,1,title,0,False,,rule,keyword rule on title (off-topic)
10.1155/2021/6695140,End-of-Life Options for (Bio)degradable Polymers in the Circular Economy,2021,kw:openalex:CY3,1,title+abstract,0,False,,rule,keyword rule on title (off-topic)
10.1007/s10231-017-0666-z,Enneper representation of minimal surfaces in the three-dimensional Lorentz–Minkowski space,2017,kw:openalex:CY3,1,title,0,False,,rule,keyword rule on title (off-topic)
10.1007/s10957-018-1328-z,Envelope Functions: Unifications and Further Properties,2018,kw:openalex:CY1;kw:openalex:CY4,1,title+abstract,0,False,,rule,keyword rule on title (off-topic)
10.1016/j.cam.2006.11.006,Evaluating the boundary and covering degree of planar Minkowski sums and other geometrical convolutions,2007,kw:openalex:CY3,1,title,0,False,,rule,keyword rule on title (off-topic)
10.48550/arxiv.2201.11413,Exact Optimal Accelerated Complexity for Fixed-Point Iterations,2022,kw:openalex:CY1,1,title+abstract,1,False,,override,complexity lower bounds; single operator
10.1109/robot.1987.1088038,Exact robot navigation by means of potential functions: Some topological considerations,2005,kw:openalex:CY3,1,title,0,False,,rule,keyword rule on title (off-topic)
10.1051/0004-6361/201322631,Exploring the Milky Way stellar disk,2014,kw:openalex:CY3,1,title+abstract,0,False,,rule,keyword rule on title (off-topic)
10.1002/wcms.1493,Extended tight‐binding quantum chemistry methods,2020,kw:openalex:CY1;kw:openalex:CY2;kw:openalex:CY4,1,title+abstract,0,False,,rule,keyword rule on title (off-topic)
10.23919/eusipco47968.2020.9287729,Extrapolation of Bandlimited Multidimensional Signals from Continuous Measurements,2020,fwd:CY15,1,title,0,False,,rule,keyword rule on title (off-topic)
10.11650/twjm/1500404629,FINITE TYPE RULED SURFACES IN LORENTZ-MINKOWSKI SPACE,2007,kw:openalex:CY3,1,title+abstract,0,False,,rule,keyword rule on title (off-topic)
10.24033/msmf.461,Factorization of Non-Symmetric Operators and Exponential H-Theorem,2017,kw:openalex:CY4,1,title,0,False,,rule,keyword rule on title (off-topic)
10.1137/22m1504305,Fast Krasnosel’skiĭ–Mann Algorithm with a Convergence Rate of the Fixed Point Iteration of \(\boldsymbol{{ o} \left(\frac{1}{{ k}} \right)}\),2023,fwd:HRY20,1,title+abstract,1,False,,rule,keyword rule on title (broad field)
10.1080/02331934.2018.1505885,Fejér-monotone hybrid steepest descent method for affinely constrained and composite convex minimization tasks,2018,fwd:CY15;fwd:OY02,1,title,1,False,,rule,keyword rule on title (broad field)
10.1090/s0002-9939-06-08770-3,"Fenchel duality, Fitzpatrick functions and the extension of firmly nonexpansive mappings",2006,kw:openalex:CY1,1,title+abstract,1,False,,rule,keyword rule on title (broad field)
10.1111/jofi.12510,"Financial Transaction Taxes, Market Composition, and Liquidity",2017,kw:openalex:CY1,1,title,0,False,,rule,keyword rule on title (off-topic)
10.1088/1475-7516/2021/05/073,From a locality-principle for new physics to image features of regular spinning black holes with disks,2021,kw:openalex:CY3,1,title+abstract,0,False,,rule,keyword rule on title (off-topic)
10.1086/376392,Galactic Stellar and Substellar Initial Mass Function,2003,kw:openalex:CY3,1,title+abstract,0,False,,rule,keyword rule on title (off-topic)
10.1038/ncomms8489,Ganoderma lucidum reduces obesity in mice by modulating the composition of the gut microbiota,2015,kw:openalex:CY2,1,title+abstract,0,False,,rule,keyword rule on title (off-topic)
10.1093/nar/gkn668,Genomics of bacteria and archaea: the emerging dynamic view of the prokaryotic world,2008,kw:openalex:CY4,1,title+abstract,0,False,,rule,keyword rule on title (off-topic)
10.22331/q-2023-07-11-1055,"Geometric Operator Quantum Speed Limit, Wegner Hamiltonian Flow and Operator Growth",2023,kw:openalex:CY1,1,title,0,False,,rule,keyword rule on title (off-topic)
10.1109/cdc.2016.7798275,Global linear convergence in operator splitting methods,2016,fwd:CY15,1,title,1,False,,rule,keyword rule on title (broad field)
10.2140/apde.2016.9.151,"Global-in-time Strichartz estimates on nontrapping, asymptotically conic manifolds",2016,kw:openalex:CY1,1,title+abstract,0,False,,rule,keyword rule on title (off-topic)
10.1109/tac.2023.3234016,Graphical Nonlinear System Analysis,2023,fwd:HRY20;fwd:PAT21;fwd:RHY22,1,title+abstract,3,True,L3_CY_chaffey2023.md,override,"Thm 5: exact SRG of a cascade of n discs gamma_i D(1/2,1/2); boundary cos^n(theta/n)e^{-i theta} via Jensen; no caps"
10.1107/s1600576723007379,Graphical reduction and analysis small-angle neutron scattering program: GRASP,2023,kw:openalex:CY2,1,title,0,False,,rule,keyword rule on title (off-topic)
10.1111/j.1365-246x.1974.tb03626.x,Gravity Anomalies Seaward of Deep-Sea Trenches and their Tectonic Implications,1974,kw:openalex:CY3,1,title,0,False,,rule,keyword rule on title (off-topic)
10.48550/arxiv.0909.5457,Guaranteed Rank Minimization via Singular Value Projection,2009,kw:openalex:CY4,1,title,0,False,,rule,keyword rule on title (off-topic)
10.1038/s41467-019-11992-2,Highly selective oxygen reduction to hydrogen peroxide on transition metal single atom coordination,2019,kw:openalex:CY4,1,title,0,False,,rule,keyword rule on title (off-topic)
10.4007/annals.2004.159.1159,Holomorphic disks and three-manifolds invariants: Properties and applications,2004,kw:openalex:CY3,1,title+abstract,0,False,,rule,keyword rule on title (off-topic)
10.1103/physrevd.97.054007,Hyperasymptotics and quark-hadron duality violations in QCD,2018,kw:openalex:CY3,1,title,0,False,,rule,keyword rule on title (off-topic)
10.1093/nar/gku616,"Inducible, tightly regulated and growth condition-independent transcription factor in Saccharomyces cerevisiae",2014,kw:openalex:CY1,1,title+abstract,0,False,,rule,keyword rule on title (off-topic)
10.3390/sym12050750,Inertial Mann-Type Algorithm for a Nonexpansive Mapping to Solve Monotone Inclusion and Image Restoration Problems,2020,fwd:CY15,1,title,1,False,,rule,keyword rule on title (broad field)
10.1109/allerton.2017.8262871,Inexact iteration of averaged operators for non-strongly convex stochastic optimization,2017,fwd:CY15,1,title,1,False,,rule,keyword rule on title (broad field)
10.3390/min11080832,Innovative Reuse of Electric Arc Furnace Slag as Filler for Different Polymer Matrixes,2021,kw:openalex:CY3,1,title,0,False,,rule,keyword rule on title (off-topic)
10.1016/s0370-1573(00)00106-x,Integral-geometry morphological image analysis,2001,kw:openalex:CY3,1,title,0,False,,rule,keyword rule on title (off-topic)
10.3390/math7020131,Iterative Methods for Computing the Resolvent of Composed Operators in Hilbert Spaces,2019,fwd:CY15;fwd:OY02,1,title,1,False,,rule,keyword rule on title (broad field)
10.1155/2019/7376263,Iterative Methods for Computing the Resolvent of the Sum of a Maximal Monotone Operator and Composite Operator with Applications,2019,fwd:CY15;fwd:OY02,1,title,1,False,,rule,keyword rule on title (broad field)
10.1038/s41467-018-05857-3,Jungle Express is a versatile repressor system for tight transcriptional control,2018,kw:openalex:CY1,1,title,0,False,,rule,keyword rule on title (off-topic)
10.5802/aif.3105,Le problème de Minkowski équivariant dans l’espace de Minkowski,2017,kw:openalex:CY3,1,title+abstract,0,False,,rule,keyword rule on title (off-topic)
10.1038/s41467-023-36329-y,Learning local equivariant representations for large-scale atomistic dynamics,2023,kw:openalex:CY2,1,title,0,False,,rule,keyword rule on title (off-topic)
10.48550/arxiv.2306.08307,Lenses in Minkowski space optimize queues by hiding bottleneck units,2023,kw:openalex:CY3,1,title+abstract,0,False,,rule,keyword rule on title (off-topic)
10.1109/cdc.2016.7798401,Line search for averaged operator iteration,2016,fwd:CY15;kw:openalex:CY1,1,title+abstract,1,False,,rule,keyword rule on title (broad field)
10.53846/goediss-7539,Local and Global Analysis of Relaxed Douglas-Rachford for Nonconvex Feasibility Problems,2019,fwd:CY15,1,title,1,False,,rule,keyword rule on title (broad field)
10.1088/0067-0049/192/1/3,MODULES FOR EXPERIMENTS IN STELLAR ASTROPHYSICS (MESA),2010,kw:openalex:CY1;kw:openalex:CY4,1,title+abstract,0,False,,rule,keyword rule on title (off-topic)
10.3390/coatings13122064,Micro-Arc Oxidation in Titanium and Its Alloys: Development and Potential of Implants,2023,kw:openalex:CY3,1,title,0,False,,rule,keyword rule on title (off-topic)
10.1007/978-1-4419-9569-8_17,Minimizing the Moreau Envelope of Nonsmooth Convex Functions over the Fixed Point Set of Certain Quasi-Nonexpansive Mappings,2011,fwd:OY02,1,title,1,False,,rule,keyword rule on title (broad field)
10.1088/1367-2630/15/8/083028,Minkowski tensors of anisotropic spatial structure,2013,kw:openalex:CY2;kw:openalex:CY3,1,title+abstract,0,False,,rule,keyword rule on title (off-topic)
10.23919/ecc65951.2025.11187196,Mixed Small Gain and Phase Theorem: A new view using Scale Relative Graphs,2025,fwd:RHY22,1,title,1,False,,override,phase/SRG feedback stability; two systems
10.1016/j.aime.2023.100121,Modelling of wire-arc additive manufacturing – A review,2023,kw:openalex:CY3,1,title+abstract,0,False,,rule,keyword rule on title (off-topic)
oa:https://openalex.org/W7171749347,Modulus of conically averaged mappings and its applications to angles between two subspaces,2026,kw:openalex:CY1;kw:openalex:CY4,1,title,1,False,,rule,keyword rule on title (broad field)
10.3390/ijms25031933,"Mucus Structure, Viscoelastic Properties, and Composition in Chronic Respiratory Diseases",2024,kw:openalex:CY4,1,title,0,False,,rule,keyword rule on title (off-topic)
10.1587/transfun.e93.a.456,Multi-Domain Adaptive Learning Based on Feasibility Splitting and Adaptive Projected Subgradient Method,2010,fwd:OY02,1,title,1,False,,rule,keyword rule on title (broad field)
10.1353/ajm.2001.0035,"Multilinear weighted convolution of L 2 functions, and applications to nonlinear dispersive equations",2001,kw:openalex:CY4,1,title,0,False,,rule,keyword rule on title (off-topic)
10.1103/physrevb.75.184117,Nanodomain structure of Pb[Zr1−xTix]O3 at its morphotropic phase boundary: Investigations from local to average structure,2007,kw:openalex:CY4,1,title,1,False,,rule,keyword rule on title (broad field)
10.48550/arxiv.1105.0029,"Near equality, near convexity, sums of maximally monotone operators, and averages of firmly nonexpansive mappings",2011,kw:openalex:CY1,1,title,1,False,,rule,keyword rule on title (broad field)
10.48550/arxiv.2303.11273,Non-Euclidean Monotone Operator Theory and Applications,2023,kw:openalex:CY1,1,title,1,False,,rule,keyword rule on title (broad field)
10.3390/drones6110334,Non-Terrestrial Networks with UAVs: A Projection on Flying Ad-Hoc Networks,2022,kw:openalex:CY4,1,title,0,False,,rule,keyword rule on title (off-topic)
10.48550/arxiv.2205.15897,Nonexpansive Markov Operators and Random Function Iterations for Stochastic Fixed Point Problems,2022,kw:openalex:CY1,1,title,1,False,,rule,keyword rule on title (broad field)
10.1088/1361-6420/33/4/044003,Nonexpansiveness of a linearized augmented Lagrangian operator for hierarchical convex optimization,2017,fwd:CY15;fwd:OY02;kw:openalex:CY1,1,title+abstract,1,False,,rule,keyword rule on title (broad field)
10.1109/cdc57313.2025.11312491,Nonlinear Bandwidth and Bode Diagrams based on Scaled Relative Graphs,2025,fwd:RHY22,1,title,1,False,,override,SRG gain bounds
10.1074/jbc.m112.441535,Nuclear Envelope Composition Determines the Ability of Neutrophil-type Cells to Passage through Micron-scale Constrictions,2013,kw:openalex:CY2,1,title,0,False,,rule,keyword rule on title (off-topic)
10.48550/arxiv.1507.05585,On Fejér monotone sequences and nonexpansive mappings,2015,kw:openalex:CY1,1,title+abstract,1,False,,rule,keyword rule on title (broad field)
10.3934/jcd.2014.1.391,On dynamic mode decomposition: Theory and applications,2014,kw:openalex:CY4,1,title,0,False,,rule,keyword rule on title (off-topic)
oa:https://openalex.org/W2780294057,On hyperbolic surface tessellations and equivariant spacelike convex polyhedral surfaces in Minkowski Space,2000,kw:openalex:CY3,1,title,0,False,,rule,keyword rule on title (off-topic)
10.3934/math.20231135,On simultaneous characterizations of partner-ruled surfaces in Minkowski 3-space,2023,kw:openalex:CY3,1,title+abstract,0,False,,rule,keyword rule on title (off-topic)
oa:https://openalex.org/W1146984394,On the Design and Analysis of Operator-Splitting Schemes,2015,kw:openalex:CY1;kw:openalex:CY4,1,title,1,False,,rule,keyword rule on title (broad field)
10.21099/tkbjm/1496162870,On the Gauss map of ruled surfaces in a 3-dimensional minkowski space,1995,kw:openalex:CY3,1,title+abstract,0,False,,rule,keyword rule on title (off-topic)
10.21099/tkbjm/1496162874,On the Gauss map of surfaces of revolution in a 3-dimensional Minkowski space,1995,kw:openalex:CY3,1,title+abstract,0,False,,rule,keyword rule on title (off-topic)
10.2298/fil2404423l,On the curvatures of timelike circular surfaces in Lorentz-Minkowski space,2024,kw:openalex:CY3,1,title+abstract,0,False,,rule,keyword rule on title (off-topic)
10.1007/s11590-021-01738-9,On the proximal point algorithm and its Halpern-type variant for generalized monotone operators in Hilbert space,2021,kw:openalex:CY1,1,title+abstract,1,False,,rule,keyword rule on title (broad field)
10.1137/19m1304854,Operator Splitting Performance Estimation: Tight Contraction Factors and Optimal Parameter Selection,2020,fwd:CY15,1,title,1,False,,override,PEP tight factors for DRS (two operators)
10.48550/arxiv.2106.00906,Operator Splitting for Learning to Predict Equilibria in Convex Games,2021,kw:openalex:CY1,1,title,1,False,,rule,keyword rule on title (broad field)
10.48550/arxiv.2408.09981,Parseval Convolution Operators and Neural Networks,2024,kw:openalex:CY1,1,title+abstract,0,False,,rule,keyword rule on title (off-topic)
10.3390/s18093170,"Path Smoothing Techniques in Robot Navigation: State-of-the-Art, Current and Future Challenges",2018,kw:openalex:CY1,1,title,0,False,,rule,keyword rule on title (off-topic)
10.1016/j.matdes.2021.109740,Performance under tensile loading of point-by-point wire and arc additively manufactured steel bars for structural components,2021,kw:openalex:CY3,1,title+abstract,0,False,,rule,keyword rule on title (off-topic)
10.1029/2012jb009339,"Permanent fore‐arc extension and seismic segmentation: Insights from the 2010 Maule earthquake, Chile",2012,kw:openalex:CY3,1,title,0,False,,rule,keyword rule on title (off-topic)
10.3204/desy-thesis-2004-004,Perturbative methods on the noncommutative Minkowski space,2012,kw:openalex:CY2,1,title,0,False,,rule,keyword rule on title (off-topic)
10.5194/acp-13-2063-2013,Pre-industrial to end 21st century projections of tropospheric ozone from the Atmospheric Chemistry and Climate Model Intercomparison Project (ACCMIP),2013,kw:openalex:CY4,1,title+abstract,0,False,,rule,keyword rule on title (off-topic)
10.5802/aif.2622,Prescribing Gauss curvature of surfaces in 3-dimensional spacetimes Application to the Minkowski problem in the Minkowski space,2011,kw:openalex:CY2,1,title+abstract,0,False,,rule,keyword rule on title (off-topic)
10.48550/arxiv.2512.10366,Primal-dual splitting for structured composite monotone inclusions with or without cocoercivity,2025,kw:openalex:CY1,1,title,1,False,,rule,keyword rule on title (broad field)
10.1086/508653,Primordial Non‐Gaussianity and Analytical Formula for Minkowski Functionals of the Cosmic Microwave Background and Large‐Scale Structure,2006,kw:openalex:CY2,1,title+abstract,0,False,,rule,keyword rule on title (off-topic)
10.1007/978-3-642-30901-4_5,Projection Methods,2012,fwd:OY02,1,title,1,False,,rule,keyword rule on title (broad field)
10.1088/1361-6420/ac3322,Projection methods for high numerical aperture phase retrieval,2021,kw:openalex:CY1,1,title,1,False,,rule,keyword rule on title (broad field)
10.1016/j.virol.2006.08.025,Protein composition of the vaccinia virus mature virion,2006,kw:openalex:CY1,1,title,0,False,,rule,keyword rule on title (off-topic)
10.1523/jneurosci.4662-14.2015,Prototypic and Arkypallidal Neurons in the Dopamine-Intact External Globus Pallidus,2015,kw:openalex:CY4,1,title,0,False,,rule,keyword rule on title (off-topic)
10.13118/themelis-andreas_phd2018,Proximal Algorithms for Structured Nonconvex Optimization,2018,kw:openalex:CY1;kw:openalex:CY4,1,title+abstract,1,False,,rule,keyword rule on title (broad field)
10.1088/0266-5611/27/4/045009,Proximity algorithms for image models: denoising,2011,kw:openalex:CY1,1,title,0,False,,rule,keyword rule on title (off-topic)
10.1007/bf02410096,Pseudo-minkowski differential geometry,1965,kw:openalex:CY3,1,title+abstract,0,False,,rule,keyword rule on title (off-topic)
10.1088/0953-8984/21/39/395502,QUANTUM ESPRESSO: a modular and open-source software project for quantum simulations of materials,2009,kw:openalex:CY1,1,title+abstract,0,False,,rule,keyword rule on title (off-topic)
10.4171/jems/854,Quantitative unique continuation for operators with partially analytic coefficients. Application to approximate control for waves,2018,kw:openalex:CY1,1,title,0,False,,rule,keyword rule on title (off-topic)
10.1007/s00220-011-1358-y,"Quantum Geometry on Quantum Spacetime: Distance, Area and Volume Operators",2011,kw:openalex:CY4,1,title,0,False,,rule,keyword rule on title (off-topic)
10.1088/0004-637x/732/1/42,RESOLVED IMAGES OF LARGE CAVITIES IN PROTOPLANETARY TRANSITION DISKS,2011,kw:openalex:CY3,1,title+abstract,0,False,,rule,keyword rule on title (off-topic)
10.1186/s13072-015-0040-6,"RNA:DNA hybrids in the human genome have distinctive nucleotide characteristics, chromatin composition, and transcriptional relationships",2015,kw:openalex:CY1,1,title,0,False,,rule,keyword rule on title (off-topic)
10.1051/0004-6361/200911821,Radiation thermo-chemical models of protoplanetary disks,2009,kw:openalex:CY3,1,title,0,False,,rule,keyword rule on title (off-topic)
10.1007/s00025-026-02635-2,Random Nonlinear Fusion Frames from Averaged Operator Iterations,2026,fwd:CY15,1,title,1,False,,rule,keyword rule on title (broad field)
10.1111/rssb.12228,Random-projection Ensemble Classification,2017,kw:openalex:CY4,1,title+abstract,0,False,,rule,keyword rule on title (off-topic)
10.1002/mana.202100004,Resolvents and complex powers of semiclassical cone operators,2022,kw:openalex:CY1,1,title,1,False,,rule,keyword rule on title (broad field)
10.3390/met10030345,Reuse and Recycling of By-Products in the Steel Sector: Recent Achievements Paving the Way to Circular Economy and Industrial Symbiosis in Europe,2020,kw:openalex:CY3,1,title+abstract,0,False,,rule,keyword rule on title (off-topic)
10.1063/1.1665119,SU(4)⊃SU(2)⊗SU(2) Projection Techniques,1970,kw:openalex:CY4,1,title,0,False,,rule,keyword rule on title (off-topic)
10.48550/arxiv.2001.02061,Scaled Relative Graph of Normal Matrices,2019,fwd:HRY20,1,title+abstract,1,False,,override,single normal matrix SRG; full text grep: no compositions
10.1016/j.ejcon.2025.101335,Scaled relative graphs for nonmonotone operators with applications in circuit theory,2025,fwd:RHY22,1,title,1,False,,override,nonmonotone SRG; no abstract; title
10.1016/j.ejcon.2026.101576,Scaled relative graphs for pairs of operators beyond classical monotonicity,2026,fwd:RHY22,1,title,1,False,,override,SRG for pairs of operators; no abstract; title
10.1109/cdc45484.2021.9683092,Scaled relative graphs for system analysis,2021,fwd:HRY20;fwd:RHY22,1,title+abstract,1,True,,override,"L2 full text arXiv:2103.13971v2: SRG/Nyquist link, incremental passivity via SRG; no n-fold cascade products or composition constants (those appear later in Chaffey-Forni-Sepulchre 2023 Thm 5)"
10.1016/j.rse.2015.08.002,Secchi disk depth: A new theory and mechanistic model for underwater visibility,2015,kw:openalex:CY3,1,title,0,False,,rule,keyword rule on title (off-topic)
10.1016/j.cam.2018.03.028,Sequence of Gn LN polynomial curves approximating circular arcs,2018,kw:openalex:CY3,1,title,0,False,,rule,keyword rule on title (off-topic)
10.48550/arxiv.1305.2714,Sharp MSE Bounds for Proximal Denoising,2013,kw:openalex:CY4,1,title,1,False,,rule,keyword rule on title (broad field)
10.1103/physrevd.74.045001,Signals for Lorentz violation in post-Newtonian gravity,2006,kw:openalex:CY3,1,title+abstract,0,False,,rule,keyword rule on title (off-topic)
10.3390/sym14101996,Singularity Properties of Timelike Sweeping Surface in Minkowski 3-Space,2022,kw:openalex:CY3,1,title,0,False,,rule,keyword rule on title (off-topic)
10.3836/tjm/1255958684,Spacelike Helicoidal Surfaces with Constant Mean Curvature in Minkowski 3-space,2000,kw:openalex:CY3,1,title,0,False,,rule,keyword rule on title (off-topic)
10.1038/s41598-022-24828-9,Spattering mechanism of laser powder bed fusion additive manufacturing on heterogeneous surfaces,2022,kw:openalex:CY4,1,title+abstract,0,False,,rule,keyword rule on title (off-topic)
10.1109/tpwrs.2026.3674752,Stability Analysis of Power-Electronics-Dominated Grids Using Scaled Relative Graphs,2026,fwd:RHY22,1,title,0,False,,override,application
10.48550/arxiv.2310.13459,Stable Nonconvex-Nonconcave Training via Linear Interpolation,2023,kw:openalex:CY1,1,title,0,False,,rule,keyword rule on title (off-topic)
10.48550/arxiv.1605.08527,Stochastic Optimization for Large-scale Optimal Transport,2016,kw:openalex:CY2,1,title,0,False,,rule,keyword rule on title (off-topic)
10.1007/s11075-023-01623-9,"Strict pseudocontractions and demicontractions, their properties, and applications",2023,fwd:OY02,1,title,1,False,,override,composition of strict pseudocontractions: parameter conditions; abstract
10.1103/revmodphys.76.725,Structural properties of self-organized semiconductor nanostructures,2004,kw:openalex:CY4,1,title+abstract,0,False,,rule,keyword rule on title (off-topic)
10.3133/wsp1473_ed1,Study and interpretation of the chemical characteristics of natural water,1959,kw:openalex:CY2,1,title,0,False,,rule,keyword rule on title (off-topic)
10.1016/j.jat.2017.02.005,Szegő–Widom asymptotics of Chebyshev polynomials on circular arcs,2017,kw:openalex:CY3,1,title+abstract,0,False,,rule,keyword rule on title (off-topic)
10.1088/0004-637x/695/1/580,THE FLAT OXYGEN ABUNDANCE GRADIENT IN THE EXTENDED DISK OF M83,2009,kw:openalex:CY3,1,title,0,False,,rule,keyword rule on title (off-topic)
10.3847/0004-637x/823/1/30,THE STELLAR POPULATION STRUCTURE OF THE GALACTIC DISK,2016,kw:openalex:CY3,1,title,0,False,,rule,keyword rule on title (off-topic)
10.2737/pnw-gtr-368,"The 1993 timber assessment market model: structure, projections, and policy simulations.",1996,kw:openalex:CY4,1,title+abstract,0,False,,rule,keyword rule on title (off-topic)
10.1111/acel.12344,The Achilles’ heel of senescent cells: from transcriptome to senolytic drugs,2015,kw:openalex:CY3,1,title,0,False,,rule,keyword rule on title (off-topic)
10.1086/520512,The Calibration and Data Products of GALEX,2007,kw:openalex:CY3,1,title+abstract,0,False,,rule,keyword rule on title (off-topic)
10.1016/s1570-579x(01)80028-8,The Hybrid Steepest Descent Method for the Variational Inequality Problem Over the Intersection of Fixed Point Sets of Nonexpansive Mappings,2001,fwd:OY02,1,title,1,False,,rule,keyword rule on title (broad field)
10.1086/523619,The Milky Way Tomography with SDSS. I. Stellar Number Density Distribution,2008,kw:openalex:CY3,1,title,0,False,,rule,keyword rule on title (off-topic)
10.48550/arxiv.2009.12895,The Semiclassical Resolvent on Conic Manifolds and Application to Schrödinger Equations,2020,kw:openalex:CY1,1,title,1,False,,rule,keyword rule on title (broad field)
10.4171/emss/26,The convexification effect of Minkowski summation,2018,kw:openalex:CY2,1,title,0,False,,rule,keyword rule on title (off-topic)
10.1016/s0723-0869(04)80009-4,The geometry of minkowski spaces — A survey. Part II,2004,kw:openalex:CY3,1,title+abstract,0,False,,rule,keyword rule on title (off-topic)
10.2140/apde.2013.6.1755,The heat kernel on an asymptotically conic manifold,2013,kw:openalex:CY1,1,title+abstract,0,False,,rule,keyword rule on title (off-topic)
10.1051/0004-6361/200912129,The photodissociation and chemistry of CO isotopologues: applications to interstellar clouds and circumstellar disks,2009,kw:openalex:CY3,1,title,0,False,,rule,keyword rule on title (off-topic)
10.1103/prxquantum.3.040329,Tight Bounds on the Convergence of Noisy Random Circuits to the Uniform Distribution,2022,kw:openalex:CY4,1,title,0,False,,rule,keyword rule on title (off-topic)
10.48550/arxiv.1506.01556,Tight Global Linear Convergence Rate Bounds for Douglas-Rachford\n Splitting,2015,kw:openalex:CY1;kw:openalex:CY4,1,title,1,False,,rule,keyword rule on title (broad field)
10.1007/s11784-017-0417-1,Tight global linear convergence rate bounds for Douglas–Rachford splitting,2017,fwd:CY15;kw:openalex:CY1;kw:openalex:CY4,1,title+abstract,1,False,,override,two-operator DRS
10.48550/arxiv.1704.07338,Time-Varying Convex Optimization via Time-Varying Averaged Operators,2017,fwd:CY15;kw:openalex:CY1;kw:openalex:CY4,1,title+abstract,1,False,,rule,keyword rule on title (broad field)
10.21278/tof.43103,Tooth Surface Reconstruction and Tooth Profile Geometric Analysis of Circular Arc Tooth Trace Cylindrical Gears,2019,kw:openalex:CY3,1,title,0,False,,rule,keyword rule on title (off-topic)
10.1130/l389.1,Tracking paleodeformation fields in the Mesozoic central Sierra Nevada arc: Implications for intra-arc cyclic deformation and arc tempos,2015,kw:openalex:CY4,1,title+abstract,0,False,,rule,keyword rule on title (off-topic)
10.1086/177957,Transformations of Galaxies. II. Gasdynamics in Merging Disk Galaxies,1996,kw:openalex:CY3,1,title+abstract,0,False,,rule,keyword rule on title (off-topic)
10.1088/1367-2630/17/9/093046,Uncertainty relations for angular momentum,2015,kw:openalex:CY4,1,title,0,False,,rule,keyword rule on title (off-topic)
10.1007/s10957-018-1443-x,Union Averaged Operators with Applications to Proximal Algorithms for Min-Convex Functions,2018,fwd:CY15,1,title,1,False,,rule,keyword rule on title (broad field)
10.1103/physrevd.104.025016,Unitarity of Minkowski nonlocal theories made explicit,2021,kw:openalex:CY2,1,title,0,False,,rule,keyword rule on title (off-topic)
10.1016/0550-3213(92)90515-d,Valleys in Minkowski space and instanton-induced cross sections,1992,kw:openalex:CY2,1,title,0,False,,rule,keyword rule on title (off-topic)
10.1007/978-3-030-25939-6_9,Variable Metric Algorithms Driven by Averaged Operators,2019,fwd:CY15,1,title,1,False,,rule,keyword rule on title (broad field)
10.2140/apde.2020.13.403,Variable coefficient Wolff-type inequalities and sharp local smoothing estimates for wave equations on manifolds,2020,kw:openalex:CY1,1,title+abstract,0,False,,rule,keyword rule on title (off-topic)
10.1137/23m1597009,Various Notions of Nonexpansiveness Coincide for Proximal Mappings of Functions,2024,fwd:CY15,1,title,1,False,,rule,keyword rule on title (broad field)
10.1088/0004-637x/768/2/146,X-RAY REFLECTED SPECTRA FROM ACCRETION DISK MODELS. III. A COMPLETE GRID OF IONIZED REFLECTION CALCULATIONS,2013,kw:openalex:CY3,1,title,0,False,,rule,keyword rule on title (off-topic)
10.1090/bull/2020-57-02,,2020,kw:openalex:CY3,0,title,0,False,,rule,keyword rule on title (off-topic)
10.1093/molbev/msh112,A Bayesian Mixture Model for Across-Site Heterogeneities in the Amino-Acid Replacement Process,2004,kw:openalex:CY4,0,title,0,False,,rule,keyword rule on title (off-topic)
10.1007/s11228-022-00631-6,A Direct Proof of Convergence of Davis–Yin Splitting Algorithm Allowing Larger Stepsizes,2022,fwd:CY15;kw:openalex:CY1,0,title+abstract,1,False,,rule,keyword rule on title (broad field)
10.1214/08-aap560,A Khasminskii type averaging principle for stochastic reaction–diffusion equations,2009,kw:openalex:CY1,0,title+abstract,1,False,,rule,keyword rule on title (broad field)
10.48550/arxiv.2211.12461,A Neural-Network-Based Convex Regularizer for Inverse Problems,2022,kw:openalex:CY1,0,title,0,False,,rule,keyword rule on title (off-topic)
10.1002/mma.10639,A Novel Algorithm and Its Convergence Analysis for Solving the Generalized Split Inverse Problem,2025,fwd:CY15,0,title,0,False,,rule,keyword rule on title (off-topic)
10.1109/tetci.2021.3098831,A Primal-Dual Forward-Backward Splitting Algorithm for Distributed Convex Optimization,2021,fwd:CY15;fwd:OY02,0,title,1,False,,rule,keyword rule on title (broad field)
10.1007/s10957-012-0245-9,"A Primal–Dual Splitting Method for Convex Optimization Involving Lipschitzian, Proximable and Linear Composite Terms",2012,fwd:OY02,0,title,1,False,,rule,keyword rule on title (broad field)
10.24840/2184-4933_2018-0034_0009,A REVIEW OF AUGMENTED REALITY FOR ARCHITECTURE AND CULTURAL HERITAGE VISUALIZATION,2018,kw:openalex:CY3,0,title,0,False,,rule,keyword rule on title (off-topic)
10.1561/2300000035,A Review of Point Cloud Registration Algorithms for Mobile Robotics,2015,kw:openalex:CY4,0,title+abstract,0,False,,rule,keyword rule on title (off-topic)
10.1137/s0097539703432542,A Second-Order Perceptron Algorithm,2005,kw:openalex:CY4,0,title,0,False,,rule,keyword rule on title (off-topic)
10.1155/2009/421425,A Survey of Collaborative Filtering Techniques,2009,kw:openalex:CY2,0,title+abstract,0,False,,rule,keyword rule on title (off-topic)
10.1109/tnnls.2021.3070843,"A Survey on Knowledge Graphs: Representation, Acquisition, and Applications",2021,kw:openalex:CY2,0,title+abstract,0,False,,rule,keyword rule on title (off-topic)
10.23952/jano.4.2022.2.09,A constrained LiGME model and its proximal splitting algorithm under overall convexity condition,2022,fwd:CY15;fwd:OY02,0,title,1,False,,rule,keyword rule on title (broad field)
10.3934/eect.2025054,A continuous-time inertial Newton method for structured monotone inclusions,2025,fwd:OY02,0,title,1,False,,rule,keyword rule on title (broad field)
10.1016/j.cam.2022.115043,A fast inertial primal–dual algorithm to composite optimization models with application to image restoration problems,2022,fwd:OY02,0,title,0,False,,rule,keyword rule on title (off-topic)
10.1145/1073204.1073320,A frequency analysis of light transport,2005,kw:openalex:CY4,0,title,0,False,,rule,keyword rule on title (off-topic)
10.1007/s40314-022-02143-3,A generalized forward–backward splitting operator: degenerate analysis and applications,2022,fwd:CY15;fwd:OY02,0,title,1,False,,rule,keyword rule on title (broad field)
10.1145/2517349.2522739,A lightweight infrastructure for graph analytics,2013,kw:openalex:CY2,0,title+abstract,0,False,,rule,keyword rule on title (off-topic)
10.1002/nme.7211,A micromechanics‐based recurrent neural networks model for path‐dependent cyclic deformation of short fiber composites,2023,kw:openalex:CY4,0,title+abstract,0,False,,rule,keyword rule on title (off-topic)
10.1016/j.cam.2026.117991,A preconditioned proximal gradient algorithm for PET image reconstruction with approximately sparse regularization,2026,fwd:CY15,0,title,1,False,,rule,keyword rule on title (broad field)
10.4171/cmh/150,A product formula for valuations on manifolds with applications to the integral geometry of the quaternionic line,2009,kw:openalex:CY3,0,title,0,False,,rule,keyword rule on title (off-topic)
10.5194/acp-12-1-2012,"A review of operational, regional-scale, chemical weather forecasting models in Europe",2012,kw:openalex:CY2,0,title,0,False,,rule,keyword rule on title (off-topic)
10.1007/s13735-021-00218-1,A review on deep learning in medical image analysis,2021,kw:openalex:CY2,0,title,0,False,,rule,keyword rule on title (off-topic)
10.1186/s40537-016-0043-6,A survey of transfer learning,2016,kw:openalex:CY4,0,title+abstract,0,False,,rule,keyword rule on title (off-topic)
10.1016/j.media.2017.07.005,A survey on deep learning in medical image analysis,2017,kw:openalex:CY2,0,title+abstract,0,False,,rule,keyword rule on title (off-topic)
10.3386/w35344,AI and the Collapse of the www,2026,kw:openalex:CY1,0,title,0,False,,rule,keyword rule on title (off-topic)
10.1371/journal.pone.0067019,ANOVA-Like Differential Expression (ALDEx) Analysis for Mixed Population RNA-Seq,2013,kw:openalex:CY2,0,title,0,False,,rule,keyword rule on title (off-topic)
10.24840/2184-4933_2018-0034_0018,APPLICATION OF THE PROPORTION THEORY TO FORM DESIGN1,2018,kw:openalex:CY3,0,title,0,False,,rule,keyword rule on title (off-topic)
10.48550/arxiv.2303.15876,Accelerated Infeasibility Detection of Constrained Optimization and Fixed-Point Iterations,2023,kw:openalex:CY1;kw:openalex:CY4,0,title,1,False,,rule,keyword rule on title (broad field)
10.1109/icassp.2017.7953050,Accelerating the hybrid steepest descent method for affinely constrained convex composite minimization tasks,2017,fwd:CY15;fwd:OY02,0,title,0,False,,rule,keyword rule on title (off-topic)
10.33612/diss.830017780,Acceleration of optimization algorithms,2023,kw:openalex:CY1,0,title,0,False,,rule,keyword rule on title (off-topic)
10.1103/revmodphys.88.045006,Active Particles in Complex and Crowded Environments,2016,kw:openalex:CY3,0,title+abstract,0,False,,rule,keyword rule on title (off-topic)
10.1002/rnc.6830,Aggregating distributed energy resources for grid flexibility services: A distributed game theoretic approach,2023,fwd:CY15,0,title,0,False,,rule,keyword rule on title (off-topic)
10.1007/978-3-642-30901-4_2,Algorithmic Operators,2012,fwd:OY02,0,title,0,False,,rule,keyword rule on title (off-topic)
10.1137/140953289,Alternating Minimal Energy Methods for Linear Systems in Higher Dimensions,2014,kw:openalex:CY4,0,title,0,False,,rule,keyword rule on title (off-topic)
10.1587/transfun.2025eap1035,An LiGME Regularizer of Designated Isolated Minimizers — An Application to Discrete-Valued Signal Estimation,2025,fwd:CY15;fwd:OY02,0,title,0,False,,rule,keyword rule on title (off-topic)
10.48550/arxiv.2005.03507,An asynchronous distributed and scalable generalized Nash equilibrium seeking algorithm for strongly monotone games,2020,fwd:CY15,0,title,1,False,,rule,keyword rule on title (broad field)
10.48550/arxiv.1901.04279,"An asynchronous, forward-backward, distributed generalized Nash equilibrium seeking algorithm",2019,fwd:CY15,0,title,0,False,,rule,keyword rule on title (off-topic)
10.1093/nar/30.7.1575,An efficient algorithm for large-scale detection of protein families,2002,kw:openalex:CY1;kw:openalex:CY2,0,title+abstract,0,False,,rule,keyword rule on title (off-topic)
10.1145/227607.227610,An experimental determination of sufficient mutant operators,1996,kw:openalex:CY2,0,title,0,False,,rule,keyword rule on title (off-topic)
10.1183/09031936.00150414,An official systematic review of the European Respiratory Society/American Thoracic Society: measurement properties of field walking tests in chronic respiratory disease,2014,kw:openalex:CY1,0,title,0,False,,rule,keyword rule on title (off-topic)
10.1016/j.automatica.2019.01.008,An operator splitting approach for distributed generalized Nash equilibria computation,2019,kw:openalex:CY1;kw:openalex:CY4,0,title+abstract,1,False,,rule,keyword rule on title (broad field)
10.48550/arxiv.2009.12493,An outer reflected forward-backward splitting algorithm for solving monotone inclusions,2020,fwd:CY15,0,title,1,False,,rule,keyword rule on title (broad field)
10.1016/j.autcon.2022.104440,Artificial intelligence and smart vision for building and construction 4.0: Machine and deep learning methods and applications,2022,kw:openalex:CY3,0,title,0,False,,rule,keyword rule on title (off-topic)
10.1007/s10589-017-9909-6,Asymmetric forward–backward–adjoint splitting for solving monotone inclusions involving three operators,2017,fwd:CY15,0,title,1,False,,rule,keyword rule on title (broad field)
10.1007/s00245-026-10391-6,Asymptotic Behavior of Penalty Dynamics for Constrained Variational Inequalities,2026,fwd:OY02,0,title,0,False,,rule,keyword rule on title (off-topic)
10.1090/s0894-0347-01-00378-2,"Asymptotic height optimization for topical IFS, Tetris heaps, and the finiteness conjecture",2001,kw:openalex:CY1,0,title,0,False,,rule,keyword rule on title (off-topic)
10.1109/tcyb.2019.2908091,Asynchronous Distributed Algorithms for Seeking Generalized Nash Equilibria Under Full and Partial-Decision Information,2019,fwd:CY15,0,title,0,False,,rule,keyword rule on title (off-topic)
10.48550/arxiv.1810.11998,Asynchronous Distributed Power Control of Multi-Microgrid Systems Based on the Operator Splitting Approach,2018,fwd:CY15,0,title,1,False,,rule,keyword rule on title (broad field)
10.1109/tac.2020.3011916,Asynchronous and Time-Varying Proximal Type Dynamics in Multiagent Network Games,2020,fwd:CY15,0,title,1,False,,rule,keyword rule on title (broad field)
10.48550/arxiv.1909.11203,Asynchronous and time-varying proximal type dynamics multi-agent network games,2019,fwd:CY15,0,title,1,False,,rule,keyword rule on title (broad field)
10.1016/j.automatica.2020.109269,Asynchronous distributed voltage control in active distribution networks,2020,fwd:CY15,0,title,0,False,,rule,keyword rule on title (off-topic)
10.1007/s00041-008-9044-y,"Atoms of All Channels, Unite! Average Case Analysis of Multi-Channel Sparse Recovery Using Greedy Algorithms",2008,kw:openalex:CY1;kw:openalex:CY4,0,title,1,False,,rule,keyword rule on title (broad field)
10.1109/tsp.2016.2614793,Autoregressive Moving Average Graph Filtering,2016,kw:openalex:CY2,0,title,1,False,,rule,keyword rule on title (broad field)
10.1103/revmodphys.93.035004,Baryogenesis from the weak scale to the grand unification scale,2021,kw:openalex:CY2,0,title,0,False,,rule,keyword rule on title (off-topic)
oa:https://openalex.org/W3131577017,Benefits from the generalized diagonal dominance,2010,kw:openalex:CY3,0,title,0,False,,rule,keyword rule on title (off-topic)
10.1257/jep.14.4.23,"Beyond Computation: Information Technology, Organizational Transformation and Business Performance",2000,kw:openalex:CY1,0,title,0,False,,rule,keyword rule on title (off-topic)
10.24840/2183-1939,Boletim da Aproged #34,2019,kw:openalex:CY3,0,title,0,False,,rule,keyword rule on title (off-topic)
10.1103/physrevd.82.063520,Boltzmann brains and the scale-factor cutoff measure of the multiverse,2010,kw:openalex:CY2,0,title,0,False,,rule,keyword rule on title (off-topic)
10.1016/j.jfa.2015.06.022,Calderón–Zygmund estimates and non-uniformly elliptic operators,2015,kw:openalex:CY4,0,title+abstract,0,False,,rule,keyword rule on title (off-topic)
10.1016/j.ijggc.2015.04.006,Capillary trapping for geologic carbon dioxide storage – From pore scale physics to field scale implications,2015,kw:openalex:CY2,0,title,0,False,,rule,keyword rule on title (off-topic)
10.1007/jhep02(2016)020,Causality constraints on corrections to the graviton three-point coupling,2016,kw:openalex:CY3,0,title,0,False,,rule,keyword rule on title (off-topic)
10.1175/amsmonographs-d-16-0010.1,Cirrus Clouds,2016,kw:openalex:CY4,0,title,0,False,,rule,keyword rule on title (off-topic)
10.1016/j.laa.2017.11.017,Classification of joint numerical ranges of three hermitian matrices of size three,2017,kw:openalex:CY3,0,title+abstract,0,False,,rule,keyword rule on title (off-topic)
10.1145/268998.266662,Cluster-based scalable network services,1997,kw:openalex:CY2,0,title,0,False,,rule,keyword rule on title (off-topic)
10.1103/physrevd.104.015026,Complete set of dimension-eight operators in the standard model effective field theory,2021,kw:openalex:CY4,0,title+abstract,0,False,,rule,keyword rule on title (off-topic)
10.1016/s0165-1684(03)00002-1,Computation of symmetric positive definite Toeplitz matrices by the hybrid steepest descent method,2003,fwd:OY02,0,title,0,False,,rule,keyword rule on title (off-topic)
10.1007/s11228-020-00548-y,Continuous Dynamics Related to Monotone Inclusions and Non-Smooth Optimization Problems,2020,fwd:OY02,0,title,1,False,,rule,keyword rule on title (broad field)
10.1016/j.jmse.2020.02.002,"Contraction flexibility, operating leverage, and financial leverage",2020,kw:openalex:CY4,0,title,0,False,,rule,keyword rule on title (off-topic)
10.1103/revmodphys.88.035006,Control principles of complex systems,2016,kw:openalex:CY3,0,title,0,False,,rule,keyword rule on title (off-topic)
10.1007/978-3-540-85367-1_7,Convergence Rate Analysis,2009,fwd:OY02,0,title,0,False,,rule,keyword rule on title (off-topic)
10.1007/978-3-319-41589-5_4,Convergence Rate Analysis of Several Splitting Schemes,2016,fwd:OY02,0,title,1,False,,rule,keyword rule on title (broad field)
10.1007/s10957-022-02136-6,Convergence Rates for the Relaxed Peaceman-Rachford Splitting Method on a Monotone Inclusion Problem,2022,kw:openalex:CY1;kw:openalex:CY4,0,title,1,False,,rule,keyword rule on title (broad field)
10.1007/s10957-019-01524-9,Convergence Rates of Forward–Douglas–Rachford Splitting Method,2019,fwd:OY02,0,title,1,False,,rule,keyword rule on title (broad field)
10.48550/arxiv.1109.2415,Convergence Rates of Inexact Proximal-Gradient Methods for Convex Optimization,2011,kw:openalex:CY1,0,title,1,False,,rule,keyword rule on title (broad field)
10.1155/2021/9980309,Convergence Theorems for the Variational Inequality Problems and Split Feasibility Problems in Hilbert Spaces,2021,fwd:CY15,0,title,1,False,,rule,keyword rule on title (broad field)
10.1186/s13660-019-2097-4,Convergence analysis of a variable metric forward–backward splitting algorithm with applications,2019,fwd:CY15;fwd:OY02,0,title,1,False,,rule,keyword rule on title (broad field)
10.1007/978-3-642-30901-4_3,Convergence of Iterative Methods,2012,fwd:OY02,0,title,0,False,,rule,keyword rule on title (off-topic)
10.1007/s00245-019-09584-z,Convergence of a Relaxed Inertial Forward–Backward Algorithm for Structured Monotone Inclusions,2019,fwd:CY15,0,title,1,False,,rule,keyword rule on title (broad field)
10.1109/icassp.2019.8682318,Convexity-edge-preserving Signal Recovery with Linearly Involved Generalized Minimax Concave Penalty Function,2019,fwd:CY15,0,title,0,False,,rule,keyword rule on title (off-topic)
10.1609/aaai.v32i1.11573,Convolutional 2D Knowledge Graph Embeddings,2018,kw:openalex:CY2,0,title+abstract,0,False,,rule,keyword rule on title (off-topic)
10.1016/j.laa.2021.09.004,Convolutional proximal neural networks and Plug-and-Play algorithms,2021,fwd:CY15,0,title,1,False,,rule,keyword rule on title (broad field)
10.4310/amsa.2016.v1.n1.a2,"Coordinate-friendly structures, algorithms and applications",2016,kw:openalex:CY1,0,title,0,False,,rule,keyword rule on title (off-topic)
10.1016/s0370-1573(03)00120-0,Cosmological constant—the weight of the vacuum,2003,kw:openalex:CY3,0,title,0,False,,rule,keyword rule on title (off-topic)
10.1002/9781119827962.ch7,Cyber Restrictions: Imperfect Communication in Power Control of Microgrids,2022,fwd:CY15,0,title,0,False,,rule,keyword rule on title (off-topic)
10.1002/9781119827962.ch8,Cyber Restrictions: Imperfect Communication in Voltage Control of Active Distribution Networks,2022,fwd:CY15,0,title,0,False,,rule,keyword rule on title (off-topic)
10.1142/9789814368605_0003,DIFFERENTIAL-DIFFERENCE EQUATIONS,1987,kw:openalex:CY3,0,title+abstract,0,False,,rule,keyword rule on title (off-topic)
10.1007/s10107-017-1172-1,Data-Driven Distributionally Robust Optimization Using the Wasserstein Metric: Performance Guarantees and Tractable Reformulations,2015,kw:openalex:CY1,0,title+abstract,0,False,,rule,keyword rule on title (off-topic)
10.1016/j.eng.2018.11.020,Deep Learning in Medical Ultrasound Analysis: A Review,2019,kw:openalex:CY2,0,title,0,False,,rule,keyword rule on title (off-topic)
10.1007/s11228-019-00526-z,Deep Neural Network Structures Solving Variational Inequalities,2020,fwd:CY15,0,title,1,True,,override,L2 full text (author PDF svva5): averagedness conditions for layered composites; no tightness/sharpness statement
10.3934/ipi.2023014,"Deep-plug-and-play proximal Gauss-Newton method with applications to nonlinear, ill-posed inverse problems",2023,kw:openalex:CY1,0,title,1,False,,rule,keyword rule on title (broad field)
10.1109/tit.2010.2093310,Dequantizing Compressed Sensing: When Oversampling and Non-Gaussian Constraints Combine,2010,kw:openalex:CY1,0,title,0,False,,rule,keyword rule on title (off-topic)
10.48550/arxiv.2003.03123,Directional Message Passing for Molecular Graphs,2020,kw:openalex:CY2,0,title,0,False,,rule,keyword rule on title (off-topic)
10.1145/3386569.3392389,Discrete differential operators on polygonal meshes,2020,kw:openalex:CY3,0,title+abstract,0,False,,rule,keyword rule on title (off-topic)
10.1002/pro.2458,Distance restraints from crosslinking mass spectrometry: Mining a molecular dynamics simulation database to evaluate lysine–lysine distances,2014,kw:openalex:CY3,0,title,0,False,,rule,keyword rule on title (off-topic)
10.1007/978-981-95-0911-9_7,Distributed Algorithm for Constrained Optimization with Asynchrony and Delays,2025,fwd:OY02,0,title,0,False,,rule,keyword rule on title (off-topic)
10.1109/tac.2020.3005922,Distributed Generalized Nash Equilibrium Seeking in Aggregative Games on Time-Varying Networks,2020,fwd:CY15,0,title,0,False,,rule,keyword rule on title (off-topic)
10.1007/978-981-95-0911-9_6,Distributed Primal-Dual Forward-Backward Splitting Algorithm for Nonsmooth Composite Optimization,2025,fwd:CY15;fwd:OY02,0,title,1,False,,rule,keyword rule on title (broad field)
10.1162/coli_a_00016,Distributional Memory: A General Framework for Corpus-Based Semantics,2010,kw:openalex:CY4,0,title,0,False,,rule,keyword rule on title (off-topic)
10.48550/arxiv.1805.09396,Douglas-Rachford splitting for a Lipschitz continuous and a strongly monotone operator,2018,kw:openalex:CY1;kw:openalex:CY4,0,title+abstract,1,False,,rule,keyword rule on title (broad field)
10.23952/jano.3.2021.3.08,Dual three-operator splitting algorithms for solving composite monotone inclusion with applications to convex minimization,2021,fwd:CY15,0,title,1,False,,rule,keyword rule on title (broad field)
10.1109/tac.2017.2672902,Dynamic Control of Agents Playing Aggregative Games With Coupling Constraints,2017,fwd:CY15;kw:openalex:CY1,0,title+abstract,0,False,,rule,keyword rule on title (off-topic)
10.1111/j.1365-2966.2009.15715.x,E pur si muove: Galilean-invariant cosmological hydrodynamical simulations on a moving mesh,2009,kw:openalex:CY4,0,title+abstract,0,False,,rule,keyword rule on title (off-topic)
10.1038/s41467-022-29939-5,E(3)-equivariant graph neural networks for data-efficient and accurate interatomic potentials,2022,kw:openalex:CY2,0,title+abstract,0,False,,rule,keyword rule on title (off-topic)
10.1145/3635159,EMG-Based Automatic Gesture Recognition Using Lipschitz-Regularized Neural Networks,2023,kw:openalex:CY1,0,title+abstract,0,False,,rule,keyword rule on title (off-topic)
10.24840/2184-4933_2018-0034_0011,ESTUDO DO DESIGN DE ORIGAMI TESSELLATIONS,2018,kw:openalex:CY3,0,title,0,False,,rule,keyword rule on title (off-topic)
10.1016/j.jrmge.2020.02.004,Effect of biopolymers on permeability of sand-bentonite mixtures,2020,kw:openalex:CY1,0,title+abstract,0,False,,rule,keyword rule on title (off-topic)
10.14232/actacyb.314364,Effective Representation and Fast Computing With Polyarc Bounded Intervals,2025,kw:openalex:CY3,0,title,0,False,,rule,keyword rule on title (off-topic)
10.1088/0034-4885/72/1/016501,Electrothermal transport coefficients at finite frequencies,2008,kw:openalex:CY1,0,title,0,False,,rule,keyword rule on title (off-topic)
10.1088/0953-8984/17/28/r01,Electrowetting: from basics to applications,2005,kw:openalex:CY3,0,title,0,False,,rule,keyword rule on title (off-topic)
10.1038/s41556-018-0038-y,Emerging views of the nucleus as a cellular mechanosensor,2018,kw:openalex:CY4,0,title,0,False,,rule,keyword rule on title (off-topic)
10.48550/arxiv.2403.17572,Enhancing Privacy in Federated Learning through Local Training,2024,kw:openalex:CY1,0,title,0,False,,rule,keyword rule on title (off-topic)
10.3847/1538-3881/aacb21,Estimating Distance from Parallaxes. IV. Distances to 1.33 Billion Stars in Gaia Data Release 2,2018,kw:openalex:CY3,0,title+abstract,0,False,,rule,keyword rule on title (off-topic)
10.3390/psych3030032,Estimating the Stability of Psychological Dimensions via Bootstrap Exploratory Graph Analysis: A Monte Carlo Simulation and Tutorial,2021,kw:openalex:CY2,0,title,0,False,,rule,keyword rule on title (off-topic)
10.1002/sim.2929,Evaluating the added predictive ability of a new marker: From area under the ROC curve to reclassification and beyond,2007,kw:openalex:CY3,0,title+abstract,0,False,,rule,keyword rule on title (off-topic)
10.1090/s0273-0979-06-01126-8,Expander graphs and their applications,2006,kw:openalex:CY2;kw:openalex:CY4,0,title+abstract,0,False,,rule,keyword rule on title (off-topic)
10.1007/s10957-024-02448-9,Exterior-Point Optimization for Sparse and Low-Rank Optimization,2024,kw:openalex:CY1,0,title,0,False,,rule,keyword rule on title (off-topic)
10.1287/moor.2023.0186,Fast Convex Optimization via Time Scale and Averaging of the Steepest Descent,2024,fwd:CY15,0,title,1,False,,rule,keyword rule on title (broad field)
10.1088/1742-5468/2008/10/p10008,Fast unfolding of communities in large networks,2008,kw:openalex:CY2,0,title,0,False,,rule,keyword rule on title (off-topic)
10.1016/j.ijfatigue.2020.106007,"Fatigue behaviour of FDM-3D printed polymers, polymeric composites and architected cellular materials",2020,kw:openalex:CY4,0,title+abstract,0,False,,rule,keyword rule on title (off-topic)
10.1016/j.cosrev.2015.03.001,"Fault tree analysis: A survey of the state-of-the-art in modeling, analysis and tools",2015,kw:openalex:CY2,0,title,0,False,,rule,keyword rule on title (off-topic)
10.2139/ssrn.1600166,Financial Factors in Economic Fluctuations,2010,kw:openalex:CY4,0,title+abstract,0,False,,rule,keyword rule on title (off-topic)
10.1007/978-3-319-41589-5_10,First Order Algorithms in Variational Image Processing,2016,kw:openalex:CY1,0,title,0,False,,rule,keyword rule on title (off-topic)
10.1109/tsp.2021.3069677,Fixed Point Strategies in Data Science,2021,fwd:CY15;fwd:HRY20,0,title+abstract,1,True,,override,survey; full text grep: recalls CY15/HRY20 two-operator constant (eq. (26)); no m>=3 tightness
10.1007/978-1-4419-9569-8,Fixed-Point Algorithms for Inverse Problems in Science and Engineering,2011,kw:openalex:CY1,0,title,1,False,,rule,keyword rule on title (broad field)
10.1038/nature04586,Folding DNA to create nanoscale shapes and patterns,2006,kw:openalex:CY3,0,title+abstract,0,False,,rule,keyword rule on title (off-topic)
10.1613/jair.2934,From Frequency to Meaning: Vector Space Models of Semantics,2010,kw:openalex:CY3,0,title,0,False,,rule,keyword rule on title (off-topic)
10.48550/arxiv.2203.04869,From Halpern's Fixed-Point Iterations to Nesterov's Accelerated Interpretations for Root-Finding Problems,2022,kw:openalex:CY1,0,title,1,False,,rule,keyword rule on title (broad field)
10.48550/arxiv.2004.01442,From Local SGD to Local Fixed-Point Methods for Federated Learning,2020,fwd:CY15,0,title,1,False,,rule,keyword rule on title (broad field)
10.1007/3540543961_7,"Functional programming with bananas, lenses, envelopes and barbed wire",1991,kw:openalex:CY4,0,title,0,False,,rule,keyword rule on title (off-topic)
10.1523/jneurosci.5665-08.2009,GABAergic Neurons of the Medial Septum Lead the Hippocampal Network during Theta Activity,2009,kw:openalex:CY4,0,title,0,False,,rule,keyword rule on title (off-topic)
10.1007/s12220-025-02102-4,GENEOs with Respect to the Projective Hilbert Metric,2025,fwd:CY15,0,title,0,False,,rule,keyword rule on title (off-topic)
10.1088/0264-9381/18/23/302,Gauge field theory coherent states (GCS): IV. Infinite tensor product and thermodynamical limit,2001,kw:openalex:CY2,0,title,0,False,,rule,keyword rule on title (off-topic)
10.1063/1.2770708,Gaussian basis sets for accurate calculations on molecular systems in gas and condensed phases,2007,kw:openalex:CY1;kw:openalex:CY4,0,title+abstract,0,False,,rule,keyword rule on title (off-topic)
10.1103/revmodphys.84.621,Gaussian quantum information,2012,kw:openalex:CY3,0,title+abstract,0,False,,rule,keyword rule on title (off-topic)
10.1007/jhep01(2015)133,General three-point functions in 4D CFT,2015,kw:openalex:CY4,0,title,0,False,,rule,keyword rule on title (off-topic)
oa:https://openalex.org/W2103088017,Genetic algorithm approaches for the phylogenetic analysis of large biological sequence datasets under the maximum likelihood criterion,2006,kw:openalex:CY3,0,title+abstract,0,False,,rule,keyword rule on title (off-topic)
10.1186/1471-2105-14-60,Genome sequence-based species delimitation with confidence intervals and improved distance functions,2013,kw:openalex:CY3,0,title+abstract,0,False,,rule,keyword rule on title (off-topic)
10.3133/pp560d,Geology of the Arabian Peninsula: Sedimentary geology of Saudi Arabia,1966,kw:openalex:CY4,0,title,0,False,,rule,keyword rule on title (off-topic)
10.5802/aif.3039,Global analysis of quasilinear wave equations on asymptotically de Sitter spaces,2016,kw:openalex:CY1,0,title,0,False,,rule,keyword rule on title (off-topic)
10.1016/j.jfa.2014.04.009,Global functional calculus for operators on compact Lie groups,2014,kw:openalex:CY1,0,title+abstract,0,False,,rule,keyword rule on title (off-topic)
10.3386/w17143,"Globalization, Structural Change and Productivity Growth",2011,kw:openalex:CY4,0,title,0,False,,rule,keyword rule on title (off-topic)
10.1609/aaai.v35i5.16523,Graph Neural Network-Based Anomaly Detection in Multivariate Time Series,2021,kw:openalex:CY2,0,title,0,False,,rule,keyword rule on title (off-topic)
10.1186/s40649-019-0069-y,Graph convolutional networks: a comprehensive review,2019,kw:openalex:CY2,0,title,0,False,,rule,keyword rule on title (off-topic)
10.1038/s43246-022-00315-6,Graph neural networks for materials science and chemistry,2022,kw:openalex:CY2,0,title,0,False,,rule,keyword rule on title (off-topic)
10.12942/lrr-2004-9,Gravitational Lensing from a Spacetime Perspective,2004,kw:openalex:CY3,0,title,0,False,,rule,keyword rule on title (off-topic)
10.3390/ma14020351,"Green Concrete for a Circular Economy: A Review on Sustainability, Durability, and Structural Properties",2021,kw:openalex:CY3,0,title,0,False,,rule,keyword rule on title (off-topic)
10.1090/bull/1681,"Group actions, divisors, and plane curves",2020,kw:openalex:CY3,0,title,0,False,,rule,keyword rule on title (off-topic)
10.1890/es12-00048.1,Guidelines for a graph‐theoretic implementation of structural equation modeling,2012,kw:openalex:CY2,0,title+abstract,0,False,,rule,keyword rule on title (off-topic)
10.1145/3292500.3330961,Heterogeneous Graph Neural Network,2019,kw:openalex:CY2,0,title,0,False,,rule,keyword rule on title (off-topic)
10.1145/3366423.3380027,Heterogeneous Graph Transformer,2020,kw:openalex:CY2,0,title+abstract,0,False,,rule,keyword rule on title (off-topic)
10.1109/tsp.2014.2373318,Hierarchical Convex Optimization With Primal-Dual Splitting,2014,fwd:OY02,0,title,1,False,,rule,keyword rule on title (broad field)
10.1007/978-3-030-25939-6_16,Hierarchical Convex Optimization by the Hybrid Steepest Descent Method with Proximal Splitting Operators—Enhancements of SVM and Lasso,2019,fwd:CY15;fwd:OY02,0,title,1,False,,rule,keyword rule on title (broad field)
10.1016/j.earscirev.2013.04.003,High-resolution X-ray computed tomography in geosciences: A review of the current technology and applications,2013,kw:openalex:CY1;kw:openalex:CY4,0,title,0,False,,rule,keyword rule on title (off-topic)
10.1038/s41586-021-03819-2,Highly accurate protein structure prediction with AlphaFold,2021,kw:openalex:CY3,0,title+abstract,0,False,,rule,keyword rule on title (off-topic)
10.5194/se-10-1877-2019,Hydraulic fracture propagation in a heterogeneous stress field in a crystalline rock mass,2019,kw:openalex:CY4,0,title,0,False,,rule,keyword rule on title (off-topic)
10.1609/aaai.v35i5.16563,Hyperbolic Variational Graph Neural Network for Modeling Dynamic Graphs,2021,kw:openalex:CY2,0,title,0,False,,rule,keyword rule on title (off-topic)
10.1007/s10013-018-0279-x,Implicit Error Bounds for Picard Iterations on Hilbert Spaces,2018,kw:openalex:CY1,0,title+abstract,0,False,,rule,keyword rule on title (off-topic)
10.48550/arxiv.1901.01487,Improved variable coefficient square functions and local smoothing of Fourier integral operators,2019,kw:openalex:CY1,0,title,0,False,,rule,keyword rule on title (off-topic)
10.1002/pro.3280,Improvements to the APBS biomolecular solvation software suite,2017,kw:openalex:CY2,0,title,0,False,,rule,keyword rule on title (off-topic)
10.48550/arxiv.1706.02216,Inductive Representation Learning on Large Graphs,2017,kw:openalex:CY2,0,title+abstract,0,False,,rule,keyword rule on title (off-topic)
10.1038/nature01262,Initial sequencing and comparative analysis of the mouse genome,2002,kw:openalex:CY2,0,title,0,False,,rule,keyword rule on title (off-topic)
10.1007/978-3-642-30901-4_1,Introduction,2012,fwd:OY02,0,title,0,False,,rule,keyword rule on title (off-topic)
10.1007/s10915-022-01906-8,Inverting Incomplete Fourier Transforms by a Sparse Regularization Model and Applications in Seismic Wavefield Modeling,2022,fwd:CY15,0,title,0,False,,rule,keyword rule on title (off-topic)
10.53846/goediss-8802,Investigations in Hadamard spaces,2021,fwd:CY15,0,title,0,False,,rule,keyword rule on title (off-topic)
10.1007/s13373-011-0017-0,Isoperimetric inequalities for eigenvalues of the Laplacian and the Schrödinger operator,2012,kw:openalex:CY3,0,title,0,False,,rule,keyword rule on title (off-topic)
10.1016/j.na.2013.02.012,Iteration–discretization methods for variational inequalities over fixed point sets,2013,fwd:OY02,0,title,1,False,,rule,keyword rule on title (broad field)
10.1007/978-3-642-30901-4,Iterative Methods for Fixed Point Problems in Hilbert Spaces,2012,fwd:OY02,0,title,1,False,,rule,keyword rule on title (broad field)
10.1007/s11075-017-0282-4,Iterative algorithms for the multiple-sets split feasibility problem in Hilbert spaces,2017,fwd:CY15,0,title,1,False,,rule,keyword rule on title (broad field)
10.1109/tcomm.2020.2973976,"Joint Radar and Communication Design: Applications, State-of-the-Art, and the Road Ahead",2020,kw:openalex:CY4,0,title+abstract,0,False,,rule,keyword rule on title (off-topic)
10.1088/1742-6596/437/1/012024,"Klein bottle logophysics: a unified principle for non-linear systems, cosmology, geophysics, biology, biomechanics and perception",2013,kw:openalex:CY3,0,title+abstract,0,False,,rule,keyword rule on title (off-topic)
10.1145/3447772,Knowledge Graphs,2021,kw:openalex:CY2,0,title+abstract,0,False,,rule,keyword rule on title (off-topic)
10.3233/sw-160218,Knowledge graph refinement: A survey of approaches and evaluation methods,2016,kw:openalex:CY2,0,title,0,False,,rule,keyword rule on title (off-topic)
10.1016/j.cpc.2021.108171,"LAMMPS - a flexible simulation tool for particle-based materials modeling at the atomic, meso, and continuum scales",2021,kw:openalex:CY2;kw:openalex:CY4,0,title+abstract,0,False,,rule,keyword rule on title (off-topic)
10.1145/2741948.2741964,Large-scale cluster management at Google with Borg,2015,kw:openalex:CY2,0,title,0,False,,rule,keyword rule on title (off-topic)
10.1038/ncomms6714,Laser-induced porous graphene films from commercial polymers,2014,kw:openalex:CY3,0,title,0,False,,rule,keyword rule on title (off-topic)
10.1088/1361-6420/ab551e,Linearly involved generalized Moreau enhanced models and their proximal splitting algorithm under overall convexity condition,2019,fwd:CY15;fwd:OY02,0,title,1,False,,rule,keyword rule on title (broad field)
10.1007/s10957-017-1061-z,Local Convergence Properties of Douglas–Rachford and Alternating Direction Method of Multipliers,2017,fwd:CY15,0,title,1,False,,rule,keyword rule on title (broad field)
10.1080/02331934.2018.1426584,Local linear convergence analysis of Primal–Dual splitting methods,2018,fwd:CY15;fwd:OY02;kw:openalex:CY1,0,title,1,False,,rule,keyword rule on title (broad field)
10.1090/s0894-0347-1993-1168960-6,Local smoothing of Fourier integral operators and Carleson-Sjölin estimates,1993,kw:openalex:CY1;kw:openalex:CY4,0,title+abstract,0,False,,rule,keyword rule on title (off-topic)
10.1090/s0002-9947-02-03195-1,Logmodularity and isometries of operator algebras,2002,kw:openalex:CY4,0,title,0,False,,rule,keyword rule on title (off-topic)
10.1007/jhep03(2018)016,Low-energy effective field theory below the electroweak scale: operators and matching,2018,kw:openalex:CY2,0,title,0,False,,rule,keyword rule on title (off-topic)
10.1007/s42979-021-00592-x,"Machine Learning: Algorithms, Real-World Applications and Research Directions",2021,kw:openalex:CY2,0,title+abstract,0,False,,rule,keyword rule on title (off-topic)
10.1002/mrm.20642,Mapping complex tissue architecture with diffusion spectrum magnetic resonance imaging,2005,kw:openalex:CY3;kw:openalex:CY4,0,title+abstract,0,False,,rule,keyword rule on title (off-topic)
10.1086/305772,Maps of Dust Infrared Emission for Use in Estimation of Reddening and Cosmic Microwave Background Radiation Foregrounds,1998,kw:openalex:CY3,0,title,0,False,,rule,keyword rule on title (off-topic)
10.1016/j.jcsr.2020.106099,Material properties and residual stresses of cold-formed high-strength-steel circular hollow sections,2020,kw:openalex:CY3,0,title,0,False,,rule,keyword rule on title (off-topic)
10.1038/s41746-021-00455-y,Med-BERT: pretrained contextualized embeddings on large-scale structured electronic health records for disease prediction,2021,kw:openalex:CY2,0,title,0,False,,rule,keyword rule on title (off-topic)
10.1186/s13059-019-1812-2,MetaCell: analysis of single-cell RNA-seq data using K-nn graph partitions,2019,kw:openalex:CY2,0,title,0,False,,rule,keyword rule on title (off-topic)
10.1007/s10898-018-0727-x,MiKM: multi-step inertial Krasnosel’skiǐ–Mann algorithm and its applications,2018,fwd:OY02,0,title,1,False,,rule,keyword rule on title (broad field)
10.1016/j.compositesa.2011.01.003,Microcracking of composites reinforced by stitched multiaxials subjected to cyclical hygrothermal loadings,2011,kw:openalex:CY4,0,title,0,False,,rule,keyword rule on title (off-topic)
10.12942/lrr-2013-2,Minimal Length Scale Scenarios for Quantum Gravity,2013,kw:openalex:CY2,0,title+abstract,0,False,,rule,keyword rule on title (off-topic)
10.1109/tac.2023.3274690,Monotone One-Port Circuits,2023,fwd:PAT21;fwd:RHY22,0,title+abstract,1,False,,override,circuits; monotone operators
10.1007/s10107-018-1303-3,Monotone operator theory in convex optimization,2018,fwd:CY15,0,title,1,False,,rule,keyword rule on title (broad field)
10.33612/diss.166885555,Multi-agent network games with applications in smart electric mobility,2021,fwd:CY15,0,title,0,False,,rule,keyword rule on title (off-topic)
10.1016/j.neuroimage.2007.09.048,Multiple sparse priors for the M/EEG inverse problem,2007,kw:openalex:CY1,0,title+abstract,0,False,,rule,keyword rule on title (off-topic)
10.1214/09-aos729,Nearly unbiased variable selection under minimax concave penalty,2010,kw:openalex:CY4,0,title+abstract,0,False,,rule,keyword rule on title (off-topic)
10.48550/arxiv.2202.10822,Neighbors,2022,kw:openalex:CY3,0,title,0,False,,rule,keyword rule on title (off-topic)
10.1101/cshperspect.a018309,Neurofilaments and Neurofilament Proteins in Health and Disease,2017,kw:openalex:CY4,0,title,0,False,,rule,keyword rule on title (off-topic)
10.1103/revmodphys.94.015004,Noisy intermediate-scale quantum algorithms,2022,kw:openalex:CY2,0,title,0,False,,rule,keyword rule on title (off-topic)
10.48550/arxiv.2204.01877,Non-Euclidean Monotone Operator Theory with Applications to Recurrent Neural Networks,2022,kw:openalex:CY1,0,title,1,False,,rule,keyword rule on title (broad field)
10.1017/cbo9780511535123,Nonequilibrium Quantum Field Theory,2008,kw:openalex:CY3,0,title,0,False,,rule,keyword rule on title (off-topic)
10.1007/978-3-030-91654-1_2,Notation and Mathematical Foundations,2021,fwd:CY15;fwd:HRY20,0,title+abstract,1,False,,override,book chapter (Dong et al.); background; paywalled
10.1016/j.ppnp.2008.05.001,Nuclear magic numbers: New features far from stability,2008,kw:openalex:CY3,0,title,0,False,,rule,keyword rule on title (off-topic)
10.1017/s0962492912000037,Numerical-asymptotic boundary integral methods in high-frequency acoustic scattering,2012,kw:openalex:CY1,0,title,0,False,,rule,keyword rule on title (off-topic)
10.24840/2184-4933_2018-0034_0010,ORIGAMI TESSELATIONS,2018,kw:openalex:CY3,0,title,0,False,,rule,keyword rule on title (off-topic)
10.1007/s12532-020-00179-2,OSQP: an operator splitting solver for quadratic programs,2020,kw:openalex:CY2,0,title,1,False,,rule,keyword rule on title (broad field)
10.48550/arxiv.2302.09504,On Douglas-Rachford splitting that generally fails to be a proximal mapping: A degenerate proximal point analysis,2023,kw:openalex:CY1,0,title,1,False,,rule,keyword rule on title (broad field)
10.1007/978-3-7643-8969-7_9,On Local and Global Regularity of Fourier Integral Operators,2008,kw:openalex:CY1,0,title,0,False,,rule,keyword rule on title (off-topic)
10.1090/s0273-0979-1989-15750-9,"On a theory of computation and complexity over the real numbers: 𝑁𝑃- completeness, recursive functions and universal machines",1989,kw:openalex:CY3,0,title,0,False,,rule,keyword rule on title (off-topic)
10.1016/j.jde.2013.07.029,On completeness of root functions of Sturm–Liouville problems with discontinuous boundary operators,2013,kw:openalex:CY1,0,title,0,False,,rule,keyword rule on title (off-topic)
10.1073/pnas.1907377117,On instabilities of deep learning in image reconstruction and the potential costs of AI,2020,kw:openalex:CY4,0,title,0,False,,rule,keyword rule on title (off-topic)
10.1007/978-3-030-25939-6_15,On the Acceleration of Forward-Backward Splitting via an Inexact Newton Method,2019,kw:openalex:CY1;kw:openalex:CY4,0,title+abstract,1,False,,rule,keyword rule on title (broad field)
10.1007/s11590-020-01635-7,On the convergence of algorithms with Tikhonov regularization terms,2020,fwd:OY02,0,title,0,False,,rule,keyword rule on title (off-topic)
10.1007/s10107-018-1321-1,On the equivalence of the primal-dual hybrid gradient method and Douglas–Rachford splitting,2018,fwd:CY15,0,title,1,False,,rule,keyword rule on title (broad field)
10.1080/02331934.2020.1767101,On the optimal relaxation parameters of Krasnosel'ski–Mann iteration,2020,fwd:CY15;fwd:OY02,0,title,1,False,,override,KM relaxation; single operator
10.1007/jhep05(2021)033,On the stress tensor light-ray operator algebra,2021,kw:openalex:CY3,0,title,0,False,,rule,keyword rule on title (off-topic)
oa:https://openalex.org/W3165799890,OpReg-Boost: Learning to Accelerate Online Algorithms with Operator Regression,2021,kw:openalex:CY1,0,title,0,False,,rule,keyword rule on title (off-topic)
10.1186/1758-2946-3-33,Open Babel: An open chemical toolbox,2011,kw:openalex:CY2,0,title+abstract,0,False,,rule,keyword rule on title (off-topic)
10.1007/s00158-019-02211-z,"OpenMDAO: an open-source framework for multidisciplinary design, analysis, and optimization",2019,kw:openalex:CY2,0,title,0,False,,rule,keyword rule on title (off-topic)
oa:https://openalex.org/W2589883535,Operator Theory for Analysis of Convex Optimization Methods in Machine Learning,2014,kw:openalex:CY1,0,title,0,False,,rule,keyword rule on title (off-topic)
10.48550/arxiv.2505.22363,Operator-Splitting Methods for Neuromorphic Circuit Simulation,2025,kw:openalex:CY1,0,title,1,False,,rule,keyword rule on title (broad field)
oa:https://openalex.org/W2903572344,Opérateurs monotones aléatoires et application à l'optimisation stochastique,2018,kw:openalex:CY1,0,title,1,False,,rule,keyword rule on title (broad field)
10.1101/gr.1224503,OrthoMCL: Identification of Ortholog Groups for Eukaryotic Genomes,2003,kw:openalex:CY2,0,title,0,False,,rule,keyword rule on title (off-topic)
10.1016/j.jfa.2006.11.005,Oscillatory integral operators with homogeneous polynomial phases in several variables,2007,kw:openalex:CY1,0,title+abstract,0,False,,rule,keyword rule on title (off-topic)
10.1016/j.jmaa.2016.11.018,Over relaxed hybrid proximal extragradient algorithm and its application to several operator splitting methods,2016,fwd:CY15,0,title,1,False,,rule,keyword rule on title (broad field)
10.21203/rs.3.rs-10685329/v1,Over-Relaxed Projected-Forward Iterations for Cocoercive Variational Inequalities: Active-Face Spectral Tuning,2026,kw:openalex:CY4,0,title,0,False,,rule,keyword rule on title (off-topic)
10.1088/1361-6420/adb8c6,PALADIN: a novel plug-and-play 3D CS-MRI reconstruction method,2025,fwd:CY15;fwd:OY02,0,title,0,False,,rule,keyword rule on title (off-topic)
10.24840/2184-4933_2018-0034_0002,PARAMETRIC MODELLING OF CLASS II MECHANISMS APPLIED IN MOVABLE STRUCTURES,2018,kw:openalex:CY3,0,title,0,False,,rule,keyword rule on title (off-topic)
10.33084/anterior.v23i2.5954,PEMAHAMAN KONSEP GEOMETRI DASAR MAHASISWA PENDIDIKAN MATEMATIKA,2024,fwd:RHY22,0,title,0,False,,rule,keyword rule on title (off-topic)
10.24840/2184-4933_2018-0034_0007,PRODUCING DESIGN OBJECTS FROM REGULAR POLYHEDRA: A PRACTICAL APPROACH,2018,kw:openalex:CY3,0,title,0,False,,rule,keyword rule on title (off-topic)
10.48550/arxiv.2204.02311,PaLM: Scaling Language Modeling with Pathways,2022,kw:openalex:CY2,0,title,0,False,,rule,keyword rule on title (off-topic)
10.1111/j.1365-246x.2006.02946.x,Parallel 3-D simulation of seismic wave propagation in heterogeneous anisotropic media: a grid method approach,2006,kw:openalex:CY4,0,title,0,False,,rule,keyword rule on title (off-topic)
oa:https://openalex.org/W1535320506,Path planning in changeable environments,2004,kw:openalex:CY3,0,title+abstract,0,False,,rule,keyword rule on title (off-topic)
10.1038/nrn2402,Petilla terminology: nomenclature of features of GABAergic interneurons of the cerebral cortex,2008,kw:openalex:CY4,0,title+abstract,0,False,,rule,keyword rule on title (off-topic)
10.1016/s0004-3702(98)00023-x,Planning and acting in partially observable stochastic domains,1998,kw:openalex:CY4,0,title,0,False,,rule,keyword rule on title (off-topic)
10.1109/msp.2014.2377273,Playing with Duality: An overview of recent primal?dual approaches for solving large-scale optimization problems,2015,kw:openalex:CY1,0,title,0,False,,rule,keyword rule on title (off-topic)
10.1088/0034-4885/71/1/016501,Polarity of oxide surfaces and nanostructures,2007,kw:openalex:CY4,0,title,0,False,,rule,keyword rule on title (off-topic)
10.1016/j.advwatres.2012.03.003,Pore-scale imaging and modelling,2012,kw:openalex:CY2,0,title+abstract,0,False,,rule,keyword rule on title (off-topic)
10.1007/bf02953774,Positive scalar curvature and the Dirac operator on complete riemannian manifolds,1983,kw:openalex:CY4,0,title+abstract,0,False,,rule,keyword rule on title (off-topic)
10.1137/15m1018253,Preconditioning of a Generalized Forward-Backward Splitting and Application to Optimization on Graphs,2015,fwd:CY15;fwd:OY02,0,title,1,False,,rule,keyword rule on title (broad field)
10.1016/j.apnum.2020.06.005,Primal-dual fixed point algorithm based on adapted metric method for solving convex minimization problem with application,2020,fwd:CY15,0,title,1,False,,rule,keyword rule on title (broad field)
10.1016/j.nonrwa.2023.104021,Projected solutions of generalized quasivariational problems in Banach spaces,2023,kw:openalex:CY1,0,title,0,False,,rule,keyword rule on title (off-topic)
10.23919/ecc.2018.8550342,Projected-gradient algorithms for Generalized Equilibrium seeking in Aggregative Games arepreconditioned Forward-Backward methods,2018,fwd:CY15,0,title,0,False,,rule,keyword rule on title (off-topic)
10.25675/3.021826,Protein interface prediction using graph convolutional networks,2017,kw:openalex:CY2,0,title+abstract,0,False,,rule,keyword rule on title (off-topic)
10.1109/tcns.2017.2754358,Proximal Dynamics in Multiagent Network Games,2017,fwd:CY15,0,title,1,False,,rule,keyword rule on title (broad field)
10.1007/978-3-030-86664-8_4,Proximal Gradient Methods for Machine Learning and Imaging,2021,fwd:CY15,0,title,1,False,,rule,keyword rule on title (broad field)
10.1137/20m1379344,"Proximal Splitting Algorithms for Convex Optimization: A Tour of Recent Advances, with New Twists",2023,fwd:OY02;kw:openalex:CY1,0,title+abstract,1,False,,rule,keyword rule on title (broad field)
10.48550/arxiv.1912.01703,"PyTorch: An Imperative Style, High-Performance Deep Learning Library",2019,kw:openalex:CY2,0,title,0,False,,rule,keyword rule on title (off-topic)
10.32614/r.manuals,R: A Language and Environment for Statistical Computing,2000,kw:openalex:CY2;kw:openalex:CY3,0,title+abstract,0,False,,rule,keyword rule on title (off-topic)
10.1090/s0894-0347-07-00581-4,Rankin-Selberg without unfolding and bounds for spherical Fourier coefficients of Maass forms,2007,kw:openalex:CY1,0,title,0,False,,rule,keyword rule on title (off-topic)
10.1186/gb-2012-13-12-r122,Ray Meta: scalable de novo metagenome assembly and profiling,2012,kw:openalex:CY2,0,title,0,False,,rule,keyword rule on title (off-topic)
10.1016/j.jnucmat.2012.08.018,Recent progress in research on tungsten materials for nuclear fusion applications in Europe,2012,kw:openalex:CY4,0,title+abstract,0,False,,rule,keyword rule on title (off-topic)
10.48550/arxiv.2205.12454,"Recipe for a General, Powerful, Scalable Graph Transformer",2022,kw:openalex:CY2,0,title,0,False,,rule,keyword rule on title (off-topic)
10.1016/j.physrep.2006.11.001,Recurrence plots for the analysis of complex systems,2007,kw:openalex:CY3,0,title+abstract,0,False,,rule,keyword rule on title (off-topic)
10.48550/arxiv.2104.05942,Recurrent Equilibrium Networks: Flexible Dynamic Models with Guaranteed Stability and Robustness,2021,kw:openalex:CY1,0,title+abstract,0,False,,rule,keyword rule on title (off-topic)
10.1007/s11831-008-9019-9,Reduced Basis Approximation and a Posteriori Error Estimation for Affinely Parametrized Elliptic Coercive Partial Differential Equations,2008,kw:openalex:CY4,0,title+abstract,0,False,,rule,keyword rule on title (off-topic)
10.1039/d1ra03785d,Reducing the resistance for the use of electrochemical impedance spectroscopy analysis in materials chemistry,2021,kw:openalex:CY2,0,title,0,False,,rule,keyword rule on title (off-topic)
10.1016/j.jmaa.2008.03.028,Regularized and inertial algorithms for common fixed points of nonlinear operators,2008,kw:openalex:CY4,0,title,1,False,,rule,keyword rule on title (broad field)
10.1006/jsco.2002.0562,"Relax, but Don’t be Too Lazy",2002,kw:openalex:CY4,0,title+abstract,0,False,,rule,keyword rule on title (off-topic)
10.1017/cbo9780511622656,"Renormalization An Introduction to Renormalization, the Renormalization Group and the Operator-Product Expansion",1984,kw:openalex:CY2,0,title+abstract,0,False,,rule,keyword rule on title (off-topic)
10.1007/jhep04(2014)159,Renormalization group evolution of the Standard Model dimension six operators III: gauge coupling dependence and phenomenology,2014,kw:openalex:CY2,0,title,0,False,,rule,keyword rule on title (off-topic)
10.1093/sysbio/syw021,RevBayes: Bayesian Phylogenetic Inference Using Graphical Models and an Interactive Model-Specification Language,2016,kw:openalex:CY2,0,title+abstract,0,False,,rule,keyword rule on title (off-topic)
10.1016/j.pmatsci.2019.100590,Revisiting fundamental welding concepts to improve additive manufacturing: From theory to practice,2019,kw:openalex:CY3,0,title,0,False,,rule,keyword rule on title (off-topic)
10.48550/arxiv.1307.1875,Riemannian Submanifolds: A Survey,2013,kw:openalex:CY3,0,title+abstract,0,False,,rule,keyword rule on title (off-topic)
10.48550/arxiv.1601.00698,SMART: The Stochastic Monotone Aggregated Root-Finding Algorithm,2016,fwd:CY15,0,title,1,False,,rule,keyword rule on title (broad field)
10.1038/s43588-021-00112-0,Scalable Optical Learning Operator,2020,kw:openalex:CY2,0,title,0,False,,rule,keyword rule on title (off-topic)
10.1016/j.ejcon.2024.101050,Scaled graphs for reset control system analysis,2024,fwd:HRY20;fwd:RHY22,0,title+abstract,1,False,,override,SRG approximation for reset controllers
10.1090/mcom/3303,Scaling algorithms for unbalanced optimal transport problems,2017,kw:openalex:CY2,0,title,0,False,,rule,keyword rule on title (off-topic)
10.1111/j.1365-2486.2008.01557.x,Scaling environmental change through the community‐level: a trait‐based response‐and‐effect framework for plants,2008,kw:openalex:CY2,0,title,0,False,,rule,keyword rule on title (off-topic)
10.1038/nature21350,Scaling single-cell genomics from phenomenology to mechanism,2017,kw:openalex:CY2,0,title,0,False,,rule,keyword rule on title (off-topic)
10.1145/502807.502809,Searching in high-dimensional spaces,2001,kw:openalex:CY3,0,title,0,False,,rule,keyword rule on title (off-topic)
10.1137/15m1012657,Second Order Forward-Backward Dynamical Systems For Monotone Inclusion Problems,2016,fwd:OY02,0,title,1,False,,rule,keyword rule on title (broad field)
10.1137/24m1656530,Short Communication: FISTA Iterates Converge Linearly for Denoiser-Driven Regularization,2025,fwd:RHY22,0,title,0,False,,override,application
10.1038/nbt.3935,"Shotgun metagenomics, from sampling to analysis",2017,kw:openalex:CY2,0,title+abstract,0,False,,rule,keyword rule on title (off-topic)
10.1587/essfr.5.68,"Signal Processing, Optimization, Inverse Problems",2011,fwd:OY02,0,title,0,False,,rule,keyword rule on title (off-topic)
10.1017/s0033583500003644,Single-particle electron cryo-microscopy: towards atomic resolution,2000,kw:openalex:CY4,0,title,0,False,,rule,keyword rule on title (off-topic)
10.48550/arxiv.2111.04177,Solution to a Monotone Inclusion Problem using the Relaxed\n Peaceman-Rachford Splitting Method: Convergence and its Rates,2021,kw:openalex:CY4,0,title,1,False,,rule,keyword rule on title (broad field)
10.1016/b978-0-12-396502-8.00023-1,Sparsity-Aware Learning and Compressed Sensing: An Overview,2014,fwd:OY02,0,title,0,False,,rule,keyword rule on title (off-topic)
10.1609/aaai.v32i1.12328,Spatial Temporal Graph Convolutional Networks for Skeleton-Based Action Recognition,2018,kw:openalex:CY2,0,title+abstract,0,False,,rule,keyword rule on title (off-topic)
10.12942/lrr-2009-1,Spectral Methods for Numerical Relativity,2009,kw:openalex:CY4,0,title,0,False,,rule,keyword rule on title (off-topic)
10.1007/s00440-005-0486-8,Stability of the Absolutely Continuous Spectrum of Random Schrödinger Operators on Tree Graphs,2005,kw:openalex:CY1,0,title,0,False,,rule,keyword rule on title (off-topic)
10.1145/344588.344618,Static scheduling algorithms for allocating directed task graphs to multiprocessors,1999,kw:openalex:CY2,0,title,0,False,,rule,keyword rule on title (off-topic)
oa:W2963692017,Stochastic Approximations and Perturbations in Forward-Backward Splitting for Monotone Operators,2016,fwd:CY15,0,title,1,False,,rule,keyword rule on title (broad field)
10.1109/eusipco.2016.7760561,Stochastic forward-backward and primal-dual approximation algorithms with application to online image restoration,2016,fwd:CY15,0,title,0,False,,rule,keyword rule on title (off-topic)
10.1371/journal.pbio.0040309,Stochastic mRNA Synthesis in Mammalian Cells,2006,kw:openalex:CY1,0,title,0,False,,rule,keyword rule on title (off-topic)
10.1137/22m1511199,Strong Convergence for the Alternating Halpern–Mann Iteration in CAT(0) Spaces,2023,fwd:OY02,0,title,0,False,,rule,keyword rule on title (off-topic)
10.1142/s0217751x0502519x,TACHYON DYNAMICS IN OPEN STRING THEORY,2005,kw:openalex:CY3,0,title,0,False,,rule,keyword rule on title (off-topic)
10.1016/j.jtos.2017.05.002,TFOS DEWS II pain and sensation report,2017,kw:openalex:CY4,0,title,0,False,,rule,keyword rule on title (off-topic)
10.1137/16m1073741,THE VARIABLE METRIC FORWARD-BACKWARD SPLITTING ALGORITHM UNDER MILD DIFFERENTIABILITY ASSUMPTIONS,2017,fwd:CY15,0,title,1,False,,rule,keyword rule on title (broad field)
10.1002/wcms.1494,TeraChem : A graphical processing unit ‐accelerated electronic structure package for large‐scale ab initio molecular dynamics,2020,kw:openalex:CY4,0,title,0,False,,rule,keyword rule on title (off-topic)
10.1609/aaai.v35i2.16253,Text-Guided Graph Neural Networks for Referring 3D Instance Segmentation,2021,kw:openalex:CY2,0,title,0,False,,rule,keyword rule on title (off-topic)
10.1038/s41380-021-01249-0,The Amyloid-β Pathway in Alzheimer’s Disease,2021,kw:openalex:CY4,0,title,0,False,,rule,keyword rule on title (off-topic)
10.5194/amt-6-2989-2013,The Collection 6 MODIS aerosol products over land and ocean,2013,kw:openalex:CY3,0,title+abstract,0,False,,rule,keyword rule on title (off-topic)
10.1088/0034-4885/61/3/002,The GW method,1998,kw:openalex:CY4,0,title,0,False,,rule,keyword rule on title (off-topic)
10.1086/300337,The NRAO VLA Sky Survey,1998,kw:openalex:CY3,0,title,0,False,,rule,keyword rule on title (off-topic)
10.2307/3684627,The Political Unconscious: Narrative as a Socially Symbolic Act,1983,kw:openalex:CY4,0,title,0,False,,rule,keyword rule on title (off-topic)
10.2307/1941447,The Problem of Pattern and Scale in Ecology: The Robert H. MacArthur Award Lecture,1992,kw:openalex:CY2,0,title+abstract,0,False,,rule,keyword rule on title (off-topic)
10.48550/arxiv.2109.01629,The Singular Angle of Nonlinear Systems,2021,fwd:PAT21,0,title+abstract,2,False,,override,angle notion for systems; small angle theorem (angles add in loops); H-dev technique only
10.1088/1538-3873/aaecbe,"The Zwicky Transient Facility: System Overview, Performance, and First Results",2018,kw:openalex:CY3,0,title,0,False,,rule,keyword rule on title (off-topic)
10.1098/rsif.2009.0495,The complex network of global cargo ship movements,2010,kw:openalex:CY3,0,title,0,False,,rule,keyword rule on title (off-topic)
10.1088/0034-4885/58/11/003,The flux-line lattice in superconductors,1995,kw:openalex:CY3,0,title+abstract,0,False,,rule,keyword rule on title (off-topic)
10.1162/netn_a_00018,The graphical brain: Belief propagation and active inference,2017,kw:openalex:CY2,0,title+abstract,0,False,,rule,keyword rule on title (off-topic)
10.1007/jhep05(2018)183,The soft mode in the Sachdev-Ye-Kitaev model and its gravity dual,2018,kw:openalex:CY3,0,title,0,False,,rule,keyword rule on title (off-topic)
10.1214/07-aos520,The sparsity and bias of the Lasso selection in high-dimensional linear regression,2008,kw:openalex:CY4,0,title,0,False,,rule,keyword rule on title (off-topic)
10.1016/j.jfa.2022.109554,The theorem of iterates for elliptic and non-elliptic operators,2022,kw:openalex:CY1,0,title,0,False,,rule,keyword rule on title (off-topic)
10.1016/j.sigpro.2022.108900,Theoretical and numerical comparison of first order algorithms for cocoercive equations and smooth convex optimization,2022,fwd:CY15;kw:openalex:CY1,0,title+abstract,0,False,,rule,keyword rule on title (off-topic)
10.1103/physrevx.11.011020,Theory of Trotter Error with Commutator Scaling,2021,kw:openalex:CY2,0,title,0,False,,rule,keyword rule on title (off-topic)
10.1215/kjm/1250520659,Theory of pseudo-differential operators of ultradifferentiable class,1987,kw:openalex:CY1,0,title,0,False,,rule,keyword rule on title (off-topic)
10.23919/ecc51009.2020.9143683,Time-varying constrained proximal type dynamics in multi-agent network games,2020,fwd:CY15,0,title,1,False,,rule,keyword rule on title (broad field)
10.1016/j.cirp.2018.05.009,Tolerancing: Managing uncertainty from conceptual design to final product,2018,kw:openalex:CY2,0,title,0,False,,rule,keyword rule on title (off-topic)
10.1109/tsp.2018.2847648,Toward Dual-functional Radar-Communication Systems: Optimal Waveform Design,2018,kw:openalex:CY3,0,title+abstract,0,False,,rule,keyword rule on title (off-topic)
10.1787/880242325663,Trends and Determinants of Fertility Rates,2005,kw:openalex:CY4,0,title+abstract,0,False,,rule,keyword rule on title (off-topic)
10.1007/978-3-031-23161-2_301189,Trolling,2024,kw:openalex:CY3,0,title,0,False,,rule,keyword rule on title (off-topic)
10.1093/bib/bbab159,Utilizing graph machine learning within drug discovery and development,2021,kw:openalex:CY2,0,title,0,False,,rule,keyword rule on title (off-topic)
10.48550/arxiv.2106.06818,Variable metric backward-forward dynamical systems for monotone inclusion problems,2021,fwd:OY02,0,title,1,False,,rule,keyword rule on title (broad field)
10.1007/s10107-021-01758-4,Variance reduction for root-finding problems,2022,fwd:CY15,0,title,0,False,,rule,keyword rule on title (off-topic)
10.17169/refubium-13006,Visual shape similarity and retrieval of figurative images,2011,kw:openalex:CY3,0,title+abstract,0,False,,rule,keyword rule on title (off-topic)
10.34238/tnu-jst.5084,WEAK AND STRONG CONVERGENCE THEOREMS OF ALGORITHMIC SCHEMES FOR THE MULTIPLE-SETS SPLIT FEASIBILITY PROBLEM,2021,fwd:CY15,0,title,1,False,,rule,keyword rule on title (broad field)
10.1016/j.acha.2010.04.005,Wavelets on graphs via spectral graph theory,2010,kw:openalex:CY2,0,title+abstract,0,False,,rule,keyword rule on title (off-topic)
10.1038/s43586-021-00015-4,X-ray computed tomography,2021,kw:openalex:CY4,0,title+abstract,0,False,,rule,keyword rule on title (off-topic)
10.1016/j.cpc.2017.09.015,pySecDec: A toolbox for the numerical evaluation of multi-scale integrals,2017,kw:openalex:CY2,0,title,0,False,,rule,keyword rule on title (off-topic)
10.4213/faa3859,Об усредненных отображениях в $\operatorname{CAT}(0)$-пространствах,2022,fwd:CY15,0,title,0,False,,rule,keyword rule on title (off-topic)
oa:https://openalex.org/W34993526,明石欽司著『ウェストファリア条約--その実像と神話』,2010,kw:openalex:CY4,0,title,0,False,,rule,keyword rule on title (off-topic)
10.48550/arxiv.2510.06583,A Cascade of Systems and the Product of Their θ-Symmetric Scaled Relative Graphs,2025,s2cites:PAT21;s2cites:RHY22,2,title+abstract,2,True,L3_CY_yang2026.md,override,"N-fold products of theta-symmetric SRGs; sufficient nonsingularity criteria; annular-sector products (phases add, gains multiply) [S2-only record, POST_HOC]"
10.48550/arxiv.2507.08411,A Dissipativity Framework for Constructing Scaled Graphs,2025,s2cites:PAT21;s2cites:RHY22,1,title+abstract,1,False,,override,"constructing SGs (title) [S2-only record, POST_HOC]"
arxiv:2106.10439,A Geometric Structure of Acceleration and Its Role in Making Gradients Small Fast,2021,s2cites:HRY20;s2cites:RHY22,0,title+abstract,0,False,,rule,"keyword rule on title (off-topic) [S2-only record, POST_HOC]"
10.48550/arxiv.2409.13608,A Krasnoselskii-Mann Proximity Algorithm for Markowitz Portfolios with Adaptive Expected Return Level,2024,s2cites:CY15,0,title,1,False,,rule,"keyword rule on title (broad field) [S2-only record, POST_HOC]"
algorithm1nonstationaryforwarddouglasrachfordsplitting,Algorithm 1 : Non-stationary Forward – Douglas – Rachford splitting,2017,s2cites:OY02,0,title,1,False,,rule,"keyword rule on title (broad field) [S2-only record, POST_HOC]"
10.48550/arxiv.2603.09382,Amplitude Dependent Bode Diagrams via Scaled Relative Graphs,2026,s2cites:PAT21;s2cites:RHY22,1,title+abstract,1,False,,rule,"keyword rule on title (broad field) [S2-only record, POST_HOC]"
arxiv:2507.16513,Analysis of Non-Square Nonlinear MIMO Systems using Scaled Relative Graphs,2025,s2cites:PAT21;s2cites:RHY22,1,title+abstract,1,False,,rule,"keyword rule on title (broad field) [S2-only record, POST_HOC]"
aprimeronmonotoneoperatormethods,A Primer on Monotone Operator Methods,2015,s2cites:CY15,0,title,1,False,,rule,"keyword rule on title (broad field) [S2-only record, POST_HOC]"
10.1016/j.cam.2021.113589,A strongly convergent Krasnosel'skiǐ-Mann-type algorithm for finding a common fixed point of a countably infinite family of nonexpansive operators in Hilbert spaces,2019,s2cites:OY02,1,title,1,False,,rule,"keyword rule on title (broad field) [S2-only record, POST_HOC]"
arxiv:2512.03023,Asymptotic Analysis of an Abstract Stochastic Scheme for Solving Monotone Inclusions,2025,s2cites:CY15,0,title,1,False,,rule,"keyword rule on title (broad field) [S2-only record, POST_HOC]"
asynchronousdistributedpowercontrolofhybridacdcmicrogrids,Asynchronous Distributed Power Control of Hybrid AC / DC Microgrids,2019,s2cites:CY15,0,title,0,False,,rule,"keyword rule on title (off-topic) [S2-only record, POST_HOC]"
10.1016/j.ejcon.2026.101574,Computable Characterisations of Scaled Relative Graphs of Closed Operators,2025,s2cites:PAT21;s2cites:RHY22,1,title+abstract,1,False,,override,"L2 grep: SRG of single closed linear operators [S2-only record, POST_HOC]"
10.1109/lcsys.2026.3700680,Computing Scaled Relative Graphs of Discrete-Time LTI Systems From Data,2026,s2cites:PAT21;s2cites:RHY22,1,title+abstract,1,False,,rule,"keyword rule on title (broad field) [S2-only record, POST_HOC]"
10.48550/arxiv.2511.17297,Computing the Hard Scaled Relative Graph of LTI Systems,2025,s2cites:PAT21;s2cites:RHY22,1,title+abstract,1,False,,rule,"keyword rule on title (broad field) [S2-only record, POST_HOC]"
10.48550/arxiv.2410.14592,Contractivity and linear convergence in bilinear saddle-point problems: An operator-theoretic approach,2024,s2cites:RHY22,1,title+abstract,0,False,,rule,"keyword rule on title (off-topic) [S2-only record, POST_HOC]"
arxiv:2210.13831,Convergence of Proximal Point and Extragradient-Based Methods Beyond Monotonicity: the Case of Negative Comonotonicity,2022,s2cites:RHY22,1,title+abstract,1,False,,rule,"keyword rule on title (broad field) [S2-only record, POST_HOC]"
convergenceratesoffirstorderoperatorsplittingmethodstauxdeconvergencedesmthodesdupremierordredclatementdoprateurs,Convergence Rates of First-Order Operator Splitting Methods. (Taux de convergence des méthodes du premier ordre d'éclatement d'opérateurs),2016,s2cites:CY15,0,title,1,False,,rule,"keyword rule on title (broad field) [S2-only record, POST_HOC]"
distributedcontrolofhybridacdcmicrogridsfromsynchronoustoasynchronousalgorithms,Distributed Control of Hybrid AC/DC Microgrids: from Synchronous to Asynchronous Algorithms,2018,s2cites:CY15,0,title,0,False,,rule,"keyword rule on title (off-topic) [S2-only record, POST_HOC]"
10.1109/cdc57313.2025.11312798,Exploiting Structure in MIMO Scaled Graph Analysis,2025,s2cites:PAT21;s2cites:RHY22,1,title+abstract,0,False,,rule,"keyword rule on title (off-topic) [S2-only record, POST_HOC]"
arxiv:2511.19637,Extending Douglas-Rachford Splitting for Convex Optimization,2025,s2cites:RHY22,1,title+abstract,1,False,,rule,"keyword rule on title (broad field) [S2-only record, POST_HOC]"
arxiv:2110.04261,Extragradient Method: O(1/K) Last-Iterate Convergence for Monotone Variational Inequalities and Connections With Cocoercivity,2021,s2cites:RHY22,0,title+abstract,1,False,,rule,"keyword rule on title (broad field) [S2-only record, POST_HOC]"
10.48550/arxiv.2512.20791,Extragradient methods with complexity guarantees for hierarchical variational inequalities,2025,s2cites:OY02,1,title,0,False,,rule,"keyword rule on title (off-topic) [S2-only record, POST_HOC]"
10.1007/s00211-026-01564-0,Fast Forward–Backward splitting for monotone inclusions with a convergence rate of the tangent residual of o(1/k),2023,s2cites:CY15,0,title,1,False,,rule,"keyword rule on title (broad field) [S2-only record, POST_HOC]"
arxiv:2206.09462,Fast Krasnosel'skii-Mann algorithm with a convergence rate of the fixed point iteration of $o\left(\frac{1}{k}\right)$,2022,s2cites:HRY20,1,title+abstract,1,False,,rule,"keyword rule on title (broad field) [S2-only record, POST_HOC]"
fastkrasnoselskimannalgorithmwithaconvergencerateofthexedpointiterationofop1kq,Fast Krasnosel’ski˘ı-Mann algorithm with a convergence rate of the ﬁxed point iteration of o p 1 { k q,2022,s2cites:HRY20,0,title+abstract,1,False,,rule,"keyword rule on title (broad field) [S2-only record, POST_HOC]"
10.1007/s10957-019-01601-z,Finding the Forward-Douglas–Rachford-Forward Method,2019,s2cites:RHY22,0,title+abstract,1,False,,rule,"keyword rule on title (broad field) [S2-only record, POST_HOC]"
arxiv:2411.10808,FISTA Iterates Converge Linearly for Denoiser-Driven Regularization,2024,s2cites:RHY22,0,title+abstract,0,False,,rule,"keyword rule on title (off-topic) [S2-only record, POST_HOC]"
10.48550/arxiv.2604.13842,"Frequency Response of Nonlinear Systems: Notions, Analysis, and Graphical Representation",2026,s2cites:RHY22,0,title+abstract,0,False,,rule,"keyword rule on title (off-topic) [S2-only record, POST_HOC]"
10.1109/cdc57313.2025.11312980,Graphical Dominance Analysis for Linear Systems: A Frequency-Domain Approach,2025,s2cites:PAT21;s2cites:RHY22,0,title+abstract,0,False,,rule,"keyword rule on title (off-topic) [S2-only record, POST_HOC]"
10.48550/arxiv.2312.15421,How averaged is the projection?,2023,s2cites:OY02,4,title,1,False,,override,"withdrawn arXiv:2312.15421 (Song); superseded by Song-Wang 2025 [S2-only record, POST_HOC]"
arxiv:2104.12112,Improved Analysis and Rates for Variance Reduction under Without-replacement Sampling Orders,2021,s2cites:HRY20;s2cites:RHY22,0,title+abstract,0,False,,rule,"keyword rule on title (off-topic) [S2-only record, POST_HOC]"
arxiv:2510.27540,Linear Convergence and Error Bounds for Optimization Without Strong Convexity,2025,s2cites:CY15,1,title,0,False,,rule,"keyword rule on title (off-topic) [S2-only record, POST_HOC]"
arxiv:2509.03258,Linearly involved Generalized Moreau Enhanced Model with Non-quadratic Smooth Convex Data Fidelity Functions,2025,s2cites:CY15;s2cites:OY02,0,title,0,False,,rule,"keyword rule on title (off-topic) [S2-only record, POST_HOC]"
arxiv:1606.02116,Local Convergence Properties of Douglas--Rachford and ADMM,2016,s2cites:CY15,0,title,1,False,,rule,"keyword rule on title (broad field) [S2-only record, POST_HOC]"
10.48550/arxiv.2208.04880,Loop Shaping with Scaled Relative Graphs,2022,s2cites:PAT21;s2cites:RHY22,1,title+abstract,1,False,,override,"control design with SRGs [S2-only record, POST_HOC]"
10.48550/arxiv.2501.08263,Multiplayer Federated Learning: Reaching Equilibrium with Less Communication,2025,s2cites:RHY22,0,title+abstract,0,False,,rule,"keyword rule on title (off-topic) [S2-only record, POST_HOC]"
10.1134/s0016266322010038,On a Notion of Averaged Mappings in \documentclass[12pt]{minimal} \usepackage{amsmath} \usepackage{wasysym} \usepackage{amsfonts} \usepackage{amssymb} \usepackage{amsbsy} \usepackage{mathrsfs} \usepackage{upgreek} \setlength{\oddsidemargin}{-69pt} \begin{document}$$\operatorname{CAT}(0)$$\end{docume,2020,s2cites:CY15,1,title,1,False,,rule,"keyword rule on title (broad field) [S2-only record, POST_HOC]"
10.4153/s0008414x25101284,On Bauschke-Bendit-Moursi modulus of averagedness and classifications of averaged nonexpansive operators,2025,s2cites:CY15;s2cites:OY02,2,title,1,True,L3_CY_song2025.md,override,"m-fold: only lower bound 1/2 [S2-only record, POST_HOC]"
10.1109/lcsys.2025.3577230,On Decentralized Stability Conditions Using Scaled Relative Graphs,2025,s2cites:PAT21,1,title+abstract,1,False,,rule,"keyword rule on title (broad field) [S2-only record, POST_HOC]"
10.1007/s00025-021-01481-8,On α\documentclass[12pt]{minimal} \usepackage{amsmath} \usepackage{wasysym} \usepackage{amsfonts} \usepackage{amssymb} \usepackage{amsbsy} \usepackage{mathrsfs} \usepackage{upgreek} \setlength{\oddsidemargin}{-69pt} \begin{document}$$\alpha $$\end{document}-Firmly Nonexpansive Operators in r-Uniform,2021,s2cites:CY15,1,title,1,False,,rule,"keyword rule on title (broad field) [S2-only record, POST_HOC]"
10.1109/cdc57313.2025.11312812,On phase in scaled graphs,2025,s2cites:PAT21;s2cites:RHY22,1,title+abstract,1,False,,override,"signed scaled graph; phase lead/lag; interconnection results (abstract + grep) [S2-only record, POST_HOC]"
onthecomparisonbetweencyclicsamplingandrandomreshuffling,On the Comparison between Cyclic Sampling and Random Reshuffling,2021,s2cites:HRY20;s2cites:RHY22,0,title+abstract,0,False,,rule,"keyword rule on title (off-topic) [S2-only record, POST_HOC]"
10.48550/arxiv.2603.13922,On the Impact of Operating Points on Small-Signal Stability: Decentralized Stability Sets via Scaled Relative Graphs,2026,s2cites:PAT21,1,title+abstract,1,False,,rule,"keyword rule on title (broad field) [S2-only record, POST_HOC]"
10.23919/ecc64448.2024.10591077,Optimal Bidding Strategies in Network-Constrained Demand Response: A Distributed Aggregative Game Theoretic Approach,2024,s2cites:CY15,0,title,0,False,,rule,"keyword rule on title (off-topic) [S2-only record, POST_HOC]"
arxiv:1905.05406,Plug-and-Play Methods Provably Converge with Properly Trained Denoisers,2019,s2cites:CY15;s2cites:OY02,0,title,0,False,,rule,"keyword rule on title (off-topic) [S2-only record, POST_HOC]"
10.1007/s10107-022-01903-7,Principled analyses and design of first-order methods with inexact proximal operators,2020,s2cites:RHY22,0,title+abstract,1,False,,rule,"keyword rule on title (broad field) [S2-only record, POST_HOC]"
propertiesofaclassofapproximatelyshrinkingoperatorsandtheirapplications,PROPERTIES OF A CLASS OF APPROXIMATELY SHRINKING OPERATORS AND THEIR APPLICATIONS,2014,s2cites:OY02,0,title,0,False,,rule,"keyword rule on title (off-topic) [S2-only record, POST_HOC]"
arxiv:1405.7741,Properties of Pseudocontractive Updates in Convex Optimization,2014,s2cites:OY02,2,title,0,False,,rule,"keyword rule on title (off-topic) [S2-only record, POST_HOC]"
proximalorgradientstepsforcocoerciveoperators,Proximal or gradient steps for cocoercive operators,2021,s2cites:CY15;s2cites:RHY22,0,title+abstract,1,False,,rule,"keyword rule on title (broad field) [S2-only record, POST_HOC]"
10.48550/arxiv.2506.13518,Reset Controller Analysis and Design for Unstable Linear Plants using Scaled Relative Graphs,2025,s2cites:RHY22,1,title+abstract,1,False,,rule,"keyword rule on title (broad field) [S2-only record, POST_HOC]"
10.52202/085713-0991,Rethinking Gradient Step Denoiser: Towards Truly Pseudo-Contractive Operator,2025,s2cites:CY15,1,title,0,False,,rule,"keyword rule on title (off-topic) [S2-only record, POST_HOC]"
10.48550/arxiv.2607.10026,Robustly Invertible Nonlinear Dynamics and the BiLipREN: From Inversion-Based Control to Generative Trajectory Modelling,2026,s2cites:RHY22,1,title+abstract,0,False,,rule,"keyword rule on title (off-topic) [S2-only record, POST_HOC]"
10.48550/arxiv.2605.21119,Scaled Graph Bounding Techniques for Reset Systems,2026,s2cites:RHY22,0,title+abstract,0,False,,rule,"keyword rule on title (off-topic) [S2-only record, POST_HOC]"
10.48550/arxiv.2604.05567,Scaled Graph Containment for Feedback Stability: Soft-Hard Equivalence and Conic Regions,2026,s2cites:PAT21,3,title+abstract,0,False,,rule,"keyword rule on title (off-topic) [S2-only record, POST_HOC]"
10.48550/arxiv.2507.15564,Scaled Relative Graph Analysis of General Interconnections of SISO Nonlinear Systems,2025,s2cites:PAT21;s2cites:RHY22,2,title+abstract,1,False,,override,"interconnection SRG bounds (title) [S2-only record, POST_HOC]"
scaledrelativegraphcomputationforpiecewiselinearsystems,Scaled relative graph computation for piecewise linear systems,2026,s2cites:RHY22,1,title+abstract,1,False,,rule,"keyword rule on title (broad field) [S2-only record, POST_HOC]"
10.48550/arxiv.2604.01873,Scaled Relative Graphs and Dynamic Integral Quadratic Constraints: Connections and Computations for Nonlinear Systems,2026,s2cites:RHY22,1,title+abstract,1,False,,rule,"keyword rule on title (broad field) [S2-only record, POST_HOC]"
10.48550/arxiv.2604.02407,Scaled Relative Graphs in Normed Spaces,2026,s2cites:PAT21;s2cites:RHY22,2,title+abstract,1,False,,override,"SRG generalization (title) [S2-only record, POST_HOC]"
10.48550/arxiv.2504.14407,Soft and Hard Scaled Relative Graphs for Nonlinear Feedback Stability,2025,s2cites:RHY22,1,title+abstract,1,False,,override,"feedback stability (title) [S2-only record, POST_HOC]"
10.1109/access.2026.3702536,"Stability Analysis of Control Systems With First-Order Reset Elements, a Frequency-Domain Approach",2025,s2cites:HRY20,0,title+abstract,0,False,,rule,"keyword rule on title (off-topic) [S2-only record, POST_HOC]"
10.48550/arxiv.2503.13583,Stability results for MIMO LTI systems via Scaled Relative Graphs,2025,s2cites:PAT21;s2cites:RHY22,1,title+abstract,1,False,,rule,"keyword rule on title (broad field) [S2-only record, POST_HOC]"
10.48550/arxiv.2604.12960,Symmetry Is Almost All You Need: Robust Stability with Uncertainty Induced by Symmetric SRG Regions,2026,s2cites:PAT21;s2cites:RHY22,3,title+abstract,2,False,,override,"L2 grep: necessary+sufficient matrix robust nonsingularity for symmetric SRG regions (feedback of two components); angle-bounded systems; no N-fold sharp constant [S2-only record, POST_HOC]"
10.48550/arxiv.2603.10281,Taming Score-Based Denoisers in ADMM: A Convergent Plug-and-Play Framework,2026,s2cites:CY15,1,title,0,False,,rule,"keyword rule on title (off-topic) [S2-only record, POST_HOC]"
10.48550/arxiv.2507.19918,The Phantom of Davis-Wielandt Shell: A Unified Framework for Graphical Stability Analysis of MIMO LTI Systems,2025,s2cites:PAT21;s2cites:RHY22,1,title+abstract,1,False,,override,"DW shell; graphical stability (title) [S2-only record, POST_HOC]"
arxiv:2106.05650,The Scaled Relative Graph of a Linear Operator,2021,s2cites:RHY22,1,title+abstract,1,False,,rule,"keyword rule on title (broad field) [S2-only record, POST_HOC]"
arxiv:2608.12591,The $\theta$-Symmetric SRG with Applications to Stability of Cactus Dynamic Networks,2026,s2cites:PAT21;s2cites:RHY22,1,title+abstract,3,True,L3_CY_yang2026.md,override,"Thm 5: iff robust nonsingularity over N-fold products of heterogeneous phase-capped regions R[alpha_i,beta_i,gamma_i]; distance maximization open (Remark 5) [S2-only record, POST_HOC]"
twogeneralizationsoftheprojectedgradientmethodforconvexlyconstrainedinverseproblemshybridsteepestdescentmethodadaptivepr,"Two Generalizations of the Projected Gradient Method for Convexly Constrained Inverse Problems : Hybrid steepest descent method, Adaptive projected subgradient method (Numerical Analysis and New Information Technology)",2004,s2cites:OY02,0,title,0,False,,rule,"keyword rule on title (off-topic) [S2-only record, POST_HOC]"
