key,score,red_flag,n_families,families,sources,title,year,authors,venue,doi,arxiv,openalex,zbmath,msc,cited_by,abstract
errortransportationinsvdbasedtensortrainapproximations,10,False,2,O1;O2,openalex,ERROR TRANSPORTATION IN SVD-BASED TENSOR-TRAIN APPROXIMATIONS,2026,Yassine Zniyed; Remy Boyer,HAL (Le Centre pour la Communication Scientifique Directe),,,https://openalex.org/W7139529380,,,0,"Tensor Train (TT) decompositions provide an efficient framework for representing and approximating high-dimensional tensors while mitigating the curse of dimensionality. Among the most widely used construction methods are SVD-based algorithms, in particular, the standard TT-SVD and its hierarchical generalization, TT-HSVD, which allows for flexible dimension trees and parallel computation. Despite their practical success, a unified algorithm-level understanding of the approximation error of SVD-like schemes for TT, especially for TT-HSVD on general dimension trees, has been lacking. In this work, we develop a comprehensive error analysis for SVD-like algorithms for TT approximation algorithms by explicitly tracking algorithmic matrices and the transport operators that propagate local truncations to the ambient tensor. We derive exact global error decompositions, establish a priori error bounds, and study quasi-optimality guarantees with respect to the best TT approximation of prescribed ranks. Our analysis shows that non-isometric transport operators on general trees induce data-dependent conditioning factors, while in the standard chain case these factors vanish, yielding sharp Pythagorean error identities. Finally, we introduce a transport-normalized variant of the TT-HSVD algorithm that achieves the best possible worstcase quasi-optimality bound within our framework, and we validate the theory through numerical experiments."
certifiedquantumschrdingercontrolviahierarchicaltuckermodels,7,False,1,O1,openalex,Certified Quantum Schrödinger Control via Hierarchical Tucker Models,2026,Nahid Binandeh Dehaghani; Rafal Wisniewski; A. Pedro Aguiar,arXiv (Cornell University),,,https://openalex.org/W7140238261,,,0,"High-dimensional Schrödinger systems arising from tensor-product discretizations suffer from exponential state growth, making direct controller synthesis and real-time closed-loop simulation computationally challenging. Hierarchical Tucker (HT) tensor representations offer scalable low-rank surrogates, but the impact of fixed-rank truncation on closed-loop stability is not well understood. This paper develops a local robustness framework for sampled-data feedback control implemented with fixed-rank HT projections. By viewing each truncation as a bounded, rank-dependent perturbation of the nominal closed loop, and assuming a local phase-invariant contraction certificate together with trajectory-level hierarchical spectral decay, we show that the HT-projected dynamics are practically exponentially stable: trajectories converge to a dimension-independent tube whose radius decreases with the prescribed rank. We further obtain an explicit logarithmic rank-accuracy relation and establish conditions under which controllers designed on the HT-truncated surrogate model retain practical exponential tracking guarantees when deployed on the full system, together with an explicit bound quantifying the resulting surrogate-to-plant mismatch. A compact lattice example demonstrates the applicability of the framework."
10.1137/21m1415911,7,False,1,O1,openalex,Active Learning of Tree Tensor Networks using Optimal Least Squares,2023,Cécile Haberstich; Anthony Nouy; Guillaume Perrin,SIAM/ASA Journal on Uncertainty Quantification,10.1137/21m1415911,,https://openalex.org/W3157892620,,,3,"Abstract. In this paper, we propose new learning algorithms for approximating high-dimensional functions using tree tensor networks in a least-squares setting. Given a dimension tree or architecture of the tensor network, we provide an algorithm that generates a sequence of nested tensor subspaces based on a generalization of principal component analysis for multivariate functions. An optimal least-squares method is used for computing projections onto the generated tensor subspaces, using samples generated from a distribution depending on the previously generated subspaces. We provide an error bound in expectation for the obtained approximation. Practical strategies are proposed for adapting the feature spaces and ranks to achieve a prescribed error. Also, we propose an algorithm that progressively constructs the dimension tree by suitable pairings of variables, that allows further reduction of the number of samples necessary to reach that error. Numerical examples illustrate the performance of the proposed algorithms and show that stable approximations are obtained with a number of samples close to the number of free parameters of the estimated tensor networks."
10.48550/arxiv.2309.15761,6,False,1,O1,openalex,Density matrix representation of hybrid tensor networks for noisy quantum devices,2023,Hiroyuki Harada; Yasunari Suzuki; Bo Yang; Yuuki Tokunaga; Suguru Endo,arXiv (Cornell University),10.48550/arxiv.2309.15761,,https://openalex.org/W4387162531,,,1,"The hybrid tensor network (HTN) method is a general framework allowing for the construction of an effective wavefunction with the combination of classical tensors and quantum tensors, i.e., amplitudes of quantum states. In particular, hybrid tree tensor networks (HTTNs) are very useful for simulating larger systems beyond the available size of the quantum hardware. However, while the realistic quantum states in NISQ hardware are highly likely to be noisy, this framework is formulated for pure states. In this work, as well as discussing the relevant methods, i.e., Deep VQE and entanglement forging under the framework of HTTNs, we investigate the noisy HTN states by introducing the expansion operator for providing the description of the expansion of the size of simulated quantum systems and the noise propagation. This framework enables the general tree HTN states to be explicitly represented and their physicality to be discussed. We also show that the expectation value of a measured observable exponentially vanishes with the number of contracted quantum tensors. Our work will lead to providing the noise-resilient construction of HTN states."
10.3150/21-bej1371,6,False,1,O1,openalex,Learning with tree tensor networks: Complexity estimates and model selection,2022,Bertrand Michel; Anthony Nouy,Bernoulli,10.3150/21-bej1371,,https://openalex.org/W3039249709,,,16,"In this paper, we propose and analyze a model selection method for tree tensor networks in an empirical risk minimization framework and analyze its performance over a wide range of smoothness classes. Tree tensor networks, or tree-based tensor formats, are prominent model classes for the approximation of high-dimensional functions in numerical analysis and data science. They correspond to sum-product neural networks with a sparse connectivity associated with a dimension partition tree T, widths given by a tuple r of tensor ranks, and multilinear activation functions (or units). The approximation power of these model classes has been proved to be optimal (or near to optimal) for classical smoothness classes. However, in an empirical risk minimization framework with a limited number of observations, the dimension tree T and ranks r should be selected carefully to balance estimation and approximation errors. In this paper, we propose a complexity-based model selection strategy à la Barron, Birgé, Massart. Given a family of model classes associated with different trees, ranks, tensor product feature spaces and sparsity patterns for sparse tensor networks, a model is selected by minimizing a penalized empirical risk, with a penalty depending on the complexity of the model class. After deriving bounds of the metric entropy of tree tensor networks with bounded parameters, we deduce a form of the penalty from bounds on suprema of empirical processes. This choice of penalty yields a risk bound for the predictor associated with the selected model. In a least-squares setting, after deriving fast rates of convergence of the risk, we show that the proposed strategy is (near to) minimax adaptive to a wide range of smoothness classes including Sobolev or Besov spaces (with isotropic, anisotropic or mixed dominating smoothness) and analytic functions. We discuss the role of sparsity of the tensor network for obtaining optimal performance in several regimes. In practice, the amplitu"
10.48550/arxiv.1811.04455,6,False,1,O1,openalex,Learning with tree-based tensor formats,2018,Erwan Grelier; Anthony Nouy; Mathilde Chevreuil,arXiv (Cornell University),10.48550/arxiv.1811.04455,,https://openalex.org/W2900176663,,,13,"This paper is concerned with the approximation of high-dimensional functions in a statistical learning setting, by empirical risk minimization over model classes of functions in tree-based tensor format. These are particular classes of rank-structured functions that can be seen as deep neural networks with a sparse architecture related to the tree and multilinear activation functions. For learning in a given model class, we exploit the fact that tree-based tensor formats are multilinear models and recast the problem of risk minimization over a nonlinear set into a succession of learning problems with linear models. Suitable changes of representation yield numerically stable learning problems and allow to exploit sparsity. For high-dimensional problems or when only a small data set is available, the selection of a good model class is a critical issue. For a given tree, the selection of the tuple of tree-based ranks that minimize the risk is a combinatorial problem. Here, we propose a rank adaptation strategy which provides in practice a good convergence of the risk as a function of the model class complexity. Finding a good tree is also a combinatorial problem, which can be related to the choice of a particular sparse architecture for deep neural networks. Here, we propose a stochastic algorithm for minimizing the complexity of the representation of a given function over a class of trees with a given arity, allowing changes in the topology of the tree. This tree optimization algorithm is then included in a learning scheme that successively adapts the tree and the corresponding tree-based ranks. Contrary to classical learning algorithms for nonlinear model classes, the proposed algorithms are numerically stable, reliable, and require only a low level expertise of the user."
10.48550/arxiv.2302.03886,6,False,1,O2,openalex,Approximately Optimal Core Shapes for Tensor Decompositions,2023,Mehrdad Ghadiri; Matthew Fahrbach; Gang Fu; Vahab Mirrokni,arXiv (Cornell University),10.48550/arxiv.2302.03886,,https://openalex.org/W4319792572,,,2,"This work studies the combinatorial optimization problem of finding an optimal core tensor shape, also called multilinear rank, for a size-constrained Tucker decomposition. We give an algorithm with provable approximation guarantees for its reconstruction error via connections to higher-order singular values. Specifically, we introduce a novel Tucker packing problem, which we prove is NP-hard, and give a polynomial-time approximation scheme based on a reduction to the 2-dimensional knapsack problem with a matroid constraint. We also generalize our techniques to tree tensor network decompositions. We implement our algorithm using an integer programming solver, and show that its solution quality is competitive with (and sometimes better than) the greedy algorithm that uses the true Tucker decomposition loss at each step, while also running up to 1000x faster."
10.1103/physrevx.10.041038,6,False,1,O3,openalex,What Limits the Simulation of Quantum Computers?,2020,Yiqing Zhou; E. Miles Stoudenmire; Xavier Waintal,Physical Review X,10.1103/physrevx.10.041038,,https://openalex.org/W3006255022,,,194,"An ultimate goal of quantum computing is to perform calculations beyond the reach of any classical computer.It is therefore imperative that useful quantum computers be very difficult to simulate classically, otherwise classical computers could be used for the applications envisioned for the quantum ones.Perfect quantum computers are unarguably exponentially difficult to simulate: the classical resources required grow exponentially with the number of qubits N or the depth D of the circuit.This difficulty has triggered recent experiments on deep, random circuits that aim to demonstrate that quantum devices may already perform tasks beyond the reach of classical computing.These real quantum computing devices, however, suffer from many sources of decoherence and imprecision which limit the degree of entanglement that can actually be reached to a fraction of its theoretical maximum.They are characterized by an exponentially decaying fidelity F ∼ ð1 -ϵÞ ND with an error rate ϵ per operation as small as ≈1% for current devices with several dozen qubits or even smaller for smaller devices.In this work, we provide new insight on the computing capabilities of real quantum computers by demonstrating that they can be simulated at a tiny fraction of the cost that would be needed for a perfect quantum computer.Our algorithms compress the representations of quantum wave functions using matrix product states, which are able to capture states with low to moderate entanglement very accurately.This compression introduces a finite error rate ϵ so that the algorithms closely mimic the behavior of real quantum computing devices.The computing time of our algorithm increases only linearly with N and D in sharp contrast with exact simulation algorithms.We illustrate our algorithms with simulations of random circuits for qubits connected in both one-and twodimensional lattices.We find that ϵ can be decreased at a polynomial cost in computing power down to a minimum error ϵ ∞ .Getting below ϵ"
10.48550/arxiv.2512.11967,6,False,1,O3,openalex,Holographic Representation of One-Dimensional Many-Body Quantum States via Isometric Tensor Networks,2025,Kaito Kobayashi; Benjamin Sappler; Frank Pollmann,arXiv (Cornell University),10.48550/arxiv.2512.11967,,https://openalex.org/W4417447044,,,0,"Tensor network methods, most prominently matrix product states (MPS), have become fundamental tools in modern quantum many-body physics. While MPS and extensions like the multiscale entanglement renormalization ansatz (MERA) and tree tensor networks (TTN) efficiently capture area-law entanglement and its logarithmic violations, they inherently struggle to represent highly entangled wavefunctions. Specifically, reaching the volume-law regime typically demands exponential resources within these conventional frameworks. Motivated by this challenge, we propose holographic isometric tensor network states (holographic isoTNS) that simulate quantum lattice models in $D$ spatial dimensions via $(D+1)$-dimensional networks of tensors. The additional dimension substantially enlarges the representational manifold, while isometric constraints on each tensor ensure efficient contractibility. Using one-dimensional systems as testbeds, we analyze the properties of holographic isoTNS. First, we show that randomly initialized holographic isoTNS typically display volume-law entanglement at fixed bond dimension. Second, through analytic constructions and variational optimization, we demonstrate that holographic isoTNS can faithfully describe a broad class of highly entangled yet low-complexity states. In particular, the ansatz can represent arbitrary fermionic Gaussian states, Clifford states, extensions of rainbow states, and certain short-time-evolved states under local evolution. Third, to exploit this expressivity in broader contexts, we implement a time-evolving block decimation (TEBD) algorithm on holographic isoTNS. While the method remains efficient and scalable, error accumulation over TEBD sweeps suggests the need for further algorithmic improvement. Overall, holographic isoTNS broaden the scope of tensor-network methods, opening new avenues to study physics in the volume-law regime."
10.1103/ycty-d5f9,5,False,2,O1;O3,openalex,Tree tensor network impurity solver based on Cayley-tree mapping,2026,Bo Zhan; Chen Jia-lin; Zhen Fan; Tao Xiang,Physical review. B./Physical review. B,10.1103/ycty-d5f9,,https://openalex.org/W7155418686,,,0,"We introduce a tree tensor network (TTN) impurity solver that enables highly efficient and accurate real-time simulations of quantum impurity models. By decomposing a noninteracting bath Hamiltonian into a Cayley tree, the method provides a tensor network representation that naturally captures the multiscale entanglement structure intrinsic to impurity-bath systems. This geometry differs from conventional chain-based mappings and yields a substantial reduction of entanglement, allowing accurate ground-state properties and long-time dynamics to be captured at significantly lower bond dimensions. Benchmark calculations for the single-impurity Anderson model demonstrate that the TTN solver achieves markedly enhanced resolution of real-frequency spectral functions, without invoking analytic continuation. This impurity solver provides a balanced, scale-uniform description of impurity physics and offers a versatile approach for real-time dynamical mean-field theory and related applications involving quantum impurity models."
10.48550/arxiv.2412.00858,5,False,1,O1,openalex,A parallel Basis Update and Galerkin Integrator for Tree Tensor Networks,2024,Gianluca Ceruti; Jonas Kusch; Christian Lubich; Dominik Sulz,arXiv (Cornell University),10.48550/arxiv.2412.00858,,https://openalex.org/W4405033632,,,1,"Computing the numerical solution to high-dimensional tensor differential equations can lead to prohibitive computational costs and memory requirements. To reduce the memory and computational footprint, dynamical low-rank approximation (DLRA) has proven to be a promising approach. DLRA represents the solution as a low-rank tensor factorization and evolves the resulting low-rank factors in time. A central challenge in DLRA is to find time integration schemes that are robust to the arising small singular values. A robust parallel basis update & Galerkin integrator, which simultaneously evolves all low-rank factors, has recently been derived for matrix differential equations. This work extends the parallel low-rank matrix integrator to Tucker tensors and general tree tensor networks, yielding an algorithm in which all bases and connecting tensors are evolved in parallel over a time step. We formulate the algorithm, provide a robust error bound, and demonstrate the efficiency of the new integrators for problems in quantum many-body physics, uncertainty quantification, and radiative transfer."
10.1137/120863927,5,False,1,O1,openalex,Adaptive Anisotropic Spectral Stochastic Methods for Uncertain Scalar Conservation Laws,2012,Julie Tryoen; Olivier Le Maı̂tre; Alexandre Ern,SIAM Journal on Scientific Computing,10.1137/120863927,,https://openalex.org/W2059436145,,,43,"This paper deals with the design of adaptive anisotropic discretization schemes for conservation laws with stochastic parameters. A finite volume scheme is used for the deterministic discretization, while a piecewise polynomial representation is used at the stochastic level. The methodology is designed in the context of intrusive Galerkin projection methods with a Roe-type solver. The adaptation aims at selecting the stochastic resolution level based on the local smoothness of the solution in the stochastic domain. In addition, the stochastic features of the solution greatly vary in space and time so that the constructed stochastic approximation space depends on space and time. The dynamically evolving stochastic discretization uses a tree-structure representation that allows for the efficient implementation of the various operators needed to perform anisotropic multiresolution analysis. Efficiency of the overall adaptive scheme is assessed on a stochastic nonlinear conservation law with uncertain initial conditions and velocity leading to expansion waves and shocks that propagate with random velocities. Numerical tests highlight the computational savings achieved as well as the benefit of using anisotropic discretizations in the context of problems involving a large number of stochastic parameters."
10.48550/arxiv.2412.14460,5,False,1,O2,openalex,A tensor-train reduced basis solver for parameterized partial differential equations on Cartesian grids,2024,Nicholas Mueller; Yiran Zhao; Santiago Badia; Tiangang Cui,arXiv (Cornell University),10.48550/arxiv.2412.14460,,https://openalex.org/W4405627525,,,0,"In this manuscript, we introduce the tensor-train reduced basis method, a novel projection-based reduced-order model designed for the efficient solution of parameterized partial differential equations. While reduced-order models are widely used for their computational efficiency compared to full-order models, they often involve significant offline computational costs. Our proposed approach mitigates this limitation by leveraging the tensor train format to efficiently represent high-dimensional finite element quantities. This method offers several advantages, including a reduced number of operations for constructing the reduced subspaces, a cost-effective hyper-reduction strategy for assembling the PDE residual and Jacobian, and a lower dimensionality of the projection subspaces for a given accuracy. We provide a posteriori error estimates to validate the accuracy of the method and evaluate its computational performance on benchmark problems, including the Poisson equation, heat equation, and transient linear elasticity in two- and three-dimensional domains. Although the current framework is restricted to problems defined on Cartesian grids, we anticipate that it can be extended to arbitrary shapes by integrating the tensor-train reduced basis method with unfitted finite element techniques."
10.1088/1361-6420/aaa998,5,False,1,O2,openalex,Sampling-free Bayesian inversion with adaptive hierarchical tensor representations,2018,Martin Eigel; Manuel Marschall; Reinhold Schneider,Inverse Problems,10.1088/1361-6420/aaa998,,https://openalex.org/W2793574154,,,12,"Abstract A sampling-free approach to Bayesian inversion with an explicit polynomial representation of the parameter densities is developed, based on an affine-parametric representation of a linear forward model. This becomes feasible due to the complete treatment in function spaces, which requires an efficient model reduction technique for numerical computations. The advocated perspective yields the crucial benefit that error bounds can be derived for all occuring approximations, leading to provable convergence subject to the discretization parameters. Moreover, it enables a fully adaptive a posteriori control with automatic problem-dependent adjustments of the employed discretizations. The method is discussed in the context of modern hierarchical tensor representations, which are used for the evaluation of a random PDE (the forward model) and the subsequent high-dimensional quadrature of the log-likelihood, alleviating the ‘curse of dimensionality’. Numerical experiments demonstrate the performance and confirm the theoretical results."
10.1103/vqks-cr6x,5,False,1,O3,openalex,Loop series expansions for tensor networks,2026,Glen Evenbly; Nicola Pancotti; Ashley Milsted; Johnnie Gray; Garnet Kin‐Lic Chan,Physical Review Research,10.1103/vqks-cr6x,,https://openalex.org/W4403555688,,,6,"Belief propagation (BP) can be a useful tool to approximately contract a tensor network, provided that the contributions from any closed loops in the network are sufficiently weak. In this article, we describe how a loop series expansion can be applied to systematically improve the accuracy of a BP approximation to a tensor network contraction, in principle converging arbitrarily close to the exact result. More generally, our result provides a framework for expanding a tensor network as a sum of component networks in a hierarchy of increasing complexity. We benchmark this proposal for the contraction of infinite projected entangled pair states, either representing the ground state of an Affleck-Kennedy-Lieb-Tasaki (AKLT) model or with randomly defined tensors, where it is shown to improve in accuracy over standard BP by several orders of magnitude while incurring only a minor increase in computational cost. These results indicate that the proposed series expansions could be a useful tool to accurately evaluate tensor networks in cases that otherwise exceed the limits of established contraction routines."
10.1090/s0894-0347-02-00398-3,5,False,1,O4,openalex,The method of alternating projections and the method of subspace corrections in Hilbert space,2002,Jinchao Xu; Ludmil Zikatanov,Journal of the American Mathematical Society,10.1090/s0894-0347-02-00398-3,,https://openalex.org/W1530115438,,,278,A new identity is given in this paper for estimating the norm of the product of nonexpansive operators in Hilbert space. This identity can be applied for the design and analysis of the method of alternating projections and the method of subspace corrections. The method of alternating projections is an iterative algorithm for determining the best approximation to any given point in a Hilbert space from the intersection of a finite number of subspaces by alternatively computing the best approximations from the individual subspaces which make up the intersection. The method of subspace corrections is an iterative algorithm for finding the solution of a linear equation in a Hilbert space by approximately solving equations restricted on a number of closed subspaces which make up the entire space. The new identity given in the paper provides a sharpest possible estimate for the rate of convergence of these algorithms. It is also proved in the paper that the method of alternating projections is essentially equivalent to the method of subspace corrections. Some simple examples of multigrid and domain decomposition methods are given to illustrate the application of the new identity.
onthedesignandanalysisofoperatorsplittingschemes,5,False,1,O4,openalex,On the Design and Analysis of Operator-Splitting Schemes,2015,Damek Davis,eScholarship (California Digital Library),,,https://openalex.org/W1146984394,,,1,"This thesis is concerned with the design and analysis of algorithms that solve nonsmooth convex optimization problems in (possibly infinite dimensional) Hilbert spaces. There are many algorithms available to solve such problems, but the methods detailed in this thesis are particularly well-suited for solving complicated problems that are built from many simpler pieces. There are a wealth of applications for which such structure is present, and this has driven the recent resurgence of interest in so-called Operator-Splitting methods; these splitting methods completely disentangle complex problem structure and give rise to algorithms that repeatedly solve a series of simpler subproblems sequentially or in parallel. These algorithms are easy to implement, they have low per-iteration cost, and in practice, they are observed to quickly converge to solutions of modest accuracy. These qualities make splitting methods attractive options for solving large-scale problems in machine learning and signal processing.Although splitting algorithms are known to converge, a general theoretical analysis of their convergence rates has remained elusive since their inception nearly in the 1950s. Furthermore, since 2000, no new splitting algorithms have been developed that do not reduce to one of three general methods (for solving general monotone inclusion problems). The purpose of this thesis is to address these theoretical challenges by deriving sharp convergence rates of existing splitting algorithms and developing a new splitting method that does not appear to reduce to any existing method. The analysis presented is particularly simple, and applies in many cases."
10.48550/arxiv.1606.01327,5,False,1,O4,openalex,Envelope Functions: Unifications and Further Properties,2016,Pontus Giselsson; Mattias Fält,arXiv (Cornell University),10.48550/arxiv.1606.01327,,https://openalex.org/W2950969520,,,1,"Recently, the forward-backward and Douglas-Rachford envelope functions were proposed in the literature. The stationary points of these envelope functions have a close relationship with the solutions of the possibly nonsmooth optimization problem to be solved. The envelopes were shown to be smooth and convex under some additional assumptions. Therefore, these envelope functions create powerful bridges between nonsmooth and smooth optimization. In this paper, we present a general envelope function that unifies and generalizes these envelope functions. We provide properties of the general envelope function that sharpen corresponding known results for the special cases. We also present an envelope function for the generalized alternating projections method (GAP), named the GAP envelope. It enables for convex feasibility problems with two sets, of which one is affine, to be solved by finding any stationary point of the smooth and under some assumptions convex GAP envelope."
10.21468/scipostphyslectnotes.86,4,False,2,O1;O3,openalex,An introduction to infinite projected entangled-pair state methods for variational ground state simulations using automatic differentiation,2024,Jan Naumann; Erik Lennart Weerda; Matteo Rizzi; Jens Eisert; Philipp Schmoll,SciPost Physics Lecture Notes,10.21468/scipostphyslectnotes.86,,https://openalex.org/W4402408402,,,18,"Tensor networks capture large classes of ground states of phases of quantum matter faithfully and efficiently. Their manipulation and contraction has remained a challenge over the years, however. For most of the history, ground state simulations of two-dimensional quantum lattice systems using (infinite) projected entangled pair states have relied on what is called a time-evolving block decimation. In recent years, multiple proposals for the variational optimization of the quantum state have been put forward, overcoming accuracy and convergence problems of previously known methods. The incorporation of automatic differentiation in tensor networks algorithms has ultimately enabled a new, flexible way for variational simulation of ground states and excited states. In this work we review the state-of-the-art of the variational iPEPS framework, providing a detailed introduction to automatic differentiation, a description of a general foundation into which various two-dimensional lattices can be conveniently incorporated, and demonstrative benchmarking results."
10.1103/prxquantum.5.010308,4,False,2,O1;O3,openalex,Efficient Tensor Network Simulation of IBM’s Eagle Kicked Ising Experiment,2024,Joseph Tindall; Matthew Fishman; E. Miles Stoudenmire; Dries Sels,PRX Quantum,10.1103/prxquantum.5.010308,,https://openalex.org/W4391132757,,,148,"We report an accurate and efficient classical simulation of a kicked Ising quantum system on the heavy hexagon lattice. A simulation of this system was recently performed on a 127-qubit quantum processor using noise-mitigation techniques to enhance accuracy [Y. Kim ., Nature, 618, 500–5 (2023)]. Here we show that, by adopting a tensor network approach that reflects the geometry of the lattice and is approximately contracted using belief propagation, we can perform a classical simulation that is significantly more accurate and precise than the results obtained from the quantum processor and many other classical methods. We quantify the treelike correlations of the wave function in order to explain the accuracy of our belief propagation-based approach. We also show how our method allows us to perform simulations of the system to long times in the thermodynamic limit, corresponding to a quantum computer with an infinite number of qubits. Our tensor network approach has broader applications for simulating the dynamics of quantum systems with treelike correlations. Published by the American Physical Society 2024"
10.1016/j.jcp.2026.115360,4,False,1,O1,openalex,Incremental Hierarchical Tucker Decomposition,2026,Doruk Aksoy; Alex Gorodetsky,Journal of Computational Physics,10.1016/j.jcp.2026.115360,,https://openalex.org/W4405766209,,,0,"We present two new algorithms for approximating and updating the hierarchical Tucker decomposition of tensor streams. The first algorithm, Batch Hierarchical Tucker - leaf to root (BHT-l2r), proposes an alternative and more efficient way of approximating a batch of similar tensors in hierarchical Tucker format. The second algorithm, Hierarchical Tucker - Rapid Incremental Subspace Expansion (HT-RISE), updates the batch hierarchical Tucker representation of an accumulated tensor as new batches of tensors become available. The HT-RISE algorithm is suitable for the online setting and never requires full storage or reconstruction of all data while providing a solution to the incremental Tucker decomposition problem. We provide theoretical guarantees for both algorithms and demonstrate their effectiveness on physical and cyber-physical data. The proposed BHT-l2r algorithm and the batch hierarchical Tucker format offers up to $6.2\times$ compression and $3.7\times$ reduction in time over the hierarchical Tucker format. The proposed HT-RISE algorithm also offers up to $3.1\times$ compression and $3.2\times$ reduction in time over a state of the art incremental tensor train decomposition algorithm."
10.1007/s10444-020-09797-9,4,False,1,O1,semanticscholar,HT-AWGM: a hierarchical Tucker–adaptive wavelet Galerkin method for high-dimensional elliptic problems,2018,Mazen Ali; K. Urban,Advances in Computational Mathematics,10.1007/s10444-020-09797-9,1805.12016,,,,12,"This paper is concerned with the construction, analysis, and realization of a numerical method to approximate the solution of high-dimensional elliptic partial differential equations. We propose a new combination of an adaptive wavelet Galerkin method (AWGM) and the well-known hierarchical tensor (HT) format. The arising HT-AWGM is adaptive both in the wavelet representation of the low-dimensional factors and in the tensor rank of the HT representation. The point of departure is an adaptive wavelet method for the HT format using approximate Richardson iterations and an AWGM for elliptic problems. HT-AWGM performs a sequence of Galerkin solves based upon a truncated preconditioned conjugate gradient (PCG) algorithm in combination with a tensor-based preconditioner. Our analysis starts by showing convergence of the truncated conjugate gradient method. The next step is to add routines realizing the adaptive refinement. The resulting HT-AWGM is analyzed concerning convergence and complexity. We show that the performance of the scheme asymptotically depends only on the desired tolerance with convergence rates depending on the Besov regularity of low-dimensional quantities and the low-rank tensor structure of the solution. The complexity in the ranks is algebraic with powers of four stemming from the complexity of the tensor truncation. Numerical experiments show the quantitative performance."
arxiv:2608.02849,4,False,1,O1,semanticscholar,Computing with traceable tensor networks,2026,Sarah Ellwein; D. Venturi,,,2608.02849,,,,0,"We introduce a new SVD-based tensor decomposition method for tensor networks with arbitrary graph topologies, extending classical hierarchical SVD-based techniques to networks with cycles and general connectivity. We also introduce addition and rounding procedures for traceable tensor graphs, enabling step-rounding time integration of high-dimensional PDEs directly in graph format, with rank truncation controlled to a prescribed tolerance at every time step. We demonstrate the new method on the decomposition of multivariate functions and on the numerical solution of the Fokker-Planck equation, and find that the graph-format representation attains comparable or better accuracy than the classical tensor train and hierarchical Tucker tensor formats, while using substantially fewer degrees of freedom at lower computational cost."
10.1140/epjqt/s40507-025-00368-9,4,False,1,O1,openalex,Efficient quantum circuit compilation for near-term quantum advantage,2025,Yuchen Guo; Shuo Yang,EPJ Quantum Technology,10.1140/epjqt/s40507-025-00368-9,,https://openalex.org/W4411162399,,,9,"Quantum noise in real-world devices poses a significant challenge in achieving practical quantum advantage, since accurately compiled and executed circuits are typically deep and highly susceptible to decoherence. To facilitate the implementation of complex quantum algorithms on noisy hardware, we propose an approximate method for compiling target quantum circuits into brick-wall layouts. This new circuit design consists of two-qubit CNOT gates that can be directly implemented on real quantum computers, in conjunction with optimized one-qubit gates, to approximate the essential dynamics of the original circuit while significantly reducing its depth. Our approach is evaluated through numerical simulations of time-evolution circuits for the critical Ising model, quantum Fourier transformation, and Haar-random quantum circuits, as well as experiments on IBM quantum platforms. By accounting for compilation error and circuit noise, we demonstrate that time evolution and quantum Fourier transformation circuits achieve high compression rates, while random quantum circuits are less compressible. The degree of compression is related to the rate of entanglement accumulation in the target circuit. In particular, experiments on IBM platforms achieve a compression rate of 12.5 for $N=12$ , significantly extending the application of current quantum devices. Furthermore, large-scale numerical simulations for system sizes up to $N=30$ reveal that the optimal depth $d_{\mathrm{max}}$ to achieve maximal overall fidelity is independent of system size N, suggesting the scalability of our method for large quantum devices in terms of quantum resources."
10.1126/sciadv.adl4895,4,False,1,O1,openalex,Feedback between stochastic gene networks and population dynamics enables cellular decision-making,2024,Paul Piho; Philipp Thomas,Science Advances,10.1126/sciadv.adl4895,,https://openalex.org/W4398782543,,,8,"Phenotypic selection occurs when genetically identical cells are subject to different reproductive abilities due to cellular noise. Such noise arises from fluctuations in reactions synthesizing proteins and plays a crucial role in how cells make decisions and respond to stress or drugs. We propose a general stochastic agent-based model for growing populations capturing the feedback between gene expression and cell division dynamics. We devise a finite state projection approach to analyze gene expression and division distributions and infer selection from single-cell data in mother machines and lineage trees. We use the theory to quantify selection in multi-stable gene expression networks and elucidate that the trade-off between phenotypic switching and selection enables robust decision-making essential for synthetic circuits and developmental lineage decisions. Using live-cell data, we demonstrate that combining theory and inference provides quantitative insights into bet-hedging–like response to DNA damage and adaptation during antibiotic exposure in Escherichia coli ."
10.22331/q-2024-12-27-1580,4,False,1,O1,openalex,Approximate Contraction of Arbitrary Tensor Networks with a Flexible and Efficient Density Matrix Algorithm,2024,Linjian Ma; Matthew Fishman; E. Miles Stoudenmire; Edgar Solomonik,Quantum,10.22331/q-2024-12-27-1580,,https://openalex.org/W4405847480,,,2,"Tensor network contractions are widely used in statistical physics, quantum computing, and computer science. We introduce a method to efficiently approximate tensor network contractions using low-rank approximations, where each intermediate tensor generated during the contractions is approximated as a low-rank binary tree tensor network. The proposed algorithm has the flexibility to incorporate a large portion of the environment when performing low-rank approximations, which can lead to high accuracy for a given rank. Here, the environment refers to the remaining set of tensors in the network, and low-rank approximations with larger environments can generally provide higher accuracy. For contracting tensor networks defined on lattices, the proposed algorithm can be viewed as a generalization of the standard boundary-based algorithms. In addition, the algorithm includes a cost-efficient density matrix algorithm for approximating a tensor network with a general graph structure into a tree structure, whose computational cost is asymptotically upper-bounded by that of the standard algorithm that uses canonicalization. Experimental results indicate that the proposed technique outperforms previously proposed approximate tensor network contraction algorithms for multiple problems in terms of both accuracy and efficiency."
10.1103/x4gs-g63p,4,False,1,O1,openalex,Simulating dynamics of the two-dimensional transverse-field Ising model: A comparative study of large-scale classical numerics,2026,Joseph Vovrosh; Sergi Julià-Farré; Wladislaw Krinitsin; Michael Kaicher; F. J. Hayes; Emmanuel Gottlob,Physical Review Research,10.1103/x4gs-g63p,,https://openalex.org/W7160421633,,,1,"The quantum dynamics of many-qubit systems is an outstanding problem that has recently driven significant advances in both numerical methods and programmable quantum processing units (QPUs). In this work, we employ a comprehensive toolbox of state-of-the-art numerical approaches to classically simulate the dynamics of the two-dimensional transverse-field Ising model. Our methods include three different tensor-network techniques—matrix product states, tree tensor networks, and two-dimensional tensor networks under the belief propagation approximation—as well as time-dependent variational Monte Carlo with neural quantum states. We focus on two paradigmatic dynamical protocols: (1) quantum annealing through a critical point and (2) postquench dynamics. Our extensive results show the quantitative predictions of various state-of-the-art numerical methods providing a benchmark for future numerical investigations and experimental studies with the aim to push the limitations on classical and QPUs. In particular, our work connects classical simulability to different regimes associated with quantum dynamics in Rydberg arrays—namely, quasiadiabatic dynamics, the Kibble-Zurek mechanism, and quantum quenches."
10.1088/1367-2630/16/3/033014,4,False,1,O1,openalex,Unifying projected entangled pair state contractions,2014,Michael Lubasch; J. I. Cirac; Mari Carmen Bañuls,New Journal of Physics,10.1088/1367-2630/16/3/033014,,https://openalex.org/W2149354085,,,136,"The approximate contraction of a tensor network of projected entangled pair states (PEPS) is a fundamental ingredient of any PEPS algorithm, required for the optimization of the tensors in ground state search or time evolution, as well as for the evaluation of expectation values. An exact contraction is in general impossible, and the choice of the approximating procedure determines the efficiency and accuracy of the algorithm. We analyze different previous proposals for this approximation, and show that they can be understood via the form of their environment, i.e. the operator that results from contracting part of the network. This provides physical insight into the limitation of various approaches, and allows us to introduce a new strategy, based on the idea of clusters, that unifies previous methods. The resulting contraction algorithm interpolates naturally between the cheapest and most imprecise and the most costly and most precise method. We benchmark the different algorithms with finite PEPS, and show how the cluster strategy can be used for both the tensor optimization and the calculation of expectation values. Additionally, we discuss its applicability to the parallelization of PEPS and to infinite systems."
treetensornetworkreservoircomputinghierarchicalensemblewithinvariantphaseboundaries,4,False,1,O1,openalex,Tree Tensor Network Reservoir Computing: Hierarchical Ensemble with Invariant Phase Boundaries,2026,Daiki Sasaki; Chih-Chieh Chen; Tomah Sogabe,arXiv (Cornell University),,,https://openalex.org/W7171750206,,,0,"We propose Tree Tensor Network Reservoir Computing (TTN-RC), a quantum-inspired reservoir computing framework for time-series prediction that uses the hierarchical structure of Tree Tensor Networks as a random reservoir. To control the exponential concentration or divergence of TTN outputs, we introduce a hierarchical ensemble method that partitions a fixed-size reservoir into multiple independent sub-reservoirs. In the tested NARMA benchmarks, TTN-RC achieves competitive or improved performance compared with conventional Echo State Networks, especially for tasks requiring higher-order nonlinear processing and longer contextual dependence. We also derive an expected contraction rate based on the reservoir Jacobian and develop a mean-field description of the reservoir-state statistics. These analyses identify an asymptotic stability boundary at $σ_{T}=\sqrt{2}$ in the large per-tree-size limit, where several theoretical indicators converge. Our results provide a design principle for tensor-network-based reservoir computing and clarify how hierarchical reservoir topology controls stability and nonlinear information processing."
10.48550/arxiv.1606.05535,4,False,1,O2,openalex,Tensor Ring Decomposition,2016,Qibin Zhao; Guoxu Zhou; Shengli Xie; Liqing Zhang; Andrzej Cichocki,arXiv (Cornell University),10.48550/arxiv.1606.05535,,https://openalex.org/W2431890537,,,304,"Tensor networks have in recent years emerged as the powerful tools for solving the large-scale optimization problems. One of the most popular tensor network is tensor train (TT) decomposition that acts as the building blocks for the complicated tensor networks. However, the TT decomposition highly depends on permutations of tensor dimensions, due to its strictly sequential multilinear products over latent cores, which leads to difficulties in finding the optimal TT representation. In this paper, we introduce a fundamental tensor decomposition model to represent a large dimensional tensor by a circular multilinear products over a sequence of low dimensional cores, which can be graphically interpreted as a cyclic interconnection of 3rd-order tensors, and thus termed as tensor ring (TR) decomposition. The key advantage of TR model is the circular dimensional permutation invariance which is gained by employing the trace operation and treating the latent cores equivalently. TR model can be viewed as a linear combination of TT decompositions, thus obtaining the powerful and generalized representation abilities. For optimization of latent cores, we present four different algorithms based on the sequential SVDs, ALS scheme, and block-wise ALS techniques. Furthermore, the mathematical properties of TR model are investigated, which shows that the basic multilinear algebra can be performed efficiently by using TR representaions and the classical tensor decompositions can be conveniently transformed into the TR representation. Finally, the experiments on both synthetic signals and real-world datasets were conducted to evaluate the performance of different algorithms."
highresolutiontensornetworkfouriermethodsforexponentiallycompressednongaussianaggregatedistributions,4,False,1,O2,openalex,High-Resolution Tensor-Network Fourier Methods for Exponentially Compressed Non-Gaussian Aggregate Distributions,2026,Juan José Rodríguez-Aldavero; Juan José García-Ripoll,arXiv (Cornell University),,,https://openalex.org/W7140954062,,,0,"Characteristic functions of weighted sums of independent random variables exhibit low-rank structure in the quantized tensor train (QTT) representation, also known as matrix product states (MPS), enabling up to exponential compression of their fully non-Gaussian probability distributions. Under variable independence, the global characteristic function factorizes into local terms. Its low-rank QTT structure arises from intrinsic spectral smoothness in continuous models, or from spectral energy concentration as the number of components $D$ grows in discrete models. We demonstrate this on weighted sums of Bernoulli and lognormal random variables. In the former, despite an adversarial, incompressible small-$D$ regime, the characteristic function undergoes a sharp bond-dimension collapse for $D \gtrsim 300$ components, enabling polylogarithmic time and memory scaling. In the latter, the approach reaches high-resolution discretizations of $N = 2^{30}$ frequency modes on standard hardware, far beyond the $N = 2^{24}$ ceiling of dense implementations. These compressed representations enable efficient computation of Value at Risk (VaR) and Expected Shortfall (ES), supporting applications in quantitative finance and beyond."
localtensortrainsurrogatesforquantumlearningmodels,4,False,1,O2,openalex,Local tensor-train surrogates for quantum learning models,2026,Sreeraj Nair; Christopher Ferrie,arXiv (Cornell University),,,https://openalex.org/W7159547052,,,0,"A key bottleneck in quantum machine learning is the computational cost of repeated quantum circuit evaluations during the inference phase. To address this, we present a framework for constructing fast, cheap, provably accurate classical tensor-train surrogates of fully trained quantum machine learning models within local patches of their input data space. The approach combines Taylor polynomial approximation with a tensor-train (TT) representation and embeds it in a statistical learning paradigm via empirical risk minimization. In our analysis, the Taylor-TT construction serves as a deterministic error certificate proving that the TT hypothesis class contains a good approximation; empirical risk minimization then provably recovers a surrogate with controlled generalization error and explicit bounds. This translates into three independently controllable error sources: (i) Taylor truncation error controlled by the patch radius $r$ and polynomial degree $p$, (ii) TT approximation error controlled by the bond dimension $χ$, and (iii) statistical estimation error. While the parameter count scales polynomially in the number of data dimensions $N$, i.e., $d_{\mathrm{eff}} = N(p+1)χ^2$ rather than the naive $(p+1)^N$, the worst-case constants inherit an exponential factor through the tensor-product feature norm during Taylor polynomial embedding onto TT. This cleanly separates representation complexity from feature-induced constants. Our risk bounds and sample complexity depend explicitly on the local patch radius $r$."
10.1111/nph.16923,4,False,1,O2,openalex,Automated and accurate segmentation of leaf venation networks via deep learning,2020,Hao Xu; Benjamin Blonder; Miguel Jodra; Yadvinder Malhi; Mark D. Fricker,New Phytologist,10.1111/nph.16923,,https://openalex.org/W3083985123,,,52,"Summary Leaf vein network geometry can predict levels of resource transport, defence and mechanical support that operate at different spatial scales. However, it is challenging to quantify network architecture across scales due to the difficulties both in segmenting networks from images and in extracting multiscale statistics from subsequent network graph representations. Here we developed deep learning algorithms using convolutional neural networks (CNNs) to automatically segment leaf vein networks. Thirty‐eight CNNs were trained on subsets of manually defined ground‐truth regions from >700 leaves representing 50 southeast Asian plant families. Ensembles of six independently trained CNNs were used to segment networks from larger leaf regions ( c . 100 mm 2 ). Segmented networks were analysed using hierarchical loop decomposition to extract a range of statistics describing scale transitions in vein and areole geometry. The CNN approach gave a precision‐recall harmonic mean of 94.5% ± 6%, outperforming other current network extraction methods, and accurately described the widths, angles and connectivity of veins. Multiscale statistics then enabled the identification of previously undescribed variation in network architecture across species. We provide a LeafVeinCNN software package to enable multiscale quantification of leaf vein networks, facilitating the comparison across species and the exploration of the functional significance of different leaf vein architectures."
10.1561/2200000067,4,False,1,O2,openalex,Tensor Networks for Dimensionality Reduction and Large-Scale Optimizations Part 2 Applications and Future Perspectives,2017,Andrzej Cichocki; Anh-Huy Phan; Qibin Zhao; Namgil Lee; Ivan Oseledets; Masashi Sugiyama,Foundations and Trends® in Machine Learning,10.1561/2200000067,,https://openalex.org/W2617994470,,,225,"Part 2 of this monograph builds on the introduction to tensor networks and their operations presented in Part 1. It focuses on tensor network models for super-compressed higher-order representation of data/parameters and related cost functions, while providing an outline of their applications in machine learning and data analytics. A particular emphasis is on the tensor train (TT) and Hierarchical Tucker (HT) decompositions, and their physically meaningful interpretations which reflect the scalability of the tensor network approach. Through a graphical approach, we also elucidate how, by virtue of the underlying low-rank tensor approximations and sophisticated contractions of core tensors, tensor networks have the ability to perform distributed computations on otherwise prohibitively large volumes of data/parameters, thereby alleviating or even eliminating the curse of dimensionality. The usefulness of this concept is illustrated over a number of applied areas, including generalized regression and classification (support tensor machines, canonical correlation analysis, higher order partial least squares), generalized eigenvalue decomposition, Riemannian optimization, and in the optimization of deep neural networks. Part 1 and Part 2 of this work can be used either as stand-alone separate texts, or indeed as a conjoint comprehensive review of the exciting field of low-rank tensor networks and tensor decompositions."
10.1038/s41534-022-00654-9,4,False,1,O3,openalex,Many-body localization in the infinite-interaction limit and the discontinuous eigenstate phase transition,2022,Chun Chen; Yan Chen; Xiaoqun Wang,npj Quantum Information,10.1038/s41534-022-00654-9,,https://openalex.org/W4310810906,,,3,"Abstract We study many-body localization (MBL) in a spin-chain model mimicking the Rydberg-blockade quantum simulator with infinite-strength projection and moderate quasiperiodic modulation. Employing exact diagonalization, Krylov-typicality technique, and time-evolving block decimation, we identify evidence for a constrained MBL phase stabilized by a pure quasirandom transverse field. Intriguingly, the constrained MBL transition may embody a discontinuous eigenstate phase transition, whose discontinuity nature significantly suppresses finite-size drifts that plague most numerical studies of conventional MBL transition. Through quantum dynamics, we find that rotating the modulated field from parallel toward perpendicular to the projection axis induces an eigenstate transition between diagonal and constrained MBL phases. The entanglement-entropy growth in constrained MBL follows a double-log form, whereas it changes to a power law in approaching the diagonal limit. By unveiling confined nonlocal effects in integrals of motion of constrained MBL, we show this insulating state is not a many-body Anderson insulator. Our predictions are testable in Rydberg experiments."
10.48550/arxiv.2011.09202,4,False,1,O3,openalex,Many-body localization in the infinite-interaction limit and the discontinuous eigenstate phase transition,2020,Chun Chen; Yan Chen; Xiaoqun Wang,arXiv (Cornell University),10.48550/arxiv.2011.09202,,https://openalex.org/W4287594763,,,0,"Can localization persist when interaction grows infinitely stronger than randomness? If so, is it many-body Anderson localization? How about the associated localization transition in the infinite-interaction limit? To tackle these questions, we study many-body localization (MBL) in a spin-chain model mimicking the Rydberg-blockade quantum simulator with both infinite-strength projection and moderate quasiperiodic modulation. Employing exact diagonalization, Krylov-typicality technique, and time-evolving block decimation, we identify evidence for a constrained MBL phase stabilized by a pure quasirandom transverse field. Remarkably, the constrained MBL transition may embody a discontinuous eigenstate phase transition, whose discontinuity nature significantly suppresses the finite-size drifts that plague most numerical studies of conventional MBL transition. Through quantum dynamics, we find that rotating the modulated field from parallel toward perpendicular to the projection axis induces an eigenstate transition between the diagonal and constrained MBL phases. Intriguingly, the entanglement-entropy growth in constrained MBL follows a double-log form, whereas it changes to a power law in approaching the diagonal limit. By unveiling the significance of confined nonlocal effects in integrals of motion of constrained MBL, we show that this newfound insulating state is not a many-body Anderson insulator. Our predictions can be tested in Rydberg experiments."
10.1007/jhep04(2026)183,4,False,1,O3,openalex,Quantum dynamics of cosmological particle production: interacting quantum field theories with matrix product states,2026,Evan Budd; Adrien Florio; David Frenklakh; Swagato Mukherjee,Journal of High Energy Physics,10.1007/jhep04(2026)183,,https://openalex.org/W7156250882,,,3,"A bstract Understanding real-time dynamics of interacting quantum fields in curved space-time remains a major theoretical challenge. We employ tensor network methods to study such dynamics using interacting scalar and gauge theories in 1+1 spacetime dimensions, subject to a quench modeling a homogeneously expanding gravitational background. The models considered are the scalar λϕ 4 theory and the Schwinger model, i.e. a Dirac fermion coupled to a U(1) gauge field which is equivalent via bosonization to a scalar field with a cosine self-interaction. In the free scalar limit, both theories reproduce known analytical results, providing a nontrivial numerical validation of bosonization in curved spacetime for the Schwinger model. Our central finding is that self-interactions lead to a suppression of gravitational particle production compared to the free-field case, as evidenced by two-point functions and the spectra of produced particles. We further examine the behavior of entanglement generation and find that interactions suppress entanglement growth in the λϕ 4 theory, while in the Schwinger model, the interplay between suppressed particle production and enhanced inter-particle correlations leads to more complex entanglement behavior. Our results pave the way for further explorations of nonperturbative quantum real-time dynamics of interacting scalar and gauge theories in arbitrary gravitational backgrounds."
dynamicalsimulationsofschrdingersequationviarankadaptivetensordecompositions,4,False,1,O3,openalex,Dynamical Simulations of Schrödinger's Equation via Rank-Adaptive Tensor Decompositions,2026,N. Anders Petersson; Chase Hodges-Heilmann; Stefanie Günther,arXiv (Cornell University),,,https://openalex.org/W7139145026,,,0,"We study low-rank tensor methods for the numerical solution of Schrödinger's equation with time-independent and explicitly time-dependent Hamiltonians, motivated by large-scale simulations of many-body quantum systems and quantum computing devices subject to time-dependent control pulses. We outline the recent application of the ""basis update and Galerkin"" (BUG) method for tensor trains, and describe the established TDVP and TDVP-2 algorithms based on the time-dependent variational principle. For comparison, we also consider the BUG method in the Tucker format. All these approaches enable memory efficient representations of partially entangled quantum states and thereby mitigate the exponential cost of conventional state-vector formulations. The rank-adaptivity relies on the truncated singular value decomposition, in which the rank of a matrix is reduced by setting its smallest singular values to zero, based on a threshold parameter that controls the truncation error. Numerical experiments on representative time-independent and time-dependent Hamiltonian models quantify the tradeoff between accuracy and compression across methods, with particular attention to the interplay between the time-step and the truncation threshold, and how the computational effort scales with the number of sub-systems in the quantum system."
quantumclassicalcrossoverinfaulttolerantquantumdynamicssimulation,4,False,1,O3,openalex,Quantum-classical crossover in fault-tolerant quantum dynamics simulation,2026,J F Sun; Bozhen Zhou; Jue Xu; Yuan Yao; Zhenyu Du; Zixu Zhang,arXiv (Cornell University),,,https://openalex.org/W7169923399,,,0,"While quantum computers promise to solve classically intractable problems, identifying the point at which fault-tolerant quantum computation outperforms the best classical algorithms for practical applications remains an outstanding challenge. Here we establish a concrete quantum-classical crossover for quantum many-body dynamics under realistic hardware conditions. We introduce a scalable fault-tolerant framework that combines coherent observable estimation with a space-time-efficient implementation of non-Clifford rotations, suppressing the residual logical errors that limit existing partially fault-tolerant approaches. A benchmark against state-of-the-art tensor-network and variational Monte Carlo algorithms reveals a concrete crossover for mixed-field Ising dynamics at modest system sizes. For a physical error rate of $p=10^{-3}$, fault-tolerant simulation requires approximately 2 hours and $3.7 \times 10^5$ physical qubits for a 100-site 1D system, whereas tensor network approaches would require about 100 years. For 2D models, where rapid entanglement growth limits the classical evolution time, we project quantum runtimes within minutes. A physical error rate of $p=10^{-4}$ leads to at least an order of magnitude reduction in qubit count ($3.1 \times 10^4$ physical qubits) and runtime (minutes for 1D and seconds for 2D). The reduction in quantum runtime arises from our improved rotation-state injection and co-design of quantum error correction and observable-estimation protocols, which jointly suppress logical-error accumulation and reduce sampling overhead. Our results establish a scalable route towards practical quantum advantage and identify quantitative engineering targets for future fault-tolerant architectures."
10.1103/prxquantum.1.020318,4,False,1,O3,openalex,Reducing Unitary and Spectator Errors in Cross Resonance with Optimized Rotary Echoes,2020,Neereja Sundaresan; Isaac Lauer; Emily Pritchett; Easwar Magesan; Petar Jurcevic; Jay M. Gambetta,PRX Quantum,10.1103/prxquantum.1.020318,,https://openalex.org/W3040419173,,,139,"We present an improvement to the cross resonance gate realized with the addition of resonant, target rotary pulses. These pulses, applied directly to the target qubit, are simultaneous to and in phase with the echoed cross resonance pulses. Using specialized Hamiltonian error amplifying tomography, we confirm a reduction of error terms with target rotary—directly translating to improved two-qubit gate fidelity. Beyond improvement in the control-target subspace, the target rotary reduces entanglement between target and target spectators caused by residual quantum interactions. We further characterize multiqubit performance improvement enabled by target rotary pulsing using unitarity benchmarking and quantum volume measurements, achieving a new record quantum volume for a superconducting qubit system."
10.48550/arxiv.2302.09019,4,False,1,O3,openalex,Tensor Networks Meet Neural Networks: A Survey and Future Perspectives,2023,"Maolin Wang; Pan Yu; Zenglin Xu; Guangxi Li; Xiangli Yang; Mandic, Danilo",arXiv (Cornell University),10.48550/arxiv.2302.09019,,https://openalex.org/W4321393046,,,14,"Tensor networks (TNs) and neural networks (NNs) are two fundamental data modeling approaches. TNs were introduced to solve the curse of dimensionality in large-scale tensors by converting an exponential number of dimensions to polynomial complexity. As a result, they have attracted significant attention in the fields of quantum physics and machine learning. Meanwhile, NNs have displayed exceptional performance in various applications, e.g., computer vision, natural language processing, and robotics research. Interestingly, although these two types of networks originate from different observations, they are inherently linked through the typical multilinearity structure underlying both TNs and NNs, thereby motivating a significant number of developments regarding combinations of TNs and NNs. In this paper, we refer to these combinations as tensorial neural networks~(TNNs) and present an introduction to TNNs from both data processing and model architecture perspectives. From the data perspective, we explore the capabilities of TNNs in multi-source fusion, multimodal pooling, data compression, multi-task training, and quantum data processing. From the model perspective, we examine TNNs' integration with various architectures, including Convolutional Neural Networks, Recurrent Neural Networks, Graph Neural Networks, Transformers, Large Language Models, and Quantum Neural Networks. Furthermore, this survey also explores methods for improving TNNs, examines flexible toolboxes for implementing TNNs, and documents TNN development while highlighting potential future directions. To the best of our knowledge, this is the first comprehensive survey that bridges the connections among NNs and TNs. We provide a curated list of TNNs at https://github.com/tnbar/awesome-tensorial-neural-networks."
10.48550/arxiv.2306.14887,4,False,1,O3,openalex,Efficient tensor network simulation of IBM's Eagle kicked Ising experiment,2023,Joseph Tindall; Matthew Fishman; Miles Stoudenmire; Dries Sels,arXiv (Cornell University),10.48550/arxiv.2306.14887,,https://openalex.org/W4382404552,,,15,"We report an accurate and efficient classical simulation of a kicked Ising quantum system on the heavy-hexagon lattice. A simulation of this system was recently performed on a 127 qubit quantum processor using noise mitigation techniques to enhance accuracy (Nature volume 618, p.~500-505 (2023)). Here we show that, by adopting a tensor network approach that reflects the geometry of the lattice and is approximately contracted using belief propagation, we can perform a classical simulation that is significantly more accurate and precise than the results obtained from the quantum processor and many other classical methods. We quantify the tree-like correlations of the wavefunction in order to explain the accuracy of our belief propagation-based approach. We also show how our method allows us to perform simulations of the system to long times in the thermodynamic limit, corresponding to a quantum computer with an infinite number of qubits. Our tensor network approach has broader applications for simulating the dynamics of quantum systems with tree-like correlations."
10.48550/arxiv.2206.04701,4,False,1,O3,openalex,Efficient tensor network simulation of quantum many-body physics on sparse graphs,2022,Subhayan Sahu; Brian Swingle,arXiv (Cornell University),10.48550/arxiv.2206.04701,,https://openalex.org/W4320011870,,,10,"We study tensor network states defined on an underlying graph which is sparsely connected. Generic sparse graphs are expander graphs with a high probability, and one can represent volume law entangled states efficiently with only polynomial resources. We find that message-passing inference algorithms such as belief propagation can lead to efficient computation of local expectation values for a class of tensor network states defined on sparse graphs. As applications, we study local properties of square root states, graph states, and also employ this method to variationally prepare ground states of gapped Hamiltonians defined on generic graphs. Using the variational method we study the phase diagram of the transverse field quantum Ising model defined on sparse expander graphs."
10.1146/annurev-fluid-010816-060042,4,False,1,O4,openalex,Model Reduction for Flow Analysis and Control,2016,Clarence W. Rowley; Scott T. M. Dawson,Annual Review of Fluid Mechanics,10.1146/annurev-fluid-010816-060042,,https://openalex.org/W2346717862,,,798,"Advances in experimental techniques and the ever-increasing fidelity of numerical simulations have led to an abundance of data describing fluid flows. This review discusses a range of techniques for analyzing such data, with the aim of extracting simplified models that capture the essential features of these flows, in order to gain insight into the flow physics, and potentially identify mechanisms for controlling these flows. We review well-developed techniques, such as proper orthogonal decomposition and Galerkin projection, and discuss more recent techniques developed for linear systems, such as balanced truncation and dynamic mode decomposition (DMD). We then discuss some of the methods available for nonlinear systems, with particular attention to the Koopman operator, an infinite-dimensional linear operator that completely characterizes the dynamics of a nonlinear system and provides an extension of DMD to nonlinear systems."
10.1007/s00211-017-0891-9,4,False,1,O4,openalex,A posteriori error estimates for the virtual element method,2017,Andrea Cangiani; Emmanuil H. Georgoulis; Tristan Pryer; Oliver J. Sutton,Numerische Mathematik,10.1007/s00211-017-0891-9,,https://openalex.org/W2300243767,,,241,"An posteriori error analysis for the virtual element method (VEM) applied to general elliptic problems is presented. The resulting error estimator is of residual-type and applies on very general polygonal/polyhedral meshes. The estimator is fully computable as it relies only on quantities available from the VEM solution, namely its degrees of freedom and element-wise polynomial projection. Upper and lower bounds of the error estimator with respect to the VEM approximation error are proven. The error estimator is used to drive adaptive mesh refinement in a number of test problems. Mesh adaptation is particularly simple to implement since elements with consecutive co-planar edges/faces are allowed and, therefore, locally adapted meshes do not require any local mesh post-processing."
10.1016/j.jat.2006.02.005,4,False,1,O4,openalex,The rate of convergence for the cyclic projections algorithm I: Angles between convex sets,2006,Frank Deutsch; Hein Hundal,Journal of Approximation Theory,10.1016/j.jat.2006.02.005,,https://openalex.org/W2100885264,,,66,
10.1109/tsp.2017.2690524,4,False,1,O5,openalex,Tensor Decomposition for Signal Processing and Machine Learning,2017,Nicholas D. Sidiropoulos; Lieven De Lathauwer; Xiao Fu; Kejun Huang; Evangelos E. Papalexakis; Christos Faloutsos,IEEE Transactions on Signal Processing,10.1109/tsp.2017.2690524,,https://openalex.org/W2469230926,,,1655,"Tensors or multiway arrays are functions of three or more indices (i, j, k, . . . )-similar to matrices (two-way arrays), which are functions of two indices (r, c) for (row, column). Tensors have a rich history, stretching over almost a century, and touching upon numerous disciplines; but they have only recently become ubiquitous in signal and data analytics at the confluence of signal processing, statistics, data mining, and machine learning. This overview article aims to provide a good starting point for researchers and practitioners interested in learning about and working with tensors. As such, it focuses on fundamentals and motivation (using various application examples), aiming to strike an appropriate balance of breadth and depth that will enable someone having taken first graduate courses in matrix algebra and probability to get started doing research and/or developing tensor algorithms and software. Some background in applied optimization is useful but not strictly required. The material covered includes tensor rank and rank decomposition; basic tensor factorization models and their relationships and properties (including fairly good coverage of identifiability); broad coverage of algorithms ranging from alternating optimization to stochastic gradient; statistical performance analysis; and applications ranging from source separation to collaborative filtering, mixture and topic modeling, classification, and multilinear subspace learning."
10.1214/23-ss144,4,False,1,O6,openalex,Nested sampling methods,2023,Johannes Büchner,Statistics Surveys,10.1214/23-ss144,,https://openalex.org/W3123560198,,,107,"Nested sampling (NS) computes parameter posterior distributions and makes Bayesian model comparison computationally feasible. Its strengths are the unsupervised navigation of complex, potentially multi-modal posteriors until a well-defined termination point. A systematic literature review of nested sampling algorithms and variants is presented. We focus on complete algorithms, including solutions to likelihood-restricted prior sampling, parallelisation, termination and diagnostics. The relation between number of live points, dimensionality and computational cost is studied for two complete algorithms. A new formulation of NS is presented, which casts the parameter space exploration as a search on a tree data structure. Previously published ways of obtaining robust error estimates and dynamic variations of the number of live points are presented as special cases of this formulation. A new online diagnostic test is presented based on previous insertion rank order work. The survey of nested sampling methods concludes with outlooks for future research."
tensorproductmethodsinnumericalsimulationofhighdimensionaldynamicalproblems,3,False,2,O1;O2,openalex,Tensor product methods in numerical simulation of high-dimensional dynamical problems,2014,Sergey Dolgov,Qucosa (Saxon State and University Library Dresden),,,https://openalex.org/W2530898019,,,12,"Quantification of stochastic or quantum systems by a joint probability density or wave function is a notoriously difficult computational problem, since the solution depends on all possible states (or realizations) of the system. Due to this combinatorial flavor, even a system containing as few as ten particles may yield as many as $10^{10}$ discretized states. None of even modern supercomputers are capable to cope with this curse of dimensionality straightforwardly, when the amount of quantum particles, for example, grows up to more or less interesting order of hundreds. A traditional approach for a long time was to avoid models formulated in terms of probabilistic functions, and simulate particular system realizations in a randomized process. Since different times in different communities, data-sparse methods came into play. Generally, they aim to define all data points indirectly, by a map from a low amount of representers, and recast all operations (e.g. linear system solution) from the initial data to the effective parameters. The most advanced techniques can be applied (at least, tried) to any given array, and do not rely explicitly on its origin. The current work contributes further progress to this area in the particular direction: tensor product methods for separation of variables. The separation of variables has a long history, and is based on the following elementary concept: a function of many variables may be expanded as a product of univariate functions. On the discrete level, a function is encoded by an array of its values, or a tensor. Therefore, instead of a huge initial array, the separation of variables allows to work with univariate factors with much less efforts. The dissertation contains a short overview of existing tensor representations: canonical PARAFAC, Hierarchical Tucker, Tensor Train (TT) formats, as well as the artificial tensorisation, resulting in the Quantized Tensor Train (QTT) approximation method. The contribution of the dissertat"
10.1126/science.ado6285,3,False,2,O1;O3,openalex,Beyond-classical computation in quantum simulation,2025,Andrew King; Alberto Nocera; Marek M. Rams; Jacek Dziarmaga; Roeland Wiersema; William Bernoudy,Science,10.1126/science.ado6285,,https://openalex.org/W4408363016,,,119,"Quantum computers hold the promise of solving certain problems that lie beyond the reach of conventional computers. However, establishing this capability, especially for impactful and meaningful problems, remains a central challenge. Here, we show that superconducting quantum annealing processors can rapidly generate samples in close agreement with solutions of the Schrödinger equation. We demonstrate area-law scaling of entanglement in the model quench dynamics of two-, three-, and infinite-dimensional spin glasses, supporting the observed stretched-exponential scaling of effort for matrix-product-state approaches. We show that several leading approximate methods based on tensor networks and neural networks cannot achieve the same accuracy as the quantum annealer within a reasonable time frame. Thus, quantum annealers can answer questions of practical importance that may remain out of reach for classical computation."
10.1002/qua.24898,3,False,2,O1;O2,openalex,Tensor product methods and entanglement optimization forab initioquantum chemistry,2015,Szilárd Szalay; Max J. Pfeffer; V. Murg; Gergely Barcza; Frank Verstraete; Reinhold Schneider,International Journal of Quantum Chemistry,10.1002/qua.24898,,https://openalex.org/W1690544311,,,310,"The treatment of high‐dimensional problems such as the Schrödinger equation can be approached by concepts of tensor product approximation. We present general techniques that can be used for the treatment of high‐dimensional optimization tasks and time‐dependent equations, and connect them to concepts already used in many‐body quantum physics. Based on achievements from the past decade, entanglement‐based methods—developed from different perspectives for different purposes in distinct communities already matured to provide a variety of tools—can be combined to attack highly challenging problems in quantum chemistry. The aim of the present paper is to give a pedagogical introduction to the theoretical background of this novel field and demonstrate the underlying benefits through numerical applications on a text book example. Among the various optimization tasks, we will discuss only those which are connected to a controlled manipulation of the entanglement which is in fact the key ingredient of the methods considered in the paper. The selected topics will be covered according to a series of lectures given on the topic “New wavefunction methods and entanglement optimizations in quantum chemistry” at the Workshop on Theoretical Chemistry, February 18–21, 2014, Mariapfarr, Austria. © 2015 Wiley Periodicals, Inc."
10.1145/3295500.3356155,3,False,2,O2;O3,openalex,Full-state quantum circuit simulation by using data compression,2019,Xin-Chuan Wu; Sheng Di; Emma Maitreyee Dasgupta; Franck Cappello; Hal Finkel; Yuri Alexeev,,10.1145/3295500.3356155,,https://openalex.org/W2986871396,,,136,"Quantum circuit simulations are critical for evaluating quantum algorithms and machines. However, the number of state amplitudes required for full simulation increases exponentially with the number of qubits. In this study, we leverage data compression to reduce memory requirements, trading computation time and fidelity for memory space. Specifically, we develop a hybrid solution by combining the lossless compression and our tailored lossy compression method with adaptive error bounds at each timestep of the simulation. Our approach optimizes for compression speed and makes sure that errors due to lossy compression are uncorrelated, an important property for comparing simulation output with physical machines. Experiments show that our approach reduces the memory requirement of simulating the 61-qubit Grover's search algorithm from 32 exabytes to 768 terabytes of memory on Argonne's Theta supercomputer using 4,096 nodes. The results suggest that our techniques can increase the simulation size by 2~16 qubits for general quantum circuits."
10.1103/revmodphys.93.045003,3,False,2,O3;O4,openalex,"Matrix product states and projected entangled pair states: Concepts, symmetries, theorems",2021,J. I. Cirac; David Pérez-Garcı́a; Norbert Schuch; Frank Verstraete,Reviews of Modern Physics,10.1103/revmodphys.93.045003,,https://openalex.org/W4200400528,,,827,Many-body wave functions can be described effectively by local tensors in matrix product states and projected entangled pair states. This article reviews how these theories provide not only numerical methods but also insights of a more fundamental nature into the structures of states with global entanglement patterns and topological quantum order.
10.1109/lawp.2026.3686466,3,False,1,O1,semanticscholar,An Adaptive Interval-Constrained Tucker Decomposition for Efficient Multilevel Fast Multipole Algorithm,2026,Haohui Ge; Yang Liu; Sheng Sun; Han-Yu Li; Hai-Jing Zhou,IEEE Antennas and Wireless Propagation Letters,10.1109/LAWP.2026.3686466,,,,,1,"To enhance far-field tensor storage efficiency and computational performance in the multilevel fast multipole algorithm (MLFMA), we propose an adaptive interval-constrained Tucker decomposition that reformulates rank selection under an error interval [<inline-formula><tex-math notation=""LaTeX"">${{\varepsilon }_{\text{lower}}}$</tex-math></inline-formula>, <inline-formula><tex-math notation=""LaTeX"">${{\varepsilon }_{\text{target}}}$</tex-math></inline-formula>] to avoid overly conservative truncation and eliminate the manual tolerance adjustments, and a slice precomputation strategy that converts runtime Tucker contractions into matrix–vector products without repeated reshaping overhead to accelerate Tucker-compressed tensor–vector multiplication. Across five PEC-sphere cases, the method achieves 8.0–11.5:1 compression under <inline-formula><tex-math notation=""LaTeX"">$0.80-1.00 \times {{10}^{ - 3}}$</tex-math></inline-formula> tensor-level relative error and delivers 2.3–6.3× speedup in aggregation and 4.9–7.9× speedup in disaggregation."
10.48550/arxiv.2509.00805,3,False,1,O1,semanticscholar,An Inexact Low-Rank Source Iteration for Steady-State Radiative Transfer Equation with Diffusion Synthetic Acceleration,2025,Wei Guo; Zhichao Peng,arXiv.org,10.48550/arXiv.2509.00805,2509.00805,,,,3,"We propose an inexact low-rank source iteration with diffusion synthetic acceleration (SI-DSA) for solving the multidimensional steady-state radiative transfer equation (RTE) in the second-order formulation. The angular flux is represented in either a low-rank matrix or hierarchical Tucker tensor (HTT) format, enabling substantial reductions in computational resources. Each SI step is solved using a preconditioned low-rank conjugate gradient (CG) method with a diffusion preconditioner. To further improve efficiency, we introduce an adaptive inexact strategy that dynamically relaxes the inner CG tolerance during early SI iterations. The method exploits the tensor-product structure of the discretized operators to perform all matrix-vector operations in low-rank form. Numerical experiments on 2D2V benchmark problems, including diffusion-dominated, transport-dominated, and multiscale problems, demonstrate that the proposed approach achieves errors on the order of $10^{-4}$ to $10^{-5}$ relative to full-rank reference solutions, while reducing the degrees of freedom by up to two orders of magnitude. In the diffusion-dominated case, the low-rank solver achieves speedups exceeding $90\times$ over its full-rank counterpart and remains competitive in solving challenging transport-dominated and multiscale problems while providing substantial storage savings. To our knowledge, this work provides the first low-rank SI-DSA framework for multidimensional steady-state RTE."
furmathematikindennaturwissenschaftenleipzighierarchicalsingularvaluedecompositionoftensors,3,False,1,O1,semanticscholar,f¨ur Mathematik in den Naturwissenschaften Leipzig Hierarchical Singular Value Decomposition of Tensors,,L. Grasedyck,,,,,,,669,
10.1115/pvp2023-106426,3,False,1,O1,semanticscholar,Using Detection Performance to Assess Outlier Sizing on Truncated Data Sets,2023,Jason B. Skow; J. Krynicki,"Volume 7: Seismic Engineering; ASME Nondestructive Evaluation, Diagnosis and Prognosis (NDPD) Division",10.1115/pvp2023-106426,,,,,0,"
 The third edition of the American Petroleum Institute (API) 1163 recommended practice (RP) “In-line Inspection Systems Qualification”, released in September 2021, includes many improvements over previous editions including updates to Section 8 “System Results Validation”, which defines the methodologies to validate ILI run measurement tolerances. The recommended practice describes three levels of validation, with ‘Level 3’ requiring operators estimate ILI tool measurement performance with real-world data measured in validation spools and excavation sites. It is an advancement over Level 2 which is a statistical significance test of validation measurements against a vendor specification. Two examples of Level 3 validations are provided in Appendix C, one describes statistical tolerance intervals, the other describes a hierarchical Bayesian model. This paper uses the second model to estimate measurement performance when a data set is truncated.
 In a previous paper, the authors described using the Hausman and Wise algorithm to model sizing performance on truncated data sets. When the data is truncated, this algorithm corrects for the ‘missing’ data, improving the results of a linear regression between inspection measurements and validation measurements. However, the algorithm is a based on several assumptions, which do not hold for some outlier data. When an outlier under-predicts the validated size, the Hausman and Wise correction overcompensates because it assumes that every outlier represents a larger number of missed anomalies of similar size. In this paper, we discuss an improvement to the Hausman and Wise algorithm that incorporates the probability of detection of the measurement tool. The probability of detection informs the truncation algorithm by providing the necessary parameters to determine if outliers are purely sizing errors, or whether they also present a risk that a similar sized anomaly was not detected.
 This paper includes examples of real field m"
10.1515/rnam-2013-0009,3,False,1,O1,openalex,TT-GMRES: solution to a linear system in the structured tensor format,2013,Sergey Dolgov,Russian Journal of Numerical Analysis and Mathematical Modelling,10.1515/rnam-2013-0009,,https://openalex.org/W2077817396,,,7,"An adapted tensor-structured GMRES method for the TT format is proposed and investigated. The Tensor Train (TT) approximation is a robust approach to highdimensional problems. One class of such problems involves the solution of a linear system. In this work we study the convergence of the GMRES method in the presence of tensor approximations and provide relaxation techniques to improve its performance. Several numerical examples are presented. The method is also compared with a projection TT linear solver based on the ALS and DMRG methods. On a particular SPDE (high-dimensional parametric) problem these methods manifest comparable performance, with a good preconditioner the TT-GMRES overcomes the ALS solver."
10.48550/arxiv.2501.07904,3,False,1,O1,openalex,Effective algorithms for tensor train decomposition via the UTV framework,2025,Yuchao Wang; Maolin Che; Yimin Wei,arXiv (Cornell University),10.48550/arxiv.2501.07904,,https://openalex.org/W4406449456,,,0,"The tensor-train (TT) decomposition is widely used to compress large tensors into a more compact form by exploiting their inherent data structures. A fundamental approach for constructing the TT format is the well-known TT-SVD method, which performs singular value decompositions (SVDs) on the successive matrices sequentially. But in practical applications, it is often unnecessary to compute full SVDs. In this article, we propose a new method called the TT-UTV. It utilizes the virtues of rank-revealing UTV decomposition to compute the TT format for a large-scale tensor, resulting in lower computational cost. We analyze the error bounds on the accuracy of these algorithms in both the URV and ULV cases and then recommend different sweep patterns for these two cases. Based on the theoretical analysis, we also formulate the rank-adaptive algorithms with prescribed accuracy. Numerical experiments on various applications, including magnetic resonance imaging data completion, are performed to illustrate their good performance in practice."
10.21468/scipostphys.9.5.070,3,False,1,O1,openalex,Studying dynamics in two-dimensional quantum lattices using tree tensor network states,2020,Benedikt Kloss; David Reichman; Yevgeny Bar Lev,SciPost Physics,10.21468/scipostphys.9.5.070,,https://openalex.org/W3012661739,,,28,"We analyze and discuss convergence properties of a numerically exact algorithm tailored to study the dynamics of interacting two-dimensional lattice systems. The method is based on the application of the time-dependent variational principle in a manifold of binary and quaternary Tree Tensor Network States. The approach is found to be competitive with existing matrix product state approaches. We discuss issues related to the convergence of the method, which could be relevant to a broader set of numerical techniques used for the study of two-dimensional systems."
10.48550/arxiv.2410.03572,3,False,1,O1,openalex,Compressing multivariate functions with tree tensor networks,2024,Joseph Tindall; Miles Stoudenmire; Ryan Levy,arXiv (Cornell University),10.48550/arxiv.2410.03572,,https://openalex.org/W4403884692,,,2,"Tensor networks are a compressed format for multi-dimensional data. One dimensional tensor networks -- often referred to as tensor trains (TT) or matrix product states (MPS) -- are increasingly being used as a numerical ansatz for continuum functions by ``quantizing'' the inputs into discrete binary digits. Here we demonstrate the power of more general tree tensor networks (TTNs) for this purpose. We provide direct constructions of a number of elementary functions as generic tree tensor networks and interpolative constructions for more complicated functions via a generalization of the tensor cross interpolation algorithm. For a range of multi-dimensional functions we show how more structured tree tensor networks offer a significantly more efficient ansatz than the commonly used tensor train. Finally, we demonstrate how the methods introduced in this work can be used to realize a TTN-based solver for multi-dimensional, non-linear Fredholm equations."
10.1063/5.0223107,3,False,1,O1,openalex,MPSDynamics.jl: Tensor network simulations for finite-temperature (non-Markovian) open quantum system dynamics,2024,Thibaut Lacroix; Brieuc Le Dé; Angela Riva; Angus Dunnett; Alex W. Chin,The Journal of Chemical Physics,10.1063/5.0223107,,https://openalex.org/W4399598239,,,21,"The MPSDynamics.jl package provides an easy-to-use interface for performing open quantum systems simulations at zero and finite temperatures. The package has been developed with the aim of studying non-Markovian open system dynamics using the state-of-the-art numerically exact Thermalized-Time Evolving Density operator with Orthonormal Polynomials Algorithm based on environment chain mapping. The simulations rely on a tensor network representation of the quantum states as matrix product states (MPS) and tree tensor network states. Written in the Julia programming language, MPSDynamics.jl is a versatile open-source package providing a choice of several variants of the Time-Dependent Variational Principle method for time evolution (including novel bond-adaptive one-site algorithms). The package also provides strong support for the measurement of single and multi-site observables, as well as the storing and logging of data, which makes it a useful tool for the study of many-body physics. It currently handles long-range interactions, time-dependent Hamiltonians, multiple environments, bosonic and fermionic environments, and joint system-environment observables."
10.1103/physrevx.6.011023,3,False,1,O1,openalex,Real-Time Dynamics in U(1) Lattice Gauge Theories with Tensor Networks,2016,T. Pichler; M. Dalmonte; E. Rico; P. Zoller; S. Montangero,Physical Review X,10.1103/physrevx.6.011023,,https://openalex.org/W1840051885,,,150,"String breaking refers to flux strings breaking, resulting in the production of particle-antiparticle pairs. Now, investigators quantitatively analyze the real-time evolution of string breaking and study the growth of the system entanglement."
10.1038/s41467-019-09039-7,3,False,1,O1,openalex,Tensor network simulation of multi-environmental open quantum dynamics via machine learning and entanglement renormalisation,2019,Florian A. Y. N. Schröder; David H. P. Turban; Andrew J. Musser; Nicholas D. M. Hine; Alex W. Chin,Nature Communications,10.1038/s41467-019-09039-7,,https://openalex.org/W2918753435,,,136,"The simulation of open quantum dynamics is a critical tool for understanding how the non-classical properties of matter might be functionalised in future devices. However, unlocking the enormous potential of molecular quantum processes is highly challenging due to the very strong and non-Markovian coupling of 'environmental' molecular vibrations to the electronic 'system' degrees of freedom. Here, we present an advanced but general computational strategy that allows tensor network methods to effectively compute the non-perturbative, real-time dynamics of exponentially large vibronic wave functions of real molecules. We demonstrate how ab initio modelling, machine learning and entanglement analysis can enable simulations which provide real-time insight and direct visualisation of dissipative photophysics, and illustrate this with an example based on the ultrafast process known as singlet fission."
10.48550/arxiv.2609.00870,3,False,1,O1,openalex,Stochastic Optimization of Tree Tensor Networks,2026,Marius Willner; Maximilian Schärf; André Uschmajew; Timo Felser; Marco Trenti,arXiv (Cornell University),10.48550/arxiv.2609.00870,,https://openalex.org/W7206215057,,,0,"Tensor networks, originally developed for quantum many-body physics, are promising models for machine learning. We derive stochastic Riemannian optimizers for tree tensor networks (TTNs) on both their parameter and quotient manifolds, including adaptive and learning-rate-free schemes suitable for minibatch training. Using a hybrid CNN-TTN architecture, we evaluate the methods on Fashion-MNIST, CIFAR10, and Imagenette. The proposed optimizers achieve predictive performance comparable to unconstrained optimization while enabling numerically stable downstream compression."
10.1103/physrevd.104.114501,3,False,1,O1,openalex,Entanglement generation in (1+1)D QED scattering processes,2021,Marco Rigobello; Simone Notarnicola; Giuseppe Magnifico; Simone Montangero,Physical review. D/Physical review. D.,10.1103/physrevd.104.114501,,https://openalex.org/W4200147817,,,69,"We study real-time meson-meson scattering processes in ($1+1$)-dimensional QED by means of tensor networks. We prepare initial meson wave packets with given momentum and position introducing an approximation based on the free fermions model. Then, we compute the dynamics of two initially separated colliding mesons, observing a rich phenomenology as the interaction strength and the initial states are varied in the weak and intermediate coupling regimes. Finally, we consider elastic collisions and measure some scattering amplitudes as well as the entanglement generated by the process. Remarkably, we identify two different regimes for the asymptotic entanglement between the outgoing mesons: it is perturbatively small below a threshold coupling, past which its growth as a function of the coupling abruptly accelerates."
10.1016/j.laa.2013.03.016,3,False,1,O1,openalex,The geometry of algorithms using hierarchical tensors,2013,André Uschmajew; Bart Vandereycken,Linear Algebra and its Applications,10.1016/j.laa.2013.03.016,,https://openalex.org/W2133512121,,,114,
10.2478/cmam-2011-0020,3,False,1,O1,openalex,Preconditioned Low-Rank Methods for High-Dimensional Elliptic PDE Eigenvalue Problems,2011,Daniel Kreßner; Christine Tobler,Computational Methods in Applied Mathematics,10.2478/cmam-2011-0020,,https://openalex.org/W1967402714,,,72,"Abstract We consider elliptic PDE eigenvalue problems on a tensorized domain, discretized such that the resulting matrix eigenvalue problem Ax=λx exhibits Kronecker product structure. In particular, we are concerned with the case of high dimensions, where standard approaches to the solution of matrix eigenvalue problems fail due to the exponentially growing degrees of freedom. Recent work shows that this curse of dimensionality can in many cases be addressed by approximating the desired solution vector x in a low-rank tensor format. In this paper, we use the hierarchical Tucker decomposition to develop a low-rank variant of LOBPCG, a classical preconditioned eigenvalue solver. We also show how the ALS and MALS (DMRG) methods known from computational quantum physics can be adapted to the hierarchical Tucker decomposition. Finally, a combination of ALS and MALS with LOBPCG and with our low-rank variant is proposed. A number of numerical experiments indicate that such combinations represent the methods of choice."
10.1002/nla.2158,3,False,1,O1,openalex,On compact vector formats in the solution of the chemical master equation with backward differentiation,2018,Tuǧrul Dayar; M. Can Orhan,Numerical Linear Algebra with Applications,10.1002/nla.2158,,https://openalex.org/W2898784274,,,4,"Summary A stochastic chemical system with multiple types of molecules interacting through reaction channels can be modeled as a continuous‐time Markov chain with a countably infinite multidimensional state space. Starting from an initial probability distribution, the time evolution of the probability distribution associated with this continuous‐time Markov chain is described by a system of ordinary differential equations, known as the chemical master equation (CME). This paper shows how one can solve the CME using backward differentiation. In doing this, a novel approach to truncate the state space at each time step using a prediction vector is proposed. The infinitesimal generator matrix associated with the truncated state space is represented compactly, and exactly, using a sum of Kronecker products of matrices associated with molecules. This exact representation is already compact and does not require a low‐rank approximation in the hierarchical Tucker decomposition (HTD) format. During transient analysis, compact solution vectors in HTD format are employed with the exact, compact, and truncated generated matrices in Kronecker form, and the linear systems are solved with the Jacobi method using fixed or adaptive rank control strategies on the compact vectors. Results of simulation on benchmark models are compared with those of the proposed solver and another version, which works with compact vectors and highly accurate low‐rank approximations of the truncated generator matrices in quantized tensor train format and solves the linear systems with the density matrix renormalization group method. Results indicate that there is a reason to solve the CME numerically, and adaptive rank control strategies on compact vectors in HTD format improve time and memory requirements significantly."
10.1109/access.2022.3215525,3,False,1,O1,openalex,Multi-Dimensional Data Compression and Query Processing in Array Databases,2022,Minsoo Kim; Hyubjin Lee; Yon Dohn Chung,IEEE Access,10.1109/access.2022.3215525,,https://openalex.org/W4309041833,,,5,"In recent times, the production of multidimensional data in various domains and their storage in array databases has witnessed a sharp increase; this rapid growth in data volumes necessitates compression in array databases. However, existing compression schemes used in array databases are general-purpose and not designed specifically for the databases. They could degrade query performance with complex analytical tasks, which incur huge computing costs. Thus, a compression scheme that considers the workflow of array databases is required. This study presents a compression scheme, SEACOW, for storing and querying multidimensional array data. The scheme is specially designed to be efficient for both dimension-based and value-based exploration. It considers data access patterns for exploration queries and embeds a synopsis, which can be utilized as an index, in the compressed array. In addition, we implement an array storage system, namely MSDB, to perform experiments. We evaluate query performance on real scientific datasets and compared it with those of existing compression schemes. Finally, our experiments demonstrate that SEACOW provides high compression rates compared to existing compression schemes, and the synopsis improves analytical query processing performance."
hierarchicalmultiscaleadaptivevariablefidelitywaveletbasedturbulencemodelingwithlagrangianspatiallyvariablethresholding,3,False,1,O1,openalex,Hierarchical Multiscale Adaptive Variable Fidelity Wavelet-based Turbulence Modeling with Lagrangian Spatially Variable Thresholding,2012,Alireza Nejadmalayeri,CU Scholar (University of Colorado Boulder),,,https://openalex.org/W2267217272,,,7,"The current work develops a wavelet-based adaptive variable fidelity approach that integrates Wavelet-based Direct Numerical Simulation (WDNS), Coherent Vortex Simulations (CVS), and Stochastic Coherent Adaptive Large Eddy Simulations (SCALES). The proposed methodology employs the notion of spatially and temporarily varying wavelet thresholding combined with hierarchical wavelet-based turbulence modeling. The transition between WDNS, CVS, and SCALES regimes is achieved through two-way physics-based feedback between the modeled SGS dissipation (or other dynamically important physical quantity) and the spatial resolution. The feedback is based on spatio-temporal variation of the wavelet threshold, where the thresholding level is adjusted on the fly depending on the deviation of local significant SGS dissipation from the user prescribed level. This strategy overcomes a major limitation for all previously existing wavelet-based multi-resolution schemes: the global thresholding criterion, which does not fully utilize the spatial/temporal intermittency of the turbulent flow. Hence, the aforementioned concept of physics-based spatially variable thresholding in the context of wavelet-based numerical techniques for solving PDEs is established. The procedure consists of tracking the wavelet thresholding-factor within a Lagrangian frame by exploiting a Lagrangian Path-Line Diffusive Averaging approach based on either linear averaging along characteristics or direct solution of the evolution equation. This innovative technique represents a framework of continuously variable fidelity wavelet-based space/time/model-form adaptive multiscale methodology. This methodology has been tested and has provided very promising results on a benchmark with time-varying user prescribed level of SGS dissipation. In addition, a longtime effort to develop a novel parallel adaptive wavelet collocation method for numerical solution of PDEs has been completed during the course of the current work. T"
10.1002/nla.2174,3,False,1,O1,openalex,Distributed hierarchical SVD in the Hierarchical Tucker format,2018,Lars Grasedyck; Christian Löbbert,Numerical Linear Algebra with Applications,10.1002/nla.2174,,https://openalex.org/W2746205395,,,2,"Summary We consider tensors in the Hierarchical Tucker format and suppose the tensor data to be distributed among several compute nodes. We assume the compute nodes to be in a one‐to‐one correspondence with the nodes of the Hierarchical Tucker format such that connected nodes can communicate with each other. An appropriate tree structure in the Hierarchical Tucker format then allows for the parallelization of basic arithmetic operations between tensors with a parallel runtime that grows like , where d is the tensor dimension. We introduce parallel algorithms for several tensor operations, some of which can be applied to solve linear equations directly in the Hierarchical Tucker format using iterative methods such as conjugate gradients or multigrid. We present weak scaling studies, which provide evidence that the runtime of our algorithms indeed grows like . Furthermore, we present numerical experiments in which we apply our algorithms to solve a parameter‐dependent diffusion equation in the Hierarchical Tucker format by means of a multigrid algorithm."
10.1145/3002151.3002167,3,False,1,O2,openalex,A surrogate visualization model using the tensor train format,2016,Rafael Ballester‐Ripoll; E. G. Paredes; Renato Pajarola,,10.1145/3002151.3002167,,https://openalex.org/W2559164046,,,6,"Complex simulations and numerical experiments typically rely on a number of parameters and have an associated score function, e.g. with the goal of maximizing accuracy or minimizing computation time. However, the influence of each individual parameter is often poorly understood a priori and the joint parameter space can be difficult to explore, visualize and optimize. We model this space as an N-dimensional black-box tensor and apply a cross approximation strategy to sample it. Upon learning and compactly expressing this space as a surrogate visualization model, informative subspaces are interactively reconstructed and navigated in the form of charts, images, surface plots, etc. By exploiting efficient operations in the tensor train format, we are able to produce diagrams such as parallel coordinates, bivariate projections and dimensional stacking out of highly-compressed parameter spaces. We demonstrate the proposed framework with several scientific simulations that contain up to 6 parameters and billions of tensor grid points."
10.1080/01621459.2021.1938082,3,False,1,O2,openalex,Partially Observed Dynamic Tensor Response Regression,2021,Jie Zhou; Will Wei Sun; Jingfei Zhang; Lexin Li,Journal of the American Statistical Association,10.1080/01621459.2021.1938082,,https://openalex.org/W3127614540,,,29,"In modern data science, dynamic tensor data prevail in numerous applications. An important task is to characterize the relationship between dynamic tensor datasets and external covariates. However, the tensor data are often only partially observed, rendering many existing methods inapplicable. In this article, we develop a regression model with a partially observed dynamic tensor as the response and external covariates as the predictor. We introduce the low-rankness, sparsity, and fusion structures on the regression coefficient tensor, and consider a loss function projected over the observed entries. We develop an efficient nonconvex alternating updating algorithm, and derive the finite-sample error bound of the actual estimator from each step of our optimization algorithm. Unobserved entries in the tensor response have imposed serious challenges. As a result, our proposal differs considerably in terms of estimation algorithm, regularity conditions, as well as theoretical properties, compared to the existing tensor completion or tensor response regression solutions. We illustrate the efficacy of our proposed method using simulations and two real applications, including a neuroimaging dementia study and a digital advertising study."
10.48550/arxiv.2002.09735,3,False,1,O2,openalex,Partially Observed Dynamic Tensor Response Regression,2020,Jie Zhou; Will Wei Sun; Jingfei Zhang; Lexin Li,arXiv (Cornell University),10.48550/arxiv.2002.09735,,https://openalex.org/W3007948055,,,7,"In modern data science, dynamic tensor data is prevailing in numerous applications. An important task is to characterize the relationship between such dynamic tensor and external covariates. However, the tensor data is often only partially observed, rendering many existing methods inapplicable. In this article, we develop a regression model with partially observed dynamic tensor as the response and external covariates as the predictor. We introduce the low-rank, sparsity and fusion structures on the regression coefficient tensor, and consider a loss function projected over the observed entries. We develop an efficient non-convex alternating updating algorithm, and derive the finite-sample error bound of the actual estimator from each step of our optimization algorithm. Unobserved entries in tensor response have imposed serious challenges. As a result, our proposal differs considerably in terms of estimation algorithm, regularity conditions, as well as theoretical properties, compared to the existing tensor completion or tensor response regression solutions. We illustrate the efficacy of our proposed method using simulations, and two real applications, a neuroimaging dementia study and a digital advertising study."
10.48550/arxiv.2006.06762,3,False,1,O2,openalex,Ansor: Generating High-Performance Tensor Programs for Deep Learning,2020,Lianmin Zheng; Chengfan Jia; Minmin Sun; Zhao Wu; Cody Hao Yu; Ameer Haj-Ali,arXiv (Cornell University),10.48550/arxiv.2006.06762,,https://openalex.org/W3035582633,,,82,"High-performance tensor programs are crucial to guarantee efficient execution of deep neural networks. However, obtaining performant tensor programs for different operators on various hardware platforms is notoriously challenging. Currently, deep learning systems rely on vendor-provided kernel libraries or various search strategies to get performant tensor programs. These approaches either require significant engineering effort to develop platform-specific optimization code or fall short of finding high-performance programs due to restricted search space and ineffective exploration strategy. We present Ansor, a tensor program generation framework for deep learning applications. Compared with existing search strategies, Ansor explores many more optimization combinations by sampling programs from a hierarchical representation of the search space. Ansor then fine-tunes the sampled programs with evolutionary search and a learned cost model to identify the best programs. Ansor can find high-performance programs that are outside the search space of existing state-of-the-art approaches. In addition, Ansor utilizes a task scheduler to simultaneously optimize multiple subgraphs in deep neural networks. We show that Ansor improves the execution performance of deep neural networks relative to the state-of-the-art on the Intel CPU, ARM CPU, and NVIDIA GPU by up to $3.8\times$, $2.6\times$, and $1.7\times$, respectively."
10.3389/fnsys.2010.00147,3,False,1,O2,openalex,Disrupted Modularity and Local Connectivity of Brain Functional Networks in Childhood-Onset Schizophrenia,2010,Aaron Alexander‐Bloch; Nitin Gogtay; David Meunier; Rasmus M. Birn; Liv Clasen; François Lalonde,Frontiers in Systems Neuroscience,10.3389/fnsys.2010.00147,,https://openalex.org/W2084009541,,,498,"Modularity is a fundamental concept in systems neuroscience, referring to the formation of local cliques or modules of densely intra-connected nodes that are sparsely inter-connected with nodes in other modules. Topological modularity of brain functional networks can quantify theoretically anticipated abnormality of brain network community structure - so-called dysmodularity - in developmental disorders such as childhood-onset schizophrenia (COS). We used graph theory to investigate topology of networks derived from resting-state fMRI data on 13 COS patients and 19 healthy volunteers. We measured functional connectivity between each pair of 100 regional nodes, focusing on wavelet correlation in the frequency interval 0.05-0.1 Hz, then applied global and local thresholding rules to construct graphs from each individual association matrix over the full range of possible connection densities. We show how local thresholding based on the minimum spanning tree facilitates group comparisons of networks by forcing the connectedness of sparse graphs. Threshold-dependent graph theoretical results are compatible with the results of a k-means unsupervised learning algorithm and a multi-resolution (spin glass) approach to modularity, both of which also find community structure but do not require thresholding of the association matrix. In general modularity of brain functional networks was significantly reduced in COS, due to a relatively reduced density of intra-modular connections between neighboring regions. Other network measures of local organization such as clustering were also decreased, while complementary measures of global efficiency and robustness were increased, in the COS group. The group differences in complex network properties were mirrored by differences in simpler statistical properties of the data, such as the variability of the global time series and the internal homogeneity of the time series within anatomical regions of interest."
10.1038/s41467-019-09436-y,3,False,1,O3,openalex,"Unifying scrambling, thermalization and entanglement through measurement of fidelity out-of-time-order correlators in the Dicke model",2019,Robert J. Lewis-Swan; Arghavan Safavi-Naini; J. J. Bollinger; Ana María Rey,Nature Communications,10.1038/s41467-019-09436-y,,https://openalex.org/W2888208423,,,219,"Scrambling is the process by which information stored in local degrees of freedom spreads over the many-body degrees of freedom of a quantum system, becoming inaccessible to local probes and apparently lost. Scrambling and entanglement can reconcile seemingly unrelated behaviors including thermalization of isolated quantum systems and information loss in black holes. Here, we demonstrate that fidelity out-of-time-order correlators (FOTOCs) can elucidate connections between scrambling, entanglement, ergodicity and quantum chaos (butterfly effect). We compute FOTOCs for the paradigmatic Dicke model, and show they can measure subsystem Rényi entropies and inform about quantum thermalization. Moreover, we illustrate why FOTOCs give access to a simple relation between quantum and classical Lyapunov exponents in a chaotic system without finite-size effects. Our results open a path to experimental use FOTOCs to explore scrambling, bounds on quantum information processing and investigation of black hole analogs in controllable quantum systems."
10.1103/physrevb.90.045144,3,False,1,O3,openalex,Chebyshev expansion for impurity models using matrix product states,2014,Martin Ganahl; Patrik Thunström; Frank Verstraete; Karsten Held; Hans Gerd Evertz,Physical Review B,10.1103/physrevb.90.045144,,https://openalex.org/W1996983608,,,89,"We improve a recently developed expansion technique for calculating real-frequency spectral functions of any one-dimensional model with short-range interactions, by postprocessing computed Chebyshev moments with linear prediction. This can be achieved at virtually no cost, and in sharp contrast to existing methods based on the dampening of the moments, improves the spectral resolution rather than lowering it. We validate the method for the exactly solvable resonating level model and the single impurity Anderson model. It is capable of resolving sharp Kondo resonances, as well as peaks within the Hubbard bands when employed as an impurity solver for dynamical mean-field theory. Our method works at zero temperature and allows for arbitrary discretization of the bath spectrum. It achieves similar precision as the dynamical density matrix renormalization group, at lower cost. We also propose an alternative expansion, of $\mathbb{1}\ensuremath{-}exp(\ensuremath{-}\ensuremath{\tau}H)$ instead of the usual $H$, which opens the possibility of using established methods for the time evolution of matrix product states to calculate the spectral functions directly."
10.1103/56px-qsxx,3,False,1,O3,openalex,Diagonal isometric form for tensor network states in two dimensions,2026,Benjamin Sappler; Masataka Kawano; Michael P. Zaletel; Frank Pollmann,Physical review. B./Physical review. B,10.1103/56px-qsxx,,https://openalex.org/W7131351488,,,2,"Isometric tensor network states (isoTNS) generalize the isometric form of the one-dimensional matrix product states to tensor networks in two and higher dimensions. Here, we introduce an alternative isometric form for isoTNS by incorporating auxiliary tensors to represent the orthogonality hypersurface. We implement the time evolving block decimation algorithm on this new isometric form and benchmark the method by computing ground states and the real time evolution of the transverse field Ising model in two dimensions on large square lattices of up to 1250 sites. Our results demonstrate that isoTNS can efficiently capture the entanglement structure of two-dimensional area law states. The short-time dynamics is also accurately reproduced even at the critical point. Our isoTNS formulation further allows for a natural extension to different lattice geometries, such as the honeycomb or kagome lattice."
10.48550/arxiv.2309.07961,3,False,1,O3,openalex,Geometrically Taming Dynamical Entanglement Growth in Purified Quantum States,2023,Tim Pokart; C. Stefan Lehmann; Jan Carl Budich,arXiv (Cornell University),10.48550/arxiv.2309.07961,,https://openalex.org/W4386840017,,,0,"Entanglement properties of purified quantum states are of key interest for two reasons. First, in quantum information theory, minimally entangled purified states define the Entanglement of Purification as a fundamental measure for the complexity of the corresponding physical mixed state. Second, dynamical entanglement growth in purified states represents the main bottleneck for calculating dynamical physical properties on classical computers in the framework of tensor network states. Here, we demonstrate how geometric methods including parallel transport may be harnessed to reduce such dynamical entanglement growth, and to obtain a general prescription for maintaining (locally) optimal entanglement entropy when time-evolving a purified state. Adapting and extending by higher order skew corrections the notion of Uhlmann geometric phases, we reveal the relation between dynamical entanglement growth and the geometry of the Hilbert-Schmidt bundle as the mathematical foundation of purified states. With benchmarks on a non-integrable spin chain model, we compare the computational performance of matrix product state algorithms based on our present geometric disentangling method to previous approaches for taming entanglement growth in purified states. Our findings provide numerical evidence that geometric disentanglers are a powerful approach, superior in various aspects to known methods for disentangling purified states in a range of physically relevant computational scenarios. To exclude the effect of algorithmic imperfections, we also provide a numerically exact analysis for systems of moderate size."
pepskitjlajuliapackageforprojectedentangledpairstatesimulations,3,False,1,O3,openalex,PEPSKit.jl: A Julia package for projected entangled-pair state simulations,2026,Paul Brehmer; Lander Burgelman; Zheng-Yuan Yue; Gleb Fedorovich; Jutho Haegeman; Lukas Devos,arXiv (Cornell University),,,https://openalex.org/W7162045035,,,0,"We present PEPSKit$.$jl, a Julia package for simulating two-dimensional quantum many-body systems with infinite projected entangled-pair states (iPEPS). PEPSKit$.$jl builds on the TensorKit$.$jl package for tensor computations and provides high-level algorithms for iPEPS simulations that support both Abelian and non-Abelian symmetries, as well as fermionic systems. This work gives an overview of the main package features, which include support for ground-state, time-evolution, and finite-temperature simulations in systems with different physical symmetries and lattice geometries. These capabilities are illustrated through various examples and technical benchmarks."
10.1103/physrevx.13.041052,3,False,1,O3,openalex,A Race-Track Trapped-Ion Quantum Processor,2023,Steven A. Moses; Charles H. Baldwin; M. S. Allman; R. Ancona; L. Ascarrunz; C. H. W. Barnes,Physical Review X,10.1103/physrevx.13.041052,,https://openalex.org/W4389892080,,,350,"We describe and benchmark a new quantum charge-coupled device (QCCD) trapped-ion quantum computer based on a linear trap with periodic boundary conditions, which resembles a race track.The new system successfully incorporates several technologies crucial to future scalability-including electrode broadcasting, multilayer rf routing, and magneto-optical trap (MOT) loading-while maintaining, and in some cases exceeding, the gate fidelities of previous QCCD systems.The system is initially operated with 32 qubits, but future upgrades will allow for more.We benchmark the performance of primitive operations, including an average state preparation and measurement error of 1.6ð1Þ × 10 -3 , an average single-qubit gate infidelity of 2.5ð3Þ × 10 -5 , and an average two-qubit gate infidelity of 1.84ð5Þ × 10 -3 .The systemlevel performance of the quantum processor is assessed with mirror benchmarking, linear cross-entropy benchmarking, a quantum volume measurement of QV ¼ 2 16 , and the creation of 32-qubit entanglement in a GHZ state.We also tested application benchmarks, including Hamiltonian simulation, QAOA, error correction on a repetition code, and dynamics simulations using qubit reuse.We also discuss future upgrades to the new system aimed at adding more qubits and capabilities."
10.21468/scipostphys.15.6.222,3,False,1,O3,openalex,Gauging tensor networks with belief propagation,2023,Joseph Tindall; Matthew Fishman,SciPost Physics,10.21468/scipostphys.15.6.222,,https://openalex.org/W4389236446,,,33,"Effectively compressing and optimizing tensor networks requires reliable methods for fixing the latent degrees of freedom of the tensors, known as the gauge. Here we introduce a new algorithm for gauging tensor networks using belief propagation, a method that was originally formulated for performing statistical inference on graphical models and has recently found applications in tensor network algorithms. We show that this method is closely related to known tensor network gauging methods. It has the practical advantage, however, that existing belief propagation implementations can be repurposed for tensor network gauging, and that belief propagation is a very simple algorithm based on just tensor contractions so it can be easier to implement, optimize, and generalize. We present numerical evidence and scaling arguments that this algorithm is faster than existing gauging algorithms, demonstrating its usage on structured, unstructured, and infinite tensor networks. Additionally, we apply this method to improve the accuracy of the widely used simple update gate evolution algorithm."
10.1007/s10957-018-1328-z,3,False,1,O4,openalex,Envelope Functions: Unifications and Further Properties,2018,Pontus Giselsson; Mattias Fält,Journal of Optimization Theory and Applications,10.1007/s10957-018-1328-z,,https://openalex.org/W2605348669,,,8,"Forward–backward and Douglas–Rachford splitting are methods for structured nonsmooth optimization. With the aim to use smooth optimization techniques for nonsmooth problems, the forward–backward and Douglas–Rachford envelopes where recently proposed. Under specific problem assumptions, these envelope functions have favorable smoothness and convexity properties and their stationary points coincide with the fixed-points of the underlying algorithm operators. This allows for solving such nonsmooth optimization problems by minimizing the corresponding smooth convex envelope function. In this paper, we present a general envelope function that unifies and generalizes existing ones. We provide properties of the general envelope function that sharpen corresponding known results for the special cases. We also present a new interpretation of the underlying methods as being majorization–minimization algorithms applied to their respective envelope functions."
10.1016/j.cma.2021.114181,3,False,1,O4,openalex,POD-DL-ROM: Enhancing deep learning-based reduced order models for nonlinear parametrized PDEs by proper orthogonal decomposition,2021,Stefania Fresca; Andrea Manzoni,arXiv (Cornell University),10.1016/j.cma.2021.114181,,https://openalex.org/W3206057793,,,280,"Deep learning-based reduced order models (DL-ROMs) have been recently proposed to overcome common limitations shared by conventional reduced order models (ROMs) - built, e.g., through proper orthogonal decomposition (POD) - when applied to nonlinear time-dependent parametrized partial differential equations (PDEs). These might be related to (i) the need to deal with projections onto high dimensional linear approximating trial manifolds, (ii) expensive hyper-reduction strategies, or (iii) the intrinsic difficulty to handle physical complexity with a linear superimposition of modes. All these aspects are avoided when employing DL-ROMs, which learn in a non-intrusive way both the nonlinear trial manifold and the reduced dynamics, by relying on deep (e.g., feedforward, convolutional, autoencoder) neural networks. Although extremely efficient at testing time, when evaluating the PDE solution for any new testing-parameter instance, DL-ROMs require an expensive training stage, because of the extremely large number of network parameters to be estimated. In this paper we propose a possible way to avoid an expensive training stage of DL-ROMs, by (i) performing a prior dimensionality reduction through POD, and (ii) relying on a multi-fidelity pretraining stage, where different physical models can be efficiently combined. The proposed POD-DL-ROM is tested on several (both scalar and vector, linear and nonlinear) time-dependent parametrized PDEs (such as, e.g., linear advection-diffusion-reaction, nonlinear diffusion-reaction, nonlinear elastodynamics, and Navier-Stokes equations) to show the generality of this approach and its remarkable computational savings."
10.48550/arxiv.2608.25503,3,False,1,O6,openalex,High-Fidelity Entangled States in a Connectivity-Four Fluxonium Quantum Processor,2026,J. Schirk; N. Bruckmoser; S. M. Taubenberger; F. Wallner; N. J. Glaser; M. Zetzl,arXiv (Cornell University),10.48550/arxiv.2608.25503,,https://openalex.org/W7204477852,,,0,"A central challenge in fluxonium-based quantum processors is the extension of the qubit connectivity to two-dimensional lattices compatible with quantum code-error correction. Here, we present a fluxonium quantum processor that employs lumped-element resonator couplers which realizes, for the first time, a connectivity-four unit cell with suppressed parasitic interactions. We achieve parallel single-qubit gate fidelities exceeding 99.9 % in simultaneous randomized benchmarking experiments, while maintaining residual static ZZ interactions below 1 kHz across all coupled qubit pairs. We implement resonator-induced phase (RIP) gates and benchmark two-qubit gate fidelities exceeding 99 % using interleaved randomized benchmarking. To cancel spectator errors observed in two-qubit operations, we implement a refocused RIP gate, recovering coherent control in the presence of multi-qubit connectivity. Furthermore, we prepare Greenberger-Horne-Zeilinger states of up to five qubits with a tomographic fidelity of 90 %, verifying multi-qubit entanglement within the unit cell. These results establish the fluxonium-resonator-fluxonium architecture as a viable approach to realizing densely connected fluxonium processors and provide a scalable path toward quantum error-correction-compatible processor architectures."
explorandoopapeldaconectividadeentrequbitsparaaexpressibilidadeeemaranhamentoemarquiteturasdecircuitosqunticosparametriz,3,False,1,O6,openalex,Explorando o papel da conectividade entre qubits para a expressibilidade e emaranhamento em arquiteturas de circuitos quânticos parametrizados,2024,Guilherme Ilário Correr,LA Referencia (Red Federada de Repositorios Institucionales de Publicaciones Científicas),,,https://openalex.org/W7120776205,,,0,"Variational quantum algorithms are one of the promising methods to obtain quantum advantage in the noisy intermediate scale quantum computers era. They rely on a classical optimization procedure, a cost function and a parameterized quantum circuit to build the solution of a particular problem. Most of the work regarding the quantum circuits part is based on heuristic propositions for the circuit structure and reside only within the borders of VQA applications. In this context, the main objective of our work was the characterization of entanglement generation and distribution of generated states for different PQCs structures. Applying the mean entanglement considering the Scott entanglement measures and the expressibility quantifier, we studied the behavior of 5 possible connectivities between qubits that appear in the contemporary quantum computers: No connections, linear, ring, star and all-to-all, for different number of qubits and circuit concatenations (layers). For two circuit architectures with different local parameterizations, we discussed how entanglement and expressibility are connected, showing that the entanglement generation for only 1 layer is influential for the expressibility evolution as a function of the number of layers. Circuits generating mean and standard deviation for entanglement closer to the uniformly distributed states at 1 layer will have a steeper evolution of expressibility. This result is affected by the local parameterization and number of qubits. We then compared the circuits generated entanglement with the entanglement of paradigmatic states EPRn, GHZn and Wn to understand the entanglement characteristics of the different connections. The results showed how the different connectivities will influence parameterized quantum circuits for applications in VQAs and also that these can present the behavior of pseudorandom quantum circuits."
10.1103/physreva.95.022316,3,False,1,O6,openalex,Unified framework for magic state distillation and multiqubit gate synthesis with reduced resource cost,2017,Earl T. Campbell; Mark Howard,Physical Review A,10.1103/physreva.95.022316,,https://openalex.org/W2410653068,,,101,"The standard approach to fault-tolerant quantum computation is to store information in a quantum error correction code, such as the surface code, and process information using a strategy that can be summarized as distill then synthesize. In the distill step, one performs several rounds of distillation to create high-fidelity logical qubits in a magic state. Each such magic state provides one good $T$ gate. In the synthesize step, one seeks the optimal decomposition of an algorithm into a sequence of many $T$ gates interleaved with Clifford gates. This gate-synthesis problem is well understood for multiqubit gates that do not use any Hadamards. We present an in-depth analysis of a unified framework that realizes one round of distillation and multiqubit gate synthesis in a single step. We call these synthillation protocols, and show they lead to a large reduction in resource overheads. This is because synthillation can implement a general class of circuits using the same number of $T$ states as gate synthesis, yet with the benefit of quadratic error suppression. This general class includes all circuits primarily dominated by control-control-$Z$ gates, such as adders and modular exponentiation routines used in Shor's algorithm. Therefore, synthillation removes the need for a costly round of magic state distillation. We also present several additional results on the multiqubit gate-synthesis problem. We provide an efficient algorithm for synthesizing unitaries with the same worst-case resource scaling as optimal solutions. For the special case of synthesizing controlled unitaries, our techniques are not just efficient but exactly optimal. We observe that the gate-synthesis cost, measured by $T$ count, is often strictly subadditive. Numerous explicit applications of our techniques are also presented."
10.48550/arxiv.1811.10573,2,False,2,O1;O2,openalex,Accelerating Alternating Least Squares for Tensor Decomposition by Pairwise Perturbation,2018,Linjian Ma; Edgar Solomonik,arXiv (Cornell University),10.48550/arxiv.1811.10573,,https://openalex.org/W4298392728,,,3,"The alternating least squares algorithm for CP and Tucker decomposition is dominated in cost by the tensor contractions necessary to set up the quadratic optimization subproblems. We introduce a novel family of algorithms that uses perturbative corrections to the subproblems rather than recomputing the tensor contractions. This approximation is accurate when the factor matrices are changing little across iterations, which occurs when alternating least squares approaches convergence. We provide a theoretical analysis to bound the approximation error. Our numerical experiments demonstrate that the proposed pairwise perturbation algorithms are easy to control and converge to minima that are as good as alternating least squares. The experimental results show improvements of up to 3.1X with respect to state-of-the-art alternating least squares approaches for various model tensor problems and real datasets."
10.1038/s41467-023-36329-y,2,False,2,O2;O5,openalex,Learning local equivariant representations for large-scale atomistic dynamics,2023,Albert Musaelian; Simon Batzner; Anders Johansson; Lixin Sun; Cameron J. Owen; Mordechai Kornbluth,Nature Communications,10.1038/s41467-023-36329-y,,https://openalex.org/W4319162181,,,688,"A simultaneously accurate and computationally efficient parametrization of the potential energy surface of molecules and materials is a long-standing goal in the natural sciences. While atom-centered message passing neural networks (MPNNs) have shown remarkable accuracy, their information propagation has limited the accessible length-scales. Local methods, conversely, scale to large simulations but have suffered from inferior accuracy. This work introduces Allegro, a strictly local equivariant deep neural network interatomic potential architecture that simultaneously exhibits excellent accuracy and scalability. Allegro represents a many-body potential using iterated tensor products of learned equivariant representations without atom-centered message passing. Allegro obtains improvements over state-of-the-art methods on QM9 and revMD17. A single tensor product layer outperforms existing deep MPNNs and transformers on QM9. Furthermore, Allegro displays remarkable generalization to out-of-distribution data. Molecular simulations using Allegro recover structural and kinetic properties of an amorphous electrolyte in excellent agreement with ab-initio simulations. Finally, we demonstrate parallelization with a simulation of 100 million atoms."
10.1109/grc.2007.31,2,False,1,O1,semanticscholar,Agglomerative Hierarchical Clustering for Data with Tolerance,2007,Y. Endo; Hamasuna Yukihiro; Miyamoto Sadaaki,,10.1109/GRC.2007.31,,,,,4,
10.1109/grc.2007.107,2,False,1,O1,semanticscholar,Agglomerative Hierarchical Clustering for Data with Tolerance,2007,Y. Endo; Hamasuna Yukihiro; Miyamoto Sadaaki,IEEE International Conference on Granular Computing,10.1109/GrC.2007.107,,,,,2,
10.48550/arxiv.1407.3124,2,False,1,O1,openalex,Tensor Networks for Big Data Analytics and Large-Scale Optimization Problems,2014,Andrzej Cichocki,arXiv (Cornell University),10.48550/arxiv.1407.3124,,https://openalex.org/W1636040588,,,44,"In this paper we review basic and emerging models and associated algorithms for large-scale tensor networks, especially Tensor Train (TT) decompositions using novel mathematical and graphical representations. We discus the concept of tensorization (i.e., creating very high-order tensors from lower-order original data) and super compression of data achieved via quantized tensor train (QTT) networks. The purpose of a tensorization and quantization is to achieve, via low-rank tensor approximations ""super"" compression, and meaningful, compact representation of structured data. The main objective of this paper is to show how tensor networks can be used to solve a wide class of big data optimization problems (that are far from tractable by classical numerical methods) by applying tensorization and performing all operations using relatively small size matrices and tensors and applying iteratively optimized and approximative tensor contractions. Keywords: Tensor networks, tensor train (TT) decompositions, matrix product states (MPS), matrix product operators (MPO), basic tensor operations, tensorization, distributed representation od data optimization problems for very large-scale problems: generalized eigenvalue decomposition (GEVD), PCA/SVD, canonical correlation analysis (CCA)."
10.1038/s41534-025-01157-z,2,False,1,O1,openalex,TensorHyper-VQC: a tensor-train-guided hypernetwork for robust and scalable variational quantum computing,2026,Jun Qi; Chao-Han Huck Yang; Pin‐Yu Chen; Min-Hsiu Hsieh,npj Quantum Information,10.1038/s41534-025-01157-z,,https://openalex.org/W4416017099,,,1,"Abstract Variational Quantum Computing (VQC) faces fundamental scalability barriers, primarily due to the presence of barren plateaus and its sensitivity to quantum noise. To address these challenges, we introduce TensorHyper-VQC, a novel tensor-train (TT)-guided hypernetwork framework that significantly improves the robustness and scalability of VQC. Our framework fully delegates the generation of quantum circuit parameters to a classical TT network, effectively decoupling optimization from quantum hardware. This innovative parameterization mitigates gradient vanishing, enhances noise resilience through structured low-rank representations, and facilitates efficient gradient propagation. Grounded in Neural Tangent Kernel and statistical learning theory, our rigorous theoretical analyses establish strong guarantees on approximation capability, optimization stability, and generalization performance. Extensive empirical results across quantum dot classification, Max-Cut optimization, and molecular quantum simulation tasks demonstrate that TensorHyper-VQC consistently achieves superior performance and robust noise tolerance, including hardware-level validation on a 156-qubit IBM Heron processor. These results position TensorHyper-VQC as a scalable and noise-resilient framework for advancing practical quantum machine learning on near-term devices."
lowprecisionrankcompensationformatricesandtensortrains,2,False,1,O1,openalex,Low-Precision Rank Compensation for Matrices and Tensor Trains,2026,Ibrahim El Mountasser; Khalide Jbilou,arXiv (Cornell University),,,https://openalex.org/W7169473414,,,0,"Lower numerical precision reduces storage and memory traffic but raises the perturbation floor. We study rank compensation: reinvesting saved memory in a larger approximation rank. For matrices, the singular-value error identity yields a directly testable sufficient condition requiring the additional singular component to offset the perturbation from storing the rank-augmented approximation in lower precision. On ten SuiteSparse matrices, all 100 truncation-dominated configurations (50 FP32 and 50 FP16) are certified non-increases and strict accuracy wins, with mean error ratio $0.963$ and storage ratios $58.8\%$ and $29.4\%$ relative to the FP64 baseline. FP16 failures occur only in tail-rank stress tests near the perturbation floor. At the largest resident matrix-application batch, compensated FP32 and FP16 achieve geometric-mean A100 speedups of $1.28\times$ and $2.12\times$; neither accelerates the smallest batch. For Tensor-Train (TT) approximation, we give a conditional a posteriori extension based on the measured truncation gain and rounded-core perturbation. Across three-way and six-way synthetic tests, FP32 and FP16 achieve combined accuracy-memory wins in 10 of 20 and 14 of 20 trials. On public hyperspectral tensors and FROSTT top-active subtensors, the corresponding counts are 44 of 60 and 54 of 60; four FP16 Salinas-A tail-stress cases fail. No certified TT case exceeds the FP64 error beyond numerical tolerance. Reconstruction of six public tensors yields geometric-mean compensated speedups of $1.38\times$ (FP32) and $1.94\times$ (FP16). Timings cover resident downstream kernels, not factorization, transfers, or end-to-end acceleration."
apracticalinvestigationontimeintegrationinthequantizedtensortrainformat,2,False,1,O1,openalex,A practical investigation on time integration in the quantized tensor train format,2026,Erika Ye,arXiv (Cornell University),,,https://openalex.org/W7161354546,,,0,"Quantized tensor trains (QTTs) are a multiscale computational framework that can potentially reduce the computational cost of solving partial differential equations and initial value problems by making low-rank approximations. However, its use is somewhat limited in practice, in part due to the challenges that arise when making low-rank approximations of the quantized data. For example, when performing long-time dynamical numerical simulations, it has been observed that the accumulation of numerical errors arising from both the discretization of the partial differential equation itself and the low-rank approximation can lead to increased rank and noise-dominated results. Focusing on a set of advection-dominated test problems relevant to electromagnetic plasmas and electromagnetic fields, this work investigates how the choice in time integrator, the addition of numerical dissipation, and the choice in problem representation can affect the efficiency and success of the QTT calculations."
10.1021/acs.jctc.6c00487,2,False,1,O1,openalex,Adaptive Tensor Train Metadynamics for High-Dimensional Free Energy Exploration,2026,Nils E. Strand; Siyao Yang; Yuehaw Khoo; Aaron R. Dinner,Journal of Chemical Theory and Computation,10.1021/acs.jctc.6c00487,,https://openalex.org/W7162541862,,,0,"A key challenge for molecular dynamics simulations is efficient exploration of free energy landscapes over relevant collective variables (CV). Common methods for enhancing sampling become prohibitively inefficient beyond only a few CVs; in the case of the widely used metadynamics method, the computational cost of evaluating and storing the bias potential grows exponentially with the number of dimensions. Here, we introduce TT-Metadynamics, in which the accumulated sum of Gaussian functions in the original metadynamics method is periodically compressed into a low-rank tensor train (TT) representation. The TT enables efficient memory use and prevents the computational cost of evaluating the bias potential from increasing with simulation time. We present a ""sketching"" algorithm that allows us to construct the TT with linear scaling in the number of CVs. Applied to benchmark systems with up to 14 CVs, the accuracy of TT-Metadynamics matches or exceeds that of standard metadynamics in long simulations, particularly in systems with high barriers. These results establish TT-Metadynamics as a scalable and effective method for computing free energies that are functions of several CVs."
10.1146/annurev-conmatphys-031720-030658,2,False,1,O1,openalex,Random Quantum Circuits,2022,Matthew P. A. Fisher; Vedika Khemani; Adam Nahum; Sagar Vijay,Annual Review of Condensed Matter Physics,10.1146/annurev-conmatphys-031720-030658,,https://openalex.org/W4293171638,,,485,"Quantum circuits—built from local unitary gates and local measurements—are a new playground for quantum many-body physics and a tractable setting to explore universal collective phenomena far from equilibrium. These models have shed light on longstanding questions about thermalization and chaos, and on the underlying universal dynamics of quantum information and entanglement. In addition, such models generate new sets of questions and give rise to phenomena with no traditional analog, such as dynamical phase transitions in quantum systems that are monitored by an external observer. Quantum circuit dynamics is also topical in view of experimental progress in building digital quantum simulators that allow control of precisely these ingredients. Randomness in the circuit elements allows a high level of theoretical control, with a key theme being mappings between real-time quantum dynamics and effective classical lattice models or dynamical processes. Many of the universal phenomena that can be identified in this tractable setting apply to much wider classes of more structured many-body dynamics."
10.21468/scipostphys.7.5.060,2,False,1,O1,openalex,Fast counting with tensor networks,2019,Stefanos Kourtis; Claudio Chamon; Eduardo Mucciolo; Andrei Ruckenstein,SciPost Physics,10.21468/scipostphys.7.5.060,,https://openalex.org/W2798663460,,,41,"We introduce tensor network contraction algorithms for counting satisfying assignments of constraint satisfaction problems (#CSPs). We represent each arbitrary #CSP formula as a tensor network, whose full contraction yields the number of satisfying assignments of that formula, and use graph theoretical methods to determine favorable orders of contraction. We employ our heuristics for the solution of #P-hard counting boolean satisfiability (#SAT) problems, namely monotone #1-in-3SAT and #Cubic-Vertex-Cover, and find that they outperform state-of-the-art solvers by a significant margin."
10.3390/s19194188,2,False,1,O1,openalex,Deep Learning on Point Clouds and Its Application: A Survey,2019,Weiping Liu; Jia Sun; Wanyi Li; Ting Hu; Peng Wang,Sensors,10.3390/s19194188,,https://openalex.org/W2976081675,,,236,"Point cloud is a widely used 3D data form, which can be produced by depth sensors, such as Light Detection and Ranging (LIDAR) and RGB-D cameras. Being unordered and irregular, many researchers focused on the feature engineering of the point cloud. Being able to learn complex hierarchical structures, deep learning has achieved great success with images from cameras. Recently, many researchers have adapted it into the applications of the point cloud. In this paper, the recent existing point cloud feature learning methods are classified as point-based and tree-based. The former directly takes the raw point cloud as the input for deep learning. The latter first employs a k-dimensional tree (Kd-tree) structure to represent the point cloud with a regular representation and then feeds these representations into deep learning models. Their advantages and disadvantages are analyzed. The applications related to point cloud feature learning, including 3D object classification, semantic segmentation, and 3D object detection, are introduced, and the datasets and evaluation metrics are also collected. Finally, the future research trend is predicted."
10.1093/jom/ufac006,2,False,1,O1,openalex,An accurate strategy for computing reaction forces and fluxes on trimmed locally refined meshes,2022,Davide D’Angella; Stefan Kollmannsberger; Alessandro Reali; E. Rank; Thomas J.R. Hughes,Journal of Mechanics,10.1093/jom/ufac006,,https://openalex.org/W4226265202,,,6,"Abstract The finite element method is classically based on nodal Lagrange basis functions defined on conforming meshes. In this context, total reaction forces are commonly computed from the so-called “nodal forces”, yielding higher accuracy and convergence rates than reactions obtained from the differentiated primal solution (“direct” method). The finite cell method and isogeometric analysis promise to improve the interoperability of computer-aided design and computer-aided engineering, enabling a direct approach to the numerical simulation of trimmed geometries. However, body-unfitted meshes preclude the use of classic nodal reaction algorithms. This work shows that the direct method can perform particularly poorly for immersed methods. Instead, conservative reactions can be obtained from equilibrium expressions given by the weak problem formulation, yielding superior accuracy and convergence rates typical of nodal reactions. This approach is also extended to non-interpolatory basis functions, such as the (truncated) hierarchical B-splines."
tensornetworkkalmanfilterforlargescalemimosystemswithapplicationtoadaptiveoptics,2,False,1,O2,openalex,Tensor Network Kalman Filter for Large-Scale MIMO Systems: With Application to Adaptive Optics,2019,Daniel Gedon,Research Repository (Delft University of Technology),,,https://openalex.org/W2975511941,,,0,"For large-scale system with tens of thousands of states and outputs the computation in the conventional Kalman filter becomes time-consuming such that Kalman filtering in large-scale real-time application is practically infeasible. A possible mathematical framework to lift the curse of dimensionality is to lift the problem in higher dimensions with the use of tensors and then decompose it. The tensor-train decomposition is chosen due to its computational advantages for systems with low tensor-train rank. Within this thesis two main limitations of the existing tensor Kalman filter are solved. First, a method is developed based on tensor-train rank truncation of the covariances to increase the computational speed for more general systems. Second, a MIMO tensor Kalman filter is developed for a specific class of systems. The power of the developed methods is shown on the example of adaptive optics which fits into the framework. A comparison with state-of-the-art large-scale estimation algorithms shows the computational advantage of the tensor Kalman filter at the cost of approximation errors."
10.1109/access.2023.3268797,2,False,1,O2,openalex,A Network Science Perspective of Graph Convolutional Networks: A Survey,2023,Mingshan Jia; Bogdan Gabryś; Katarzyna Musiał,IEEE Access,10.1109/access.2023.3268797,,https://openalex.org/W4366549703,,,18,"The mining and exploitation of graph structural information have been the focal points in the study of complex networks. Traditional structural measures in Network Science focus on the analysis and modelling of complex networks from the perspective of network structure, such as the centrality measures, the clustering coefficient, and motifs and graphlets, and they have become basic tools for studying and understanding graphs. In comparison, graph neural networks, especially graph convolutional networks (GCNs), are particularly effective at integrating node features into graph structures via neighbourhood aggregation and message passing, and have been shown to significantly improve the performances in a variety of learning tasks. These two classes of methods are, however, typically treated separately with limited references to each other. In this work, aiming to establish relationships between them, we provide a network science perspective of GCNs. Our novel taxonomy classifies GCNs from three structural information angles, i.e., the layer-wise message aggregation scope, the message content, and the overall learning scope. Moreover, as a prerequisite for reviewing GCNs via a network science perspective, we also summarise traditional structural measures and propose a new taxonomy for them. Finally and most importantly, we draw connections between traditional structural approaches and graph convolutional networks, and discuss potential directions for future research."
10.1007/s00366-024-01958-4,2,False,1,O2,openalex,Goal-adaptive Meshing of Isogeometric Kirchhoff–Love Shells,2024,H. M. Verhelst; Angelos Mantzaflaris; Matthias Möller; J.H. den Besten,Engineering With Computers,10.1007/s00366-024-01958-4,,https://openalex.org/W4384648047,,,7,"Abstract Mesh adaptivity is a technique to provide detail in numerical solutions without the need to refine the mesh over the whole domain. Mesh adaptivity in isogeometric analysis can be driven by Truncated Hierarchical B-splines (THB-splines) which add degrees of freedom locally based on finer B-spline bases. Labeling of elements for refinement is typically done using residual-based error estimators. In this paper, an adaptive meshing workflow for isogeometric Kirchhoff–Love shell analysis is developed. This framework includes THB-splines, mesh admissibility for combined refinement and coarsening and the Dual-Weighted Residual (DWR) method for computing element-wise error contributions. The DWR can be used in several structural analysis problems, allowing the user to specify a goal quantity of interest which is used to mark elements and refine the mesh. This goal functional can involve, for example, displacements, stresses, eigenfrequencies etc. The proposed framework is evaluated through a set of different benchmark problems, including modal analysis, buckling analysis and non-linear snap-through and bifurcation problems, showing high accuracy of the DWR estimator and efficient allocation of degrees of freedom for advanced shell computations."
10.48550/arxiv.2301.04824,2,False,1,O2,openalex,A Network Science perspective of Graph Convolutional Networks: A survey,2023,Mingshan Jia; Bogdan Gabryś; Katarzyna Musiał,arXiv (Cornell University),10.48550/arxiv.2301.04824,,https://openalex.org/W4316126082,,,5,"The mining and exploitation of graph structural information have been the focal points in the study of complex networks. Traditional structural measures in Network Science focus on the analysis and modelling of complex networks from the perspective of network structure, such as the centrality measures, the clustering coefficient, and motifs and graphlets, and they have become basic tools for studying and understanding graphs. In comparison, graph neural networks, especially graph convolutional networks (GCNs), are particularly effective at integrating node features into graph structures via neighbourhood aggregation and message passing, and have been shown to significantly improve the performances in a variety of learning tasks. These two classes of methods are, however, typically treated separately with limited references to each other. In this work, aiming to establish relationships between them, we provide a network science perspective of GCNs. Our novel taxonomy classifies GCNs from three structural information angles, i.e., the layer-wise message aggregation scope, the message content, and the overall learning scope. Moreover, as a prerequisite for reviewing GCNs via a network science perspective, we also summarise traditional structural measures and propose a new taxonomy for them. Finally and most importantly, we draw connections between traditional structural approaches and graph convolutional networks, and discuss potential directions for future research."
10.1038/s41467-022-29939-5,2,False,1,O2,openalex,E(3)-equivariant graph neural networks for data-efficient and accurate interatomic potentials,2022,Simon Batzner; Albert Musaelian; Lixin Sun; Mario Geiger; Jonathan P. Mailoa; Mordechai Kornbluth,Nature Communications,10.1038/s41467-022-29939-5,,https://openalex.org/W4225405705,,,1846,"This work presents Neural Equivariant Interatomic Potentials (NequIP), an E(3)-equivariant neural network approach for learning interatomic potentials from ab-initio calculations for molecular dynamics simulations. While most contemporary symmetry-aware models use invariant convolutions and only act on scalars, NequIP employs E(3)-equivariant convolutions for interactions of geometric tensors, resulting in a more information-rich and faithful representation of atomic environments. The method achieves state-of-the-art accuracy on a challenging and diverse set of molecules and materials while exhibiting remarkable data efficiency. NequIP outperforms existing models with up to three orders of magnitude fewer training data, challenging the widely held belief that deep neural networks require massive training sets. The high data efficiency of the method allows for the construction of accurate potentials using high-order quantum chemical level of theory as reference and enables high-fidelity molecular dynamics simulations over long time scales."
10.48550/arxiv.2107.11442,2,False,1,O2,openalex,Compressing Neural Networks: Towards Determining the Optimal Layer-wise\n Decomposition,2021,Lucas Liebenwein; Alaa Maalouf; O. Gal; Dan Feldman; Daniela Rus,arXiv (Cornell University),10.48550/arxiv.2107.11442,,https://openalex.org/W4287068746,,,17,"We present a novel global compression framework for deep neural networks that\nautomatically analyzes each layer to identify the optimal per-layer compression\nratio, while simultaneously achieving the desired overall compression. Our\nalgorithm hinges on the idea of compressing each convolutional (or\nfully-connected) layer by slicing its channels into multiple groups and\ndecomposing each group via low-rank decomposition. At the core of our algorithm\nis the derivation of layer-wise error bounds from the Eckart Young Mirsky\ntheorem. We then leverage these bounds to frame the compression problem as an\noptimization problem where we wish to minimize the maximum compression error\nacross layers and propose an efficient algorithm towards a solution. Our\nexperiments indicate that our method outperforms existing low-rank compression\napproaches across a wide range of networks and data sets. We believe that our\nresults open up new avenues for future research into the global\nperformance-size trade-offs of modern neural networks. Our code is available at\nhttps://github.com/lucaslie/torchprune.\n"
10.1371/journal.pbio.1000157,2,False,1,O2,openalex,Development of Large-Scale Functional Brain Networks in Children,2009,Kaustubh Supekar; Mark A. Musen; Vinod Menon,PLoS Biology,10.1371/journal.pbio.1000157,,https://openalex.org/W2101400241,,,827,"The ontogeny of large-scale functional organization of the human brain is not well understood. Here we use network analysis of intrinsic functional connectivity to characterize the organization of brain networks in 23 children (ages 7-9 y) and 22 young-adults (ages 19-22 y). Comparison of network properties, including path-length, clustering-coefficient, hierarchy, and regional connectivity, revealed that although children and young-adults' brains have similar ""small-world"" organization at the global level, they differ significantly in hierarchical organization and interregional connectivity. We found that subcortical areas were more strongly connected with primary sensory, association, and paralimbic areas in children, whereas young-adults showed stronger cortico-cortical connectivity between paralimbic, limbic, and association areas. Further, combined analysis of functional connectivity with wiring distance measures derived from white-matter fiber tracking revealed that the development of large-scale brain networks is characterized by weakening of short-range functional connectivity and strengthening of long-range functional connectivity. Importantly, our findings show that the dynamic process of over-connectivity followed by pruning, which rewires connectivity at the neuronal level, also operates at the systems level, helping to reconfigure and rebalance subcortical and paralimbic connectivity in the developing brain. Our study demonstrates the usefulness of network analysis of brain connectivity to elucidate key principles underlying functional brain maturation, paving the way for novel studies of disrupted brain connectivity in neurodevelopmental disorders such as autism."
10.3390/app14041491,2,False,1,O2,openalex,Stable Low-Rank CP Decomposition for Compression of Convolutional Neural Networks Based on Sensitivity,2024,Chenbin Yang; Huiyi Liu,Applied Sciences,10.3390/app14041491,,https://openalex.org/W4391753772,,,9,"Modern convolutional neural networks (CNNs) play a crucial role in computer vision applications. The intricacy of the application scenarios and the growing dataset both significantly raise the complexity of CNNs. As a result, they are often overparameterized and have significant computational costs. One potential solution for optimizing and compressing the CNNs is to replace convolutional layers with low-rank tensor decomposition. The most suitable technique for this is Canonical Polyadic (CP) decomposition. However, there are two primary issues with CP decomposition that lead to a significant loss in accuracy. Firstly, the selection of tensor ranks for CP decomposition is an unsolved issue. Secondly, degeneracy and instability are common problems in the CP decomposition of contractional tensors, which makes fine-tuning the compressed model difficult. In this study, a novel approach was proposed for compressing CNNs by using CP decomposition. The first step involves using the sensitivity of convolutional layers to determine the tensor ranks for CP decomposition effectively. Subsequently, to address the degeneracy issue and enhance the stability of the CP decomposition, two novel techniques were incorporated: optimization with sensitivity constraints and iterative fine-tuning based on sensitivity order. Finally, the proposed method was examined on common CNN structures for image classification tasks and demonstrated that it provides stable performance and significantly fewer reductions in classification accuracy."
10.1109/tcsvt.2019.2945918,2,False,1,O2,openalex,"Video Compression Using Generalized Binary Partitioning, Trellis Coded Quantization, Perceptually Optimized Encoding, and Advanced Prediction and Transform Coding",2019,Jonathan Pfaff; Heiko Schwarz; Detlev Marpe; Benjamin Bross; Santiago De-Luxán-Hernández; Philipp Helle,IEEE Transactions on Circuits and Systems for Video Technology,10.1109/tcsvt.2019.2945918,,https://openalex.org/W2979702629,,,35,"In this paper, we describe a video coding design that enables a higher coding efficiency than the HEVC standard. The proposed video codec follows the design of block-based hybrid video coding, but includes a number of advanced coding tools. A part of the incorporated advanced concepts was developed by the Joint Video Exploration Team, while others are newly proposed. The key aspects of these newly proposed tools are the following. A video frame is subdivided into rectangles of variable size using a binary partitioning with variable split ratios. Three new approaches for generating spatial intra prediction signals are supported: A line-wise application of conventional intra prediction modes, coupled with a mode-dependent processing order, a region-based template matching prediction method and intra prediction modes based on neural networks. For motion-compensated prediction, a multi-hypothesis mode with more than two motion hypotheses can be used. In transform coding, mode dependent combinations of primary and secondary transforms are applied. Moreover, scalar quantization is replaced by trellis-coded quantization and the entropy coding of the quantized transform coefficients is improved. The intra and inter prediction signals can be filtered using an edge-preserving diffusion filter or a non-linear DCT-based thresholding operation. The video codec includes an adaptive in-loop filter for which one of three classifiers can be chosen on a picture basis. We also incorporated an optional encoder control, which adjusts the quantization parameters based on a perceptually motivated distortion measure. In a random access scenario, our proposed video codec achieves luma BD-rate savings between 32.5% for HDR HLG UHD and 39.6% for SDR UHD over the HEVC (HM software) anchor for different categories of test sequences."
10.1016/j.asej.2024.102896,2,False,1,O2,openalex,A systematic review of construction labor productivity studies: Clustering and analysis through hierarchical latent dirichlet allocation,2024,Kai Qi; Emmanuel Kingsford Owusu; Ming-Fung Francis Siu; Ping-Chuen Albert Chan,Ain Shams Engineering Journal,10.1016/j.asej.2024.102896,,https://openalex.org/W4399653477,,,20,"The field of construction labor productivity (CLP) has witnessed a remarkable growth in scholarly research, presenting both opportunities and challenges due to the diverse focus and exponential increase in literature. This study aims to systematically review the burgeoning body of CLP literature, proposing an approach to tackle the complexity of the domain. Utilizing the text mining technique of Hierarchical Latent Dirichlet Allocation (HLDA), an automatic clustering method was developed to analyze and categorize the corpus of CLP research. The methodology involved a comprehensive extraction of 591 scholarly articles from scientific databases. These articles, spanning from 1973 to 2023, were subjected to HLDA topic modeling. This process generated a detailed three-layer, tree-like topic model, comprising three primary topics and 26 sub-topics, organized through the nested Chinese restaurant process (nCRP). The study advances theoretical and practical understanding by applying hierarchical topic modeling to construction project management literature and identifying key industry challenges."
10.1137/16m1082469,2,False,1,O3,openalex,"Survey of Multifidelity Methods in Uncertainty Propagation, Inference, and Optimization",2018,Benjamin Peherstorfer; Karen Willcox; Max Gunzburger,SIAM Review,10.1137/16m1082469,,https://openalex.org/W2811395263,,,1066,"In many situations across computational science and engineering, multiple computational models are available that describe a system of interest. These different models have varying evaluation costs and varying fidelities. Typically, a computationally expensive high-fidelity model describes the system with the accuracy required by the current application at hand, while lower-fidelity models are less accurate but computationally cheaper than the high-fidelity model. Outer-loop applications, such as optimization, inference, and uncertainty quantification, require multiple model evaluations at many different inputs, which often leads to computational demands that exceed available resources if only the high-fidelity model is used. This work surveys multifidelity methods that accelerate the solution of outer-loop applications by combining high-fidelity and low-fidelity model evaluations, where the low-fidelity evaluations arise from an explicit low-fidelity model (e.g., a simplified physics approximation, a reduced model, a data-fit surrogate) that approximates the same output quantity as the high-fidelity model. The overall premise of these multifidelity methods is that low-fidelity models are leveraged for speedup while the high-fidelity model is kept in the loop to establish accuracy and/or convergence guarantees. We categorize multifidelity methods according to three classes of strategies: adaptation, fusion, and filtering. The paper reviews multifidelity methods in the outer-loop contexts of uncertainty propagation, inference, and optimization."
10.22331/q-2021-03-15-410,2,False,1,O3,openalex,Hyper-optimized tensor network contraction,2021,Johnnie Gray; Stefanos Kourtis,Quantum,10.22331/q-2021-03-15-410,,https://openalex.org/W3005044149,,,187,"Tensor networks represent the state-of-the-art in computational methods across many disciplines, including the classical simulation of quantum many-body systems and quantum circuits. Several applications of current interest give rise to tensor networks with irregular geometries. Finding the best possible contraction path for such networks is a central problem, with an exponential effect on computation time and memory footprint. In this work, we implement new randomized protocols that find very high quality contraction paths for arbitrary and large tensor networks. We test our methods on a variety of benchmarks, including the random quantum circuit instances recently implemented on Google quantum chips. We find that the paths obtained can be very close to optimal, and often many orders or magnitude better than the most established approaches. As different underlying geometries suit different methods, we also introduce a hyper-optimization approach, where both the method applied and its algorithmic parameters are tuned during the path finding. The increase in quality of contraction schemes found has significant practical implications for the simulation of quantum many-body systems and particularly for the benchmarking of new quantum chips. Concretely, we estimate a speed-up of over 10,000 × compared to the original expectation for the classical simulation of the Sycamore `supremacy' circuits."
10.1126/science.abi8794,2,False,1,O3,openalex,Probing topological spin liquids on a programmable quantum simulator,2021,Giulia Semeghini; Harry Levine; Alexander Keesling; Sepehr Ebadi; Tout T. Wang; Dolev Bluvstein,Science,10.1126/science.abi8794,,https://openalex.org/W3216297445,,,845,"Quantum spin liquids, exotic phases of matter with topological order, have been a major focus in physics for the past several decades. Such phases feature long-range quantum entanglement that can potentially be exploited to realize robust quantum computation. We used a 219-atom programmable quantum simulator to probe quantum spin liquid states. In our approach, arrays of atoms were placed on the links of a kagome lattice, and evolution under Rydberg blockade created frustrated quantum states with no local order. The onset of a quantum spin liquid phase of the paradigmatic toric code type was detected by using topological string operators that provide direct signatures of topological order and quantum correlations. Our observations enable the controlled experimental exploration of topological matter and protected quantum information processing."
10.48550/arxiv.2005.06787,2,False,1,O3,openalex,Classical Simulation of Quantum Supremacy Circuits,2020,Cupjin Huang; Fang Zhang; Michael Newman; Junjie Cai; Xun Gao; Zhengxiong Tian,arXiv (Cornell University),10.48550/arxiv.2005.06787,,https://openalex.org/W3025214758,,,84,"It is believed that random quantum circuits are difficult to simulate classically. These have been used to demonstrate quantum supremacy: the execution of a computational task on a quantum computer that is infeasible for any classical computer. The task underlying the assertion of quantum supremacy by Arute et al. (Nature, 574, 505--510 (2019)) was initially estimated to require Summit, the world's most powerful supercomputer today, approximately 10,000 years. The same task was performed on the Sycamore quantum processor in only 200 seconds. In this work, we present a tensor network-based classical simulation algorithm. Using a Summit-comparable cluster, we estimate that our simulator can perform this task in less than 20 days. On moderately-sized instances, we reduce the runtime from years to minutes, running several times faster than Sycamore itself. These estimates are based on explicit simulations of parallel subtasks, and leave no room for hidden costs. The simulator's key ingredient is identifying and optimizing the ""stem"" of the computation: a sequence of pairwise tensor contractions that dominates the computational cost. This orders-of-magnitude reduction in classical simulation time, together with proposals for further significant improvements, indicates that achieving quantum supremacy may require a period of continuing quantum hardware developments without an unequivocal first demonstration."
10.1103/physrevx.7.031016,2,False,1,O3,openalex,Quantum Entanglement Growth under Random Unitary Dynamics,2017,Adam Nahum; Jonathan Ruhman; Sagar Vijay; Jeongwan Haah,Physical Review X,10.1103/physrevx.7.031016,,https://openalex.org/W2512685237,,,670,Physicists have long sought to understand how quantum dynamics generates the nonlocal correlations known as entanglement. Theoretical models are proposed to explain the growth of entanglement over time in different numbers of spatial dimensions.
10.1088/1367-2630/11/5/055027,2,False,1,O3,openalex,Emergent timescales in entangled quantum dynamics of ultracold molecules in optical lattices,2009,Michael L. Wall; Lincoln D. Carr,New Journal of Physics,10.1088/1367-2630/11/5/055027,,https://openalex.org/W2059075207,,,50,"We derive a novel lattice Hamiltonian, the molecular Hubbard Hamiltonian , which describes the essential many-body physics of closed-shell ultracold heteronuclear molecules in their absolute ground state in a quasi-one-dimensional optical lattice. The molecular Hubbard Hamiltonian is explicitly time dependent, making a dynamic generalization of the concept of quantum phase transitions necessary. Using the time-evolving block decimation algorithm to study entangled dynamics, we demonstrate that, in the case of hard-core bosonic molecules at half-filling, the molecular Hubbard Hamiltonian exhibits emergent timescales over which spatial entanglement grows, crystalline order appears and oscillations between rotational states self-damp into an asymptotic superposition. We show that these timescales are non-monotonic functions of the physical parameters describing the lattice."
10.1103/physrevb.88.045132,2,False,1,O3,openalex,Steady-state and quench-dependent relaxation of a quantum dot coupled to one-dimensional leads,2013,M. C. Nuss; Martin Ganahl; Hans Gerd Evertz; Enrico Arrigoni; Wolfgang von der Linden,Physical Review B,10.1103/physrevb.88.045132,,https://openalex.org/W1966101125,,,15,"We study the time evolution and steady state of the charge current in a single-impurity Anderson model, using matrix product states techniques. A nonequilibrium situation is imposed by applying a bias voltage across one-dimensional tight-binding leads. Focusing on particle-hole symmetry, we extract current-voltage characteristics from universal low-bias up to high-bias regimes, where band effects start to play a dominant role. We discuss three quenches, which after strongly quench-dependent transients yield the same steady-state current. Among these quenches we identify those favorable for extracting steady-state observables. The period of short-time oscillations is shown to compare well to real-time renormalization group results for a simpler model of spinless fermions. We find indications that many-body effects play an important role at high-bias voltage and finite bandwidth of the metallic leads. The growth of entanglement entropy after a certain time scale $\ensuremath{\propto}{\ensuremath{\Delta}}^{\ensuremath{-}1}$ is the major limiting factor for calculating the time evolution. We show that the magnitude of the steady-state current positively correlates with entanglement entropy. The role of high-energy states for the steady-state current is explored by considering a damping term in the time evolution."
10.48550/arxiv.2207.08243,2,False,1,O3,openalex,Stable bipolarons in open quantum systems,2022,Mattia Moroder; M. Grundner; François Damanet; Ulrich Schollwöck; Sam Mardazad; Stuart Flannigan,arXiv (Cornell University),10.48550/arxiv.2207.08243,,https://openalex.org/W4286233399,,,2,"Recent advances in numerical methods significantly pushed forward the understanding of electrons coupled to quantized lattice vibrations. At this stage, it becomes increasingly important to also account for the effects of physically inevitable environments. In particular, we study the transport properties of the Hubbard-Holstein Hamiltonian that models a large class of materials characterized by strong electron-phonon coupling, in contact with a dissipative environment. Even in the one-dimensional and isolated case, simulating the quantum dynamics of such a system with high accuracy is very challenging due to the infinite dimensionality of the phononic Hilbert spaces. For this reason, the effects of dissipation on the conductance properties of such systems have not been investigated systematically so far. We combine the non-Markovian hierarchy of pure states method and the Markovian quantum jumps method with the newly introduced projected purified density-matrix renormalization group, creating powerful tensor-network methods for dissipative quantum many-body systems. Investigating their numerical properties, we find a significant speedup up to a factor $\sim 30$ compared to conventional tensor-network techniques. We apply these methods to study dissipative quenches, aiming for an in-depth understanding of the formation, stability, and quasi-particle properties of bipolarons. Surprisingly, our results show that in the metallic phase dissipation localizes the bipolarons, which is reminiscent of an indirect quantum Zeno effect. However, the bipolaronic binding energy remains mainly unaffected, even in the presence of strong dissipation, exhibiting remarkable bipolaron stability. These findings shed light on the problem of designing real materials exhibiting phonon-mediated high-$T_\mathrm{C}$ superconductivity."
10.1038/s41586-023-06927-3,2,False,1,O3,openalex,Logical quantum processor based on reconfigurable atom arrays,2023,Dolev Bluvstein; Simon J. Evered; Alexandra A. Geim; Sophie H. Li; Hengyun Zhou; Tom Manovitz,Nature,10.1038/s41586-023-06927-3,,https://openalex.org/W4389373471,,,1094,"Abstract Suppressing errors is the central challenge for useful quantum computing 1 , requiring quantum error correction (QEC) 2–6 for large-scale processing. However, the overhead in the realization of error-corrected ‘logical’ qubits, in which information is encoded across many physical qubits for redundancy 2–4 , poses substantial challenges to large-scale logical quantum computing. Here we report the realization of a programmable quantum processor based on encoded logical qubits operating with up to 280 physical qubits. Using logical-level control and a zoned architecture in reconfigurable neutral-atom arrays 7 , our system combines high two-qubit gate fidelities 8 , arbitrary connectivity 7,9 , as well as fully programmable single-qubit rotations and mid-circuit readout 10–15 . Operating this logical processor with various types of encoding, we demonstrate improvement of a two-qubit logic gate by scaling surface-code 6 distance from d = 3 to d = 7, preparation of colour-code qubits with break-even fidelities 5 , fault-tolerant creation of logical Greenberger–Horne–Zeilinger (GHZ) states and feedforward entanglement teleportation, as well as operation of 40 colour-code qubits. Finally, using 3D [[8,3,2]] code blocks 16,17 , we realize computationally complex sampling circuits 18 with up to 48 logical qubits entangled with hypercube connectivity 19 with 228 logical two-qubit gates and 48 logical CCZ gates 20 . We find that this logical encoding substantially improves algorithmic performance with error detection, outperforming physical-qubit fidelities at both cross-entropy benchmarking and quantum simulations of fast scrambling 21,22 . These results herald the advent of early error-corrected quantum computation and chart a path towards large-scale logical processors."
10.1038/s41586-022-04725-x,2,False,1,O3,openalex,Quantum computational advantage with a programmable photonic processor,2022,Lars S. Madsen; Fabian Laudenbach; Mohsen Falamarzi. Askarani; Fabien Rortais; Trevor Vincent; Jacob F. F. Bulmer,Nature,10.1038/s41586-022-04725-x,,https://openalex.org/W4281891658,,,1058,"Abstract A quantum computer attains computational advantage when outperforming the best classical computers running the best-known algorithms on well-defined tasks. No photonic machine offering programmability over all its quantum gates has demonstrated quantum computational advantage: previous machines 1,2 were largely restricted to static gate sequences. Earlier photonic demonstrations were also vulnerable to spoofing 3 , in which classical heuristics produce samples, without direct simulation, lying closer to the ideal distribution than do samples from the quantum hardware. Here we report quantum computational advantage using Borealis, a photonic processor offering dynamic programmability on all gates implemented. We carry out Gaussian boson sampling 4 (GBS) on 216 squeezed modes entangled with three-dimensional connectivity 5 , using a time-multiplexed and photon-number-resolving architecture. On average, it would take more than 9,000 years for the best available algorithms and supercomputers to produce, using exact methods, a single sample from the programmed distribution, whereas Borealis requires only 36 μs. This runtime advantage is over 50 million times as extreme as that reported from earlier photonic machines. Ours constitutes a very large GBS experiment, registering events with up to 219 photons and a mean photon number of 125. This work is a critical milestone on the path to a practical quantum computer, validating key technological features of photonics as a platform for this goal."
10.1126/science.abg1919,2,False,1,O3,openalex,Realization of a multinode quantum network of remote solid-state qubits,2021,M. Pompili; S. L. N. Hermans; S. Baier; H. K. C. Beukers; P. C. Humphreys; R. N. Schouten,Science,10.1126/science.abg1919,,https://openalex.org/W3127491185,,,676,"The distribution of entangled states across the nodes of a future quantum internet will unlock fundamentally new technologies. Here, we report on the realization of a three-node entanglement-based quantum network. We combine remote quantum nodes based on diamond communication qubits into a scalable phase-stabilized architecture, supplemented with a robust memory qubit and local quantum logic. In addition, we achieve real-time communication and feed-forward gate operations across the network. We demonstrate two quantum network protocols without postselection: the distribution of genuine multipartite entangled states across the three nodes and entanglement swapping through an intermediary node. Our work establishes a key platform for exploring, testing, and developing multinode quantum network protocols and a quantum network control stack."
10.1038/s41534-020-0257-5,2,False,1,O3,openalex,Approximate quantum Fourier transform with O(n log(n)) T gates,2020,Yunseong Nam; Yuan Su; Dmitri Maslov,npj Quantum Information,10.1038/s41534-020-0257-5,,https://openalex.org/W2792286109,,,92,"Abstract The ability to implement the Quantum Fourier Transform (QFT) efficiently on a quantum computer facilitates the advantages offered by a variety of fundamental quantum algorithms, such as those for integer factoring, computing discrete logarithm over Abelian groups, solving systems of linear equations, and phase estimation, to name a few. The standard fault-tolerant implementation of an n-qubit unitary QFT approximates the desired transformation by removing small-angle controlled rotations and synthesizing the remaining ones into Clifford+T gates, incurring the T-count complexity of $$O(n\,{\mathrm{log}}^{2}\,(n))$$ O ( n log 2 ( n ) ) . In this paper, we show how to obtain approximate QFT with the T-count of $$O(n\,{\mathrm{log}}\,(n))$$ O ( n log ( n ) ) . For brevity, the above figures omit the dependence on the approximation error ε, assuming the error is fixed. Our approach relies on quantum circuits with measurements and feedforward, and on reusing a special quantum state that induces the phase gradient transformation. We report asymptotic analysis as well as concrete circuits, demonstrating significant advantages in both theory and practice."
10.1007/978-3-030-34489-4,2,False,1,O3,openalex,Tensor Network Contractions,2020,Shi-Ju Ran; Emanuele Tirrito; Peng Cheng; Xi Chen; Luca Tagliacozzo; Gang Su,Lecture notes in physics,10.1007/978-3-030-34489-4,,https://openalex.org/W2965088710,,,178,"This open access book aims to explain the tensor network contraction approaches in a systematic way, from the basic definitions to the important applications. It is intended for graduated students, but can also be used as a professional book for the researchers in the related fields."
10.22331/q-2022-05-09-709,2,False,1,O3,openalex,Jet: Fast quantum circuit simulations with parallel task-based tensor-network contraction,2022,Trevor Vincent; Lee J. O apos Riordan; Mikhail Andrenkov; Jack Brown; Nathan Killoran; Haoyu Qi,Quantum,10.22331/q-2022-05-09-709,,https://openalex.org/W3186147327,,,49,"We introduce a new open-source software library Jet , which uses task-based parallelism to obtain speed-ups in classical tensor-network simulations of quantum circuits. These speed-ups result from i) the increased parallelism introduced by mapping the tensor-network simulation to a task-based framework, ii) a novel method of reusing shared work between tensor-network contraction tasks, and iii) the concurrent contraction of tensor networks on all available hardware. We demonstrate the advantages of our method by benchmarking our code on several Sycamore-53 and Gaussian boson sampling (GBS) supremacy circuits against other simulators. We also provide and compare theoretical performance estimates for tensor-network simulations of Sycamore-53 and GBS supremacy circuits for the first time."
tensornetworkcontractionsmethodsandapplicationstoquantummanybodysystems,2,False,1,O3,openalex,Tensor Network Contractions: Methods and Applications to Quantum Many-Body Systems,2020,Shi-Ju Ran; Emanuele Tirrito; Cheng Peng; Xi Chen; Luca Tagliacozzo; Gang Su,OAPEN (The OAPEN Foundation),,,https://openalex.org/W3104249460,,,27,
10.48550/arxiv.1710.05867,2,False,1,O3,openalex,Pareto-Efficient Quantum Circuit Simulation Using Tensor Contraction Deferral,2017,Edwin Pednault; John A. Gunnels; Giacomo Nannicini; Lior Horesh; Thomas Magerlein; Edgar Solomonik,arXiv (Cornell University),10.48550/arxiv.1710.05867,,https://openalex.org/W3080724058,,,34,"With the current rate of progress in quantum computing technologies, systems with more than 50 qubits will soon become reality. Computing ideal quantum state amplitudes for circuits of such and larger sizes is a fundamental step to assess both the correctness, performance, and scaling behavior of quantum algorithms and the fidelities of quantum devices. However, resource requirements for such calculations on classical computers grow exponentially. We show that deferring tensor contractions can extend the boundaries of what can be computed on classical systems. To demonstrate this technique, we present results obtained from a calculation of the complete set of output amplitudes of a universal random circuit with depth 27 in a 2D lattice of $7 \times 7$ qubits, and an arbitrarily selected slice of $2^{37}$ amplitudes of a universal random circuit with depth 23 in a 2D lattice of $8 \times 7$ qubits. Combining our methodology with other decomposition approaches found in the literature, we show that we can simulate $7 \times 7$-qubit random circuits to arbitrary depth by leveraging secondary storage. These calculations were thought to be impossible due to resource requirements."
10.1063/5.0077770,2,False,1,O3,openalex,Rank-reduced coupled-cluster. III. Tensor hypercontraction of the doubles amplitudes,2022,Edward G. Hohenstein; B. Scott Fales; Robert M. Parrish; Todd J. Martı́nez,The Journal of Chemical Physics,10.1063/5.0077770,,https://openalex.org/W3215266057,,,53,"We develop a quartic-scaling implementation of coupled-cluster singles and doubles (CCSD) based on low-rank tensor hypercontraction (THC) factorizations of both the electron repulsion integrals (ERIs) and the doubles amplitudes. This extends our rank-reduced (RR) coupled-cluster method to incorporate higher-order tensor factorizations. The THC factorization of the doubles amplitudes accounts for most of the gain in computational efficiency as it is sufficient, in conjunction with a Cholesky decomposition of the ERIs, to reduce the computational complexity of most contributions to the CCSD amplitude equations. Further THC factorization of the ERIs reduces the complexity of certain terms arising from nested commutators between the doubles excitation operator and the two-electron operator. We implement this new algorithm using graphical processing units and demonstrate that it enables CCSD calculations for molecules with 250 atoms and 2500 basis functions using a single computer node. Furthermore, we show that the new method computes correlation energies with comparable accuracy to the underlying RR-CCSD method."
10.1103/prxquantum.3.020331,2,False,1,O3,openalex,Simulation of Quantum Many-Body Dynamics with Tensor Processing Units: Floquet Prethermalization,2022,Alan Morningstar; Markus Hauru; Jackson Beall; Martin Ganahl; Adam G. M. Lewis; Vedika Khemani,PRX Quantum,10.1103/prxquantum.3.020331,,https://openalex.org/W3212663212,,,33,"Tensor processing units (TPUs) are specialized hardware accelerators developed by Google to support large-scale machine-learning tasks but they can also be leveraged to accelerate and scale other linearalgebra-intensive computations.In this paper, we demonstrate the usage of TPUs for massively parallel classical simulations of quantum many-body dynamics on long time scales.We apply our methods to study the phenomenon of Floquet prethermalization, i.e., exponentially slow heating in quantum spin chains subject to high-frequency periodic driving.We simulate the dynamics of L = 34 qubits for over 10 5 Floquet periods, corresponding to circuits with 4 × 10 6 nearest-neighbor two-qubit gates.The circuits simulated have no additional symmetries and represent a pure-state evolution in the full 2 L -dimensional Hilbert space.This is achieved by distributing the computation over 128 TPU cores.On that size TPU cluster, we find speed-ups in wall-clock run time of 230 times and 15 times when compared to reference CPU and single-graphics-processing-unit (GPU) simulations, respectively, for shorter-time 30-qubit simulations that can be handled by all three platforms.We study the computational cost of the simulations, as a function of both the number of qubits and the number of TPU cores used, up to our maximum capacity of L = 40 qubits, which requires a ""full pod"" of 2048 TPU cores with tens of terabytes of memory in total.For these simulations, an eight-TPU-core machine is comparable to a single A100 GPU and thus the full TPU pod is comparable to a machine with hundreds of top-of-the-line GPUs.However, the TPU pod is more energy and cost efficient and readily accessible (via Google Cloud), unlike such large many-GPU configurations.We also study the accumulation of numerical error as a function of circuit depth in very deep circuits.Our work demonstrates that TPUs can offer significant advantages for state-of-the-art simulations of quantum many-body dynamics."
10.1145/3731251,2,False,1,O3,openalex,Approximate Quantum Compiling for Quantum Simulation: A Tensor Network Based Approach,2025,Niall Robertson; Albert Akhriev; Jiří Vala; Sergiy Zhuk,ACM Transactions on Quantum Computing,10.1145/3731251,,https://openalex.org/W4409585278,,,9,"We introduce AQCtensor , a novel algorithm to produce short-depth quantum circuits from Matrix Product States (MPS). Our approach is specifically tailored to the preparation of quantum states generated from the time evolution of quantum many-body Hamiltonians. This tailored approach has two clear advantages over previous algorithms that were designed to map a generic MPS to a quantum circuit. First, we optimise all parameters of a parametric circuit at once using Approximate Quantum Compiling (AQC)—this is to be contrasted with other approaches based on locally optimizing a subset of circuit parameters and “sweeping” across the system. We introduce an optimisation scheme to avoid the so-called “orthogonality catastrophe”—i.e., the fact that the fidelity of two arbitrary quantum states decays exponentially with the number of qubits—that would otherwise render a global optimisation of the circuit impractical. Second, the depth of our parametric circuit is constant in the number of qubits for a fixed simulation time and fixed error tolerance. This is to be contrasted with the linear circuit Ansatz used in generic algorithms whose depth scales linearly in the number of qubits. For simulation problems on 100 qubits, we show that AQCtensor thus achieves at least an order of magnitude reduction in the depth of the resulting optimized circuit, as compared with the best generic MPS to quantum circuit algorithms. We demonstrate our approach on simulation problems on Heisenberg-like Hamiltonians on up to 100 qubits and find optimized quantum circuits that have signficantly reduced depth as compared with standard Trotterized circuits."
10.1214/009053604000000067,2,False,1,O4,openalex,Least angle regression,2004,Bradley Efron; Trevor Hastie; Iain M. Johnstone; Robert Tibshirani,The Annals of Statistics,10.1214/009053604000000067,,https://openalex.org/W2063978378,,,9533,"The purpose of model selection algorithms such as All Subsets, Forward Selection and Backward Elimination is to choose a linear model on the basis of the same set of data to which the model will be applied. Typically we have available a large collection of possible covariates from which we hope to select a parsimonious set for the efficient prediction of a response variable. Least Angle Regression (LARS), a new model selection algorithm, is a useful and less greedy version of traditional forward selection methods. Three main properties are derived: (1) A simple modification of the LARS algorithm implements the Lasso, an attractive version of ordinary least squares that constrains the sum of the absolute regression coefficients; the LARS modification calculates all possible Lasso estimates for a given problem, using an order of magnitude less computer time than previous methods. (2) A different LARS modification efficiently implements Forward Stagewise linear regression, another promising new model selection method; this connection explains the similar numerical results previously observed for the Lasso and Stagewise, and helps us understand the properties of both methods, which are seen as constrained versions of the simpler LARS algorithm. (3) A simple approximation for the degrees of freedom of a LARS estimate is available, from which we derive a Cp estimate of prediction error; this allows a principled choice among the range of possible LARS estimates. LARS and its variants are computationally efficient: the paper describes a publicly available algorithm that requires only the same order of magnitude of computational effort as ordinary least squares applied to the full set of covariates."
10.1016/s0022-0000(03)00025-4,2,False,1,O4,openalex,Database-friendly random projections: Johnson-Lindenstrauss with binary coins,2003,Dimitris Achlioptas,Journal of Computer and System Sciences,10.1016/s0022-0000(03)00025-4,,https://openalex.org/W2037757210,,,1429,
10.1016/j.optlaseng.2018.04.019,2,False,1,O4,openalex,Phase shifting algorithms for fringe projection profilometry: A review,2018,Chao Zuo; Shijie Feng; Lei Huang; Tianyang Tao; Wei Yin; Qian Chen,Optics and Lasers in Engineering,10.1016/j.optlaseng.2018.04.019,,https://openalex.org/W2804654620,,,1298,
10.1090/s0002-9947-1950-0051437-7,2,False,1,O4,openalex,Theory of reproducing kernels,1950,N. Aronszajn,Transactions of the American Mathematical Society,10.1090/s0002-9947-1950-0051437-7,,https://openalex.org/W1986280275,,,5463,"May 7. Difference of reproducing kernels.354 8. Product of reproducing kernels.357 9. Limits of reproducing kernels.362 10.Construction of a r.k. by resolution of identity.368 11.Operators in spaces with reproducing kernels.371 12.The reproducing kernel of a sum of two closed subspaces.375 13.Final remarks in the general theory.380 Part II.Examples.384 1.I ntroductory remarks.384 (1) Bergman's kernels.384 (2) Harmonic kernels.386 2. Comparison domains.387 3. The difference of kernels.388 4. The square of a kernel introduced by Szegö.391 5.The kernel H{z, zi) for an ellipse.393 6. Construction of H(z, z¡) for a strip.394 7. Limits of increasing sequences of kernels.396 8. Construction of reproducing kernels by the projection-formula of §12, I."
10.1090/s0894-0347-08-00600-0,2,False,1,O4,openalex,Counting faces of randomly projected polytopes when the projection radically lowers dimension,2008,David L. Donoho; Jared Tanner,Journal of the American Mathematical Society,10.1090/s0894-0347-08-00600-0,,https://openalex.org/W2115275122,,,463,"Let Q = Q N Q = Q_N denote either the N N -dimensional cross-polytope C N C^N or the N − 1 N-1 -dimensional simplex T N − 1 T^{N-1} . Let A = A n , N A = A_{n,N} denote a random orthogonal projector A : R N ↦ b R n A: \mathbf {R}^{N} \mapsto bR^n . We compare the number of faces f k ( A Q ) f_k(AQ) of the projected polytope A Q AQ to the number of faces of f k ( Q ) f_k(Q) of the original polytope Q Q . We concentrate on the case where n n and"
10.1214/ss/1009213727,2,False,1,O4,openalex,A General Projection Framework for Constrained Smoothing,2001,Enno Mammen; J. S. Marron; Berwin A. Turlach; M. P. Wand,Statistical Science,10.1214/ss/1009213727,,https://openalex.org/W1979378106,,,173,"There are a wide array of smoothing methods available for finding structure in data. A general framework is developed which shows that many of these can be viewed as a projection of the data, with respect to appropriate norms. The underlying vector space is an unusually large product space, which allows inclusion of a wide range of smoothers in our setup (including many methods not typically considered to be projections). We give several applications of this simple geometric interpretation of smoothing. A major payoff is the natural and computationally frugal incorporation of constraints. Our point of view also motivates new estimates and helps understand the finite sample and asymptotic behavior of these estimates."
10.1088/0266-5611/14/4/001,2,False,1,O4,openalex,Synthetic aperture radar interferometry,1998,Richard Bamler; Philipp Hartl,Inverse Problems,10.1088/0266-5611/14/4/001,,https://openalex.org/W2061577342,,,2085,"Synthetic aperture radar (SAR) is a coherent active microwave imaging method. In remote sensing it is used for mapping the scattering properties of the Earth's surface in the respective wavelength domain. Many physical and geometric parameters of the imaged scene contribute to the grey value of a SAR image pixel. Scene inversion suffers from this high ambiguity and requires SAR data taken at different wavelength, polarization, time, incidence angle, etc. Interferometric SAR (InSAR) exploits the phase differences of at least two complex-valued SAR images acquired from different orbit positions and/or at different times. The information derived from these interferometric data sets can be used to measure several geophysical quantities, such as topography, deformations (volcanoes, earthquakes, ice fields), glacier flows, ocean currents, vegetation properties, etc. This paper reviews the technology and the signal theoretical aspects of InSAR. Emphasis is given to mathematical imaging models and the statistical properties of the involved quantities. Coherence is shown to be a useful concept for system description and for interferogram quality assessment. As a key step in InSAR signal processing two-dimensional phase unwrapping is discussed in detail. Several interferometric configurations are described and illustrated by real-world examples. A compilation of past, current and future InSAR systems concludes the paper."
10.1090/s0025-5718-1985-0771029-9,2,False,1,O4,openalex,Global estimates for mixed methods for second order elliptic equations,1985,Jim Douglas; Jean E. Roberts,Mathematics of Computation,10.1090/s0025-5718-1985-0771029-9,,https://openalex.org/W2061172735,,,479,"Global error estimates in L 2 ( Ω ) {L^2}(\Omega ) , L ∞ ( Ω ) {L^\infty }(\Omega ) , and H − s ( Ω ) {H^{ - s}}(\Omega ) , Ω \Omega in R 2 {{\mathbf {R}}^2} or R 3 {{\mathbf {R}}^3} , are derived for a mixed finite element method for the Dirichlet problem for the elliptic operator L p = − div ⁡ ( a g r a d p + b p ) + c p Lp = - \operatorname {div}(a\;{\mathbf {grad}}\;p + {\mathbf {b}}p) + cp based on the Raviart-Thomas-Nedelec space V"
10.1093/imanum/22.3.329,2,False,1,O4,openalex,Computing the nearest correlation matrix--a problem from finance,2002,Nicholas J. Higham,IMA Journal of Numerical Analysis,10.1093/imanum/22.3.329,,https://openalex.org/W2091560152,,,910,"Given a symmetric matrix, what is the nearest correlation matrix—that is, the nearest symmetric positive semidefinite matrix with unit diagonal? This problem arises in the finance industry, where the correlations are between stocks. For distance measured in two weighted Frobenius norms we characterize the solution using convex analysis. We show how the modified alternating projections method can be used to compute the solution for the more commonly used of the weighted Frobenius norms. In the finance application the original matrix has many zero or negative eigenvalues; we show that for a certain class of weights the nearest correlation matrix has correspondingly many zero eigenvalues and that this fact can be exploited in the computation."
10.1016/j.matpur.2004.09.017,2,False,1,O4,openalex,Maximum-norm stability of the finite element Stokes projection,2004,Vivette Girault; Ricardo H. Nochetto; Ridgway Scott,Journal de Mathématiques Pures et Appliquées,10.1016/j.matpur.2004.09.017,,https://openalex.org/W2024188704,,,57,
10.1215/s0012-7094-96-08310-6,2,False,1,O4,openalex,Extremal length estimates and product regions in Teichmüller space,1996,Yair N. Minsky,Duke Mathematical Journal,10.1215/s0012-7094-96-08310-6,,https://openalex.org/W1609757298,,,130,"We study the Teichmüller metric on the Teichmüller space of a surface of finite type, in regions where the injectivity radius of the surface is small.The main result is that in such regions the Teichmüller metric is approximated up to bounded additive distortion by the sup metric on a product of lower dimensional spaces.The main technical tool in the proof is the use of estimates of extremal lengths of curves in a surface based on the geometry of their hyperbolic geodesic representatives."
10.1111/rssb.12228,2,False,1,O4,openalex,Random-projection Ensemble Classification,2017,Timothy I. Cannings; Richard J. Samworth,Journal of the Royal Statistical Society Series B (Statistical Methodology),10.1111/rssb.12228,,https://openalex.org/W2105234758,,,125,"Summary We introduce a very general method for high dimensional classification, based on careful combination of the results of applying an arbitrary base classifier to random projections of the feature vectors into a lower dimensional space. In one special case that we study in detail, the random projections are divided into disjoint groups, and within each group we select the projection yielding the smallest estimate of the test error. Our random-projection ensemble classifier then aggregates the results of applying the base classifier on the selected projections, with a data-driven voting threshold to determine the final assignment. Our theoretical results elucidate the effect on performance of increasing the number of projections. Moreover, under a boundary condition that is implied by the sufficient dimension reduction assumption, we show that the test excess risk of the random-projection ensemble classifier can be controlled by terms that do not depend on the original data dimension and a term that becomes negligible as the number of projections increases. The classifier is also compared empirically with several other popular high dimensional classifiers via an extensive simulation study, which reveals its excellent finite sample performance."
modulusofconicallyaveragedmappingsanditsapplicationstoanglesbetweentwosubspaces,2,False,1,O4,openalex,Modulus of conically averaged mappings and its applications to angles between two subspaces,2026,Honglin Luo; Shuang Song; Xianfu Wang,arXiv (Cornell University),,,https://openalex.org/W7171749347,,,0,"Conically averaged mappings, a generalization of averaged mappings, are important in a wide range of Optimization Algorithms. In this paper, we propose the modulus of conical averagedness to classify conical averaged mappings. Introducing the monotone and comonotone values of generalized monotone mappings, we investigate their connections to the modulus of conical averagedness. In the linear setting, we completely characterize conically averaged matrices, and derive explicit and pleasing formulae for computing their modulus of averagedness. As applications, we compute the Dixmier and Friedrichs angles between two subspaces. Nonlinear results are established as extensions of the linear case. Conical averagedness of proximal and reflection mappings of hypoconvex functions are also studied."
10.48550/arxiv.2505.22363,2,False,1,O4,openalex,Operator-Splitting Methods for Neuromorphic Circuit Simulation,2025,Amir Shahhosseini; Thomas Chaffey; Rodolphe Sepulchre,arXiv (Cornell University),10.48550/arxiv.2505.22363,,https://openalex.org/W4416048257,,,0,"A novel splitting algorithm is proposed for the numerical simulation of neuromorphic circuits. The algorithm is grounded in the operator-theoretic concept of monotonicity, which bears both physical and algorithmic significance. The splitting exploits this correspondence to translate the circuit architecture into the algorithmic architecture. The paper illustrates the many advantages of the proposed operator-theoretic framework over conventional numerical integration for the simulation of multiscale hierarchical events that characterize neuromorphic behaviors."
10.1007/s00205-015-0845-2,2,False,1,O4,openalex,"On the Inequalities of Babuška–Aziz, Friedrichs and Horgan–Payne",2015,Martin Costabel; Monique Dauge,Archive for Rational Mechanics and Analysis,10.1007/s00205-015-0845-2,,https://openalex.org/W2021222440,,,38,
10.1016/j.jat.2006.02.006,2,False,1,O4,openalex,The rate of convergence for the cyclic projections algorithm II: Norms of nonlinear operators,2006,Frank Deutsch; Hein Hundal,Journal of Approximation Theory,10.1016/j.jat.2006.02.006,,https://openalex.org/W1975567493,,,34,
10.7494/opmath.2013.33.3.467,2,False,1,O4,openalex,Weyl-Titchmarsh theory for Sturm-Liouville operators with distributional potentials,2013,Jonathan Eckhardt; Fritz Gesztesy; Roger Nichols; Gerald Teschl,Opuscula Mathematica,10.7494/opmath.2013.33.3.467,,https://openalex.org/W2157426158,,,122,"We systematically develop Weyl-Titchmarsh theory for singular differential operators on arbitrary intervals (a, b) ⊆ R associated with rather general differential expressions of the typewhere the coefficients p, q, r, s are real-valued and Lebesgue measurable on (a, b), with p = 0, r > 0 a.e. on (a, b), and p -1 , q, r, s ∈ L 1 loc ((a, b); dx), and f is supposed to satisfyIn particular, this setup implies that τ permits a distributional potential coefficient, including potentials in H -1 loc ((a, b)).We study maximal and minimal Sturm-Liouville operators, all self-adjoint restrictions of the maximal operator Tmax, or equivalently, all self-adjoint extensions of the minimal operator Tmin, all self-adjoint boundary conditions (separated and coupled ones), and describe the resolvent of any self-adjoint extension of Tmin.In addition, we characterize the principal object of this paper, the singular Weyl-Titchmarsh-Kodaira m-function corresponding to any self-adjoint extension with separated boundary conditions and derive the corresponding spectral transformation, including a characterization of spectral multiplicities and minimal supports of standard subsets of the spectrum.We also deal with principal solutions and characterize the Friedrichs extension of Tmin.Finally, in the special case where τ is regular, we characterize the Krein-von Neumann extension of Tmin and also characterize all boundary conditions that lead to positivity preserving, equivalently, improving, resolvents (and hence semigroups)."
10.1051/m2an/2020081,2,False,1,O4,openalex,Unified analysis of discontinuous Galerkin andC0-interior penalty finite element methods for Hamilton–Jacobi–Bellman and Isaacs equations,2020,Ellya L. Kawecki; Iain Smears,ESAIM Mathematical Modelling and Numerical Analysis,10.1051/m2an/2020081,,https://openalex.org/W3035692104,,,19,"We provide a unified analysis ofa posteriorianda priorierror bounds for a broad class of discontinuous Galerkin andC0-IP finite element approximations of fully nonlinear second-order elliptic Hamilton–Jacobi–Bellman and Isaacs equations with Cordes coefficients. We prove the existence and uniqueness of strong solutions inH2of Isaacs equations with Cordes coefficients posed on bounded convex domains. We then show the reliability and efficiency of computable residual-based error estimators for piecewise polynomial approximations on simplicial meshes in two and three space dimensions. We introduce an abstract framework for thea priorierror analysis of a broad family of numerical methods and prove the quasi-optimality of discrete approximations under three key conditions of Lipschitz continuity, discrete consistency and strong monotonicity of the numerical method. Under these conditions, we also prove convergence of the numerical approximations in the small-mesh limit for minimal regularity solutions. We then show that the framework applies to a range of existing numerical methods from the literature, as well as some original variants. A key ingredient of our results is an original analysis of the stabilization terms. As a corollary, we also obtain a generalization of the discrete Miranda–Talenti inequality to piecewise polynomial vector fields."
10.1137/100809799,2,False,1,O4,openalex,Analysis of the DPG Method for the Poisson Equation,2011,Leszek Demkowicz; Jay Gopalakrishnan,SIAM Journal on Numerical Analysis,10.1137/100809799,,https://openalex.org/W1963659668,,,133,We give an error analysis of the recently developed DPG method applied to solve the Poisson equation and a convection-diffusion problem. We prove that the method is quasioptimal. Error estimates in terms of both the mesh size h and the polynomial degree p (for various element shapes) can be derived from our results. Results of extensive numerical experiments are also presented.
10.32917/hmj/1206137309,2,False,1,O4,openalex,A finite-difference method on a Riemann surface,1973,Hisao Mizumoto,Hiroshima Mathematical Journal,10.32917/hmj/1206137309,,https://openalex.org/W1678147450,,,8,"1. Polyangulation.Let E 2 be the euclidean plane.By a euclidean 0-simplex we mean a point on E 2 .By a euclidean 1-simplex we mean a closed line segment or a closed circular arc.By a euclidean 2-simplex we mean a closed polygon surrounded by a finite number (^2) of segments and circular arcs.A lune (biangle) and a triangle are also admitted as a euclidean 2-simplex.Let F be a 2-dimensional orientable manifold.By 0-simplex q 9 1-simplex a and 2-simplex M on F we mean a pair of euclidean 0-simplex q e , 1-simplex a e and 2-simplex M e respectively, and one-to-one bicontinuous mappings φ of q e , a e and M e respectively into F. We shall write q = [q e , </>], a=[a e , φ~\ and M = [M e , </>].The images of q e 9 a e and M e under φ are called the carriers of q, a and M respectively, and are denoted by \q\, \a\ and \M\ respectively; that is, φ(q e ) = \q\, φ(a e ) = \a\ and φ(M e ) = \M\.M is called a polygon on F, and the images of the edges and vertices of M e are called edges and vertices of M. Each edge of M is a 1-simplex and each vertex of M is a 0-simρlex, We say that a point p"
10.1007/s00023-020-00935-z,2,False,1,O4,openalex,The Detectable Subspace for the Friedrichs Model: Applications of Toeplitz Operators and the Riesz–Nevanlinna Factorisation Theorem,2020,Serguei Naboko; Ian Wood,Annales Henri Poincaré,10.1007/s00023-020-00935-z,,https://openalex.org/W3040064947,,,1,"Abstract We discuss how much information on a Friedrichs model operator (a finite rank perturbation of the operator of multiplication by the independent variable) can be detected from ‘measurements on the boundary’. The framework of boundary triples is used to introduce the generalised Titchmarsh–Weyl M-function and the detectable subspaces which are associated with the part of the operator which is ‘accessible from boundary measurements’. In this paper, we choose functions arising as parameters in the Friedrichs model in certain Hardy classes. This allows us to determine the detectable subspace by using the canonical Riesz–Nevanlinna factorisation of the symbol of a related Toeplitz operator."
10.48550/arxiv.1402.5460,2,False,1,O4,openalex,Linear and strong convergence of algorithms involving averaged\n nonexpansive operators,2014,Heinz H. Bauschke; Dominikus Noll; Hung M. Phan,arXiv (Cornell University),10.48550/arxiv.1402.5460,,https://openalex.org/W2962704982,,,92,"We introduce regularity notions for averaged nonexpansive operators. Combined\nwith regularity notions of their fixed point sets, we obtain linear and strong\nconvergence results for quasicyclic, cyclic, and random iterations. New\nconvergence results on the Borwein-Tam method (BTM) and on the cylically\nanchored Douglas-Rachford algorithm (CADRA) are also presented. Finally, we\nprovide a numerical comparison of BTM, CADRA and the classical method of cyclic\nprojections for solving convex feasibility problems.\n"
10.1088/0953-8984/21/39/395502,2,False,1,O4,openalex,QUANTUM ESPRESSO: a modular and open-source software project for quantum simulations of materials,2009,Paolo Giannozzi; Stefano Baroni; Nicola Bonini; Matteo Calandra; Roberto Car; Carlo Cavazzoni,Journal of Physics Condensed Matter,10.1088/0953-8984/21/39/395502,,https://openalex.org/W2120145199,,,29339,"QUANTUM ESPRESSO is an integrated suite of computer codes for electronic-structure calculations and materials modeling, based on density-functional theory, plane waves, and pseudopotentials (norm-conserving, ultrasoft, and projector-augmented wave). The acronym ESPRESSO stands for opEn Source Package for Research in Electronic Structure, Simulation, and Optimization. It is freely available to researchers around the world under the terms of the GNU General Public License. QUANTUM ESPRESSO builds upon newly-restructured electronic-structure codes that have been developed and tested by some of the original authors of novel electronic-structure algorithms and applied in the last twenty years by some of the leading materials modeling groups worldwide. Innovation and efficiency are still its main focus, with special attention paid to massively parallel architectures, and a great effort being devoted to user friendliness. QUANTUM ESPRESSO is evolving towards a distribution of independent and interoperable codes in the spirit of an open-source project, where researchers active in the field of electronic-structure calculations are encouraged to participate in the project by contributing their own codes or by implementing their own ideas into existing codes."
10.1088/0266-5611/19/2/201,2,False,1,O4,openalex,Separable nonlinear least squares: the variable projection method and its applications,2003,Gene H. Golub; Víctor Pereyra,Inverse Problems,10.1088/0266-5611/19/2/201,,https://openalex.org/W2090636411,,,772,"In this paper we review 30 years of developments and applications of the variable projection method for solving separable nonlinear least-squares problems.These are problems for which the model function is a linear combination of nonlinear functions.Taking advantage of this special structure, the method of variable projections eliminates the linear variables obtaining a somewhat more complicated function that involves only the nonlinear parameters.This procedure not only reduces the dimension of the parameter space but also results in a better-conditioned problem.The same optimization method applied to the original and reduced problems will always converge faster for the latter.We present first a historical account of the basic theoretical work and its various computer implementations, and then report on a variety of applications from electrical engineering, medical and biological imaging, chemistry, robotics, vision, and environmental sciences.An extensive bibliography is included.The method is particularly well suited for solving real and complex exponential model fitting problems, which are pervasive in their applications and are notoriously hard to solve."
10.1103/physrevb.98.155134,2,False,1,O4,openalex,"Quantum scarred eigenstates in a Rydberg atom chain: Entanglement, breakdown of thermalization, and stability to perturbations",2018,Christopher J. Turner; Alexios A. Michailidis; Dmitry A. Abanin; Maksym Serbyn; Zlatko Papić,Physical review. B./Physical review. B,10.1103/physrevb.98.155134,,https://openalex.org/W2810419645,,,501,"Recent experiments on Rydberg-atom quantum simulators have observed surprising signatures of nonergodic quantum dynamics, which has been attributed to the emergence of ``many-body quantum scars.'' Here, the authors present a detailed study of the eigenstate properties of strongly interacting Rydberg-atom chains, identifying distinct families of quantum scarred states that are responsible for the revivals in the quench dynamics. The results show that quantum scarred states have distinct features, such as subthermal entanglement and anomalous expectation values of local observables. The presence of scarred eigenstates leaves an imprint on the rest of the many-body spectrum, leading to a weak breakdown of ergodicity."
10.1016/j.physletb.2019.05.034,2,False,1,O4,openalex,Finite modular subgroups for fermion mass matrices and baryon/lepton number violation,2019,Tatsuo Kobayashi; Yusuke Shimizu; Kenta Takagi; Morimitsu Tanimoto; Takuya H. Tatsuishi; Hikaru Uchida,Physics Letters B,10.1016/j.physletb.2019.05.034,,https://openalex.org/W2908294955,,,165,"We study a flavor model that the quark sector has the S3 modular symmetry while the lepton sector has the A4 modular symmetry. Our model leads to characteristic quark mass matrices which are consistent with experimental data of quark masses, mixing angles and the CP violating phase. The lepton sector is also consistent with the experimental data of neutrino oscillations. We also study baryon and lepton number violations in our flavor model."
10.1088/0034-4885/76/5/056201,2,False,1,O4,openalex,Neutrino mass and mixing with discrete symmetry,2013,Stephen F. King; Christoph Luhn,Reports on Progress in Physics,10.1088/0034-4885/76/5/056201,,https://openalex.org/W2002954796,,,852,"This is a review paper about neutrino mass and mixing and flavour model building strategies based on discrete family symmetry. After a pedagogical introduction and overview of the whole of neutrino physics, we focus on the PMNS mixing matrix and the latest global fits following the Daya Bay and RENO experiments which measure the reactor angle. We then describe the simple bimaximal, tri-bimaximal and golden ratio patterns of lepton mixing and the deviations required for a non-zero reactor angle, with solar or atmospheric mixing sum rules resulting from charged lepton corrections or residual trimaximal mixing. The different types of see-saw mechanism are then reviewed as well as the sequential dominance mechanism. We then give a mini-review of finite group theory, which may be used as a discrete family symmetry broken by flavons either completely, or with different subgroups preserved in the neutrino and charged lepton sectors. These two approaches are then reviewed in detail in separate chapters including mechanisms for flavon vacuum alignment and different model building strategies that have been proposed to generate the reactor angle. We then briefly review grand unified theories (GUTs) and how they may be combined with discrete family symmetry to describe all quark and lepton masses and mixing. Finally, we discuss three model examples which combine an SU(5) GUT with the discrete family symmetries A₄, S₄ and Δ(96)."
10.1007/jhep07(2014)079,2,False,1,O4,openalex,"The automated computation of tree-level and next-to-leading order differential cross sections, and their matching to parton shower simulations",2014,Johan Alwall; Rikkert Frederix; Stefano Frixione; Valentin Hirschi; Fabio Maltoni; Olivier Mattelaer,Journal of High Energy Physics,10.1007/jhep07(2014)079,,https://openalex.org/W2110999179,,,7902,"We discuss the theoretical bases that underpin the automation of the computations of tree-level and next-to-leading order cross sections, of their matching to parton shower simulations, and of the merging of matched samples that differ by light-parton multiplicities. We present a computer program, MadGraph5 aMC@NLO, capable of handling all these computations — parton-level fixed order, shower-matched, merged — in a unified framework whose defining features are flexibility, high level of parallelisation, and human intervention limited to input physics quantities. We demonstrate the potential of the program by presenting selected phenomenological applications relevant to the LHC and to a 1-TeV e + e − collider. While next-to-leading order results are restricted to QCD corrections to SM processes in the first public version, we show that from the user viewpoint no changes have to be expected in the case of corrections due to any given renormalisable Lagrangian, and that the implementation of these are well under way."
10.1088/0034-4885/80/1/016502,2,False,1,O4,openalex,Quantum spin liquids: a review,2016,Lucile Savary; Leon Balents,Reports on Progress in Physics,10.1088/0034-4885/80/1/016502,,https://openalex.org/W2256298911,,,1913,"Quantum spin liquids may be considered 'quantum disordered' ground states of spin systems, in which zero-point fluctuations are so strong that they prevent conventional magnetic long-range order. More interestingly, quantum spin liquids are prototypical examples of ground states with massive many-body entanglement, which is of a degree sufficient to render these states distinct phases of matter. Their highly entangled nature imbues quantum spin liquids with unique physical aspects, such as non-local excitations, topological properties, and more. In this review, we discuss the nature of such phases and their properties based on paradigmatic models and general arguments, and introduce theoretical technology such as gauge theory and partons, which are conveniently used in the study of quantum spin liquids. An overview is given of the different types of quantum spin liquids and the models and theories used to describe them. We also provide a guide to the current status of experiments in relation to study quantum spin liquids, and to the diverse probes used therein."
10.1088/1126-6708/2002/09/011,2,False,1,O4,openalex,Constructing the large mixing angle MNS matrix in see-saw models with right-handed neutrino dominance,2002,Stephen F King,Journal of High Energy Physics,10.1088/1126-6708/2002/09/011,,https://openalex.org/W2047109056,,,198,
10.1145/258734.258843,2,False,1,O5,openalex,View-dependent refinement of progressive meshes,1997,Hugues Hoppe,,10.1145/258734.258843,,https://openalex.org/W2052789583,,,841,"Level-of-detail (LOD) representations are an important tool for realtime rendering of complex geometric environments.The previously introduced progressive mesh representation defines for an arbitrary triangle mesh a sequence of approximating meshes optimized for view-independent LOD.In this paper, we introduce a framework for selectively refining an arbitrary progressive mesh according to changing view parameters.We define efficient refinement criteria based on the view frustum, surface orientation, and screen-space geometric error, and develop a real-time algorithm for incrementally refining and coarsening the mesh according to these criteria.The algorithm exploits view coherence, supports frame rate regulation, and is found to require less than 15% of total frame time on a graphics workstation.Moreover, for continuous motions this work can be amortized over consecutive frames.In addition, smooth visual transitions (geomorphs) can be constructed between any two selectively refined meshes.A number of previous schemes create view-dependent LOD meshes for height fields (e.g.terrains) and parametric surfaces (e.g.NURBS).Our framework also performs well for these special cases.Notably, the absence of a rigid subdivision structure allows more accurate approximations than with existing schemes.We include results for these cases as well as for general meshes."
10.12942/lrr-2011-8,2,False,1,O5,openalex,Entanglement Entropy of Black Holes,2011,Sergey N. Solodukhin,Living Reviews in Relativity,10.12942/lrr-2011-8,,https://openalex.org/W2158320533,,,547,"The entanglement entropy is a fundamental quantity, which characterizes the correlations between sub-systems in a larger quantum-mechanical system. For two sub-systems separated by a surface the entanglement entropy is proportional to the area of the surface and depends on the UV cutoff, which regulates the short-distance correlations. The geometrical nature of entanglement-entropy calculation is particularly intriguing when applied to black holes when the entangling surface is the black-hole horizon. I review a variety of aspects of this calculation: the useful mathematical tools such as the geometry of spaces with conical singularities and the heat kernel method, the UV divergences in the entropy and their renormalization, the logarithmic terms in the entanglement entropy in four and six dimensions and their relation to the conformal anomalies. The focus in the review is on the systematic use of the conical singularity method. The relations to other known approaches such as ’t Hooft’s brick-wall model and the Euclidean path integral in the optical metric are discussed in detail. The puzzling behavior of the entanglement entropy due to fields, which non-minimally couple to gravity, is emphasized. The holographic description of the entanglement entropy of the blackhole horizon is illustrated on the two- and four-dimensional examples. Finally, I examine the possibility to interpret the Bekenstein-Hawking entropy entirely as the entanglement entropy."
10.1090/s0002-9947-2011-05325-0,2,False,1,O5,openalex,Gauss images of hyperbolic cusps with convex polyhedral boundary,2011,François Fillastre; Ivan Izmestiev,Transactions of the American Mathematical Society,10.1090/s0002-9947-2011-05325-0,,https://openalex.org/W2046850083,,,14,"We prove that a 3–dimensional hyperbolic cusp with convex polyhedral boundary is uniquely determined by its Gauss image. Furthermore, any spherical metric on the torus with cone singularities of negative curvature and all closed contractible geodesics of length greater than 2 π 2\pi is the metric of the Gauss image of some convex polyhedral cusp. This result is an analog of the Rivin-Hodgson theorem characterizing compact convex hyperbolic polyhedra in terms of their Gauss images. The proof uses a variational method. Namely, a cusp with a given Gauss image is identified with a critical point of a functional on the space of cusps with cone-type singularities along a family of half-lines. The functional is shown to be concave and to attain its maximum at an interior point of its domain. As a byproduct, we prove rigidity statements with respect to the Gauss image for cusps with or without cone-type singularities. In a special case, our theorem is equivalent to the existence of a circle pattern on the torus, with prescribed combinatorics and intersection angles. This is the genus one case of a theorem by Thurston. In fact, our theorem extends Thurston’s theorem in the same way as Rivin-Hodgson’s theorem extends Andreev’s theorem on compact convex polyhedra with non-obtuse dihedral angles. The functional used in the proof is the sum of a volume term and curvature term. We show that, in the situation of Thurston’s theorem, it is the potential for the combinatorial Ricci flow considered by Chow and Luo. Our theorem represents the last special case of a general statement about isometric immersions of compact surfaces."
10.1086/428890,2,False,1,O5,openalex,A Map of the Universe,2005,J. Richard Gott III; Mario Jurić; David Schlegel; Fiona Hoyle; Michael Vogeley; Max Tegmark,The Astrophysical Journal,10.1086/428890,,https://openalex.org/W2087495825,,,377,"We have produced a new conformal map of the universe illustrating recent discoveries, ranging from Kuiper Belt objects in the solar system to the galaxies and quasars from the Sloan Digital Sky Survey. This map projection, based on the logarithm map of the complex plane, preserves shapes locally and yet is able to display the entire range of astronomical scales from the Earth's neighborhood to the cosmic microwave background. The conformal nature of the projection, preserving shapes locally, may be of particular use for analyzing large-scale structure. Prominent in the map is a Sloan Great Wall of galaxies 1.37 billion light-years long, 80% longer than the Great Wall discovered by Geller and Huchra and therefore the largest observed structure in the universe."
10.2140/apde.2012.5.397,2,False,1,O5,openalex,"On triangles determined by subsets of the Euclidean plane, the associated bilinear operators and applications to discrete geometry",2012,Allan Greenleaf; Alex Iosevich,Analysis & PDE,10.2140/apde.2012.5.397,,https://openalex.org/W2072204923,,,33,"We prove that if the Hausdorff dimension of a compact set E ⊂ ‫ޒ‬ 2 is greater than 7 4 , then the set of three-point configurations determined by E has positive three-dimensional measure.We establish this by showing that a natural measure on the set of such configurations has Radon-Nikodym derivative in L ∞ if dim Ᏼ (E) > 7 4 , and the index 7 4 in this last result cannot, in general, be improved.This problem naturally leads to the study of a bilinear convolution operator,where K is surface measure on the set {(u, v) ∈ ‫ޒ‬ 2 × ‫ޒ‬ 2 : |u| = |v| = |u -v| = 1}, and we prove a scale of estimates that includes B :) on positive functions.As an application of our main result, it follows that for finite sets of cardinality n and belonging to a natural class of discrete sets in the plane, the maximum number of times a given three-point configuration arises is O(n 9 7 + ) (up to congruence), improving upon the known bound of O(n 4 3 ) in this context."
10.1007/jhep10(2015)003,2,False,1,O5,openalex,Mutual information and the F-theorem,2015,Horacio Casini; Marina Huerta; Robert C. Myers; Alexandre Yale,Journal of High Energy Physics,10.1007/jhep10(2015)003,,https://openalex.org/W1846387892,,,169,"Mutual information is used as a purely geometrical regularization of entanglement entropy applicable to any QFT. A coefficient in the mutual information between concentric circular entangling surfaces gives a precise universal prescription for the monotonous quantity in the c-theorem for d = 3. This is in principle computable using any regularization for the entropy, and in particular is a definition suitable for lattice models. We rederive the proof of the c-theorem for d = 3 in terms of mutual information, and check our arguments with holographic entanglement entropy, a free scalar field, and an extensive mutual information model."
10.1109/tsp.2023.3282705,2,False,1,O5,openalex,Constant-Modulus Waveform Design With Polarization-Adaptive Power Allocation in Polarimetric Radar,2023,Linlong Wu; Xu Cheng; Huiping Huang; Domenico Ciuonzo; Bhavani Shankar; Björn Ottersten,IEEE Transactions on Signal Processing,10.1109/tsp.2023.3282705,,https://openalex.org/W4379931887,,,33,"In polarimetric radars, corresponding to the polarized antennas, exploiting waveform diversity along the polarization dimension becomes accessible. In this article, we aim to maximize the signal-to-interference plus noise ratio (SINR) of a polarimetric radar by optimizing the transmit polarimetric waveform, the power allocation on its horizontal and vertical polarization segments, and the receiving filters jointly, subject to separate (while practical) unit-modulus and similarity constraints. To mitigate the SINR sensitivity on Target-Aspect-Angle (TAA), the average Target-Impulse-Response Matrix (TIRM) within a certain (TAA) interval is employed as the target response, which leads to an average SINR as the metric to be maximized. For the formulated nonconvex fractional programming problem, we propose an efficient algorithm under the framework of the alternating optimization method. Within, the alternating direction method of multiplier (ADMM) is deployed to solve the inner subproblems with closed form solutions obtained at each iteration. The analysis on computational cost and convergence of the proposed algorithm is also provided. Experiment results show the effectiveness of the proposed algorithm, the robustness of the output SINR against the TAA uncertainty, and the superior performance of polarimetric power adaption."
10.1155/2014/598531,2,False,1,O5,openalex,Characterization and Optimization of Mechanical Properties of ABS Parts Manufactured by the Fused Deposition Modelling Process,2014,Godfrey C. Onwubolu; Farzad Rayegani,International Journal of Manufacturing Engineering,10.1155/2014/598531,,https://openalex.org/W2103417572,,,252,"While fused deposition modelling (FDM) is one of the most used additive manufacturing (AM) techniques today due to its ability to manufacture very complex geometries, the major research issues have been to balance ability to produce aesthetically appealing looking products with functionality. In this study, five important process parameters such as layer thickness, part orientation, raster angle, raster width, and air gap have been considered to study their effects on tensile strength of test specimen, using design of experiment (DOE). Using group method of data handling (GMDH), mathematical models relating the response with the process parameters have been developed. Using differential evolution (DE), optimal process parameters have been found to achieve good strength simultaneously for the response. The optimization of the mathematical model realized results in maximized tensile strength. Consequently, the additive manufacturing part produced is improved by optimizing the process parameters. The predicted models obtained show good correlation with the measured values and can be used to generalize prediction for process conditions outside the current study. Results obtained are very promising and hence the approach presented in this paper has practical applications for design and manufacture of parts using additive manufacturing technologies."
10.6092/unibo/amsdottorato/7612,2,False,1,O5,openalex,"On the interplay of Mixed Integer Linear, Mixed Integer Nonlinear and Constraint Programming",2016,Sven Wiese,AMS Dottorato Institutional Doctoral Theses Repository (University of Bologna),10.6092/unibo/amsdottorato/7612,,https://openalex.org/W2521426814,,,4,"In this thesis we study selected topics in the field of Mixed Integer Programming (MIP), in particular Mixed Integer Linear and Nonlinear Programming (MI(N)LP). We set a focus on the influences of Constraint Programming (CP). First, we analyze Mathematical Programming approaches to water network optimization, a set of challenging optimization problems frequently modeled as non-convex MINLPs. We give detailed descriptions of many variants and survey solution approaches from the literature. We are particularly interested in MILP approximations and present a respective computational study for water network design problems. We analyze this approach by algorithmic considerations and highlight the importance of certain convex substructures in these non-convex MINLPs. We further derive valid inequalities for water network design problems exploiting these substructures. Then, we treat Mathematical Programming problems with indicator constraints, recalling their most popular reformulation techniques in MIP, leading to either big-M constraints or disjunctive programming techniques. The latter give rise to reformulations in higher-dimensional spaces, and we review special cases from the literature that allow to describe the projection on the original space of variables explicitly. We theoretically extend the respective results in two directions and conduct computational experiments. We then present an algorithm for MILPs with indicator constraints that incorporates elements of CP into MIP techniques, including computational results for the JobShopScheduling problem. Finally, we introduce an extension of the class of MILPs so that linear expressions are allowed to have non-contiguous domains. Inspired by CP, this permits to model holes in the domains of variables as a special case. For such problems, we extend the theory of split cuts and show two ways of separating them, namely as intersection and lift-and-project cuts, and present computational results. We further experiment "
10.1287/ijoo.2021.0065,2,False,1,O5,openalex,A Class of Convex Quadratic Nonseparable Resource Allocation Problems with Generalized Bound Constraints,2022,Martijn H. H. Schoot Uiterkamp; Marco E. T. Gerards; Johann L. Hurink,INFORMS Journal on Optimization,10.1287/ijoo.2021.0065,,https://openalex.org/W4293255259,,,2,"We study a convex quadratic nonseparable resource allocation problem that arises in the area of decentralized energy management (DEM), where unbalance in electricity networks has to be minimized. In this problem, the given resource is allocated over a set of activities that is divided into subsets, and a cost is assigned to the overall allocated amount of resources to activities within the same subset. We derive two efficient algorithms with [Formula: see text] worst-case time complexity to solve this problem. For the special case where all subsets have the same size, one of these algorithms even runs in linear time given the subset size. Both algorithms are inspired by well-studied breakpoint search methods for separable convex resource allocation problems. Numerical evaluations on both real and synthetic data confirm the theoretical efficiency of both algorithms and demonstrate their suitability for integration in DEM systems."
10.1287/ijoc.2021.1104,2,False,1,O5,openalex,On a Reduction for a Class of Resource Allocation Problems,2021,Martijn H. H. Schoot Uiterkamp; Marco E. T. Gerards; Johann L. Hurink,INFORMS journal on computing,10.1287/ijoc.2021.1104,,https://openalex.org/W3080370515,,,2,"In the resource allocation problem (RAP), the goal is to divide a given amount of a resource over a set of activities while minimizing the cost of this allocation and possibly satisfying constraints on allocations to subsets of the activities. Most solution approaches for the RAP and its extensions allow each activity to have its own cost function. However, in many applications, often the structure of the objective function is the same for each activity, and the difference between the cost functions lies in different parameter choices, such as, for example, the multiplicative factors. In this article, we introduce a new class of objective functions that captures a significant number of the objectives occurring in studied applications. These objectives are characterized by a shared structure of the cost function depending on two input parameters. We show that, given the two input parameters, there exists a solution to the RAP that is optimal for any choice of the shared structure. As a consequence, this problem reduces to the quadratic RAP, making available the vast amount of solution approaches and algorithms for the latter problem. We show the impact of our reduction result on several applications, and in particular, we improve the best-known worst-case complexity bound of two problems in vessel routing and processor scheduling from [Formula: see text] to [Formula: see text]. Summary of Contribution: The resource allocation problem (RAP) with submodular constraints and its special cases are classic problems in operations research. Because these problems are studied in many different scientific disciplines, many conceptual insights, structural properties, and solution approaches have been reinvented and rediscovered many times. The goal of this article is to reduce the amount of future reinventions and rediscoveries by bringing together these different perspectives on RAPs in a way that is accessible to researchers with different backgrounds. The article serves as a"
10.1109/tpami.2022.3163667,2,False,1,O5,openalex,Learning Graph Embeddings for Open World Compositional Zero-Shot Learning,2022,Massimiliano Mancini; Muhammad Ferjad Naeem; Yongqin Xian; Zeynep Akata,IEEE Transactions on Pattern Analysis and Machine Intelligence,10.1109/tpami.2022.3163667,,https://openalex.org/W3164354101,,,95,"Compositional Zero-Shot learning (CZSL) aims to recognize unseen compositions of state and object visual primitives seen during training. A problem with standard CZSL is the assumption of knowing which unseen compositions will be available at test time. In this work, we overcome this assumption operating on the open world setting, where no limit is imposed on the compositional space at test time, and the search space contains a large number of unseen compositions. To address this problem, we propose a new approach, Compositional Cosine Graph Embeddings (Co-CGE), based on two principles. First, Co-CGE models the dependency between states, objects and their compositions through a graph convolutional neural network. The graph propagates information from seen to unseen concepts, improving their representations. Second, since not all unseen compositions are equally feasible, and less feasible ones may damage the learned representations, Co-CGE estimates a feasibility score for each unseen composition, using the scores as margins in a cosine similarity-based loss and as weights in the adjacency matrix of the graphs. Experiments show that our approach achieves state-of-the-art performances in standard CZSL while outperforming previous methods in the open world scenario."
10.1103/revmodphys.90.035006,2,False,1,O6,openalex,Quantum-enhanced measurements without entanglement,2018,Daniel Braun; Gerardo Adesso; Fabio Benatti; Roberto Floreanini; Ugo Marzolino; Morgan W. Mitchell,Reviews of Modern Physics,10.1103/revmodphys.90.035006,,https://openalex.org/W2582012066,,,452,"Entangled quantum states can enhance measurement precision. But quantum mechanics harbors other possibilities for enhancing precision, including some that have nothing to do with entanglement. This review surveys various strategies with unentangled probes by which measurements have been improved. Among the approaches considered are those that rely on particle statistics and correlations in highly mixed states. Often nonentangled states are more robust, and these approaches are feasible in current experiments: here the current states of research are shown in cold atoms, nonlinear optics, and nanomechanical oscillators."
10.32657/10356/137381,2,False,1,O6,openalex,Distribution of quantum entanglement : principles and applications,2020,I Wayan Gede Tanjung Krisnanda,,10.32657/10356/137381,,https://openalex.org/W3012287861,,,11,"I carried out most of the research under supervision of A/Prof.Paterek, which includes the main theorem, the nonclassicality detection protocol, the various examples of three-party quantum dynamics, and the calculations of entanglement dynamics for the membrane-in-the-middle optomechanical setup.• Dr. Zuppardo assisted in proving the original theorem and co-supervising throughout most parts of the projects.• Prof. Paternostro suggested an application of our theorem to the experimentally relevant field of optomechanics and helped with the simulations.Chapter 4 is published as T. Krisnanda, R."
10.48550/arxiv.2003.08657,2,False,1,O6,openalex,Distribution of quantum entanglement: Principles and applications,2020,Tanjung Krisnanda,arXiv (Cornell University),10.48550/arxiv.2003.08657,,https://openalex.org/W4287825440,,,1,"Quantum entanglement is a form of correlation between quantum particles that has now become a crucial part in quantum information and communication science. For example, it has been shown to enable or enhance quantum processing tasks such as quantum cryptography, quantum teleportation, and quantum computing. However, quantum entanglement is prone to decoherence as a result of interactions with environmental scatterers, making it an expensive resource. Therefore, it is crucial to understand its creation. We centre our attention to a situation where one would like to distribute quantum entanglement between principal particles that are apart. In this case, it is necessary to use ancillary systems that are communicated between them or interact with them continuously. Cubitt et al. showed that the ancillary systems need not be entangled with the principal particles in order to distribute entanglement. This has been demonstrated experimentally in the case of communicated ancillary particles and it is now known that the bound on the distributed entanglement is given by a communicated quantum discord. On the other hand, little is understood about the setting with continuous interactions, despite its abundant occurrence in nature. The main focus of this thesis is to study the distribution of quantum entanglement via continuous interactions with ancillary particles, which I will call mediators. I will present my work regarding the necessary conditions for entanglement distribution, the factors that are relevant for the distributed amount, and the speed limit to achieving maximum entanglement gain. Finally, I present some notable applications that can benefit from our work. This includes, among others, indirect probing of the quantum nature of optomechanical mirrors, photosynthetic organisms, and gravitational interactions."
10.14711/thesis-hdl152294,2,False,1,O6,openalex,Quantum Entanglement with Geometric Measures,2025,Xuanran Zhu,,10.14711/thesis-hdl152294,,https://openalex.org/W4414315172,,,0,"Quantifying quantum entanglement is a pivotal challenge in quantum information science, particularly for high-dimensional systems, due to its computational complexity. This thesis extends the geometric measure of entanglement (GME) to introduce and investigate a suite of GME-based entanglement monotones tailored for diverse quantum contexts, including pure states, subspaces, and mixed states. These monotones are applicable to both bipartite and multipartite systems, offering a unified framework for characterizing entanglement across various scenarios. Notably, the proposed monotones are adept at identifying entanglement with varying entanglement dimensionalities, making them particularly effective for detecting high-dimensional entanglement. To support practical computation, we develop a non-convex optimization framework that yields accurate upper bounds, complemented by semidefinite programming techniques to establish robust lower bounds. Together, these approaches provide a consistent and efficient computational methodology. This work advances both the theoretical understanding and algorithmic tools for entanglement quantification, contributing to the study of complex quantum correlations in entangled systems."
restrictionsonnoncliffordfaulttoleranceandrulingoutbeyondsqlquantummetrology,2,False,1,O6,openalex,Restrictions on non-Clifford fault tolerance and ruling out beyond-SQL quantum metrology,2026,Constantin Cedillo Vayson de Pradenne; Ishaan Kannan; Harald Putterman; Jordan Cotler,arXiv (Cornell University),,,https://openalex.org/W7172172220,,,0,"Quantum metrology promises a quadratic speedup over the standard quantum limit (SQL), but signal-aligned noise is expected to preclude this advantage in realistic settings. A potential route around known no-go results is to encode the sensors in a quantum code where the physical signal acts transversally as a logical gate. Understanding restrictions on transversal non-Clifford gates is therefore central to both quantum metrology and fault-tolerant quantum computation. Here, we prove such restrictions and apply them to transversal sensing. For any stabilizer code of distance $d\ge 3$ supporting a transversal logical action in level $D$ of the Clifford hierarchy, every stabilizer generating set must contain a check of weight at least $2^D$. Moreover, any $r$-level concatenated realization satisfies $r\leq \lfloor \log_2 n/D\rfloor$, forcing $r=1$ and ruling out concatenation when applied to beyond-SQL metrology. We then show that transversal single-qubit rotations by a small angle $θ$ can only induce a nontrivial logical action on an $n$-qubit code if its checks include irreducible stabilizers of weight $Ω(1/(n|θ|^2))$. Here, many single-qubit errors commute with every stabilizer or logical Pauli below this weight and are only detected by a high-weight check, so their syndromes cannot be fault-tolerantly reconstructed from low-weight normalizer measurements. Since beyond-SQL transversal sensing requires $|θ| = o(n^{-1/2})$, the weight of checks required for syndrome extraction diverges with $n$. Finally, we prove a broader metrological no-go theorem that avoids the assumptions of the quantum Cramér-Rao bound: constant-strength signal-aligned noise rules out any asymptotic advantage over the SQL in AC or DC sensing, even with biased estimators, nonstabilizer or approximate encodings, quantum memory, intermediate measurements, or adaptive control."
10.11606/d.76.2024.tde-24042024-083735,2,False,1,O6,openalex,Exploring the role of qubit connectivity in expressibility and entanglement of parameterized quantum circuits architectures,2024,Guilherme Ilário Correr,,10.11606/d.76.2024.tde-24042024-083735,,https://openalex.org/W4395447441,,,0,"Variational quantum algorithms are one of the promising methods to obtain quantum advantage in the noisy intermediate scale quantum computers era.They rely on a classical optimization procedure, a cost function and a parameterized quantum circuit to build the solution of a particular problem.Most of the work regarding the quantum circuits part is based on heuristic propositions for the circuit structure and reside only within the borders of VQA applications.In this context, the main objective of our work was the characterization of entanglement generation and distribution of generated states for different PQCs structures.Applying the mean entanglement considering the Scott entanglement measures and the expressibility quantifier, we studied the behavior of 5 possible connectivities between qubits that appear in the contemporary quantum computers: No connections, linear, ring, star and all-to-all, for different number of qubits and circuit concatenations (layers).For two circuit architectures with different local parameterizations, we discussed how entanglement and expressibility are connected, showing that the entanglement generation for only 1 layer is influential for the expressibility evolution as a function of the number of layers.Circuits generating mean and standard deviation for entanglement closer to the uniformly distributed states at 1 layer will have a steeper evolution of expressibility.This result is affected by the local parameterization and number of qubits.We then compared the circuits generated entanglement with the entanglement of paradigmatic states EP R n , GHZ n and W n to understand the entanglement characteristics of the different connections.The results showed how the different connectivities will influence parameterized quantum circuits for applications in VQAs and also that these can present the behavior of pseudorandom quantum circuits."
10.48550/arxiv.1302.1555,2,False,1,O6,openalex,Nonuniform Dynamic Discretization in Hybrid Networks,2013,Alexander V. Kozlov; Daphne Koller,arXiv (Cornell University),10.48550/arxiv.1302.1555,,https://openalex.org/W1901420645,,,137,"We consider probabilistic inference in general hybrid networks, which include continuous and discrete variables in an arbitrary topology. We reexamine the question of variable discretization in a hybrid network aiming at minimizing the information loss induced by the discretization. We show that a nonuniform partition across all variables as opposed to uniform partition of each variable separately reduces the size of the data structures needed to represent a continuous function. We also provide a simple but efficient procedure for nonuniform partition. To represent a nonuniform discretization in the computer memory, we introduce a new data structure, which we call a Binary Split Partition (BSP) tree. We show that BSP trees can be an exponential factor smaller than the data structures in the standard uniform discretization in multiple dimensions and show how the BSP trees can be used in the standard join tree algorithm. We show that the accuracy of the inference process can be significantly improved by adjusting discretization with evidence. We construct an iterative anytime algorithm that gradually improves the quality of the discretization and the accuracy of the answer on a query. We provide empirical evidence that the algorithm converges."
10.48550/arxiv.2110.07505,2,False,1,O6,openalex,AHEAD: Adaptive Hierarchical Decomposition for Range Query under Local Differential Privacy,2021,Linkang Du; Zhikun Zhang; Shaojie Bai; Changchang Liu; Shouling Ji; Peng Cheng,arXiv (Cornell University),10.48550/arxiv.2110.07505,,https://openalex.org/W3205933106,,,1,"For protecting users' private data, local differential privacy (LDP) has been leveraged to provide the privacy-preserving range query, thus supporting further statistical analysis. However, existing LDP-based range query approaches are limited by their properties, i.e., collecting user data according to a pre-defined structure. These static frameworks would incur excessive noise added to the aggregated data especially in the low privacy budget setting. In this work, we propose an Adaptive Hierarchical Decomposition (AHEAD) protocol, which adaptively and dynamically controls the built tree structure, so that the injected noise is well controlled for maintaining high utility. Furthermore, we derive a guideline for properly choosing parameters for AHEAD so that the overall utility can be consistently competitive while rigorously satisfying LDP. Leveraging multiple real and synthetic datasets, we extensively show the effectiveness of AHEAD in both low and high dimensional range query scenarios, as well as its advantages over the state-of-the-art methods. In addition, we provide a series of useful observations for deploying AHEAD in practice."
quantumenhancedmeasurementswithatomsincavitiessuperradianceandspinsqueezing,2,False,1,O6,openalex,Quantum-Enhanced Measurements with Atoms in Cavities: Superradiance and Spin Squeezing,2016,Kevin C. Cox,CU Scholar (University of Colorado Boulder),,,https://openalex.org/W2559623724,,,0,"Advances in engineering quantum systems are expected to lead to a new generation of quantum technology with fundamentally new capabilities and no classical analogue. Specifically, in the near future, quantum entanglement may become useful for enhancing state-of-the-art atomic clocks and sensors. I have performed experiments using laser-cooled rubidium atoms trapped in a high finesse optical cavity to explore quantum and collective enhancements to precision measurements.\nIn this thesis, I will present a recent experiment to create record amounts of entanglement-enhancement, or spin squeezing, in a proof-of-principle atomic sensor using entanglement-generating collective measurements. We have demonstrated up to a factor of 60 in directly observed spin squeezing beyond the standard quantum limit for an unentangled quantum sensor and have demonstrated squeezing with real-time feedback to create deterministic entangled states. Second, I will present a new method that has generated over a factor of 10 in homogeneous entanglement that could be resolvable in free-space quantum sensors such as matter-wave interferometers and discuss a new method to reduce errors in manipulating collective spin states using reversible dephasing. These experiments and methods are directly applicable to some of the world's best optical lattice clocks such as those housed here at JILA and NIST.\nIn addition, I have studied and demonstrated a proof-of-principle superradiant laser that relies on collectively enhanced laser emission. These lasers have the potential to realize state-of-the-art frequency purity useful for optical atomic clocks and long baseline interferometry. I will discuss an experiment that demonstrates injection locking of a superradiant laser for the first time as well as explores the collective synchronization behaviors in the system. This study of synchronization informs research on current and future narrow linewidth superradiant lasers and may also provide a platform for fu"
10.1109/comst.2018.2861361,2,False,1,O6,openalex,Duality of Quantum and Classical Error Correction Codes: Design Principles and Examples,2019,Zunaira Babar; Daryus Chandra; Hung Viet Nguyen; Panagiotis Botsinis; Dimitrios Alanis; Soon Xin Ng,IEEE Communications Surveys & Tutorials,10.1109/comst.2018.2861361,,https://openalex.org/W2889130258,,,69,"Quantum error correction codes (QECCs) can be constructed from the known classical coding paradigm by exploiting the inherent isomorphism between the classical and quantum regimes, while also addressing the challenges imposed by the strange laws of quantum physics. In this spirit, this paper provides deep insights into the duality of quantum and classical coding theory, hence aiming for bridging the gap between them. Explicitly, we survey the rich history of both classical as well as quantum codes. We then provide a comprehensive slow-paced tutorial for constructing stabilizer-based QECCs from arbitrary binary as well as quaternary codes, as exemplified by the dual-containing and non-dual-containing Calderbank-Shor-Steane (CSS) codes, non-CSS codes and entanglement-assisted codes. Finally, we apply our discussions to two popular code families, namely to the family of Bose-Chaudhuri-Hocquenghem as well as of convolutional codes and provide detailed design examples for both their classical as well as their quantum versions."
10.1103/physrevd.82.072004,2,False,1,O6,openalex,Measurement of CP observables in B±→DCPK± decays and constraints on the CKM angle γ,2010,P. del Amo Sanchez; J. P. Lees; V. Poireau; E. Prencipe; V. Tisserand; J. Garra Ticó,"Physical review. D. Particles, fields, gravitation, and cosmology/Physical review. D. Particles and fields",10.1103/physrevd.82.072004,,https://openalex.org/W2254404088,,,46,"Using the entire sample of $467\ifmmode\times\else\texttimes\fi{}{10}^{6}$ $\ensuremath{\Upsilon}(4S)\ensuremath{\rightarrow}B\overline{B}$ decays collected with the BABAR detector at the PEP-II asymmetric-energy $B$ factory at the SLAC National Accelerator Laboratory, we perform an analysis of ${B}^{\ifmmode\pm\else\textpm\fi{}}\ensuremath{\rightarrow}D{K}^{\ifmmode\pm\else\textpm\fi{}}$ decays, using decay modes in which the neutral $D$ meson decays to either $CP$-eigenstates or non-$CP$-eigenstates. We measure the partial decay rate charge asymmetries for $CP$-even and $CP$-odd $D$ final states to be ${A}_{CP+}=0.25\ifmmode\pm\else\textpm\fi{}0.06\ifmmode\pm\else\textpm\fi{}0.02$ and ${A}_{CP\ensuremath{-}}=\ensuremath{-}0.09\ifmmode\pm\else\textpm\fi{}0.07\ifmmode\pm\else\textpm\fi{}0.02$, respectively, where the first error is the statistical and the second is the systematic uncertainty. The parameter ${A}_{CP+}$ is different from zero with a significance of 3.6 standard deviations, constituting evidence for direct $CP$ violation. We also measure the ratios of the charged-averaged $B$ partial decay rates in $CP$ and non-$CP$ decays, ${R}_{CP+}=1.18\ifmmode\pm\else\textpm\fi{}0.09\ifmmode\pm\else\textpm\fi{}0.05$ and ${R}_{CP\ensuremath{-}}=1.07\ifmmode\pm\else\textpm\fi{}0.08\ifmmode\pm\else\textpm\fi{}0.04$. We infer frequentist confidence intervals for the angle $\ensuremath{\gamma}$ of the unitarity triangle, for the strong phase difference ${\ensuremath{\delta}}_{B}$, and for the amplitude ratio ${r}_{B}$, which are related to the ${B}^{\ensuremath{-}}\ensuremath{\rightarrow}D{K}^{\ensuremath{-}}$ decay amplitude by ${r}_{B}{e}^{i({\ensuremath{\delta}}_{B}\ensuremath{-}\ensuremath{\gamma})}=A({B}^{\ensuremath{-}}\ensuremath{\rightarrow}{\overline{D}}^{0}{K}^{\ensuremath{-}})/A({B}^{\ensuremath{-}}\ensuremath{\rightarrow}{D}^{0}{K}^{\ensuremath{-}})$. Including statistical and systematic uncertainties, we obtain $0.24<{r}_{B}<0.45$ ($0.06<{r}_{B}<0.51$) and,"
10.1109/18.737524,2,False,1,O6,openalex,A multistage representation of the Wiener filter based on orthogonal projections,1998,J.S. Goldstein; I.S. Reed; Louis L. Scharf,IEEE Transactions on Information Theory,10.1109/18.737524,,https://openalex.org/W2131634726,,,843,"The Wiener filter is analyzed for stationary complex Gaussian signals from an information theoretic point of view. A dual-port analysis of the Wiener filter leads to a decomposition based on orthogonal projections and results in a new multistage method for implementing the Wiener filter using a nested chain of scalar Wiener filters. This new representation of the Wiener filter provides the capability to perform an information-theoretic analysis of previous, basis-dependent, reduced-rank Wiener filters. This analysis demonstrates that the cross-spectral metric is optimal in the sense that it maximizes mutual information between the observed and desired processes. A new reduced-rank Wiener filter is developed based on this new structure which evolves a basis using successive projections of the desired signal onto orthogonal, lower dimensional subspaces. The performance is evaluated using a comparative computer analysis model and it is demonstrated that the low-complexity multistage reduced-rank Wiener filter is capable of outperforming the more complex eigendecomposition-based methods."
10.1016/j.jmva.2018.03.008,2,False,1,O6,openalex,Angle-based joint and individual variation explained,2018,Qing Feng; Meilei Jiang; Jan Hannig; J. S. Marron,Journal of Multivariate Analysis,10.1016/j.jmva.2018.03.008,,https://openalex.org/W2605944716,,,100,
10.1021/ct400219n,2,False,1,O6,openalex,Improved Angle Potentials for Coarse-Grained Molecular Dynamics Simulations,2013,Monica Bulacu; Nicolae Goga; Wei Zhao; Giulia Rossi; Luca Monticelli; Xavier Périole,Journal of Chemical Theory and Computation,10.1021/ct400219n,,https://openalex.org/W2024849029,,,94,"Potentials routinely used in atomistic molecular dynamics simulations are not always suitable for modeling systems at coarse-grained resolution. For example, in the calculation of traditional torsion angle potentials, numerical instability is often encountered in the case of very flexible molecules. To improve the stability and accuracy of coarse-grained molecular dynamics simulations, we propose two approaches. The first makes use of improved forms for the angle potentials: the restricted bending (ReB) potential prevents torsion angles from visiting unstable or unphysical configurations and the combined bending-torsion (CBT) potential smoothly flattens the interactions when such configurations are sampled. In the second approach, dummy-assisted dihedral (DAD), the torsion potential is applied differently: instead of acting directly on the beads, it acts on virtual beads, bound to the real ones. For simple geometrical reasons, the unstable region is excluded from the accessible conformational space. The benefits of the new approaches are demonstrated in simulations of polyethylene glycol (PEG), polystyrene (PS), and polypeptide molecules described by the MARTINI coarse-grained force field. The new potentials are implemented in an in-house version of the Gromacs package, publicly available."
10.3389/fnbot.2017.00041,2,False,1,O6,openalex,Postural Hand Synergies during Environmental Constraint Exploitation,2017,Cosimo Della Santina; Matteo Bianchi; Giuseppe Averta; Simone Ciotti; Visar Arapi; Simone Fani,Frontiers in Neurorobotics,10.3389/fnbot.2017.00041,,https://openalex.org/W2753884863,,,80,"Humans are able to intuitively exploit the shape of an object and environmental constraints to achieve stable grasps and perform dexterous manipulations. In doing that, a vast range of kinematic strategies can be observed. However, in this work we formulate the hypothesis that such ability can be described in terms of a synergistic behavior in the generation of hand postures, i.e., using a reduced set of commonly used kinematic patterns. This is in analogy with previous studies showing the presence of such behavior in different tasks, such as grasping. We investigated this hypothesis in experiments performed by six subjects, who were asked to grasp objects from a flat surface. We quantitatively characterized hand posture behavior from a kinematic perspective, i.e., the hand joint angles, in both pre-shaping and during the interaction with the environment. To determine the role of tactile feedback, we repeated the same experiments but with subjects wearing a rigid shell on the fingertips to reduce cutaneous afferent inputs. Results show the persistence of at least two postural synergies in all the considered experimental conditions and phases. Tactile impairment does not alter significantly the first two synergies, and contact with the environment generates a change only for higher order Principal Components. A good match also arises between the first synergy found in our analysis and the first synergy of grasping as quantified by previous work. The present study is motivated by the interest of learning from the human example, extracting lessons that can be applied in robot design and control. Thus, we conclude with a discussion on implications for robotics of our findings."
10.3847/0004-637x/833/1/3,2,False,1,O6,openalex,OBSERVATION AND CHARACTERIZATION OF A COSMIC MUON NEUTRINO FLUX FROM THE NORTHERN HEMISPHERE USING SIX YEARS OF ICECUBE DATA,2016,M. G. Aartsen; K. Abraham; M. Ackermann; J. Adams; J. A. Aguilar; M. Ahlers,The Astrophysical Journal,10.3847/0004-637x/833/1/3,,https://openalex.org/W2496932746,,,514,"ABSTRACT The IceCube Collaboration has previously discovered a high-energy astrophysical neutrino flux using neutrino events with interaction vertices contained within the instrumented volume of the IceCube detector. We present a complementary measurement using charged current muon neutrino events where the interaction vertex can be outside this volume. As a consequence of the large muon range the effective area is significantly larger but the field of view is restricted to the Northern Hemisphere. IceCube data from 2009 through 2015 have been analyzed using a likelihood approach based on the reconstructed muon energy and zenith angle. At the highest neutrino energies between and a significant astrophysical contribution is observed, excluding a purely atmospheric origin of these events at significance. The data are well described by an isotropic, unbroken power-law flux with a normalization at neutrino energy of and a hard spectral index of . The observed spectrum is harder in comparison to previous IceCube analyses with lower energy thresholds which may indicate a break in the astrophysical neutrino spectrum of unknown origin. The highest-energy event observed has a reconstructed muon energy of which implies a probability of less than for this event to be of atmospheric origin. Analyzing the arrival directions of all events with reconstructed muon energies above no correlation with known γ -ray sources was found. Using the high statistics of atmospheric neutrinos we report the current best constraints on a prompt atmospheric muon neutrino flux originating from charmed meson decays which is below 1.06 in units of the flux normalization of the model in Enberg et al."
10.5075/epfl-thesis-6958,1,False,2,O1;O2,openalex,Riemannian Optimization for Solving High-Dimensional Problems with Low-Rank Tensor Structure,2016,Michael Steinlechner,Infoscience (Ecole Polytechnique Fédérale de Lausanne),10.5075/epfl-thesis-6958,,https://openalex.org/W2336109516,,,9,"In this thesis, we present a Riemannian framework for the solution of high-dimensional optimization problems with an underlying low-rank tensor structure. Here, the high-dimensionality refers to the size of the search space, while the cost function is scalar-valued. Such problems arise, for example, in the reconstruction of high-dimensional data sets and in the solution of parameter dependent partial differential equations. As the degrees of freedom grow exponentially with the number of dimensions, the so-called curse of dimensionality, directly solving the optimization problem is computationally unfeasible even for moderately high-dimensional problems. We constrain the optimization problem by assuming a low-rank tensor structure of the solution; drastically reducing the degrees of freedom. We reformulate this constrained optimization as an optimization problem on a manifold using the smooth embedded Riemannian manifold structure of the low-rank representations of the Tucker and tensor train formats. Exploiting this smooth structure, we derive efficient gradient-based optimization algorithms. In particular, we propose Riemannian conjugate gradient schemes for the solution of the tensor completion problem, where we aim to reconstruct a high-dimensional data set for which the vast majority of entries is unknown. For the solution of linear systems, we show how we can precondition the Riemannian gradient and leverage second-order information in an approximate Newton scheme. Finally, we describe a preconditioned alternating optimization scheme with subspace correction for the solution of high-dimensional symmetric eigenvalue problems."
10.1140/epjd/e2020-100571-8,1,False,2,O1;O3,openalex,Simulating lattice gauge theories within quantum technologies,2020,Mari Carmen Bañuls; Rainer Blatt; Jacopo Catani; Alessio Celi; Juan Ignacio Cirac; Marcello Dalmonte,The European Physical Journal D,10.1140/epjd/e2020-100571-8,,https://openalex.org/W2989469896,,,495,"Abstract Lattice gauge theories, which originated from particle physics in the context of Quantum Chromodynamics (QCD), provide an important intellectual stimulus to further develop quantum information technologies. While one long-term goal is the reliable quantum simulation of currently intractable aspects of QCD itself, lattice gauge theories also play an important role in condensed matter physics and in quantum information science. In this way, lattice gauge theories provide both motivation and a framework for interdisciplinary research towards the development of special purpose digital and analog quantum simulators, and ultimately of scalable universal quantum computers. In this manuscript, recent results and new tools from a quantum science approach to study lattice gauge theories are reviewed. Two new complementary approaches are discussed: first, tensor network methods are presented – a classical simulation approach – applied to the study of lattice gauge theories together with some results on Abelian and non-Abelian lattice gauge theories. Then, recent proposals for the implementation of lattice gauge theory quantum simulators in different quantum hardware are reported, e.g., trapped ions, Rydberg atoms, and superconducting circuits. Finally, the first proof-of-principle trapped ions experimental quantum simulations of the Schwinger model are reviewed. Graphical abstract"
10.21468/scipostphyslectnotes.8,1,False,2,O1;O3,openalex,The Tensor Networks Anthology: Simulation techniques for many-body quantum lattice systems,2019,Pietro Silvi; Ferdinand Tschirsich; Matthias Gerster; Johannes Jünemann; Daniel Jaschke; Matteo Rizzi,SciPost Physics Lecture Notes,10.21468/scipostphyslectnotes.8,,https://openalex.org/W2763400602,,,140,"We present a compendium of numerical simulation techniques, based on tensor network methods, aiming to address problems of many-body quantum mechanics on a classical computer. The core setting of this anthology are lattice problems in low spatial dimension at finite size, a physical scenario where tensor network methods, both Density Matrix Renormalization Group and beyond, have long proven to be winning strategies. Here we explore in detail the numerical frameworks and methods employed to deal with low-dimensional physical setups, from a computational physics perspective. We focus on symmetries and closed-system simulations in arbitrary boundary conditions, while discussing the numerical data structures and linear algebra manipulation routines involved, which form the core libraries of any tensor network code. At a higher level, we put the spotlight on loop-free network geometries, discussing their advantages, and presenting in detail algorithms to simulate low-energy equilibrium states. Accompanied by discussions of data structures, numerical techniques and performance, this anthology serves as a programmer’s companion, as well as a self-contained introduction and review of the basic and selected advanced concepts in tensor networks, including examples of their applications."
10.1017/s0962492922000125,1,False,2,O1;O2,openalex,Low-rank tensor methods for partial differential equations,2023,Markus Bachmayr,Acta Numerica,10.1017/s0962492922000125,,https://openalex.org/W4376148906,,,40,"Low-rank tensor representations can provide highly compressed approximations of functions. These concepts, which essentially amount to generalizations of classical techniques of separation of variables, have proved to be particularly fruitful for functions of many variables. We focus here on problems where the target function is given only implicitly as the solution of a partial differential equation. A first natural question is under which conditions we should expect such solutions to be efficiently approximated in low-rank form. Due to the highly nonlinear nature of the resulting low-rank approximations, a crucial second question is at what expense such approximations can be computed in practice. This article surveys basic construction principles of numerical methods based on low-rank representations as well as the analysis of their convergence and computational complexity."
10.1109/access.2019.2909490,1,False,2,O2;O3,openalex,Quantum Machine Learning for 6G Communication Networks: State-of-the-Art and Vision for the Future,2019,Syed Junaid Nawaz; Shree Krishna Sharma; Shurjeel Wyne; Mohammad Patwary; Md Asaduzzaman,IEEE Access,10.1109/access.2019.2909490,,https://openalex.org/W2929612105,,,659,"The upcoming fifth generation (5G) of wireless networks is expected to lay a foundation of intelligent networks with the provision of some isolated artificial intelligence (AI) operations. However, fully intelligent network orchestration and management for providing innovative services will only be realized in Beyond 5G (B5G) networks. To this end, we envisage that the sixth generation (6G) of wireless networks will be driven by on-demand self-reconfiguration to ensure a many-fold increase in the network performance and service types. The increasingly stringent performance requirements of emerging networks may finally trigger the deployment of some interesting new technologies, such as large intelligent surfaces, electromagnetic-orbital angular momentum, visible light communications, and cell-free communications, to name a few. Our vision for 6G is a massively connected complex network capable of rapidly responding to the users' service calls through real-time learning of the network state as described by the network edge (e.g., base-station locations and cache contents), air interface (e.g., radio spectrum and propagation channel), and the user-side (e.g., battery-life and locations). The multi-state, multi-dimensional nature of the network state, requiring the real-time knowledge, can be viewed as a quantum uncertainty problem. In this regard, the emerging paradigms of machine learning (ML), quantum computing (QC), and quantum ML (QML) and their synergies with communication networks can be considered as core 6G enablers. Considering these potentials, starting with the 5G target services and enabling technologies, we provide a comprehensive review of the related state of the art in the domains of ML (including deep learning), QC, and QML and identify their potential benefits, issues, and use cases for their applications in the B5G networks. Subsequently, we propose a novel QC-assisted and QML-based framework for 6G communication networks while articulating its chal"
10.70675/f9ea95cdze8acz4d7ez8a75zb6c9cdfd35d3,1,False,1,O1,openalex,Adaptive tensor methods for high dimensional problems,2023,María Fuente Ruiz,,10.70675/f9ea95cdze8acz4d7ez8a75zb6c9cdfd35d3,,https://openalex.org/W4392264018,,,0,"Méthodes tensorielles adaptatives pour problèmes haute dimensionnelles Cette thèse vise à trouver des méthodes numériques pour approximer des fonctions multivariées. Elle couvre trois perspectives différentes: une méthode d'approximation de tenseur (Somme de Tensor Trains), une méthode d'approximation de tenseur locale basée sur le regroupement (HOSVD local), et une méthode basée sur l'apprentissage profond pour approximer une solution d'une EDP de convection diffusion. La première partie du travail propose une méthode pour approximer un tenseur en tant que somme de Tensor Trains, basée sur un algorithme gourmand et le TT-SVD. La seconde partie propose une méthode d'approximation de tenseur locale qui récupère une solution approximée au format HOSVD local, basée sur le regroupement et une recherche entre les combinaisons de partitions possibles pour minimiser la mémoire nécessaire pour stocker l'approximation. Les résultats montrent un bon taux de compression par rapport à HOSVD."
10.1111/geb.12637,1,False,1,O1,semanticscholar,Truncation of thermal tolerance niches among Australian plants,2018,A. Bush; Renee A. Catullo; K. Mokany; A. Thornhill; Joseph T. Miller; S. Ferrier,,10.1111/GEB.12637,,,,,46,
arxiv:2110.12564,1,False,1,O1,semanticscholar,A rank-adaptive higher-order orthogonal iteration algorithm for truncated Tucker decomposition,2021,Chuanfu Xiao; Chao Yang,arXiv.org,,2110.12564,,,,7,"We propose a novel rank-adaptive higher-order orthogonal iteration (HOOI) algorithm to compute the truncated Tucker decomposition of higher-order tensors with a given error tolerance, and prove that the method is locally optimal and monotonically convergent. A series of numerical experiments related to both synthetic and real-world tensors are carried out to show that the proposed rank-adaptive HOOI algorithm is advantageous in terms of both accuracy and efficiency. Some further analysis on the HOOI algorithm and the classical alternating least squares method are presented to further understand why rank adaptivity can be introduced into the HOOI algorithm and how it works."
10.1137/15m1036919,1,False,1,O1,openalex,Spectral Tensor-Train Decomposition,2016,Daniele Bigoni; Allan Peter Engsig‐Karup; Youssef Marzouk,SIAM Journal on Scientific Computing,10.1137/15m1036919,,https://openalex.org/W1858056047,,,123,"The accurate approximation of high-dimensional functions is an essential task in uncertainty quantification and many other fields. We propose a new function approximation scheme based on a spectral extension of the tensor-train (TT) decomposition. We first define a functional version of the TT decomposition and analyze its properties. We obtain results on the convergence of the decomposition, revealing links between the regularity of the function, the dimension of the input space, and the TT ranks. We also show that the regularity of the target function is preserved by the univariate functions (i.e., the “cores'') comprising the functional TT decomposition. This result motivates an approximation scheme employing polynomial approximations of the cores. For functions with appropriate regularity, the resulting spectral tensor-train decomposition combines the favorable dimension-scaling of the TT decomposition with the spectral convergence rate of polynomial approximations, yielding efficient and accurate surrogates for high-dimensional functions. To construct these decompositions, we use the sampling algorithm \tt TT-DMRG-cross to obtain the TT decomposition of tensors resulting from suitable discretizations of the target function. We assess the performance of the method on a range of numerical examples: a modified set of Genz functions with dimension up to 100, and functions with mixed Fourier modes or with local features. We observe significant improvements in performance over an anisotropic adaptive Smolyak approach. The method is also used to approximate the solution of an elliptic PDE with random input data. The open source software and examples presented in this work are available online (http://pypi.python.org/pypi/TensorToolbox/)."
10.1137/140953289,1,False,1,O1,openalex,Alternating Minimal Energy Methods for Linear Systems in Higher Dimensions,2014,Sergey Dolgov; Dmitry Savostyanov,SIAM Journal on Scientific Computing,10.1137/140953289,,https://openalex.org/W1996869553,,,263,"We propose algorithms for the solution of high-dimensional symmetrical positive definite (SPD) linear systems with the matrix and the right-hand side given and the solution sought in a low-rank format. Similarly to density matrix renormalization group (DMRG) algorithms, our methods optimize the components of the tensor product format subsequently. To improve the convergence, we expand the search space by an inexact gradient direction. We prove the geometrical convergence and estimate the convergence rate of the proposed methods utilizing the analysis of the steepest descent algorithm. The complexity of the presented algorithms is linear in the mode size and dimension, and the demonstrated convergence is comparable to or even better than the one of the DMRG algorithm. In the numerical experiment we show that the proposed methods are also efficient for non-SPD systems, for example, those arising from the chemical master equation describing the gene regulatory model at the mesoscopic scale."
10.1007/s11222-024-10480-y,1,False,1,O1,openalex,Taming numerical imprecision by adapting the KL divergence to negative probabilities,2024,Simon Pfahler; Peter Georg; Rudolf Schill; Maren Klever; Lars Grasedyck; Rainer Spang,Statistics and Computing,10.1007/s11222-024-10480-y,,https://openalex.org/W4401539748,,,3,"Abstract The Kullback–Leibler (KL) divergence is frequently used in data science. For discrete distributions on large state spaces, approximations of probability vectors may result in a few small negative entries, rendering the KL divergence undefined. We address this problem by introducing a parameterized family of substitute divergence measures, the shifted KL (sKL) divergence measures. Our approach is generic and does not increase the computational overhead. We show that the sKL divergence shares important theoretical properties with the KL divergence and discuss how its shift parameters should be chosen. If Gaussian noise is added to a probability vector, we prove that the average sKL divergence converges to the KL divergence for small enough noise. We also show that our method solves the problem of negative entries in an application from computational oncology, the optimization of Mutual Hazard Networks for cancer progression using tensor-train approximations."
10.48550/arxiv.2509.11890,1,False,1,O1,openalex,An Inexact Tensor-Train Primal-Dual Interior-Point Method for Semidefinite Programs,2025,Frederik Kelbel; Sergey Dolgov; Dante Kalise; Alessandra Russo,arXiv (Cornell University),10.48550/arxiv.2509.11890,,https://openalex.org/W4415089199,,,0,"In this work, we introduce an interior-point method that employs tensor decompositions to efficiently represent and manipulate the variables and constraints of semidefinite programs, targeting problems where the solutions may not be low-rank but admit low-tensor-train rank approximations. Our method leverages a primal-dual infeasible interior-point framework with global and local convergence estimates. In experiments on Maximum Cut, Maximum Stable Set, and Correlation Clustering, the tensor-train interior-point method handles problems up to size $2^{12}$ with certified primal-dual accuracy, reported gaps of approximate order $10^{-4}$, and remains the only primal-dual SDP solver reported at the largest dimensions across all three benchmarks. Moreover, numerical evidence indicates that tensor-train ranks of the iterates typically remain structured and moderate along the interior-point trajectory, with instance-dependent growth for harder high-rank cases, supporting the scalability of the approach. Tensor-train interior-point methods offer a promising avenue for problems that lack traditional sparsity or low-rank structure, exploiting tensor-train structures instead."
10.1049/itr2.12383,1,False,1,O1,openalex,Spatiotemporal traffic data imputation by synergizing low tensor ring rank and nonlocal subspace regularization,2023,Peng‐Ling Wu; Meng Ding; Yu‐Bang Zheng,IET Intelligent Transport Systems,10.1049/itr2.12383,,https://openalex.org/W4378983123,,,13,"Abstract Spatiotemporal traffic data usually suffers from missing entries in the data acquisition and transmission process. Existing imputation methods only consider the global/local structure of spatiotemporal traffic data, resulting in insufficient estimation performance. Fortunately, it is found that traffic data admits the nonlocal self‐similarity (NSS) prior. This paper incorporates the global and nonlocal low‐rank priors of traffic data and proposes a tensor completion model for spatiotemporal traffic data imputation. To be specific, the proposed method uses tensor ring (TR) decomposition with an enhanced representation capability to characterize the global low‐TR‐rank prior of traffic data, e.g. the correlation of sensor and time modes of the tensor (i.e. traffic data). An implicit plug‐and‐play (PnP)‐based regularization is further utilized to exploit the NSS prior, which depicts the nonlocal similar traffic data patterns. Furthermore, the proximal alternating minimization algorithm under the PnP framework is derived to solve this model. The experiment results on various datasets and missing scenarios show the superiority of the proposed model."
10.23919/jsee.2023.000159,1,False,1,O1,openalex,Low Rank Optimization for Efficient Deep Learning: Making a Balance Between Compact Architecture And Fast Training,2023,Xinwei Ou; Zhangxin Chen; Ce Zhu; Yipeng Liu,Journal of Systems Engineering and Electronics,10.23919/jsee.2023.000159,,https://openalex.org/W4389633696,,,11,"Deep neural networks (DNNs) have achieved great success in many data processing applications. However, high computational complexity and storage cost make deep learning difficult to be used on resource-constrained devices, and it is not environmental-friendly with much power cost. In this paper, we focus on low-rank optimization for efficient deep learning techniques. In the space domain, DNNs are compressed by low rank approximation of the network parameters, which directly reduces the storage requirement with a smaller number of network parameters. In the time domain, the network parameters can be trained in a few subspaces, which enables efficient training for fast convergence. The model compression in the spatial domain is summarized into three categories as pre-train, pre-set, and compression-aware methods, respectively. With a series of integrable techniques discussed, such as sparse pruning, quantization, and entropy coding, we can ensemble them in an integration framework with lower computational complexity and storage. In addition to summary of recent technical advances, we have two findings for motivating future works. One is that the effective rank, derived from the Shannon entropy of the normalized singular values, outperforms other conventional sparse measures such as the I norm for network compression. The other is a spatial and temporal balance for tensorized neural networks. For accelerating the training of tensorized neural networks, it is crucial to leverage redundancy for both model compression and subspace training."
10.1088/1361-6633/ab6311,1,False,1,O1,openalex,Review on novel methods for lattice gauge theories,2019,Mari Carmen Bañuls; Krzysztof Cichy,Reports on Progress in Physics,10.1088/1361-6633/ab6311,,https://openalex.org/W2995151820,,,186,"Formulating gauge theories on a lattice offers a genuinely non-perturbative way of studying quantum field theories, and has led to impressive achievements. In particular, it significantly deepened our understanding of quantum chromodynamics. Yet, some very relevant problems remain inherently challenging, such as real time evolution, or the presence of a chemical potential, cases in which Monte Carlo simulations are hindered by a sign problem. In the last few years, a number of possible alternatives have been put forward, based on quantum information ideas, which could potentially open the access to areas of research that have so far eluded more standard methods. They include tensor network calculations, quantum simulations with different physical platforms and quantum computations, and constitute nowadays a vibrant research area. Experts from different fields, including experimental and theoretical high energy physics, condensed matter, and quantum information, are turning their attention to these interdisciplinary possibilities, and driving the progress of the field. The aim of this article is to review the status and perspectives of these new avenues for the exploration of lattice gauge theories."
10.1016/j.paerosci.2019.100554,1,False,1,O1,openalex,Turbomachinery simulation challenges and the future,2019,James Tyacke; Nagabhushana Rao Vadlamani; Will Trojak; Rob Watson; Yunlong Ma; Paul G. Tucker,Progress in Aerospace Sciences,10.1016/j.paerosci.2019.100554,,https://openalex.org/W2969530007,,,103,"Dramatic changes to aircraft design are on the horizon to meet ambitious efficiency and emissions targets. This will bring about changes in the role and design of aero-engines, requiring a greater degree of high fidelity, coupled modelling. To bridge a wide range of spatial and temporal scales, modern turbomachinery design employs a wide range of modelling fidelities during different design stages and for different engine components. High fidelity methods such as Large Eddy Simulation (LES) have been successfully applied to numerous complex flows where traditional Reynolds-Averaged Navier-Stokes (RANS) modelling does not sufficiently represent flow physics to be consistently accurate. Using LES and, for high Reynolds number flows, hybrid LES-RANS, critical knowledge has been extracted and exploited both to inform designs and to improve lower order modelling. It seems certain that uptake of high fidelity methods will continue at a rapid pace. Here we explore some of the future challenges facing turbomachinery simulation using LES. These include use of higher order schemes, internal and external zonalisation and coupling, exploitation of hardware and pre and post-processing. Although these pose technological barriers, these will enable unexplored design space to be traversed with confidence, resulting in cleaner, quieter, and more efficient aircraft."
10.1007/s10208-013-9187-3,1,False,1,O1,openalex,Adaptive Near-Optimal Rank Tensor Approximation for High-Dimensional Operator Equations,2014,Markus Bachmayr; Wolfgang Dahmen,Foundations of Computational Mathematics,10.1007/s10208-013-9187-3,,https://openalex.org/W2112160616,,,33,
tensorbasedregressionmodelsandapplications,1,False,1,O1,openalex,Tensor-based regression models and applications,2017,M. Hou,Corpus Université Laval (Université Laval),,,https://openalex.org/W2802255703,,,5,"Avec l'avancement des technologies modernes, les tenseurs d'ordre élevé sont assez répandus et abondent dans un large éventail d'applications telles que la neuroscience informatique, la vision par ordinateur, le traitement du signal et ainsi de suite.La principale raison pour laquelle les méthodes de régression classiques ne parviennent pas à traiter de façon appropriée des tenseurs d'ordre élevé est due au fait que ces données contiennent des informations structurelles multi-voies qui ne peuvent pas être capturées directement par les modèles conventionnels de régression vectorielle ou matricielle.En outre, la très grande dimensionnalité de l'entrée tensorielle produit une énorme quantité de paramètres, ce qui rompt les garanties théoriques des approches de régression classique.De plus, les modèles classiques de régression se sont avérés limités en termes de difficulté d'interprétation, de sensibilité au bruit et d'absence d'unicité.Pour faire face à ces défis, nous étudions une nouvelle classe de modèles de régression, appelés modèles de régression tensor-variable, où les prédicteurs indépendants et (ou) les réponses dépendantes prennent la forme de représentations tensorielles d'ordre élevé.Nous les appliquons également dans de nombreuses applications du monde réel pour vérifier leur efficacité et leur efficacité."
10.1088/1361-6420/abd85a,1,False,1,O1,openalex,Bayesian inversion for electromyography using low-rank tensor formats,2021,Anna Rörich; Tim A. Werthmann; Dominik Göddeke; Lars Grasedyck,Inverse Problems,10.1088/1361-6420/abd85a,,https://openalex.org/W3083172993,,,3,"Abstract The reconstruction of the structure of biological tissue using electromyographic (EMG) data is a non-invasive imaging method with diverse medical applications. Mathematically, this process is an inverse problem. Furthermore, EMG data are highly sensitive to changes in the electrical conductivity that describes the structure of the tissue. Modeling the inevitable measurement error as a stochastic quantity leads to a Bayesian approach. Solving the discretized Bayesian inverse problem means drawing samples from the posterior distribution of parameters, e.g., the conductivity, given measurement data. Using, e.g., a Metropolis–Hastings algorithm for this purpose involves solving the forward problem for different parameter combinations which requires a high computational effort. Low-rank tensor formats can reduce this effort by providing a data-sparse representation of all occurring linear systems of equations simultaneously and allow for their efficient solution. The application of Bayes’ theorem proves the well-posedness of the Bayesian inverse problem. The derivation and proof of a low-rank representation of the forward problem allow for the precomputation of all solutions of this problem under certain assumptions, resulting in an efficient and theory-based sampling algorithm. Numerical experiments support the theoretical results, but also indicate that a high number of samples is needed to obtain reliable estimates for the parameters. The Metropolis–Hastings sampling algorithm, using the precomputed forward solution in a tensor format, draws this high number of samples and therefore enables solving problems which are infeasible using classical methods."
10.48550/arxiv.1412.3951,1,False,1,O1,openalex,Adaptive Low-Rank Methods for Problems on Sobolev Spaces with Error Control in $L_2$,2014,Markus Bachmayr; Wolfgang Dahmen,arXiv (Cornell University),10.48550/arxiv.1412.3951,,https://openalex.org/W2240521506,,,3,"Low-rank tensor methods for the approximate solution of second-order elliptic partial differential equations in high dimensions have recently attracted significant attention. A critical issue is to rigorously bound the error of such approximations, not with respect to a fixed finite dimensional discrete background problem, but with respect to the exact solution of the continuous problem. While the energy norm offers a natural error measure corresponding to the underlying operator considered as an isomorphism from the energy space onto its dual, this norm requires a careful treatment in its interplay with the tensor structure of the problem. In this paper we build on our previous work on energy norm-convergent subspace-based tensor schemes contriving, however, a modified formulation which now enforces convergence only in $L_2$. In order to still be able to exploit the mapping properties of elliptic operators, a crucial ingredient of our approach is the development and analysis of a suitable asymmetric preconditioning scheme. We provide estimates for the computational complexity of the resulting method in terms of the solution error and study the practical performance of the scheme in numerical experiments. In both regards, we find that controlling solution errors in this weaker norm leads to substantial simplifications and to a reduction of the actual numerical work required for a certain error tolerance."
10.1137/1.9781611974829.ch4,1,False,1,O1,openalex,Chapter 4: Low-Rank Methods for High-Dimensional Approximation and Model Order Reduction,2017,Anthony Nouy,Society for Industrial and Applied Mathematics eBooks,10.1137/1.9781611974829.ch4,,https://openalex.org/W2736093993,,,24,"Tensor methods are among the most prominent tools for the numerical solution of high-dimensional problems where functions of multiple variables have to be approximated. These methods exploit the tensor structure of function spaces and apply to many problems in computational science that are formulated in tensor spaces, such as problems arising in stochastic calculus, uncertainty quantification, or parametric analyses. Here, we present complexity reduction methods based on low-rank approximation methods. We analyze the problem of best approximation in subsets of low-rank tensors and discuss its connection with the problem of optimal model reduction in low-dimensional reduced spaces. We present different algorithms for computing approximations of a function in low-rank formats. In particular, we present constructive algorithms based either on a greedy construction of an approximation (with successive corrections in subsets of low-rank tensors) or on the greedy construction of tensor subspaces (for subspace-based low-rank formats). These algorithms can be applied for tensor compression, tensor completion, or numerical solution of equations in low-rank tensor formats. A special emphasis is given to the solution of stochastic or parameter-dependent models. Different approaches are presented to approximate vector-valued or multivariate functions (identified with tensors), based on samples of the functions (black-box approaches) or on the model equations that satisfied by the functions."
10.1137/20m1314653,1,False,1,O2,openalex,Rank Bounds for Approximating Gaussian Densities in the Tensor-Train Format,2022,Paul Rohrbach; Sergey Dolgov; Lars Grasedyck; Robert Scheichl,SIAM/ASA Journal on Uncertainty Quantification,10.1137/20m1314653,,https://openalex.org/W3002052860,,,21,"Abstract. Low-rank tensor approximations have shown great potential for uncertainty quantification in high dimensions, for example, to build surrogate models that can be used to speed up large-scale inference problems [M. Eigel, M. Marschall, and R. Schneider, Inverse Problems, 34 (2018), 035010; S. Dolgov et al., Stat. Comput., 30 (2020), pp. 603–625]. The feasibility and efficiency of such approaches depends critically on the rank that is necessary to represent or approximate the underlying distribution. In this paper, a priori rank bounds for approximations in the functional Tensor-Train representation for the case of Gaussian models are developed. It is shown that under suitable conditions on the precision matrix, the Gaussian density can be approximated to high accuracy without suffering from an exponential growth of complexity as the dimension increases. These results provide a rigorous justification of the suitability and the limitations of low-rank tensor methods in a simple but important model case. Numerical experiments confirm that the rank bounds capture the qualitative behavior of the rank structure when varying the parameters of the precision matrix and the accuracy of the approximation. Finally, the practical relevance of the theoretical results is demonstrated in the context of a Bayesian filtering problem."
10.14279/depositonce-8109,1,False,1,O2,openalex,"Low rank tensor decompositions for high dimensional data approximation, recovery and prediction",2019,Alexander Sebastian Johannes Wolf Wolf,DepositOnce,10.14279/depositonce-8109,,https://openalex.org/W2918307016,,,6,"In this thesis, we examine different approaches for efficient high dimensional data acquisition and reconstruction using low rank tensor decomposition techniques. High dimensional here refers to the order of the ambient tensor space in which the data is contained. Examples of such data include tomographic videos, solutions to parametric differential equations and quantum states of many particle systems. The major problem faced in any such high dimensional setting is the exponential scaling of the tensor space dimension with respect to the order, often referred to as the curse of dimensionality. A possible remedy are low rank tensor decomposition techniques, which allow for the storage and manipulation of a rich set of tensors in a data-sparse way, often avoiding the exponential scaling with respect to the order. Following the ideas of compressive sensing, we examine methods to exploit these very efficient representations to acquire high dimensional data from (incomplete) measurements. Our first approach uses randomized methods to construct a low rank representation using repeated random evaluations of the data. The second approach works non-intrusively and aims to reconstruct a complete low rank representation from different types of given incomplete measurements. The latter approach is known as the tensor recovery problem and contains as a special case the popular tensor completion problem. Finally, we employ tensor recovery techniques in a statistical learning setting to obtain low rank approximations of the complete solutions of parametric differential equations. This parametric representation in particular allows to predict the solution for any parameter combinations, even if those were not measured."
10.48550/arxiv.2301.13339,1,False,1,O2,openalex,Denoising Convolution Algorithms and Applications to SAR Signal Processing,2023,Alina Chertock; Chris Leonard; Semyon Tsynkov; Sergey Utyuzhnikov,arXiv (Cornell University),10.48550/arxiv.2301.13339,,https://openalex.org/W4318903119,,,1,"Convolutions are one of the most important operations in signal processing. They often involve large arrays and require significant computing time. Moreover, in practice, the signal data to be processed by convolution may be corrupted by noise. In this paper, we introduce a new method for computing the convolutions in the quantized tensor train (QTT) format and removing noise from data using the QTT decomposition. We demonstrate the performance of our method using a common mathematical model for synthetic aperture radar (SAR) processing that involves a sinc kernel and present the entire cost of decomposing the original data array, computing the convolutions, and then reformatting the data back into full arrays."
tensorbasedreducedordermodelingforoptimizationbasedinverseproblems,1,False,1,O2,openalex,Tensor-Based Reduced-Order Modeling for Optimization-Based Inverse Problems,2026,Sahidul Islam; Andreas Mang; Maxim Olshanskii,arXiv (Cornell University),,,https://openalex.org/W7169473493,,,0,"We develop a tensor reduced-order modeling (TROM) framework for optimization-based inverse problems governed by parameter-dependent dynamical systems. The approach approximates the parameter-to-observation map directly in tensor-train (TT) format using TT-SVD or TT-Cross and integrates it into a regularized nonlinear least-squares formulation. Beyond accelerating forward evaluations, the low-rank tensor structure reformulates the inverse problem in reduced coordinates, assembles Gauss--Newton quantities without forming the full observation-space Jacobian, and minimizes the TROM objective over the discrete parameter grid. This tensor optimization provides either a stand-alone approximate solution or a data-informed initialization for a subsequent Gauss--Newton solve. We study an inverse heat-transfer problem in a heterogeneous medium, where the parameters describe the locations and radii of low-conductivity inclusions, and a FitzHugh--Nagumo parameter-estimation problem with a highly nonconvex landscape. Numerical experiments assess reduced-order model error, measurement noise, regularization, initialization, spatial discretization, and increasing parameter dimension. The results show that TROM reproduces full-order inversion at substantially reduced online cost. They also demonstrate that reduced-coordinate inversion, tensor-based optimization, and appropriate regularization improve robustness in higher-dimensional, noisy, and strongly nonconvex regimes. For the continuous TROM inverse problem, we develop an error-to-inversion analysis. Under local strong convexity of the regularized FOM objective and parametric smoothness of the FOM observation map, the error between the parameters recovered with the full-order model and TROM is bounded by controlled uniform errors in the surrogate map and its Jacobian, together with local FOM and curvature quantities."
10.48550/arxiv.2001.08187,1,False,1,O2,openalex,Rank Bounds for Approximating Gaussian Densities in the Tensor-Train Format,2020,Paul Rohrbach; Sergey Dolgov; Lars Grasedyck; Robert Scheichl,arXiv (Cornell University),10.48550/arxiv.2001.08187,,https://openalex.org/W4287902049,,,1,"Low-rank tensor approximations have shown great potential for uncertainty quantification in high dimensions, for example, to build surrogate models that can be used to speed up large-scale inference problems (Eigel et al., Inverse Problems 34, 2018; Dolgov et al., Statistics & Computing 30, 2020). The feasibility and efficiency of such approaches depends critically on the rank that is necessary to represent or approximate the underlying distribution. In this paper, a-priori rank bounds for approximations in the functional tensor-train representation for the case of Gaussian models are developed. It is shown that under suitable conditions on the precision matrix, the Gaussian density can be approximated to high accuracy without suffering from an exponential growth of complexity as the dimension increases. These results provide a rigorous justification of the suitability and the limitations of low-rank tensor methods in a simple but important model case. Numerical experiments confirm that the rank bounds capture the qualitative behavior of the rank structure when varying the parameters of the precision matrix and the accuracy of the approximation. Finally, the practical relevance of the theoretical results is demonstrated in the context of a Bayesian filtering problem."
10.1109/hpec43674.2020.9286234,1,False,1,O2,openalex,Distributed Non-Negative Tensor Train Decomposition,2020,Manish Bhattarai; Gopinath Chennupati; Erik Skau; Raviteja Vangara; Hristo Djidjev; Boian S. Alexandrov,,10.1109/hpec43674.2020.9286234,,https://openalex.org/W3047288226,,,2,"The era of exascale computing opens new venues for innovations and discoveries in many scientific, engineering, and commercial fields. However, with the exaflops also come the extra-large high-dimensional data generated by highperformance computing. High-dimensional data is presented as multidimensional arrays, aka tensors. The presence of latent (not directly observable) structures in the tensor allows a unique representation and compression of the data by classical tensor factorization techniques. However, the classical tensor methods are not always stable or they can be exponential in their memory requirements, which makes them not suitable for high-dimensional tensors. Tensor train (TT) is a state-of-the-art tensor network introduced for factorization of high-dimensional tensors. TT transforms the initial high-dimensional tensor in a network of three-dimensional tensors that requires only a linear storage. Many real-world data, such as, density, temperature, population, probability, etc., are non-negative and for an easy interpretation, the algorithms preserving non-negativity are preferred. Here, we introduce a distributed non-negative tensor-train and demonstrate its scalability and the compression on synthetic and realworld big datasets."
10.1038/s41598-025-16905-6,1,False,1,O2,openalex,"A fast, accurate and oscillation-free spectral collocation solver for high-dimensional transport problems",2026,Nicola Cavallini; Gianmarco Manzini; Daniele Funaro; A. Favalli,Scientific Reports,10.1038/s41598-025-16905-6,,https://openalex.org/W7118952011,,,1,"Transport phenomena-describing the movement of particles, energy, or other physical quantities-are fundamental in various scientific disciplines, including nuclear physics, plasma physics, astrophysics, engineering, and the natural sciences. However, solving the associated seven-dimensional transport equations poses a significant computational challenge due to the curse of dimensionality. We introduce the Tensor Train Superconsistent Spectral ([Formula: see text]) solver to address this challenge, integrating Spectral Collocation for exponential convergence, Superconsistency for stabilization in transport-dominated regimes, and Tensor Train format for substantial data compression. [Formula: see text] enforces a dimension-wise superconsistent condition compatible with tensor structures, achieving extremely low compression ratios, such as [Formula: see text], while preserving spectral accuracy. Numerical experiments on linear problems demonstrate that [Formula: see text] can solve high-dimensional transport problems in minutes on standard hardware, making previously intractable problems computationally feasible. This advancement opens new avenues for efficiently and accurately modeling complex transport phenomena."
10.48550/arxiv.2201.07473,1,False,1,O2,openalex,Tensor Ranks for the Pedestrian for Dimension Reduction and Disentangling Interactions,2022,Alain Franc,arXiv (Cornell University),10.48550/arxiv.2201.07473,,https://openalex.org/W4226444568,,,1,"A tensor is a multi-way array that can represent, in addition to a data set, the expression of a joint law or a multivariate function. As such it contains the description of the interactions between the variables corresponding to each of the entries. The rank of a tensor extends to arrays with more than two entries the notion of rank of a matrix, bearing in mind that there are several approaches to build such an extension. When the rank is one, the variables are separated, and when it is low, the variables are weakly coupled. Many calculations are simpler on tensors of low rank. Furthermore, approximating a given tensor by a low-rank tensor makes it possible to compute some characteristics of a table, such as the partition function when it is a joint law. In this note, we present in detail an integrated and progressive approach to approximate a given tensor by a tensor of lower rank, through a systematic use of tensor algebra. The notion of tensor is rigorously defined, then elementary but useful operations on tensors are presented. After recalling several different notions for extending the rank to tensors, we show how these elementary operations can be combined to build best low rank approximation algorithms. The last chapter is devoted to applying this approach to tensors constructed as the discretisation of a multivariate function, to show that on a Cartesian grid, the rank of such tensors is expected to be low."
10.3934/cac.2023008,1,False,1,O2,openalex,Denoising convolution algorithms and applications to SAR signal processing,2023,Alina Chertock; Chris Leonard; Semyon Tsynkov; Sergey Utyuzhnikov,Communications on Analysis and Computation,10.3934/cac.2023008,,https://openalex.org/W4365802576,,,0,"Convolutions are one of the most important operations in signal processing. They often involve large arrays and require significant computing time. Moreover, in practice, the signal data to be processed by convolution may be corrupted by noise. In this paper, we introduce a new method for computing the convolutions in the quantized tensor train (QTT) format and removing noise from data using the QTT decomposition. We demonstrate the performance of our method using a common mathematical model for synthetic aperture radar (SAR) processing that involves a sinc kernel and present the entire cost of decomposing the original data array, computing the convolutions, and then reformatting the data back into full arrays."
10.48550/arxiv.2409.09471,1,False,1,O2,openalex,Randomized sketched TT-GMRES for linear systems with tensor structure,2024,Alberto Bucci; Davide Palitta; Leonardo Robol,arXiv (Cornell University),10.48550/arxiv.2409.09471,,https://openalex.org/W4403667412,,,0,"In the last decade, tensors have shown their potential as valuable tools for various tasks in numerical linear algebra. While most of the research has been focusing on how to compress a given tensor in order to maintain information as well as reducing the storage demand for its allocation, the solution of linear tensor equations is a less explored venue. Even if many of the routines available in the literature are based on alternating minimization schemes (ALS), we pursue a different path and utilize Krylov methods instead. The use of Krylov methods in the tensor realm is not new. However, these routines often turn out to be rather expensive in terms of computational cost and ALS procedures are preferred in practice. We enhance Krylov methods for linear tensor equations with a panel of diverse randomization-based strategies which remarkably increase the efficiency of these solvers making them competitive with state-of-the-art ALS schemes. The up-to-date randomized approaches we employ range from sketched Krylov methods with incomplete orthogonalization and structured sketching transformations to streaming algorithms for tensor rounding. The promising performance of our new solver for linear tensor equations is demonstrated by many numerical results."
10.1016/j.laa.2026.08.022,1,False,1,O2,openalex,Approximation and composition of functions in quantized tensor trains via orthogonal polynomial expansions,2026,Juan José Rodríguez-Aldavero; Paula García-Molina; Luca Tagliacozzo; Juan José García-Ripoll,Linear Algebra and its Applications,10.1016/j.laa.2026.08.022,,https://openalex.org/W7203743279,,,0,"This work explores the representation of univariate and multivariate functions as quantized tensor trains (QTT). It develops a constructive algorithm that employs expansions in orthogonal polynomial bases and Clenshaw evaluations to represent analytic and highly differentiable functions as QTT approximants. This approach provides a general framework for function composition in QTT form that generalizes efficiently to multidimensional settings. Without loss of generality, the presentation focuses on the Chebyshev basis, where the method demonstrates rapid convergence for highly differentiable functions, in agreement with classical theoretical predictions, and remains numerically stable at high polynomial orders. The performance of the algorithm is compared with that of tensor cross-interpolation (TCI) and multiscale interpolative constructions, demonstrating competitive performance and favorable scaling behavior in certain scenarios."
10.32657/10356/152350,1,False,1,O2,openalex,Tensor computing for big data analytic,2020,Jenn Bing Ong,,10.32657/10356/152350,,https://openalex.org/W3193090828,,,0,"for the insightful comments, questions, and suggestions, which make the PhD thesis examination and oral defence challenging but very"
10.48550/arxiv.2506.04732,1,False,1,O2,openalex,"A Fast, Accurate and Oscillation-free Spectral Collocation Solver for High-dimensional Transport Problems",2025,Nicola Cavallini; Gianmarco Manzini; Daniele Funaro; Andrea Favalli,arXiv (Cornell University),10.48550/arxiv.2506.04732,,https://openalex.org/W4416132749,,,0,"Transport phenomena-describing the movement of particles, energy, or other physical quantities-are fundamental in various scientific disciplines, including nuclear physics, plasma physics, astrophysics, engineering, and the natural sciences. However, solving the associated seven-dimensional transport equations poses a significant computational challenge due to the curse of dimensionality. We introduce the Tensor Train Superconsistent Spectral (T${^2}$S${^2}$) solver to address this challenge, integrating Spectral Collocation for exponential convergence, Superconsistency for stabilization in transport-dominated regimes, and Tensor Train format for substantial data compression. T${^2}$S${^2}$ enforces a dimension-wise superconsistent condition compatible with tensor structures, achieving extremely low compression ratios, in the order of $(10^{-12})$, while preserving spectral accuracy. Numerical experiments on linear problems demonstrate that T${^2}$S${^2}$ can solve high-dimensional transport problems in minutes on standard hardware, making previously intractable problems computationally feasible. This advancement opens new avenues for efficiently and accurately modeling complex transport phenomena."
10.48550/arxiv.2608.07526,1,False,1,O2,openalex,A Mean-Informed Low-Rank Monolithic Stochastic Galerkin Solver for the Unsteady Navier-Stokes Equations,2026,Ahmet Kaan Aydın; Bedřich Sousedík,arXiv (Cornell University),10.48550/arxiv.2608.07526,,https://openalex.org/W7202201979,,,0,"We study a low-rank solver for the stochastic unsteady incompressible Navier--Stokes equations with uncertain viscosity. The problem is discretized by a stochastic Galerkin method and written in an all-at-once (monolithic) form where the time steps are informed by a sequential solve of the mean problem. The solution vector is represented in Tensor Train (TT) format, while the system matrices are represented in CANDECOMP/PARAFAC (CP) format as needed. We propose preconditioners based on the low-rank CP approximations that retain additional stochastic and nonlinear information compared to mean-based preconditioners. Numerical experiments for a benchmark channel-flow problem are presented to show the effectiveness of the low-rank approximation, the relative tolerance strategy, and the proposed preconditioners."
10.1145/2532169,1,False,1,O2,openalex,Multiresolution Tensor Decompositions with Mode Hierarchies,2014,Claudio Schifanella; K. Selçuk Candan; Maria Luisa Sapino,ACM Transactions on Knowledge Discovery from Data,10.1145/2532169,,https://openalex.org/W2050703183,,,15,"Tensors (multidimensional arrays) are widely used for representing high-order dimensional data, in applications ranging from social networks, sensor data, and Internet traffic. Multiway data analysis techniques, in particular tensor decompositions, allow extraction of hidden correlations among multiway data and thus are key components of many data analysis frameworks. Intuitively, these algorithms can be thought of as multiway clustering schemes, which consider multiple facets of the data in identifying clusters, their weights, and contributions of each data element. Unfortunately, algorithms for fitting multiway models are, in general, iterative and very time consuming. In this article, we observe that, in many applications, there is a priori background knowledge (or metadata) about one or more domain dimensions. This metadata is often in the form of a hierarchy that clusters the elements of a given data facet (or mode). We investigate whether such single-mode data hierarchies can be used to boost the efficiency of tensor decomposition process, without significant impact on the final decomposition quality. We consider each domain hierarchy as a guide to help provide higher- or lower-resolution views of the data in the tensor on demand and we rely on these metadata-induced multiresolution tensor representations to develop a multiresolution approach to tensor decomposition. In this article, we focus on an alternating least squares (ALS)--based implementation of the two most important decomposition models such as the PARAllel FACtors (PARAFAC, which decomposes a tensor into a diagonal tensor and a set of factor matrices) and the Tucker (which produces as result a core tensor and a set of dimension-subspaces matrices). Experiment results show that, when the available metadata is used as a rough guide, the proposed multiresolution method helps fit both PARAFAC and Tucker models with consistent (under different parameters settings) savings in execution time and memory co"
continuouslowranktensordecompositionswithapplicationstostochasticoptimalcontrolanddataassimilation,1,False,1,O2,openalex,"Continuous low-rank tensor decompositions, with applications to stochastic optimal control and data assimilation",2017,Alex Gorodetsky,DSpace@MIT (Massachusetts Institute of Technology),,,https://openalex.org/W2624229329,,,8,"Thesis: Ph. D., Massachusetts Institute of Technology, Department of Aeronautics and Astronautics, 2017."
10.3390/math13132116,1,False,1,O2,openalex,"Mathematical Frameworks for Network Dynamics: A Six-Pillar Survey for Analysis, Control, and Inference",2025,Dimitri Volchenkov,Mathematics,10.3390/math13132116,,https://openalex.org/W4411825155,,,9,"The study of dynamical processes on complex networks constitutes a foundational domain bridging applied mathematics, statistical physics, systems theory, and data science. Temporal evolution, not static topology, determines the controllability, stability, and inference limits of real-world systems, from epidemics and neural circuits to power grids and social media. However, the methodological landscape remains fragmented, with distinct communities advancing separate formalisms for spreading, control, inference, and design. This review presents a unifying six-pillar framework for the analysis of network dynamics: (i) spectral and structural foundations; (ii) deterministic mean-field reductions; (iii) control and observability theory; (iv) adaptive and temporal networks; (v) probabilistic inference and belief propagation; (vi) multilayer and interdependent systems. Within each pillar, we delineate conceptual motivations, canonical models, analytical methodologies, and open challenges. Our corpus, selected via a PRISMA-guided screening of 134 mathematically substantive works (1997–2024), is organized to emphasize internal logic and cross-pillar connectivity. By mapping the field onto a coherent methodological spine, this survey aims to equip theorists and practitioners with a transferable toolkit for interpreting, designing, and controlling dynamic behavior on networks."
10.1016/j.neunet.2024.106393,1,False,1,O2,openalex,Efficient tensor decomposition-based filter pruning,2024,Van Tien Pham; Yassine Zniyed; Thanh Phương Nguyễn,Neural Networks,10.1016/j.neunet.2024.106393,,https://openalex.org/W4397046516,,,35,
10.1016/j.sigpro.2025.110191,1,False,1,O2,openalex,"Tensor decompositions for signal processing: Theory, advances, and applications",2025,Neriman Tokcan; Shakir Showkat Sofi; Van Tien Pham; Clémence Prévost; Sofiane Kharbech; Baptiste Magnier,Signal Processing,10.1016/j.sigpro.2025.110191,,https://openalex.org/W4412495604,,,12,
10.1145/3695053.3731408,1,False,1,O2,openalex,Neo: Towards Efficient Fully Homomorphic Encryption Acceleration using Tensor Core,2025,Dian Jiao; Xianglong Deng; Zhiwei Wang; Shengyu Fan; Yi Chen; Dan Meng,,10.1145/3695053.3731408,,https://openalex.org/W4411485940,,,17,"Fully Homomorphic Encryption (FHE) is an emerging cryptographic technique for privacy-preserving computation, which enables computations on the encrypted data.Nonetheless, the massive computational demands of FHE prevent its further application to real-world workloads.To tackle this problem, several studies focus on the ASIC-based acceleration for FHE.However, the rapid evolution of FHE algorithms poses challenges to the generality of ASIC accelerator design.By contrast, a number of works rely on GPGPUs for FHE accelerations, due to the high parallelism and flexibility provided by GPGPUs.In this work, we propose a GPGPU-based acceleration solution that supports the Cheon-Kim-Kim-Song (CKKS) scheme by further exploiting Tensor Core(TCU) capabilities.In our study, we * Both author contributed equally to this research."
10.1109/tnnls.2025.3609797,1,False,1,O2,openalex,Coupled Tensor Decomposition for Compact Network Representation,2025,Van Tien Pham; Yassine Zniyed; Thanh Phương Nguyễn,IEEE Transactions on Neural Networks and Learning Systems,10.1109/tnnls.2025.3609797,,https://openalex.org/W4414404678,,,7,"In this article, we introduce an approach called coupled filters decomposition, which builds on the key observation that redundancy exists among filters in a convolutional layer, meaning that similar filters can produce partially overlapping outputs. Leveraging this insight, we propose a joint decomposition of filters using coupled tensor decompositions, specifically coupled canonical polyadic decomposition (CPD), which enables the sharing of a common factor matrix across similar filters. This joint factorization not only reduces the number of parameters but also lowers computational complexity by eliminating redundant computations. To further improve efficiency, we first cluster the filters before decomposition. The grouping relies on a custom metric based on the subspace spanned by the shared-mode factor. Within each group, the coupling constraint is less restrictive. Extensive experiments across various architectures, datasets, and tasks validate the effectiveness of our method, demonstrating its competitive performance compared to state-of-the-art model compression techniques. Our code is available for research purposes at https://codec-ai.github.io/."
10.1145/3278607,1,False,1,O2,openalex,Tensor Completion Algorithms in Big Data Analytics,2019,Qingquan Song; Hancheng Ge; James Caverlee; Xia Hu,ACM Transactions on Knowledge Discovery from Data,10.1145/3278607,,https://openalex.org/W2963472624,,,223,"Tensor completion is a problem of filling the missing or unobserved entries of partially observed tensors. Due to the multidimensional character of tensors in describing complex datasets, tensor completion algorithms and their applications have received wide attention and achievement in areas like data mining, computer vision, signal processing, and neuroscience. In this survey, we provide a modern overview of recent advances in tensor completion algorithms from the perspective of big data analytics characterized by diverse variety, large volume, and high velocity. We characterize these advances from the following four perspectives: general tensor completion algorithms, tensor completion with auxiliary information (variety), scalable tensor completion algorithms (volume), and dynamic tensor completion algorithms (velocity). Further, we identify several tensor completion applications on real-world data-driven problems and present some common experimental frameworks popularized in the literature along with several available software repositories. Our goal is to summarize these popular methods and introduce them to researchers and practitioners for promoting future research and applications. We conclude with a discussion of key challenges and promising research directions in this community for future exploration."
10.1109/access.2019.2949814,1,False,1,O2,openalex,A Survey on Tensor Techniques and Applications in Machine Learning,2019,Yuwang Ji; Qiang Wang; Xuan Li; Jie Liu,IEEE Access,10.1109/access.2019.2949814,,https://openalex.org/W2982471955,,,113,"This survey gives a comprehensive overview of tensor techniques and applications in machine learning. Tensor represents higher order statistics. Nowadays, many applications based on machine learning algorithms require a large amount of structured high-dimensional input data. As the set of data increases, the complexity of these algorithms increases exponentially with the increase of vector size. Some scientists found that using tensors instead of the original input vectors can effectively solve these high-dimensional problems. This survey introduces the basic knowledge of tensor, including tensor operations, tensor decomposition, some tensor-based algorithms, and some applications of tensor in machine learning and deep learning for those who are interested in learning tensors. The tensor decomposition is highlighted because it can effectively extract structural features of data and many algorithms and applications are based on tensor decomposition. The organizational framework of this paper is as follows. In part one, we introduce some tensor basic operations, including tensor decomposition. In part two, applications of tensor in machine learning and deep learning, including regression, supervised classification, data preprocessing, and unsupervised classification based on low rank tensor approximation algorithms are introduced detailly. Finally, we briefly discuss urgent challenges, opportunities and prospects for tensor."
10.1038/s41598-024-75964-3,1,False,1,O2,openalex,CystNet: An AI driven model for PCOS detection using multilevel thresholding of ultrasound images,2024,Poonam Moral; Debjani Mustafi; Abhijit Mustafi; Sudip Kumar Sahana,Scientific Reports,10.1038/s41598-024-75964-3,,https://openalex.org/W4403691923,,,46,"Polycystic Ovary Syndrome (PCOS) is a widespread endocrinological dysfunction impacting women of reproductive age, categorized by excess androgens and a variety of associated syndromes, consisting of acne, alopecia, and hirsutism. It involves the presence of multiple immature follicles in the ovaries, which can disrupt normal ovulation and lead to hormonal imbalances and associated health complications. Routine diagnostic methods rely on manual interpretation of ultrasound (US) images and clinical assessments, which are time-consuming and prone to errors. Therefore, implementing an automated system is essential for streamlining the diagnostic process and enhancing accuracy. By automatically analyzing follicle characteristics and other relevant features, this research aims to facilitate timely intervention and reduce the burden on healthcare professionals. The present study proposes an advanced automated system for detecting and classifying PCOS from ultrasound images. Leveraging Artificial Intelligence (AI) based techniques, the system examines affected and unaffected cases to enhance diagnostic accuracy. The pre-processing of input images incorporates techniques such as image resizing, normalization, augmentation, Watershed technique, multilevel thresholding, etc. approaches for precise image segmentation. Feature extraction is facilitated by the proposed CystNet technique, followed by PCOS classification utilizing both fully connected layers with 5-fold cross-validation and traditional machine learning classifiers. The performance of the model is rigorously evaluated using a comprehensive range of metrics, incorporating AUC score, accuracy, specificity, precision, F1-score, recall, and loss, along with a detailed confusion matrix analysis. The model demonstrated a commendable accuracy of [Formula: see text] when utilizing a fully connected classification layer, as determined by a thorough 5-fold cross-validation process. Additionally, it has achieved an accuracy o"
10.3390/rs11111382,1,False,1,O2,openalex,End-to-End Change Detection for High Resolution Satellite Images Using Improved UNet++,2019,Daifeng Peng; Yongjun Zhang; Haiyan Guan,Remote Sensing,10.3390/rs11111382,,https://openalex.org/W2951991161,,,805,"Change detection (CD) is essential to the accurate understanding of land surface changes using available Earth observation data. Due to the great advantages in deep feature representation and nonlinear problem modeling, deep learning is becoming increasingly popular to solve CD tasks in remote-sensing community. However, most existing deep learning-based CD methods are implemented by either generating difference images using deep features or learning change relations between pixel patches, which leads to error accumulation problems since many intermediate processing steps are needed to obtain final change maps. To address the above-mentioned issues, a novel end-to-end CD method is proposed based on an effective encoder-decoder architecture for semantic segmentation named UNet++, where change maps could be learned from scratch using available annotated datasets. Firstly, co-registered image pairs are concatenated as an input for the improved UNet++ network, where both global and fine-grained information can be utilized to generate feature maps with high spatial accuracy. Then, the fusion strategy of multiple side outputs is adopted to combine change maps from different semantic levels, thereby generating a final change map with high accuracy. The effectiveness and reliability of our proposed CD method are verified on very-high-resolution (VHR) satellite image datasets. Extensive experimental results have shown that our proposed approach outperforms the other state-of-the-art CD methods."
10.1145/3487045,1,False,1,O2,openalex,Compression of Deep Learning Models for Text: A Survey,2022,Manish Gupta; Puneet Agrawal,ACM Transactions on Knowledge Discovery from Data,10.1145/3487045,,https://openalex.org/W3048823912,,,12,"In recent years, the fields of natural language processing (NLP) and information retrieval (IR) have made tremendous progress thanks to deep learning models like Recurrent Neural Networks (RNNs), Gated Recurrent Units (GRUs) and Long Short-Term Memory (LSTMs) networks, and Transformer [ 121 ] based models like Bidirectional Encoder Representations from Transformers (BERT) [ 24 ], Generative Pre-training Transformer (GPT-2) [ 95 ], Multi-task Deep Neural Network (MT-DNN) [ 74 ], Extra-Long Network (XLNet) [ 135 ], Text-to-text transfer transformer (T5) [ 96 ], T-NLG [ 99 ], and GShard [ 64 ]. But these models are humongous in size. On the other hand, real-world applications demand small model size, low response times, and low computational power wattage. In this survey, we discuss six different types of methods (Pruning, Quantization, Knowledge Distillation (KD), Parameter Sharing, Tensor Decomposition, and Sub-quadratic Transformer-based methods) for compression of such models to enable their deployment in real industry NLP projects. Given the critical need of building applications with efficient and small models, and the large amount of recently published work in this area, we believe that this survey organizes the plethora of work done by the “deep learning for NLP” community in the past few years and presents it as a coherent story."
10.52339/tjet.v42i2.853,1,False,1,O2,openalex,"Deep Learning Model Compression Techniques: Advances, Opportunities, and Perspective",2023,Hubert Msuya; Baraka Maiseli,Tanzania Journal of Engineering and Technology,10.52339/tjet.v42i2.853,,https://openalex.org/W4383068555,,,8,"Recently, deep learning (DL) models have excelled in a wide range of fields. All of these successes are built on intricate DL models. The hundreds of millions or even billions of parameters and high-performance computing graphical processing units or tensor processing units are largely responsible for their achievement. DL model integration into real-time devices with tight latency limitations, limited memory, and power-constrained requirements is the key driving force behind investigation of DL model compression techniques. Also, there is an increase in data availability that encourages multimodal fusion in DL models to boost the models' predictive accuracy. In order to create compact DL models for deployment that is memory- and computationally efficient, the data included in the network parameters is compressed as much as possible, leaving only the bits necessary to carry out the task. A better trade-off between compression rate and accuracy loss should be established to take model acceleration and compression into consideration without severely reducing the model's performance. In this paper, we examine various DL model compression techniques used for both single- modality and multi-modal deep learning tasks. We explore over numerous DL model compression methods that have advanced in a number of applications. We then come up with the benefits and drawbacks of various compression and acceleration methods such as ineffectiveness in compressing more complicated networks with dimensionality-dependent complex structures, and, ultimately, the field's future prospects are given."
10.1016/j.physrep.2006.09.003,1,False,1,O3,openalex,Dynamics of Loschmidt echoes and fidelity decay,2006,T. Gorin; Tomaž Prosen; T. H. Seligman; Marko Žnidarič,Physics Reports,10.1016/j.physrep.2006.09.003,,https://openalex.org/W2032873922,,,631,
10.1111/pala.12042,1,False,1,O3,openalex,Time‐averaging and fidelity of modern death assemblages: building a taphonomic foundation for conservation palaeobiology,2013,Susan M. Kidwell,Palaeontology,10.1111/pala.12042,,https://openalex.org/W2072707954,,,256,"Abstract Ecosystems today are under growing pressure, with human domination at many scales. It is difficult, however, to gauge what has changed or been lost – and why – in the absence of data from periods before human activities. Actualistic taphonomic studies, originally motivated to understand preservational controls on deep‐time fossil records, are now providing insights into modern death assemblages as historical archives of present‐day ecosystems, turning taphonomy on its head. This article reviews the past 20 years of work on the temporal resolution and ability of time‐averaged skeletal assemblages to capture ecological information faithfully, focusing primarily on molluscs from soft‐sediment seafloors. Two promising arenas for ‘applied taphonomy’ are then highlighted: (1) using live‐dead mismatch – that is, observed discordance in the diversity, species composition, and distribution of living animals and co‐occurring skeletal remains – to recognize recent anthropogenic change, and (2) using time‐averaged death assemblages as windows into regional diversity and long‐term baselines, as a supplement or substitute for conventional live‐collected data. Meta‐analysis and modelling find that, in unaltered habitats, live‐dead differences in community‐level attributes can be generated largely or entirely by time‐averaging of natural spatial and temporal variability in living assemblages, on time frames consistent with the range of shell ages observed in death assemblages. Time‐averaging coarsens the temporal and spatial resolution of biological information in predictable ways; by comparison, taphonomic bias of information arising from differential preservation, production and transport of shells is surprisingly modest. Several challenges remain for basic taphonomic research, such as empirical and analytical methods of refining the temporal resolution of death assemblages; assessing the fate of resolution and fidelity with progressive burial; and expanding our understa"
10.1128/microbiolspec.rwr-0008-2017,1,False,1,O3,openalex,RNase E and the High-Fidelity Orchestration of RNA Metabolism,2018,Katarzyna Bandyra; Ben F. Luisi,Microbiology Spectrum,10.1128/microbiolspec.rwr-0008-2017,,https://openalex.org/W2802607766,,,186,"The bacterial endoribonuclease RNase E occupies a pivotal position in the control of gene expression, as its actions either commit transcripts to an irreversible fate of rapid destruction or unveil their hidden functions through specific processing. Moreover, the enzyme contributes to quality control of rRNAs. The activity of RNase E can be directed and modulated by signals provided through regulatory RNAs that guide the enzyme to specific transcripts that are to be silenced. Early in its evolutionary history, RNase E acquired a natively unfolded appendage that recruits accessory proteins and RNA. These accessory factors facilitate the activity of RNase E and include helicases that remodel RNA and RNA-protein complexes, and polynucleotide phosphorylase, a relative of the archaeal and eukaryotic exosomes. RNase E also associates with enzymes from central metabolism, such as enolase and aconitase. RNase E-based complexes are diverse in composition, but generally bear mechanistic parallels with eukaryotic machinery involved in RNA-induced gene regulation and transcript quality control. That these similar processes arose independently underscores the universality of RNA-based regulation in life. Here we provide a synopsis and perspective of the contributions made by RNase E to sustain robust gene regulation with speed and accuracy."
10.1103/prxquantum.4.020304,1,False,1,O3,openalex,Density-Matrix Renormalization Group Algorithm for Simulating Quantum Circuits with a Finite Fidelity,2023,Thomas Ayral; Thibaud Louvet; Yiqing Zhou; Cyprien Lambert; E. Miles Stoudenmire; Xavier Waintal,PRX Quantum,10.1103/prxquantum.4.020304,,https://openalex.org/W4362737055,,,69,"We develop a density-matrix renormalization group (DMRG) algorithm for the simulation of quantum circuits.This algorithm can be seen as the extension of the time-dependent DMRG from the usual situation of Hermitian Hamiltonian matrices to quantum circuits defined by unitary matrices.For small circuit depths, the technique is exact and equivalent to other matrix product state-based techniques.For larger depths, it becomes approximate in exchange for an exponential speed up in computational time.Like an actual quantum computer, the quality of the DMRG results is characterized by a finite fidelity.However, unlike a quantum computer, the fidelity depends strongly on the quantum circuit considered.For the most difficult possible circuit for this technique, the so-called ""quantum supremacy"" benchmark of Google LLC [Arute et al., Nature 574, 505 (2019)], we find that the DMRG algorithm can generate bit strings of the same quality as the seminal Google experiment on a single computing core.For a more structured circuit used for combinatorial optimization (quantum approximate optimization algorithm), we find a drastic improvement of the DMRG results with error rates dropping by a factor of 100 compared with random quantum circuits.Our results suggest that the current bottleneck of quantum computers is their fidelities rather than the number of qubits."
10.1103/revmodphys.91.045001,1,False,1,O3,openalex,"Shortcuts to adiabaticity: Concepts, methods, and applications",2019,D. Guéry-Odelin; A. Ruschhaupt; Anthony Kiely; E. Torrontegui; S. Martínez-Garaot; J. G. Muga,Reviews of Modern Physics,10.1103/revmodphys.91.045001,,https://openalex.org/W2937049145,,,1065,Adiabatic evolution along the instantaneous eigenstate of a time-dependent Hamiltonian is used for robust and high fidelity state transfer in atomic and molecular physics. Shortcuts to adiabaticity (STA) are systematic approaches to accomplish the same final state transfer in a faster manner. This article presents an introduction to STA and reviews different theoretical approaches and applications of STA to a range of scientific and engineering tasks in quantum physics and beyond.
10.1074/jbc.m510889200,1,False,1,O3,openalex,"Efficient and High Fidelity Incorporation of dCTP Opposite 7,8-Dihydro-8-oxodeoxyguanosine by Sulfolobus solfataricus DNA Polymerase Dpo4",2005,Hong Zang; A. Irimia; Jeong‐Yun Choi; Karen C. Angel; Lioudmila V. Loukachevitch; Martin Egli,Journal of Biological Chemistry,10.1074/jbc.m510889200,,https://openalex.org/W2125564246,,,130,"DNA polymerases insert dATP opposite the oxidative damage product 7,8-dihydro-8-oxodeoxyguanosine (8-oxoG) instead of dCTP, to the extent of >90% with some polymerases. Steady-state kinetics with the Y-family Sulfolobus solfataricus DNA polymerase IV (Dpo4) showed 90-fold higher incorporation efficiency of dCTP > dATP opposite 8-oxoG and 4-fold higher efficiency of extension beyond an 8-oxoG:C pair than an 8-oxoG:A pair. The catalytic efficiency for these events (with dCTP or C) was similar for G and 8-oxoG templates. Mass spectral analysis of extended DNA primers showed >/=95% incorporation of dCTP > dATP opposite 8-oxoG. Pre-steady-state kinetics showed faster rates of dCTP incorporation opposite 8-oxoG than G. The measured K(d)(,dCTP) was 15-fold lower for an oligonucleotide containing 8-oxoG than with G. Extension beyond an 8-oxoG:C pair was similar to G:C and faster than for an 8-oxoG:A pair, in contrast to other polymerases. The E(a) for dCTP insertion opposite 8-oxoG was lower than for opposite G. Crystal structures of Dpo4 complexes with oligonucleotides were solved with C, A, and G nucleoside triphosphates placed opposite 8-oxoG. With ddCTP, dCTP, and dATP the phosphodiester bonds were formed even in the presence of Ca(2+). The 8-oxoG:C pair showed classic Watson-Crick geometry; the 8-oxoG:A pair was in the syn:anti configuration, with the A hybridized in a Hoogsteen pair with 8-oxoG. With dGTP placed opposite 8-oxoG, pairing was not to the 8-oxoG but to the 5' C (and in classic Watson-Crick geometry), consistent with the low frequency of this frameshift event observed in the catalytic assays."
10.1088/1367-2630/17/5/053002,1,False,1,O3,openalex,Transfer matrices and excitations with matrix product states,2015,V Zauner; D Draxler; L Vanderstraeten; M Degroote; J Haegeman; M M Rams,New Journal of Physics,10.1088/1367-2630/17/5/053002,,https://openalex.org/W1775050783,,,78,"We use the formalism of tensor network states to investigate the relation between static correlation functions in the ground state of local quantum many-body Hamiltonians and the dispersion relations of the corresponding low-energy excitations. In particular, we show that the matrix product state transfer matrix (MPS-TM)—a central object in the computation of static correlation functions—provides important information about the location and magnitude of the minima of the low-energy dispersion relation(s), and we present supporting numerical data for one-dimensional lattice and continuum models as well as two-dimensional lattice models on a cylinder. We elaborate on the peculiar structure of the MPS-TM’s eigenspectrum and give several arguments for the close relation between the structure of the low-energy spectrum of the system and the form of the static correlation functions. Finally, we discuss how the MPS-TM connects to the exact quantum transfer matrix of the model at zero temperature. We present a renormalization group argument for obtaining finite bond dimension approximations of the MPS, which allows one to reinterpret variational MPS techniques (such as the density matrix renormalization group) as an application of Wilson’s numerical renormalization group along the virtual (imaginary time) dimension of the system."
10.1103/physreva.101.022308,1,False,1,O3,openalex,Single-step implementation of high-fidelity n -bit Toffoli gates,2020,S. E. Rasmussen; Koen Groenland; R. Gerritsma; Kareljan Schoutens; N. T. Zinner,Physical Review A,10.1103/physreva.101.022308,,https://openalex.org/W2980483094,,,74,"The family of $n$-bit Toffoli gates, with the two-bit Toffoli gate as the figurehead, are of great interest in quantum information as they can be used as universal gates and in quantum error correction, among other things. We present a single-step implementation of arbitrary $n$-bit Toffoli gates (up to a local change of basis), based on resonantly driving a single qubit that has a strong Ising coupling to $n$ other qubits. The setup in the two-qubit case turns out to be identical to the universal Barenco gate. The gate time and error are, in theory, independent of the number of control qubits, scaling better than conventional circuit decompositions. We note that our assumptions, namely, strongly coupling $n+1$ qubits and a driving frequency that scales with $n$, may break down for large systems. Still, our protocol could enhance the capabilities of intermediate-scale quantum computers, and we discuss the prospects of implementing our protocol on trapped ions, Rydberg atoms, and superconducting circuits. Simulations of the latter platform show that the Toffoli gate with two control bits attains fidelities of above 0.98 even in the presence of decoherence. We also show how similar ideas can be used to make a series of controlled-not gates in a single step. We show how these can speed up the implementation of quantum error correcting codes and we simulate the encoding steps of the three-qubit bit-flip code and the seven-qubit Steane code."
10.1186/1741-7007-4-35,1,False,1,O3,openalex,"The eggshell is required for meiotic fidelity, polar-body extrusion and polarization of the C. elegansembryo",2006,Wendy Johnston; Aldis Krizus; James W. Dennis,BMC Biology,10.1186/1741-7007-4-35,,https://openalex.org/W2151716132,,,82,"BACKGROUND: Fertilization restores the diploid state and begins the process by which the single-cell oocyte is converted into a polarized, multicellular organism. In the nematode, Caenorhabditis elegans, two of the earliest events following fertilization are secretion of the chitinous eggshell and completion of meiosis, and in this report we demonstrate that the eggshell is essential for multiple developmental events at the one-cell stage. RESULTS: We show that the GLD (Germline differentiation abnormal)-1-regulated hexosamine pathway enzyme, glucosamine-6-phosphate N-acetyltransferase (GNA)-2, is required for synthesis of uridine diphosphate-N-acetylglucosamine (UDP-GlcNAc), the substrate for eggshell chitin synthesis by chitin synthase-1 (CHS-1). Furthermore, while chs-1(RNAi) or combined RNAi with the chitin-binding proteins, CEJ-1 and B0280.5, does not interfere with normal meiotic timing, lagging chromosomes are observed at meiosis, and polar-body extrusion fails. We also demonstrate that chitin, and either CEJ-1 or B0280.5, are essential for the osmotic/permeability barrier and for movement of the sperm pronucleus/centrosome complex to the cortex, which is associated with the initiation of polarization. CONCLUSION: Our results indicate that the eggshell is required in single-cell C. elegans development, playing an essential role in multiple actin-dependent early events. Furthermore, the earliest meiotic roles precede osmotic barrier formation, indicating that the role of the eggshell is not limited to generation of the osmotic barrier."
10.1098/rspa.2023.0655,1,False,1,O3,openalex,Multi-fidelity reduced-order surrogate modelling,2024,Paolo Conti; Mengwu Guo; Andrea Manzoni; Attilio Frangi; Steven L. Brunton; J. Nathan Kutz,Proceedings of the Royal Society A Mathematical Physical and Engineering Sciences,10.1098/rspa.2023.0655,,https://openalex.org/W4391872844,,,47,"High-fidelity numerical simulations of partial differential equations (PDEs) given a restricted computational budget can significantly limit the number of parameter configurations considered and/or time window evaluated. Multi-fidelity surrogate modelling aims to leverage less accurate, lower-fidelity models that are computationally inexpensive in order to enhance predictive accuracy when high-fidelity data are scarce. However, low-fidelity models, while often displaying the qualitative solution behaviour, fail to accurately capture fine spatio-temporal and dynamic features of high-fidelity models. To address this shortcoming, we present a data-driven strategy that combines dimensionality reduction with multi-fidelity neural network surrogates. The key idea is to generate a spatial basis by applying proper orthogonal decomposition (POD) to high-fidelity solution snapshots, and approximate the dynamics of the reduced states—time-parameter-dependent expansion coefficients of the POD basis—using a multi-fidelity long short-term memory network. By mapping low-fidelity reduced states to their high-fidelity counterpart, the proposed reduced-order surrogate model enables the efficient recovery of full solution fields over time and parameter variations in a non-intrusive manner. The generality of this method is demonstrated by a collection of PDE problems where the low-fidelity model can be defined by coarser meshes and/or time stepping, as well as by misspecified physical features."
10.1038/s41534-024-00805-0,1,False,1,O3,openalex,Quantum state preparation of normal distributions using matrix product states,2024,Jason Iaconis; Sonika Johri; Elton Yechao Zhu,npj Quantum Information,10.1038/s41534-024-00805-0,,https://openalex.org/W4391227260,,,35,"Abstract State preparation is a necessary component of many quantum algorithms. In this work, we combine a method for efficiently representing smooth differentiable probability distributions using matrix product states with recently discovered techniques for initializing quantum states to approximate matrix product states. Using this, we generate quantum states encoding a class of normal probability distributions in a trapped ion quantum computer for up to 20 qubits. We provide an in depth analysis of the different sources of error which contribute to the overall fidelity of this state preparation procedure. Our work provides a study in quantum hardware for scalable distribution loading, which is the basis of a wide range of algorithms that provide quantum advantage."
10.22331/q-2020-03-26-248,1,False,1,O3,openalex,Variational Quantum Fidelity Estimation,2020,Marco Cerezo; Alexander Poremba; Lukasz Cincio; Patrick J. Coles,Quantum,10.22331/q-2020-03-26-248,,https://openalex.org/W2951503883,,,116,"Computing quantum state fidelity will be important to verify and characterize states prepared on a quantum computer. In this work, we propose novel lower and upper bounds for the fidelity F ( ρ , σ ) based on the ``truncated fidelity'' F ( ρ m , σ ) , which is evaluated for a state ρ m obtained by projecting ρ onto its m -largest eigenvalues. Our bounds can be refined, i.e., they tighten monotonically with m . To compute our bounds, we introduce a hybrid quantum-classical algorithm, called Variational Quantum Fidelity Estimation, that involves three steps: (1) variationally diagonalize ρ , (2) compute matrix elements of σ in the eigenbasis of ρ , and (3) combine these matrix elements to compute our bounds. Our algorithm is aimed at the case where σ is arbitrary and ρ is low rank, which we call low-rank fidelity estimation, and we prove that no classical algorithm can efficiently solve this problem under reasonable assumptions. Finally, we demonstrate that our bounds can detect quantum phase transitions and are often tighter than previously known computable bounds for realistic situations."
10.1103/physrevlett.133.010603,1,False,1,O3,openalex,Adaptive Trotterization for Time-Dependent Hamiltonian Quantum Dynamics Using Piecewise Conservation Laws,2024,Hongzheng Zhao; Marin Bukov; Markus Heyl; Roderich Moessner,Physical Review Letters,10.1103/physrevlett.133.010603,,https://openalex.org/W4400231100,,,14,"Digital quantum simulation relies on Trotterization to discretize time evolution into elementary quantum gates. On current quantum processors with notable gate imperfections, there is a critical trade-off between improved accuracy for finer time steps, and increased error rate on account of the larger circuit depth. We present an adaptive Trotterization algorithm to cope with time dependent Hamiltonians, where we propose a concept of piecewise ""conserved"" quantities to estimate errors in the time evolution between two (nearby) points in time; these allow us to bound the errors accumulated over the full simulation period. They reduce to standard conservation laws in the case of time independent Hamiltonians, for which we first developed an adaptive Trotterization scheme [H. Zhao et al., Making Trotterization adaptive and energy-self-correcting for NISQ devices and beyond, PRX Quantum 4, 030319 (2023).2691-339910.1103/PRXQuantum.4.030319]. We validate the algorithm for a time dependent quantum spin chain, demonstrating that it can outperform the conventional Trotter algorithm with a fixed step size at a controlled error."
10.1017/9781009398671.002,1,False,1,O3,openalex,Introduction,2023,Tao Xiang,Cambridge University Press eBooks,10.1017/9781009398671.002,,https://openalex.org/W4392176207,,,2,"This chapter starts with an introductory survey on the physical background and historical events that lead to the emergence of the density matrix renormalization group (DMRG) and its tensor network generalization. We then briefly overview the major progress on the renormalization group methods of tensor networks and their applications in the past three decades. The tensor network renormalization was initially developed to solve quantum many-body problems, but its application field has grown constantly. It has now become an irreplaceable tool for investigating strongly correlated problems, statistical physics, quantum information, quantum chemistry, and artificial intelligence."
10.48550/arxiv.2307.10327,1,False,1,O3,openalex,Adaptive Trotterization for time-dependent Hamiltonian quantum dynamics using piecewise conservation laws,2023,Hongzheng Zhao; Marin Bukov; Markus Heyl; Roderich Moessner,arXiv (Cornell University),10.48550/arxiv.2307.10327,,https://openalex.org/W4385018253,,,4,"Digital quantum simulation relies on Trotterization to discretize time evolution into elementary quantum gates. On current quantum processors with notable gate imperfections, there is a critical tradeoff between improved accuracy for finer timesteps, and increased error rate on account of the larger circuit depth. We present an adaptive Trotterization algorithm to cope with time-dependent Hamiltonians, where we propose a concept of piecewise ""conserved"" quantities to estimate errors in the time evolution between two (nearby) points in time; these allow us to bound the errors accumulated over the full simulation period. They reduce to standard conservation laws in the case of time-independent Hamiltonians, for which we first developed an adaptive Trotterization scheme [PRX Quantum 4, 030319]. We validate the algorithm for a time-dependent quantum spin chain, demonstrating that it can outperform the conventional Trotter algorithm with a fixed step size at a controlled error."
10.48550/arxiv.2506.04380,1,False,1,O3,openalex,Exponential distillation of dominant eigenproperties,2025,Bence Bakó; Tenzan Araki; Bálint Koczor,arXiv (Cornell University),10.48550/arxiv.2506.04380,,https://openalex.org/W4416131859,,,0,"Estimating observable expectation values in eigenstates of quantum systems has a broad range of applications and is an area where early fault-tolerant quantum computers may provide practical quantum advantage. We develop a hybrid quantum-classical algorithm that enables the estimation of an arbitrary observable expectation value in an eigenstate, given an initial state is supplied that has dominant overlap with the targeted eigenstate -- but may overlap with any other eigenstates. Our approach builds on and is conceptually similar to purification-based error mitigation techniques; however, it achieves exponential suppression of algorithmic errors using only a single copy of the quantum state. The key innovation is that random time evolution is applied in the quantum computer to create an average mixed quantum state, which is then virtually purified with exponential efficacy. We prove rigorous performance guarantees and conclude that the complexity of our approach depends directly on the energy gap in the problem Hamiltonian and remarkably, can be compared to phase estimation combined with amplitude estimation in terms of its scaling with respect to a target precision. We demonstrate in a broad range of numerical simulations the applicability of our framework in near-term and early fault-tolerant settings. Furthermore, we demonstrate in a 100-qubit example that direct classical simulation of our approach enables the prediction of ground and excited state properties of quantum systems using tensor-network techniques, which we recognize as a quantum-inspired classical approach."
10.1038/s41586-023-06481-y,1,False,1,O3,openalex,High-fidelity parallel entangling gates on a neutral-atom quantum computer,2023,Simon J. Evered; Dolev Bluvstein; M. W. Kalinowski; Sepehr Ebadi; Tom Manovitz; Hengyun Zhou,Nature,10.1038/s41586-023-06481-y,,https://openalex.org/W4387542025,,,522,"Abstract The ability to perform entangling quantum operations with low error rates in a scalable fashion is a central element of useful quantum information processing 1 . Neutral-atom arrays have recently emerged as a promising quantum computing platform, featuring coherent control over hundreds of qubits 2,3 and any-to-any gate connectivity in a flexible, dynamically reconfigurable architecture 4 . The main outstanding challenge has been to reduce errors in entangling operations mediated through Rydberg interactions 5 . Here we report the realization of two-qubit entangling gates with 99.5% fidelity on up to 60 atoms in parallel, surpassing the surface-code threshold for error correction 6,7 . Our method uses fast, single-pulse gates based on optimal control 8 , atomic dark states to reduce scattering 9 and improvements to Rydberg excitation and atom cooling. We benchmark fidelity using several methods based on repeated gate applications 10,11 , characterize the physical error sources and outline future improvements. Finally, we generalize our method to design entangling gates involving a higher number of qubits, which we demonstrate by realizing low-error three-qubit gates 12,13 . By enabling high-fidelity operation in a scalable, highly connected system, these advances lay the groundwork for large-scale implementation of quantum algorithms 14 , error-corrected circuits 7 and digital simulations 15 ."
10.1038/s41534-022-00618-z,1,False,1,O3,openalex,Fundamental limits of quantum error mitigation,2022,Ryuji Takagi; Suguru Endo; Shintaro Minagawa; Mile Gu,npj Quantum Information,10.1038/s41534-022-00618-z,,https://openalex.org/W4286981833,,,165,"Abstract The inevitable accumulation of errors in near-future quantum devices represents a key obstacle in delivering practical quantum advantages, motivating the development of various quantum error-mitigation methods. Here, we derive fundamental bounds concerning how error-mitigation algorithms can reduce the computation error as a function of their sampling overhead. Our bounds place universal performance limits on a general error-mitigation protocol class. We use them to show (1) that the sampling overhead that ensures a certain computational accuracy for mitigating local depolarizing noise in layered circuits scales exponentially with the circuit depth for general error-mitigation protocols and (2) the optimality of probabilistic error cancellation among a wide class of strategies in mitigating the local dephasing noise on an arbitrary number of qubits. Our results provide a means to identify when a given quantum error-mitigation strategy is optimal and when there is potential room for improvement."
10.1103/p8dn-glcw,1,False,1,O3,openalex,Anticoncentration in Clifford Circuits and Beyond: From Random Tensor Networks to Pseudomagic States,2025,"Magni, Beatrice; Christopoulos, Alexios; De Luca, Andrea; Turkeshi, Xhek",Kölner Universitäts PublikationsServer (Universität zu Köln),10.1103/p8dn-glcw,,https://openalex.org/W7108452303,,,21,International audience
10.1063/5.0225367,1,False,1,O3,openalex,OQuPy: A Python package to efficiently simulate non-Markovian open quantum systems with process tensors,2024,Gerald E. Fux; Piper Fowler-Wright; Joel Beckles; Eoin P. Butler; P. R. Eastham; Dominic Gribben,The Journal of Chemical Physics,10.1063/5.0225367,,https://openalex.org/W4402768745,,,28,"Non-Markovian dynamics arising from the strong coupling of a system to a structured environment is essential in many applications of quantum mechanics and emerging technologies. Deriving an accurate description of general quantum dynamics including memory effects is, however, a demanding task, prohibitive to standard analytical or direct numerical approaches. We present a major release of our open source software package, OQuPy (Open Quantum System in Python), which provides several recently developed numerical methods that address this challenging task. It utilizes the process tensor approach to open quantum systems (OQS) in which a single map, the process tensor, captures all possible effects of an environment on the system. The representation of the process tensor in a tensor network form allows for an exact yet highly efficient description of non-Markovian OQS (NM-OQS). The OQuPy package provides methods to (1) compute the dynamics and multi-time correlations of quantum systems coupled to single and multiple environments, (2) optimize control protocols for NM-OQS, (3) simulate interacting chains of NM-OQS, and (4) compute the mean-field dynamics of an ensemble of NM-OQS coupled to a common central system. Our aim is to provide an easily accessible and extensible tool for researchers of OQS in fields such as quantum chemistry, quantum sensing, and quantum information."
10.1007/s11784-017-0417-1,1,False,1,O4,openalex,Tight global linear convergence rate bounds for Douglas–Rachford splitting,2017,Pontus Giselsson,Journal of Fixed Point Theory and Applications,10.1007/s11784-017-0417-1,,https://openalex.org/W1962493159,,,10,"Recently, several authors have shown local and global convergence rate results for Douglas–Rachford splitting under strong monotonicity, Lipschitz continuity, and cocoercivity assumptions. Most of these focus on the convex optimization setting. In the more general monotone inclusion setting, Lions and Mercier showed a linear convergence rate bound under the assumption that one of the two operators is strongly monotone and Lipschitz continuous. We show that this bound is not tight, meaning that no problem from the considered class converges exactly with that rate. In this paper, we present tight global linear convergence rate bounds for that class of problems. We also provide tight linear convergence rate bounds under the assumptions that one of the operators is strongly monotone and cocoercive, and that one of the operators is strongly monotone and the other is cocoercive. All our linear convergence results are obtained by proving the stronger property that the Douglas–Rachford operator is contractive."
10.48550/arxiv.2207.04015,1,False,1,O4,openalex,Convergence Analyses of Davis-Yin Splitting via Scaled Relative Graphs,2022,Jongmin Lee; Soheun Yi; Ernest K. Ryu,arXiv (Cornell University),10.48550/arxiv.2207.04015,,https://openalex.org/W4285044933,,,2,"Davis-Yin splitting (DYS) has found a wide range of applications in optimization, but its linear rates of convergence have not been studied extensively. The scaled relative graph (SRG) simplifies the convergence analysis of operator splitting methods by mapping the action of the operator onto the complex plane, but the prior SRG theory did not fully apply to the DYS operator. In this work, we formalize an SRG theory for the DYS operator and use it to obtain tighter contraction factors."
10.48550/arxiv.1506.01556,1,False,1,O4,openalex,Tight Global Linear Convergence Rate Bounds for Douglas-Rachford\n Splitting,2015,Pontus Giselsson,arXiv (Cornell University),10.48550/arxiv.1506.01556,,https://openalex.org/W4300789549,,,0,"Recently, several authors have shown local and global convergence rate\nresults for Douglas-Rachford splitting under strong monotonicity, Lipschitz\ncontinuity, and cocoercivity assumptions. Most of these focus on the convex\noptimization setting. In the more general monotone inclusion setting, Lions and\nMercier showed a linear convergence rate bound under the assumption that one of\nthe two operators is strongly monotone and Lipschitz continuous. We show that\nthis bound is not tight, meaning that no problem from the considered class\nconverges exactly with that rate. In this paper, we present tight global linear\nconvergence rate bounds for that class of problems. We also provide tight\nlinear convergence rate bounds under the assumptions that one of the operators\nis strongly monotone and cocoercive, and that one of the operators is strongly\nmonotone and the other is cocoercive. All our linear convergence results are\nobtained by proving the stronger property that the Douglas-Rachford operator is\ncontractive.\n"
10.1103/revmodphys.77.259,1,False,1,O4,openalex,The density-matrix renormalization group,2005,Ulrich Schollwöck,Reviews of Modern Physics,10.1103/revmodphys.77.259,,https://openalex.org/W2154815292,,,3392,"The density-matrix renormalization group (DMRG) is a numerical algorithm for the efficient truncation of the Hilbert space of low-dimensional strongly correlated quantum systems based on a rather general decimation prescription. This algorithm has achieved unprecedented precision in the description of one-dimensional quantum systems. It has therefore quickly become the method of choice for numerical studies of such systems. Its applications to the calculation of static, dynamic, and thermodynamic quantities in these systems are reviewed here. The potential of DMRG applications in the fields of two-dimensional quantum systems, quantum chemistry, three-dimensional small grains, nuclear physics, equilibrium and nonequilibrium statistical physics, and time-dependent phenomena is also discussed. This review additionally considers the theoretical foundations of the method, examining its relationship to matrix-product states and the quantum information content of the density matrices generated by the DMRG."
10.1051/0004-6361/201525830,1,False,1,O4,openalex,Planck 2015 results,2016,P. A. R. Ade; N. Aghanim; M. Arnaud; M. Ashdown; J. Aumont; C. Baccigalupi,Astronomy and Astrophysics,10.1051/0004-6361/201525830,,https://openalex.org/W4292875581,,,10754,"This paper presents cosmological results based on full-mission Planck observations of temperature and polarization anisotropies of the cosmic microwave background (CMB) radiation.Our results are in very good agreement with the 2013 analysis of the Planck nominal-mission temperature data, but with increased precision.The temperature and polarization power spectra are consistent with the standard spatially-flat 6-parameter ΛCDM cosmology with a power-law spectrum of adiabatic scalar perturbations (denoted ""base ΛCDM"" in this paper).From the Planck temperature data combined with Planck lensing, for this cosmology we find a Hubble constant, H 0 = (67.8± 0.9) km s -1 Mpc -1 , a matter density parameter Ω m = 0.308 ± 0.012, and a tilted scalar spectral index with n s = 0.968 ± 0.006, consistent with the 2013 analysis.Note that in this abstract we quote 68% confidence limits on measured parameters and 95% upper limits on other parameters.We present the first results of polarization measurements with the Low Frequency Instrument at large angular scales.Combined with the Planck temperature and lensing data, these measurements give a reionization optical depth of τ = 0.066 ± 0.016, corresponding to a reionization redshift of z re = 8.8 +1.7 -1.4 .These results are consistent with those from WMAP polarization measurements cleaned for dust emission using 353-GHz polarization maps from the High Frequency Instrument.We find no evidence for any departure from base ΛCDM in the neutrino sector of the theory; for example, combining Planck observations with other astrophysical data we find N eff = 3.15 ± 0.23 for the effective number of relativistic degrees of freedom, consistent with the value N eff = 3.046 of the Standard Model of particle physics.The sum of neutrino masses is constrained to m ν < 0.23 eV.The spatial curvature of our Universe is found to be very close to zero, with |Ω K | < 0.005.Adding a tensor component as a single-parameter extension to base ΛCDM we find an upper"
10.17863/cam.32861,1,False,1,O4,openalex,Planck 2015 results,2016,"Ade, PAR; N. Aghanim; M. Arnaud; M. Ashdown; J. Aumont; C. Baccigalupi",ORCA Online Research @Cardiff (Cardiff University),10.17863/cam.32861,,https://openalex.org/W1909359706,,,5451,"This paper presents cosmological results based on full-mission Planck observations of temperature and polarization anisotropies of the cosmic microwave background (CMB) radiation. Our results are in very good agreement with the 2013 analysis of the Planck nominal-mission temperature data, but with increased precision. The temperature and polarization power spectra are consistent with the standard spatially-flat 6-parameter ΛCDM cosmology with a power-law spectrum of adiabatic scalar perturbations (denoted “base ΛCDM” in this paper). From the Planck temperature data combined with Planck lensing, for this cosmology we find a Hubble constant, H0 = (67.8 ± 0.9) km s-1Mpc-1, a matter density parameter Ωm = 0.308 ± 0.012, and a tilted scalar spectral index with ns = 0.968 ± 0.006, consistent with the 2013 analysis. Note that in this abstract we quote 68% confidence limits on measured parameters and 95% upper limits on other parameters. We present the first results of polarization measurements with the Low Frequency Instrument at large angular scales. Combined with the Planck temperature and lensing data, these measurements give a reionization optical depth of τ = 0.066 ± 0.016, corresponding to a reionization redshift of zre=8.8-1.4+1.7. These results are consistent with those from WMAP polarization measurements cleaned for dust emission using 353-GHz polarization maps from the High Frequency Instrument. We find no evidence for any departure from base ΛCDM in the neutrino sector of the theory; for example, combining Planck observations with other astrophysical data we find Neff = 3.15 ± 0.23 for the effective number of relativistic degrees of freedom, consistent with the value Neff = 3.046 of the Standard Model of particle physics. The sum of neutrino masses is constrained to ∑ mν < 0.23 eV. The spatial curvature of our Universe is found to be very close to zero, with | ΩK | < 0.005. Adding a tensor component as a single-parameter extension to base ΛCDM we find an upper l"
10.12942/lrr-2004-9,1,False,1,O5,openalex,Gravitational Lensing from a Spacetime Perspective,2004,Volker Perlick,Living Reviews in Relativity,10.12942/lrr-2004-9,,https://openalex.org/W2038915951,,,507,"The theory of gravitational lensing is reviewed from a spacetime perspective, without quasi-Newtonian approximations. More precisely, the review covers all aspects of gravitational lensing where light propagation is described in terms of lightlike geodesics of a metric of Lorentzian signature. It includes the basic equations and the relevant techniques for calculating the position, the shape, and the brightness of images in an arbitrary general-relativistic spacetime. It also includes general theorems on the classification of caustics, on criteria for multiple imaging, and on the possible number of images. The general results are illustrated with examples of spacetimes where the lensing features can be explicitly calculated, including the Schwarzschild spacetime, the Kerr spacetime, the spacetime of a straight string, plane gravitational waves, and others."
10.1098/rsta.2014.0440,1,False,1,O5,openalex,Maximizing the optical network capacity,2016,Polina Bayvel; Robert Maher; Tianhua Xu; Gabriele Liga; Nikita A. Shevchenko; Domaniç Lavery,Philosophical Transactions of the Royal Society A Mathematical Physical and Engineering Sciences,10.1098/rsta.2014.0440,,https://openalex.org/W2283621648,,,113,"Most of the digital data transmitted are carried by optical fibres, forming the great part of the national and international communication infrastructure. The information-carrying capacity of these networks has increased vastly over the past decades through the introduction of wavelength division multiplexing, advanced modulation formats, digital signal processing and improved optical fibre and amplifier technology. These developments sparked the communication revolution and the growth of the Internet, and have created an illusion of infinite capacity being available. But as the volume of data continues to increase, is there a limit to the capacity of an optical fibre communication channel? The optical fibre channel is nonlinear, and the intensity-dependent Kerr nonlinearity limit has been suggested as a fundamental limit to optical fibre capacity. Current research is focused on whether this is the case, and on linear and nonlinear techniques, both optical and electronic, to understand, unlock and maximize the capacity of optical communications in the nonlinear regime. This paper describes some of them and discusses future prospects for success in the quest for capacity."
10.1109/jstsp.2021.3112295,1,False,1,O5,openalex,Joint Transmit Waveform and Receive Filter Design for Dual-Function Radar-Communication Systems,2021,Christos G. Tsinos; Aakash Arora; Symeon Chatzinotas; Björn Ottersten,IEEE Journal of Selected Topics in Signal Processing,10.1109/jstsp.2021.3112295,,https://openalex.org/W3199941339,,,172,"In this paper, the problem of joint transmit waveform and receive filter design for dual-function radar-communication (DFRC) systems is studied. The considered system model involves a multiple antenna base station (BS) of a cellular system serving multiple single antenna users on the downlink. Furthermore, the BS simultaneously introduces sensing capabilities in the form of point-like target detection from the reflected return signals in a signal-dependent interference environment. A novel framework based on constrained optimization problems is proposed for the joint design of the transmit waveform and the radar receive filter such that different constraints related to the power amplifiers and the radar waveform are satisfied. In contrast to the existing approaches in the DFRC systems’ literature, the proposed approach does not require the knowledge of a predetermined radar beampattern in order to optimize the performance of the radar part through its approximation. Instead, a beampattern is generated by maximizing the radar receive signal-to-interference ratio (SINR) thus, enabling a more flexible design. Moreover, the radar receive filter processing and its optimization is considered for the first time on DFRC systems, enabling the effective exploitation of the available degrees of freedom in the radar receive array. Efficient algorithmic solutions with guaranteed convergence are developed for the defined constrained nonconvex optimization problems. The effectiveness of the proposed solutions is verified via numerical results."
10.1029/2008jf001114,1,False,1,O5,openalex,A theory for the emergence of channelized drainage,2010,Terence R. Smith,Journal of Geophysical Research Atmospheres,10.1029/2008jf001114,,https://openalex.org/W2031253629,,,89,"A theory of channel formation is derived from mass balance equations for water and sediment, the St. Venant equation for water flowing down an energy surface gradient, and generalized representations of sediment transport. The theory covers transport‐ and detachment‐limited erosion environments. Linearized analysis provides closed form stability criteria for the growth rates of channels in terms of aspect ratios, lateral spacings, and four mechanisms relating to water and sediment flows. Two mechanisms, a nonlinear advective transport of sediment that drives a channel‐cutting instability and a free water surface that selectively neutralizes perturbations, act down the energy surface gradient. Two other mechanisms, advectively driven and slope‐driven diffusion of sediment, act down the land surface gradient and selectively stabilize perturbations. Under subcritical and critical, but not supercritical, flow conditions, the first two mechanisms, together with arbitrary amounts of either diffusive mechanism, select strongly for aspect ratios and lateral spacings of the fastest‐growing channels. Thresholds for channel spacing emerge without requiring critical thresholds for sediment entrainment. Advective sediment transport and a free water surface acting alone select strongly for aspect ratios but weakly for lateral spacings. Numerical solutions and analysis of the nonlinear equations, however, indicate strong selection for spacing through nonlinear amplification and coloring of noise. The aspect ratios and lateral spacings of fastest‐growing channels are determined by six dimensionless ratios and parameters of the constitutive relations. The theory provides a scaling relation between increased lateral spacing of dominant channels and increasing discharge and predicts the emergence of Hack‐type scaling laws with variable exponents for the fastest‐growing channels."
10.3389/fmats.2019.00075,1,False,1,O6,openalex,On-the-Fly Adaptivity for Nonlinear Twoscale Simulations Using Artificial Neural Networks and Reduced Order Modeling,2019,Felix Fritzen; Mauricio Fernández; Fredrik Larsson,Frontiers in Materials,10.3389/fmats.2019.00075,,https://openalex.org/W2916087991,,,61,"A multi-fidelity surrogate model for highly nonlinear multiscale problems is proposed. It is based on the introduction of two different surrogate models and an adaptive on-the-fly switching. The two concurrent surrogates are built incrementally starting from a moderate set of evaluations of the full order model. Therefore, a reduced order model (ROM) is generated. Using a hybrid ROM-preconditioned FE solver additional effective stress-strain data is simulated while the number of samples is kept to a moderate level by using a dedicated and physics-guided sampling technique. Machine learning (ML) is subsequently used to build the second surrogate by means of artificial neural networks (ANN). Different ANN architectures are explored and the features used as inputs of the ANN are fine tuned in order to improve the overall quality of the ML model. Additional ML surrogates for the stress errors are generated. Therefore, conservative design guidelines for error surrogates are presented by adapting the loss functions of the ANN training in pure regression or pure classification settings. The error surrogates can be used as quality indicators in order to adaptively select the appropriate—i.e. efficient yet accurate—surrogate. Two strategies for the on-the-fly switching are investigated and a practicable and robust algorithm is proposed that eliminates relevant technical difficulties attributed to model switching. The provided algorithms and ANN design guidelines can easily be adopted for different problem settings and, thereby, they enable generalization of the used machine learning techniques for a wide range of applications. The resulting hybrid surrogate is employed in challenging multilevel FE simulations for a three-phase composite with pseudo-plastic micro-constituents. Numerical examples highlight the performance of the proposed approach."
10.3847/1538-4365/ac80f6,1,False,1,O6,openalex,The GALPROP Cosmic-ray Propagation and Non-thermal Emissions Framework: Release v57,2021,T. A. Porter; G. Jóhannesson; I. V. Moskalenko,arXiv (Cornell University),10.3847/1538-4365/ac80f6,,https://openalex.org/W4295219461,,,86,"The past decade has brought impressive advances in the astrophysics of cosmic rays (CRs) and multiwavelength astronomy, thanks to the new instrumentation launched into space and built on the ground. Modern technologies employed by those instruments provide measurements with unmatched precision, enabling searches for subtle signatures of dark matter (DM) and new physics. Understanding the astrophysical backgrounds to better precision than the observed data is vital in moving to this new territory. The state-of-the-art CR propagation code called GALPROP is designed to address exactly this challenge. Having 25 years of development behind it, the GALPROP framework has become a de-facto standard in the astrophysics of CRs, diffuse photon emissions (radio- to gamma-rays), and searches for new physics. GALPROP uses information from astronomy, particle physics, and nuclear physics to predict CRs and their associated emissions self-consistently, providing a unifying modelling framework. The range of its physical validity covers 18 orders of magnitude in energy, from sub-keV to PeV energies for particles and from micro-eV to PeV energies for photons. The framework and the datasets are public and are extensively used by many experimental collaborations and by thousands of individual researchers worldwide for interpretation of their data and for making predictions. This paper details the latest release of the GALPROP framework and updated cross sections, further developments of its initially auxiliary datasets for models of the interstellar medium that grew into independent studies of the Galactic structure -- distributions of gas, dust, radiation and magnetic fields -- as well as the extension of its modelling capabilities. Example applications included with the distribution illustrating usage of the new features are also described."
10.22331/q-2020-08-10-306,1,False,1,O6,openalex,Quantum Algorithms for Simulating the Lattice Schwinger Model,2020,Alexander F. Shaw; Pavel Lougovski; Jesse R. Stryker; Nathan Wiebe,Quantum,10.22331/q-2020-08-10-306,,https://openalex.org/W3008670164,,,145,"The Schwinger model (quantum electrodynamics in 1+1 dimensions) is a testbed for the study of quantum gauge field theories. We give scalable, explicit digital quantum algorithms to simulate the lattice Schwinger model in both NISQ and fault-tolerant settings. In particular, we perform a tight analysis of low-order Trotter formula simulations of the Schwinger model, using recently derived commutator bounds, and give upper bounds on the resources needed for simulations in both scenarios. In lattice units, we find a Schwinger model on N / 2 physical sites with coupling constant x − 1 / 2 and electric field cutoff x − 1 / 2 Λ can be simulated on a quantum computer for time 2 x T using a number of T -gates or CNOTs in O ~ ( N 3 / 2 T 3 / 2 x Λ ) for fixed operator error. This scaling with the truncation Λ is better than that expected from algorithms such as qubitization or QDRIFT. Furthermore, we give scalable measurement schemes and algorithms to estimate observables which we cost in both the NISQ and fault-tolerant settings by assuming a simple target observable–the mean pair density. Finally, we bound the root-mean-square error in estimating this observable via simulation as a function of the diamond distance between the ideal and actual CNOT channels. This work provides a rigorous analysis of simulating the Schwinger model, while also providing benchmarks against which subsequent simulation algorithms can be tested."
10.17863/cam.43700,1,False,1,O6,openalex,Planck 2015 results: XVII. Constraints on primordial non-Gaussianity,2016,"Ade, PAR; N. Aghanim; M. Arnaud; Frederico Arroja; M. Ashdown; J. Aumont",ORCA Online Research @Cardiff (Cardiff University),10.17863/cam.43700,,https://openalex.org/W2131919044,,,387,"The Planck full mission cosmic microwave background (CMB) temperature and E-mode polarization maps are analysed to obtain constraints on primordial non-Gaussianity (NG). Using three classes of optimal bispectrum estimators-separable template-fitting (KSW), binned, and modal-we obtain consistent values for the primordial local, equilateral, and orthogonal bispectrum amplitudes, quoting as our final result from temperature alone localNL = 2.5 ± 5.7, equilNL=-16 ± 70, fNLlocal=2.5±5.7, fNLequil=-16±70, and orthoNL =-34 ± 32fNLortho=-34±33 (68% CL, statistical). Combining temperature and polarization data we obtain fNLlocal=0.8±5.0, fNLequil=-4±43, and fNLortho=-26±21localNL = 0.8 ± 5.0, equilNL=-4 ± 43, and orthoNL =-26 ± 21 (68% CL, statistical). The results are based on comprehensive cross-validation of these estimators on Gaussian and non-Gaussian simulations, are stable across component separation techniques, pass an extensive suite of tests, and are consistent with estimators based on measuring the Minkowski functionals of the CMB. The effect of time-domain de-glitching systematics on the bispectrum is negligible. In spite of these test outcomes we conservatively label the results including polarization data as preliminary, owing to a known mismatch of the noise model in simulations and the data. Beyond estimates of individual shape amplitudes, we present model-independent, three-dimensional reconstructions of the Planck CMB bispectrum and derive constraints on early universe scenarios that generate primordial NG, including general single-field models of inflation, axion inflation, initial state modifications, models producing parity-violating tensor bispectra, and directionally dependent vector models. We present a wide survey of scale-dependent feature and resonance models, accounting for the ""look elsewhere"" effect in estimating the statistical significance of features. We also look for isocurvature NG, and find no signal, but we obtain constraints that improve"
10.5555/1046920.1088718,1,False,1,O6,openalex,Clustering on the Unit Hypersphere using von Mises-Fisher Distributions,2005,Arindam Banerjee; Inderjit S. Dhillon; Joydeep Ghosh; Suvrit Sra,MPG.PuRe (Max Planck Society),10.5555/1046920.1088718,,https://openalex.org/W2145001205,,,806,"Several large scale data mining applications, such as text categorization and gene expression analysis, involve high-dimensional data that is also inherently directional in nature. Often such data is L2 normalized so that it lies on the surface of a unit hypersphere. Popular models such as (mixtures of) multi-variate Gaussians are inadequate for characterizing such data. This paper proposes a generative mixture-model approach to clustering directional data based on the von Mises-Fisher (vMF) distribution, which arises naturally for data distributed on the unit hypersphere. In particular, we derive and analyze two variants of the Expectation Maximization (EM) framework for estimating the mean and concentration parameters of this mixture. Numerical estimation of the concentration parameters is non-trivial in high dimensions since it involves functional inversion of ratios of Bessel functions. We also formulate two clustering algorithms corresponding to the variants of EM that we derive. Our approach provides a theoretical basis for the use of cosine similarity that has been widely employed by the information retrieval community, and obtains the spherical kmeans algorithm (kmeans with cosine similarity) as a special case of both variants. Empirical results on clustering of high-dimensional text and gene-expression data based on a mixture of vMF distributions show that the ability to estimate the concentration parameter for each vMF component, which is not present in existing approaches, yields superior results, especially for difficult clustering tasks in high-dimensional spaces."
10.1109/access.2020.2997783,1,False,1,O6,openalex,Improved Salp Swarm Algorithm Based on Levy Flight and Sine Cosine Operator,2020,Jianhua Zhang; Jie‐Sheng Wang,IEEE Access,10.1109/access.2020.2997783,,https://openalex.org/W3029902662,,,90,"The salp swarm algorithm (SSA) is a swarm intelligence optimization algorithm that simulates the chain movement behavior of salp populations in the sea. Aiming at the shortcomings of the SSA, such as low precision, low optimization dimension and slow convergence speed, an improved salp swarm algorithm based on Levy flight and sine cosine operator (LSC-SSA) was proposed. The Levy flight mechanism uses the route of short walks combined with long jumps to search the solution space, which can effectively improve the global exploration capability of the algorithm. Improved sine cosine operator use sine search for global exploration and cosine search for local exploitation. At the same time, an adaptively switching between the two function search methods can achieve a smooth transition between global exploration and local exploitation. In the simulation experiment, salp swarm algorithm (SSA), whale optimization algorithm (WOA), particle swarm algorithm (PSO), sine cosine algorithm (SCA), firefly algorithm (FA) and LSC-SSA were adopted for solving function optimization problems. Then, the feasibility of the improved algorithm for solving high-dimensional large-scale optimization problems and the effectiveness of the improvement strategy are evaluated. Finally, LSC-SSA was applied to train muti-layer perceptron neural network. Simulation results show that the introduction of Levy flight and improved sine cosine operator in LSC-SSA significantly improves optimization accuracy and convergence speed compared with other swarm optimization algorithms. In addition, the improved algorithm can effectively solve high-dimensional large-scale optimization problems. In the application of training muti-layer perceptron NN, the improved algorithm can avoid falling into the local optimal value and obtain the ideal classification accuracy."
10.48550/arxiv.2109.14449,1,False,1,O6,openalex,One Loss for All: Deep Hashing with a Single Cosine Similarity based\n Learning Objective,2021,Jiun Tian Hoe; Kam Woh Ng; Tianyu Zhang; Chee Seng Chan; Yi-Zhe Song; Tao Xiang,arXiv (Cornell University),10.48550/arxiv.2109.14449,,https://openalex.org/W4286953491,,,48,"A deep hashing model typically has two main learning objectives: to make the\nlearned binary hash codes discriminative and to minimize a quantization error.\nWith further constraints such as bit balance and code orthogonality, it is not\nuncommon for existing models to employ a large number (&gt;4) of losses. This\nleads to difficulties in model training and subsequently impedes their\neffectiveness. In this work, we propose a novel deep hashing model with only a\nsingle learning objective. Specifically, we show that maximizing the cosine\nsimilarity between the continuous codes and their corresponding binary\northogonal codes can ensure both hash code discriminativeness and quantization\nerror minimization. Further, with this learning objective, code balancing can\nbe achieved by simply using a Batch Normalization (BN) layer and multi-label\nclassification is also straightforward with label smoothing. The result is an\none-loss deep hashing model that removes all the hassles of tuning the weights\nof various losses. Importantly, extensive experiments show that our model is\nhighly effective, outperforming the state-of-the-art multi-loss hashing models\non three large-scale instance retrieval benchmarks, often by significant\nmargins. Code is available at https://github.com/kamwoh/orthohash\n"
10.17863/cam.52,1,False,1,O6,openalex,Planck 2015 results,2016,"Ade, PAR; N. Aghanim; M. Arnaud; Frederico Arroja; M. Ashdown; J. Aumont",ORCA Online Research @Cardiff (Cardiff University),10.17863/cam.52,,https://openalex.org/W2962843235,,,1992,"We present the implications for cosmic inflation of the Planck measurements of the cosmic microwave background (CMB) anisotropies in both temperature and polarization based on the full Planck survey, which includes more than twice the integration time of the nominal survey used for the 2013 release papers. The Planck full mission temperature data and a first release of polarization data on large angular scales measure the spectral index of curvature perturbations to be ns = 0.968 ± 0.006 and tightly constrain its scale dependence to dns/ dlnk = −0.003 ± 0.007 when combined with the Planck lensing likelihood. When the Planck high-ℓ polarization data are included, the results are consistent and uncertainties are further reduced. The upper bound on the tensor-to-scalar ratio is r0.002< 0.11 (95% CL). This upper limit is consistent with the B-mode polarization constraint r< 0.12 (95% CL) obtained from a joint analysis of the BICEP2/Keck Array and Planck data. These results imply that V(φ) ∝ φ2 and natural inflation are now disfavoured compared to models predicting a smaller tensor-to-scalar ratio, such as R2 inflation. We search for several physically motivated deviations from a simple power-law spectrum of curvature perturbations, including those motivated by a reconstruction of the inflaton potential not relying on the slow-roll approximation. We find that such models are not preferred, either according to a Bayesian model comparison or according to a frequentist simulation-based analysis. Three independent methods reconstructing the primordial power spectrum consistently recover a featureless and smooth 𝒫ℛ(k) over the range of scales 0.008 Mpc-1 ≲ k ≲ 0.1 Mpc-1. At large scales, each method finds deviations from a power law, connected to a deficit at multipoles ℓ ≈ 20−40 in the temperature power spectrum, but at an uncompelling statistical significance owing to the large cosmic variance present at these multipoles. By combining power spectrum and non-Gaussianity boun"
10.1038/s42254-021-00348-9,0,False,4,O1;O2;O3;O6,openalex,Variational quantum algorithms,2021,M. Cerezo; Andrew Arrasmith; Ryan Babbush; Simon C. Benjamin; Suguru Endo; Keisuke Fujii,Nature Reviews Physics,10.1038/s42254-021-00348-9,,https://openalex.org/W3111162498,,,3254,
10.1039/d2cs00203e,0,False,3,O1;O2;O6,openalex,Quantum machine learning for chemistry and physics,2022,Manas Sajjan; Junxu Li; Raja Selvarajan; Shree Hari Sureshbabu; Sumit Suresh Kale; Rishabh Gupta,Chemical Society Reviews,10.1039/d2cs00203e,,https://openalex.org/W4285802213,,,160,"Machine learning (ML) has emerged as a formidable force for identifying hidden but pertinent patterns within a given data set with the objective of subsequent generation of automated predictive behavior. In recent years, it is safe to conclude that ML and its close cousin, deep learning (DL), have ushered in unprecedented developments in all areas of physical sciences, especially chemistry. Not only classical variants of ML, even those trainable on near-term quantum hardwares have been developed with promising outcomes. Such algorithms have revolutionized materials design and performance of photovoltaics, electronic structure calculations of ground and excited states of correlated matter, computation of force-fields and potential energy surfaces informing chemical reaction dynamics, reactivity inspired rational strategies of drug designing and even classification of phases of matter with accurate identification of emergent criticality. In this review we shall explicate a subset of such topics and delineate the contributions made by both classical and quantum computing enhanced machine learning algorithms over the past few years. We shall not only present a brief overview of the well-known techniques but also highlight their learning strategies using statistical physical insight. The objective of the review is not only to foster exposition of the aforesaid techniques but also to empower and promote cross-pollination among future research in all areas of chemistry which can benefit from ML and in turn can potentially accelerate the growth of such algorithms."
10.1038/s41524-019-0221-0,0,False,3,O1;O3;O5,openalex,Recent advances and applications of machine learning in solid-state materials science,2019,Jonathan Schmidt; Mário R. G. Marques; Silvana Botti; Miguel A. L. Marques,npj Computational Materials,10.1038/s41524-019-0221-0,,https://openalex.org/W2968923792,,,2642,"Abstract One of the most exciting tools that have entered the material science toolbox in recent years is machine learning. This collection of statistical methods has already proved to be capable of considerably speeding up both fundamental and applied research. At present, we are witnessing an explosion of works that develop and apply machine learning to solid-state systems. We provide a comprehensive overview and analysis of the most recent research in this topic. As a starting point, we introduce machine learning principles, algorithms, descriptors, and databases in materials science. We continue with the description of different machine learning approaches for the discovery of stable materials and the prediction of their crystal structure. Then we discuss research in numerous quantitative structure–property relationships and various approaches for the replacement of first-principle methods by machine learning. We review how active learning and surrogate-based optimization can be applied to improve the rational design process and related examples of applications. Two major questions are always the interpretability of and the physical understanding gained from machine learning models. We consider therefore the different facets of interpretability and their importance in materials science. Finally, we propose solutions and future research paths for various challenges in computational materials science."
10.1016/j.media.2017.07.005,0,False,2,O1;O2,openalex,A survey on deep learning in medical image analysis,2017,Geert Litjens; Thijs Kooi; Babak Ehteshami Bejnordi; Arnaud A. A. Setio; Francesco Ciompi; Mohsen Ghafoorian,Medical Image Analysis,10.1016/j.media.2017.07.005,,https://openalex.org/W2592929672,,,15178,
10.1103/physrevx.11.011020,0,False,2,O1;O5,openalex,Theory of Trotter Error with Commutator Scaling,2021,Andrew M. Childs; Yuan Su; Minh C. Tran; Nathan Wiebe; Shuchen Zhu,Physical Review X,10.1103/physrevx.11.011020,,https://openalex.org/W2995050112,,,481,"Product formulas offer a powerful, simple approach to quantum simulation. A new theory quantifying their errors puts these algorithms on a rigorous foundation, showcasing their superiority over other methods."
tketaretargetablecompilerfornisqdevices,0,False,2,O2;O6,openalex,t|ket> : A retargetable compiler for NISQ devices,2020,Seyon Sivarajah; Silas Dilkes; Alexander Cowtan; Will Simmons; Alec Edgington; Ross Duncan,Strathprints: The University of Strathclyde institutional repository (University of Strathclyde),,,https://openalex.org/W3104914200,,,365,"We present t|ket>, a quantum software development platform produced by Cambridge Quantum Computing Ltd. The heart of t|ket> is a language-agnostic optimising compiler designed to generate code for a variety of NISQ devices, which has several features designed to minimise the influence of device error. The compiler has been extensively benchmarked and outperforms most competitors in terms of circuit optimisation and qubit routing."
10.1103/physrevx.8.011044,0,False,2,O3;O6,openalex,Low-Depth Quantum Simulation of Materials,2018,Ryan Babbush; Nathan Wiebe; Jarrod McClean; James McClain; Hartmut Neven; Garnet Kin-Lic Chan,Physical Review X,10.1103/physrevx.8.011044,,https://openalex.org/W2620582212,,,262,"A proposed quantum algorithm for simulating the electronic structure of materials improves on the efficiency of current approaches, offering a path towards demonstrating quantum supremacy in physical applications."
10.1214/aos/1176347963,0,False,2,O4;O6,openalex,Multivariate Adaptive Regression Splines,1991,Jerome H. Friedman,The Annals of Statistics,10.1214/aos/1176347963,,https://openalex.org/W2102201073,,,8107,"A new method is presented for flexible regression modeling of high dimensional data. The model takes the form of an expansion in product spline basis functions, where the number of basis functions as well as the parameters associated with each one (product degree and knot locations) are automatically determined by the data. This procedure is motivated by the recursive partitioning approach to regression and shares its attractive properties. Unlike recursive partitioning, however, this method produces continuous models with continuous derivatives. It has more power and flexibility to model relationships that are nearly additive or involve interactions in at most a few variables. In addition, the model can be represented in a form that separately identifies the additive contributions and those associated with the different multivariable interactions."
10.1016/j.cpc.2021.108171,0,False,2,O4;O5,openalex,"LAMMPS - a flexible simulation tool for particle-based materials modeling at the atomic, meso, and continuum scales",2021,Aidan P. Thompson; Hasan Metin Aktulga; Richard A. Berger; Dan Bolintineanu; William M. Brown; Paul Crozier,Computer Physics Communications,10.1016/j.cpc.2021.108171,,https://openalex.org/W3201073812,,,12461,"Since the classical molecular dynamics simulator LAMMPS was released as an open source code in 2004, it has become a widely-used tool for particle-based modeling of materials at length scales ranging from atomic to mesoscale to continuum. Reasons for its popularity are that it provides a wide variety of particle interaction models for different materials, that it runs on any platform from a single CPU core to the largest supercomputers with accelerators, and that it gives users control over simulation details, either via the input script or by adding code for new interatomic potentials, constraints, diagnostics, or other features needed for their models. As a result, hundreds of people have contributed new capabilities to LAMMPS and it has grown from fifty thousand lines of code in 2004 to a million lines today. In this paper several of the fundamental algorithms used in LAMMPS are described along with the design strategies which have made it flexible for both users and developers. We also highlight some capabilities recently added to the code which were enabled by this flexibility, including dynamic load balancing, on-the-fly visualization, magnetic spin dynamics models, and quantum-accuracy machine learning interatomic potentials. Program Title: Large-scale Atomic/Molecular Massively Parallel Simulator (LAMMPS) CPC Library link to program files: https://doi.org/10.17632/cxbxs9btsv.1 Developer's repository link: https://github.com/lammps/lammps Licensing provisions: GPLv2 Programming language: C++, Python, C, Fortran Supplementary material: https://www.lammps.org Nature of problem: Many science applications in physics, chemistry, materials science, and related fields require parallel, scalable, and efficient generation of long, stable classical particle dynamics trajectories. Within this common problem definition, there lies a great diversity of use cases, distinguished by different particle interaction models, external constraints, as well as timescales and length"
10.1016/j.jmaa.2020.124211,0,False,2,O4;O5,openalex;zbmath,Tight coefficients of averaged operators via scaled relative graph,2020,Xinmeng Huang; Ernest K. Ryu; Wotao Yin,Journal of Mathematical Analysis and Applications,10.1016/j.jmaa.2020.124211,1912.01593,https://openalex.org/W3024233472,7212778,47J26;90C25,12,The scaled relative graph scheme [\url{arxiv:1902.09788}] is applied for the tightness of some composition averaged operators by an original geometric analysis.
10.1088/0034-4885/70/6/r03,0,False,2,O4;O6,openalex,Making sense of non-Hermitian Hamiltonians,2007,Carl M Bender,Reports on Progress in Physics,10.1088/0034-4885/70/6/r03,,https://openalex.org/W1997323544,,,3010,"The Hamiltonian H specifies the energy levels and time evolution of a quantum theory. A standard axiom of quantum mechanics requires that H be Hermitian because Hermiticity guarantees that the energy spectrum is real and that time evolution is unitary (probability-preserving). This paper describes an alternative formulation of quantum mechanics in which the mathematical axiom of Hermiticity (transpose +complex conjugate) is replaced by the physically transparent condition of space–time reflection ( ) symmetry. If H has an unbroken symmetry, then the spectrum is real. Examples of -symmetric non-Hermitian quantum-mechanical Hamiltonians are and . Amazingly, the energy levels of these Hamiltonians are all real and positive! Does a -symmetric Hamiltonian H specify a physical quantum theory in which the norms of states are positive and time evolution is unitary? The answer is that if H has an unbroken symmetry, then it has another symmetry represented by a linear operator . In terms of , one can construct a time-independent inner product with a positive-definite norm. Thus, -symmetric Hamiltonians describe a new class of complex quantum theories having positive probabilities and unitary time evolution. The Lee model provides an excellent example of a -symmetric Hamiltonian. The renormalized Lee-model Hamiltonian has a negative-norm 'ghost' state because renormalization causes the Hamiltonian to become non-Hermitian. For the past 50 years there have been many attempts to find a physical interpretation for the ghost, but all such attempts failed. The correct interpretation of the ghost is simply that the non-Hermitian Lee-model Hamiltonian is -symmetric. The operator for the Lee model is calculated exactly and in closed form and the ghost is shown to be a physical state having a positive norm. The ideas of symmetry are illustrated by using many quantum-mechanical and quantum-field-theoretic models."
10.1086/382125,0,False,2,O4;O5,openalex,The Three‐Dimensional Power Spectrum of Galaxies from the Sloan Digital Sky Survey,2004,Max Tegmark; Michael R. Blanton; Michael A. Strauss; F. Hoyle; David J. Schlegel; Román Scoccimarro,The Astrophysical Journal,10.1086/382125,,https://openalex.org/W2139900404,,,1782,"We measure the large-scale real-space power spectrum P ( k ) by using a sample of 205,443 galaxies from the Sloan Digital Sky Survey, covering 2417 effective square degrees with mean redshift z ≈ 0.1. We employ a matrix-based method using pseudo-Karhunen-Loève eigenmodes, producing uncorrelated minimum-variance measurements in 22 k -bands of both the clustering power and its anisotropy due to redshift-space distortions, with narrow and well-behaved window functions in the range 0.02 h Mpc -1 < k < 0.3 h Mpc -1 . We pay particular attention to modeling, quantifying, and correcting for potential systematic errors, nonlinear redshift distortions, and the artificial red-tilt caused by luminosity-dependent bias. Our results are robust to omitting angular and radial density fluctuations and are consistent between different parts of the sky. Our final result is a measurement of the real-space matter power spectrum P ( k ) up to an unknown overall multiplicative bias factor. Our calculations suggest that this bias factor is independent of scale to better than a few percent for k < 0.1 h Mpc -1 , thereby making our results useful for precision measurements of cosmological parameters in conjunction with data from other experiments such as the Wilkinson Microwave Anisotropy Probe satellite. The power spectrum is not well-characterized by a single power law but unambiguously shows curvature. As a simple characterization of the data, our measurements are well fitted by a flat scale-invariant adiabatic cosmological model with h Ω m = 0.213 ± 0.023 and σ 8 = 0.89 ± 0.02 for L * galaxies, when fixing the baryon fraction Ω b /Ω m = 0.17 and the Hubble parameter h = 0.72; cosmological interpretation is given in a companion paper."
10.1016/j.physrep.2020.07.006,0,False,2,O4;O5,openalex,The anomalous magnetic moment of the muon in the Standard Model,2020,T. Aoyama; N. Asmussen; M. Benayoun; J. Bijnens; T. Blum; M. Bruno,Physics Reports,10.1016/j.physrep.2020.07.006,,https://openalex.org/W3034678343,,,1208,"We review the present status of the Standard Model calculation of the anomalous magnetic moment of the muon. This is performed in a perturbative expansion in the fine-structure constant α and is broken down into pure QED, electroweak, and hadronic contributions. The pure QED contribution is by far the largest and has been evaluated up to and including O(α5) with negligible numerical uncertainty. The electroweak contribution is suppressed by (mμ∕MW)2 and only shows up at the level of the seventh significant digit. It has been evaluated up to two loops and is known to better than one percent. Hadronic contributions are the most difficult to calculate and are responsible for almost all of the theoretical uncertainty. The leading hadronic contribution appears at O(α2) and is due to hadronic vacuum polarization, whereas at O(α3) the hadronic light-by-light scattering contribution appears. Given the low characteristic scale of this observable, these contributions have to be calculated with nonperturbative methods, in particular, dispersion relations and the lattice approach to QCD. The largest part of this review is dedicated to a detailed account of recent efforts to improve the calculation of these two contributions with either a data-driven, dispersive approach, or a first-principle, lattice-QCD approach. The final result reads aμSM=116591810(43)×10−11 and is smaller than the Brookhaven measurement by 3.7σ. The experimental uncertainty will soon be reduced by up to a factor four by the new experiment currently running at Fermilab, and also by the future J-PARC experiment. This and the prospects to further reduce the theoretical uncertainty in the near future – which are also discussed here – make this quantity one of the most promising places to look for evidence of new physics."
10.48550/arxiv.2012.07436,0,False,1,O1,openalex,Informer: Beyond Efficient Transformer for Long Sequence Time-Series Forecasting,2020,Haoyi Zhou; Shanghang Zhang; Jieqi Peng; Shuai Zhang; Jianxin Li; Hui Xiong,arXiv (Cornell University),10.48550/arxiv.2012.07436,,https://openalex.org/W3111507638,,,478,"Many real-world applications require the prediction of long sequence time-series, such as electricity consumption planning. Long sequence time-series forecasting (LSTF) demands a high prediction capacity of the model, which is the ability to capture precise long-range dependency coupling between output and input efficiently. Recent studies have shown the potential of Transformer to increase the prediction capacity. However, there are several severe issues with Transformer that prevent it from being directly applicable to LSTF, including quadratic time complexity, high memory usage, and inherent limitation of the encoder-decoder architecture. To address these issues, we design an efficient transformer-based model for LSTF, named Informer, with three distinctive characteristics: (i) a $ProbSparse$ self-attention mechanism, which achieves $O(L \log L)$ in time complexity and memory usage, and has comparable performance on sequences' dependency alignment. (ii) the self-attention distilling highlights dominating attention by halving cascading layer input, and efficiently handles extreme long input sequences. (iii) the generative style decoder, while conceptually simple, predicts the long time-series sequences at one forward operation rather than a step-by-step way, which drastically improves the inference speed of long-sequence predictions. Extensive experiments on four large-scale datasets demonstrate that Informer significantly outperforms existing methods and provides a new solution to the LSTF problem."
10.1017/s0962492924000023,0,False,1,O1,openalex,Optimal experimental design: Formulations and computations,2024,Xun Huan; Jayanth Jagalur; Youssef Marzouk,Acta Numerica,10.1017/s0962492924000023,,https://openalex.org/W4402229381,,,70,"Questions of ‘how best to acquire data’ are essential to modelling and prediction in the natural and social sciences, engineering applications, and beyond. Optimal experimental design (OED) formalizes these questions and creates computational methods to answer them. This article presents a systematic survey of modern OED, from its foundations in classical design theory to current research involving OED for complex models. We begin by reviewing criteria used to formulate an OED problem and thus to encode the goal of performing an experiment. We emphasize the flexibility of the Bayesian and decision-theoretic approach, which encompasses information-based criteria that are well-suited to nonlinear and non-Gaussian statistical models. We then discuss methods for estimating or bounding the values of these design criteria; this endeavour can be quite challenging due to strong nonlinearities, high parameter dimension, large per-sample costs, or settings where the model is implicit. A complementary set of computational issues involves optimization methods used to find a design; we discuss such methods in the discrete (combinatorial) setting of observation selection and in settings where an exact design can be continuously parametrized. Finally we present emerging methods for sequential OED that build non-myopic design policies, rather than explicit designs; these methods naturally adapt to the outcomes of past experiments in proposing new experiments, while seeking coordination among all experiments to be performed. Throughout, we highlight important open questions and challenges."
10.18653/v1/2021.acl-long.418,0,False,1,O1,openalex,Enabling Lightweight Fine-tuning for Pre-trained Language Model Compression based on Matrix Product Operators,2021,Peiyu Liu; Ze-Feng Gao; Wayne Xin Zhao; Z. Y. Xie; Zhong-Yi Lu; Ji-Rong Wen,,10.18653/v1/2021.acl-long.418,,https://openalex.org/W3176468671,,,11,"Peiyu Liu, Ze-Feng Gao, Wayne Xin Zhao, Zhi-Yuan Xie, Zhong-Yi Lu, Ji-Rong Wen. Proceedings of the 59th Annual Meeting of the Association for Computational Linguistics and the 11th International Joint Conference on Natural Language Processing (Volume 1: Long Papers). 2021."
10.1090/mcom/3885,0,False,1,O1,openalex,Adaptive symplectic model order reduction of parametric particle-based Vlasov–Poisson equation,2023,Jan S. Hesthaven; Cecilia Pagliantini; Nicolò Ripamonti,Mathematics of Computation,10.1090/mcom/3885,,https://openalex.org/W4386119450,,,16,"High-resolution simulations of particle-based kinetic plasma models typically require a high number of particles and thus often become computationally intractable. This is exacerbated in multi-query simulations, where the problem depends on a set of parameters. In this work, we derive reduced order models for the semi-discrete Hamiltonian system resulting from a geometric particle-in-cell approximation of the parametric Vlasov–Poisson equations. Since the problem’s nondissipative and highly nonlinear nature makes it reducible only locally in time, we adopt a nonlinear reduced basis approach where the reduced phase space evolves in time. This strategy allows a significant reduction in the number of simulated particles, but the evaluation of the nonlinear operators associated with the Vlasov–Poisson coupling remains computationally expensive. We propose a novel reduction of the nonlinear terms that combines adaptive parameter sampling and hyper-reduction techniques to address this. The proposed approach allows decoupling the operations having a cost dependent on the number of particles from those that depend on the instances of the required parameters. In particular, in each time step, the electric potential is approximated via dynamic mode decomposition (DMD) and the particle-to-grid map via a discrete empirical interpolation method (DEIM). These approximations are constructed from data obtained from a past temporal window at a few selected values of the parameters to guarantee a computationally efficient adaptation. The resulting DMD-DEIM reduced dynamical system retains the Hamiltonian structure of the full model, provides good approximations of the solution, and can be solved at a reduced computational cost."
10.1007/s11633-022-1340-5,0,False,1,O1,openalex,Efficient Visual Recognition: A Survey on Recent Advances and Brain-inspired Methodologies,2022,Yang Wu; Dingheng Wang; Xiaotong Lu; Fan Yang; Man Yao; Weisheng Dong,Machine Intelligence Research,10.1007/s11633-022-1340-5,,https://openalex.org/W3197735931,,,18,"Abstract Visual recognition is currently one of the most important and active research areas in computer vision, pattern recognition, and even the general field of artificial intelligence. It has great fundamental importance and strong industrial needs, particularly the modern deep neural networks (DNNs) and some brain-inspired methodologies, have largely boosted the recognition performance on many concrete tasks, with the help of large amounts of training data and new powerful computation resources. Although recognition accuracy is usually the first concern for new progresses, efficiency is actually rather important and sometimes critical for both academic research and industrial applications. Moreover, insightful views on the opportunities and challenges of efficiency are also highly required for the entire community. While general surveys on the efficiency issue have been done from various perspectives, as far as we are aware, scarcely any of them focused on visual recognition systematically, and thus it is unclear which progresses are applicable to it and what else should be concerned. In this survey, we present the review of recent advances with our suggestions on the new possible directions towards improving the efficiency of DNN-related and brain-inspired visual recognition approaches, including efficient network compression and dynamic brain-inspired networks. We investigate not only from the model but also from the data point of view (which is not the case in existing surveys) and focus on four typical data types (images, video, points, and events). This survey attempts to provide a systematic summary via a comprehensive survey that can serve as a valuable reference and inspire both researchers and practitioners working on visual recognition problems."
10.1088/1367-2630/aa65bc,0,False,1,O1,openalex,Critical phenomena and Kibble–Zurek scaling in the long-range quantum Ising chain,2017,Daniel Jaschke; Kenji Maeda; J. D. Whalen; Michael L. Wall; Lincoln D. Carr,New Journal of Physics,10.1088/1367-2630/aa65bc,,https://openalex.org/W2570016612,,,78,"We investigate an extension of the quantum Ising (QI) model in one spatial dimension including long-range interactions in its statics and dynamics with possible applications from heteronuclear polar molecules in optical lattices to trapped ions described by two-state spin systems. We introduce the statics of the system via both numerical techniques with finite size and infinite size matrix product states (MPSs) and a theoretical approaches using a truncated Jordan–Wigner transformation for the ferromagnetic and antiferromagnetic case and show that finite size effects have a crucial role shifting the quantum critical point of the external field by fifteen percent between thirty-two and around five-hundred spins. We numerically study the Kibble–Zurek hypothesis in the long-range QI model with MPSs. A linear quench of the external field through the quantum critical point yields a power-law scaling of the defect density as a function of the total quench time. For example, the increase of the defect density is slower for longer-range models and the critical exponent changes by twenty-five percent. Our study emphasizes the importance of such long-range interactions in statics and dynamics that could point to similar phenomena in a different setup of dynamical systems or for other models."
10.1103/prxquantum.5.037001,0,False,1,O1,openalex,Quantum Computing for High-Energy Physics: State of the Art and Challenges,2024,Alberto Di Meglio; Karl Jansen; Ivano Tavernelli; Constantia Alexandrou; Srinivasan Arunachalam; C. Bauer,PRX Quantum,10.1103/prxquantum.5.037001,,https://openalex.org/W4401331420,,,210,"Quantum computers offer an intriguing path for a paradigmatic change of computing in the natural sciences and beyond, with the potential for achieving a so-called quantum advantage—namely, a significant (in some cases exponential) speedup of numerical simulations. The rapid development of hardware devices with various realizations of qubits enables the execution of small-scale but representative applications on quantum computers. In particular, the high-energy physics community plays a pivotal role in accessing the power of quantum computing, since the field is a driving source for challenging computational problems. This concerns, on the theoretical side, the exploration of models that are very hard or even impossible to address with classical techniques and, on the experimental side, the enormous data challenge of newly emerging experiments, such as the upgrade of the Large Hadron Collider. In this Roadmap paper, led by CERN, DESY, and IBM, we provide the status of high-energy physics quantum computations and give examples of theoretical and experimental target benchmark applications, which can be addressed in the near future. Having in mind hardware with about 100 qubits capable of executing several thousand two-qubit gates, where possible, we also provide resource estimates for the examples given using error-mitigated quantum computing. The ultimate declared goal of this task force is therefore to trigger further research in the high-energy physics community to develop interesting use cases for demonstrations on near-term quantum computers. Published by the American Physical Society 2024"
10.1093/gji/ggw084,0,False,1,O1,openalex,On the use of sensitivity tests in seismic tomography,2016,Nicholas Rawlinson; Wim Spakman,Geophysical Journal International,10.1093/gji/ggw084,,https://openalex.org/W2296199152,,,210,"Sensitivity analysis with synthetic models is widely used in seismic tomography as a means for assessing the spatial resolution of solutions produced by, in most cases, linear or iterative nonlinear inversion schemes.The most common type of synthetic reconstruction test is the so-called checkerboard resolution test in which the synthetic model comprises an alternating pattern of higher and lower wave speed (or some other seismic property such as attenuation) in 2-D or 3-D.Although originally introduced for application to large inverse problems for which formal resolution and covariance could not be computed, these tests have achieved popularity, even when resolution and covariance can be computed, by virtue of being simple to implement and providing rapid and intuitive insight into the reliability of the recovered model.However, checkerboard tests have a number of potential drawbacks, including (1) only providing indirect evidence of quantitative measures of reliability such as resolution and uncertainty, (2) giving a potentially misleading impression of the range of scale-lengths that can be resolved, and (3) not giving a true picture of the structural distortion or smearing that can be caused by the data coverage.The widespread use of synthetic reconstruction tests in seismic tomography is likely to continue for some time yet, so it is important to implement best practice where possible.The goal of this paper is to develop the underlying theory and carry out a series of numerical experiments in order to establish best practice and identify some common pitfalls.Based on our findings, we recommend (1) the use of a discrete spike test involving a sparse distribution of spikes, rather than the use of the conventional tightly spaced checkerboard;(2) using data coverage (e.g.ray-path geometry) inherited from the model constrained by the observations (i.e. the same forward operator or matrix), rather than the data coverage obtained by solving the forward problem through "
10.3390/rs13112232,0,False,1,O1,openalex,Making Use of 3D Models for Plant Physiognomic Analysis: A Review,2021,Abhipray Paturkar; Gourab Sen Gupta; Donald G. Bailey,Remote Sensing,10.3390/rs13112232,,https://openalex.org/W3169336115,,,57,"Use of 3D sensors in plant phenotyping has increased in the last few years. Various image acquisition, 3D representations, 3D model processing and analysis techniques exist to help the researchers. However, a review of approaches, algorithms, and techniques used for 3D plant physiognomic analysis is lacking. In this paper, we investigate the techniques and algorithms used at various stages of processing and analysing 3D models of plants, and identify their current limiting factors. This review will serve potential users as well as new researchers in this field. The focus is on exploring studies monitoring the plant growth of single plants or small scale canopies as opposed to large scale monitoring in the field."
10.1093/gji/ggae131,0,False,1,O1,openalex,2-D probabilistic inversion of MT data and uncertainty quantification using the Hamiltonian Monte Carlo method,2024,Ronghua Peng; Bo Han; Xiangyun Hu; Jianhui Li; Yajun Liu,Geophysical Journal International,10.1093/gji/ggae131,,https://openalex.org/W4394854893,,,12,"SUMMARY Bayesian methods provide a valuable framework for rigorously quantifying the model uncertainty arising from the inherent non-uniqueness in the magnetotelluric (MT) inversion. However, widely used Markov chain Monte Carlo (MCMC) sampling approaches usually require a significant number of model samples for accurate uncertainty estimates, making their applications computationally challenging for 2-D or 3-D MT problems. In this study, we explore the applicability of the Hamiltonian Monte Carlo (HMC) method for 2-D probabilistic MT inversion. The HMC provides a mechanism for efficient exploration in high-dimensional model space by making use of gradient information of the posterior probability distribution, resulting in a substantial reduction in the number of samples needed for reliable uncertainty quantification compared to the conventional MCMC methods. Numerical examples with synthetic data demonstrate that the HMC method achieves rapid convergence to the posterior probability distribution of model parameters with a limited number of model samples, indicating the computational advantages of the HMC in high-dimensional model space. Finally, we applied the developed approach to the COPROD2 field data set. The statistical models derived from the HMC approach agree well with previous results obtained by 2-D deterministic inversions. Most importantly, the probabilistic inversion provides valuable quantitative model uncertainty information associated with the resistivity structures derived from the observed data, which facilitates model interpretation."
algorithmesparalllespourlesdcompositionsdestenseurs,0,False,1,O1,openalex,Algorithmes Parallèles pour les Décompositions des Tenseurs,2017,Oguz Kaya,HAL (Le Centre pour la Communication Scientifique Directe),,,https://openalex.org/W2758691783,,,5,"La factorisation des tenseurs est au coeur des méthodes d'analyse des données massives multidimensionnelles dans de nombreux domaines, dont les systèmes de recommandation, les graphes, les données médicales, le traitement du signal, la chimiométrie, et bien d'autres.Pour toutes ces applications, l'obtention rapide de la décomposition des tenseurs est cruciale pour pouvoir traiter manipuler efficacement les énormes volumes de données en jeu.L'objectif principal de cette thèse est la conception d'algorithmes pour la décomposition de tenseurs multidimensionnels creux, possédant de plusieurs centaines de millions à quelques milliards de coefficients non-nuls. De tels tenseurs sont omniprésents dans les applications citées plus haut.Nous poursuivons cet objectif via trois approches.En premier lieu, nous proposons des algorithmes parallèles à mémoire distribuée, comprenant des schémas de communication point-à-point optimisés, afin de réduire les coûts de communication. Ces algorithmes sont indépendants du partitionnement des éléments du tenseur et des matrices de faible rang. Cette propriété nous permet de proposer des stratégies de partitionnement visant à minimiser le coût de communication tout en préservant l'équilibrage de charge entre les ressources. Nous utilisons des techniques d'hypergraphes pour analyser les paramètres de calcul et de communication de ces algorithmes, ainsi que des outils de partitionnement d'hypergraphe pour déterminer des partitions à même d'offrir un meilleur passage à l'échelle. Deuxièmement, nous étudions la parallélisation sur plate-forme à mémoire partagée de ces algorithmes. Dans ce contexte, nous déterminons soigneusement les tâches de calcul et leur dépendances, et nous les exprimons en termes d'une structure de données idoine, et dont la manipulation permet de révéler le parallélisme intrinsèque du problème. Troisièmement, nous présentons un schéma de calcul en forme d'arbre binaire pour représenter les noyaux de calcul les plus coûteu"
10.1017/9781009180412.003,0,False,1,O1,openalex,Emerging Directions in Geophysical Inversion,2023,A. P. Valentine; Malcolm Sambridge,Cambridge University Press eBooks,10.1017/9781009180412.003,,https://openalex.org/W3205236392,,,10,": In this chapter, we survey some recent developments in the field of geophysical inversion. We aim to provide an accessible general introduction to the breadth of current research, rather than focusing in depth on particular topics. We hope to give the reader an appreciation for the similarities and connections between different approaches, and their relative strengths and weaknesses."
10.1109/jproc.2021.3060483,0,False,1,O1,openalex,Explaining Deep Neural Networks and Beyond: A Review of Methods and Applications,2021,Wojciech Samek; Grégoire Montavon; Sebastian Lapuschkin; Christopher J. Anders; Klaus‐Robert Müller,Proceedings of the IEEE,10.1109/jproc.2021.3060483,,https://openalex.org/W3132191748,,,1437,"With the broader and highly successful usage of machine learning (ML) in industry and the sciences, there has been a growing demand for explainable artificial intelligence (XAI). Interpretability and explanation methods for gaining a better understanding of the problem-solving abilities and strategies of nonlinear ML, in particular, deep neural networks, are, therefore, receiving increased attention. In this work, we aim to: 1) provide a timely overview of this active emerging field, with a focus on “post hoc” explanations, and explain its theoretical foundations; 2) put interpretability algorithms to a test both from a theory and comparative evaluation perspective using extensive simulations; 3) outline best practice aspects, i.e., how to best include interpretation methods into the standard usage of ML; and 4) demonstrate successful usage of XAI in a representative selection of application scenarios. Finally, we discuss challenges and possible future directions of this exciting foundational field of ML."
10.1109/access.2019.2945545,0,False,1,O1,openalex,Comprehensive Review of Artificial Neural Network Applications to Pattern Recognition,2019,Oludare Isaac Abiodun; Muhammad Ubale Kiru; Aman Jantan; Abiodun Esther Omolara; Kemi Victoria Dada; Abubakar Malah Umar,IEEE Access,10.1109/access.2019.2945545,,https://openalex.org/W2979040987,,,754,"The era of artificial neural network (ANN) began with a simplified application in many fields and remarkable success in pattern recognition (PR) even in manufacturing industries. Although significant progress achieved and surveyed in addressing ANN application to PR challenges, nevertheless, some problems are yet to be resolved like whimsical orientation (the unknown path that cannot be accurately calculated due to its directional position). Other problem includes; object classification, location, scaling, neurons behavior analysis in hidden layers, rule, and template matching. Also, the lack of extant literature on the issues associated with ANN application to PR seems to slow down research focus and progress in the field. Hence, there is a need for state-of-the-art in neural networks application to PR to urgently address the above-highlights problems for more successes. The study furnishes readers with a clearer understanding of the current, and new trend in ANN models that effectively addresses PR challenges to enable research focus and topics. Similarly, the comprehensive review reveals the diverse areas of the success of ANN models and their application to PR. In evaluating the performance of ANN models, some statistical indicators for measuring the performance of the ANN model in many studies were adopted. Such as the use of mean absolute percentage error (MAPE), mean absolute error (MAE), root mean squared error (RMSE), and variance of absolute percentage error (VAPE). The result shows that the current ANN models such as GAN, SAE, DBN, RBM, RNN, RBFN, PNN, CNN, SLP, MLP, MLNN, Reservoir computing, and Transformer models are performing excellently in their application to PR tasks. Therefore, the study recommends the research focus on current models and the development of new models concurrently for more successes in the field."
10.1613/jair.1.11674,0,False,1,O1,openalex,Compositionality Decomposed: How do Neural Networks Generalise?,2020,Dieuwke Hupkes; Verna Dankers; Mathijs Mul; Elia Bruni,Journal of Artificial Intelligence Research,10.1613/jair.1.11674,,https://openalex.org/W3017374003,,,200,"Despite a multitude of empirical studies, little consensus exists on whether neural networks are able to generalise compositionally, a controversy that, in part, stems from a lack of agreement about what it means for a neural model to be compositional. As a response to this controversy, we present a set of tests that provide a bridge between, on the one hand, the vast amount of linguistic and philosophical theory about compositionality of language and, on the other, the successful neural models of language. We collect different interpretations of compositionality and translate them into five theoretically grounded tests for models that are formulated on a task-independent level. In particular, we provide tests to investigate (i) if models systematically recombine known parts and rules (ii) if models can extend their predictions beyond the length they have seen in the training data (iii) if models’ composition operations are local or global (iv) if models’ predictions are robust to synonym substitutions and (v) if models favour rules or exceptions during training. To demonstrate the usefulness of this evaluation paradigm, we instantiate these five tests on a highly compositional data set which we dub PCFG SET and apply the resulting tests to three popular sequence-to-sequence models: a recurrent, a convolution-based and a transformer model. We provide an in-depth analysis of the results, which uncover the strengths and weaknesses of these three architectures and point to potential areas of improvement."
10.1038/s43586-022-00121-x,0,False,1,O1,openalex,Nested sampling for physical scientists,2022,G. Ashton; Noam Bernstein; Johannes Büchner; Xi Chen; Gábor Cśanyi; Andrew Fowlie,Nature Reviews Methods Primers,10.1038/s43586-022-00121-x,,https://openalex.org/W4281552525,,,159,
10.48550/arxiv.1512.07108,0,False,1,O1,openalex,Recent Advances in Convolutional Neural Networks,2015,Jiuxiang Gu; Zhenhua Wang; Jason Kuen; Lianyang Ma; Amir Shahroudy; Bing Shuai,arXiv (Cornell University),10.48550/arxiv.1512.07108,,https://openalex.org/W2200374509,,,328,"In the last few years, deep learning has led to very good performance on a variety of problems, such as visual recognition, speech recognition and natural language processing. Among different types of deep neural networks, convolutional neural networks have been most extensively studied. Leveraging on the rapid growth in the amount of the annotated data and the great improvements in the strengths of graphics processor units, the research on convolutional neural networks has been emerged swiftly and achieved state-of-the-art results on various tasks. In this paper, we provide a broad survey of the recent advances in convolutional neural networks. We detailize the improvements of CNN on different aspects, including layer design, activation function, loss function, regularization, optimization and fast computation. Besides, we also introduce various applications of convolutional neural networks in computer vision, speech and natural language processing."
10.1109/tnnls.2021.3070843,0,False,1,O1,openalex,"A Survey on Knowledge Graphs: Representation, Acquisition, and Applications",2021,Shaoxiong Ji; Shirui Pan; Erik Cambria; Pekka Marttinen; Philip S. Yu,IEEE Transactions on Neural Networks and Learning Systems,10.1109/tnnls.2021.3070843,,https://openalex.org/W3003265726,,,2887,"Human knowledge provides a formal understanding of the world. Knowledge graphs that represent structural relations between entities have become an increasingly popular research direction toward cognition and human-level intelligence. In this survey, we provide a comprehensive review of the knowledge graph covering overall research topics about: 1) knowledge graph representation learning; 2) knowledge acquisition and completion; 3) temporal knowledge graph; and 4) knowledge-aware applications and summarize recent breakthroughs and perspective directions to facilitate future research. We propose a full-view categorization and new taxonomies on these topics. Knowledge graph embedding is organized from four aspects of representation space, scoring function, encoding models, and auxiliary information. For knowledge acquisition, especially knowledge graph completion, embedding methods, path inference, and logical rule reasoning are reviewed. We further explore several emerging topics, including metarelational learning, commonsense reasoning, and temporal knowledge graphs. To facilitate future research on knowledge graphs, we also provide a curated collection of data sets and open-source libraries on different tasks. In the end, we have a thorough outlook on several promising research directions."
10.1007/s10462-023-10466-8,0,False,1,O1,openalex,"Deep learning modelling techniques: current progress, applications, advantages, and challenges",2023,Shams Forruque Ahmed; Md. Sakib Bin Alam; Maruf Hassan; Mahtabin Rodela Rozbu; Taoseef Ishtiak; Nazifa Rafa,Artificial Intelligence Review,10.1007/s10462-023-10466-8,,https://openalex.org/W4366091323,,,1048,"Abstract Deep learning (DL) is revolutionizing evidence-based decision-making techniques that can be applied across various sectors. Specifically, it possesses the ability to utilize two or more levels of non-linear feature transformation of the given data via representation learning in order to overcome limitations posed by large datasets. As a multidisciplinary field that is still in its nascent phase, articles that survey DL architectures encompassing the full scope of the field are rather limited. Thus, this paper comprehensively reviews the state-of-art DL modelling techniques and provides insights into their advantages and challenges. It was found that many of the models exhibit a highly domain-specific efficiency and could be trained by two or more methods. However, training DL models can be very time-consuming, expensive, and requires huge samples for better accuracy. Since DL is also susceptible to deception and misclassification and tends to get stuck on local minima, improved optimization of parameters is required to create more robust models. Regardless, DL has already been leading to groundbreaking results in the healthcare, education, security, commercial, industrial, as well as government sectors. Some models, like the convolutional neural network (CNN), generative adversarial networks (GAN), recurrent neural network (RNN), recursive neural networks, and autoencoders, are frequently used, while the potential of other models remains widely unexplored. Pertinently, hybrid conventional DL architectures have the capacity to overcome the challenges experienced by conventional models. Considering that capsule architectures may dominate future DL models, this work aimed to compile information for stakeholders involved in the development and use of DL models in the contemporary world."
10.1145/3743128,0,False,1,O1,openalex,A Survey on Kolmogorov-Arnold Network,2025,Shriyank Somvanshi; Syed Aaqib Javed; Md Monzurul Islam; Diwas Pandit; Subasish Das,ACM Computing Surveys,10.1145/3743128,,https://openalex.org/W4411095744,,,156,"This review study explores the theoretical foundations, evolution, applications, and future potential of Kolmogorov–Arnold Networks (KAN), a neural network model inspired by the Kolmogorov–Arnold representation theorem. KANs set themselves apart from traditional neural networks by employing learnable, spline-parameterized functions rather than fixed activation functions, allowing for flexible and interpretable representations of high-dimensional functions. The review explores Kan’s architectural strengths, including adaptive edge-based activation functions that enhance parameter efficiency and scalability across varied applications such as time series forecasting, computational biomedicine, and graph learning. Key advancements including Temporal-KAN (T-KAN), FastKAN, and Partial Differential Equation (PDE) KAN illustrate KAN’s growing applicability in dynamic environments, significantly improving interpretability, computational efficiency, and adaptability for complex function approximation tasks. Moreover, the article discusses KANs integration with other architectures, such as convolutional, recurrent, and transformer-based models, showcasing its versatility in complementing established neural networks for tasks that require hybrid approaches. Despite its strengths, KAN faces computational challenges in high-dimensional and noisy data settings, sparking continued research into optimization strategies, regularization techniques, and hybrid models. This article highlights KANs expanding role in modern neural architectures and outlines future directions to enhance its computational efficiency, interpretability, and scalability in data-intensive applications."
10.1613/jair.4992,0,False,1,O1,openalex,A Primer on Neural Network Models for Natural Language Processing,2016,Yoav Goldberg,Journal of Artificial Intelligence Research,10.1613/jair.4992,,https://openalex.org/W1888026739,,,160,"Over the past few years, neural networks have re-emerged as powerful machine-learning models, yielding state-of-the-art results in fields such as image recognition and speech processing. More recently, neural network models started to be applied also to textual natural language signals, again with very promising results. This tutorial surveys neural network models from the perspective of natural language processing research, in an attempt to bring natural-language researchers up to speed with the neural techniques. The tutorial covers input encoding for natural language tasks, feed-forward networks, convolutional networks, recurrent networks and recursive networks, as well as the computation graph abstraction for automatic gradient computation."
10.1353/lan.2019.0009,0,False,1,O1,openalex,"Generative Linguistics and Neural Networks at 60: Foundation, Friction, and Fusion",2019,Joe Pater,Language,10.1353/lan.2019.0009,,https://openalex.org/W2905623858,,,93,"The birthdate of both generative linguistics and neural networks can be taken as 1957, the year of the publication of foundational work by both Noam Chomsky and Frank Rosenblatt. This article traces the development of these two approaches to cognitive science, from their largely autonomous early development in the first thirty years, through their collision in the 1980s around the past-tense debate (Rumelhart & McClelland 1986, Pinker & Prince 1988) and their integration in much subsequent work up to the present. Although this integration has produced a considerable body of results, the continued general gulf between these two lines of research is likely impeding progress in both: on learning in generative linguistics, and on the representation of language in neural modeling. The article concludes with a brief argument that generative linguistics is unlikely to fulfill its promise of accounting for language learning if it continues to maintain its distance from neural and statistical approaches to learning."
10.1007/s11831-023-09899-9,0,False,1,O1,openalex,On the Analyses of Medical Images Using Traditional Machine Learning Techniques and Convolutional Neural Networks,2023,Saeed Iqbal; Adnan N. Qureshi; Jianqiang Li; Tariq Mahmood,Archives of Computational Methods in Engineering,10.1007/s11831-023-09899-9,,https://openalex.org/W4362553764,,,203,"Convolutional neural network (CNN) has shown dissuasive accomplishment on different areas especially Object Detection, Segmentation, Reconstruction (2D and 3D), Information Retrieval, Medical Image Registration, Multi-lingual translation, Local language Processing, Anomaly Detection on video and Speech Recognition. CNN is a special type of Neural Network, which has compelling and effective learning ability to learn features at several steps during augmentation of the data. Recently, different interesting and inspiring ideas of Deep Learning (DL) such as different activation functions, hyperparameter optimization, regularization, momentum and loss functions has improved the performance, operation and execution of CNN Different internal architecture innovation of CNN and different representational style of CNN has significantly improved the performance. This survey focuses on internal taxonomy of deep learning, different models of vonvolutional neural network, especially depth and width of models and in addition CNN components, applications and current challenges of deep learning."
10.1103/physrevresearch.2.023068,0,False,1,O1,openalex,Dedalus: A flexible framework for numerical simulations with spectral methods,2020,Keaton J. Burns; Geoffrey M. Vasil; Jeffrey S. Oishi; Daniel Lecoanet; Benjamin P. Brown,Physical Review Research,10.1103/physrevresearch.2.023068,,https://openalex.org/W2944878488,,,489,"This paper describes Dedalus, an open-source Python code for simulating partial differential equations from all areas of physics. Dedalus translates plain-text equations into efficient and parallelized solvers using global spectral methods. Here the authors detail the numerical methods enabling this translation and describe the code's design and implementation. They also illustrate its capabilities with diverse examples, including optical network dynamics, magnetized shocks in plasmas, large-scale oceanic flows, low Reynolds number flows, stellar and atmospheric waves, and diamagnetic levitation."
10.3390/info10040122,0,False,1,O1,openalex,A Survey of Deep Learning Methods for Cyber Security,2019,Daniel S. Berman; Anna L. Buczak; Jeffrey S. Chavis; Cherita Corbett,Information,10.3390/info10040122,,https://openalex.org/W2929803724,,,571,"This survey paper describes a literature review of deep learning (DL) methods for cyber security applications. A short tutorial-style description of each DL method is provided, including deep autoencoders, restricted Boltzmann machines, recurrent neural networks, generative adversarial networks, and several others. Then we discuss how each of the DL methods is used for security applications. We cover a broad array of attack types including malware, spam, insider threats, network intrusions, false data injection, and malicious domain names used by botnets."
10.1007/b72010,0,False,1,O1,openalex,Lattice-Gas Cellular Automata and Lattice Boltzmann Models: An Introduction,2000,Dieter Wolf‐Gladrow,Helmholtz-Zentrum für Polar-und Meeresforschung (Alfred-Wegener-Institut),10.1007/b72010,,https://openalex.org/W1496686022,,,878,
10.3390/e22040446,0,False,1,O1,openalex,What Limits Our Capacity to Process Nested Long-Range Dependencies in Sentence Comprehension?,2020,Yair Lakretz; Stanislas Dehaene; Jean-Rémi King,Entropy,10.3390/e22040446,,https://openalex.org/W3016825020,,,39,"Sentence comprehension requires inferring, from a sequence of words, the structure of syntactic relationships that bind these words into a semantic representation. Our limited ability to build some specific syntactic structures, such as nested center-embedded clauses (e.g., ""The dog that the cat that the mouse bit chased ran away""), suggests a striking capacity limitation of sentence processing, and thus offers a window to understand how the human brain processes sentences. Here, we review the main hypotheses proposed in psycholinguistics to explain such capacity limitation. We then introduce an alternative approach, derived from our recent work on artificial neural networks optimized for language modeling, and predict that capacity limitation derives from the emergence of sparse and feature-specific syntactic units. Unlike psycholinguistic theories, our neural network-based framework provides precise capacity-limit predictions without making any a priori assumptions about the form of the grammar or parser. Finally, we discuss how our framework may clarify the mechanistic underpinning of language processing and its limitations in the human brain."
10.1007/s11831-023-10009-y,0,False,1,O1,openalex,Neural Networks for Constitutive Modeling: From Universal Function Approximators to Advanced Models and the Integration of Physics,2023,Johannes Dornheim; Lukas Morand; Hemanth Janarthanam Nallani; Dirk Helm,Archives of Computational Methods in Engineering,10.1007/s11831-023-10009-y,,https://openalex.org/W4387705023,,,96,"Abstract Analyzing and modeling the constitutive behavior of materials is a core area in materials sciences and a prerequisite for conducting numerical simulations in which the material behavior plays a central role. Constitutive models have been developed since the beginning of the 19th century and are still under constant development. Besides physics-motivated and phenomenological models, during the last decades, the field of constitutive modeling was enriched by the development of machine learning-based constitutive models, especially by using neural networks. The latter is the focus of the present review paper, which aims to give an overview of neural networks-based constitutive models from a methodical perspective. The review summarizes and compares numerous conceptually different neural networks-based approaches for constitutive modeling including neural networks used as universal function approximators, advanced neural network models and neural network approaches with integrated physical knowledge. The upcoming of these methods is in-turn closely related to advances in the area of computer sciences, what further adds a chronological aspect to this review. We conclude the review paper with important challenges in the field of learning constitutive relations that need to be tackled in the near future."
10.1063/5.0006002,0,False,1,O1,openalex,P SI4 1.4: Open-source software for high-throughput quantum chemistry,2020,Daniel G. A. Smith; Lori A. Burns; Andrew C. Simmonett; Robert M. Parrish; Matthew Cole Schieber; Raimondas Galvelis,The Journal of Chemical Physics,10.1063/5.0006002,,https://openalex.org/W3024385728,,,1061,"PSI4 is a free and open-source ab initio electronic structure program providing implementations of Hartree-Fock, density functional theory, many-body perturbation theory, configuration interaction, density cumulant theory, symmetry-adapted perturbation theory, and coupled-cluster theory. Most of the methods are quite efficient, thanks to density fitting and multi-core parallelism. The program is a hybrid of C++ and Python, and calculations may be run with very simple text files or using the Python API, facilitating post-processing and complex workflows; method developers also have access to most of PSI4's core functionalities via Python. Job specification may be passed using The Molecular Sciences Software Institute (MolSSI) QCSCHEMA data format, facilitating interoperability. A rewrite of our top-level computation driver, and concomitant adoption of the MolSSI QCARCHIVE INFRASTRUCTURE project, makes the latest version of PSI4 well suited to distributed computation of large numbers of independent tasks. The project has fostered the development of independent software components that may be reused in other quantum chemistry programs."
10.1016/j.patcog.2017.10.009,0,False,1,O1,openalex,Multiple instance learning: A survey of problem characteristics and applications,2017,Marc‐André Carbonneau; Veronika Cheplygina; Éric Granger; Ghyslain Gagnon,Pattern Recognition,10.1016/j.patcog.2017.10.009,,https://openalex.org/W2560886373,,,752,
10.48550/arxiv.1908.08351,0,False,1,O1,openalex,Compositionality decomposed: how do neural networks generalise?,2019,Dieuwke Hupkes; Verna Dankers; Mathijs Mul; Elia Bruni,arXiv (Cornell University),10.48550/arxiv.1908.08351,,https://openalex.org/W3022131108,,,16,"Despite a multitude of empirical studies, little consensus exists on whether neural networks are able to generalise compositionally, a controversy that, in part, stems from a lack of agreement about what it means for a neural model to be compositional. As a response to this controversy, we present a set of tests that provide a bridge between, on the one hand, the vast amount of linguistic and philosophical theory about compositionality of language and, on the other, the successful neural models of language. We collect different interpretations of compositionality and translate them into five theoretically grounded tests for models that are formulated on a task-independent level. In particular, we provide tests to investigate (i) if models systematically recombine known parts and rules (ii) if models can extend their predictions beyond the length they have seen in the training data (iii) if models' composition operations are local or global (iv) if models' predictions are robust to synonym substitutions and (v) if models favour rules or exceptions during training. To demonstrate the usefulness of this evaluation paradigm, we instantiate these five tests on a highly compositional data set which we dub PCFG SET and apply the resulting tests to three popular sequence-to-sequence models: a recurrent, a convolution-based and a transformer model. We provide an in-depth analysis of the results, which uncover the strengths and weaknesses of these three architectures and point to potential areas of improvement."
10.3847/1538-4365/ab929b,0,False,1,O1,openalex,The Athena++ Adaptive Mesh Refinement Framework: Design and Magnetohydrodynamic Solvers,2020,James M. Stone; Kengo Tomida; Christopher J. White; Kyle G. Felker,The Astrophysical Journal Supplement Series,10.3847/1538-4365/ab929b,,https://openalex.org/W3025571086,,,579,"Abstract The design and implementation of a new framework for adaptive mesh refinement calculations are described. It is intended primarily for applications in astrophysical fluid dynamics, but its flexible and modular design enables its use for a wide variety of physics. The framework works with both uniform and nonuniform grids in Cartesian and curvilinear coordinate systems. It adopts a dynamic execution model based on a simple design called a “task list” that improves parallel performance by overlapping communication and computation, simplifies the inclusion of a diverse range of physics, and even enables multiphysics models involving different physics in different regions of the calculation. We describe physics modules implemented in this framework for both nonrelativistic and relativistic magnetohydrodynamics (MHD). These modules adopt mature and robust algorithms originally developed for the Athena MHD code and incorporate new extensions: support for curvilinear coordinates, higher-order time integrators, more realistic physics such as a general equation of state, and diffusion terms that can be integrated with super-time-stepping algorithms. The modules show excellent performance and scaling, with well over 80% parallel efficiency on over half a million threads. The source code has been made publicly available."
10.2136/vzj2015.09.0131,0,False,1,O1,openalex,"Modeling Soil Processes: Review, Key Challenges, and New Perspectives",2016,Harry Vereecken; Andrea Schnepf; J. W. Hopmans; Mathieu Javaux; Dani Or; Tiina Roose,Vadose Zone Journal,10.2136/vzj2015.09.0131,,https://openalex.org/W2365891644,,,843,"Core Ideas A community effort is needed to move soil modeling forward. Establishing an international soil modeling consortium is key in this respect. There is a need to better integrate existing knowledge in soil models. Integration of data and models is a key challenge in soil modeling. The remarkable complexity of soil and its importance to a wide range of ecosystem services presents major challenges to the modeling of soil processes. Although major progress in soil models has occurred in the last decades, models of soil processes remain disjointed between disciplines or ecosystem services, with considerable uncertainty remaining in the quality of predictions and several challenges that remain yet to be addressed. First, there is a need to improve exchange of knowledge and experience among the different disciplines in soil science and to reach out to other Earth science communities. Second, the community needs to develop a new generation of soil models based on a systemic approach comprising relevant physical, chemical, and biological processes to address critical knowledge gaps in our understanding of soil processes and their interactions. Overcoming these challenges will facilitate exchanges between soil modeling and climate, plant, and social science modeling communities. It will allow us to contribute to preserve and improve our assessment of ecosystem services and advance our understanding of climate‐change feedback mechanisms, among others, thereby facilitating and strengthening communication among scientific disciplines and society. We review the role of modeling soil processes in quantifying key soil processes that shape ecosystem services, with a focus on provisioning and regulating services. We then identify key challenges in modeling soil processes, including the systematic incorporation of heterogeneity and uncertainty, the integration of data and models, and strategies for effective integration of knowledge on physical, chemical, and biological soil p"
10.48550/arxiv.2302.09149,0,False,1,O2,openalex,An Incremental Singular Value Decomposition Approach for Large-Scale Spatially Parallel & Distributed but Temporally Serial Data -- Applied to Technical Flows,2023,Niklas Kühl; Hendrik Fischer; Michael Hinze; Thomas Rung,arXiv (Cornell University),10.48550/arxiv.2302.09149,,https://openalex.org/W4321472040,,,1,"The paper presents a strategy to construct an incremental Singular Value Decomposition (SVD) for time-evolving, spatially 3D discrete data sets. A low memory access procedure for reducing and deploying the snapshot data is presented. Considered examples refer to Computational Fluid Dynamic (CFD) results extracted from unsteady flow simulations, which are computed spatially parallel using domain decomposition strategies. The framework addresses state of the art PDE-solvers dedicated to practical applications. Although the approach is applied to technical flows, it is applicable in similar applications under the umbrella of Computational Science and Engineering (CSE). To this end, we introduce a bunch matrix that allows the aggregation of multiple time steps and SVD updates, and significantly increases the computational efficiency. The incremental SVD strategy is initially verified and validated by simulating the 2D laminar single-phase flow around a circular cylinder. Subsequent studies analyze the proposed strategy for a 2D submerged hydrofoil located in turbulent two-phase flows. Attention is directed to the accuracy of the SVD-based reconstruction based on local and global flow quantities, their physical realizability, the independence of the domain partitioning, and related implementation aspects. Moreover, the influence of lower and (adaptive) upper construction rank thresholds on both the effort and the accuracy are assessed. The incremental SVD process is applied to analyze and compress the predicted flow field around a Kriso container ship in harmonic head waves at Fn = 0.26 and ReL = 1.4E+07. With a numerical overhead of O(10%), the snapshot matrix of size O(R10E+08 x 10E+04) computed on approximately 3000 processors can be incrementally compressed by O(95%). The storage reduction is accompanied by errors in integral force and local wave elevation quantities of O(1E-02%)."
10.1063/5.0005188,0,False,1,O2,openalex,Recent developments in the general atomic and molecular electronic structure system,2020,Giuseppe M. J. Barca; Colleen Bertoni; Laura Carrington; Dipayan Datta; Nuwan De Silva; J. Emiliano Deustua,The Journal of Chemical Physics,10.1063/5.0005188,,https://openalex.org/W3017260797,,,1487,"A discussion of many of the recently implemented features of GAMESS (General Atomic and Molecular Electronic Structure System) and LibCChem (the C++ CPU/GPU library associated with GAMESS) is presented. These features include fragmentation methods such as the fragment molecular orbital, effective fragment potential and effective fragment molecular orbital methods, hybrid MPI/OpenMP approaches to Hartree-Fock, and resolution of the identity second order perturbation theory. Many new coupled cluster theory methods have been implemented in GAMESS, as have multiple levels of density functional/tight binding theory. The role of accelerators, especially graphical processing units, is discussed in the context of the new features of LibCChem, as it is the associated problem of power consumption as the power of computers increases dramatically. The process by which a complex program suite such as GAMESS is maintained and developed is considered. Future developments are briefly summarized."
10.1016/j.xcrp.2021.100359,0,False,1,O2,openalex,Development of robust neural-network interatomic potential for molten salt,2021,Qing‐Jie Li; Emine Küçükbenli; Stephen Lam; Boris Khaykovich; Efthimios Kaxiras; Ju Li,Cell Reports Physical Science,10.1016/j.xcrp.2021.100359,,https://openalex.org/W3135881192,,,77,"Molten salts are a promising class of ionic liquids for clean energy applications, such as nuclear and solar energy. However, efficient and accurate evaluation of salt properties from a fundamental, microscopic perspective remains a challenge. Here, we apply artificial neural networks to atomistic modeling of molten NaCl to accurately reproduce the properties from ab initio quantum mechanical calculations based on density functional theory (DFT). The obtained neural network interatomic potential (NNIP) effectively captures the effects of both long-range and short-range interactions, which are crucial for modeling ionic liquids. Extensive validations suggest that the NNIP is capable of predicting the structural, thermophysical, and transport properties of molten NaCl as well as properties of crystalline NaCl, demonstrating near-DFT accuracy and 103× higher efficiency in atomistic simulations. This application of NNIP suggests a paradigm shift from empirical/semiempirical/ab initio approaches to an efficient and accurate machine learning scheme in molten salt modeling."
10.23919/jsee.2023.000080,0,False,1,O2,openalex,Complex systems and network science: a survey,2023,Kewei Yang; Jichao Li; Maidi Liu; Tianyang Lei; Xueming Xu; Hongqian Wu,Journal of Systems Engineering and Electronics,10.23919/jsee.2023.000080,,https://openalex.org/W4384518057,,,55,"Complex systems widely exist in nature and human society. There are complex interactions between system elements in a complex system, and systems show complex features at the macro level, such as emergence, self-organization, uncertainty, and dynamics. These complex features make it difficult to understand the internal operation mechanism of complex systems. Networked modeling of complex systems is a favorable means of understanding complex systems. It not only represents complex interactions but also reflects essential attributes of complex systems. This paper summarizes the research progress of complex systems modeling and analysis from the perspective of network science, including networked modeling, vital node analysis, network invulnerability analysis, network disintegration analysis, resilience analysis, complex network link prediction, and the attacker-defender game in complex networks. In addition, this paper presents some points of view on the trend and focus of future research on network analysis of complex systems."
10.1016/j.sysarc.2024.103114,0,False,1,O2,openalex,Adaptive approximate computing in edge AI and IoT applications: A review,2024,Hans Jakob Damsgaard; Antoine Grenier; Dewant Katare; Zain Taufique; Salar Shakibhamedan; Tiago Troccoli,Journal of Systems Architecture,10.1016/j.sysarc.2024.103114,,https://openalex.org/W4392888180,,,52,"Recent advancements in hardware and software systems have been driven by the deployment of emerging smart health and mobility applications. These developments have modernized the traditional approaches by replacing conventional computing systems with cyber-physical and intelligent systems combining the Internet of Things (IoT) with Edge Artificial Intelligence. Despite the many advantages and opportunities of these systems within various application domains, the scarcity of energy, extensive computing needs, and limited communication must be considered when orchestrating their deployment. Inducing savings in these directions is central to the Approximate Computing (AxC) paradigm, in which the accuracy of some operations is traded off with energy, latency, and/or communication reductions. Unfortunately, the dynamics of the environments in which AxC-equipped IoT systems operate have been paid little attention. We bridge this gap by surveying adaptive AxC techniques applied to three emerging application domains, namely autonomous driving, smart sensing and wearables, and positioning, paying special attention to hardware acceleration. We discuss the challenges of such applications, how adaptive AxC can aid their deployment, and which savings it can bring based on traits of the data and devices involved. Insights arising thereof may serve as inspiration to researchers, engineers, and students active within the considered domains."
10.1109/access.2024.3382189,0,False,1,O2,openalex,Applications of Zeroing Neural Networks: A Survey,2024,Tinglei Wang; Zhen Zhang; Yun Huang; Bolin Liao; Shuai Li,IEEE Access,10.1109/access.2024.3382189,,https://openalex.org/W4393217324,,,29,"Time-varying problems are prevalent in engineering, presenting a significant challenge due to the fluctuations in parameters and goals at different time points. The Zeroing Neural Network (ZNN), a specialized form of Recurrent Neural Network (RNN) developed by Zhang et al., has gained attention for its rapid convergence speed and robustness making it a valuable tool for real-time solving of diverse time-varying problems. This review article explores the practical applications of ZNN across various domains in the past two decades, specifically focusing on robot manipulator path tracking, motion planning, and chaotic systems. The comprehensive scope of this review is essential for researchers and beginners looking to grasp the efficacy of ZNN in addressing practical challenges in diverse fields."
10.1016/j.sysarc.2023.102990,0,False,1,O2,openalex,A survey of techniques for optimizing transformer inference,2023,Krishna Teja Chitty-Venkata; Sparsh Mittal; Murali Emani; Venkatram Vishwanath; Arun K. Somani,Journal of Systems Architecture,10.1016/j.sysarc.2023.102990,,https://openalex.org/W4386826409,,,146,
10.1561/9781638280514,0,False,1,O2,openalex,Statistical Analysis of Networks,2022,Konstantin Avrachenkov; Maximilien Dreveton,,10.1561/9781638280514,,https://openalex.org/W4312707388,,,16,"The ebook edition of this title is Open Access and freely available to read online. This book is a general introduction to the statistical analysis of networks, and can serve both as a research monograph and as a textbook. Numerous fundamental tools and concepts needed for the analysis of networks are presented, such as network modeling, community detection, graph-based semi-supervised learning and sampling in networks. The description of these concepts is self-contained, with both theoretical justifications and applications provided for the presented algorithms. Researchers, including postgraduate students, working in the area of network science, complex network analysis, or social network analysis, will find up-to-date statistical methods relevant to their research tasks. This book can also serve as textbook material for courses related to the statistical approach to the analysis of complex networks. In general, the chapters are fairly independent and self-supporting, and the book could be used for course composition “à la carte”. Nevertheless, Chapter 2 is needed to a certain degree for all parts of the book. It is also recommended to read Chapter 4 before reading Chapters 5 and 6, but this is not absolutely necessary. Reading Chapter 3 can also be helpful before reading Chapters 5 and 7. As prerequisites for reading this book, a basic knowledge in probability, linear algebra and elementary notions of graph theory is advised. Appendices describing required notions from the above mentioned disciplines have been added to help readers gain further understanding."
10.4230/lipics.giscience.2025.3,0,False,1,O2,openalex,Enriching Location Representation with Detailed Semantic Information,2024,"Grattafiori, Aaron; Dubey, Abhimanyu; Jauhri, Abhinav; Pandey, Abhinav; Kadian, Abhishek; Al-Dahle, Ahmad",arXiv (Cornell University),10.4230/lipics.giscience.2025.3,,https://openalex.org/W4401306886,,,455,"Cyber-physical systems (CPS) are critical to modern infrastructure, but are vulnerable to faults and anomalies that threaten their operational safety. In this work, we evaluate the use of open-source Large Language Models (LLMs), such as Mistral 7B, Llama3.1:8b-instruct-fp16, and others to detect anomalies in two distinct datasets: battery management and powertrain systems. Our methodology utilises retrieval-augmented generation (RAG) techniques, incorporating a novel two-step process where LLMs first infer operational rules from normal behavior before applying these rules for fault detection. During the experiments, we found that the original prompt design yielded strong results for the battery dataset but required modification for the powertrain dataset to improve performance. The adjusted prompt, which emphasises rule inference, significantly improved anomaly detection for the powertrain dataset. Experimental results show that models like Mistral 7B achieved F1-scores up to 0.99, while Llama3.1:8b-instruct-fp16 and Gemma 2 reached perfect F1-scores of 1.0 in complex scenarios. These findings demonstrate the impact of effective prompt design and rule inference in improving LLM-based fault detection for CPS, contributing to increased operational resilience."
autonomiccorenetworkmanagementsystem,0,False,1,O2,openalex,Autonomic Core Network Management System,2009,Ali Tizghadam,Library and Archives Canada (Government of Canada),,,https://openalex.org/W2600241963,,,13,"This thesis presents an approach to the design and management of core networks where the packet transport is the main service and the backbone should be able to respond to unforeseen changes in network parameters in order to provide smooth and reliable service for the customers. Inspired by Darwin's seminal work describing the long-term processes in life, and with the help of graph theoretic metrics, in particular the ""random-walk betweenness"", we assign a survival value, the network criticality, to a communication network to quantify its robustness.\nWe show that the random-walk betweenness of a node (link) consists of the product of two terms, a global measure which is fixed for all the nodes (links) and a local graph measure which is in fact the weight of the node (link). The network criticality is defined as the global part of the betweenness of a node (link). We show that the network criticality is a monotone decreasing, and strictly convex function of the weight matrix of the network graph.\nWe argue that any communication network can be modeled as a topology that evolves based on survivability and performance requirements. The evolution should be in the direction of decreasing the network criticality, which in turn increases the network robustness. We use network criticality as the main control parameter and we propose a network management system, AutoNet, to guide the network evolution in real time. AutoNet consists of two autonomic loops, the slow loop to control the long-term evolution of robustness throughout the whole network, and the fast loop to account for short-term performance and robustness issues. We investigate the dynamics of network criticality and we develop a convex optimization problem to minimize the network criticality. We propose a network design procedure based on the optimization problem which can be used to develop the long-term autonomic loop for AutoNet. Furthermore, we use the properties of the duality gap of the optimization proble"
10.1145/3746709.3746773,0,False,1,O2,openalex,A Survey On Neural Network Quantization,2025,Jiawei Yang; Zhongbo Li; Zeqin Feng; Yongqiang Xie,,10.1145/3746709.3746773,,https://openalex.org/W4413845183,,,9,"In recent years, with the extensive implementation of neural network models in fields such as computer vision and natural language processing, the issue of substantial model parameters and significant computational resource utilization has come to the fore. Neural network quantization techniques have emerged as a primary solution to address the constraints imposed by model deployment resources by reducing the numerical precision both of model parameters (include weights, activation values and gradients). This paper undertakes a systematic exploration of quantization methods employed in traditional neural networks, including Convolutional Neural Networks and Recurrent Neural Networks, as well as neural networks based on the Transformer architecture. It delves into the technical distinctions between these methods and examines the challenges and limitations in their application. Additionally, it discusses the future directions and trends in this field."
10.1016/j.comnet.2022.108820,0,False,1,O2,openalex,A survey: Distributed Machine Learning for 5G and beyond,2022,Omar Nassef; Wenting Sun; Hakimeh Purmehdi; Mallik Tatipamula; Toktam Mahmoodi,Computer Networks,10.1016/j.comnet.2022.108820,,https://openalex.org/W4211055935,,,75,"5G is the fifth generation of cellular networks. It enables billions of connected devices to gather and share information in real time; a key facilitator in Industrial Internet of Things (IoT) applications. It has more capabilities in terms of bandwidth, latency/delay, processing powers and flexibility to utilize either edge or cloud resources. Furthermore, 6G is expected to be equipped with the new capability to converge ubiquitous communication, computation, sensing and controlling for a variety of sectors, which heightens the complexity in a more heterogeneous environment This increased complexity, combined with energy efficiency and Service Level Agreement (SLA) requirements makes application of Machine Learning (ML) and distributed ML necessary. A decentralized approach stemming from distributed learning is a very attractive option compared with a centralized architecture for model learning and inference. Distributed ML exploits recent Artificial Intelligence (AI) technology advancements to allow collaborated ML, whilst safeguarding private data, minimizing both communication and computation overhead along with addressing ultra-low latency requirements. In this paper, we review a number of distributed ML architectures and designs, that focus on optimizing communication, computation and resource distribution. Privacy, information security and compute frameworks, are also analyzed and compared with respect to different distributed ML approaches. We summarize the major contributions and trends in this area and highlight the potential of distributed ML to help researchers and practitioners make informed decisions on selecting the right ML approach for 5G and Beyond related AI applications. To enable distributed ML for 5G and Beyond, communication, security, and computing platform often counter balance each other, thus, consideration and optimization of these aspects at an overall system level is crucial to realize the full potential of AI for 5G and Beyond. These d"
10.1128/msystems.01001-23,0,False,1,O2,openalex,A data-driven approach for timescale decomposition of biochemical reaction networks,2024,Amir Akbari; Zachary B. Haiman; Bernhard Ø. Palsson,mSystems,10.1128/msystems.01001-23,,https://openalex.org/W4391138796,,,9,"Understanding the dynamics of biological systems in evolving environments is a challenge due to their scale and complexity. Here, we present a computational framework for the timescale decomposition of biochemical reaction networks to distill essential patterns from their intricate dynamics. This approach identifies timescale hierarchies, concentration pools, and coherent structures from time-series data, providing a system-level description of reaction networks at physiologically important timescales. We apply this technique to kinetic models of hypothetical and biological pathways, validating it by reproducing analytically characterized or previously known concentration pools of these pathways. Moreover, by analyzing the timescale hierarchy of the glycolytic pathway, we elucidate the connections between the stoichiometric and dissipative structures of reaction networks and the temporal organization of coherent structures. Specifically, we show that glycolysis is a cofactor-driven pathway, the slowest dynamics of which are described by a balance between high-energy phosphate bond and redox trafficking. Overall, this approach provides more biologically interpretable characterizations of network dynamics than large-scale kinetic models, thus facilitating model reduction and personalized medicine applications. IMPORTANCE Complex interactions within interconnected biochemical reaction networks enable cellular responses to a wide range of unpredictable environmental perturbations. Understanding how biological functions arise from these intricate interactions has been a long-standing problem in biology. Here, we introduce a computational approach to dissect complex biological systems' dynamics in evolving environments. This approach characterizes the timescale hierarchies of complex reaction networks, offering a system-level understanding at physiologically relevant timescales. Analyzing various hypothetical and biological pathways, we show how stoichiometric properties "
10.1007/s10444-024-10175-y,0,False,1,O2,openalex,Macro-micro decomposition for consistent and conservative model order reduction of hyperbolic shallow water moment equations: a study using POD-Galerkin and dynamical low-rank approximation,2024,Julian Koellermeier; Philipp Krah; Jonas Kusch,Advances in Computational Mathematics,10.1007/s10444-024-10175-y,,https://openalex.org/W4400688262,,,10,"Abstract Geophysical flow simulations using hyperbolic shallow water moment equations require an efficient discretization of a potentially large system of PDEs, the so-called moment system. This calls for tailored model order reduction techniques that allow for efficient and accurate simulations while guaranteeing physical properties like mass conservation. In this paper, we develop the first model reduction for the hyperbolic shallow water moment equations and achieve mass conservation. This is accomplished using a macro-micro decomposition of the model into a macroscopic (conservative) part and a microscopic (non-conservative) part with subsequent model reduction using either POD-Galerkin or dynamical low-rank approximation only on the microscopic (non-conservative) part. Numerical experiments showcase the performance of the new model reduction methods including high accuracy and fast computation times together with guaranteed conservation and consistency properties."
10.1109/comst.2020.2970550,0,False,1,O2,openalex,Convergence of Edge Computing and Deep Learning: A Comprehensive Survey,2020,Xiaofei Wang; Yiwen Han; Victor C. M. Leung; Dusit Niyato; Xueqiang Yan; Xu Chen,IEEE Communications Surveys & Tutorials,10.1109/comst.2020.2970550,,https://openalex.org/W2962814013,,,1499,"Ubiquitous sensors and smart devices from factories and communities are generating massive amounts of data, and ever-increasing computing power is driving the core of computation and services from the cloud to the edge of the network. As an important enabler broadly changing people's lives, from face recognition to ambitious smart factories and cities, developments of artificial intelligence (especially deep learning, DL) based applications and services are thriving. However, due to efficiency and latency issues, the current cloud computing service architecture hinders the vision of “providing artificial intelligence for every person and every organization at everywhere”. Thus, unleashing DL services using resources at the network edge near the data sources has emerged as a desirable solution. Therefore, edge intelligence, aiming to facilitate the deployment of DL services by edge computing, has received significant attention. In addition, DL, as the representative technique of artificial intelligence, can be integrated into edge computing frameworks to build intelligent edge for dynamic, adaptive edge maintenance and management. With regard to mutually beneficial edge intelligence and intelligent edge, this paper introduces and discusses: 1) the application scenarios of both; 2) the practical implementation methods and enabling technologies, namely DL training and inference in the customized edge computing framework; 3) challenges and future trends of more pervasive and fine-grained intelligence. We believe that by consolidating information scattered across the communication, networking, and DL areas, this survey can help readers to understand the connections between enabling technologies while promoting further discussions on the fusion of edge intelligence and intelligent edge, i.e., Edge DL."
10.1007/s11704-026-60308-3,0,False,1,O2,openalex,A Survey of Large Language Models,2026,Wayne Xin Zhao; Kun Zhou; Junyi Li; Tianyi Tang; Zican Dong; Yupeng Hou,Frontiers of Computer Science,10.1007/s11704-026-60308-3,,https://openalex.org/W4362515116,,,1533,"Abstract The rapid evolution of large language models (LLMs) has driven a transformative shift in artificial intelligence (AI), reshaping both research paradigms and practical applications. Distinguished from their predecessors by unprecedented scale and advanced capabilities, LLMs necessitate new frameworks for understanding their development, behavior, and societal impact. This survey systematically reviews recent advancements in LLM techniques across four key dimensions: (1) pre-training methodologies, which establish core model capabilities through large-scale self-supervised training, architectural innovations, and data curation strategies; (2) post-training techniques, including supervised fine-tuning and reinforcement learning, which adapt foundational models to downstream tasks and enhance their alignment and safety; (3) utilization strategies, such as in-context learning, prompt engineering, and agentic reasoning, that optimize real-world deployment and enable effective interaction with external environments; and (4) evaluation methods, encompassing benchmarks for key ability dimensions such as core language capabilities, reasoning, and safety, which support comprehensive and reliable assessment of model performance. Additionally, we identify critical research issues, including those concerning theoretical foundations, efficient scaling, alignment, and agentic capability, and highlight the open challenges they present. By synthesizing state-of-the-art insights and emerging trends, this survey aims to provide a systematic and comprehensive framework for understanding the trajectory, current limitations, and future directions of LLM progress."
10.1145/1015706.1015817,0,False,1,O2,openalex,Variational shape approximation,2004,David Cohen‐Steiner; Pierre Alliez; Mathieu Desbrun,ACM Transactions on Graphics,10.1145/1015706.1015817,,https://openalex.org/W2137419625,,,640,"A method for concise, faithful approximation of complex 3D datasets is key to reducing the computational cost of graphics applications. Despite numerous applications ranging from geometry compression to reverse engineering, efficiently capturing the geometry of a surface remains a tedious task. In this paper, we present both theoretical and practical contributions that result in a novel and versatile framework for geometric approximation of surfaces. We depart from the usual strategy by casting shape approximation as a variational geometric partitioning problem. Using the concept of geometric proxies, we drive the distortion error down through repeated clustering of faces into best-fitting regions. Our approach is entirely discrete and error-driven, and does not require parameterization or local estimations of differential quantities. We also introduce a new metric based on normal deviation, and demonstrate its superior behavior at capturing anisotropy."
10.1186/s13174-018-0087-2,0,False,1,O2,openalex,"A comprehensive survey on machine learning for networking: evolution, applications and research opportunities",2018,Raouf Boutaba; Mohammad A. Salahuddin; Noura Limam; Sara Ayoubi; Nashid Shahriar; Felipe Estrada‐Solano,Journal of Internet Services and Applications,10.1186/s13174-018-0087-2,,https://openalex.org/W2809684781,,,1022,"Machine Learning (ML) has been enjoying an unprecedented surge in applications that solve problems and enable automation in diverse domains. Primarily, this is due to the explosion in the availability of data, significant improvements in ML techniques, and advancement in computing capabilities. Undoubtedly, ML has been applied to various mundane and complex problems arising in network operation and management. There are various surveys on ML for specific areas in networking or for specific network technologies. This survey is original, since it jointly presents the application of diverse ML techniques in various key areas of networking across different network technologies. In this way, readers will benefit from a comprehensive discussion on the different learning paradigms and ML techniques applied to fundamental problems in networking, including traffic prediction, routing and classification, congestion control, resource and fault management, QoS and QoE management, and network security. Furthermore, this survey delineates the limitations, give insights, research challenges and future opportunities to advance ML in networking. Therefore, this is a timely contribution of the implications of ML for networking, that is pushing the barriers of autonomic network operation and management."
10.1016/s1474-4422(22)00309-x,0,False,1,O2,openalex,"Traumatic brain injury: progress and challenges in prevention, clinical care, and research",2022,Andrew I.R. Maas; David Menon; Geoffrey T. Manley; Mathew Abrams; Cecilia Åkerlund; Nada Anđelić,The Lancet Neurology,10.1016/s1474-4422(22)00309-x,,https://openalex.org/W4297983178,,,1496,"This Commission covers a range of topics that need to be addressed to confront the global burden of TBI and reduce its effects on individuals and society: epidemiology (section 1); health economics (section 2); prevention (section 3); systems of care (section 4); clinical management (section 5); characterisation of TBI (section 6); outcome assessment (section 7); prognosis (section 8); and new directions for acquiring and implementing evidence (section 9).Table 1 summarises key messages from the Commission and provides recommendations to advance clinical care and research in TBI.We must increase awareness of the scale of the challenge posed by TBI.If we are to tackle the individual and societal burden of TBI, these efforts need to go beyond a clinical and research audience and address the public, politicians, and other stakeholders.We need to develop and implement policies for better prevention and systems of care in order to improve outcomes for individuals with TBI.We also need a commitment to substantial long-term investment in TBI research across a range of disciplines to determine best practice and facilitate individualised management strategies.A combination of innovative research methods and global collaboration, and ways to effectively translate progress in basic and clinical research into clinical practice and public health policy, will be vital for progress in the field. Key messages Assess responses in three domainsEye (score range 1-4) Motor (score range 1-6) Verbal (score range 1-5) Add scores from the three components to give a sum score (3-15) GCS 13-15: mild TBI GCS 9-12: moderate TBI GCS 3-8: severe TBI Panel 2: Definitions of traumatic brain injuryWorld Health Organization definition 39 ""...an acute brain injury resulting from mechanical energy to the head from external physical forces"", excluding manifestations relating to ""drugs, alcohol, medications, caused by other injuries or treatment for other injuries (eg, systemic injuries, facial injuries"
10.1145/3603269.3604857,0,False,1,O2,openalex,Teal: Learning-Accelerated Optimization of WAN Traffic Engineering,2023,Zhiying Xu; Francis Y. Yan; Rachee Singh; Justin Chiu; Alexander M. Rush; Minlan Yu,,10.1145/3603269.3604857,,https://openalex.org/W4386385565,,,93,The rapid expansion of global cloud wide-area networks (WANs) has posed a challenge for commercial optimization engines to efficiently solve network traffic engineering (TE) problems at scale. Existing acceleration strategies decompose TE optimization into concurrent subproblems but realize limited parallelism due to an inherent tradeoff between run time and allocation performance.
10.28945/479,0,False,1,O2,openalex,A Systems Approach to Conduct an Effective Literature Review in Support of Information Systems Research,2006,Yair Levy; Timothy J. Ellis,Informing Science The International Journal of an Emerging Transdiscipline,10.28945/479,,https://openalex.org/W2124975206,,,1588,"An international association advancing the multidisciplinary study of informing systems. Founded in 1998, the Informing Science Institute (ISI) is a global community of academics shaping the future of informing science."
10.1016/j.biotechadv.2023.108305,0,False,1,O2,openalex,Resource allocation in mammalian systems,2024,Hratch Baghdassarian; Nathan E. Lewis,Biotechnology Advances,10.1016/j.biotechadv.2023.108305,,https://openalex.org/W4390748636,,,16,
10.22331/q-2024-03-14-1287,0,False,1,O2,openalex,Can Error Mitigation Improve Trainability of Noisy Variational Quantum Algorithms?,2024,Samson Wang; Piotr Czarnik; Andrew Arrasmith; M. Cerezo; Łukasz Cincio; Patrick J. Coles,Quantum,10.22331/q-2024-03-14-1287,,https://openalex.org/W4392799106,,,43,"Variational Quantum Algorithms (VQAs) are often viewed as the best hope for near-term quantum advantage. However, recent studies have shown that noise can severely limit the trainability of VQAs, e.g., by exponentially flattening the cost landscape and suppressing the magnitudes of cost gradients. Error Mitigation (EM) shows promise in reducing the impact of noise on near-term devices. Thus, it is natural to ask whether EM can improve the trainability of VQAs. In this work, we first show that, for a broad class of EM strategies, exponential cost concentration cannot be resolved without committing exponential resources elsewhere. This class of strategies includes as special cases Zero Noise Extrapolation, Virtual Distillation, Probabilistic Error Cancellation, and Clifford Data Regression. Second, we perform analytical and numerical analysis of these EM protocols, and we find that some of them (e.g., Virtual Distillation) can make it harder to resolve cost function values compared to running no EM at all. As a positive result, we do find numerical evidence that Clifford Data Regression (CDR) can aid the training process in certain settings where cost concentration is not too severe. Our results show that care should be taken in applying EM protocols as they can either worsen or not improve trainability. On the other hand, our positive results for CDR highlight the possibility of engineering error mitigation methods to improve trainability."
10.48550/arxiv.2109.01051,0,False,1,O2,openalex,Can Error Mitigation Improve Trainability of Noisy Variational Quantum Algorithms?,2021,Samson Wang; Piotr Czarnik; Andrew Arrasmith; M. Cerezo; Łukasz Cincio; Patrick J. Coles,arXiv (Cornell University),10.48550/arxiv.2109.01051,,https://openalex.org/W3198794055,,,38,"Variational Quantum Algorithms (VQAs) are often viewed as the best hope for near-term quantum advantage. However, recent studies have shown that noise can severely limit the trainability of VQAs, e.g., by exponentially flattening the cost landscape and suppressing the magnitudes of cost gradients. Error Mitigation (EM) shows promise in reducing the impact of noise on near-term devices. Thus, it is natural to ask whether EM can improve the trainability of VQAs. In this work, we first show that, for a broad class of EM strategies, exponential cost concentration cannot be resolved without committing exponential resources elsewhere. This class of strategies includes as special cases Zero Noise Extrapolation, Virtual Distillation, Probabilistic Error Cancellation, and Clifford Data Regression. Second, we perform analytical and numerical analysis of these EM protocols, and we find that some of them (e.g., Virtual Distillation) can make it harder to resolve cost function values compared to running no EM at all. As a positive result, we do find numerical evidence that Clifford Data Regression (CDR) can aid the training process in certain settings where cost concentration is not too severe. Our results show that care should be taken in applying EM protocols as they can either worsen or not improve trainability. On the other hand, our positive results for CDR highlight the possibility of engineering error mitigation methods to improve trainability."
10.1007/s10462-023-10449-9,0,False,1,O2,openalex,"Predicting dynamic spectrum allocation: a review covering simulation, modelling, and prediction",2023,Andrew C. Cullen; Benjamin I. P. Rubinstein; Sithamparanathan Kandeepan; B. Flower; Philip H. W. Leong,Artificial Intelligence Review,10.1007/s10462-023-10449-9,,https://openalex.org/W4323038324,,,20,"Abstract The advent of the Internet of Things and 5G has further accelerated the growth in devices attempting to gain access to the wireless spectrum. A consequence of this has been the commensurate growth in spectrum conflict and congestion across the wireless spectrum, which has begun to impose a significant impost upon innovation in both the public and private sectors. One potential avenue for resolving these issues, and improving the efficiency of spectrum utilisation can be found in devices making intelligent decisions about their access to spectrum through Dynamic Spectrum Allocation. Changing to a system of Dynamic Spectrum Allocation would require the development of complex and sophisticated inference frameworks, that would be able to be deployed at a scale able to support significant numbers of devices. The development and deployment of these systems cannot exist in isolation, but rather would require the development of tools that can simulate, measure, and predict Spectral Occupancy. To support the development such tools, this work reviews not just the available prediction frameworks for networked systems with sparse sensing over large scale geospatial environments, but also holistically considers the myriad of technological approaches required to support Dynamic Spectrum Allocation."
10.1007/s10489-024-05747-w,0,False,1,O2,openalex,A comprehensive review of model compression techniques in machine learning,2024,Pierre V. Dantas; Waldir Sabino da Silva; Lucas C. Cordeiro; Celso B. Carvalho,Applied Intelligence,10.1007/s10489-024-05747-w,,https://openalex.org/W4402137675,,,249,"Abstract This paper critically examines model compression techniques within the machine learning (ML) domain, emphasizing their role in enhancing model efficiency for deployment in resource-constrained environments, such as mobile devices, edge computing, and Internet of Things (IoT) systems. By systematically exploring compression techniques and lightweight design architectures, it is provided a comprehensive understanding of their operational contexts and effectiveness. The synthesis of these strategies reveals a dynamic interplay between model performance and computational demand, highlighting the balance required for optimal application. As machine learning (ML) models grow increasingly complex and data-intensive, the demand for computational resources and memory has surged accordingly. This escalation presents significant challenges for the deployment of artificial intelligence (AI) systems in real-world applications, particularly where hardware capabilities are limited. Therefore, model compression techniques are not merely advantageous but essential for ensuring that these models can be utilized across various domains, maintaining high performance without prohibitive resource requirements. Furthermore, this review underscores the importance of model compression in sustainable artificial intelligence (AI) development. The introduction of hybrid methods, which combine multiple compression techniques, promises to deliver superior performance and efficiency. Additionally, the development of intelligent frameworks capable of selecting the most appropriate compression strategy based on specific application needs is crucial for advancing the field. The practical examples and engineering applications discussed demonstrate the real-world impact of these techniques. By optimizing the balance between model complexity and computational efficiency, model compression ensures that the advancements in AI technology remain sustainable and widely applicable. This comprehensive"
10.1186/s40537-021-00444-8,0,False,1,O2,openalex,"Review of deep learning: concepts, CNN architectures, challenges, applications, future directions",2021,Laith Alzubaidi; Jinglan Zhang; Amjad J. Humaidi; Ayad Q. Al-Dujaili; Ye Duan; Omran Al-Shamma,Journal Of Big Data,10.1186/s40537-021-00444-8,,https://openalex.org/W3140854437,,,7886,"In the last few years, the deep learning (DL) computing paradigm has been deemed the Gold Standard in the machine learning (ML) community. Moreover, it has gradually become the most widely used computational approach in the field of ML, thus achieving outstanding results on several complex cognitive tasks, matching or even beating those provided by human performance. One of the benefits of DL is the ability to learn massive amounts of data. The DL field has grown fast in the last few years and it has been extensively used to successfully address a wide range of traditional applications. More importantly, DL has outperformed well-known ML techniques in many domains, e.g., cybersecurity, natural language processing, bioinformatics, robotics and control, and medical information processing, among many others. Despite it has been contributed several works reviewing the State-of-the-Art on DL, all of them only tackled one aspect of the DL, which leads to an overall lack of knowledge about it. Therefore, in this contribution, we propose using a more holistic approach in order to provide a more suitable starting point from which to develop a full understanding of DL. Specifically, this review attempts to provide a more comprehensive survey of the most important aspects of DL and including those enhancements recently added to the field. In particular, this paper outlines the importance of DL, presents the types of DL techniques and networks. It then presents convolutional neural networks (CNNs) which the most utilized DL network type and describes the development of CNNs architectures together with their main features, e.g., starting with the AlexNet network and closing with the High-Resolution network (HR.Net). Finally, we further present the challenges and suggested solutions to help researchers understand the existing research gaps. It is followed by a list of the major DL applications. Computational tools including FPGA, GPU, and CPU are summarized along with a descripti"
10.1186/s40537-019-0192-5,0,False,1,O2,openalex,Survey on deep learning with class imbalance,2019,Justin Johnson; Taghi M. Khoshgoftaar,Journal Of Big Data,10.1186/s40537-019-0192-5,,https://openalex.org/W2936503027,,,2996,"The purpose of this study is to examine existing deep learning techniques for addressing class imbalanced data. Effective classification with imbalanced data is an important area of research, as high class imbalance is naturally inherent in many real-world applications, e.g., fraud detection and cancer detection. Moreover, highly imbalanced data poses added difficulty, as most learners will exhibit bias towards the majority class, and in extreme cases, may ignore the minority class altogether. Class imbalance has been studied thoroughly over the last two decades using traditional machine learning models, i.e. non-deep learning. Despite recent advances in deep learning, along with its increasing popularity, very little empirical work in the area of deep learning with class imbalance exists. Having achieved record-breaking performance results in several complex domains, investigating the use of deep neural networks for problems containing high levels of class imbalance is of great interest. Available studies regarding class imbalance and deep learning are surveyed in order to better understand the efficacy of deep learning when applied to class imbalanced data. This survey discusses the implementation details and experimental results for each study, and offers additional insight into their strengths and weaknesses. Several areas of focus include: data complexity, architectures tested, performance interpretation, ease of use, big data application, and generalization to other domains. We have found that research in this area is very limited, that most existing work focuses on computer vision tasks with convolutional neural networks, and that the effects of big data are rarely considered. Several traditional methods for class imbalance, e.g. data sampling and cost-sensitive learning, prove to be applicable in deep learning, while more advanced methods that exploit neural network feature learning abilities show promising results. The survey concludes with a discussion tha"
10.1016/j.neuroimage.2013.04.087,0,False,1,O2,openalex,"Graph analysis of the human connectome: Promise, progress, and pitfalls",2013,Alex Fornito; Andrew Zalesky; Michael Breakspear,NeuroImage,10.1016/j.neuroimage.2013.04.087,,https://openalex.org/W2146406922,,,804,
10.1109/tmi.2013.2265603,0,False,1,O2,openalex,Deformable Medical Image Registration: A Survey,2013,Aristeidis Sotiras; Christos Davatzikos; Nikos Paragios,IEEE Transactions on Medical Imaging,10.1109/tmi.2013.2265603,,https://openalex.org/W2115167851,,,1571,"Deformable image registration is a fundamental task in medical image processing. Among its most important applications, one may cite: 1) multi-modality fusion, where information acquired by different imaging devices or protocols is fused to facilitate diagnosis and treatment planning; 2) longitudinal studies, where temporal structural or anatomical changes are investigated; and 3) population modeling and statistical atlases used to study normal anatomical variability. In this paper, we attempt to give an overview of deformable registration methods, putting emphasis on the most recent advances in the domain. Additional emphasis has been given to techniques applied to medical images. In order to study image registration methods in depth, their main components are identified and studied independently. The most recent techniques are presented in a systematic fashion. The contribution of this paper is to provide an extensive account of registration techniques in a systematic manner."
10.1613/jair.2934,0,False,1,O2,openalex,From Frequency to Meaning: Vector Space Models of Semantics,2010,Peter D. Turney; Patrick Pantel,Journal of Artificial Intelligence Research,10.1613/jair.2934,,https://openalex.org/W1662133657,,,2899,"Computers understand very little of the meaning of human language. This profoundly limits our ability to give instructions to computers, the ability of computers to explain their actions to us, and the ability of computers to analyse and process text. Vector space models (VSMs) of semantics are beginning to address these limits. This paper surveys the use of VSMs for semantic processing of text. We organize the literature on VSMs according to the structure of the matrix in a VSM. There are currently three broad classes of VSMs, based on term-document, word-context, and pair-pattern matrices, yielding three classes of applications. We survey a broad range of applications in these three categories and we take a detailed look at a specific open source project in each category. Our goal in this survey is to show the breadth of applications of VSMs for semantics, to provide a new perspective on VSMs for those who are already familiar with the area, and to provide pointers into the literature for those who are less familiar with the field."
10.1103/revmodphys.81.1773,0,False,1,O2,openalex,Modern theory of nuclear forces,2009,E. Epelbaum; H.‐W. Hammer; Ulf-G. Meißner,Reviews of Modern Physics,10.1103/revmodphys.81.1773,,https://openalex.org/W2096487969,,,1892,Effective field theory allows for a systematic and model-independent derivation of the forces between nucleons in harmony with the symmetries of quantum chromodynamics. The foundations of this approach are reviewed and its application for light nuclei at various resolution scales is discussed. The extension of this approach to many-body systems is sketched.
10.1186/s40537-021-00516-9,0,False,1,O2,openalex,A survey on missing data in machine learning,2021,Tlamelo Emmanuel; Thabiso Maupong; Dimane Mpoeleng; Thabo Semong; Banyatsang Mphago; Oteng Tabona,Journal Of Big Data,10.1186/s40537-021-00516-9,,https://openalex.org/W3170657538,,,1036,"Machine learning has been the corner stone in analysing and extracting information from data and often a problem of missing values is encountered. Missing values occur because of various factors like missing completely at random, missing at random or missing not at random. All these may result from system malfunction during data collection or human error during data pre-processing. Nevertheless, it is important to deal with missing values before analysing data since ignoring or omitting missing values may result in biased or misinformed analysis. In literature there have been several proposals for handling missing values. In this paper, we aggregate some of the literature on missing data particularly focusing on machine learning techniques. We also give insight on how the machine learning approaches work by highlighting the key features of missing values imputation techniques, how they perform, their limitations and the kind of data they are most suitable for. We propose and evaluate two methods, the k nearest neighbor and an iterative imputation method (missForest) based on the random forest algorithm. Evaluation is performed on the Iris and novel power plant fan data with induced missing values at missingness rate of 5% to 20%. We show that both missForest and the k nearest neighbor can successfully handle missing values and offer some possible future research direction."
10.1038/s41580-021-00407-0,0,False,1,O2,openalex,A guide to machine learning for biologists,2021,Joe G. Greener; Shaun M. Kandathil; Lewis Moffat; David T. Jones,Nature Reviews Molecular Cell Biology,10.1038/s41580-021-00407-0,,https://openalex.org/W3200707343,,,2180,
10.1186/1752-0509-1-24,0,False,1,O2,openalex,Understanding network concepts in modules,2007,Jun Dong; Steve Horvath,BMC Systems Biology,10.1186/1752-0509-1-24,,https://openalex.org/W2057498577,,,499,"BACKGROUND: Network concepts are increasingly used in biology and genetics. For example, the clustering coefficient has been used to understand network architecture; the connectivity (also known as degree) has been used to screen for cancer targets; and the topological overlap matrix has been used to define modules and to annotate genes. Dozens of potentially useful network concepts are known from graph theory. RESULTS: Here we study network concepts in special types of networks, which we refer to as approximately factorizable networks. In these networks, the pairwise connection strength (adjacency) between 2 network nodes can be factored into node specific contributions, named node 'conformity'. The node conformity turns out to be highly related to the connectivity. To provide a formalism for relating network concepts to each other, we define three types of network concepts: fundamental-, conformity-based-, and approximate conformity-based concepts. Fundamental concepts include the standard definitions of connectivity, density, centralization, heterogeneity, clustering coefficient, and topological overlap. The approximate conformity-based analogs of fundamental network concepts have several theoretical advantages. First, they allow one to derive simple relationships between seemingly disparate networks concepts. For example, we derive simple relationships between the clustering coefficient, the heterogeneity, the density, the centralization, and the topological overlap. The second advantage of approximate conformity-based network concepts is that they allow one to show that fundamental network concepts can be approximated by simple functions of the connectivity in module networks. CONCLUSION: Using protein-protein interaction, gene co-expression, and simulated data, we show that a) many networks comprised of module nodes are approximately factorizable and b) in these types of networks, simple relationships exist between seemingly disparate network concepts. Our res"
10.48550/arxiv.1505.04406,0,False,1,O2,openalex,Hinge-Loss Markov Random Fields and Probabilistic Soft Logic,2015,Stephen H. Bach; Matthias Broecheler; Bert Huang; Lise Getoor,arXiv (Cornell University),10.48550/arxiv.1505.04406,,https://openalex.org/W1835243625,,,128,"A fundamental challenge in developing high-impact machine learning technologies is balancing the need to model rich, structured domains with the ability to scale to big data. Many important problem areas are both richly structured and large scale, from social and biological networks, to knowledge graphs and the Web, to images, video, and natural language. In this paper, we introduce two new formalisms for modeling structured data, and show that they can both capture rich structure and scale to big data. The first, hinge-loss Markov random fields (HL-MRFs), is a new kind of probabilistic graphical model that generalizes different approaches to convex inference. We unite three approaches from the randomized algorithms, probabilistic graphical models, and fuzzy logic communities, showing that all three lead to the same inference objective. We then define HL-MRFs by generalizing this unified objective. The second new formalism, probabilistic soft logic (PSL), is a probabilistic programming language that makes HL-MRFs easy to define using a syntax based on first-order logic. We introduce an algorithm for inferring most-probable variable assignments (MAP inference) that is much more scalable than general-purpose convex optimization methods, because it uses message passing to take advantage of sparse dependency structures. We then show how to learn the parameters of HL-MRFs. The learned HL-MRFs are as accurate as analogous discrete models, but much more scalable. Together, these algorithms enable HL-MRFs and PSL to model rich, structured data at scales not previously possible."
10.1016/j.inffus.2021.05.008,0,False,1,O2,openalex,"A review of uncertainty quantification in deep learning: Techniques, applications and challenges",2021,Moloud Abdar; Farhad Pourpanah; Sadiq Hussain; Dana Rezazadegan; Li Liu; Mohammad Ghavamzadeh,Information Fusion,10.1016/j.inffus.2021.05.008,,https://openalex.org/W3102100346,,,2677,"Uncertainty quantification (UQ) methods play a pivotal role in reducing the impact of uncertainties during both optimization and decision making processes. They have been applied to solve a variety of real-world problems in science and engineering. Bayesian approximation and ensemble learning techniques are two widely-used types of uncertainty quantification (UQ) methods. In this regard, researchers have proposed different UQ methods and examined their performance in a variety of applications such as computer vision (e.g., self-driving cars and object detection), image processing (e.g., image restoration), medical image analysis (e.g., medical image classification and segmentation), natural language processing (e.g., text classification, social media texts and recidivism risk-scoring), bioinformatics, etc. This study reviews recent advances in UQ methods used in deep learning, investigates the application of these methods in reinforcement learning, and highlights fundamental research challenges and directions associated with UQ."
10.1186/s40537-020-0285-1,0,False,1,O2,openalex,Sensor data quality: a systematic review,2020,Hui Yie Teh; Andreas W. Kempa-Liehr; Kevin I‐Kai Wang,Journal Of Big Data,10.1186/s40537-020-0285-1,,https://openalex.org/W3013886221,,,360,"Abstract Sensor data quality plays a vital role in Internet of Things (IoT) applications as they are rendered useless if the data quality is bad. This systematic review aims to provide an introduction and guide for researchers who are interested in quality-related issues of physical sensor data. The process and results of the systematic review are presented which aims to answer the following research questions: what are the different types of physical sensor data errors, how to quantify or detect those errors, how to correct them and what domains are the solutions in. Out of 6970 literatures obtained from three databases (ACM Digital Library, IEEE Xplore and ScienceDirect) using the search string refined via topic modelling, 57 publications were selected and examined. Results show that the different types of sensor data errors addressed by those papers are mostly missing data and faults e.g. outliers, bias and drift. The most common solutions for error detection are based on principal component analysis (PCA) and artificial neural network (ANN) which accounts for about 40% of all error detection papers found in the study. Similarly, for fault correction, PCA and ANN are among the most common, along with Bayesian Networks. Missing values on the other hand, are mostly imputed using Association Rule Mining. Other techniques include hybrid solutions that combine several data science methods to detect and correct the errors. Through this systematic review, it is found that the methods proposed to solve physical sensor data errors cannot be directly compared due to the non-uniform evaluation process and the high use of non-publicly available datasets. Bayesian data analysis done on the 57 selected publications also suggests that publications using publicly available datasets for method evaluation have higher citation rates."
10.1007/s11263-020-01359-2,0,False,1,O2,openalex,Image Matching from Handcrafted to Deep Features: A Survey,2020,Jiayi Ma; Xingyu Jiang; Aoxiang Fan; Junjun Jiang; Junchi Yan,International Journal of Computer Vision,10.1007/s11263-020-01359-2,,https://openalex.org/W3047057232,,,992,"Abstract As a fundamental and critical task in various visual applications, image matching can identify then correspond the same or similar structure/content from two or more images. Over the past decades, growing amount and diversity of methods have been proposed for image matching, particularly with the development of deep learning techniques over the recent years. However, it may leave several open questions about which method would be a suitable choice for specific applications with respect to different scenarios and task requirements and how to design better image matching methods with superior performance in accuracy, robustness and efficiency. This encourages us to conduct a comprehensive and systematic review and analysis for those classical and latest techniques. Following the feature-based image matching pipeline, we first introduce feature detection, description, and matching techniques from handcrafted methods to trainable ones and provide an analysis of the development of these methods in theory and practice. Secondly, we briefly introduce several typical image matching-based applications for a comprehensive understanding of the significance of image matching. In addition, we also provide a comprehensive and objective comparison of these classical and latest techniques through extensive experiments on representative datasets. Finally, we conclude with the current status of image matching technologies and deliver insightful discussions and prospects for future works. This survey can serve as a reference for (but not limited to) researchers and engineers in image matching and related fields."
10.1007/s11548-014-1118-5,0,False,1,O2,openalex,NiftySim: A GPU-based nonlinear finite element package for simulation of soft tissue biomechanics,2014,Stian Johnsen; Zeike A. Taylor; Matthew J. Clarkson; John H. Hipwell; Marc Modat; Björn Eiben,International Journal of Computer Assisted Radiology and Surgery,10.1007/s11548-014-1118-5,,https://openalex.org/W2052882206,,,83,"PURPOSE: NiftySim, an open-source finite element toolkit, has been designed to allow incorporation of high-performance soft tissue simulation capabilities into biomedical applications. The toolkit provides the option of execution on fast graphics processing unit (GPU) hardware, numerous constitutive models and solid-element options, membrane and shell elements, and contact modelling facilities, in a simple to use library. METHODS: The toolkit is founded on the total Lagrangian explicit dynamics (TLEDs) algorithm, which has been shown to be efficient and accurate for simulation of soft tissues. The base code is written in C[Formula: see text], and GPU execution is achieved using the nVidia CUDA framework. In most cases, interaction with the underlying solvers can be achieved through a single Simulator class, which may be embedded directly in third-party applications such as, surgical guidance systems. Advanced capabilities such as contact modelling and nonlinear constitutive models are also provided, as are more experimental technologies like reduced order modelling. A consistent description of the underlying solution algorithm, its implementation with a focus on GPU execution, and examples of the toolkit's usage in biomedical applications are provided. RESULTS: Efficient mapping of the TLED algorithm to parallel hardware results in very high computational performance, far exceeding that available in commercial packages. CONCLUSION: The NiftySim toolkit provides high-performance soft tissue simulation capabilities using GPU technology for biomechanical simulation research applications in medical image computing, surgical simulation, and surgical guidance applications."
10.1007/s11042-023-17192-x,0,False,1,O2,openalex,A survey of model compression strategies for object detection,2023,Zonglei Lyu; Tong Yu; Fuxi Pan; Yilin Zhang; Jia Luo; Dan Zhang,Multimedia Tools and Applications,10.1007/s11042-023-17192-x,,https://openalex.org/W4388229123,,,63,"Abstract Deep neural networks (DNNs) have achieved great success in many object detection tasks. However, such DNNS-based large object detection models are generally computationally expensive and memory intensive. It is difficult to deploy them to devices with low memory resources or scenarios with high real-time requirements, which greatly limits their application and promotion. In recent years, many researchers have focused on compressing large object detection models without significantly degrading their performance, and have made great progress. Therefore, this paper presents a survey of object detection model compression techniques in recent years. Firstly, these compression techniques were divided into six categories: network pruning, lightweight network design, neural architecture search (NAS), low-rank decomposition, network quantization, and Knowledge distillation (KD) methods. For each category, we select some representative state-of-the-art methods and compare and analyze their performance on public datasets. After that, we discuss the application scenarios and future directions of model compression techniques. Finally, this paper is further concluded by analyzing the advantages and disadvantages of six types of model compression techniques."
10.1145/3637841,0,False,1,O2,openalex,Embedding Compression in Recommender Systems: A Survey,2023,Shiwei Li; Huifeng Guo; Xing Tang; Ruiming Tang; Lu Hou; Ruixuan Li,ACM Computing Surveys,10.1145/3637841,,https://openalex.org/W4389785536,,,24,"To alleviate the problem of information explosion, recommender systems are widely deployed to provide personalized information filtering services. Usually, embedding tables are employed in recommender systems to transform high-dimensional sparse one-hot vectors into dense real-valued embeddings. However, the embedding tables are huge and account for most of the parameters in industrial-scale recommender systems. In order to reduce memory costs and improve efficiency, various approaches are proposed to compress the embedding tables. In this survey, we provide a comprehensive review of embedding compression approaches in recommender systems. We first introduce deep learning recommendation models and the basic concept of embedding compression in recommender systems. Subsequently, we systematically organize existing approaches into three categories: low precision, mixed dimension, and weight sharing. Lastly, we summarize the survey with some general suggestions and provide future prospects for this field."
10.1109/tetc.2023.3346944,0,False,1,O2,openalex,Hardware-Aware DNN Compression via Diverse Pruning and Mixed-Precision Quantization,2024,Konstantinos Balaskas; Ανδρέας Καρατζάς; Christos Sad; Kostas Siozios; Iraklis Anagnostopoulos; Georgios Zervakis,IEEE Transactions on Emerging Topics in Computing,10.1109/tetc.2023.3346944,,https://openalex.org/W4390306248,,,34,"Deep Neural Networks (DNNs) have shown significant advantages in a wide variety of domains. However, DNNs are becoming computationally intensive and energy hungry at an exponential pace, while at the same time, there is a vast demand for running sophisticated DNN-based services on resource constrained embedded devices. In this paper, we target energy-efficient inference on embedded DNN accelerators. To that end, we propose an automated framework to compress DNNs in a hardware-aware manner by jointly employing pruning and quantization. We explore, for the first time, per-layer fine- and coarse-grained pruning, in the same DNN architecture, in addition to low bit-width mixed-precision quantization for weights and activations. Reinforcement Learning (RL) is used to explore the associated design space and identify the pruning-quantization configuration so that the energy consumption is minimized whilst the prediction accuracy loss is retained at acceptable levels. Using our novel composite RL agent we are able to extract energy-efficient solutions without requiring retraining and/or fine tuning. Our extensive experimental evaluation over widely used DNNs and the CIFAR-10/100 and ImageNet datasets demonstrates that our framework achieves 39% average energy reduction for 1.7% average accuracy loss and outperforms significantly the state-of-the-art approaches."
10.1109/jproc.2022.3226481,0,False,1,O2,openalex,Efficient Acceleration of Deep Learning Inference on Resource-Constrained Edge Devices: A Review,2022,Md Maruf Hossain Shuvo; Syed K. Islam; Jianlin Cheng; Bashir I. Morshed,Proceedings of the IEEE,10.1109/jproc.2022.3226481,,https://openalex.org/W4312910656,,,403,"Successful integration of deep neural networks (DNNs) or deep learning (DL) has resulted in breakthroughs in many areas. However, deploying these highly accurate models for data-driven, learned, automatic, and practical machine learning (ML) solutions to end-user applications remains challenging. DL algorithms are often computationally expensive, power-hungry, and require large memory to process complex and iterative operations of millions of parameters. Hence, training and inference of DL models are typically performed on high-performance computing (HPC) clusters in the cloud. Data transmission to the cloud results in high latency, round-trip delay, security and privacy concerns, and the inability of real-time decisions. Thus, processing on edge devices can significantly reduce cloud transmission cost. Edge devices are end devices closest to the user, such as mobile phones, cyber–physical systems (CPSs), wearables, the Internet of Things (IoT), embedded and autonomous systems, and intelligent sensors. These devices have limited memory, computing resources, and power-handling capability. Therefore, optimization techniques at both the hardware and software levels have been developed to handle the DL deployment efficiently on the edge. Understanding the existing research, challenges, and opportunities is fundamental to leveraging the next generation of edge devices with artificial intelligence (AI) capability. Mainly, four research directions have been pursued for efficient DL inference on edge devices: 1) novel DL architecture and algorithm design; 2) optimization of existing DL methods; 3) development of algorithm–hardware codesign; and 4) efficient accelerator design for DL deployment. This article focuses on surveying each of the four research directions, providing a comprehensive review of the state-of-the-art tools and techniques for efficient edge inference."
10.48550/arxiv.2402.09748,0,False,1,O2,openalex,Model Compression and Efficient Inference for Large Language Models: A Survey,2024,Wenxiao Wang; Wei Chen; Yicong Luo; Yu LONG; Zhengkai Lin; Liye Zhang,arXiv (Cornell University),10.48550/arxiv.2402.09748,,https://openalex.org/W4391900182,,,15,"Transformer based large language models have achieved tremendous success. However, the significant memory and computational costs incurred during the inference process make it challenging to deploy large models on resource-constrained devices. In this paper, we investigate compression and efficient inference methods for large language models from an algorithmic perspective. Regarding taxonomy, similar to smaller models, compression and acceleration algorithms for large language models can still be categorized into quantization, pruning, distillation, compact architecture design, dynamic networks. However, Large language models have two prominent characteristics compared to smaller models: (1) Most of compression algorithms require finetuning or even retraining the model after compression. The most notable aspect of large models is the very high cost associated with model finetuning or training. Therefore, many algorithms for large models, such as quantization and pruning, start to explore tuning-free algorithms. (2) Large models emphasize versatility and generalization rather than performance on a single task. Hence, many algorithms, such as knowledge distillation, focus on how to preserving their versatility and generalization after compression. Since these two characteristics were not very pronounced in early large models, we further distinguish large language models into medium models and ``real'' large models. Additionally, we also provide an introduction to some mature frameworks for efficient inference of large models, which can support basic compression or acceleration algorithms, greatly facilitating model deployment for users."
10.48550/arxiv.2102.00554,0,False,1,O2,openalex,Sparsity in Deep Learning: Pruning and growth for efficient inference\n and training in neural networks,2021,Torsten Hoefler; Dan Alistarh; Tal Ben‐Nun; Nikoli Dryden; Alexandra Peşte,arXiv (Cornell University),10.48550/arxiv.2102.00554,,https://openalex.org/W4287363917,,,341,"The growing energy and performance costs of deep learning have driven the\ncommunity to reduce the size of neural networks by selectively pruning\ncomponents. Similarly to their biological counterparts, sparse networks\ngeneralize just as well, if not better than, the original dense networks.\nSparsity can reduce the memory footprint of regular networks to fit mobile\ndevices, as well as shorten training time for ever growing networks. In this\npaper, we survey prior work on sparsity in deep learning and provide an\nextensive tutorial of sparsification for both inference and training. We\ndescribe approaches to remove and add elements of neural networks, different\ntraining strategies to achieve model sparsity, and mechanisms to exploit\nsparsity in practice. Our work distills ideas from more than 300 research\npapers and provides guidance to practitioners who wish to utilize sparsity\ntoday, as well as to researchers whose goal is to push the frontier forward. We\ninclude the necessary background on mathematical methods in sparsification,\ndescribe phenomena such as early structure adaptation, the intricate relations\nbetween sparsity and the training process, and show techniques for achieving\nacceleration on real hardware. We also define a metric of pruned parameter\nefficiency that could serve as a baseline for comparison of different sparse\nnetworks. We close by speculating on how sparsity can improve future workloads\nand outline major open problems in the field.\n"
10.1007/s11704-024-40663-9,0,False,1,O2,openalex,A survey on LoRA of large language models,2024,Yuren Mao; Yuhang Ge; Yijiang Fan; Wenyi Xu; Yu Mi; Zhonghao Hu,Frontiers of Computer Science,10.1007/s11704-024-40663-9,,https://openalex.org/W4403753254,,,116,"Abstract Low-Rank Adaptation (LoRA), which updates the dense neural network layers with pluggable low-rank matrices, is one of the best performed parameter efficient fine-tuning paradigms. Furthermore, it has significant advantages in cross-task generalization and privacy-preserving. Hence, LoRA has gained much attention recently, and the number of related literature demonstrates exponential growth. It is necessary to conduct a comprehensive overview of the current progress on LoRA. This survey categorizes and reviews the progress from the perspectives of (1) downstream adaptation improving variants that improve LoRA’s performance on downstream tasks; (2) cross-task generalization methods that mix multiple LoRA plugins to achieve cross-task generalization; (3) efficiency-improving methods that boost the computation-efficiency of LoRA; (4) data privacy-preserving methods that use LoRA in federated learning; (5) application. Besides, this survey also discusses the future directions in this field."
10.1029/eo056i011p00838,0,False,1,O2,openalex,Earthquake research in China,1975,Anonymous,Eos,10.1029/eo056i011p00838,,https://openalex.org/W4231375884,,,576,"A visit to China of an American seismological delegation, which took place October 5 to November 5, 1974, is covered in this report. The Americans were sponsored by the Committee on Scholarly Communication with the People's Republic of China (CSCPRC), and the hosts in China were the Scientific and Technical Association and the State Seismological Bureau. The CSCPRC is sponsored jointly by the National Academy of Sciences, the Social Science Research Council, and the American Council of Learned Societies. The visit had its origins in an invitation extended in January 1973 by Carl Kisslinger, as President of the Seismological Society of America, to the Chinese Academy of Sciences to send representatives to a Symposium on Earthquake Prediction Research. Although the Chinese declined to participate, this invitation was one step towards a reciprocal exchange of seismologists between the United States and the People's Republic of China. Several months after Kisslinger's letter the CSCPRC visited Peking. Their purpose was to arrange an exchange program with the Chinese Scientific and Technical Association. Prompted by Kisslinger, the committee's proposals for American delegations included seismology. Not only was this particular exchange accepted, but the Chinese in turn suggested that a Chinese seismology group visit the United States."
10.36227/techrxiv.14672643,0,False,1,O2,openalex,Deep Reinforcement Learning for Radio Resource Allocation and Management in Next Generation Heterogeneous Wireless Networks: A Survey,2021,Abdulmalik Alwarafy; Mohamed Abdallah; Bekir Sait Çiftler; Ala Al‐Fuqaha; Mounir Hamdi,,10.36227/techrxiv.14672643,,https://openalex.org/W4234230440,,,19,"Next generation wireless networks are expected to be extremely complex due to their massive heterogeneity in terms of the types of network architectures they incorporate, the types and numbers of smart IoT devices they serve, and the types of emerging applications they support. In such large-scale and heterogeneous networks (HetNets), radio resource allocation and management (RRAM) becomes one of the major challenges encountered during system design and deployment. In this context, emerging Deep Reinforcement Learning (DRL) techniques are expected to be one of the main enabling technologies to address the RRAM in future wireless HetNets. In this paper, we conduct a systematic in-depth, and comprehensive survey of the applications of DRL techniques in RRAM for next generation wireless networks. Towards this, we first overview the existing traditional RRAM methods and identify their limitations that motivate the use of DRL techniques in RRAM. Then, we provide a comprehensive review of the most widely used DRL algorithms to address RRAM problems, including the value- and policy-based algorithms. The advantages, limitations, and use-cases for each algorithm are provided. We then conduct a comprehensive and in-depth literature review and classify existing related works based on both the radio resources they are addressing and the type of wireless networks they are investigating. To this end, we carefully identify the types of DRL algorithms utilized in each related work, the elements of these algorithms, and the main findings of each related work. Finally, we highlight important open challenges and provide insights into several future research directions in the context of DRL-based RRAM. This survey is intentionally designed to guide and stimulate more research endeavors towards building efficient and fine-grained DRL-based RRAM schemes for future wireless networks."
10.48550/arxiv.2501.00365,0,False,1,O2,openalex,Low-Rank Adaptation for Foundation Models: A Comprehensive Review,2024,"Menglin Yang; Jialin Chen; Tao, Jinkai; Yifei Zhang; Jiahong Liu; Jiasheng Zhang",arXiv (Cornell University),10.48550/arxiv.2501.00365,,https://openalex.org/W4406031252,,,9,"The rapid advancement of foundation modelslarge-scale neural networks trained on diverse, extensive datasetshas revolutionized artificial intelligence, enabling unprecedented advancements across domains such as natural language processing, computer vision, and scientific discovery. However, the substantial parameter count of these models, often reaching billions or trillions, poses significant challenges in adapting them to specific downstream tasks. Low-Rank Adaptation (LoRA) has emerged as a highly promising approach for mitigating these challenges, offering a parameter-efficient mechanism to fine-tune foundation models with minimal computational overhead. This survey provides the first comprehensive review of LoRA techniques beyond large Language Models to general foundation models, including recent techniques foundations, emerging frontiers and applications of low-rank adaptation across multiple domains. Finally, this survey discusses key challenges and future research directions in theoretical understanding, scalability, and robustness. This survey serves as a valuable resource for researchers and practitioners working with efficient foundation model adaptation."
10.1007/s40747-025-02019-z,0,False,1,O2,openalex,A review of state-of-the-art techniques for large language model compression,2025,Pierre V. Dantas; Lucas C. Cordeiro; S. S. Waldir,Complex & Intelligent Systems,10.1007/s40747-025-02019-z,,https://openalex.org/W4412818278,,,8,"Abstract The rapid advancement of large language models (LLMs) has driven significant progress in natural language processing (NLP) and related domains. However, their deployment remains constrained by challenges related to computation, memory, and energy efficiency—particularly in real-world applications. This work presents a comprehensive review of state-of-the-art compression techniques, including pruning, quantization, knowledge distillation, and neural architecture search (NAS), which collectively aim to reduce model size, enhance inference speed, and lower energy consumption while maintaining performance. A robust evaluation framework is introduced, incorporating traditional metrics, such as accuracy and perplexity (PPL), alongside advanced criteria including latency-accuracy trade-offs, parameter efficiency, multi-objective Pareto optimization, and fairness considerations. This study further highlights trends and challenges, such as fairness-aware compression, robustness against adversarial attacks, and hardware-specific optimizations. Additionally, NAS-driven strategies are explored as a means to design task-aware, hardware-adaptive architectures that enhance LLM compression efficiency. Hybrid and adaptive methods are also examined to dynamically optimize computational efficiency across diverse deployment scenarios. This work not only synthesizes recent advancements and identifies open problems but also proposes a structured research roadmap to guide the development of efficient, scalable, and equitable LLMs. By bridging the gap between compression research and real-world deployment, this study offers actionable insights for optimizing LLMs across a range of environments, including mobile devices and large-scale cloud infrastructures."
10.1103/physrevlett.93.207204,0,False,1,O3,openalex,Matrix Product Density Operators: Simulation of Finite-Temperature and Dissipative Systems,2004,Frank Verstraete; Juan José García‐Ripoll; J. I. Cirac,Physical Review Letters,10.1103/physrevlett.93.207204,,https://openalex.org/W1550516781,,,1136,"We show how to simulate numerically the evolution of 1D quantum systems under dissipation as well as in thermal equilibrium. The method applies to both finite and inhomogeneous systems, and it is based on two ideas: (a) a representation for density operators which extends that of matrix product states to mixed states; (b) an algorithm to approximate the evolution (in real or imaginary time) of matrix product states which is variational."
10.1088/1742-5468/2007/10/p10014,0,False,1,O3,openalex,From density-matrix renormalization group to matrix product states,2007,Ian P. McCulloch,Journal of Statistical Mechanics Theory and Experiment,10.1088/1742-5468/2007/10/p10014,,https://openalex.org/W2155179619,,,469,"In this paper we give an introduction to the numerical density matrix renormalization group (DMRG) algorithm, from the perspective of the more general matrix product state (MPS) formulation. We cover in detail the differences between the original DMRG formulation and the MPS approach, demonstrating the additional flexibility that arises from constructing both the wavefunction and the Hamiltonian in MPS form. We also show how to make use of global symmetries, for both the Abelian and non-Abelian cases."
10.1103/physrevlett.100.030504,0,False,1,O3,openalex,Entropy Scaling and Simulability by Matrix Product States,2008,Norbert Schuch; Michael M. Wolf; Frank Verstraete; J. I. Cirac,Physical Review Letters,10.1103/physrevlett.100.030504,,https://openalex.org/W2054381333,,,430,"We investigate the relation between the scaling of block entropies and the efficient simulability by matrix product states (MPSs) and clarify the connection both for von Neumann and Rényi entropies. Most notably, even states obeying a strict area law for the von Neumann entropy are not necessarily approximable by MPSs. We apply these results to illustrate that quantum computers might outperform classical computers in simulating the time evolution of quantum systems, even for completely translational invariant systems subject to a time-independent Hamiltonian."
10.1103/physrevx.8.031012,0,False,1,O3,openalex,Unsupervised Generative Modeling Using Matrix Product States,2018,Zhaoyu Han; Jun Wang; Heng Fan; Lei Wang; Pan Zhang,Physical Review X,10.1103/physrevx.8.031012,,https://openalex.org/W2753545915,,,262,"Modeling the probability distribution of complex data using insights from quantum physics is a fresh approach to generative modeling in machine learning, and shows great potential compared to conventional neural network approaches."
10.1038/ncomms1147,0,False,1,O3,openalex,Efficient quantum state tomography,2010,M. Cramer; Martin B. Plenio; Steven T. Flammia; Rolando D. Somma; David Groß; Stephen D. Bartlett,Nature Communications,10.1038/ncomms1147,,https://openalex.org/W1971384536,,,697,
10.21468/scipostphyslectnotes.7,0,False,1,O3,openalex,Tangent-space methods for uniform matrix product states,2019,Laurens Vanderstraeten; Jutho Haegeman; Frank Verstraete,SciPost Physics Lecture Notes,10.21468/scipostphyslectnotes.7,,https://openalex.org/W2896714001,,,196,"In these lecture notes we give a technical overview of tangent-space methods for matrix product states in the thermodynamic limit. We introduce the manifold of uniform matrix product states, show how to compute different types of observables, and discuss the concept of a tangent space. We explain how to variationally optimize ground-state approximations, implement real-time evolution and describe elementary excitations for a given model Hamiltonian. Also, we explain how matrix product states approximate fixed points of one-dimensional transfer matrices. We show how all these methods can be translated to the language of continuous matrix product states for one-dimensional field theories. We conclude with some extensions of the tangent-space formalism and with an outlook to new applications."
10.1088/1367-2630/8/12/305,0,False,1,O3,openalex,Time evolution of Matrix Product States,2006,Juan José García‐Ripoll,New Journal of Physics,10.1088/1367-2630/8/12/305,,https://openalex.org/W2008634363,,,153,"In this work, we develop several new simulation algorithms for one-dimensional (1D) many-body quantum mechanical systems combining the Matrix Product State variational ansatz (vMPS) with Taylor, Padé and Arnoldi approximations to the evolution operator. By comparing with previous techniques based on vMPS and Density Matrix Renormalization Group (DMRG), we demonstrate that the Arnoldi method is the best one, reaching extremely good accuracy with moderate resources. Finally, we apply this algorithm to studying how correlations are transferred from the atomic to the molecular cloud when crossing a Feschbach resonance with two-species hard-core bosons in a 1D optical lattice."
10.1038/ncomms5213,0,False,1,O3,openalex,A variational eigenvalue solver on a photonic quantum processor,2014,Alberto Peruzzo; Jarrod R. McClean; Peter Shadbolt; Man‐Hong Yung; Xiaoqi Zhou; Peter J. Love,Nature Communications,10.1038/ncomms5213,,https://openalex.org/W2161685427,,,4736,"Quantum computers promise to efficiently solve important problems that are intractable on a conventional computer. For quantum systems, where the physical dimension grows exponentially, finding the eigenvalues of certain operators is one such intractable problem and remains a fundamental challenge. The quantum phase estimation algorithm efficiently finds the eigenvalue of a given eigenvector but requires fully coherent evolution. Here we present an alternative approach that greatly reduces the requirements for coherent evolution and combine this method with a new approach to state preparation based on ansätze and classical optimization. We implement the algorithm by combining a highly reconfigurable photonic quantum processor with a conventional computer. We experimentally demonstrate the feasibility of this approach with an example from quantum chemistry—calculating the ground-state molecular energy for He–H+. The proposed approach drastically reduces the coherence time requirements, enhancing the potential of quantum resources available today and in the near future. Quantum computers promise to efficiently solve problems that would be practically impossible with a normal computer. Peruzzo et al. develop a variational computation approach that uses any available quantum resources and, with a photonic quantum processing unit, find the ground-state molecular energy of He–H+."
10.1103/physrevlett.133.010601,0,False,1,O3,openalex,Nonstabilizerness via Matrix Product States in the Pauli Basis,2024,Poetri Sonya Tarabunga; Emanuele Tirrito; Mari Carmen Bañuls; Marcello Dalmonte,Physical Review Letters,10.1103/physrevlett.133.010601,,https://openalex.org/W4391420775,,,75,"Nonstabilizerness, also known as ""magic,"" stands as a crucial resource for achieving a potential advantage in quantum computing. Its connection to many-body physical phenomena is poorly understood at present, mostly due to a lack of practical methods to compute it at large scales. We present a novel approach for the evaluation of nonstabilizerness within the framework of matrix product states (MPSs), based on expressing the MPS directly in the Pauli basis. Our framework provides a powerful tool for efficiently calculating various measures of nonstabilizerness, including stabilizer Rényi entropies, stabilizer nullity, and Bell magic, and enables the learning of the stabilizer group of an MPS. We showcase the efficacy and versatility of our method in the ground states of Ising and XXZ spin chains, as well as in circuits dynamics that has recently been realized in Rydberg atom arrays, where we provide concrete benchmarks for future experiments on logical qubits up to twice the sizes already realized."
10.1088/2058-9565/ab4eb5,0,False,1,O3,openalex,Parameterized quantum circuits as machine learning models,2019,Marcello Benedetti; Erika Lloyd; Stefan Sack; Mattia Fiorentini,Quantum Science and Technology,10.1088/2058-9565/ab4eb5,,https://openalex.org/W2980446414,,,1123,"Abstract Hybrid quantum–classical systems make it possible to utilize existing quantum computers to their fullest extent. Within this framework, parameterized quantum circuits can be regarded as machine learning models with remarkable expressive power. This Review presents the components of these models and discusses their application to a variety of data-driven tasks, such as supervised learning and generative modeling. With an increasing number of experimental demonstrations carried out on actual quantum hardware and with software being actively developed, this rapidly growing field is poised to have a broad spectrum of real-world applications."
10.1103/revmodphys.94.015004,0,False,1,O3,openalex,Noisy intermediate-scale quantum algorithms,2022,Kishor Bharti; Alba Cervera-Lierta; Thi Ha Kyaw; Tobias Haug; Sumner Alperin-Lea; Abhinav Anand,Reviews of Modern Physics,10.1103/revmodphys.94.015004,,https://openalex.org/W4213212652,,,1786,"Noisy quantum computers can in principle perform reliable quantum computations, but truly scalable systems require noise levels lower than are presently achieved. Still, moderate-complexity computations can be performed. This review discusses what is possible in this ``noisy intermediate scale'' quantum (NISQ) era. Topic areas include the simulation of many-body physics and chemistry, combinatorial optimization, and machine learning. It is evident that the NISQ era has produced new paradigms for programming that will be built upon as quantum computers are further perfected."
10.1038/s41586-022-04940-6,0,False,1,O3,openalex,Practical quantum advantage in quantum simulation,2022,Andrew J. Daley; Immanuel Bloch; Christian Kokail; Stuart Flannigan; Natalie Pearson; Matthias Troyer,Nature,10.1038/s41586-022-04940-6,,https://openalex.org/W4288051764,,,720,
10.22331/q-2019-09-02-181,0,False,1,O3,openalex,Simulation of quantum circuits by low-rank stabilizer decompositions,2019,Sergey Bravyi; Dan Browne; Padraic Calpin; Earl Campbell; David Gosset; Mark Howard,Quantum,10.22331/q-2019-09-02-181,,https://openalex.org/W2885845431,,,288,"Recent work has explored using the stabilizer formalism to classically simulate quantum circuits containing a few non-Clifford gates. The computational cost of such methods is directly related to the notion of s t a b i l i z e r rank , which for a pure state ψ is defined to be the smallest integer χ such that ψ is a superposition of χ stabilizer states. Here we develop a comprehensive mathematical theory of the stabilizer rank and the related approximate stabilizer rank. We also present a suite of classical simulation algorithms with broader applicability and significantly improved performance over the previous state-of-the-art. A new feature is the capability to simulate circuits composed of Clifford gates and arbitrary diagonal gates, extending the reach of a previous algorithm specialized to the Clifford+T gate set. We implemented the new simulation methods and used them to simulate quantum algorithms with 40-50 qubits and over 60 non-Clifford gates, without resorting to high-performance computers. We report a simulation of the Quantum Approximate Optimization Algorithm in which we process superpositions of χ ∼ 10 6 stabilizer states and sample from the full n -bit output distribution, improving on previous simulations which used ∼ 10 3 stabilizer states and sampled only from single-qubit marginals. We also simulated instances of the Hidden Shift algorithm with circuits including up to 64 T gates or 16 CCZ gates; these simulations showcase the performance gains available by optimizing the decomposition of a circuit's non-Clifford components."
10.1016/j.physrep.2022.08.003,0,False,1,O3,openalex,The Variational Quantum Eigensolver: A review of methods and best practices,2022,Jules Tilly; Hongxiang Chen; Shuxiang Cao; Dario Picozzi; Kanav Setia; Ying Li,Physics Reports,10.1016/j.physrep.2022.08.003,,https://openalex.org/W3212169067,,,1061,"The variational quantum eigensolver (or VQE), first developed by Peruzzo et al. (2014), has received significant attention from the research community in recent years. It uses the variational principle to compute the ground state energy of a Hamiltonian, a problem that is central to quantum chemistry and condensed matter physics. Conventional computing methods are constrained in their accuracy due to the computational limits facing exact modeling of the exponentially growing electronic wavefunction for these many-electron systems. The VQE may be used to model these complex wavefunctions in polynomial time, making it one of the most promising near-term applications for quantum computing. One important advantage is that variational algorithms have been shown to present some degree of resilience to the noise in the quantum hardware. Finding a path to navigate the relevant literature has rapidly become an overwhelming task, with many methods promising to improve different parts of the algorithm, but without clear descriptions of how the diverse parts fit together. The potential practical advantages of the algorithm are also widely discussed in the literature, but with varying conclusions. Despite strong theoretical underpinnings suggesting excellent scaling of individual VQE components, studies have pointed out that their various pre-factors could be too large to reach a quantum computing advantage over conventional methods. This review aims at disentangling the relevant literature to provide a comprehensive overview of the progress that has been made on the different parts of the algorithm, and to discuss future areas of research that are fundamental for the VQE to deliver on its promises. All the different components of the algorithm are reviewed in detail. These include the representation of Hamiltonians and wavefunctions on a quantum computer, the optimization process to find ground state energies, the post processing mitigation of quantum errors, and suggested best"
continuousvariablequantumneuralnetworks,0,False,1,O3,openalex,Continuous-variable quantum neural networks,2018,Nathan Killoran; Thomas R. Bromley; Juan Miguel Arrazola; Maria Schuld; Nicolás Quesada; Seth Lloyd,DSpace@MIT (Massachusetts Institute of Technology),,,https://openalex.org/W3104962094,,,365,"We introduce a general method for building neural networks on quantum computers. The quantum neural network is a variational quantum circuit built in the continuous-variable (CV) architecture, which encodes quantum information in continuous degrees of freedom such as the amplitudes of the electromagnetic field. This circuit contains a layered structure of continuously parameterized gates which is universal for CV quantum computation. Affine transformations and nonlinear activation functions, two key elements in neural networks, are enacted in the quantum network using Gaussian and non-Gaussian gates, respectively. The non-Gaussian gates provide both the nonlinearity and the universality of the model. Due to the structure of the CV model, the CV quantum neural network can encode highly nonlinear transformations while remaining completely unitary. We show how a classical network can be embedded into the quantum formalism and propose quantum versions of various specialized models such as convolutional, recurrent, and residual networks. Finally, we present numerous modeling experiments built with the strawberry fields software library. These experiments, including a classifier for fraud detection, a network which generates tetris images, and a hybrid classical-quantum autoencoder, demonstrate the capability and adaptability of CV quantum neural networks."
10.1103/physrevresearch.1.033063,0,False,1,O3,openalex,Continuous-variable quantum neural networks,2019,Nathan Killoran; Thomas R. Bromley; Juan Miguel Arrazola; Maria Schuld; Nicolás Quesada; Seth Lloyd,Physical Review Research,10.1103/physrevresearch.1.033063,,https://openalex.org/W2808979145,,,390,"Neural networks and quantum computers are both key technologies for the next generation of computing. This paper demonstrates that these two types of computation can be executed with the same physical platform, based on photonics. This provides a natural extension of classical machine learning algorithms into the quantum realm."
10.1103/prxquantum.4.027001,0,False,1,O3,openalex,Quantum Simulation for High-Energy Physics,2023,C. Bauer; Zohreh Davoudi; A. Baha Balantekin; Tanmoy Bhattacharya; Marcela Carena; Wibe A. de Jong,PRX Quantum,10.1103/prxquantum.4.027001,,https://openalex.org/W4367841521,,,327,"It is for the first time that quantum simulation for high-energy physics (HEP) is studied in the U.S. decadal particle-physics community planning, and in fact until recently, this was not considered a mainstream topic in the community.This fact speaks of a remarkable rate of growth of this subfield over the past few years, stimulated by the impressive advancements in quantum information sciences (QIS) and associated technologies over the past decade, and the significant investment in this area by the government and private sectors in the U.S. and other countries.High-energy physicists have quickly identified problems of importance to our understanding of nature at the most fundamental level, from tiniest distances to cosmological extents, that are intractable with classical computers but may benefit from quantum advantage.They have initiated, and continue to carry out, a vigorous program in theory, algorithm, and hardware codesign for simulations of relevance to the HEP mission.This Roadmap is an attempt to bring this exciting and yet challenging area of research to the spotlight, and to elaborate on what the promises, requirements, challenges, and potential solutions are over the next decade and beyond."
10.1038/s43588-022-00311-3,0,False,1,O3,openalex,Challenges and opportunities in quantum machine learning,2022,M. Cerezo; Guillaume Verdon; Hsin-Yuan Huang; Łukasz Cincio; Patrick J. Coles,Nature Computational Science,10.1038/s43588-022-00311-3,,https://openalex.org/W4296126438,,,715,
10.1140/epjd/e2015-60464-1,0,False,1,O3,openalex,Training Schrödinger’s cat: quantum optimal control,2015,Steffen J. Glaser; Ugo Boscain; Tommaso Calarco; Christiane P. Koch; Walter Köckenberger; Ronnie Kosloff,The European Physical Journal D,10.1140/epjd/e2015-60464-1,,https://openalex.org/W1985601705,,,775,"It is control that turns scientific knowledge into useful technology: in physics and engineering it provides a systematic way for driving a dynamical system from a given initial state into a desired target state with minimized expenditure of energy and resources. As one of the cornerstones for enabling quantum technologies, optimal quantum control keeps evolving and expanding into areas as diverse as quantum-enhanced sensing, manipulation of single spins, photons, or atoms, optical spectroscopy, photochemistry, magnetic resonance (spectroscopy as well as medical imaging), quantum information processing and quantum simulation. In this communication, state-of-the-art quantum control techniques are reviewed and put into perspective by a consortium of experts in optimal control theory and applications to spectroscopy, imaging, as well as quantum dynamics of closed and open systems. We address key challenges and sketch a roadmap for future developments."
10.1103/physrevx.8.031022,0,False,1,O3,openalex,Quantum Chemistry Calculations on a Trapped-Ion Quantum Simulator,2018,Cornelius Hempel; Christine Maier; Jonathan Romero; Jarrod McClean; Thomas Monz; Heng Shen,Physical Review X,10.1103/physrevx.8.031022,,https://openalex.org/W2794503138,,,442,Quantum-classical hybrid algorithms are a promising approach for near-term practical applications of quantum computers. A new experiment demonstrates how a trapped-ion implementation of one such algorithm solves a quantum chemistry problem.
10.1038/s41467-022-32550-3,0,False,1,O3,openalex,Generalization in quantum machine learning from few training data,2022,Matthias C. Caro; Hsin-Yuan Huang; M. Cerezo; Kunal Sharma; Andrew Sornborger; Łukasz Cincio,Nature Communications,10.1038/s41467-022-32550-3,,https://openalex.org/W3211718387,,,482,"Modern quantum machine learning (QML) methods involve variationally optimizing a parameterized quantum circuit on a training data set, and subsequently making predictions on a testing data set (i.e., generalizing). In this work, we provide a comprehensive study of generalization performance in QML after training on a limited number N of training data points. We show that the generalization error of a quantum machine learning model with T trainable gates scales at worst as [Formula: see text]. When only K ≪ T gates have undergone substantial change in the optimization process, we prove that the generalization error improves to [Formula: see text]. Our results imply that the compiling of unitaries into a polynomial number of native gates, a crucial application for the quantum computing industry that typically uses exponential-size training data, can be sped up significantly. We also show that classification of quantum states across a phase transition with a quantum convolutional neural network requires only a very small training data set. Other potential applications include learning quantum error correcting codes or quantum dynamical simulation. Our work injects new hope into the field of QML, as good generalization is guaranteed from few training data."
10.1103/prxquantum.2.010342,0,False,1,O3,openalex,Real- and Imaginary-Time Evolution with Compressed Quantum Circuits,2021,Sheng-Hsuan Lin; Rohit Dilip; Andrew G. Green; Adam Smith; Frank Pollmann,PRX Quantum,10.1103/prxquantum.2.010342,,https://openalex.org/W3080410339,,,204,"The current generation of noisy intermediate-scale quantum computers introduces new opportunities to study quantum many-body systems.In this paper, we show that quantum circuits can provide a dramatically more efficient representation than current classical numerics of the quantum states generated under nonequilibrium quantum dynamics.For quantum circuits, we perform both real-and imaginary-time evolution using an optimization algorithm that is feasible on near-term quantum computers.We benchmark the algorithms by finding the ground state and simulating a global quench of the transverse-field Ising model with a longitudinal field on a classical computer.Furthermore, we implement (classically optimized) gates on a quantum processing unit and demonstrate that our algorithm effectively captures real-time evolution."
10.1103/physreve.82.036702,0,False,1,O3,openalex,Dynamical simulations of classical stochastic systems using matrix product states,2010,T. H. Johnson; Stephen R. L. Clark; Dieter Jaksch,Physical Review E,10.1103/physreve.82.036702,,https://openalex.org/W1979239486,,,45,"We adapt the time-evolving block decimation (TEBD) algorithm, originally devised to simulate the dynamics of one-dimensional quantum systems, to simulate the time evolution of nonequilibrium stochastic systems. We describe this method in detail; a system's probability distribution is represented by a matrix product state (MPS) of finite dimension and then its time evolution is efficiently simulated by repeatedly updating and approximately refactorizing this representation. We examine the use of MPS as an approximation method, looking at parallels between the interpretations of applying it to quantum state vectors and probability distributions. In the context of stochastic systems we consider two types of factorization for use in the TEBD algorithm: non-negative matrix factorization (NMF), which ensures that the approximate probability distribution is manifestly non-negative, and the singular value decomposition (SVD). Comparing these factorizations, we find the accuracy of the SVD to be substantially greater than current NMF algorithms. We then apply TEBD to simulate the totally asymmetric simple exclusion process (TASEP) for systems of up to hundreds of lattice sites in size. Using exact analytic results for the TASEP steady state, we find that TEBD reproduces this state such that the error in calculating expectation values can be made negligible even when severely compressing the description of the system by restricting the dimension of the MPS to be very small. Out of the steady state we show for specific observables that expectation values converge as the dimension of the MPS is increased to a moderate size."
10.5287/ora-aekrx2qq0,0,False,1,O3,openalex,Non-equilibrium strongly-correlated dynamics,2013,T. H. Johnson,Oxford University Research Archive (ORA) (University of Oxford),10.5287/ora-aekrx2qq0,,https://openalex.org/W789898670,,,0,"We study non-equilibrium and strongly-correlated dynamics in two contexts. We begin by analysing quantum many-body systems out of equilibrium through the lens of cold atomic impurities in Bose gases. Such highly-imbalanced mixtures provide a controlled arena for the study of interactions, dissipation, decoherence and transport in a many-body quantum environment. Specifically we investigate the oscillatory dynamics of a trapped and initially highly-localised impurity interacting with a weakly-interacting trapped quasi low-dimensional Bose gas. This relates to and goes beyond a recent experiment by the Inguscio group in Florence. We witness a delicate interplay between the self-trapping of the impurity and the inhomogeneity of the Bose gas, and describe the dissipation of the energy of the impurity through phononic excitations of the Bose gas. We then study the transport of a driven, periodically-trapped impurity through a quasi one-dimensional Bose gas. We show that placing the weakly-interacting Bose gas in a separate periodic potential leads to a phononic excitation spectrum that closely mimics those in solid state systems. As a result we show that the impurity-Bose gas system exhibits phonon-induced resonances in the impurity current that were predicted to occur in solids decades ago but never clearly observed. Following this, allowing the bosons to interact strongly, we predict the effect of different strongly-correlated phases of the Bose gas on the motion of the impurity. We show that, by observing the impurity, properties of the excitation spectrum of the Bose gas, e.g., gap and bandwidth, may be inferred along with the filling of the bosonic lattice. In other words the impurity acts as a probe of its environment. To describe the dynamics of such a strongly-correlated system we use the powerful and near-exact time-evolving block decimation (TEBD) method, which we describe in detail. The second part of this thesis then analyses, for the first time, the performa"
10.18725/oparu-3293,0,False,1,O3,openalex,Efficient system identification and characterization for quantum many-body systems,2014,Tillmann Baumgratz,OPen Access Repositorium der Universität Ulm (OPARU) (Ulm University),10.18725/oparu-3293,,https://openalex.org/W2460168776,,,1,"The analytical, experimental, and even numerical investigation of quantum many-body systems is pushed to its limits rather rapidly as the dimension of the Hilbert space scales exponentially with the number of subsystems. As a result, tasks such as the exact diagonalization of general quantum many-body Hamiltonians and the analysis of quantum experiments are limited to small system sizes. In this thesis, we address two issues related to the exponential scaling of the Hilbert space dimension: (i) The approximation of the ground state energy of many-body systems with a lower bound and (ii) efficient strategies for quantum state tomography experiments."
10.53846/goediss-8867,0,False,1,O3,openalex,Transport and nonequilibrium dynamics in 1d many-body systems with bosonic degrees of freedom,2021,Jan Stolpp,,10.53846/goediss-8867,,https://openalex.org/W4212881290,,,1,"In this thesis, different wave-function based numerical methods are used to study many-body systems with bosonic degrees of freedom in 1d. The main focus is on the Holstein model of spinless fermions, where ground-state phases, nonequilibrium dynamics, and thermalization are investigated. Using matrix-product-state methods for the investigation of such models with electron-phonon coupling poses special numerical challenges. Local basis optimization, projected purification, and subspace expansion are used to overcome these challenges."
10.48550/arxiv.2308.10796,0,False,1,O3,openalex,Phase-Sensitive Quantum Measurement without Controlled Operations,2023,Yilun Yang; Arthur Christianen; Mari Carmen Bañuls; Dominik S. Wild; J. I. Cirac,arXiv (Cornell University),10.48550/arxiv.2308.10796,,https://openalex.org/W4386081790,,,0,"Many quantum algorithms rely on the measurement of complex quantum amplitudes. Standard approaches to obtain the phase information, such as the Hadamard test, give rise to large overheads due to the need for global controlled-unitary operations. We introduce a quantum algorithm based on complex analysis that overcomes this problem for amplitudes that are a continuous function of time. Our method only requires the implementation of real-time evolution and a shallow circuit that approximates a short imaginary-time evolution. We show that the method outperforms the Hadamard test in terms of circuit depth and that it is suitable for current noisy quantum computers when combined with a simple error-mitigation strategy."
10.5282/edoc.20329,0,False,1,O3,openalex,"Frustrated magnetism, quench dynamics, and out-of-equilibrium criticality in quantum many-body lattices",2017,Jad C. Halimeh,Electronic Theses of LMU Munich (Ludwig-Maximilians-Universität München),10.5282/edoc.20329,,https://openalex.org/W2601567590,,,0,"Die vorliegende Dissertation liefert einen Beitrag zum Verständnis von stark korrelierten Quantenvielteilchensystemen innerhalb und außerhalb des Gleichgewichtszustands, insbesondere die dynamischen Spinstrukturfaktoren von chiralen GAPPED Spin Flüssigkeiten auf dem Kagome Gitter mit antiferromagnetischer Heisenberg-Spinkopplung und nichtgleichgewichts Kritikalität in Systemen nach einem Quench.Der dynamische Spinstrukturfaktor wird für chirale Schwinger-Boson Molekularfeldansätze hergeleitet und berechnet, wobei die Brechung der Zeitumkehrsymmetrie zum Vorschein kommt, ausgedrückt durch die Verringerung der üblichen sechsfachen Rotationssymmetrie des dynamischen Strukturfaktors auf eine dreifache Symmetrie.Andere interessante Eigenschaften werden hervorgehoben, wie der flache Beginn des Spinon-Kontinuums für den chiralen cuboc1 Ansatz.Diese Arbeit bietet eine hilfreiche Verbindung zu inelastischen Neutronenstreuungsexperimenten, welche versuchen die Beschaffenheit möglicher spinflüssiger Grundzustände von Kandidatenmaterialen, wie etwa Herbertsmithite, aufzudecken.Bezüglich Nichtgleichgewichtsdynamik bietet diese Dissertation eine numerische Untersuchung der zwei Hauptarten dynamischer Phasenübergänge: Einen Landau-artigen, welcher auf die Relaxation zu einem stationären Zustand angewiesen ist, von welchem ein Ordnungsparameter als Funktion des Quenchkontrollparameters (DPT-I) extrahiert werden kann und eine zweite Art, welche als Nichtanalytizität in der Loschmidt-Echo Rückgaberate als Funktion der Entwicklungszeit (DPT-II) entsteht.Mit dem paradigmatischen langreichweitigen Ising-Modell mit transversalem Feld arbeitend, stellen wir einen nicht trivialen Zusammenhang zwischen beiden Übergängen her, zeigen, dass DPT-I qualitativ und grundlegend verschieden von dem zugrundeliegenden Gleichgewichtsphasenübergang ist und entdecken eine neue anormale dynamische Phase, welche in Beziehung steht zu DPT-II für hinreichend langreichweitige Wechselwirkungen.Zusätzlich zur d"
10.48550/arxiv.2410.00973,0,False,1,O3,openalex,Multi-site gates for state preparation in quantum simulation of the Bose Hubbard Model,2024,Pranjal Praneel; Thomas G. Kiely; Erich J. Mueller; A. G. Petukhov,arXiv (Cornell University),10.48550/arxiv.2410.00973,,https://openalex.org/W4403883160,,,0,"We construct a sequence of multi-site gates which transform an easily constructed product state into an approximation to the superfluid ground state of the Bose-Hubbard model. The mapping is exact in the one dimensional hard core limit, and for non-interacting particles in both one and two dimensions. The gate sequence has other applications, such as being used as part of a many-body interferometer which probes the existence of doublons."
10.1038/s41586-024-08449-y,0,False,1,O3,openalex,Quantum error correction below the surface code threshold,2024,Google Quantum AI and Collaborators; Rajeev Acharya; Dmitry A. Abanin; Laleh Aghababaie-Beni; I. L. Aleǐner; Trond I. Andersen,Nature,10.1038/s41586-024-08449-y,,https://openalex.org/W4405183524,,,699,"Quantum error correction [1, 2, 3, 4] provides a path to reach practical quantum computing by combining multiple physical qubits into a logical qubit, where the logical error rate is suppressed exponentially as more qubits are added. However, this exponential suppression only occurs if the physical error rate is below a critical threshold. Here, we present two below-threshold surface code memories on our newest generation of superconducting processors, Willow: a distance-7 code, and a distance-5 code integrated with a real-time decoder. The logical error rate of our larger quantum memory is suppressed by a factor of $$\varLambda \mathrm{=2.14}\pm 0.02$$ when increasing the code distance by two, culminating in a 101-qubit distance-7 code with 0.143% ± 0.003% error per cycle of error correction. This logical memory is also beyond break-even, exceeding its best physical qubit’s lifetime by a factor of $$2.4\pm 0.3$$ . Our system maintains below-threshold performance when decoding in real time, achieving an average decoder latency of 63 μs at distance-5 up to a million cycles, with a cycle time of 1.1 μs. We also run repetition codes up to distance-29 and find that logical performance is limited by rare correlated error events occurring approximately once every hour, or $$3$$ $$\times $$ $${10}^{9}$$ cycles. Our results present device performance that, if scaled, could realize the operational requirements of large scale fault-tolerant quantum algorithms."
10.1038/s41534-017-0038-y,0,False,1,O3,openalex,"Interfacing spin qubits in quantum dots and donors—hot, dense, and coherent",2017,Lieven M. K. Vandersypen; Hendrik Bluhm; James S. Clarke; Andrew S. Dzurak; Ryoichi Ishihara; Andrea Morello,npj Quantum Information,10.1038/s41534-017-0038-y,,https://openalex.org/W2591036338,,,648,"Abstract Semiconductor spins are one of the few qubit realizations that remain a serious candidate for the implementation of large-scale quantum circuits. Excellent scalability is often argued for spin qubits defined by lithography and controlled via electrical signals, based on the success of conventional semiconductor integrated circuits. However, the wiring and interconnect requirements for quantum circuits are completely different from those for classical circuits, as individual direct current, pulsed and in some cases microwave control signals need to be routed from external sources to every qubit. This is further complicated by the requirement that these spin qubits currently operate at temperatures below 100 mK. Here, we review several strategies that are considered to address this crucial challenge in scaling quantum circuits based on electron spin qubits. Key assets of spin qubits include the potential to operate at 1 to 4 K, the high density of quantum dots or donors combined with possibilities to space them apart as needed, the extremely long-spin coherence times, and the rich options for integration with classical electronics based on the same technology."
10.1109/tdsc.2004.2,0,False,1,O3,openalex,Basic concepts and taxonomy of dependable and secure computing,2004,A. Avižienis; J.-C. Laprie; Brian Randell; Carl E. Landwehr,IEEE Transactions on Dependable and Secure Computing,10.1109/tdsc.2004.2,,https://openalex.org/W2145071552,,,5180,"This paper gives the main definitions relating to dependability, a generic concept including a special case of such attributes as reliability, availability, safety, integrity, maintainability, etc. Security brings in concerns for confidentiality, in addition to availability and integrity. Basic definitions are given first. They are then commented upon, and supplemented by additional definitions, which address the threats to dependability and security (faults, errors, failures), their attributes, and the means for their achievement (fault prevention, fault tolerance, fault removal, fault forecasting). The aim is to explicate a set of general concepts, of relevance across a wide range of situations and, therefore, helping communication and cooperation among a number of scientific and technical communities, including ones that are concentrating on particular types of system, of system failures, or of causes of system failures."
10.1103/physrevx.10.021067,0,False,1,O3,openalex,"Quantum Approximate Optimization Algorithm: Performance, Mechanism, and Implementation on Near-Term Devices",2020,Leo Zhou; Sheng-Tao Wang; Soonwon Choi; Hannes Pichler; Mikhail D. Lukin,Physical Review X,10.1103/physrevx.10.021067,,https://openalex.org/W2903058119,,,692,"The quantum approximate optimization algorithm (QAOA) is a hybrid quantum-classical variational algorithm designed to tackle combinatorial optimization problems.Despite its promise for near-term quantum applications, not much is currently understood about the QAOA's performance beyond its lowestdepth variant.An essential but missing ingredient for understanding and deploying the QAOA is a constructive approach to carry out the outer-loop classical optimization.We provide an in-depth study of the performance of the QAOA on MaxCut problems by developing an efficient parameter-optimization procedure and revealing its ability to exploit nonadiabatic operations.Building on observed patterns in optimal parameters, we propose heuristic strategies for initializing optimizations to find quasioptimal p-level QAOA parameters in O½polyðpÞ time, whereas the standard strategy of random initialization requires 2 OðpÞ optimization runs to achieve similar performance.We then benchmark the QAOA and compare it with quantum annealing, especially on difficult instances where adiabatic quantum annealing fails due to small spectral gaps.The comparison reveals that the QAOA can learn via optimization to utilize nonadiabatic mechanisms to circumvent the challenges associated with vanishing spectral gaps.Finally, we provide a realistic resource analysis on the experimental implementation of the QAOA.When quantum fluctuations in measurements are accounted for, we illustrate that optimization is important only for problem sizes beyond numerical simulations but accessible on near-term devices.We propose a feasible implementation of large MaxCut problems with a few hundred vertices in a system of 2D neutral atoms, reaching the regime to challenge the best classical algorithms."
10.1088/2515-7647/ac1ef4,0,False,1,O3,openalex,2022 Roadmap on integrated quantum photonics,2022,M. Lobino,Iris (University of Trento),10.1088/2515-7647/ac1ef4,,https://openalex.org/W3195862557,,,413,"Integrated photonics is at the heart of many classical technologies, from optical communications to biosensors, LIDAR, and data center fiber interconnects. There is strong evidence that these integrated technologies will play a key role in quantum systems as they grow from few-qubit prototypes to tens of thousands of qubits. The underlying laser and optical quantum technologies, with the required functionality and performance, can only be realized through the integration of these components onto quantum photonic integrated circuits (QPICs) with accompanying electronics. In the last decade, remarkable advances in quantum photonic integration and a dramatic reduction in optical losses have enabled benchtop experiments to be scaled down to prototype chips with improvements in efficiency, robustness, and key performance metrics. The reduction in size, weight, power, and improvement in stability that will be enabled by QPICs will play a key role in increasing the degree of complexity and scale in quantum demonstrations. In the next decade, with sustained research, development, and investment in the quantum photonic ecosystem (i.e. PIC-based platforms, devices and circuits, fabrication and integration processes, packaging, and testing and benchmarking), we will witness the transition from single- and few-function prototypes to the large-scale integration of multi-functional and reconfigurable QPICs that will define how information is processed, stored, transmitted, and utilized for quantum computing, communications, metrology, and sensing. This roadmap highlights the current progress in the field of integrated quantum photonics, future challenges, and advances in science and technology needed to meet these challenges."
10.1038/s41598-019-43176-9,0,False,1,O3,openalex,QAOA for Max-Cut requires hundreds of qubits for quantum speed-up,2019,Gian Giacomo Guerreschi; A. Y. Matsuura,Scientific Reports,10.1038/s41598-019-43176-9,,https://openalex.org/W2951211905,,,336,"Computational quantum technologies are entering a new phase in which noisy intermediate-scale quantum computers are available, but are still too small to benefit from active error correction. Even with a finite coherence budget to invest in quantum information processing, noisy devices with about 50 qubits are expected to experimentally demonstrate quantum supremacy in the next few years. Defined in terms of artificial tasks, current proposals for quantum supremacy, even if successful, will not help to provide solutions to practical problems. Instead, we believe that future users of quantum computers are interested in actual applications and that noisy quantum devices may still provide value by approximately solving hard combinatorial problems via hybrid classical-quantum algorithms. To lower bound the size of quantum computers with practical utility, we perform realistic simulations of the Quantum Approximate Optimization Algorithm and conclude that quantum speedup will not be attainable, at least for a representative combinatorial problem, until several hundreds of qubits are available."
10.1103/physreva.100.010302,0,False,1,O3,openalex,Experimental error mitigation via symmetry verification in a variational quantum eigensolver,2019,Ramiro Sagastizabal; Xavier Bonet-Monroig; Meenakshi Singh; M. A. Rol; Cornelis Christiaan Bultink; Xiang Fu,Physical Review A,10.1103/physreva.100.010302,,https://openalex.org/W2966171903,,,133,"Variational quantum eigensolvers offer a small-scale testbed to demonstrate the performance of error mitigation techniques with low experimental overhead. We present successful error mitigation by applying the recently proposed symmetry verification technique to the experimental estimation of the ground-state energy and ground state of the hydrogen molecule. A finely adjustable exchange interaction between two qubits in a circuit QED processor efficiently prepares variational ansatz states in the single-excitation subspace respecting the parity symmetry of the qubit-mapped Hamiltonian. Symmetry verification improves the energy and state estimates by mitigating the effects of qubit relaxation and residual qubit excitation, which violate the symmetry. A full-density-matrix simulation matching the experiment dissects the contribution of these mechanisms from other calibrated error sources. Enforcing positivity of the measured density matrix via scalable convex optimization correlates the energy and state estimate improvements when using symmetry verification, with interesting implications for determining system properties beyond the ground-state energy."
10.1140/epjqt/s40507-022-00138-x,0,False,1,O3,openalex,"Quantum Optimal Control in Quantum Technologies. Strategic Report on Current Status, Visions and Goals for Research in Europe",2022,Christiane P. Koch; Boscain U.; Calarco T.; Dirr G.; Filipp S.; Glaser S. J.,Archivio istituzionale della ricerca (Alma Mater Studiorum Università di Bologna),10.1140/epjqt/s40507-022-00138-x,,https://openalex.org/W4286001073,,,436,"Quantum optimal control, a toolbox for devising and implementing the shapes of external fields that accomplish given tasks in the operation of a quantum device in the best way possible, has evolved into one of the cornerstones for enabling quantum technologies. The last few years have seen a rapid evolution and expansion of the field. We review here recent progress in our understanding of the controllability of open quantum systems and in the development and application of quantum control techniques to quantum technologies. We also address key challenges and sketch a roadmap for future developments."
10.1038/s41534-017-0018-2,0,False,1,O3,openalex,"Quantum sampling problems, BosonSampling and quantum supremacy",2017,Austin P. Lund; Michael J. Bremner; Timothy C. Ralph,npj Quantum Information,10.1038/s41534-017-0018-2,,https://openalex.org/W2604445392,,,190,"Abstract There is a large body of evidence for the potential of greater computational power using information carriers that are quantum mechanical over those governed by the laws of classical mechanics. But the question of the exact nature of the power contributed by quantum mechanics remains only partially answered. Furthermore, there exists doubt over the practicality of achieving a large enough quantum computation that definitively demonstrates quantum supremacy. Recently the study of computational problems that produce samples from probability distributions has added to both our understanding of the power of quantum algorithms and lowered the requirements for demonstration of fast quantum algorithms. The proposed quantum sampling problems do not require a quantum computer capable of universal operations and also permit physically realistic errors in their operation. This is an encouraging step towards an experimental demonstration of quantum algorithmic supremacy. In this paper, we will review sampling problems and the arguments that have been used to deduce when sampling problems are hard for classical computers to simulate. Two classes of quantum sampling problems that demonstrate the supremacy of quantum algorithms are BosonSampling and Instantaneous Quantum Polynomial-time Sampling. We will present the details of these classes and recent experimental progress towards demonstrating quantum supremacy in BosonSampling."
10.1103/physrevx.11.041039,0,False,1,O3,openalex,Randomized compiling for scalable quantum computing on a noisy superconducting quantum processor,2020,Akel Hashim; Ravi Naik; Alexis Morvan; Jean-Loup Ville; Bradley Mitchell; John Mark Kreikebaum,arXiv (Cornell University),10.1103/physrevx.11.041039,,https://openalex.org/W3216902878,,,149,"The successful implementation of algorithms on quantum processors relies on the accurate control of quantum bits (qubits) to perform logic gate operations. In this era of noisy intermediate-scale quantum (NISQ) computing, systematic miscalibrations, drift, and crosstalk in the control of qubits can lead to a coherent form of error which has no classical analog. Coherent errors severely limit the performance of quantum algorithms in an unpredictable manner, and mitigating their impact is necessary for realizing reliable quantum computations. Moreover, the average error rates measured by randomized benchmarking and related protocols are not sensitive to the full impact of coherent errors, and therefore do not reliably predict the global performance of quantum algorithms, leaving us unprepared to validate the accuracy of future large-scale quantum computations. Randomized compiling is a protocol designed to overcome these performance limitations by converting coherent errors into stochastic noise, dramatically reducing unpredictable errors in quantum algorithms and enabling accurate predictions of algorithmic performance from error rates measured via cycle benchmarking. In this work, we demonstrate significant performance gains under randomized compiling for the four-qubit quantum Fourier transform algorithm and for random circuits of variable depth on a superconducting quantum processor. Additionally, we accurately predict algorithm performance using experimentally-measured error rates. Our results demonstrate that randomized compiling can be utilized to leverage and predict the capabilities of modern-day noisy quantum processors, paving the way forward for scalable quantum computing."
10.1109/tqe.2020.3030314,0,False,1,O3,openalex,Quantum Computing for Finance: State-of-the-Art and Future Prospects,2020,Daniel J. Egger; Claudio Gambella; Jakub Marecek; Scott McFaddin; Martin Mevissen; Rudy Raymond,IEEE Transactions on Quantum Engineering,10.1109/tqe.2020.3030314,,https://openalex.org/W3037022125,,,362,"This article outlines our point of view regarding the applicability, state-of-the-art, and potential of quantum computing for problems in finance. We provide an introduction to quantum computing as well as a survey on problem classes in finance that are computationally challenging classically and for which quantum computing algorithms are promising. In the main part, we describe in detail quantum algorithms for specific applications arising in financial services, such as those involving simulation, optimization, and machine learning problems. In addition, we include demonstrations of quantum algorithms on IBM Quantum back-ends and discuss the potential benefits of quantum algorithms for problems in financial services. We conclude with a summary of technical challenges and future prospects."
10.22331/q-2021-06-17-479,0,False,1,O3,openalex,Warm-starting quantum optimization,2021,Daniel J. Egger; Jakub Mareček; Stefan Woerner,Quantum,10.22331/q-2021-06-17-479,,https://openalex.org/W3088409280,,,280,"There is an increasing interest in quantum algorithms for problems of integer programming and combinatorial optimization. Classical solvers for such problems employ relaxations, which replace binary variables with continuous ones, for instance in the form of higher-dimensional matrix-valued problems (semidefinite programming). Under the Unique Games Conjecture, these relaxations often provide the best performance ratios available classically in polynomial time. Here, we discuss how to warm-start quantum optimization with an initial state corresponding to the solution of a relaxation of a combinatorial optimization problem and how to analyze properties of the associated quantum algorithms. In particular, this allows the quantum algorithm to inherit the performance guarantees of the classical algorithm. We illustrate this in the context of portfolio optimization, where our results indicate that warm-starting the Quantum Approximate Optimization Algorithm (QAOA) is particularly beneficial at low depth. Likewise, Recursive QAOA for MAXCUT problems shows a systematic increase in the size of the obtained cut for fully connected graphs with random weights, when Goemans-Williamson randomized rounding is utilized in a warm start. It is straightforward to apply the same ideas to other randomized-rounding schemes and optimization problems."
10.1103/prxquantum.3.010329,0,False,1,O3,openalex,Building a Fault-Tolerant Quantum Computer Using Concatenated Cat Codes,2022,Christopher Chamberland; Kyungjoo Noh; Patricio Arrangoiz-Arriola; Earl T. Campbell; Connor T. Hann; Joseph K. Iverson,PRX Quantum,10.1103/prxquantum.3.010329,,https://openalex.org/W3111561052,,,292,"An architectural analysis for a fault-tolerant quantum computer is thoroughly presented: With 1,000 superconducting circuit components, problems currently intractable for classical computers could be solved."
10.6028/nist.ir.8413,0,False,1,O3,openalex,Status report on the third round of the NIST Post-Quantum Cryptography Standardization process,2022,Gorjan Alagic; Daniel Apon; David A. Cooper; Quynh Dang; Thinh Dang; John Kelsey,,10.6028/nist.ir.8413,,https://openalex.org/W4226075590,,,391,"The National Institute of Standards and Technology is in the process of selecting public-key cryptographic algorithms through a public, competition-like process. The new public-key cryptography standards will specify additional digital signature, public-key encryption, and key-establishment algorithms to augment Federal Information Processing Standard (FIPS) 186-4, Digital Signature Standard (DSS), as well as NIST Special Publication (SP) 800-56A Revision 3, Recommendation for Pair-Wise Key-Establishment Schemes Using Discrete Logarithm Cryptography, and SP 800-56B Revision 2, Recommendation for Pair-Wise Key Establishment Using Integer Factorization Cryptography. It is intended that these algorithms will be capable of protecting sensitive information well into the foreseeable future, including after the advent of quantum computers. The first round of the NIST Post-Quantum Cryptography Standardization Process began in December 2017 with 69 candidate algorithms that met both the minimum acceptance criteria and submission requirements. The first round lasted until January 2019, during which candidate algorithms were evaluated based on their security, performance, and other characteristics. NIST selected 26 algorithms to advance to the second round for more analysis. The second round continued until July 2020, after which seven 'finalist' and eight 'alternate' candidate algorithms were selected to move into the third round. This report describes the evaluation and selection process, based on public feedback and internal review, of the third-round candidates. The report summarizes each of the 15 third-round candidate algorithms and identifies those selected for standardization, as well as those that will continue to be evaluated in a fourth round of analysis. The public-key encryption and key-establishment algorithm that will be standardized is CRYSTALS-Kyber. The digital signatures that will be standardized are CRYSTALS-Dilithium, Falcon, and SPHINCS+. While there are "
10.1021/acs.chemrev.0c00665,0,False,1,O3,openalex,Neural Network Potential Energy Surfaces for Small Molecules and Reactions,2020,Sergei Manzhos; Tucker Carrington,Chemical Reviews,10.1021/acs.chemrev.0c00665,,https://openalex.org/W3090555547,,,361,"We review progress in neural network (NN)-based methods for the construction of interatomic potentials from discrete samples (such as ab initio energies) for applications in classical and quantum dynamics including reaction dynamics and computational spectroscopy. The main focus is on methods for building molecular potential energy surfaces (PES) in internal coordinates that explicitly include all many-body contributions, even though some of the methods we review limit the degree of coupling, due either to a desire to limit computational cost or to limited data. Explicit and direct treatment of all many-body contributions is only practical for sufficiently small molecules, which are therefore our primary focus. This includes small molecules on surfaces. We consider direct, single NN PES fitting as well as more complex methods that impose structure (such as a multibody representation) on the PES function, either through the architecture of one NN or by using multiple NNs. We show how NNs are effective in building representations with low-dimensional functions including dimensionality reduction. We consider NN-based approaches to build PESs in the sums-of-product form important for quantum dynamics, ways to treat symmetry, and issues related to sampling data distributions and the relation between PES errors and errors in observables. We highlight combinations of NNs with other ideas such as permutationally invariant polynomials or sums of environment-dependent atomic contributions, which have recently emerged as powerful tools for building highly accurate PESs for relatively large molecular and reactive systems."
10.1063/5.0004997,0,False,1,O3,openalex,"NWChem: Past, present, and future",2020,E. Aprà; E. J. Bylaska; W. A. de Jong; N. Govind; K. Kowalski; T. P. Straatsma,The Journal of Chemical Physics,10.1063/5.0004997,,https://openalex.org/W3020638658,,,704,"Specialized computational chemistry packages have permanently reshaped the landscape of chemical and materials science by providing tools to support and guide experimental efforts and for the prediction of atomistic and electronic properties. In this regard, electronic structure packages have played a special role by using first-principle-driven methodologies to model complex chemical and materials processes. Over the past few decades, the rapid development of computing technologies and the tremendous increase in computational power have offered a unique chance to study complex transformations using sophisticated and predictive many-body techniques that describe correlated behavior of electrons in molecular and condensed phase systems at different levels of theory. In enabling these simulations, novel parallel algorithms have been able to take advantage of computational resources to address the polynomial scaling of electronic structure methods. In this paper, we briefly review the NWChem computational chemistry suite, including its history, design principles, parallel tools, current capabilities, outreach, and outlook."
10.1103/physreve.69.066138,0,False,1,O4,openalex,Estimating mutual information,2004,Alexander Kraskov; Harald Stögbauer; Peter Grassberger,Physical Review E,10.1103/physreve.69.066138,,https://openalex.org/W2092939357,,,4208,"We present two classes of improved estimators for mutual information M(X,Y), from samples of random points distributed according to some joint probability density mu(x,y). In contrast to conventional estimators based on binnings, they are based on entropy estimates from k -nearest neighbor distances. This means that they are data efficient (with k=1 we resolve structures down to the smallest possible scales), adaptive (the resolution is higher where data are more numerous), and have minimal bias. Indeed, the bias of the underlying entropy estimates is mainly due to nonuniformity of the density at the smallest resolved scale, giving typically systematic errors which scale as functions of k/N for N points. Numerically, we find that both families become exact for independent distributions, i.e. the estimator M(X,Y) vanishes (up to statistical fluctuations) if mu(x,y)=mu(x)mu(y). This holds for all tested marginal distributions and for all dimensions of x and y. In addition, we give estimators for redundancies between more than two random variables. We compare our algorithms in detail with existing algorithms. Finally, we demonstrate the usefulness of our estimators for assessing the actual independence of components obtained from independent component analysis (ICA), for improving ICA, and for estimating the reliability of blind source separation."
10.1175/2009jcli3062.1,0,False,1,O4,openalex,Empirical Orthogonal Functions: The Medium is the Message,2009,Adam H. Monahan; John C. Fyfe; Maarten H. P. Ambaum; David B. Stephenson; Gerald R. North,Journal of Climate,10.1175/2009jcli3062.1,,https://openalex.org/W2022831624,,,330,"Abstract Empirical orthogonal function (EOF) analysis is a powerful tool for data compression and dimensionality reduction used broadly in meteorology and oceanography. Often in the literature, EOF modes are interpreted individually, independent of other modes. In fact, it can be shown that no such attribution can generally be made. This review demonstrates that in general individual EOF modes (i) will not correspond to individual dynamical modes, (ii) will not correspond to individual kinematic degrees of freedom, (iii) will not be statistically independent of other EOF modes, and (iv) will be strongly influenced by the nonlocal requirement that modes maximize variance over the entire domain. The goal of this review is not to argue against the use of EOF analysis in meteorology and oceanography; rather, it is to demonstrate the care that must be taken in the interpretation of individual modes in order to distinguish the medium from the message."
10.48550/arxiv.0904.3523,0,False,1,O4,openalex,Structured Variable Selection with Sparsity-Inducing Norms,2009,Rodolphe Jenatton; Jean-Yves Audibert; Francis Bach,arXiv (Cornell University),10.48550/arxiv.0904.3523,,https://openalex.org/W2108687351,,,458,"We consider the empirical risk minimization problem for linear supervised learning, with regularization by structured sparsity-inducing norms. These are defined as sums of Euclidean norms on certain subsets of variables, extending the usual $\ell_1$-norm and the group $\ell_1$-norm by allowing the subsets to overlap. This leads to a specific set of allowed nonzero patterns for the solutions of such problems. We first explore the relationship between the groups defining the norm and the resulting nonzero patterns, providing both forward and backward algorithms to go back and forth from groups to patterns. This allows the design of norms adapted to specific prior knowledge expressed in terms of nonzero patterns. We also present an efficient active set algorithm, and analyze the consistency of variable selection for least-squares linear regression in low and high-dimensional settings."
10.1063/1.869686,0,False,1,O4,openalex,Proper orthogonal decomposition and low-dimensional models for driven cavity flows,1998,W. Cazemier; Roel Verstappen; A.E.P. Veldman,Physics of Fluids,10.1063/1.869686,,https://openalex.org/W2033068209,,,348,"A proper orthogonal decomposition (POD) of the flow in a square lid-driven cavity at Re=22,000 is computed to educe the coherent structures in this flow and to construct a low-dimensional model for driven cavity flows. Among all linear decompositions, the POD is the most efficient in the sense that it captures the largest possible amount of kinetic energy (for any given number of modes). The first 80 POD modes of the driven cavity flow are computed from 700 snapshots that are taken from a direct numerical simulation (DNS). The first 80 spatial POD modes capture (on average) 95% of the fluctuating kinetic energy. From the snapshots a motion picture of the coherent structures is made by projecting the Navier–Stokes equation on a space spanned by the first 80 spatial POD modes. We have evaluated how well the dynamics of this 80-dimensional model mimics the dynamics given by the Navier–Stokes equations. The results can be summarized as follows. A closure model is needed to integrate the 80-dimensional system at Re=22,000 over long times. With a simple closure the energy spectrum of the DNS is recovered. A linear stability analysis shows that the first (Hopf) bifurcation of the 80-dimensional dynamical system takes place at Re=7,819. This number lies about 0.7% above the critical Reynolds number given in Poliashenko and Aidun [J. Comput. Phys. 121, 246 (1995)] and differs by about 2% from the first instability found with DNS. In addition to that, the unstable eigenvector displays the correct mechanism: a centrifugal instability of the primary eddy, however, the frequency of the periodic solution after the first bifurcation differs from that of the DNS. The stability of periodic solutions of the 80-dimensional system is analyzed by means of Floquet multipliers. For Re=11,188−11,500 the ratio of the two periods of the stable 2-periodic solution of the 80-dimensional system is approximately the same as the ratio of the two periods of the 2-periodic solution of the DNS at Re"
10.1070/rm1977v032n06abeh003859,0,False,1,O4,openalex,AN EXPONENTIAL ESTIMATE OF THE TIME OF STABILITY OF NEARLY-INTEGRABLE HAMILTONIAN SYSTEMS,1977,N. N. Nekhoroshev,Russian Mathematical Surveys,10.1070/rm1977v032n06abeh003859,,https://openalex.org/W1966160012,,,762,"CONTENTS § 1. Introduction § 2. Unsolved problems. Conjectures. Generalizations § 3. The main ideas of the proof of the exponential estimate § 4. Steepness conditions. Precise statement of the main theorem § 5. Forbidden motions § 6. Resonances. Resonance zones and blocks § 7. Dependence of the diameters of the discs of fast drift on the steepness of the unperturbed Hamiltonian § 8. Condition for the non-overlapping of resonances § 9. Traps in frequency systems. Completion of the proof of the main theorem § 10. Statement of the lemma on the elimination of non-resonance harmonics, and of the technical lemmas used in the proof of the main theorem § 11. Remarks on the proof of the main theorem § 12. Application of the main theorem to the many-body problem References"
10.1214/09-aos729,0,False,1,O4,openalex,Nearly unbiased variable selection under minimax concave penalty,2010,Cun‐Hui Zhang,The Annals of Statistics,10.1214/09-aos729,,https://openalex.org/W1965125844,,,4025,"We propose MC+, a fast, continuous, nearly unbiased and accurate method of penalized variable selection in high-dimensional linear regression. The LASSO is fast and continuous, but biased. The bias of the LASSO may prevent consistent variable selection. Subset selection is unbiased but computationally costly. The MC+ has two elements: a minimax concave penalty (MCP) and a penalized linear unbiased selection (PLUS) algorithm. The MCP provides the convexity of the penalized loss in sparse regions to the greatest extent given certain thresholds for variable selection and unbiasedness. The PLUS computes multiple exact local minimizers of a possibly nonconvex penalized loss function in a certain main branch of the graph of critical points of the penalized loss. Its output is a continuous piecewise linear path encompassing from the origin for infinite penalty to a least squares solution for zero penalty. We prove that at a universal penalty level, the MC+ has high probability of matching the signs of the unknowns, and thus correct selection, without assuming the strong irrepresentable condition required by the LASSO. This selection consistency applies to the case of p≫n, and is proved to hold for exactly the MC+ solution among possibly many local minimizers. We prove that the MC+ attains certain minimax convergence rates in probability for the estimation of regression coefficients in ℓr balls. We use the SURE method to derive degrees of freedom and Cp-type risk estimates for general penalized LSE, including the LASSO and MC+ estimators, and prove their unbiasedness. Based on the estimated degrees of freedom, we propose an estimator of the noise level for proper choice of the penalty level. For full rank designs and general sub-quadratic penalties, we provide necessary and sufficient conditions for the continuity of the penalized LSE. Simulation results overwhelmingly support our claim of superior variable selection properties and demonstrate the computational efficiency o"
10.1109/access.2015.2430359,0,False,1,O4,openalex,A Survey of Sparse Representation: Algorithms and Applications,2015,Zheng Zhang; Yong Xu; Jian Yang; Xuelong Li; David Zhang,IEEE Access,10.1109/access.2015.2430359,,https://openalex.org/W2130187411,,,1097,"Sparse representation has attracted much attention from researchers in fields of signal processing, image processing, computer vision, and pattern recognition. Sparse representation also has a good reputation in both theoretical research and practical applications. Many different algorithms have been proposed for sparse representation. The main purpose of this paper is to provide a comprehensive study and an updated review on sparse representation and to supply guidance for researchers. The taxonomy of sparse representation methods can be studied from various viewpoints. For example, in terms of different norm minimizations used in sparsity constraints, the methods can be roughly categorized into five groups: 1) sparse representation with l0-norm minimization; 2) sparse representation with lp-norm (01-norm minimization; 4) sparse representation with l2,1-norm minimization; and 5) sparse representation with l2-norm minimization. In this paper, a comprehensive overview of sparse representation is provided. The available sparse representation algorithms can also be empirically categorized into four groups: 1) greedy strategy approximation; 2) constrained optimization; 3) proximity algorithm-based optimization; and 4) homotopy algorithm-based sparse representation. The rationales of different algorithms in each category are analyzed and a wide range of sparse representation applications are summarized, which could sufficiently reveal the potential nature of the sparse representation theory. In particular, an experimentally comparative study of these sparse representation algorithms was presented."
10.1186/1743-0003-5-25,0,False,1,O4,openalex,Review on solving the inverse problem in EEG source analysis,2008,Roberta Grech; Tracey Cassar; Joseph Muscat; Kenneth P Camilleri; Simon G. Fabri; Michalis Zervakis,Journal of NeuroEngineering and Rehabilitation,10.1186/1743-0003-5-25,,https://openalex.org/W2127786259,,,1212,"In this primer, we give a review of the inverse problem for EEG source localization. This is intended for the researchers new in the field to get insight in the state-of-the-art techniques used to find approximate solutions of the brain sources giving rise to a scalp potential recording. Furthermore, a review of the performance results of the different techniques is provided to compare these different inverse solutions. The authors also include the results of a Monte-Carlo analysis which they performed to compare four non parametric algorithms and hence contribute to what is presently recorded in the literature. An extensive list of references to the work of other researchers is also provided. This paper starts off with a mathematical description of the inverse problem and proceeds to discuss the two main categories of methods which were developed to solve the EEG inverse problem, mainly the non parametric and parametric methods. The main difference between the two is to whether a fixed number of dipoles is assumed a priori or not. Various techniques falling within these categories are described including minimum norm estimates and their generalizations, LORETA, sLORETA, VARETA, S-MAP, ST-MAP, Backus-Gilbert, LAURA, Shrinking LORETA FOCUSS (SLF), SSLOFO and ALF for non parametric methods and beamforming techniques, BESA, subspace techniques such as MUSIC and methods derived from it, FINES, simulated annealing and computational intelligence algorithms for parametric methods. From a review of the performance of these techniques as documented in the literature, one could conclude that in most cases the LORETA solution gives satisfactory results. In situations involving clusters of dipoles, higher resolution algorithms such as MUSIC or FINES are however preferred. Imposing reliable biophysical and psychological constraints, as done by LAURA has given superior results. The Monte-Carlo analysis performed, comparing WMN, LORETA, sLORETA and SLF, for different noise levels "
10.1016/j.jmaa.2014.11.044,0,False,1,O4,openalex,Compositions and convex combinations of averaged nonexpansive operators,2014,Patrick L. Combettes; Isao Yamada,Journal of Mathematical Analysis and Applications,10.1016/j.jmaa.2014.11.044,,https://openalex.org/W1998428773,,,112,
10.1007/s10898-021-01057-4,0,False,1,O4,openalex,Conical averagedness and convergence analysis of fixed point algorithms,2021,Sedi Bartz; Minh N. Dao; Hung M. Phan,Journal of Global Optimization,10.1007/s10898-021-01057-4,,https://openalex.org/W2982400852,,,6,
10.1186/s13663-021-00709-0,0,False,1,O4,openalex,On compositions of special cases of Lipschitz continuous operators,2021,Pontus Giselsson; Walaa M. Moursi,Fixed Point Theory and Algorithms for Sciences and Engineering,10.1186/s13663-021-00709-0,,https://openalex.org/W2998099872,,,11,"Many iterative optimization algorithms involve compositions of special cases of Lipschitz continuous operators, namely firmly nonexpansive, averaged, and nonexpansive operators. The structure and properties of the compositions are of particular importance in the proofs of convergence of such algorithms. In this paper, we systematically study the compositions of further special cases of Lipschitz continuous operators. Applications of our results include compositions of scaled conically nonexpansive mappings, as well as the Douglas-Rachford and forward-backward operators, when applied to solve certain structured monotone inclusion and optimization problems. Several examples illustrate and tighten our conclusions."
10.48550/arxiv.1407.5100,0,False,1,O4,openalex,Compositions and Convex Combinations of Averaged Nonexpansive Operators,2014,Patrick L. Combettes; Isao Yamada,arXiv (Cornell University),10.48550/arxiv.1407.5100,,https://openalex.org/W2950378366,,,1,Properties of compositions and convex combinations of averaged nonexpansive operators are investigated and applied to the design of new fixed point algorithms in Hilbert spaces. An extended version of the forward-backward splitting algorithm for finding a zero of the sum of two monotone operators is obtained.
10.48550/arxiv.1805.09396,0,False,1,O4,openalex,Douglas-Rachford splitting for a Lipschitz continuous and a strongly monotone operator,2018,Walaa M. Moursi; Lieven Vandenberghe,arXiv (Cornell University),10.48550/arxiv.1805.09396,,https://openalex.org/W2804781295,,,6,"The Douglas-Rachford method is a popular splitting technique for finding a zero of the sum of two subdifferential operators of proper closed convex functions; more generally two maximally monotone operators. Recent results concerned with linear rates of convergence of the method require additional properties of the underlying monotone operators, such as strong monotonicity and cocoercivity. In this paper, we study the case when one operator is Lipschitz continuous but not necessarily a subdifferential operator and the other operator is strongly monotone. This situation arises in optimization methods which involve primal-dual approaches. We provide new linear convergence results in this setting."
10.48550/arxiv.2408.09981,0,False,1,O4,openalex,Parseval Convolution Operators and Neural Networks,2024,Michaël Unser; Stanislas Ducotterd,arXiv (Cornell University),10.48550/arxiv.2408.09981,,https://openalex.org/W4402502594,,,1,"We first establish a kernel theorem that characterizes all linear shift-invariant (LSI) operators acting on discrete multicomponent signals. This result naturally leads to the identification of the Parseval convolution operators as the class of energy-preserving filterbanks. We then present a constructive approach for the design/specification of such filterbanks via the chaining of elementary Parseval modules, each of which being parameterized by an orthogonal matrix or a 1-tight frame. Our analysis is complemented with explicit formulas for the Lipschitz constant of all the components of a convolutional neural network (CNN), which gives us a handle on their stability. Finally, we demonstrate the usage of those tools with the design of a CNN-based algorithm for the iterative reconstruction of biomedical images. Our algorithm falls within the plug-and-play framework for the resolution of inverse problems. It yields better-quality results than the sparsity-based methods used in compressed sensing, while offering essentially the same convergence and robustness guarantees."
10.48550/arxiv.1912.01593,0,False,1,O4,openalex,Tight Coefficients of Averaged Operators via Scaled Relative Graph,2019,Xinmeng Huang; Ernest K. Ryu; Wotao Yin,arXiv (Cornell University),10.48550/arxiv.1912.01593,,https://openalex.org/W2994365220,,,0,"Many iterative methods in optimization are fixed-point iterations with averaged operators. As such methods converge at an $\mathcal{O}(1/k)$ rate with the constant determined by the averagedness coefficient, establishing small averagedness coefficients for operators is of broad interest. In this paper, we show that the averagedness coefficients of the composition of averaged operators by Ogura and Yamada (Numer Func Anal Opt 32(1--2):113--137, 2002) and the three-operator splitting by Davis and Yin (Set-Valued Var Anal 25(4):829--858, 2017) are tight. The analysis relies on the scaled relative graph, a geometric tool recently proposed by Ryu, Hannah, and Yin (arXiv:1902.09788, 2019)."
10.1007/s10107-024-02182-0,0,False,1,O4,openalex,Convergence of the preconditioned proximal point method and Douglas–Rachford splitting in the absence of monotonicity,2025,Brecht Evens; Pieter Pas; Puya Latafat; Panagiotis Patrinos,Mathematical Programming,10.1007/s10107-024-02182-0,,https://openalex.org/W4407114761,,,7,
10.1007/978-3-030-25939-6_15,0,False,1,O4,openalex,On the Acceleration of Forward-Backward Splitting via an Inexact Newton Method,2019,Andreas Themelis; Masoud Ahookhosh; Panagiotis Patrinos,,10.1007/978-3-030-25939-6_15,,https://openalex.org/W2900403378,,,30,
10.13118/themelis-andreas_phd2018,0,False,1,O4,openalex,Proximal Algorithms for Structured Nonconvex Optimization,2018,Andreas Themelis,Kyushu University Institutional Repository (QIR) (Kyushu University),10.13118/themelis-andreas_phd2018,,https://openalex.org/W2993649961,,,8,"Due to their simplicity and versatility, splitting algorithms are often the methods of choice for many optimization problems arising in engineering. “Splitting” complex problems into simpler subtasks, their complexity scales well with problem size, making them particularly suitable for large-scale applications where other popular methods such as IP or SQP cannot be employed. There are, however, two major downsides: 1) there is no satisfactory theory in support of their employment for nonconvex problems, and 2) their efficacy is severely affected by ill conditioning. Many attempts have been made to overcome these issues, but only incomplete or case-specific theories have been established, and some enhancements have been proposed which however either fail to preserve the simplicity of the original algorithms, or can only offer local convergence guarantees. This thesis aims at overcoming these downsides. First, we provide novel tight convergence results for the popular DRS and ADMM schemes for nonconvex problems, through an elegant unified framework reminiscent of Lyapunov stability theory. “Proximal envelopes”, whose analysis is here extended to nonconvex problems, prove to be the suitable Lyapunov functions. Furthermore, based on these results we develop enhancements of splitting algorithms, the first that 1) preserve complexity and convergence properties, 2) are suitable for nonconvex problems, and 3) achieve asymptotic superlinear rates."
10.48550/arxiv.1912.13165,0,False,1,O4,openalex,On compositions of special cases of Lipschitz continuous operators,2019,Pontus Giselsson; Walaa M. Moursi,arXiv (Cornell University),10.48550/arxiv.1912.13165,,https://openalex.org/W4287978787,,,0,"Many iterative optimization algorithms involve compositions of special cases of Lipschitz continuous operators, namely firmly nonexpansive, averaged and nonexpansive operators. The structure and properties of the compositions are of particular importance in the proofs of convergence of such algorithms. In this paper, we systematically study the compositions of further special cases of Lipschitz continuous operators. Applications of our results include compositions of scaled conically nonexpansive mappings, as well as the Douglas--Rachford and forward-backward operators, when applied to solve certain structured monotone inclusion and optimization problems. Several examples illustrate and tighten our conclusions."
10.1007/s10957-022-02136-6,0,False,1,O4,openalex,Convergence Rates for the Relaxed Peaceman-Rachford Splitting Method on a Monotone Inclusion Problem,2022,Chee-Khian Sim,Journal of Optimization Theory and Applications,10.1007/s10957-022-02136-6,,https://openalex.org/W4311129187,,,1,"Abstract We consider the convergence behavior using the relaxed Peaceman–Rachford splitting method to solve the monotone inclusion problem $$0 \in (A + B)(u)$$ 0 ∈ ( A + B ) ( u ) , where $$A, B: \Re ^n \rightrightarrows \Re ^n$$ A , B : ℜ n ⇉ ℜ n are maximal $$\beta $$ β -strongly monotone operators, $$n \ge 1$$ n ≥ 1 and $$\beta > 0$$ β > 0 . Under a technical assumption, convergence of iterates using the method on the problem is proved when either A or B is single-valued, and the fixed relaxation parameter $$\theta $$ θ lies in the interval $$(2 + \beta , 2 + \beta + \min \{ \beta , 1/\beta \})$$ ( 2 + β , 2 + β + min { β , 1 / β } ) . With this convergence result, we address an open problem that is not settled in Monteiro et al. (Computat Optim Appl 70:763–790, 2018) on the convergence of these iterates for $$\theta \in (2 + \beta , 2 + \beta + \min \{ \beta , 1/\beta \})$$ θ ∈ ( 2 + β , 2 + β + min { β , 1 / β } ) . Pointwise convergence rate results and R-linear convergence rate results when $$\theta $$ θ lies in the interval $$[2 + \beta , 2 + \beta + \min \{\beta , 1/\beta \})$$ [ 2 + β , 2 + β + min { β , 1 / β } ) are also provided in the paper. Our analysis to achieve these results is atypical and hence novel. Numerical experiments on the weighted Lasso minimization problem are conducted to test the validity of the assumption."
10.48550/arxiv.2303.15876,0,False,1,O4,openalex,Accelerated Infeasibility Detection of Constrained Optimization and Fixed-Point Iterations,2023,Jisun Park; Ernest K. Ryu,arXiv (Cornell University),10.48550/arxiv.2303.15876,,https://openalex.org/W4361231042,,,2,"As first-order optimization methods become the method of choice for solving large-scale optimization problems, optimization solvers based on first-order algorithms are being built. Such general-purpose solvers must robustly detect infeasible or misspecified problem instances, but the computational complexity of first-order methods for doing so has yet to be formally studied. In this work, we characterize the optimal accelerated rate of infeasibility detection. We show that the standard fixed-point iteration achieves a $\mathcal{O}(1/k^2)$ and $\mathcal{O}(1/k)$ rates, respectively, on the normalized iterates and the fixed-point residual converging to the infimal displacement vector, while the accelerated fixed-point iteration achieves $\mathcal{O}(1/k^2)$ and $\tilde{\mathcal{O}}(1/k^2)$ rates. We then provide a matching complexity lower bound to establish that $Θ(1/k^2)$ is indeed the optimal accelerated rate."
operatortheoryforanalysisofconvexoptimizationmethodsinmachinelearning,0,False,1,O4,openalex,Operator Theory for Analysis of Convex Optimization Methods in Machine Learning,2014,Patrick W. Gallagher,eScholarship (California Digital Library),,,https://openalex.org/W2589883535,,,0,"As machine learning has more closely interacted with optimization, the concept of convexity has loomed large. Two properties beyond simple convexity have received particularly close attention: strong smoothness and strong convexity. These properties (and their relatives) underlie machine learning analyses from convergence rates to generalization bounds --- they are central and fundamental. This thesis takes as its focus properties from operator theory that, in specific instances, relate to broadened conceptions of convexity, strong smoothness, and strong convexity. Some of the properties we consider coincide with strong smoothness and strong convexity in some settings, but represent broadenings of these concepts in other situations of interest. Our intention throughout is to take an approach that balances theoretical generality with ease of use and subsequent extension. Through this approach we establish a framework, novel in its scope of application, in which a single analysis serves to recover standard convergence rates (typically established via a variety of separate arguments) for convex optimization methods prominent in machine learning. The framework is based on a perspective in which the iterative update for each convex optimization method is regarded as the application of some operator. We establish a collection of correspondences, novel in its comprehensiveness, that exist between ""contractivity- type'' properties of the iterative update operator and ""monotonicity-type'' properties of the associated displacement operator. We call particular attention to the comparison between the broader range of properties that we discuss and the more restricted range considered in the contemporary literature, demonstrating as well the relationship between the broader and narrower range. In support of our discussion of these property correspondences and the optimization method analyses based on them, we relate operator theory concepts that may be unfamiliar to a machine le"
10.48550/arxiv.2204.01877,0,False,1,O4,openalex,Non-Euclidean Monotone Operator Theory with Applications to Recurrent Neural Networks,2022,Alexander A. Davydov; Saber Jafarpour; Anton V. Proskurnikov; Francesco Bullo,arXiv (Cornell University),10.48550/arxiv.2204.01877,,https://openalex.org/W4226074582,,,0,"We provide a novel transcription of monotone operator theory to the non-Euclidean finite-dimensional spaces $\ell_1$ and $\ell_{\infty}$. We first establish properties of mappings which are monotone with respect to the non-Euclidean norms $\ell_1$ or $\ell_{\infty}$. In analogy with their Euclidean counterparts, mappings which are monotone with respect to a non-Euclidean norm are amenable to numerous algorithms for computing their zeros. We demonstrate that several classic iterative methods for computing zeros of monotone operators are directly applicable in the non-Euclidean framework. We present a case-study in the equilibrium computation of recurrent neural networks and demonstrate that casting the computation as a suitable operator splitting problem improves convergence rates."
10.1201/9781003597988,0,False,1,O4,openalex,Finite Element Methods for Eigenvalue Problems,2016,Jiguang Sun; Aihui Zhou,,10.1201/9781003597988,,https://openalex.org/W2515103998,,,151,"Praise for the previous edition “I highly recommend the book, especially for the curious graduate student."" —Joe Coyle, Mathematical Reviews Finite Element Methods for Eigenvalue Problems covers finite element methods for several typical eigenvalues that arise from science and engineering. Both theory and implementation are covered in depth at the graduate level. The background for typical eigenvalue problems is included along with functional analysis tools, finite element discretization methods, convergence analysis, techniques for matrix evaluation problems, and computer implementation. The book also presents new methods, such as the discontinuous Galerkin method, and new problems, such as the transmission eigenvalue problem. New to the second edition · Two brand new chapters · Copious revisions of existing chapters · Revised references throughout."
10.1090/s0002-9947-05-03742-6,0,False,1,O4,openalex,Complex symmetric operators and applications,2005,Stephan Ramon Garcia; Mihai Putinar,Transactions of the American Mathematical Society,10.1090/s0002-9947-05-03742-6,,https://openalex.org/W2059597507,,,504,"We study a few classes of Hilbert space operators whose matrix representations are complex symmetric with respect to a preferred orthonormal basis. The existence of this additional symmetry has notable implications and, in particular, it explains from a unifying point of view some classical results. We explore applications of this symmetry to Jordan canonical models, self-adjoint extensions of symmetric operators, rank-one unitary perturbations of the compressed shift, Darlington synthesis and matrix-valued inner functions, and free bounded analytic interpolation in the disk."
10.4171/ggd/134,0,False,1,O4,openalex,Subspace arrangements and property T,2011,Martin Kassabov,Groups Geometry and Dynamics,10.4171/ggd/134,,https://openalex.org/W2963737695,,,21,"We reformulate and extend the geometric method for proving the Kazhdan property T developed by Dymara and Januszkiewicz and used by Ershov and Jaikin. The main result says that a group G generated by finite subgroups G_i has property T if the group generated by each pair of subgroups has property T and sufficiently large Kazhdan constant. Essentially, the same result was proven by Dymara and Januszkiewicz; however our bound for “sufficiently large” is significantly better. As an application of this result, we give exact bounds for the Kazhdan constants and the spectral gaps of the random walks on any finite Coxeter group with respect to the standard generating set, which generalizes a result of Bacher and de la Harpe."
10.1007/978-3-030-56341-7,0,False,1,O4,openalex,Finite Elements I: Approximation and Interpolation,2020,Alexandre Ern; Jean‐Luc Guermond,HAL (Le Centre pour la Communication Scientifique Directe),10.1007/978-3-030-56341-7,,https://openalex.org/W3129604430,,,47,
10.1016/j.laa.2014.01.017,0,False,1,O4,openalex,On subspace distances determined by the Frobenius norm,2014,Oskar Maria Baksalary; Götz Trenkler,Linear Algebra and its Applications,10.1016/j.laa.2014.01.017,,https://openalex.org/W2003960350,,,6,
10.1007/978-3-319-11080-6,0,False,1,O4,openalex,Linear Algebra Done Right,2014,Sheldon Axler,Undergraduate texts in mathematics,10.1007/978-3-319-11080-6,,https://openalex.org/W1553372930,,,452,
10.1070/rm1999v054n05abeh000204,0,False,1,O4,openalex,The polynomial property of self-adjoint elliptic boundary-value problems and an algebraic description of their attributes,1999,С. А. Назаров,Russian Mathematical Surveys,10.1070/rm1999v054n05abeh000204,,https://openalex.org/W2093627873,,,183,"We describe a wide class of boundary-value problems for which the application of elliptic theory can be reduced to elementary algebraic operations and which is characterized by the following polynomial property: the sesquilinear form corresponding to the problem degenerates only on some finite-dimensional linear space of vector polynomials. Under this condition the boundary-value problem is elliptic, and its kernel and cokernel can be expressed in terms of . For domains with piecewise-smooth boundary or infinite ends (conic, cylindrical, or periodic), we also present fragments of asymptotic formulae for the solutions, give specific versions of general conditional theorems on the Fredholm property (in particular, by modifying the ordinary weighted norms), and compute the index of the operator corresponding to the boundary-value problem. The polynomial property is also helpful for asymptotic analysis of boundary-value problems in thin domains and junctions of such domains. Namely, simple manipulations with permit one to find the size of the system obtained by dimension reduction as well as the orders of the differential operators occurring in that system and provide complete information on the boundary layer structure. The results are illustrated by examples from elasticity and hydromechanics."
10.1090/s0894-0347-1992-1126118-x,0,False,1,O4,openalex,Nilpotent structures and invariant metrics on collapsed manifolds,1992,Jeff Cheeger; Kenji Fukaya; Mikhael Gromov,Journal of the American Mathematical Society,10.1090/s0894-0347-1992-1126118-x,,https://openalex.org/W1986198949,,,206,Background 1. Statement of main results and outline of their proof II.Preliminaries 2. Smoothing Hausdorff approximations 3. Equivariant and parameterized version of the theorem on almost flat manifolds 4. Nilpotent Killing structures on fibrations III.The nilpotent Killing structure and invariant round metric 5. Local fibration of the frame bundle 6. Making the local fibrations compatible 7. Making the local group actions compatible 8.The induced structure and metric on the base Appendix 1. Local structure of Riemannian manifolds of bounded curvature
reggefiniteelementswithapplicationsinsolidmechanicsandrelativity,0,False,1,O4,openalex,Regge Finite Elements with Applications in Solid Mechanics and Relativity,2018,Lizao Li,University of Minnesota Digital Conservancy (University of Minnesota),,,https://openalex.org/W3200950062,,,20,"University of Minnesota Ph.D. dissertation. May 2018. Major: Mathematics. Advisor: Douglas Arnold. 1 computer file (PDF); ix, 183 pages."
10.1090/noti1617,0,False,1,O4,openalex,Nonstandard Finite Difference Schemes,2017,Ronald E. Mickens,Notices of the American Mathematical Society,10.1090/noti1617,,https://openalex.org/W292382557,,,16,"of the American Mathematical SocietyAll of us, wherever we are, can celebrate together here in this issue of Notices the San Diego Joint Mathematics Meetings.Our lecture sampler includes for the first time the AMS-MAA-SIAM Hrabowski-Gates-Tapia-McBay Lecture, this year by Talithia Williams on the new PBS series NOVA Wonders.After the sampler, other articles describe modeling the heart, Dürer's unfolding problem (which remains open), gerrymandering after the fall Supreme Court decision, a story for Congress about how geometry has advanced MRI, ""My Father André Weil"" (2018 is the 20th anniversary of his death), and a profile on Donald Knuth and native script by former Notices Senior Writer and Deputy Editor Allyn Jackson.It is with some sadness and much appreciation that I report that Allyn, after over 30 years at the AMS, is moving on to other activities.The editors have found it an honor and privilege to work with her and wish her every happiness in whatever lies ahead; don't miss the appreciation on page 58."
10.1016/j.jfa.2012.08.028,0,False,1,O4,openalex,Topological isomorphisms for some universal operator algebras,2012,Michael Hartz,Journal of Functional Analysis,10.1016/j.jfa.2012.08.028,,https://openalex.org/W2067327225,,,24,
10.1007/s11075-018-0608-x,0,False,1,O4,openalex,Optimal rates of linear convergence of the averaged alternating modified reflections method for two subspaces,2018,Francisco J. Aragón Artacho; Rubén Campoy,Numerical Algorithms,10.1007/s11075-018-0608-x,,https://openalex.org/W2769692372,,,6,
10.12942/lrr-2009-4,0,False,1,O4,openalex,Quasi-Local Energy-Momentum and Angular Momentum in General Relativity,2009,László B. Szabados,Living Reviews in Relativity,10.12942/lrr-2009-4,,https://openalex.org/W2123823073,,,362,"The present status of the quasi-local mass, energy-momentum and angular-momentum constructions in general relativity is reviewed. First, the general ideas, concepts, and strategies, as well as the necessary tools to construct and analyze the quasi-local quantities, are recalled. Then, the various specific constructions and their properties (both successes and deficiencies are discussed. Finally, some of the (actual and potential) applications of the quasi-local concepts and specific constructions are briefly mentioned."
10.5445/ir/1000043647,0,False,1,O4,openalex,Rational Krylov subspace methods for phi-functions in exponential integrators,2014,Tanja Göckler,Repository KITopen (Karlsruhe Institute of Technology),10.5445/ir/1000043647,,https://openalex.org/W2529950123,,,4,"Exponential integrators are a class of numerical methods for stiff systems of differential equations which require the computation of products of so-called matrix phi-functions and vectors. In this thesis, we consider the approximation of these matrix functions times some vector by rational and extended Krylov subspace methods. For arbitrary matrices with a field of values in the left complex half-plane, a uniform approximation is obtained that predicts a sublinear convergence."
finiteorderautomorphismsofhiggsbundlestheoryandapplication,0,False,1,O4,openalex,Finite order automorphisms of Higgs bundles: theory and application,2016,B. Collier,Illinois Digital Environment for Access to Learning and Scholarship (University of Illinois at Urbana-Champaign),,,https://openalex.org/W2608366689,,,10,"We study G-Higgs bundles over a Riemann surface which are fixed points of a roots of unity action. When G is complex we classify such fixed points and study certain lifting properties of the corresponding harmonic metric. This remainder of the thesis is devoted to applications. In particular, parameterize the space of maximal SO(2,3) surface group representations as fiber bundles over Teichmuller space. We also show that there are many new connected components of the SO(n,n+1) character variety."
10.1107/s0021889807021206,0,False,1,O4,openalex,Phaser crystallographic software,2007,Airlie J. McCoy; Ralf W. Grosse‐Kunstleve; Paul D. Adams; Martyn Winn; Laurent C. Storoni; Randy J. Read,Journal of Applied Crystallography,10.1107/s0021889807021206,,https://openalex.org/W2163341755,,,21121,"Phaser is a program for phasing macromolecular crystal structures by both molecular replacement and experimental phasing methods. The novel phasing algorithms implemented in Phaser have been developed using maximum likelihood and multivariate statistics. For molecular replacement, the new algorithms have proved to be significantly better than traditional methods in discriminating correct solutions from noise, and for single-wavelength anomalous dispersion experimental phasing, the new algorithms, which account for correlations between F(+) and F(-), give better phases (lower mean phase error with respect to the phases given by the refined structure) than those that use mean F and anomalous differences DeltaF. One of the design concepts of Phaser was that it be capable of a high degree of automation. To this end, Phaser (written in C++) can be called directly from Python, although it can also be called using traditional CCP4 keyword-style input. Phaser is a platform for future development of improved phasing methods and their release, including source code, to the crystallographic community."
10.1051/0004-6361/201321529,0,False,1,O4,openalex,Planck2013 results. I. Overview of products and scientific results,2014,P. A. R. Ade; N. Aghanim; M. I. R. Alves; C. Armitage-Caplan; M. Arnaud; M. Ashdown,Astronomy and Astrophysics,10.1051/0004-6361/201321529,,https://openalex.org/W1976761078,,,1499,"The European Space Agency’s Planck satellite, dedicated to studying the early Universe and its subsequent evolution, was launched 14 May 2009 and has been scanning the microwave and submillimetre sky continuously since 12 August 2009. In March 2013, ESA and the Planck Collaboration released the initial cosmology products based on the first 15.5 months of Planck data, along with a set of scientific and technical papers and a web-based explanatory supplement. This paper gives an overview of the mission and its performance, the processing, analysis, and characteristics of the data, the scientific results, and the science data products and papers in the release. The science products include maps of the cosmic microwave background (CMB) and diffuse extragalactic foregrounds, a catalogue of compact Galactic and extragalactic sources, and a list of sources detected through the Sunyaev-Zeldovich effect. The likelihood code used to assess cosmological models against the Planck data and a lensing likelihood are described. Scientific results include robust support for the standard six-parameter ΛCDM model of cosmology and improved measurements of its parameters, including a highly significant deviation from scale invariance of the primordial power spectrum. The Planck values for these parameters and others derived from them are significantly different from those previously determined. Several large-scale anomalies in the temperature distribution of the CMB, first detected by WMAP, are confirmed with higher confidence. Planck sets new limits on the number and mass of neutrinos, and has measured gravitational lensing of CMB anisotropies at greater than 25σ. Planck finds no evidence for non-Gaussianity in the CMB. Planck’s results agree well with results from the measurements of baryon acoustic oscillations. Planck finds a lower Hubble constant than found in some more local measures. Some tension is also present between the amplitude of matter fluctuations (σ8) derived from CMB d"
10.1007/s00440-011-0397-9,0,False,1,O4,openalex,Outliers in the spectrum of iid matrices with bounded rank perturbations,2011,Terence Tao,Probability Theory and Related Fields,10.1007/s00440-011-0397-9,,https://openalex.org/W2012278543,,,162,
10.1145/355984.355989,0,False,1,O4,openalex,LSQR: An Algorithm for Sparse Linear Equations and Sparse Least Squares,1982,Christopher C. Paige; Michael A. Saunders,ACM Transactions on Mathematical Software,10.1145/355984.355989,,https://openalex.org/W2097897435,,,4429,"An iterative method is given for solving Ax ~ffi b and minU Ax -b 112, where the matrix A is large and sparse.The method is based on the bidiagonalization procedure of Golub and Kahan.It is analytically equivalent to the standard method of conjugate gradients, but possesses more favorable numerical properties.Reliable stopping criteria are derived, along with estimates of standard errors for x and the condition number of A. These are used in the FORTRAN implementation of the method, subroutine LSQR.Numerical tests are described comparing I~QR with several other conjugate-gradient algorithms, indicating that I~QR is the most reliable algorithm when A is ill-conditioned."
10.1088/0953-8984/14/11/301,0,False,1,O4,openalex,"First-principles simulation: ideas, illustrations and the CASTEP code",2002,Matthew Segall; Philip J. D. Lindan; Matt Probert; Chris J. Pickard; P. J. Hasnip; Stewart J. Clark,Journal of Physics Condensed Matter,10.1088/0953-8984/14/11/301,,https://openalex.org/W2166244948,,,11901,"First-principles simulation, meaning density-functional theory calculations with plane waves and pseudopotentials, has become a prized technique in condensed-matter theory. Here I look at the basics of the suject, give a brief review of the theory, examining the strengths and weaknesses of its implementation, and illustrating some of the ways simulators approach problems through a small case study. I also discuss why and how modern software design methods have been used in writing a completely new modular version of the CASTEP code."
10.1002/jcc.21287,0,False,1,O4,openalex,CHARMM: The biomolecular simulation program,2009,Bernard R. Brooks; Charles L. Brooks; Alexander D. MacKerell; Lennart Nilsson; Robert J. Petrella; Benoı̂t Roux,Journal of Computational Chemistry,10.1002/jcc.21287,,https://openalex.org/W2132262459,,,9292,"CHARMM (Chemistry at HARvard Molecular Mechanics) is a highly versatile and widely used molecular simulation program. It has been developed over the last three decades with a primary focus on molecules of biological interest, including proteins, peptides, lipids, nucleic acids, carbohydrates, and small molecule ligands, as they occur in solution, crystals, and membrane environments. For the study of such systems, the program provides a large suite of computational tools that include numerous conformational and path sampling methods, free energy estimators, molecular minimization, dynamics, and analysis techniques, and model-building capabilities. The CHARMM program is applicable to problems involving a much broader class of many-particle systems. Calculations with CHARMM can be performed using a number of different energy functions and models, from mixed quantum mechanical-molecular mechanical force fields, to all-atom classical potential energy functions with explicit solvent and various boundary conditions, to implicit solvent and membrane models. The program has been ported to numerous platforms in both serial and parallel architectures. This article provides an overview of the program as it exists today with an emphasis on developments since the publication of the original CHARMM article in 1983."
10.1016/s0024-3795(00)00095-1,0,False,1,O4,openalex,Identification of almost invariant aggregates in reversible nearly uncoupled Markov chains,2000,Peter Deuflhard; Wilhelm Huisinga; Alexander Fischer; Ch. Schütte,Linear Algebra and its Applications,10.1016/s0024-3795(00)00095-1,,https://openalex.org/W2147848673,,,328,
10.1088/0034-4885/40/9/001,0,False,1,O4,openalex,Quantum-mechanical perturbation theory,1977,J Killingbeck,Reports on Progress in Physics,10.1088/0034-4885/40/9/001,,https://openalex.org/W1990809481,,,163,"Modern computers have made possible the evaluation of higher order terms of perturbation series. Apart from the empirical work involving numerical calculations, much formal mathematical work has been done on the convergence properties of perturbation series and of Pade approximants which represent them. Some of the modern work in perturbation theory is reviewed in the context of traditional results from the theory of real and complex variables. The two major versions of time-independent perturbation theory, the Rayleigh-Schrodinger (RS) and Brillouin-Wigner (BW) theories, are compared and contrasted, and the alternative techniques for evaluating the terms in the energy series are discussed. The sum-over-states method, the differential equation method and the variational principle method are treated, with emphasis on their inter-relations."
10.1007/s00041-008-9035-z,0,False,1,O4,openalex,Iterative Thresholding for Sparse Approximations,2008,Thomas Blumensath; Mike E. Davies,Journal of Fourier Analysis and Applications,10.1007/s00041-008-9035-z,,https://openalex.org/W1980454827,,,1270,
10.1016/s0377-0427(00)00509-4,0,False,1,O4,openalex,Orthogonal spline collocation methods for partial differential equations,2001,Bernard Bialecki; Graeme Fairweather,Journal of Computational and Applied Mathematics,10.1016/s0377-0427(00)00509-4,,https://openalex.org/W2035738465,,,137,
10.4310/atmp.2003.v7.n1.a6,0,False,1,O4,openalex,Space-adiabatic perturbation theory,2003,Gianluca Panti; Herbert Spohn; Stefan Teufel,Advances in Theoretical and Mathematical Physics,10.4310/atmp.2003.v7.n1.a6,,https://openalex.org/W2951706600,,,81,"We study approximate solutions to the time-dependent S c hr odinger equation i""@ t t (x)=@t = H(x ;i""r x ) t (x) with the Hamiltonian given as the Weyl quantization of the symbol H(qp ) taking values in the space of bounded operators on the Hilbert space H f of fast \internal"" degrees of freedom.By assumption H(qp ) has an isolated energy band.Using a method of Nenciu and Sordoni NeSo] we p r o ve that interband transitions are suppressed to any order in "".As a consequence, associated to that energy band there exists a subspace of L 2 (R d H f ) almost invariant under the unitary time evolution.We d e v elop a systematic perturbation scheme for the computation of eective Hamiltonians which g o vern approximately the intraband time evolution.As examples for the general perturbation scheme we discuss the Dirac and Born-Oppenheimer type Hamiltonians and we reconsider also the timeadiabatic theory."
10.1017/jfm.2021.812,0,False,1,O4,openalex,Convolutional-network models to predict wall-bounded turbulence from wall quantities,2021,Luca Guastoni; Alejandro Güemes; Andrea Ianiro; Stefano Discetti; Philipp Schlatter; Hossein Azizpour,Journal of Fluid Mechanics,10.1017/jfm.2021.812,,https://openalex.org/W3206302539,,,202,"Two models based on convolutional neural networks are trained to predict the two-dimensional instantaneous velocity-fluctuation fields at different wall-normal locations in a turbulent open-channel flow, using the wall-shear-stress components and the wall pressure as inputs. The first model is a fully convolutional neural network (FCN) which directly predicts the fluctuations, while the second one reconstructs the flow fields using a linear combination of orthonormal basis functions, obtained through proper orthogonal decomposition (POD), and is hence named FCN-POD. Both models are trained using data from direct numerical simulations at friction Reynolds numbers $Re_{\tau } = 180$ and 550. Being able to predict the nonlinear interactions in the flow, both models show better predictions than the extended proper orthogonal decomposition (EPOD), which establishes a linear relation between the input and output fields. The performance of the models is compared based on predictions of the instantaneous fluctuation fields, turbulence statistics and power-spectral densities. FCN exhibits the best predictions closer to the wall, whereas FCN-POD provides better predictions at larger wall-normal distances. We also assessed the feasibility of transfer learning for the FCN model, using the model parameters learned from the $Re_{\tau }=180$ dataset to initialize those of the model that is trained on the $Re_{\tau }=550$ dataset. After training the initialized model at the new $Re_{\tau }$ , our results indicate the possibility of matching the reference-model performance up to $y^{+}=50$ , with $50\,\%$ and $25\,\%$ of the original training data. We expect that these non-intrusive sensing models will play an important role in applications related to closed-loop control of wall-bounded turbulence."
10.1073/pnas.1907377117,0,False,1,O4,openalex,On instabilities of deep learning in image reconstruction and the potential costs of AI,2020,Vegard Antun; Francesco Renna; Clarice Poon; Ben Adcock; Anders C. Hansen,Proceedings of the National Academy of Sciences,10.1073/pnas.1907377117,,https://openalex.org/W2911290743,,,788,"Deep learning, due to its unprecedented success in tasks such as image classification, has emerged as a new tool in image reconstruction with potential to change the field. In this paper, we demonstrate a crucial phenomenon: Deep learning typically yields unstable methods for image reconstruction. The instabilities usually occur in several forms: 1) Certain tiny, almost undetectable perturbations, both in the image and sampling domain, may result in severe artefacts in the reconstruction; 2) a small structural change, for example, a tumor, may not be captured in the reconstructed image; and 3) (a counterintuitive type of instability) more samples may yield poorer performance. Our stability test with algorithms and easy-to-use software detects the instability phenomena. The test is aimed at researchers, to test their networks for instabilities, and for government agencies, such as the Food and Drug Administration (FDA), to secure safe use of deep learning methods."
10.1017/cbo9780511622656,0,False,1,O4,openalex,"Renormalization An Introduction to Renormalization, the Renormalization Group and the Operator-Product Expansion",1984,John C. Collins,,10.1017/cbo9780511622656,,https://openalex.org/W1775170449,,,381,1. Introduction 2. Quantum field theory 3. Basic examples 4. Dimensional regularization 5. Renormalization 6. Composite operators 7. Renormalization group 8. Large-mass expansion 9. Global symmetries 10. Operator-product expansion 11. Coordinate space 12. Renormalization of gauge theories 13. Anomalies 14. Deep-inelastic scattering References Index.
10.1016/j.jmoneco.2014.08.005,0,False,1,O4,openalex,OccBin: A toolkit for solving dynamic models with occasionally binding constraints easily,2014,Luca Guerrieri; Matteo Iacoviello,Journal of Monetary Economics,10.1016/j.jmoneco.2014.08.005,,https://openalex.org/W2120422722,,,475,
10.1103/revmodphys.82.2557,0,False,1,O4,openalex,"Positron-molecule interactions: Resonant attachment, annihilation, and bound states",2010,G. F. Gribakin; Jason A. Young; C. M. Surko,Reviews of Modern Physics,10.1103/revmodphys.82.2557,,https://openalex.org/W1972837397,,,269,"This article presents an overview of current understanding of the interaction of low-energy positrons with molecules with emphasis on resonances, positron attachment, and annihilation. Measurements of annihilation rates resolved as a function of positron energy reveal the presence of vibrational Feshbach resonances (VFRs) for many polyatomic molecules. These resonances lead to strong enhancement of the annihilation rates. They also provide evidence that positrons bind to many molecular species. A quantitative theory of VFR-mediated attachment to small molecules is presented. It is tested successfully for selected molecules (e.g., methyl halides and methanol) where all modes couple to the positron continuum. Combination and overtone resonances are observed and their role is elucidated. Molecules that do not bind positrons and hence do not exhibit such resonances are discussed. In larger molecules, annihilation rates from VFR far exceed those explicable on the basis of single-mode resonances. These enhancements increase rapidly with the number of vibrational degrees of freedom, approximately as the fourth power of the number of atoms in the molecule. While the details are as yet unclear, intramolecular vibrational energy redistribution (IVR) to states that do not couple directly to the positron continuum appears to be responsible for these enhanced annihilation rates. In connection with IVR, experimental evidence indicates that inelastic positron escape channels are relatively rare. Downshifts of the VFR from the vibrational mode energies, obtained by measuring annihilate rates as a function of incident positron energy, have provided binding energies for 30 species. Their dependence upon molecular parameters and their relationship to positron-atom and positron-molecule binding-energy calculations are discussed. Feshbach resonances and positron binding to molecules are compared with the analogous electron-molecule (negative-ion) cases. The relationship of VFR-mediated "
10.1109/tsp.2013.2283840,0,False,1,O4,openalex,Perturbed Orthogonal Matching Pursuit,2013,Oğuzhan Teke; Ali Cafer Gürbüz; Orhan Arıkan,IEEE Transactions on Signal Processing,10.1109/tsp.2013.2283840,,https://openalex.org/W2067878805,,,57,"Compressive Sensing theory details how a sparsely represented signal in a known basis can be reconstructed with an underdetermined linear measurement model. However, in reality there is a mismatch between the assumed and the actual bases due to factors such as discretization of the parameter space defining basis components, sampling jitter in A/D conversion, and model errors. Due to this mismatch, a signal may not be sparse in the assumed basis, which causes significant performance degradation in sparse reconstruction algorithms. To eliminate the mismatch problem, this paper presents a novel perturbed orthogonal matching pursuit (POMP) algorithm that performs controlled perturbation of selected support vectors to decrease the orthogonal residual at each iteration. Based on detailed mathematical analysis, conditions for successful reconstruction are derived. Simulations show that robust results with much smaller reconstruction errors in the case of perturbed bases can be obtained as compared to standard sparse reconstruction techniques."
10.1016/j.physrep.2008.11.001,0,False,1,O4,openalex,The Magnus expansion and some of its applications,2008,S. Blanes; F. Casas; J.A. Oteo; J. Ros,Physics Reports,10.1016/j.physrep.2008.11.001,,https://openalex.org/W2020615058,,,1165,
10.1016/s0047-259x(03)00057-5,0,False,1,O4,openalex,Robust weighted orthogonal regression in the errors-in-variables model,2003,M. Fekri; Anne Ruiz‐Gazen,Journal of Multivariate Analysis,10.1016/s0047-259x(03)00057-5,,https://openalex.org/W2036750674,,,39,
10.1016/j.ultras.2020.106309,0,False,1,O4,openalex,So you think you can DAS? A viewpoint on delay-and-sum beamforming,2020,Vincent Perrot; Maxime Polichetti; François Varray; Damien Garcia,Ultrasonics,10.1016/j.ultras.2020.106309,,https://openalex.org/W3044863663,,,379,
10.1088/1475-7516/2006/05/018,0,False,1,O4,openalex,Random matrices and the spectrum of N-flation,2006,Richard Easther; Liam McAllister,Journal of Cosmology and Astroparticle Physics,10.1088/1475-7516/2006/05/018,,https://openalex.org/W2035245862,,,167,"N-flation is a promising embedding of inflation in string theory in which many string axions combine to drive inflation. We characterize the dynamics of a general N-flation model with nondegenerate axion masses. Although the precise mass of a single axion depends on compactification details in a complicated way, the distribution of masses can be computed with very limited knowledge of microscopics: the shape of the mass distribution is an emergent property. We use random matrix theory to show that a typical N-flation model has a spectrum of masses distributed according to the Marčenko–Pastur law. This distribution depends on a single parameter, the number of axions divided by the dimension of the moduli space. We use this result to describe the inflationary dynamics and phenomenology of a general N-flation model. We produce an ensemble of models and use numerical integration to track the axions' evolution and the resulting scalar power spectrum. For realistic initial conditions, the power spectrum is considerably more red than in single-field m 2 ϕ 2 inflation. We conclude that random matrix models of N-flation are surprisingly tractable and have a rich phenomenology that differs in testable ways from that of single-field m 2 ϕ 2 inflation."
10.1016/j.physrep.2010.05.003,0,False,1,O4,openalex,Flavor physics in the quark sector,2010,M. Antonelli; D. M. Asner; D. Bauer; Thomas Becher; Μ. Beneke; A. J. Bevan,Physics Reports,10.1016/j.physrep.2010.05.003,,https://openalex.org/W2115670636,,,247,
10.1103/revmodphys.80.1355,0,False,1,O4,openalex,Anderson transitions,2008,Ferdinand Evers; A. D. Mirlin,Reviews of Modern Physics,10.1103/revmodphys.80.1355,,https://openalex.org/W3037850448,,,2116,"The physics of Anderson transitions between localized and metallic phases in disordered systems is reviewed. The term ``Anderson transition'' is understood in a broad sense, including both metal-insulator transitions and quantum-Hall-type transitions between phases with localized states. The emphasis is put on recent developments, which include multifractality of critical wave functions, criticality in the power-law random banded matrix model, symmetry classification of disordered electronic systems, mechanisms of criticality in quasi-one-dimensional and two-dimensional systems and survey of corresponding critical theories, network models, and random Dirac Hamiltonians. Analytical approaches are complemented by advanced numerical simulations."
10.32614/cran.package.pracma,0,False,1,O4,openalex,pracma: Practical Numerical Math Functions,2011,Hans W. Borchers,,10.32614/cran.package.pracma,,https://openalex.org/W4399569404,,,214,"Provides a large number of functions from numerical analysis and linear algebra, numerical optimization, differential equations, time series, plus some well-known special mathematical functions. Uses 'MATLAB' function names where appropriate to simplify porting."
10.1146/annurev-fluid-010518-040401,0,False,1,O4,openalex,Direct Numerical Simulation of Turbulent Flows Laden with Droplets or Bubbles,2018,S. Elghobashi,Annual Review of Fluid Mechanics,10.1146/annurev-fluid-010518-040401,,https://openalex.org/W2892166862,,,283,"This review focuses on direct numerical simulations (DNS) of turbulent flows laden with droplets or bubbles. DNS of these flows are more challenging than those of flows laden with solid particles due to the surface deformation in the former. The numerical methods discussed are classified by whether the initial diameter of the bubble/droplet is smaller or larger than the Kolmogorov length scale and whether the instantaneous surface deformation is fully resolved or obtained via a phenomenological model. Also discussed are numerical methods that account for the breakup of a single droplet or bubble, as well as multiple droplets or bubbles in canonical turbulent flows."
10.1016/s0377-0427(00)00348-4,0,False,1,O4,openalex,Summary of sinc numerical methods,2000,Frank Stenger,Journal of Computational and Applied Mathematics,10.1016/s0377-0427(00)00348-4,,https://openalex.org/W2085291969,,,144,
10.1088/0264-9381/33/13/133001,0,False,1,O4,openalex,Numerical methods for finding stationary gravitational solutions,2016,Óscar J C Dias; Jorge E Santos; Benson Way,Classical and Quantum Gravity,10.1088/0264-9381/33/13/133001,,https://openalex.org/W2200587632,,,164,"Abstract The wide applications of higher dimensional gravity and gauge/gravity duality have fuelled the search for new stationary solutions of the Einstein equation (possibly coupled to matter). In this topical review, we explain the mathematical foundations and give a practical guide for the numerical solution of gravitational boundary value problems. We present these methods by way of example: resolving asymptotically flat black rings, singly spinning lumpy black holes in anti-de Sitter (AdS), and the Gregory–Laflamme zero modes of small rotating black holes in AdS 5 × S 5 . We also include several tools and tricks that have been useful throughout the literature."
10.1016/s0024-3795(02)00291-4,0,False,1,O4,openalex,The numerical range of a nonnegative matrix,2002,Chi-Kwong Li; Bit-Shun Tam; Pei Yuan Wu,Linear Algebra and its Applications,10.1016/s0024-3795(02)00291-4,,https://openalex.org/W2020202299,,,36,
10.1109/tcomm.2020.2973976,0,False,1,O4,openalex,"Joint Radar and Communication Design: Applications, State-of-the-Art, and the Road Ahead",2020,Fan Liu; Christos Masouros; Athina P. Petropulu; Hugh Griffiths; Lajos Hanzo,IEEE Transactions on Communications,10.1109/tcomm.2020.2973976,,https://openalex.org/W3006143078,,,1989,"Sharing of the frequency bands between radar and communication systems has attracted substantial attention, as it can avoid under-utilization of otherwise permanently allocated spectral resources, thus improving efficiency. Further, there is increasing demand for radar and communication systems that share the hardware platform as well as the frequency band, as this not only decongests the spectrum, but also benefits both sensing and signaling operations via the full cooperation between both functionalities. Nevertheless, the success of spectrum and hardware sharing between radar and communication systems critically depends on high-quality joint radar and communication designs. In the first part of this paper, we overview the research progress in the areas of radar-communication coexistence and dual-functional radar-communication (DFRC) systems, with particular emphasis on application scenarios and technical approaches. In the second part, we propose a novel transceiver architecture and frame structure for a DFRC base station (BS) operating in the millimeter wave (mmWave) band, using the hybrid analog-digital (HAD) beamforming technique. We assume that the BS is serving a multi-antenna user equipment (UE) over a mmWave channel, and at the same time it actively detects targets. The targets also play the role of scatterers for the communication signal. In that framework, we propose a novel scheme for joint target search and communication channel estimation, which relies on omni-directional pilot signals generated by the HAD structure. Given a fully-digital communication precoder and a desired radar transmit beampattern, we propose to design the analog and digital precoders under non-convex constant-modulus (CM) and power constraints, such that the BS can formulate narrow beams towards all the targets, while pre-equalizing the impact of the communication channel. Furthermore, we design a HAD receiver that can simultaneously process signals from the UE and echo waves fro"
10.1109/9.599969,0,False,1,O4,openalex,Multiobjective output-feedback control via LMI optimization,1997,Carsten W. Scherer; P. Gahinet; M. Chilali,IEEE Transactions on Automatic Control,10.1109/9.599969,,https://openalex.org/W2115424783,,,2432,"This paper presents an overview of a linear matrix inequality (LMI) approach to the multiobjective synthesis of linear output-feedback controllers. The design objectives can be a mix of H/sub /spl infin// performance, H/sub 2/ performance, passivity, asymptotic disturbance rejection, time-domain constraints, and constraints on the closed-loop pole location. In addition, these objectives can be specified on different channels of the closed-loop system. When all objectives are formulated in terms of a common Lyapunov function, controller design amounts to solving a system of linear matrix inequalities. The validity of this approach is illustrated by a realistic design example."
10.1103/physrevb.88.075133,0,False,1,O4,openalex,Post-matrix product state methods: To tangent space and beyond,2013,Jutho Haegeman; Tobias J. Osborne; Frank Verstraete,Physical Review B,10.1103/physrevb.88.075133,,https://openalex.org/W2084995257,,,232,"We develop in full detail the formalism of tangent states to the manifold of matrix product states, and show how they naturally appear in studying time evolution, excitations, and spectral functions. We focus on the case of systems with translation invariance in the thermodynamic limit, where momentum is a well-defined quantum number. We present some illustrative results and discuss analogous constructions for other variational classes. We also discuss generalizations and extensions beyond the tangent space, and give a general outlook towards post-matrix product methods."
10.1088/1126-6708/2001/01/010,0,False,1,O4,openalex,HERWIG 6: an event generator for hadron emission reactions with interfering gluons (including supersymmetric processes),2001,Gennaro Corcella; I.G. Knowles; Giuseppe Marchesini; Stefano Moretti; Kosuke Odagiri; Peter Richardson,Journal of High Energy Physics,10.1088/1126-6708/2001/01/010,,https://openalex.org/W2110389632,,,2092,
10.1016/j.physletb.2005.05.040,0,False,1,O4,openalex,Nontrivial correlation between the CKM and MNS matrices,2005,Zhi‐zhong Xing,Physics Letters B,10.1016/j.physletb.2005.05.040,,https://openalex.org/W2045249747,,,80,"We point out that the Cabibbo–Kobayashi–Maskawa (CKM) quark mixing matrix VCKM and the Maki–Nakagawa–Sakata (MNS) lepton mixing matrix VMNS can naturally be correlated in a class of seesaw models if the Dirac neutrino mass matrix and the up-type quark mass matrix are symmetric and identical, but the texture of their correlation matrix Fν is rather nontrivial. The bimaximal mixing pattern of Fν is disfavored by current data, and other special forms of Fν may suffer from fine-tuning of the free phase parameters in fitting the so-called quark–lepton complementarity relation. A straightforward calculation of Fν in terms of VCKM and VMNS reveals a striking feature of Fν: its (1,3) element cannot be zero or too small, no matter whether the (1,3) elements of VCKM and VMNS are vanishing or not. We also add some brief comments on possible radiative corrections to VCKM and VMNS."
10.5566/ias.v26.p83-92,0,False,1,O5,openalex,COMPUTATION OF MINKOWSKI MEASURES ON 2D AND 3D BINARY IMAGES,2011,David Legland; Kiên Kiêu; Marie‐Françoise Devaux,Image Analysis & Stereology,10.5566/ias.v26.p83-92,,https://openalex.org/W2068131454,,,199,"Minkowski functionals encompass standard geometric parameters such as volume, area, length and the Euler-Poincaré characteristic. Software tools for computing approximations of Minkowski functionals on binary 2D or 3D images are now available based on mathematical methods due to Serra, Lang and Ohser. Minkowski functionals can not be used to describe spatial heterogeneity of structures. This description can be performed by using Minkowski measures, which are local versions of Minkowski functionals. In this paper, we discuss how to extend the computation of Minkowski functionals to the computation of Minkowski measures. Approximations of Minkowski measures are computed using fltering and look-up table transformations. The final result is represented as a grey-level image. Approximation errors are investigated based on numerical examples. Convergence and non convergence of the measure approximations are discussed. The measure of surface area is used to describe spatial heterogeneity of a synthetic structure, and of an image of tomato pericarp."
10.1103/revmodphys.75.559,0,False,1,O5,openalex,The cosmological constant and dark energy,2003,P. J. E. Peebles; Bharat Ratra,Reviews of Modern Physics,10.1103/revmodphys.75.559,,https://openalex.org/W2073603601,,,5305,"Physics welcomes the idea that space contains energy whose gravitational effect approximates that of Einstein's cosmological constant, \ensuremath{\Lambda}; today the concept is termed dark energy or quintessence. Physics also suggests that dark energy could be dynamical, allowing for the arguably appealing picture of an evolving dark-energy density approaching its natural value, zero, and small now because the expanding universe is old. This would alleviate the classical problem of the curious energy scale of a millielectron volt associated with a constant \ensuremath{\Lambda}. Dark energy may have been detected by recent cosmological tests. These tests make a good scientific case for the context, in the relativistic Friedmann-Lema\^{\i}tre model, in which the gravitational inverse-square law is applied to the scales of cosmology. We have well-checked evidence that the mean mass density is not much more than one-quarter of the critical Einstein--de Sitter value. The case for detection of dark energy is not yet as convincing but still serious; we await more data, which may be derived from work in progress. Planned observations may detect the evolution of the dark-energy density; a positive result would be a considerable stimulus for attempts at understanding the microphysics of dark energy. This review presents the basic physics and astronomy of the subject, reviews the history of ideas, assesses the state of the observational evidence, and comments on recent developments in the search for a fundamental theory."
10.1088/0004-6256/144/6/192,0,False,1,O5,openalex,THESPITZERSPACE TELESCOPESURVEY OF THE ORION A AND B MOLECULAR CLOUDS. I. A CENSUS OF DUSTY YOUNG STELLAR OBJECTS AND A STUDY OF THEIR MID-INFRARED VARIABILITY,2012,S. T. Megeath; Robert Gutermuth; James Muzerolle; E. Kryukova; Kevin Flaherty; Joseph L. Hora,The Astronomical Journal,10.1088/0004-6256/144/6/192,,https://openalex.org/W2011759989,,,464,"We present a survey of the Orion A and B molecular clouds undertaken with the IRAC and MIPS instruments on board Spitzer . In total, five distinct fields were mapped, covering 9 deg 2 in five mid-IR bands spanning 3–24 μm. The survey includes the Orion Nebula Cluster, the Lynds 1641, 1630, and 1622 dark clouds, and the NGC 2023, 2024, 2068, and 2071 nebulae. These data are merged with the Two Micron All Sky Survey point source catalog to generate a catalog of eight-band photometry. We identify 3479 dusty young stellar objects (YSOs) in the Orion molecular clouds by searching for point sources with mid-IR colors indicative of reprocessed light from dusty disks or infalling envelopes. The YSOs are subsequently classified on the basis of their mid-IR colors and their spatial distributions are presented. We classify 2991 of the YSOs as pre-main-sequence stars with disks and 488 as likely protostars. Most of the sources were observed with IRAC in two to three epochs over six months; we search for variability between the epochs by looking for correlated variability in the 3.6 and 4.5 μm bands. We find that 50% of the dusty YSOs show variability. The variations are typically small (∼0.2 mag) with the protostars showing a higher incidence of variability and larger variations. The observed correlations between the 3.6, 4.5, 5.8, and 8 μm variability suggests that we are observing variations in the heating of the inner disk due to changes in the accretion luminosity or rotating accretion hot spots."
10.1016/j.cam.2006.11.006,0,False,1,O5,openalex,Evaluating the boundary and covering degree of planar Minkowski sums and other geometrical convolutions,2007,Rida T. Farouki; Joel Hass,Journal of Computational and Applied Mathematics,10.1016/j.cam.2006.11.006,,https://openalex.org/W2060797726,,,13,
10.1088/1475-7516/2021/05/073,0,False,1,O5,openalex,From a locality-principle for new physics to image features of regular spinning black holes with disks,2021,Astrid Eichhorn; Aaron Held,Journal of Cosmology and Astroparticle Physics,10.1088/1475-7516/2021/05/073,,https://openalex.org/W3138999574,,,69,"Abstract Current observations present unprecedented opportunities to probe the true nature of black holes, which must harbor new physics beyond General Relativity to provide singularity-free descriptions. To test paradigms for this new physics, it is necessary to bridge the gap all the way from theoretical developments of new-physics models to phenomenological developments such as simulated images of black holes embedded in astrophysical disk environments. In this paper, we construct several steps along this bridge. We construct a novel family of regular black-hole spacetimes based on a locality principle which ties new physics to local curvature scales. We then characterize these spacetimes in terms of a complete set of curvature invariants and analyze the ergosphere and both the outer event as well as distinct Killing horizon. Our comprehensive study of the shadow shape at various spins and inclinations reveals characteristic image features linked to the locality principle. We also explore the photon rings as an additional probe of the new-physics effects. A simple analytical disk model enables us to generate simulated images of the regular spinning black hole and test whether the characteristic image-features are visible in the intensity map."
10.1088/1126-6708/2001/02/047,0,False,1,O5,openalex,Intersecting brane worlds,2001,Gerardo Aldazabal; Sebastian Franco; Luis E Ibáñez; Raul Rabadán; Angel M Uranga,Journal of High Energy Physics,10.1088/1126-6708/2001/02/047,,https://openalex.org/W2598303665,,,367,
10.1142/s0217751x0502519x,0,False,1,O5,openalex,TACHYON DYNAMICS IN OPEN STRING THEORY,2005,Ashoke Sen,International Journal of Modern Physics A,10.1142/s0217751x0502519x,,https://openalex.org/W2066226858,,,525,"In this review we describe our current understanding of the properties of open string tachyons on an unstable D-brane or brane–antibrane system in string theory. The various string theoretic methods used for this study include techniques of two-dimensional conformal field theory, open string field theory, boundary string field theory, noncommutative solitons, etc. We also describe various attempts to understand these results using field theoretic methods. These field theory models include toy models like singular potential models and p-adic string theory, as well as more realistic version of the tachyon effective action based on Dirac–Born–Infeld type action. Finally we study closed string background produced by the ""decaying"" unstable D-branes, both in the critical string theory and in the two-dimensional string theory, and describe the open string completeness conjecture that emerges out of this study. According to this conjecture the quantum dynamics of an unstable D-brane system is described by an internally consistent quantum open string field theory without any need to couple the system to closed strings. Each such system can be regarded as a part of the ""hologram"" describing the full string theory."
10.1088/1361-6633/aaae14,0,False,1,O5,openalex,From hadrons to quarks in neutron stars: a review,2018,Gordon Baym; Tetsuo Hatsuda; Toru Kojo; Philip D. Powell; Yifan Song; T. Takatsuka,Reports on Progress in Physics,10.1088/1361-6633/aaae14,,https://openalex.org/W2778488581,,,765,"In recent years our understanding of neutron stars has advanced remarkably, thanks to research converging from many directions. The importance of understanding neutron star behavior and structure has been underlined by the recent direct detection of gravitational radiation from merging neutron stars. The clean identification of several heavy neutron stars, of order two solar masses, challenges our current understanding of how dense matter can be sufficiently stiff to support such a mass against gravitational collapse. Programs underway to determine simultaneously the mass and radius of neutron stars will continue to constrain and inform theories of neutron star interiors. At the same time, an emerging understanding in quantum chromodynamics (QCD) of how nuclear matter can evolve into deconfined quark matter at high baryon densities is leading to advances in understanding the equation of state of the matter under the extreme conditions in neutron star interiors. We review here the equation of state of matter in neutron stars from the solid crust through the liquid nuclear matter interior to the quark regime at higher densities. We focus in detail on the question of how quark matter appears in neutron stars, and how it affects the equation of state. After discussing the crust and liquid nuclear matter in the core we briefly review aspects of microscopic quark physics relevant to neutron stars, and quark models of dense matter based on the Nambu-Jona-Lasinio framework, in which gluonic processes are replaced by effective quark interactions. We turn then to describing equations of state useful for interpretation of both electromagnetic and gravitational observations, reviewing the emerging picture of hadron-quark continuity in which hadronic matter turns relatively smoothly, with at most only a weak first order transition, into quark matter with increasing density. We review construction of unified equations of state that interpolate between the reasonably well understo"
10.1103/physrevb.102.245113,0,False,1,O5,openalex,Berry phase in quantum field theory: Diabolical points and boundary phenomena,2020,Po-Shen Hsin; Anton Kapustin; Ryan Thorngren,Physical review. B./Physical review. B,10.1103/physrevb.102.245113,,https://openalex.org/W3018811576,,,67,"The quantum mechanical Berry phase is a topological contribution to the adiabatic response as system parameters are varied. It is the root of many fascinating topological phenomena in physics. Here, the authors consider spatiotemporal adiabatic response for many-body quantum systems in any dimension, and find analogous topological contributions they dub the ``higher Berry phase''. These contributions constrain the global structure of the phase diagrams of these systems and imply the existence of boundary modes at special parameter values."
10.1088/1126-6708/2003/07/038,0,False,1,O5,openalex,Yukawa couplings in intersecting D-brane models,2003,Daniel Cremades; Luis E Ibánez; Fernando Marchesano,Journal of High Energy Physics,10.1088/1126-6708/2003/07/038,,https://openalex.org/W2059823449,,,278,
10.1103/revmodphys.71.983,0,False,1,O5,openalex,Brane dynamics and gauge theory,1999,Amit Giveon; David Kutasov,Reviews of Modern Physics,10.1103/revmodphys.71.983,,https://openalex.org/W1989300694,,,487,The authors review some aspects of the interplay between the dynamics of branes in string theory and the classical and quantum physics of gauge theories with different numbers of supersymmetries in various dimensions.
10.1088/1126-6708/2004/05/079,0,False,1,O5,openalex,Computing Yukawa Couplings from Magnetized Extra Dimensions,2004,D Cremades; L.E Ibanez; F Marchesano,Journal of High Energy Physics,10.1088/1126-6708/2004/05/079,,https://openalex.org/W2102624509,,,296,
10.12942/lrr-2008-9,0,False,1,O5,openalex,Probes and Tests of Strong-Field Gravity with Observations in the Electromagnetic Spectrum,2008,Dimitrios Psaltis,Living Reviews in Relativity,10.12942/lrr-2008-9,,https://openalex.org/W2143529851,,,350,"Neutron stars and black holes are the astrophysical systems with the strongest gravitational fields in the universe. In this article, I review the prospect of using observations of such compact objects to probe some of the most intriguing general relativistic predictions in the strong-field regime: the absence of stable circular orbits near a compact object and the presence of event horizons around black-hole singularities. I discuss the need for a theoretical framework, within which future experiments will provide detailed, quantitative tests of gravity theories. Finally, I summarize the constraints imposed by current observations of neutron stars on potential deviations from general relativity."
10.1016/j.combustflame.2014.04.018,0,False,1,O5,openalex,Morphological and statistical features of reaction zones in MILD and premixed combustion,2014,Yuki Minamoto; N. Swaminathan; Stewart Cant; Teresa Leung,Combustion and Flame,10.1016/j.combustflame.2014.04.018,,https://openalex.org/W2133205205,,,110,
10.1016/j.cpc.2015.08.039,0,False,1,O5,openalex,The iEBE-VISHNU code package for relativistic heavy-ion collisions,2015,Chun Shen; Zhi Qiu; Huichao Song; Jonah E. Bernhard; Steffen A. Bass; Ulrich Heinz,Computer Physics Communications,10.1016/j.cpc.2015.08.039,,https://openalex.org/W2963350004,,,488,
10.1086/521375,0,False,1,O5,openalex,"Visualization, Exploration, and Data Analysis of Complex Astrophysical Data",2007,M. Comparato; U. Becciani; A. Costa; B. Larsson; B. Garilli; C. Gheller,Publications of the Astronomical Society of the Pacific,10.1086/521375,,https://openalex.org/W2032611333,,,28,"In this paper, we show how advanced visualization tools can help the researcher in investigating and extracting information from data. The focus is on VisIVO, a novel open‐source graphics application that blends high‐performance multidimensional visualization techniques and up‐to‐date technologies to cooperate with other applications and to access remote, distributed data archives. VisIVO supports the standards defined by the International Virtual Observatory Alliance in order to make it interoperable with VO data repositories. The paper describes the basic technical details and features of the software, and it dedicates a large section to show how VisIVO can be used in several scientific cases."
10.1214/aoap/1019737664,0,False,1,O5,openalex,"On excursion sets, tube formulas and maxima of random fields",2000,Robert J. Adler,The Annals of Applied Probability,10.1214/aoap/1019737664,,https://openalex.org/W2034944977,,,207,"This is a rambling review of what, with a few notable and significant exceptions, has been a rather dormant area for over a decade. It concentrates on the septuagenarian problem of finding good approximations for the excursion probability $P\{sup_{t \in T}X_t \geq \lambda\}$, where $\lambda$ is large, $X$ is a Gaussian, or “Gaussian-like,” process over a region $T \subset \Re^N$, and, generally, $N > 1$. A quarter of a century ago, there was a flurry of papers out of various schools linking this problem to the geometrical properties of random field sample paths. My own papers made the link via Euler characteristics of the excursion sets $\{t \in T: X_t \geq \lambda\}$. A decade ago, Aldous popularized the Poisson clumping heuristic for computing excursion probabilities in a wide variety of scenarios, including the Gaussian. Over the past few years, Keith Worsley has been the driving force behind the computation of many new Euler characteristic functionals, primarily driven by applications in medical imaging. There has also been a parallel development of techniques in the astrophysical literature. Meanwhile, somewhat closer to home, Hotelling’s 1939 “tube formulas” have seen a renaissance as sophisticated statistical hypothesis testing problems led to their reapplication toward computing excursion probabilities, and Sun and others have shown how to apply them in a purely Gaussian setting. The aim of the present paper is to look again at many of these results and tie them together in new ways to obtain a few new results and, hopefully, considerable new insight. The “Punchline of this paper,”which relies heavily on a recent result of Piterbarg, is given in Section 6.6: “In computing excursion probabilities for smooth enough Gaussian random fields over reasonable enough regions, the expected Euler characteristic of the corresponding excursion sets gives an approximation, for large levels, that is accurate to as many terms as there are in its expansion.”"
10.1007/jhep06(2011)005,0,False,1,O5,openalex,Spin-2 spectrum of defect theories,2011,Constantin P. Bachas; John Estes,Journal of High Energy Physics,10.1007/jhep06(2011)005,,https://openalex.org/W2001621830,,,103,"We study spin-2 excitations in the background ofthe recently-discovered type-IIB solutions of D’Hoker et al. These are holographically-dual to defect conformal field theories, and they are also of interest in the context of the Karch-Randall proposal for a string-theory embedding of localized gravity. We first generalize an argument by Csaki et al to show that for any solution with four-dimensional anti-de Sitter, Poincaré or de Sitter invariance the spin-2 excitations obey the massless scalar wave equation in ten dimensions. For the interface solutions at hand this reduces to a Laplace-Beltrami equation on a Riemann surface with disk topology, and in the simplest case of the supersymmetric Janus solution it further reduces to an ordinary differential equation known as Heun’s equation. We solve this equation numerically, and exhibit the spectrum as a function of the dilaton-jump parameter ∆ ϕ . In the limit of large ∆ ϕ a nearly-flat linear-dilaton dimension grows large, and the Janus geometry becomes effectively five-dimensional. We also discuss the difficulties of localizing four-dimensional gravity in the more general backgrounds with NS5-brane or D5-brane charge, which will be analyzed in detail in a companion paper."
10.1103/revmodphys.69.995,0,False,1,O5,openalex,Synthesis of the elements in stars: forty years of progress,1997,George Wallerstein; Icko Iben; Peter D. Parker; Ann Merchant Boesgaard; G. M. Hale; Arthur E. Champagne,Reviews of Modern Physics,10.1103/revmodphys.69.995,,https://openalex.org/W2023393381,,,561,"Forty years ago Burbidge, Burbidge, Fowler, and Hoyle combined what we would now call fragmentary evidence from nuclear physics, stellar evolution and the abundances of elements and isotopes in the solar system as well as a few stars into a synthesis of remarkable ingenuity. Their review provided a foundation for forty years of research in all of the aspects of low energy nuclear experiments and theory, stellar modeling over a wide range of mass and composition, and abundance studies of many hundreds of stars, many of which have shown distinct evidence of the processes suggested by B${}^{2}$FH. In this review we summarize progress in each of these fields with emphasis on the most recent developments."
10.4310/atmp.2000.v4.n5.a1,0,False,1,O5,openalex,"Triples, fluxes, and strings",2000,Jan de Boer; Robbert Dijkgraaf; Kentaro Hori; Arjan Keurentjes; John Morgan; David R. Morrison,Advances in Theoretical and Mathematical Physics,10.4310/atmp.2000.v4.n5.a1,,https://openalex.org/W1552560020,,,213,"We study string compactifications with sixteen supersymmetries.The moduli space for these compactifications becomes quite intricate in lower dimensions, partly because there are many different irreducible components.We focus primarily, but not exclusively, on compactifications to seven or more dimensions.These vacua can be realized in a number ways: the perturbative constructions we study include toroidal compactifications of the heterotic/type I strings, asymmetric orbifolds, and orientifolds.In addition, we describe less conventional M and F theory compactifications on smooth spaces.The last class of vacua considered are compactifications on singular spaces with non-trivial discrete fluxes.We find a number of new components in the string moduli space.Contained in some of these components are M theory compactifications with novel kinds of ""frozen"" singularities.We are naturally led to conjecture the existence of new dualities relating spaces with different singular geometries and fluxes.As our study of these vacua unfolds, we also learn about additional topics including: F theory on spaces without section, automorphisms of del Pezzo surfaces, and novel physics (and puzzles) from equivariant K-theory.Lastly, we comment on how the data we gain about the M theory three-form might be interpreted."
10.3847/1538-4365/aa876b,0,False,1,O5,openalex,Perturbation of a Schwarzschild Black Hole Due to a Rotating Thin Disk,2017,Pavel Čı́žek; O. Semerák,The Astrophysical Journal Supplement Series,10.3847/1538-4365/aa876b,,https://openalex.org/W2755849405,,,8,"Abstract Will, in 1974, treated the perturbation of a Schwarzschild black hole due to a slowly rotating, light, concentric thin ring by solving the perturbation equations in terms of a multipole expansion of the mass-and-rotation perturbation series. In the Schwarzschild background, his approach can be generalized to perturbation by a thin disk (which is more relevant astrophysically), but, due to rather bad convergence properties, the resulting expansions are not suitable for specific (numerical) computations. However, we show that Green’s functions, represented by Will’s result, can be expressed in closed form (without multipole expansion), which is more useful. In particular, they can be integrated out over the source (a thin disk in our case) to yield good converging series both for the gravitational potential and for the dragging angular velocity. The procedure is demonstrated, in the first perturbation order, on the simplest case of a constant-density disk, including the physical interpretation of the results in terms of a one-component perfect fluid or a two-component dust in a circular orbit about the central black hole. Free parameters are chosen in such a way that the resulting black hole has zero angular momentum but non-zero angular velocity, as it is just carried along by the dragging effect of the disk."
10.1088/1742-5468/2008/12/p12015,0,False,1,O5,openalex,Utilizing Minkowski functionals for image analysis: a marching square algorithm,2008,Hubert Mantz; Karin Jacobs; Klaus Mecke,Journal of Statistical Mechanics Theory and Experiment,10.1088/1742-5468/2008/12/p12015,,https://openalex.org/W2073622316,,,134,"Comparing noisy experimental image data with statistical models requires a quantitative analysis of grey-scale images beyond mean values and two-point correlations. A real-space image analysis technique is introduced for digitized grey-scale images, based on Minkowski functionals of thresholded patterns. A novel feature of this marching square algorithm is the use of weighted side lengths for pixels, so that boundary lengths are captured accurately. As examples to illustrate the technique we study surface topologies emerging during the dewetting process of thin films and analyse spinodal decomposition as well as turbulent patterns in chemical reaction–diffusion systems. The grey-scale value corresponds to the height of the film or to the concentration of chemicals, respectively. Comparison with analytic calculations in stochastic geometry models reveals a remarkable agreement of the examples with a Gaussian random field. Thus, a statistical test for non-Gaussian features in experimental data becomes possible with this image analysis technique—even for small image sizes. Implementations of the software used for the analysis are offered for download."
10.1016/s0370-1573(03)00120-0,0,False,1,O5,openalex,Cosmological constant—the weight of the vacuum,2003,T Padmanabhan,Physics Reports,10.1016/s0370-1573(03)00120-0,,https://openalex.org/W1980458704,,,3208,
10.3934/math.20231135,0,False,1,O5,openalex,On simultaneous characterizations of partner-ruled surfaces in Minkowski 3-space,2023,Yanlin Li; Kemal Eren; Soley Ersoy,AIMS Mathematics,10.3934/math.20231135,,https://openalex.org/W4384383094,,,34,"In this study, the partner-ruled surfaces in Minkowski 3-space, which are defined according to the Frenet vectors of non-null space curves, are introduced with extra conditions that guarantee the existence of definite surface normals. First, the requirements of each pair of partner-ruled surfaces to be simultaneously developable and minimal (or maximal for spacelike surfaces) are investigated. The surfaces also simultaneously characterize the asymptotic, geodesic and curvature lines of the parameter curves of these surfaces. Finally, the study provides examples of timelike and spacelike partner-ruled surfaces and includes their graphs."
10.3390/sym14101996,0,False,1,O5,openalex,Singularity Properties of Timelike Sweeping Surface in Minkowski 3-Space,2022,Yanlin Li; Sahar H. Nazra; Rashad A. Abdel-Baky,Symmetry,10.3390/sym14101996,,https://openalex.org/W4298004036,,,28,"In this paper, we give the parametric equation of the Bishop frame for a timelike sweeping surface with a unit speed timelike curve in Minkowski 3-space. We introduce a new geometric invariant to explain the geometric properties and local singularities of this timelike surface. We derive the sufficient and necessary conditions for this timelike surface to be a timelike developable ruled surface. Afterwards, we take advantage of singularity theory to give the classification of singularities of this timelike developable surface. Furthermore, we give some representative examples to show the applications of the theoretical results."
10.3390/fractalfract7110806,0,False,1,O5,openalex,Design and Performance Evaluation of a Second-Order Iterated Circular Minkowski Fractal Antenna for Ultra-Wideband Applications,2023,Elijah Joseph; Pradeep Kumar; Thomas J. Afullo,Fractal and Fractional,10.3390/fractalfract7110806,,https://openalex.org/W4388407608,,,11,"In this article, a second-order iterated Circular Minkowski fractal antenna (CMFA) tailored for ultra-wideband (UWB) applications is designed and developed. Leveraging the power of Minkowski fractal geometry, this antenna design achieves a high gain across the UWB frequency spectrum. The design utilizes a circular groove on the ground plane and an arc slot on the radiating element for improving the antenna performance. The proposed antenna is fabricated using cost-effective material, an FR-4 substrate. The antenna is simulated and optimized. The fabricated optimized antenna undergoes real-world testing. Measured results reveal an impressive 120.6% impedance bandwidth spanning from 3.37 GHz to 13.6 GHz, with resonant frequencies at 4.43 GHz, 6.07 GHz, and 9.3 GHz. Meanwhile, the simulated results indicate an impedance bandwidth of 118% ranging from 3.17 GHz to 12.44 GHz. Real-world measurements validate the anticipated UWB traits, closely aligning with the simulation data, and confirming efficient impedance matching with a VSWR of less than 2 across the 3.37 GHz to 13.6 GHz frequency range. The radiation pattern analysis demonstrates a robust bidirectional E-plane pattern and a nearly omnidirectional H-plane pattern. This research introduces a highly promising circular Minkowski fractal antenna for UWB applications, offering exceptional bandwidth and resonance characteristics. This antenna design holds excellent potential for multi-functional wireless systems and opens avenues for enhanced UWB communication and sensing capabilities in diverse applications."
10.1088/2040-8978/19/1/013001,0,False,1,O5,openalex,Roadmap on structured light,2016,Halina Rubinsztein‐Dunlop; Andrew Forbes; Michael Berry; Mark R. Dennis; Davıd L. Andrews; Masud Mansuripur,Journal of Optics,10.1088/2040-8978/19/1/013001,,https://openalex.org/W2550557946,,,1368,"Abstract Structured light refers to the generation and application of custom light fields. As the tools and technology to create and detect structured light have evolved, steadily the applications have begun to emerge. This roadmap touches on the key fields within structured light from the perspective of experts in those areas, providing insight into the current state and the challenges their respective fields face. Collectively the roadmap outlines the venerable nature of structured light research and the exciting prospects for the future that are yet to be realized."
10.1112/blms/15.5.401,0,False,1,O5,openalex,The Geometries of 3-Manifolds,1983,Peter Scott,Bulletin of the London Mathematical Society,10.1112/blms/15.5.401,,https://openalex.org/W2068774711,,,1506,Peer Reviewed
10.1007/s00006-019-0959-y,0,False,1,O5,openalex,Boolean Combination of Circular Arcs using Orthogonal Spheres,2019,Leo Dorst,Advances in Applied Clifford Algebras,10.1007/s00006-019-0959-y,,https://openalex.org/W2941745874,,,8,"An orthogonal sphere representation of arcs on spatial circles can be used to compactly perform Boolean combinations of such arcs. We formulate this using conformal geometric algebra, of which the oriented nature allows both minor and major arcs to be treated. Easily computable quantities discriminate the cases of relative positions. An application in the first stages of a problem in Discretizable Molecular Distance Geometry is included. We give a suggestion on how to extend this characterization by orthogonal spheres to the manifolds of arcs in the subsequent stages, using probabilistic eigenspheres of the distributions."
10.3836/tjm/1255958684,0,False,1,O5,openalex,Spacelike Helicoidal Surfaces with Constant Mean Curvature in Minkowski 3-space,2000,Naoshi SASAHARA,Tokyo Journal of Mathematics,10.3836/tjm/1255958684,,https://openalex.org/W2069135191,,,16,"Surfaces with constant mean curvature in Minkowski 3-space $L^{3}$ have been studied in a lot of fields.For example, there are researches in relational to harmonic mappings between hyperbolic 2-spaces (cf. [1], [2],[5]) and affine differential geometry (cf.[7]).In this paper we study surfaces of revolution and spacelike helicoidal surfaces in $L^{3}$ .A surface in $L^{3}$ is called a spacelike surface if the induced metric on the surface is a positive definite Riemannian metric.Moreover, a timelike surface in $L^{3}$ is a surface which inherits a non-degenerate indefinite metric from the standard metric in $L^{3}$ .It is well-known that C. Delaunay [6] solved the differential equation of surfaces of revolution under constancy of the mean curvature and gave a method of geometric constructions for such surfaces.For the proof, he first obtained a parametrization of an evolute of the gener- ating curve.By making use of this parametrization, he found a representation formula for the generating curve.Therefore th $e$ se solutions hold only on some intervals on which the evolute can be defined.More generally, K. Kenmotsu [11] gave a representation formula for surfaces of revolution with prescribed mean curvature in Euclidean 3-space.Spacelike maximal surfaces of revolution in $L^{3}$ were studied by O. Kobayashi [12] and L. McNertney [15].On the other hand, timelike minimal surfaces of revolution in $L^{3}$ were classified by L. McNertney (cf.[20]).Furthermore McNertney gave one parameter deforma- tions for various catenoids and helicoids.Moreover, the timelike minimal surfaces have been a subject of several wide interests [14], [16], [17], [18] and [21].J. Hano and K. Nomizu [9] classified the spacelike surfaces of revolution in $L^{3}$ that have constant mean curvature and proved that the profile curve of a surface of revolution with nonzero constant mean curvature in $L^{3}$ can be described as the locus of focus when a quadratic curve is rolled along the axis of revolu"
10.1145/4078.4081,0,False,1,O5,openalex,Three-dimensional object recognition,1985,Paul J. Besl; Ramesh Jain,ACM Computing Surveys,10.1145/4078.4081,,https://openalex.org/W1996773532,,,974,"A general-purpose computer vision system must be capable of recognizing three-dimensional (3-D) objects. This paper proposes a precise definition of the 3-D object recognition problem, discusses basic concepts associated with this problem, and reviews the relevant literature. Because range images (or depth maps) are often used as sensor input instead of intensity images, techniques for obtaining, processing, and characterizing range data are also surveyed."
10.1007/s10231-017-0666-z,0,False,1,O5,openalex,Enneper representation of minimal surfaces in the three-dimensional Lorentz–Minkowski space,2017,Adriana A. Cintra; Irene I. Onnis,Annali di Matematica Pura ed Applicata (1923 -),10.1007/s10231-017-0666-z,,https://openalex.org/W2612688603,,,12,
10.1145/136035.136037,0,False,1,O5,openalex,Gross motion planning—a survey,1992,Yong K. Hwang; Narendra Ahuja,ACM Computing Surveys,10.1145/136035.136037,,https://openalex.org/W2051626883,,,829,"Motion planning is one of the most important areas of robotics research. The complexity of the motion-planning problem has hindered the development of practical algorithms. This paper surveys the work on gross-motion planning, including motion planners for point robots, rigid robots, and manipulators in stationary, time-varying, constrained, and movable-object environments. The general issues in motion planning are explained. Recent approaches and their performances are briefly described, and possible future research directions are discussed."
10.12942/lrr-2011-3,0,False,1,O5,openalex,Analogue Gravity,2011,Carlos Barceló; Stefano Liberati; Matt Visser,Living Reviews in Relativity,10.12942/lrr-2011-3,,https://openalex.org/W4210954748,,,600,"Analogue gravity is a research programme which investigates analogues of general relativistic gravitational fields within other physical systems, typically but not exclusively condensed matter systems, with the aim of gaining new insights into their corresponding problems. Analogue models of (and for) gravity have a long and distinguished history dating back to the earliest years of general relativity. In this review article we will discuss the history, aims, results, and future prospects for the various analogue models. We start the discussion by presenting a particularly simple example of an analogue model, before exploring the rich history and complex tapestry of models discussed in the literature. The last decade in particular has seen a remarkable and sustained development of analogue gravity ideas, leading to some hundreds of published articles, a workshop, two books, and this review article. Future prospects for the analogue gravity programme also look promising, both on the experimental front (where technology is rapidly advancing) and on the theoretical front (where variants of analogue models can be used as a springboard for radical attacks on the problem of quantum gravity)."
10.1109/access.2022.3149276,0,False,1,O5,openalex,"A Review on Antenna Technologies for Ambient RF Energy Harvesting and Wireless Power Transfer: Designs, Challenges and Applications",2022,Md. Amanath Ullah; Rasool Keshavarz; Mehran Abolhasan; Justin Lipman; Karu P. Esselle; Negin Shariati,IEEE Access,10.1109/access.2022.3149276,,https://openalex.org/W4210879646,,,266,"Radio frequency energy harvesting (RFEH) and wireless power transmission (WPT) are two emerging alternative energy technologies that have the potential to offer wireless energy delivery in the future. One of the key components of RFEH or WPT system is the receiving antenna. The receiving antenna’s performance has a considerable impact on the power delivery capability of an RFEH or WPT system. This paper provides a well-rounded review of recent advancements of receiving antennas for RFEH and WPT. Antennas discussed in this paper are categorized as low-profile antennas, multi-band antennas, circularly polarized antennas, and array antennas. A number of contemporary antennas from each category are presented, compared, and discussed with particular emphasis on design approach and performance. Current design and fabrication challenges, future development, open research issues of the antennas and visions for RFEH and WPT are also discussed in this review."
onhyperbolicsurfacetessellationsandequivariantspacelikeconvexpolyhedralsurfacesinminkowskispace,0,False,1,O5,openalex,On hyperbolic surface tessellations and equivariant spacelike convex polyhedral surfaces in Minkowski Space,2000,Igor Iskhakov,OhioLink ETD Center (Ohio Library and Information Network),,,https://openalex.org/W2780294057,,,11,"Thus, some thesis and dissertation copies are in typewriter fiice, while others may b e from"
10.12942/lrr-2008-6,0,False,1,O5,openalex,Black Holes in Higher Dimensions,2008,Roberto Emparan; Harvey S. Reall,Living Reviews in Relativity,10.12942/lrr-2008-6,,https://openalex.org/W2134122949,,,667,"We review black-hole solutions of higher-dimensional vacuum gravity and higher-dimensional supergravity theories. The discussion of vacuum gravity is pedagogical, with detailed reviews of Myers-Perry solutions, black rings, and solution-generating techniques. We discuss black-hole solutions of maximal supergravity theories, including black holes in anti-de Sitter space. General results and open problems are discussed throughout."
10.2298/fil2103015k,0,False,1,O5,openalex,Directional magnetic and electric vortex lines and their geometries in Minkowski space,2021,Talat Körpınar; Rıdvan Cem Demi̇rkol,Filomat,10.2298/fil2103015k,,https://openalex.org/W3213310507,,,4,"In this study, we firstly introduce a different type of directional Fermi-Walker transportations along with vortex lines of a non-vanishing vector field in three-dimensional Minkowski space. Then we consider some geometric quantities, which are used to characterize vortex lines, in order to express angular velocity vector (Darboux vector) of the system in terms of these quantities. Later we present timelike directional magnetic vortex lines by computing the Lorentz force. Hence, we reach a remarkable relation between timelike directional magnetic vortex lines and angular velocity vector of vortex lines with a nonrotating frame in Minkowski space. We also determine the timelike directional electric vortex lines by considering the electromagnetic force equation. We finally investigate the conditions of being uniform for magnetic fields of timelike directional magnetic vortex lines and we improve such a remarkable approach to find the electromagnetic curvature which contains many geometrical features belonging to timelike directional magnetic and electric vortex line."
10.1016/j.comgeo.2009.12.003,0,False,1,O5,openalex,Mathematical model and efficient algorithms for object packing problem,2010,N. Chernov; Yu. G. Stoyan; Т. Romanova,Computational Geometry,10.1016/j.comgeo.2009.12.003,,https://openalex.org/W2068513847,,,147,
10.3390/mi15070809,0,False,1,O5,openalex,"Dual Features, Compact Dimensions and X-Band Applications for the Design and Fabrication of Annular Circular Ring-Based Crescent-Moon-Shaped Microstrip Patch Antenna",2024,Unal Aras; Tahesin Samira Delwar; P. Durgaprasadarao; P. Syam Sundar; Shaik Hasane Ahammad; Mahmoud M. A. Eid,Micromachines,10.3390/mi15070809,,https://openalex.org/W4399906819,,,15,"This study uses annular circular rings to create multi-band applications using crescent-shaped patch antennas. It is designed to be made up of five circular, annular rings nested inside of each other. Three annular rings are positioned and merged on top of the larger rings, with two annular rings set along the bottom of the feed line. The factors that set them apart, such as bandwidths, radiation patterns, gain, impedance, and return loss (RL), are analysed. The outcomes show how compact the multi-band annular ring antenna is. The proposed circular annular ring antenna has return losses of -33 dB and operates at two frequencies: 3.1 GHz and 9.3 GHz. This design is modelled and simulated using ANSYS HFSS. The outcomes of the simulation and the tests agree quite well. The X band and WLAN resonant bands have bandwidth capacities of 500 and 4300 MHz, respectively. Additionally, the circular annular ring antenna design is advantageous for most services at these operating bands."
10.48550/arxiv.0711.3226,0,False,1,O5,openalex,Supersymmetric Wilson loops on S^3,2007,Nadav Drukker; Simone Giombi; Riccardo Ricci; Diego Trancanelli,Research Portal (King's College London),10.48550/arxiv.0711.3226,,https://openalex.org/W3099940733,,,105,"This paper studies in great detail a family of supersymmetric Wilson loop operators in N=4 supersymmetric Yang-Mills theory we have recently found. For a generic curve on an S^3 in space-time the loops preserve two supercharges but we will also study special cases which preserve 4, 8 and 16 supercharges. For certain loops we find the string theory dual explicitly and for the general case we show that string solutions satisfy a first order differential equation. This equation expresses the fact that the strings are pseudo-holomorphic with respect to a novel almost complex structure we construct on AdS_4 x S^2. We then discuss loops restricted to S^2 and provide evidence that they can be calculated in terms of similar observables in purely bosonic YM in two dimensions on the sphere."
10.1007/978-3-642-03196-0,0,False,1,O5,openalex,Modeling and Control of Complex Physical Systems,2009,Vincent Duindam; Alessandro Macchelli; Stefano Stramigioli; Herman Bruyninckx,,10.1007/978-3-642-03196-0,,https://openalex.org/W1526120274,,,487,
10.1016/j.physrep.2020.05.004,0,False,1,O5,openalex,Networks beyond pairwise interactions: Structure and dynamics,2020,Federico Battiston; Giulia Cencetti; Iacopo Iacopini; Vito Latora; Maxime Lucas; Alice Patania,Physics Reports,10.1016/j.physrep.2020.05.004,,https://openalex.org/W3033513666,,,1576,"The complexity of many biological, social and technological systems stems from the richness of the interactions among their units. Over the past decades, a variety of complex systems has been successfully described as networks whose interacting pairs of nodes are connected by links. Yet, from human communications to chemical reactions and ecological systems, interactions can often occur in groups of three or more nodes and cannot be described simply in terms of dyads. Until recently little attention has been devoted to the higher-order architecture of real complex systems. However, a mounting body of evidence is showing that taking the higher-order structure of these systems into account can enhance our modeling capacities and help us understand and predict their dynamical behavior. Here we present a complete overview of the emerging field of networks beyond pairwise interactions. We discuss how to represent higher-order interactions and introduce the different frameworks used to describe higher-order systems, highlighting the links between the existing concepts and representations. We review the measures designed to characterize the structure of these systems and the models proposed to generate synthetic structures, such as random and growing bipartite graphs, hypergraphs and simplicial complexes. We introduce the rapidly growing research on higher-order dynamical systems and dynamical topology, discussing the relations between higher-order interactions and collective behavior. We focus in particular on new emergent phenomena characterizing dynamical processes, such as diffusion, synchronization, spreading, social dynamics and games, when extended beyond pairwise interactions. We conclude with a summary of empirical applications, and an outlook on current modeling and conceptual frontiers."
10.1146/annurev-fluid-031821-104935,0,False,1,O5,openalex,Designing Complex Fluids,2021,Randy H. Ewoldt; Chaimongkol Saengow,Annual Review of Fluid Mechanics,10.1146/annurev-fluid-031821-104935,,https://openalex.org/W3109984751,,,92,"Taking a small step away from Newtonian fluid behavior creates an explosion in the range of possibilities. Non-Newtonian fluid properties can achieve diverse flow objectives, but the complexity introduces challenges. We survey useful rheological complexity along with organizing principles and design methods as we consider the following questions: How can non-Newtonian properties be useful? What properties are needed? How can we get those properties?"
10.3847/2041-8213/ab1141,0,False,1,O5,openalex,First M87 Event Horizon Telescope Results. VI. The Shadow and Mass of the Central Black Hole,2019,Kazunori Akiyama; A. Alberdi; W. Alef; Keiichi Asada; Rebecca Azulay; Anne-Kathrin Baczko,The Astrophysical Journal Letters,10.3847/2041-8213/ab1141,,https://openalex.org/W2936095933,,,1667,"Abstract We present measurements of the properties of the central radio source in M87 using Event Horizon Telescope data obtained during the 2017 campaign. We develop and fit geometric crescent models (asymmetric rings with interior brightness depressions) using two independent sampling algorithms that consider distinct representations of the visibility data. We show that the crescent family of models is statistically preferred over other comparably complex geometric models that we explore. We calibrate the geometric model parameters using general relativistic magnetohydrodynamic (GRMHD) models of the emission region and estimate physical properties of the source. We further fit images generated from GRMHD models directly to the data. We compare the derived emission region and black hole parameters from these analyses with those recovered from reconstructed images. There is a remarkable consistency among all methods and data sets. We find that >50% of the total flux at arcsecond scales comes from near the horizon, and that the emission is dramatically suppressed interior to this region by a factor >10, providing direct evidence of the predicted shadow of a black hole. Across all methods, we measure a crescent diameter of 42 ± 3 μ as and constrain its fractional width to be <0.5. Associating the crescent feature with the emission surrounding the black hole shadow, we infer an angular gravitational radius of GM / Dc 2 = 3.8 ± 0.4 μ as. Folding in a distance measurement of gives a black hole mass of . This measurement from lensed emission near the event horizon is consistent with the presence of a central Kerr black hole, as predicted by the general theory of relativity."
10.2307/1269506,0,False,1,O5,openalex,Residuals and Influence in Regression,1984,Robert F. Ling; R. Dennis Cook; Sanford Weisberg,Technometrics,10.2307/1269506,,https://openalex.org/W2145147745,,,2658,"Author affiliations: University of Minnesota, Twin Cities, School of Statistics."
10.1111/1467-9868.00082,0,False,1,O5,openalex,The EM Algorithm—an Old Folk-song Sung to a Fast New Tune,1997,Xiao‐Li Meng; David A. van Dyk,Journal of the Royal Statistical Society Series B (Statistical Methodology),10.1111/1467-9868.00082,,https://openalex.org/W2024476015,,,806,"Summary Celebrating the 20th anniversary of the presentation of the paper by Dempster, Laird and Rubin which popularized the EM algorithm, we investigate, after a brief historical account, strategies that aim to make the EM algorithm converge faster while maintaining its simplicity and stability (e.g. automatic monotone convergence in likelihood). First we introduce the idea of a ‘working parameter’ to facilitate the search for efficient data augmentation schemes and thus fast EM implementations. Second, summarizing various recent extensions of the EM algorithm, we formulate a general alternating expectation–conditional maximization algorithm AECM that couples flexible data augmentation schemes with model reduction schemes to achieve efficient computations. We illustrate these methods using multivariate t-models with known or unknown degrees of freedom and Poisson models for image reconstruction. We show, through both empirical and theoretical evidence, the potential for a dramatic reduction in computational time with little increase in human effort. We also discuss the intrinsic connection between EM-type algorithms and the Gibbs sampler, and the possibility of using the techniques presented here to speed up the latter. The main conclusion of the paper is that, with the help of statistical considerations, it is possible to construct algorithms that are simple, stable and fast."
10.1109/5.53403,0,False,1,O5,openalex,Iterative methods for image deblurring,1990,J. Biemond; Reginald L. Lagendijk; R.M. Mersereau,Proceedings of the IEEE,10.1109/5.53403,,https://openalex.org/W2149479098,,,457,"The authors discuss the use of iterative restoration algorithms for the removal of linear blurs from photographic images that may also be assumed to be degraded by pointwise nonlinearities such as film saturation and additive noise. Iterative algorithms allow for the incorporation of various types of prior knowledge about the class of feasible solutions, can be used to remove nonstationary blurs, and are fairly robust with respect to errors in the approximation of the blurring operator. Special attention is given to the problem of convergence of the algorithms, and classical solutions such as inverse filters, Wiener filters, and constrained least-squares filters are shown to be limiting solutions of variations of the iterations. Regularization is introduced as a means for preventing the excessive noise magnification that is typically associated with ill-conditioned inverse problems such as the deblurring problem, and it is shown that noise effects can be minimized by terminating the algorithms after a finite number of iterations. The role and choice of constraints on the class of feasible solutions are also discussed."
10.4310/atmp.1997.v1.n1.a2,0,False,1,O5,openalex,Mirror symmetry and exact solution of 4D $N = 2$ gauge theories: I,1997,Sheldon Katz; Peter Mayr; Cumrun Vafa,Advances in Theoretical and Mathematical Physics,10.4310/atmp.1997.v1.n1.a2,,https://openalex.org/W2080034364,,,440,"Using geometric engineering in the context of type II strings, we obtain exact solutions for the moduli space of the Coulomb branch of all N = 2 gauge theories in four dimensions involving products of SU gauge groups with an arbitrary amount of bi-fundamental matter for chosen pairs, as well as an arbitrary amount of fundamental matter for each factor.Asymptotic freedom restricts the possibilities to SU groups with bi-fundamental matter chosen according to ADE or affine ADE Dynkin diagrams.Many of the results can be derived in an elementary way using the self-mirror property of KS.We find that in certain cases the solution of the Coulomb branch for N = 2 gauge theories is given in terms of a three dimensional complex manifold rather than a Riemann surface.We also study new stringy strong coupling fixed points arising from the compactification of higher dimensional theories with tensionless strings and consider applications to three dimensional N = 4 theories."
10.1109/tuffc.2007.240,0,False,1,O5,openalex,MEMS technology for timing and frequency control,2007,Clark T.‐C. Nguyen,IEEE Transactions on Ultrasonics Ferroelectrics and Frequency Control,10.1109/tuffc.2007.240,,https://openalex.org/W2105093937,,,838,"An overview on the use of microelectromechanical systems (MEMS) technologies for timing and frequency control is presented. In particular, micromechanical RF filters and reference oscillators based on recently demonstrated vibrating on-chip micromechanical resonators with Q's > 10,000 at 1.5 GHz are described as an attractive solution to the increasing count of RF components (e.g., filters) expected to be needed by future multiband, multimode wireless devices. With Q's this high in on-chip abundance, such devices might also enable a paradigm shift in the design of timing and frequency control functions, where the advantages of high-Q are emphasized, rather than suppressed (e.g., due to size and cost reasons), resulting in enhanced robustness and power savings. Indeed, as vibrating RF MEMS devices are perceived more as circuit building blocks than as stand-alone devices, and as the frequency processing circuits they enable become larger and more complex, the makings of an integrated micromechanical circuit technology begin to take shape, perhaps with a functional breadth not unlike that of integrated transistor circuits. With even more aggressive three-dimensional MEMS technologies, even higher on-chip Q's are possible, such as already achieved via chip-scale atomic physics packages, which so far have achieved Q's > 10(7) using atomic cells measuring only 10 mm3 in volume and consuming just 5 mW of power, all while still allowing atomic clock Allan deviations down to 10(-11) at one hour."
10.1016/j.jcss.2003.07.012,0,False,1,O5,openalex,Approximation algorithms for Max-3-Cut and other problems via complex semidefinite programming,2003,Michel X. Goemans; David P. Williamson,Journal of Computer and System Sciences,10.1016/j.jcss.2003.07.012,,https://openalex.org/W4230348051,,,76,
10.1021/acs.chemrev.0c00767,0,False,1,O5,openalex,Promises and Challenges of Next-Generation “Beyond Li-ion” Batteries for Electric Vehicles and Grid Decarbonization,2020,Yaosen Tian; Guobo Zeng; Ann Rutt; Tan Shi; Haegyeom Kim; Jingyang Wang,Chemical Reviews,10.1021/acs.chemrev.0c00767,,https://openalex.org/W3116578724,,,1603,"The tremendous improvement in performance and cost of lithium-ion batteries (LIBs) have made them the technology of choice for electrical energy storage. While established battery chemistries and cell architectures for Li-ion batteries achieve good power and energy density, LIBs are unlikely to meet all the performance, cost, and scaling targets required for energy storage, in particular, in large-scale applications such as electrified transportation and grids. The demand to further reduce cost and/or increase energy density, as well as the growing concern related to natural resource needs for Li-ion have accelerated the investigation of so-called ""beyond Li-ion"" technologies. In this review, we will discuss the recent achievements, challenges, and opportunities of four important ""beyond Li-ion"" technologies: Na-ion batteries, K-ion batteries, all-solid-state batteries, and multivalent batteries. The fundamental science behind the challenges, and potential solutions toward the goals of a low-cost and/or high-energy-density future, are discussed in detail for each technology. While it is unlikely that any given new technology will fully replace Li-ion in the near future, ""beyond Li-ion"" technologies should be thought of as opportunities for energy storage to grow into mid/large-scale applications."
10.1103/physrevd.85.122006,0,False,1,O5,openalex,FINDCHIRP: An algorithm for detection of gravitational waves from inspiraling compact binaries,2012,B. Allen; W. G. Anderson; P. R. Brady; D. Brown; J. D. E. Creighton,"Physical review. D. Particles, fields, gravitation, and cosmology/Physical review. D. Particles and fields",10.1103/physrevd.85.122006,,https://openalex.org/W2051539854,,,649,"Matched-filter searches for gravitational waves from coalescing compact binaries by the LIGO Scientific Collaboration use the FINDCHIRP algorithm: an implementation of the optimal filter with innovations to account for unknown signal parameters and to improve performance on detector data that has nonstationary and non-Gaussian artifacts. We provide details on the FINDCHIRP algorithm as used in the search for subsolar mass binaries, binary neutron stars, neutron star--black hole binaries, and binary black holes."
10.1103/physrevx.9.011042,0,False,1,O5,openalex,Spectral Dimension Reduction of Complex Dynamical Networks,2019,Edward Laurence; Nicolas Doyon; Louis J. Dubé; Patrick Desrosiers,Physical Review X,10.1103/physrevx.9.011042,,https://openalex.org/W2890257635,,,43,"Dynamical networks are powerful tools for modeling a broad range of complex systems, including financial markets, brains, and ecosystems.They encode how the basic elements (nodes) of these systems interact altogether (via links) and evolve (nodes' dynamics).Despite substantial progress, little is known about why some subtle changes in the network structure, at the so-called critical points, can provoke drastic shifts in its dynamics.We tackle this challenging problem by introducing a method that reduces any network to a simplified low-dimensional version.It can then be used to describe the collective dynamics of the original system.This dimension reduction method relies on spectral graph theory and, more specifically, on the dominant eigenvalues and eigenvectors of the network adjacency matrix.Contrary to previous approaches, our method is able to predict the multiple activation of modular networks as well as the critical points of random networks with arbitrary degree distributions.Our results are of both fundamental and practical interest, as they offer a novel framework to relate the structure of networks to their dynamics and to study the resilience of complex systems."
10.1051/0004-6361/201219196,0,False,1,O5,openalex,Age and helium content of the open cluster NGC 6791 from multiple eclipsing binary members,2012,K. Brogaard; D. A. VandenBerg; H. Bruntt; F. Grundahl; S. Frandsen; L. R. Bedin,Astronomy and Astrophysics,10.1051/0004-6361/201219196,,https://openalex.org/W2019295585,,,175,"Context. Models of stellar structure and evolution can be constrained by measuring accurate parameters of detached eclipsing binaries in open clusters. Multiple binary stars provide the means to determine helium abundances in these old stellar systems, and in turn, to improve estimates of their age."
10.1016/j.physrep.2023.12.002,0,False,1,O5,openalex,Complex systems approach to natural language,2023,Tomasz Stanisz; Stanisław Drożdż; Jarosław Kwapień,Physics Reports,10.1016/j.physrep.2023.12.002,,https://openalex.org/W4390102235,,,42,
10.1016/c2009-0-12846-5,0,False,1,O5,openalex,Computational Statistical Mechanics,1991,William G. Hoover; William Graham Hoover,Studies in modern thermodynamics,10.1016/c2009-0-12846-5,,https://openalex.org/W604393447,,,609,
10.1088/0004-6256/150/3/80,0,False,1,O5,openalex,STAR FORMATION ACROSS THE W3 COMPLEX,2015,Carlos G. Román-Zúñiga; Jason E. Ybarra; Guillermo D. Megías; Mauricio Tapia; Elizabeth A. Lada; Joáo F. Alves,The Astronomical Journal,10.1088/0004-6256/150/3/80,,https://openalex.org/W1664162445,,,32,"We present a multi-wavelength analysis of the history of star formation in the W3 complex. Using deep, near-infrared ground-based images combined with images obtained with Spitzer and Chandra observatories, we identified and classified young embedded sources. We identified the principal clusters in the complex and determined their structure and extension. We constructed extinction-limited samples for five principal clusters and constructed K -band luminosity functions that we compare with those of artificial clusters with varying ages. This analysis provided mean ages and possible age spreads for the clusters. We found that IC 1795, the centermost cluster of the complex, still hosts a large fraction of young sources with circumstellar disks. This indicates that star formation was active in IC 1795 as recently as 2 Myr ago, simultaneous to the star-forming activity in the flanking embedded clusters, W3-Main and W3(OH). A comparison with carbon monoxide emission maps indicates strong velocity gradients in the gas clumps hosting W3-Main and W3(OH) and shows small receding clumps of gas at IC 1795, suggestive of rapid gas removal (faster than the T Tauri timescale) in the cluster-forming regions. We discuss one possible scenario for the progression of cluster formation in the W3 complex. We propose that early processes of gas collapse in the main structure of the complex could have defined the progression of cluster formation across the complex with relatively small age differences from one group to another. However, triggering effects could act as catalysts for enhanced efficiency of formation at a local level, in agreement with previous studies."
10.1109/jsac.2015.2391531,0,False,1,O5,openalex,Energy Harvesting Wireless Communications: A Review of Recent Advances,2015,Sennur Ulukus; Aylin Yener; Elza Erkip; Osvaldo Simeone; Michele Zorzi; Pulkit Grover,IEEE Journal on Selected Areas in Communications,10.1109/jsac.2015.2391531,,https://openalex.org/W1969461599,,,801,"This paper summarizes recent contributions in the broad area of energy harvesting wireless communications. In particular, we provide the current state of the art for wireless networks composed of energy harvesting nodes, starting from the information-theoretic performance limits to transmission scheduling policies and resource allocation, medium access, and networking issues. The emerging related area of energy transfer for self-sustaining energy harvesting wireless networks is considered in detail covering both energy cooperation aspects and simultaneous energy and information transfer. Various potential models with energy harvesting nodes at different network scales are reviewed, as well as models for energy consumption at the nodes."
10.18452/16704,0,False,1,O5,openalex,Decomposition in multistage stochastic programming and a constraint integer programming approach to mixed-integer nonlinear programming,2013,Stefan Vigerske,edoc Publication server (Humboldt University of Berlin),10.18452/16704,,https://openalex.org/W2611709461,,,85,"Diese Arbeit leistet Beiträge zu zwei Gebieten der mathematischen Programmierung: stochastische Optimierung und gemischt-ganzzahlige nichtlineare Optimierung (MINLP). Im ersten Teil erweitern wir quantitative Stetigkeitsresultate für zweistufige stochastische gemischt-ganzzahlige lineare Programme auf Situationen in denen Unsicherheit gleichzeitig in den Kosten und der rechten Seite auftritt, geben eine ausführliche Übersicht zu Dekompositionsverfahren für zwei- und mehrstufige stochastische lineare und gemischt-ganzzahlig lineare Programme, und diskutieren Erweiterungen und Kombinationen des Nested Benders Dekompositionsverfahrens und des Nested Column Generationsverfahrens für mehrstufige stochastische lineare Programme die es erlauben die Vorteile sogenannter rekombinierender Szenariobäume auszunutzen. Als eine Anwendung dieses Verfahrens betrachten wir die optimale Zeit- und Investitionsplanung für ein regionales Energiesystem unter Einbeziehung von Windenergie und Energiespeichern. Im zweiten Teil geben wir eine ausführliche Übersicht zum Stand der Technik bzgl. Algorithmen und Lösern für MINLPs und zeigen dass einige dieser Algorithmen innerhalb des constraint integer programming Softwaresystems SCIP angewendet werden können. Letzteres erlaubt uns die Verwendung schon existierender Technologien für gemischt-ganzzahlige linear Programme und constraint Programme für den linearen und diskreten Teil des Problems. Folglich konzentrieren wir uns hauptsächlich auf die Behandlung der konvexen und nichtkonvexen nichtlinearen Nebenbedingungen mittels Variablenschrankenpropagierung, äußerer Approximation und Reformulierung. In einer ausführlichen numerischen Studie untersuchen wir die Leistung unseres Ansatzes anhand von Anwendungen aus der Tagebauplanung und des Aufbaus eines Wasserverteilungssystems und mittels verschiedener Vergleichstests. Die Ergebnisse zeigen, dass SCIP ein konkurrenzfähiger Löser für MINLPs geworden ist."
10.48550/arxiv.1808.01707,0,False,1,O5,openalex,New Viewpoint and Algorithms for Water-Filling Solutions in Wireless Communications,2018,Chengwen Xing; Yindi Jing; Shuai Wang; Shaodan Ma; H. Vincent Poor,arXiv (Cornell University),10.48550/arxiv.1808.01707,,https://openalex.org/W2886700932,,,8,"Water-filling solutions play an important role in the designs for wireless communications, e.g., transmit covariance matrix design. A traditional physical understanding is to use the analogy of pouring water over a pool with fluctuating bottom. Numerous variants of water-filling solutions have been discovered during the evolution of wireless networks. To obtain the solution values, iterative computations are required, even for simple cases with compact mathematical formulations. Thus, algorithm design is a key issue for the practical use of water-filling solutions, which however has been given marginal attention in the literature. Many existing algorithms are designed on a case-by-case basis for the variations of water-filling solutions and/or with complex logics. In this paper, a new viewpoint for water-filling solutions is proposed to understand the problem dynamically by considering changes in the increasing rates on different subchannels. This fresh viewpoint provides useful mechanism and fundamental information in finding the optimization solution values. Based on the new understanding, a novel and comprehensive method for practical water-filling algorithm design is proposed, which can be used for systems with various performance metrics and power constraints, even for systems with imperfect channel state information (CSI)."
10.1038/s41467-022-29973-3,0,False,1,O5,openalex,Inverse design enables large-scale high-performance meta-optics reshaping virtual reality,2022,Zhaoyi Li; Raphaël Pestourie; Joon‐Suh Park; Yao‐Wei Huang; Steven G. Johnson; Federico Capasso,Nature Communications,10.1038/s41467-022-29973-3,,https://openalex.org/W3152573847,,,281,"Abstract Meta-optics has achieved major breakthroughs in the past decade; however, conventional forward design faces challenges as functionality complexity and device size scale up. Inverse design aims at optimizing meta-optics design but has been currently limited by expensive brute-force numerical solvers to small devices, which are also difficult to realize experimentally. Here, we present a general inverse-design framework for aperiodic large-scale (20k × 20k λ 2 ) complex meta-optics in three dimensions, which alleviates computational cost for both simulation and optimization via a fast approximate solver and an adjoint method, respectively. Our framework naturally accounts for fabrication constraints via a surrogate model. In experiments, we demonstrate aberration-corrected metalenses working in the visible with high numerical aperture, poly-chromatic focusing, and large diameter up to the centimeter scale. Such large-scale meta-optics opens a new paradigm for applications, and we demonstrate its potential for future virtual-reality platforms by using a meta-eyepiece and a laser back-illuminated micro-Liquid Crystal Display."
10.1016/j.ejor.2007.01.057,0,False,1,O5,openalex,Application of general semi-infinite programming to lapidary cutting problems,2007,Anton Winterfeld,European Journal of Operational Research,10.1016/j.ejor.2007.01.057,,https://openalex.org/W2053353266,,,43,
10.1007/978-3-662-21637-8,0,False,1,O5,openalex,Aspiration Based Decision Support Systems,1989,Andrzej Lewandowski; Andrzej P. Wierzbicki,Lecture notes in economics and mathematical systems,10.1007/978-3-662-21637-8,,https://openalex.org/W2486180969,,,106,
10.1016/j.aiia.2020.09.002,0,False,1,O5,openalex,A review on computer vision systems in monitoring of poultry: A welfare perspective,2020,Cedric Okinda; Innocent Nyalala; Tchalla Korohou; Celestine Okinda; Jintao Wang; Tracy Achieng,Artificial Intelligence in Agriculture,10.1016/j.aiia.2020.09.002,,https://openalex.org/W3084142211,,,160,"Monitoring of poultry welfare-related bio-processes and bio-responses is vital in welfare assessment and management of welfare-related factors. With the current development in information technologies, computer vision has become a promising tool in the real-time automation of poultry monitoring systems due to its non-intrusive and non-invasive properties, and its ability to present a wide range of information. Hence, it can be applied to monitor several bio-processes and bio-responses. This review summarizes the current advances in poultry monitoring techniques based on computer vision systems, i.e., conventional machine learning-based and deep learning-based systems. A detailed presentation on the machine learning-based system was presented, i.e., pre-processing, segmentation, feature extraction, feature selection, and dimension reduction, and modeling. Similarly, deep learning approaches in poultry monitoring were also presented. Lastly, the challenges and possible solutions presented by researches in poultry monitoring, such as variable illumination conditions, occlusion problems, and lack of augmented and labeled poultry datasets, were discussed."
10.1088/0029-5515/54/5/054006,0,False,1,O5,openalex,Fast ignition with laser-driven proton and ion beams,2014,J. C. Fernández; B. J. Albright; F. N. Beg; Mark Foord; B. M. Hegelich; J. J. Honrubia,Nuclear Fusion,10.1088/0029-5515/54/5/054006,,https://openalex.org/W2010968819,,,164,"Fusion fast ignition (FI) initiated by a laser-driven particle beam promises a path to high-yield and high-gain for inertial fusion energy. FI can readily leverage the proven capability of inertial confinement fusion (ICF) drivers, such as the National Ignition Facility, to assemble DT fusion fuel at the relevant high densities. FI provides a truly alternate route to ignition, independent of the difficulties with achieving the ignition hot spot in conventional ICF. FI by laser-driven ion beams provides attractive alternatives that sidestep the present difficulties with laser-driven electron-beam FI, while leveraging the extensive recent progress in generating ion beams with high-power density on existing laser facilities. Whichever the ion species, the ignition requirements are similar: delivering a power density ≈10 22 W cm −3 (∼10 kJ in ≈20 ps within a volume of linear dimension ≈20 µ m), to the DT fuel compressed to ∼400 g cm −3 with areal density ∼2 g cm −2 . High-current, laser-driven beams of many ion species are promising candidates to deliver such high-power densities. The reason is that high energy, high-power laser drivers can deliver high-power fluxes that can efficiently make ion beams that are born neutralized in ∼fs–ps timescales, making them immune to the charge and current limits of conventional beams. In summary, we find that there are many possible paths to success with FI based on laser-driven ion beams. Although many ion species could be used for ignition, we concentrate here on either protons or C ions, which are technologically convenient species. We review the work to date on FI design studies with those species. We also review the tremendous recent progress in discovering, characterizing and developing many ion-acceleration mechanisms relevant to FI. We also summarize key recent technological advances and methods underwriting that progress. Based on the design studies and on the increased understanding of the physics of laser-driven ion accel"
10.3386/w24096,0,False,1,O5,openalex,Behavioral Inattention,2017,Xavier Gabaix,National Bureau of Economic Research,10.3386/w24096,,https://openalex.org/W4232011058,,,92,"Inattention is a central, unifying theme for much of behavioral economics.It permeates such disparate fields as microeconomics, macroeconomics, finance, public economics, and industrial organization.It enables us to think in a rather consistent way about behavioral biases, speculate about their origins, and trace out their implications for market outcomes.This survey first discusses the most basic models of attention, using a fairly unified framework.Then, it discusses the methods used to measure attention, which present a number of challenges on which a great deal of progress has been achieved, although much more work needs to be done.It then examines the various theories of attention, both behavioral and more Bayesian.It finally discusses some applications.For instance, inattention offers a way to write a behavioral version of basic microeconomics, as in consumer theory and Arrow-Debreu.A last section is devoted to open questions in the attention literature.This chapter is a pedagogical guide to the literature on attention.Derivations are self-contained."
computationalhapticsthesandpapersystemforsynthesizingtextureforaforcefeedbackdisplay,0,False,1,O5,openalex,Computational haptics: the sandpaper system for synthesizing texture for a force-feedback display,1995,Margaret Minsky; Nicholas Negroponte; Susan J. Lederman,DSpace@MIT (Massachusetts Institute of Technology),,,https://openalex.org/W1492906224,,,103,"Thesis (Ph. D.)--Massachusetts Institute of Technology, Program in Media Arts & Sciences, 1995."
10.1016/0898-1221(92)90135-5,0,False,1,O5,openalex,Semantic networks,1992,Fritz Lėhmann,Computers & Mathematics with Applications,10.1016/0898-1221(92)90135-5,,https://openalex.org/W4211084664,,,94,"A semantic network is a graph of the structure of meaning. This article introduces semantic network systems and their importance in Artificial Intelligence, followed by I. the early background; II. a summary of the basic ideas and issues including link types, frame systems, case relations, link valence, abstraction, inheritance hierarchies and logic extensions; and III. a survey of ‘world-structuring’ systems including ontologies, causal link models, continuous models, relevance, formal dictionaries, semantic primitives and intersecting inference hierarchies. Speed and practical implementation are briefly discussed. The conclusion argues for a synthesis of relational graph theory, graph-grammar theory and order theory based on semantic primitives and multiple intersecting inference hierarchies."
10.1111/jzs.12010,0,False,1,O5,openalex,Hidden diversity and cryptic speciation refute cosmopolitan distribution inCaprella penantis(Crustacea: Amphipoda: Caprellidae),2013,M. Pilar Cabezas; Patricia Cabezas; Annie Machordom; José M. Guerra‐García,Journal of Zoological Systematics & Evolutionary Research,10.1111/jzs.12010,,https://openalex.org/W2111061555,,,38,"Caprella penantis is considered a cosmopolitan species and one of the most challenging caprellids in taxonomic terms because of its remarkable intraspecific morphological variation. This study examined DNA sequences from mitochondrial (COI) and nuclear (18S) markers together with morphological data from 25 localities of C. penantis, and closely related species Caprella dilatata and Caprella andreae, all traditionally considered part of the old ‘acutifrons’ complex. The large genetic divergence and reciprocally allopatric distributions point to the existence of a species complex of at least four species, of which one is reported as a cryptic species. This study provides the first evidence of cryptic speciation in the family Caprellidae, and questions the validity of some traditional morphological characters used to delimit species in the genus Caprella. Our results are consistent with the idea that main factors were probably isolation by distance and ecological traits, promoting diversification in C. penantis. The strong genetic structure reported for this species in the Iberian Peninsula and Moroccan coasts also suggests restriction to dispersal as well as the presence of refugial areas. These results highlight the utility of the COI and 18S genes in combination with morphological characters for shedding light on systematic questions in caprellids, and patterns of genetic connectivity."
10.48550/arxiv.2211.16581,0,False,1,O5,openalex,Batching and Optimal Multi-stage Bipartite Allocations,2022,Yiding Feng; Rad Niazadeh,arXiv (Cornell University),10.48550/arxiv.2211.16581,,https://openalex.org/W4310556608,,,7,"In several applications of real-time matching of demand to supply in online marketplaces, the platform allows for some latency to batch the demand and improve the efficiency. Motivated by these applications, we study the optimal trade-off between batching and inefficiency under adversarial arrival. As our base model, we consider K-stage variants of the vertex weighted b-matching in the adversarial setting, where online vertices arrive stage-wise and in K batches -- in contrast to online arrival. Our main result for this problem is an optimal (1-(1-1/K)^K)- competitive (fractional) matching algorithm, improving the classic (1-1/e) competitive ratio bound known for its online variant (Mehta et al., 2007; Aggarwal et al., 2011). We also extend this result to the rich model of multi-stage configuration allocation with free-disposals (Devanur et al., 2016), which is motivated by the display advertising in video streaming platforms. Our main technique is developing tools to vary the trade-off between ""greedy-ness"" and ""hedging"" of the algorithm across stages. We rely on a particular family of convex-programming based matchings that distribute the demand in a specifically balanced way among supply in different stages, while carefully modifying the balancedness of the resulting matching across stages. More precisely, we identify a sequence of polynomials with decreasing degrees to be used as strictly concave regularizers of the maximum weight matching linear program to form these convex programs. At each stage, our algorithm returns the corresponding regularized optimal solution as the matching of this stage (by solving the convex program). Using structural properties of these convex programs and recursively connecting the regularizers together, we develop a new multi-stage primal-dual framework to analyze the competitive ratio. We further show this algorithm is optimally competitive."
10.17848/9781417505937.ch4,0,False,1,O5,openalex,Common Value Auctions and the Winner's Curse,2003,John H. Kagel,,10.17848/9781417505937.ch4,,https://openalex.org/W3040890560,,,34,
10.3386/w25358,0,False,1,O5,openalex,Intertemporal Choice,2018,Keith M. Marzilli Ericson; David Laibson,National Bureau of Economic Research,10.3386/w25358,,https://openalex.org/W4254185808,,,18,We are grateful to the volume
10.1111/2041-210x.70131,0,False,1,O5,openalex,Advancing causal inference in ecology: Pathways for biodiversity change detection and attribution,2025,Franziska Schrodt; Miriam Beck; Joaquim Estopinan; Diana E. Bowler; Colin Fontaine; Pierre Gaüzère,Methods in Ecology and Evolution,10.1111/2041-210x.70131,,https://openalex.org/W4413985217,,,29,"Abstract Understanding the causes of biodiversity change is essential for addressing environmental challenges. While causal attribution has advanced in other fields, ecologists remain cautious about causal claims or misinterpret predictive models as causal. With growing spatio‐temporal data, computational power and cross‐disciplinary collaboration, discussions on improving attribution methods in ecology are gaining momentum. However, practical guidance remains limited for non‐experts. Here, we identify the challenges and decisions involved in detecting and attributing biodiversity change and provide an overview of suitable methods based on available data and specific research questions. The first challenge we address pertains to biodiversity and driver data. Unlike controlled experimental data in other disciplines, ecological data often stem from monitoring programs or field samplings with varying degrees of rigour, which complicates the analysis due to sampling biases, interacting drivers, measurement error or spatio‐temporal variations. We specifically outline how data structure (e.g. structured vs. opportunistic data) and data coverage along the spatial and temporal scale impact detection and attribution. The second challenge involves the ability to detect directional change in the system of interest, which is associated with numerous hurdles. We provide an overview of the most relevant approaches to deal with sampling variability, gaps and biases in the data, non‐linearity in the temporal trends and to identify the most appropriate spatio‐temporal resolution. For the third challenge, causal attribution, we focus on data‐driven approaches. We review recent frameworks that draw on methodologies from other disciplines, offering analytical roadmaps and step‐by‐step guidance for causal inference. These include constructing theoretical causal models a priori, full causal models based on data and theory and posterior causal interpretation tailored to specific data and "
socialnetworksidentityandeconomicbehaviorempiricalevidencefromindia,0,False,1,O5,openalex,"Social Networks, Identity And Economic Behavior: Empirical Evidence From India",2010,Annemie Maertens,eCommons (Cornell University),,,https://openalex.org/W142180435,,,4,"We know from economic theory and the sociological literature that (nonproductive) identity and social networks matter to economic behavior. The dynamic and endogenous nature of social networks, identity and the economic decisions, as well as the absence of detailed panel data well suited to analyzing evolving social networks and identity, have made empirical analysis of the effects of social networks and identity a challenging task. As a result, the literature has been limited in its ability to empirically identify when and where social networks and identity matter to key economic behaviors. This dissertation aims at filling this void by providing a better understanding on how identity and social network affect educational investment in children and agricultural technology adoption, arguably two key behaviors that crucially affect the welfare trajectories of rural households in developing countries. In the first paper I look at the role of social networks in the adoption process of Bt cotton, a new type of cotton available on the Indian market since 2002. The results demonstrate the importance of knowledge about the profitability of a new technology in the adoption decision. This knowledge is established through experimentation, observing other farmers' past inputs and outputs and talking to informed parties such as company representatives and input dealers. In addition, I find strong evidence of farmers imitating successful farmers and of social pressures inhibiting the adoption process of this new technology. In the second paper I investigate the role of social customs and norms in educational aspirations. I find that the aspirations that parents have for their children are a complex function of wealth, time preferences, the perceived costs and returns to education, and the prevailing social norms, customs and pressures with regard to age of marriage and old age care. I do not find any evidence of social pressures directly related to the level of education. In the"
10.2172/15015945,0,False,1,O5,openalex,VISTA -- A Vehicle for Interplanetary Space Transport Application Powered by Inertial Confinement Fusion,2005,C. D. Orth,,10.2172/15015945,,https://openalex.org/W2025182139,,,38,"Inertial Confinement Fusion (ICF) is an ideal technology to power self-contained single-stage piloted (manned) spacecraft within the solar system because of its inherently high power/mass ratios and high specific impulses (i.e., high exhaust velocities). These technological advantages are retained when ICF is utilized with a magnetic thrust chamber, which avoids the plasma thermalization and resultant degradation of specific impulse that are unavoidable with the use of mechanical thrust chambers. We started with Rod Hyde's 1983 description of an ICF-powered engine concept using a magnetic thrust chamber, and conducted a more detailed systems study to develop a viable, realistic, and defensible spacecraft concept based on ICF technology projected to be available in the first half of the 21st century. The results include an entirely new conical spacecraft conceptual design utilizing near-existing radiator technology. We describe the various vehicle systems for this new concept, estimate the missions performance capabilities for general missions to the planets within the solar system, and describe in detail the performance for the baseline mission of a piloted roundtrip to Mars with a 100-ton payload. For this mission, we show that roundtrips totaling {ge}145 days are possible with advanced DT fusion technology and a total (wet) spacecraft mass of about 6000 metric tons. Such short-duration missions are advantageous to minimize the known cosmic-radiation hazards to astronauts, and are even more important to minimize the physiological deteriorations arising from zero gravity. These ICF-powered missions are considerably faster than those available using chemical or nuclear-electric-propulsion technologies with minimum-mass vehicle configurations. VISTA also offers onboard artificial gravity and propellant-based shielding from cosmic rays, thus reducing the known hazards and physiological deteriorations to insignificant levels. We emphasize, however, that the degree to wh"
terrainosaurusrealisticterrainsynthesisusinggeneticalgorithms,0,False,1,O5,openalex,Terrainosaurus: realistic terrain synthesis using genetic algorithms,2007,Ryan L. Saunders,OakTrust (Texas A&M University Libraries),,,https://openalex.org/W2280197385,,,13,"Synthetically generated terrain models are useful across a broad range of applications, including computer generated art & animation, virtual reality and gaming, and architecture. Existing algorithms for terrain generation suffer from a number of problems, especially that of being limited in the types of terrain that they can produce and of being difficult for the user to control. Typical applications of synthetic terrain have several factors in common: first, they require the generation of large regions of believable (though not necessarily physically correct) terrain features; and second, while real-time performance is often needed when visualizing the terrain, this is generally not the case when generating the terrain. In this thesis, I present a new, design-by-example method for synthesizing terrain height fields. In this approach, the user designs the layout of the terrain by sketching out simple regions using a CAD-style interface, and specifies the desired terrain characteristics of each region by providing example height fields displaying these characteristics (these height fields will typically come from real-world GIS data sources). A height field matching the user's design is generated at several levels of detail, using a genetic algorithm to blend together chunks of elevation data from the example height fields in a visually plausible manner. This method has the advantage of producing an unlimited diversity of reasonably realistic results, while"
waterfillingisuniversallyminimaxoptimal,0,False,1,O5,openalex,Water-Filling is Universally Minimax Optimal,2026,Siddhartha Banerjee; Ramiro N. Deo-Campo Vuong; Robert Kleinberg,arXiv (Cornell University),,,https://openalex.org/W7148177167,,,0,"Allocation of dynamically-arriving (i.e., online) divisible resources among a set of offline agents is a fundamental problem, with applications to online marketplaces, scheduling, portfolio selection, signal processing, and many other areas. The water-filling algorithm, which allocates an incoming resource to maximize the minimum load of compatible agents, is ubiquitous in many of these applications whenever the underlying objectives prefer more balanced solutions; however, the analysis and guarantees differ across settings. We provide a justification for the widespread use of water-filling by showing that it is a universally minimax optimal policy in a strong sense. Formally, our main result implies that water-filling is minimax optimal for a large class of objectives -- including both Schur-concave maximization and Schur-convex minimization -- under $α$-regret and competitive ratio measures. This optimality holds for every fixed tuple of agents and resource counts. Remarkably, water-filling achieves these guarantees as a myopic policy, remaining entirely agnostic to the objective function, agent count, and resource availability. Our techniques notably depart from the popular primal-dual analysis of online algorithms, and instead develop a novel way to apply the theory of majorization in online settings to achieve universality guarantees."
10.1186/1687-6180-2012-226,0,False,1,O5,openalex,Modeling and optimization of the line-driver power consumption in xDSL systems,2012,Martin Wolkerstorfer; Steffen Trautmann; Tomas Nordström; Bakti D Putra,EURASIP Journal on Advances in Signal Processing,10.1186/1687-6180-2012-226,,https://openalex.org/W2103954756,,,6,"Optimization of the power spectrum alleviates the crosstalk noise in digital subscriber lines (DSL) and thereby reduces their power consumption at present. In order to truly assess the DSL system power consumption, this article presents realistic line driver (LD) power consumption models. These are applicable to any DSL system and extend previous models by parameterizing various circuit-level non-idealities. Based on the model of a class-AB LD we analyze the multi-user power spectrum optimization problem and propose novel algorithms for its global or approximate solution. The thereby obtained simulation results support our claim that this problem can be simplified with negligible performance loss by neglecting the LD model. This motivates the usage of established spectral optimization algorithms, which are shown to significantly reduce the LD power consumption compared to static spectrum management."
10.1090/s0273-0979-06-01126-8,0,False,1,O5,openalex,Expander graphs and their applications,2006,Shlomo Hoory; Nathan Linial; Avi Wigderson,Bulletin of the American Mathematical Society,10.1090/s0273-0979-06-01126-8,,https://openalex.org/W2018047324,,,1794,"A major consideration we had in writing this survey was to make it accessible to mathematicians as well as computer scientists, since expander graphs, the protagonists of our story come up in numerous and often surprising contexts in both fields. A glossary of some basic terms and facts from computer science can be found at the end of this article. But, perhaps, we should start with a few words about graphs in general. They are, of course, one of the prime objects of study in Discrete Mathematics. However, graphs are among the most ubiquitous models of both natural and human-made structures. In the natural and social sciences they model relations among species, societies, companies, etc. In computer science, they represent networks of communication, data organization, computational devices as well as the flow of computation, and more. In Mathematics, Cayley graphs are useful in Group Theory. Graphs carry a natural metric and are therefore useful in Geometry, and though they are “just ” one-dimensional complexes they are useful in certain parts of Topology, e.g. Knot Theory. In statistical physics, graphs can represent local connections between interacting parts of a system, as well as the dynamics of a physical process on such systems. The study of these models calls, then, for the comprehension of the significant structural properties of the relevant graphs. But are there nontrivial structural properties which are universally important? The property of being an expander seems significant in many of these mathematical, computational and physical contexts. It is not surprising that expanders are useful in the design and analysis of communication networks. What is less obvious is that expanders"
10.1093/nar/30.7.1575,0,False,1,O5,openalex,An efficient algorithm for large-scale detection of protein families,2002,Anton J. Enright,Nucleic Acids Research,10.1093/nar/30.7.1575,,https://openalex.org/W2124166542,,,3826,"Detection of protein families in large databases is one of the principal research objectives in structural and functional genomics. Protein family classification can significantly contribute to the delineation of functional diversity of homologous proteins, the prediction of function based on domain architecture or the presence of sequence motifs as well as comparative genomics, providing valuable evolutionary insights. We present a novel approach called TRIBE-MCL for rapid and accurate clustering of protein sequences into families. The method relies on the Markov cluster (MCL) algorithm for the assignment of proteins into families based on precomputed sequence similarity information. This novel approach does not suffer from the problems that normally hinder other protein sequence clustering algorithms, such as the presence of multi-domain proteins, promiscuous domains and fragmented proteins. The method has been rigorously tested and validated on a number of very large databases, including SwissProt, InterPro, SCOP and the draft human genome. Our results indicate that the method is ideally suited to the rapid and accurate detection of protein families on a large scale. The method has been used to detect and categorise protein families within the draft human genome and the resulting families have been used to annotate a large proportion of human proteins."
10.1002/wcms.1493,0,False,1,O5,openalex,Extended tight‐binding quantum chemistry methods,2020,Christoph Bannwarth; Eike Caldeweyher; Sebastian Ehlert; Andreas Hansen; Philipp Pracht; Jakob Seibert,Wiley Interdisciplinary Reviews Computational Molecular Science,10.1002/wcms.1493,,https://openalex.org/W3048565185,,,1673,"Abstract This review covers a family of atomistic, mostly quantum chemistry (QC) based semiempirical methods for the fast and reasonably accurate description of large molecules in gas and condensed phase. The theory is derived from a density functional (DFT) perturbation expansion of the electron density in fluctuation terms to various orders similar to the original density functional tight binding model. The term “eXtended” in their name (xTB) emphasizes the parameter availability for almost the entire periodic table of elements ( Z ≤ 86) and improvements of the underlying theory regarding, for example, the atomic orbital basis set, the level of multipole approximation and the treatment of the important electrostatic and dispersion interactions. A common feature of most members is their consistent parameterization on accurate gas phase theoretical reference data for geometries, vibrational frequencies and noncovalent interactions, which are the primary properties of interest in typical applications to systems composed of up to a few thousand atoms. Further specialized versions were developed for the description of electronic spectra and corresponding response properties. Besides a provided common theoretical background with some important implementation details in the efficient and free xtb program, various benchmarks for structural and thermochemical properties including (transition‐)metal systems are discussed. The review is completed by recent extensions of the model to the force‐field (FF) level as well as its application to solids under periodic boundary conditions. The general applicability together with the excellent cost‐accuracy ratio and the high robustness make the xTB family of methods very attractive for various fields of computer‐aided chemical research. This article is categorized under: Electronic Structure Theory > Ab Initio Electronic Structure Methods Electronic Structure Theory > Semiempirical Electronic Structure Methods Software > Quantum Chem"
10.1145/2517349.2522739,0,False,1,O5,openalex,A lightweight infrastructure for graph analytics,2013,Donald Nguyen; Andrew Lenharth; Keshav Pingali,,10.1145/2517349.2522739,,https://openalex.org/W2034102265,,,594,"Several domain-specific languages (DSLs) for parallel graph analytics have been proposed recently. In this paper, we argue that existing DSLs can be implemented on top of a general-purpose infrastructure that (i) supports very fine-grain tasks, (ii) implements autonomous, speculative execution of these tasks, and (iii) allows application-specific control of task scheduling policies. To support this claim, we describe such an implementation called the Galois system."
10.1890/es12-00048.1,0,False,1,O5,openalex,Guidelines for a graph‐theoretic implementation of structural equation modeling,2012,James B. Grace; Donald R. Schoolmaster; Glenn R. Guntenspergen; Amanda Little; B. R. Mitchell; Kathryn M. Miller,Ecosphere,10.1890/es12-00048.1,,https://openalex.org/W1990231300,,,605,"Structural equation modeling (SEM) is increasingly being chosen by researchers as a framework for gaining scientific insights from the quantitative analyses of data. New ideas and methods emerging from the study of causality, influences from the field of graphical modeling, and advances in statistics are expanding the rigor, capability, and even purpose of SEM. Guidelines for implementing the expanded capabilities of SEM are currently lacking. In this paper we describe new developments in SEM that we believe constitute a third‐generation of the methodology. Most characteristic of this new approach is the generalization of the structural equation model as a causal graph. In this generalization, analyses are based on graph theoretic principles rather than analyses of matrices. Also, new devices such as metamodels and causal diagrams, as well as an increased emphasis on queries and probabilistic reasoning, are now included. Estimation under a graph theory framework permits the use of Bayesian or likelihood methods. The guidelines presented start from a declaration of the goals of the analysis. We then discuss how theory frames the modeling process, requirements for causal interpretation, model specification choices, selection of estimation method, model evaluation options, and use of queries, both to summarize retrospective results and for prospective analyses. The illustrative example presented involves monitoring data from wetlands on Mount Desert Island, home of Acadia National Park. Our presentation walks through the decision process involved in developing and evaluating models, as well as drawing inferences from the resulting prediction equations. In addition to evaluating hypotheses about the connections between human activities and biotic responses, we illustrate how the structural equation (SE) model can be queried to understand how interventions might take advantage of an environmental threshold to limit Typha invasions. The guidelines presented provide for an"
10.1093/bib/bbab159,0,False,1,O5,openalex,Utilizing graph machine learning within drug discovery and development,2021,Thomas Gaudelet; Ben Day; Arian R. Jamasb; Jyothish Soman; Cristian Regep; Gertrude Liu,Briefings in Bioinformatics,10.1093/bib/bbab159,,https://openalex.org/W3160021293,,,312,"Graph machine learning (GML) is receiving growing interest within the pharmaceutical and biotechnology industries for its ability to model biomolecular structures, the functional relationships between them, and integrate multi-omic datasets - amongst other data types. Herein, we present a multidisciplinary academic-industrial review of the topic within the context of drug discovery and development. After introducing key terms and modelling approaches, we move chronologically through the drug development pipeline to identify and summarize work incorporating: target identification, design of small molecules and biologics, and drug repurposing. Whilst the field is still emerging, key milestones including repurposed drugs entering in vivo studies, suggest GML will become a modelling framework of choice within biomedical machine learning."
10.1613/jair.301,0,False,1,O5,openalex,Reinforcement Learning: A Survey,1996,Leslie Pack Kaelbling; Michael L. Littman; Andrew Moore,Journal of Artificial Intelligence Research,10.1613/jair.301,,https://openalex.org/W2107726111,,,8947,"This paper surveys the field of reinforcement learning from a computer-science perspective. It is written to be accessible to researchers familiar with machine learning. Both the historical basis of the field and a broad selection of current work are summarized. Reinforcement learning is the problem faced by an agent that learns behavior through trial-and-error interactions with a dynamic environment. The work described here has a resemblance to work in psychology, but differs considerably in the details and in the use of the word ``reinforcement.'' The paper discusses central issues of reinforcement learning, including trading off exploration and exploitation, establishing the foundations of the field via Markov decision theory, learning from delayed reinforcement, constructing empirical models to accelerate learning, making use of generalization and hierarchy, and coping with hidden state. It concludes with a survey of some implemented systems and an assessment of the practical utility of current methods for reinforcement learning."
10.1093/nar/gku616,0,False,1,O5,openalex,"Inducible, tightly regulated and growth condition-independent transcription factor in Saccharomyces cerevisiae",2014,Diana S. M. Ottoz; Fabian Rudolf; Joerg Stelling,Nucleic Acids Research,10.1093/nar/gku616,,https://openalex.org/W2122139514,,,191,"The precise control of gene expression is essential in basic biological research as well as in biotechnological applications. Most regulated systems available in yeast enable only the overexpression of the target gene, excluding the possibility of intermediate or weak expression. Moreover, these systems are frequently toxic or depend on growth conditions. We constructed a heterologous transcription factor that overcomes these limitations. Our system is a fusion of the bacterial LexA DNA-binding protein, the human estrogen receptor (ER) and an activation domain (AD). The activity of this chimera, called LexA-ER-AD, is tightly regulated by the hormone β-estradiol. The selection of the AD proved to be crucial to avoid toxic effects and to define the range of activity that can be precisely tuned with β-estradiol. As our system is based on a heterologous DNA-binding domain, induction in different metabolic contexts is possible. Additionally, by controlling the number of LexA-binding sites in the target promoter, one can scale the expression levels up or down. Overall, our LexA-ER-AD system is a valuable tool to precisely control gene expression in different experimental contexts without toxic side effects."
10.1016/s0004-3702(98)00023-x,0,False,1,O5,openalex,Planning and acting in partially observable stochastic domains,1998,Leslie Pack Kaelbling; Michael L. Littman; Anthony R. Cassandra,Artificial Intelligence,10.1016/s0004-3702(98)00023-x,,https://openalex.org/W2168359464,,,4193,
10.1109/msp.2014.2377273,0,False,1,O5,openalex,Playing with Duality: An overview of recent primal?dual approaches for solving large-scale optimization problems,2015,Nikos Komodakis; Jean‐Christophe Pesquet,IEEE Signal Processing Magazine,10.1109/msp.2014.2377273,,https://openalex.org/W1922442141,,,423,"Optimization methods are at the core of many problems in signal/image processing, computer vision, and machine learning. For a long time, it has been recognized that looking at the dual of an optimization problem may drastically simplify its solution. However, deriving efficient strategies that jointly bring into play the primal and dual problems is a more recent idea that has generated many important new contributions in recent years. These novel developments are grounded in the recent advances in convex analysis, discrete optimization, parallel processing, and nonsmooth optimization with an emphasis on sparsity issues. In this article, we aim to present the principles of primal-dual approaches while providing an overview of the numerical methods that have been proposed in different contexts. Last but not least, primal-dual methods lead to algorithms that are easily parallelizable. Today, such parallel algorithms are becoming increasingly important for efficiently handling high-dimensional problems."
10.48550/arxiv.1607.00653,0,False,1,O5,openalex,node2vec: Scalable Feature Learning for Networks,2016,Aditya Grover; Jure Leskovec,PubMed,10.48550/arxiv.1607.00653,,https://openalex.org/W2366141641,,,229,"over existing state-of-the-art techniques on multi-label classification and link prediction in several real-world networks from diverse domains. Taken together, our work represents a new way for efficiently learning state-of-the-art task-independent representations in complex networks."
10.1038/s41524-023-01034-3,0,False,1,O5,openalex,Polymer graph neural networks for multitask property learning,2023,Owen Queen; Gavin A. McCarver; Saitheeraj Thatigotla; Brendan P. Abolins; Cameron L. Brown; Vasileios Maroulas,npj Computational Materials,10.1038/s41524-023-01034-3,,https://openalex.org/W4381542525,,,104,"Abstract The prediction of a variety of polymer properties from their monomer composition has been a challenge for material informatics, and their development can lead to a more effective exploration of the material space. In this work, PolymerGNN , a multitask machine learning architecture that relies on polymeric features and graph neural networks has been developed towards this goal. PolymerGNN provides accurate estimates for polymer properties based on a database of complex and heterogeneous polyesters (linear/branched, homopolymers/copolymers) with experimentally refined properties. In PolymerGNN , each polyester is represented as a set of monomer units, which are introduced as molecular graphs. A virtual screening of a large, computationally generated database with materials of variable composition was performed, a task that demonstrates the applicability of the PolymerGNN on future studies that target the exploration of the polymer space. Finally, a discussion on the explainability of the models is provided."
thetheoryandpracticeofconcurrency,0,False,1,O5,openalex,The Theory and Practice of Concurrency,1997,A. W. Roscoe,International Linear Collider,,,https://openalex.org/W2129384397,,,1651,"From the Publisher:
Since the introduction of Hoares' Communicating Sequential Processes notation, powerful new tools have transformed CSP into a practical way of describing industrial-sized problems. This book gives you the fundamental grasp of CSP concepts you'll need to take advantage of those tools.Part I provides a detailed foundation for working with CSP, using as little mathematics as possible. It introduces the ideas behind operational, denotational and algebraic models of CSP. Parts II and III go into greater detail about theory and practice. Topics include: parallel operators, hiding and renaming, piping and enslavement, buffers and communication, termination and sequencing, and semantic theory. Three detailed practical case studies are also presented.For anyone interested in modeling sequential processes."
10.1145/2366231.2337217,0,False,1,O5,openalex,Scale-out processors,2012,Pejman Lotfi-Kamran; Boris Grot; Michael Ferdman; Stavros Volos; Onur Kocberber; Javier Picorel,ACM SIGARCH Computer Architecture News,10.1145/2366231.2337217,,https://openalex.org/W2135232880,,,132,"Scale-out datacenters mandate high per-server throughput to get the maximum benefit from the large TCO investment. Emerging applications (e.g., data serving and web search) that run in these datacenters operate on vast datasets that are not accommodated by on-die caches of existing server chips. Large caches reduce the die area available for cores and lower performance through long access latency when instructions are fetched. Performance on scale-out workloads is maximized through a modestly-sized last-level cache that captures the instruction footprint at the lowest possible access latency. In this work, we introduce a methodology for designing scalable and efficient scale-out server processors. Based on a metric of performance-density, we facilitate the design of optimal multi-core configurations, called pods. Each pod is a complete server that tightly couples a number of cores to a small last-level cache using a fast interconnect. Replicating the pod to fill the die area yields processors which have optimal performance density, leading to maximum per-chip throughput. Moreover, as each pod is a stand-alone server, scale-out processors avoid the expense of global (i.e., inter-pod) interconnect and coherence. These features synergistically maximize throughput, lower design complexity, and improve technology scalability. In 20nm technology, scale-out chips improve throughput by 5x-6.5x over conventional and by 1.6x-1.9x over emerging tiled organizations."
10.1109/sp.2015.9,0,False,1,O5,openalex,CHERI: A Hybrid Capability-System Architecture for Scalable Software Compartmentalization,2015,Robert N. M. Watson; Jonathan Woodruff; Peter G. Neumann; Simon W. Moore; Jonathan Anderson; David Chisnall,,10.1109/sp.2015.9,,https://openalex.org/W1904738922,,,270,"CHERI extends a conventional RISC Instruction-Set Architecture, compiler, and operating system to support fine-grained, capability-based memory protection to mitigate memory-related vulnerabilities in C-language TCBs. We describe how CHERI capabilities can also underpin a hardware-software object-capability model for application compartmentalization that can mitigate broader classes of attack. Prototyped as an extension to the open-source 64-bit BERI RISC FPGA soft-core processor, Free BSD operating system, and LLVM compiler, we demonstrate multiple orders-of-magnitude improvement in scalability, simplified programmability, and resulting tangible security benefits as compared to compartmentalization based on pure Memory-Management Unit (MMU) designs. We evaluate incrementally deployable CHERI-based compartmentalization using several real-world UNIX libraries and applications."
10.1613/jair.1327,0,False,1,O5,openalex,Grounded Semantic Composition for Visual Scenes,2004,Peter Gorniak; Deb Roy,Journal of Artificial Intelligence Research,10.1613/jair.1327,,https://openalex.org/W2111807093,,,154,"We present a visually-grounded language understanding model based on a study of how people verbally describe objects in scenes. The emphasis of the model is on the combination of individual word meanings to produce meanings for complex referring expressions. The model has been implemented, and it is able to understand a broad range of spatial referring expressions. We describe our implementation of word level visually-grounded semantics and their embedding in a compositional parsing framework. The implemented system selects the correct referents in response to natural language expressions for a large percentage of test cases. In an analysis of the system's successes and failures we reveal how visual context influences the semantics of utterances and propose future extensions to the model that take such context into account."
10.1093/nsr/nwad128,0,False,1,O5,openalex,MAGUS: machine learning and graph theory assisted universal structure searcher,2023,Junjie Wang; Hao Gao; Yu Han; Chi Ding; Shuning Pan; Yong Wang,National Science Review,10.1093/nsr/nwad128,,https://openalex.org/W4381158108,,,135,"Crystal structure predictions based on first-principles calculations have gained great success in materials science and solid state physics. However, the remaining challenges still limit their applications in systems with a large number of atoms, especially the complexity of conformational space and the cost of local optimizations for big systems. Here, we introduce a crystal structure prediction method, MAGUS, based on the evolutionary algorithm, which addresses the above challenges with machine learning and graph theory. Techniques used in the program are summarized in detail and benchmark tests are provided. With intensive tests, we demonstrate that on-the-fly machine-learning potentials can be used to significantly reduce the number of expensive first-principles calculations, and the crystal decomposition based on graph theory can efficiently decrease the required configurations in order to find the target structures. We also summarized the representative applications of this method on several research topics, including unexpected compounds in the interior of planets and their exotic states at high pressure and high temperature (superionic, plastic, partially diffusive state, etc.); new functional materials (superhard, high-energy-density, superconducting, photoelectric materials), etc. These successful applications demonstrated that MAGUS code can help to accelerate the discovery of interesting materials and phenomena, as well as the significant value of crystal structure predictions in general."
10.1016/s0024-3795(99)00134-2,0,False,1,O5,openalex,Computing the singular value decomposition with high relative accuracy,1999,James Demmel; Ming Gu; Stanley C. Eisenstat; Ivan Slapničar; Krešimir Veselić; Zlatko Drmač,Linear Algebra and its Applications,10.1016/s0024-3795(99)00134-2,,https://openalex.org/W2054260755,,,211,
10.1146/annurev-control-061520-010504,0,False,1,O5,openalex,Factor Graphs: Exploiting Structure in Robotics,2021,Frank Dellaert,Annual Review of Control Robotics and Autonomous Systems,10.1146/annurev-control-061520-010504,,https://openalex.org/W3118408399,,,92,"Many estimation, planning, and optimal control problems in robotics have an optimization problem at their core. In most of these optimization problems, the objective to be maximized or minimized is composed of many different factors or terms that are local in nature—that is, they depend only on a small subset of the variables. A particularly insightful way of modeling this locality structure is to use the concept of factor graphs, a bipartite graphical model in which factors represent functions on subsets of variables. Factor graphs can represent a wide variety of problems across robotics, expose opportunities to improve computational performance, and are beneficial in designing and thinking about how to model a problem, even aside from performance considerations. I discuss each of these three aspects in detail and review several state-of-the-art robotics applications in which factor graphs have been used with great success."
10.1016/j.nonrwa.2023.104021,0,False,1,O6,openalex,Projected solutions of generalized quasivariational problems in Banach spaces,2023,Marco Castellani; Massimiliano Giuli; Monica Milasi; Domenico Scopelliti,Nonlinear Analysis Real World Applications,10.1016/j.nonrwa.2023.104021,,https://openalex.org/W4388310293,,,8,"This paper focuses on the analysis of generalized quasivariational inequalities with non-self map. In Aussel et al., (2016), introduced the concept of the projected solution to study such problems. Subsequently, in the literature, this concept has attracted great attention and has been developed from different perspectives. The main contribution of this paper is to prove new existence results of the projected solution for generalized quasivariational inequality problems with non-self map in suitable infinite dimensional spaces. As an application, a quasiconvex quasioptimization problem is studied through a normal cone approach."
verifiableblindprobabilisticerrorcancellation,0,False,1,O6,openalex,Verifiable blind probabilistic error cancellation,2026,Bo Yang; Elham Kashefi; Harold Ollivier,arXiv (Cornell University),,,https://openalex.org/W7171902571,,,0,"Quantum error mitigation (QEM) is an essential tool for mitigating hardware noise without incurring space overhead. Yet, its reliability depends on modeling, calibration, and implementation, leaving end-to-end security on untrusted quantum hardware unresolved. We address this problem by introducing verifiable blind probabilistic error cancellation (VBPEC), the first secure verification protocol against a fully malicious adversary that integrates QEM. VBPEC brings probabilistic error cancellation (PEC), a widely studied QEM technique, within the scope of composable security by formalizing delegated mitigation as a cryptographic resource in the abstract cryptography framework. The protocol performs PEC with perfect blindness and an exponentially small security error. VBPEC retains the absence of quantum-space overhead from recent statistically-secure verified quantum computation protocols and from PEC. The only overhead takes the form of additional repetitions due to the QEM procedure. To achieve this, we extend trap-based verification from deterministic pass/fail checks to statistical tests that benefit from QEM and develop a new proof technique that integrates the corresponding additional deviation sources. Rather than merely tolerating honest noise below a fixed threshold, VBPEC actively cancels it, enabling correctly mitigated estimates to be accepted with high probability without compromising security. Our framework thus establishes an essential route towards secure, reliable, and practical delegated quantum computation on near-future quantum hardware: VBPEC fundamentally improves the practicality of verification."
10.1007/s00778-017-0480-7,0,False,1,O6,openalex,"Query optimization through the looking glass, and what we found running the Join Order Benchmark",2017,Viktor Leis; Bernhard Radke; Andrey Gubichev; Atanas Mirchev; Peter Boncz; Alfons Kemper,The VLDB Journal,10.1007/s00778-017-0480-7,,https://openalex.org/W2755385361,,,150,
10.1613/jair.1.11228,0,False,1,O6,openalex,A Review of Inference Algorithms for Hybrid Bayesian Networks,2018,Antonio Salmerón; Rafael Rumí; Helge Langseth; Thomas D. Nielsen; Anders L. Madsen,Journal of Artificial Intelligence Research,10.1613/jair.1.11228,,https://openalex.org/W2891574113,,,58,"Hybrid Bayesian networks have received an increasing attention during the last years. The difference with respect to standard Bayesian networks is that they can host discrete and continuous variables simultaneously, which extends the applicability of the Bayesian network framework in general. However, this extra feature also comes at a cost: inference in these types of models is computationally more challenging and the underlying models and updating procedures may not even support closed-form solutions. In this paper we provide an overview of the main trends and principled approaches for performing inference in hybrid Bayesian networks. The methods covered in the paper are organized and discussed according to their methodological basis. We consider how the methods have been extended and adapted to also include (hybrid) dynamic Bayesian networks, and we end with an overview of established software systems supporting inference in these types of models."
10.1145/296854.277632,0,False,1,O6,openalex,Inverted files versus signature files for text indexing,1998,Justin Zobel; Alistair Moffat; Kotagiri Ramamohanarao,ACM Transactions on Database Systems,10.1145/296854.277632,,https://openalex.org/W2163652601,,,338,"Two well-known indexing methods are inverted files and signature files. We have undertaken a detailed comparison of these two approaches in the context of text indexing, paying particular attention to query evaluation speed and space requirements. We have examined their relative performance using both experimentation and a refined approach to modeling of signature files, and demonstrate that inverted files are distinctly superior to signature files. Not only can inverted files be used to evaluate typical queries in less time than can signature files, but inverted files require less space and provide greater functionality. Our results also show that a synthetic text database can provide a realistic indication of the behavior of an actual text database. The tools used to generate the synthetic database have been made publicly available"
10.1145/2785956.2787472,0,False,1,O6,openalex,Inside the Social Network's (Datacenter) Network,2015,Arjun Roy; Hongyi Zeng; Jasmeet Bagga; George Porter; Alex C. Snoeren,,10.1145/2785956.2787472,,https://openalex.org/W1988150362,,,855,"Large cloud service providers have invested in increasingly larger datacenters to house the computing infrastructure required to support their services. Accordingly, researchers and industry practitioners alike have focused a great deal of effort designing network fabrics to efficiently interconnect and manage the traffic within these datacenters in performant yet efficient fashions. Unfortunately, datacenter operators are generally reticent to share the actual requirements of their applications, making it challenging to evaluate the practicality of any particular design."
10.1371/journal.pcbi.1000069,0,False,1,O6,openalex,A Probabilistic Model of Local Sequence Alignment That Simplifies Statistical Significance Estimation,2008,Sean R. Eddy,PLoS Computational Biology,10.1371/journal.pcbi.1000069,,https://openalex.org/W1996112765,,,364,"Sequence database searches require accurate estimation of the statistical significance of scores. Optimal local sequence alignment scores follow Gumbel distributions, but determining an important parameter of the distribution (lambda) requires time-consuming computational simulation. Moreover, optimal alignment scores are less powerful than probabilistic scores that integrate over alignment uncertainty (""Forward"" scores), but the expected distribution of Forward scores remains unknown. Here, I conjecture that both expected score distributions have simple, predictable forms when full probabilistic modeling methods are used. For a probabilistic model of local sequence alignment, optimal alignment bit scores (""Viterbi"" scores) are Gumbel-distributed with constant lambda = log 2, and the high scoring tail of Forward scores is exponential with the same constant lambda. Simulation studies support these conjectures over a wide range of profile/sequence comparisons, using 9,318 profile-hidden Markov models from the Pfam database. This enables efficient and accurate determination of expectation values (E-values) for both Viterbi and Forward scores for probabilistic local alignments."
10.1145/2788396,0,False,1,O6,openalex,A Survey of CPU-GPU Heterogeneous Computing Techniques,2015,Sparsh Mittal; Jeffrey S. Vetter,ACM Computing Surveys,10.1145/2788396,,https://openalex.org/W1864199185,,,539,"As both CPUs and GPUs become employed in a wide range of applications, it has been acknowledged that both of these Processing Units (PUs) have their unique features and strengths and hence, CPU-GPU collaboration is inevitable to achieve high-performance computing. This has motivated a significant amount of research on heterogeneous computing techniques, along with the design of CPU-GPU fused chips and petascale heterogeneous supercomputers. In this article, we survey Heterogeneous Computing Techniques (HCTs) such as workload partitioning that enable utilizing both CPUs and GPUs to improve performance and/or energy efficiency. We review heterogeneous computing approaches at runtime, algorithm, programming, compiler, and application levels. Further, we review both discrete and fused CPU-GPU systems and discuss benchmark suites designed for evaluating Heterogeneous Computing Systems (HCSs). We believe that this article will provide insights into the workings and scope of applications of HCTs to researchers and motivate them to further harness the computational powers of CPUs and GPUs to achieve the goal of exascale performance."
10.1007/11426639_9,0,False,1,O6,openalex,Secure Remote Authentication Using Biometric Data,2005,Xavier Boyen; Yevgeniy Dodis; Jonathan Katz; Rafail Ostrovsky; Adam Smith,Lecture notes in computer science,10.1007/11426639_9,,https://openalex.org/W2134754504,,,259,
10.1021/acs.chemrev.1c00838,0,False,1,O6,openalex,"Review of Multifunctional Separators: Stabilizing the Cathode and the Anode for Alkali (Li, Na, and K) Metal–Sulfur and Selenium Batteries",2022,Hongchang Hao; Tanya Hutter; Brad Boyce; John Watt; Pengcheng Liu; David Mitlin,Chemical Reviews,10.1021/acs.chemrev.1c00838,,https://openalex.org/W4220815223,,,308,"Alkali metal batteries based on lithium, sodium, and potassium anodes and sulfur-based cathodes are regarded as key for next-generation energy storage due to their high theoretical energy and potential cost effectiveness. However, metal–sulfur batteries remain challenged by several factors, including polysulfides’ (PSs) dissolution, sluggish sulfur redox kinetics at the cathode, and metallic dendrite growth at the anode. Functional separators and interlayers are an innovative approach to remedying these drawbacks. Here we critically review the state-of-the-art in separators/interlayers for cathode and anode protection, covering the Li–S and the emerging Na–S and K–S systems. The approaches for improving electrochemical performance may be categorized as one or a combination of the following: Immobilization of polysulfides (cathode); catalyzing sulfur redox kinetics (cathode); introduction of protective layers to serve as an artificial solid electrolyte interphase (SEI) (anode); and combined improvement in electrolyte wetting and homogenization of ion flux (anode and cathode). It is demonstrated that while the advances in Li–S are relatively mature, less progress has been made with Na–S and K–S due to the more challenging redox chemistry at the cathode and increased electrochemical instability at the anode. Throughout these sections there is a complementary discussion of functional separators for emerging alkali metal systems based on metal–selenium and the metal–selenium sulfide. The focus then shifts to interlayers and artificial SEI/cathode electrolyte interphase (CEI) layers employed to stabilize solid-state electrolytes (SSEs) in metal–sulfur solid-state batteries (SSBs). The discussion of SSEs focuses on inorganic electrolytes based on Li- and Na-based oxides and sulfides but also touches on some hybrid systems with an inorganic matrix and a minority polymer phase. The review then moves to practical considerations for functional separators, including scaleup iss"
10.4086/toc.2013.v009a004,0,False,1,O6,openalex,,2013,Scott Aaronson; A. A. Архипов,Theory of Computing,10.4086/toc.2013.v009a004,,https://openalex.org/W2611715903,,,480,"We give new evidence that quantum computers—moreover, rudimentary quantum computers built entirely out of linear-optical elements—cannot be efficiently simulated by classical computers. In particular, we define a model of computation in which identical photons are generated, sent through a linear-optical network, then nonadaptively measured to count the number of photons in each mode. This model is not known or believed to be universal for quantum computation, and indeed, we discuss the prospects for realizing the model using current technology. On the other hand, we prove that the model is able to solve sampling problems and search problems that are classically intractable under plausible assumptions. Our first result says that, if there exists a polynomial-time classical algorithm that samples from the same probability distribution as a linear-optical network, then ${\mathsf P}^{\mathsf{\#P}}=\mathsf{BPP}^{\mathsf{NP}}$, and hence the polynomial hierarchy collapses to the third level. Unfortunately, this result assumes an extremely accurate simulation. Our main result suggests that even an approximate or noisy classical simulation would already imply a collapse of the polynomial hierarchy. For this, we need two unproven conjectures: the Permanent-of-Gaussians Conjecture, which says that it is $\mathsf{\#P}$-hard to approximate the permanent of a matrix $A$ of independent $\mathcal{N}\left( 0,1\right)$ Gaussian entries, with high probability over $A$; and the Permanent Anti-Concentration Conjecture, which says that $\left\vert \operatorname*{Per}\left( A\right) \right\vert \geq\sqrt{n!}/\operatorname*{poly}\left( n\right)$ with high probability over $A$. We present evidence for these conjectures, both of which seem interesting even apart from our application. This paper does not assume knowledge of quantum optics. Indeed, part of its goal is to develop the beautiful theory of noninteracting bosons underlying our model, and its connection to the permanent function, "
10.1016/j.techfore.2018.04.032,0,False,1,O6,openalex,A bibliometric review of the innovation adoption literature,2018,Johannes A.W.H. van Oorschot; Erwin Hofman; Johannes I.M. Halman,Technological Forecasting and Social Change,10.1016/j.techfore.2018.04.032,,https://openalex.org/W2999375953,,,275,
10.1145/319806.319814,0,False,1,O6,openalex,Client-server computing in mobile environments,1999,Jing Jin; Sumi Helal; Ahmed K. Elmagarmid,ACM Computing Surveys,10.1145/319806.319814,,https://openalex.org/W2124221655,,,302,"Recent advances in wireless data networking and portable information appliances have engendered a new paradigm of computing, called mobile computing , in which users carrying portable devices have access to data and information services regardless of their physical location or movement behavior. In the meantime, research addressing information access in mobile environments has proliferated. In this survey, we provide a concrete framework and categorization of the various ways of supporting mobile client-server computing for information access. We examine characteristics of mobility that distinguish mobile client-server computing from its traditional counterpart. We provide a comprehensive analysis of new paradigms and enabler concepts for mobile client-server computing, including mobile-aware adaptation, extended client-server model, and mobile data access. A comparative and detailed review of major research prototypes for mobile information access is also presented."
10.36001/phmconf.2011.v3i1.2070,0,False,1,O6,openalex,Integrating Probabilistic Reasoning and Statistical Quality Control Techniques for Fault Diagnosis in Hybrid Domains,2011,Brian Ricks; Craig Harrison; Ole J. Mengshoel,Annual Conference of the PHM Society,10.36001/phmconf.2011.v3i1.2070,,https://openalex.org/W110958590,,,4,"Bayesian networks, which may be compiled to arithmetic circuits in the interest of speed and predictability, provide a probabilistic method for system fault diagnosis. Currently, there is a limitation in arithmetic circuits in that they can only represent discrete random variables, while important fault types such as drift and offset faults are continuous and induce continuous sensor data. In this paper, we investigate how to handle continuous behavior while using discrete random variables with a small number of states. Central in our approach is the novel integration of a method from statistical quality control, known as cumulative sum (CUSUM), with probabilistic reasoning using static arithmetic circuits compiled from static Bayesian networks. Experimentally, an arithmetic circuit model of the ADAPT Electrical Power System (EPS), a real- world EPS located at the NASA Ames Research Center, is considered. We report on the validation of this approach using PRODIAGNOSE, which had the best performance in three of four industrial track competitions at the International Workshop on Principles of Diagnosis in 2009 and 2010 (DXC-09 and DXC-10). We demonstrate that PRODIAGNOSE, augmented with the CUSUM technique, is successful in diagnosing faults that are small in magnitude (offset faults) or drift linearly from a nominal state (drift faults). In one of these experiments, detection accuracy dramatically improved when CUSUM was used, jumping from 46.15% (CUSUM disabled) to 92.31% (CUSUM enabled)."
10.1145/1103900.1103907,0,False,1,O6,openalex,Point-based computer graphics,2004,Marc Alexa; Markus Groß; Mark V. Pauly; Hanspeter Pfister; Marc Stamminger; Matthias Zwicker,,10.1145/1103900.1103907,,https://openalex.org/W2071224029,,,91,"This course introduces points as a powerful and versatile graphics primitive. Speakers present their latest concepts for the acquisition, representation, modeling, processing, and rendering of point sampled geometry along with applications and research directions. We describe algorithms and discuss current problems and limitations, covering important aspects of point based graphics."
10.1145/3605776,0,False,1,O6,openalex,A Survey on Hypergraph Representation Learning,2023,Alessia Antelmi; Gennaro Cordasco; Mirko Polato; Vittorio Scarano; Carmine Spagnuolo; Dingqi Yang,ACM Computing Surveys,10.1145/3605776,,https://openalex.org/W4381613464,,,218,"Hypergraphs have attracted increasing attention in recent years thanks to their flexibility in naturally modeling a broad range of systems where high-order relationships exist among their interacting parts. This survey reviews the newly born hypergraph representation learning problem, whose goal is to learn a function to project objects—most commonly nodes—of an input hyper-network into a latent space such that both the structural and relational properties of the network can be encoded and preserved. We provide a thorough overview of existing literature and offer a new taxonomy of hypergraph embedding methods by identifying three main families of techniques, i.e., spectral, proximity-preserving, and (deep) neural networks. For each family, we describe its characteristics and our insights in a single yet flexible framework and then discuss the peculiarities of individual methods, as well as their pros and cons. We then review the main tasks, datasets, and settings in which hypergraph embeddings are typically used. We finally identify and discuss open challenges that would inspire further research in this field."
10.1002/adom.201800272,0,False,1,O6,openalex,2D Material Microcavity Light Emitters: To Lase or Not to Lase?,2018,Lewis A. Reeves; Yue Wang; Thomas F. Krauss,Advanced Optical Materials,10.1002/adom.201800272,,https://openalex.org/W2884016533,,,67,"Abstract Atomically thin layers of transition metal dichalcogenides (TMDs) are of great interest to the photonics community because of their unique optical properties. For example, in conjunction with microring or photonic crystal microresonators, they readily form microcavity light emitters. A number of configurations are now presented that apparently meet the conditions for lasing, yet there is considerable debate in the community as to whether lasing is actually achieved. By employing a very comprehensive set of assessment criteria, herein is shown that none of the TMD devices meet all the conditions for lasing, despite some very convincing data being presented. These findings are examined in the context of microcavity lasers based on III–V gain materials. Applications of TMD light emitters in the areas of quantum information and biosensing are also discussed to highlight areas where lasing action is not necessarily required."
10.3390/math14122166,0,False,1,O6,openalex,Prediction-Powered Inference in Hybrid Measurement Regimes: A Statistical Survey,2026,Qiang Zhang; Chaobang Gao,Mathematics,10.3390/math14122166,,https://openalex.org/W7164999592,,,1,"Prediction-powered inference (PPI) studies statistical inference when a small set of gold-standard labels is combined with a much larger pool of machine-generated predictions. The central difficulty is that predictions can substantially reduce variance, yet naive substitution of predictions for outcomes generally changes the estimand and invalidates uncertainty quantification. The basic remedy in the literature is rectification: predictions are used to construct a low-variance plug-in term, while labeled observations are used to estimate and correct the inferential distortion induced by prediction substitution. We review PPI as a family of rectified plug-in procedures for hybrid measurement regimes. The survey develops a common statistical template based on mean estimation, estimating equations, and loss-based formulations, and then uses that template to compare modern variants according to the component they modify: the rectification engine, the label-acquisition design, predictor dependence, or the validity target. We also position PPI relative to model-assisted survey sampling, post-prediction correction, surrogate-outcome methods, classical measurement-error models, and semiparametric augmentation. Throughout, we distinguish questions of validity from questions of efficiency, robustness, and computation, and we emphasize that valid use of prediction assistance does not require a correct predictive model but does depend on how rectification, dependence, and sampling design are handled. The survey closes with recurrent failure modes, practical reporting recommendations, and open problems in finite-sample theory, heterogeneous proxy quality, and protocol-aware deployment."
10.1007/s10518-023-01645-7,0,False,1,O6,openalex,Generative adversarial networks review in earthquake-related engineering fields,2023,Giuseppe Carlo Marano; Marco Martino Rosso; Angelo Aloisio; Giansalvo Cirrincione,Bulletin of Earthquake Engineering,10.1007/s10518-023-01645-7,,https://openalex.org/W4322775687,,,91,"Abstract Within seismology, geology, civil and structural engineering, deep learning (DL), especially via generative adversarial networks (GANs), represents an innovative, engaging, and advantageous way to generate reliable synthetic data that represent actual samples’ characteristics, providing a handy data augmentation tool. Indeed, in many practical applications, obtaining a significant number of high-quality information is demanding. Data augmentation is generally based on artificial intelligence (AI) and machine learning data-driven models. The DL GAN-based data augmentation approach for generating synthetic seismic signals revolutionized the current data augmentation paradigm. This study delivers a critical state-of-art review, explaining recent research into AI-based GAN synthetic generation of ground motion signals or seismic events, and also with a comprehensive insight into seismic-related geophysical studies. This study may be relevant, especially for the earth and planetary science, geology and seismology, oil and gas exploration, and on the other hand for assessing the seismic response of buildings and infrastructures, seismic detection tasks, and general structural and civil engineering applications. Furthermore, highlighting the strengths and limitations of the current studies on adversarial learning applied to seismology may help to guide research efforts in the next future toward the most promising directions."
10.1007/978-1-4302-5927-5,0,False,1,O6,openalex,Intel® Xeon Phi™ Coprocessor Architecture and Tools,2013,Rezaur Rahman,Apress eBooks,10.1007/978-1-4302-5927-5,,https://openalex.org/W624975885,,,107,Intel® Xeon Phi™ Coprocessor Architecture and Tools: The Guide for Application Developers provides developers a comprehensive introduction and in-depth look at the Intel Xeon Phi coprocessor architect
10.1103/prxquantum.2.030312,0,False,1,O6,openalex,Low-Depth Mechanisms for Quantum Optimization,2021,Jarrod R. McClean; Matthew P. Harrigan; Masoud Mohseni; Nicholas C. Rubin; Jiang Zhang; Sergio Boixo,PRX Quantum,10.1103/prxquantum.2.030312,,https://openalex.org/W3057420237,,,46,"By gaining intuition about the mechanisms by which quantum optimization algorithms solve problems, approaches are identified that substantially improve the performance of quantum algorithms for this task."
10.1103/prxquantum.2.040202,0,False,1,O6,openalex,Practical Guide for Building Superconducting Quantum Devices,2021,Yvonne Y. Gao; M. A. Rol; Steven Touzard; Chen Wang,PRX Quantum,10.1103/prxquantum.2.040202,,https://openalex.org/W3212431276,,,90,"Quantum computing offers a powerful new paradigm of information processing that has the potential to transform a wide range of industries.In the pursuit of the tantalizing promises of a universal quantum computer, a multitude of new knowledge and expertise has been developed, enabling the construction of novel quantum algorithms as well as increasingly robust quantum hardware.In particular, we have witnessed rapid progress in the circuit quantum electrodynamics (cQED) technology, which has emerged as one of the most promising physical systems that is capable of addressing the key challenges in realizing full-stack quantum computing on a large scale.In this Tutorial, we present some of the most crucial building blocks developed by the cQED community in recent years and a précis of the latest achievements towards robust universal quantum computation.More importantly, we aim to provide a synoptic outline of the core techniques that underlie most cQED experiments and offer a practical guide for a novice experimentalist to design, construct, and characterize their first quantum device."
10.1002/pssb.200945229,0,False,1,O6,openalex,Nuclear spins in nanostructures,2009,W. A. Coish; J. Baugh,physica status solidi (b),10.1002/pssb.200945229,,https://openalex.org/W2135226622,,,139,"Abstract We review recent theoretical and experimental advances toward understanding the effects of nuclear spins in confined nanostructures. These systems, which include quantum dots, defect centers, and molecular magnets, are particularly interesting for their importance in quantum information processing devices, which aim to coherently manipulate single electron spins with high precision. On one hand, interactions between confined electron spins and a nuclear‐spin environment provide a decoherence source for the electron, and on the other, a strong effective magnetic field that can be used to execute local coherent rotations. A great deal of effort has been directed toward understanding the details of the relevant decoherence processes and to find new methods to manipulate the coupled electron–nuclear system. A sequence of spectacular new results have provided understanding of spin‐bath decoherence, nuclear spin diffusion, and preparation of the nuclear state through dynamic polarization and more general manipulation of the nuclear‐spin density matrix through “state narrowing.” These results demonstrate the richness of this physical system and promise many new mysteries for the future. magnified image"
10.1007/s11831-008-9019-9,0,False,1,O6,openalex,Reduced Basis Approximation and a Posteriori Error Estimation for Affinely Parametrized Elliptic Coercive Partial Differential Equations,2008,Gianluigi Rozza; D.B.P. Huynh; A.T. Patera,Archives of Computational Methods in Engineering,10.1007/s11831-008-9019-9,,https://openalex.org/W2052690618,,,1127,
10.22331/q-2018-01-31-49,0,False,1,O6,openalex,ProjectQ: an open source software framework for quantum computing,2018,Damian S. Steiger; Thomas Häner; Matthias Troyer,Quantum,10.22331/q-2018-01-31-49,,https://openalex.org/W2566002283,,,433,"We introduce ProjectQ, an open source software effort for quantum computing. The first release features a compiler framework capable of targeting various types of hardware, a high-performance simulator with emulation capabilities, and compiler plug-ins for circuit drawing and resource estimation. We introduce our Python-embedded domain-specific language, present the features, and provide example implementations for quantum algorithms. The framework allows testing of quantum algorithms through simulation and enables running them on actual quantum hardware using a back-end connecting to the IBM Quantum Experience cloud service. Through extension mechanisms, users can provide back-ends to further quantum hardware, and scientists working on quantum compilation can provide plug-ins for additional compilation, optimization, gate synthesis, and layout strategies."
10.1088/2058-9565/ab79b1,0,False,1,O6,openalex,Quantum circuit optimizations for NISQ architectures,2020,Beatrice Nash; Vlad Gheorghiu; Michele Mosca,Quantum Science and Technology,10.1088/2058-9565/ab79b1,,https://openalex.org/W2934743019,,,105,"Abstract Currently available quantum computing hardware platforms have limited 2-qubit connectivity among their addressable qubits. In order to run a generic quantum algorithm on such a platform, one has to transform the initial logical quantum circuit describing the algorithm into an equivalent one that obeys the connectivity restrictions. In this work we construct a circuit synthesis scheme that takes as input the qubit connectivity graph and a quantum circuit over the gate set generated by { CNOT , R Z } and outputs a circuit that respects the connectivity of the device. As a concrete application, we apply our techniques to Google’s Bristlecone 72-qubit quantum chip connectivity, IBM’s Tokyo 20-qubit quantum chip connectivity, and Rigetti’s Acorn 19-qubit quantum chip connectivity. In addition, we also compare the performance of our scheme as a function of sparseness of randomly generated quantum circuits, and discuss how to apply our techniques as a subroutine for the more general mapping problem over universal set of gates (Clifford + T)."
10.1038/s42254-023-00603-1,0,False,1,O6,openalex,Quantum computing for finance,2023,Dylan Herman; Cody Googin; Xiaoyuan Liu; Yue Sun; Alexey Galda; Ilya Safro,Nature Reviews Physics,10.1038/s42254-023-00603-1,,https://openalex.org/W4383879098,,,289,
10.1088/2058-9565/aaa331,0,False,1,O6,openalex,Compiling quantum circuits to realistic hardware architectures using temporal planners,2017,Davide Venturelli; N. Minh; Eleanor Rieffel; Jeremy Frank,Quantum Science and Technology,10.1088/2058-9565/aaa331,,https://openalex.org/W2616974032,,,139,"Abstract To run quantum algorithms on emerging gate-model quantum hardware, quantum circuits must be compiled to take into account constraints on the hardware. For near-term hardware, with only limited means to mitigate decoherence, it is critical to minimize the duration of the circuit. We investigate the application of temporal planners to the problem of compiling quantum circuits to newly emerging quantum hardware. While our approach is general, we focus on compiling to superconducting hardware architectures with nearest neighbor constraints. Our initial experiments focus on compiling Quantum Alternating Operator Ansatz (QAOA) circuits whose high number of commuting gates allow great flexibility in the order in which the gates can be applied. That freedom makes it more challenging to find optimal compilations but also means there is a greater potential win from more optimized compilation than for less flexible circuits. We map this quantum circuit compilation problem to a temporal planning problem, and generated a test suite of compilation problems for QAOA circuits of various sizes to a realistic hardware architecture. We report compilation results from several state-of-the-art temporal planners on this test set. This early empirical evaluation demonstrates that temporal planning is a viable approach to quantum circuit compilation."
10.1109/jproc.2019.2954005,0,False,1,O6,openalex,Challenges and Opportunities of Near-Term Quantum Computing Systems,2019,Antonio D. Corcoles; Abhinav Kandala; Ali Javadi-Abhari; Douglas T. McClure; Andrew W. Cross; Kristan Temme,Proceedings of the IEEE,10.1109/jproc.2019.2954005,,https://openalex.org/W2978630019,,,184,"The concept of quantum computing has inspired a whole new generation of scientists, including physicists, engineers, and computer scientists, to fundamentally change the landscape of information technology. With experimental demonstrations stretching back more than two decades, the quantum computing community has achieved a major milestone over the past few years: the ability to build systems that are stretching the limits of what can be classically simulated, and which enable cloud-based research for a wide range of scientists, thus increasing the pool of talent exploring early quantum systems. While such noisy near-term quantum computing systems fall far short of the requirements for fault-tolerant systems, they provide unique test beds for exploring the opportunities for quantum applications. Here, we highlight an IBM-specific perspective of the facets associated with these systems, including quantum software, cloud access, benchmarking quantum systems, error correction and mitigation in such systems, understanding the complexity of quantum circuits, and how early quantum applications can run on near-term quantum computers."
10.1109/tqe.2021.3068355,0,False,1,O6,openalex,Survey on Quantum Circuit Compilation for Noisy Intermediate-Scale Quantum Computers: Artificial Intelligence to Heuristics,2021,Janusz Kusyk; Samah Mohamed Saeed; M. Ümit Uyar,IEEE Transactions on Quantum Engineering,10.1109/tqe.2021.3068355,,https://openalex.org/W3137551309,,,77,"Computationally expensive applications, including machine learning, chemical simulations, and financial modeling, are promising candidates for noisy intermediate scale quantum (NISQ) computers. In these problems, one important challenge is mapping a quantum circuit onto NISQ hardware while satisfying physical constraints of an underlying quantum architecture. Quantum circuit compilation (QCC) aims to generate feasible mappings such that a quantum circuit can be executed in a given hardware platform with acceptable confidence in outcomes. Physical constraints of a NISQ computer change frequently, requiring QCC process to be repeated often. When a circuit cannot directly be executed on a quantum hardware due to its physical limitations, it is necessary to modify the circuit by adding new quantum gates and auxiliary qubits, increasing its space and time complexity. An inefficient QCC may significantly increase error rate and circuit latency for even the simplest algorithms. In this article, we present artificial intelligence (AI)-based and heuristic-based methods recently reported in the literature that attempt to address these QCC challenges. We group them based on underlying techniques that they implement, such as AI algorithms including genetic algorithms, genetic programming, ant colony optimization and AI planning, and heuristics methods employing greedy algorithms, satisfiability problem solvers, dynamic, and graph optimization techniques. We discuss performance of each QCC technique and evaluate its potential limitations."
10.1088/2058-9565/abae7d,0,False,1,O6,openalex,The bitter truth about gate-based quantum algorithms in the NISQ era,2020,Frank Leymann; Johanna Barzen,Quantum Science and Technology,10.1088/2058-9565/abae7d,,https://openalex.org/W3034064438,,,232,"Abstract Implementing a gate-based quantum algorithm on an noisy intermediate scale quantum (NISQ) device has several challenges that arise from the fact that such devices are noisy and have limited quantum resources. Thus, various factors contributing to the depth and width as well as to the noise of an implementation of a gate-based algorithm must be understood in order to assess whether an implementation will execute successfully on a given NISQ device. In this contribution, we discuss these factors and their impact on algorithm implementations. Especially, we will cover state preparation, oracle expansion, connectivity, circuit rewriting, and readout: these factors are very often ignored when presenting a gate-based algorithm but they are crucial when implementing such an algorithm on near-term quantum computers. Our contribution will help developers in charge of realizing gate-based algorithms on such machines in (i) achieving an executable implementation, and (ii) assessing the success of their implementation on a given machine."
10.1088/2058-9565/aaa5cc,0,False,1,O6,openalex,A software methodology for compiling quantum programs,2018,Thomas Häner; Damian S. Steiger; Krysta M. Svore; Matthias Troyer,Quantum Science and Technology,10.1088/2058-9565/aaa5cc,,https://openalex.org/W2339327743,,,175,"Abstract Quantum computers promise to transform our notions of computation by offering a completely new paradigm. To achieve scalable quantum computation, optimizing compilers and a corresponding software design flow will be essential. We present a software architecture for compiling quantum programs from a high-level language program to hardware-specific instructions. We describe the necessary layers of abstraction and their differences and similarities to classical layers of a computer-aided design flow. For each layer of the stack, we discuss the underlying methods for compilation and optimization. Our software methodology facilitates more rapid innovation among quantum algorithm designers, quantum hardware engineers, and experimentalists. It enables scalable compilation of complex quantum algorithms and can be targeted to any specific quantum hardware implementation."
10.1145/3565271,0,False,1,O6,openalex,Machine Learning Optimization of Quantum Circuit Layouts,2022,Alexandru Paler; Lucian Mircea Sasu; Adrian-Cătălin Florea; Răzvan Andonie,ACM Transactions on Quantum Computing,10.1145/3565271,,https://openalex.org/W3045898247,,,44,"The quantum circuit layout (QCL) problem involves mapping out a quantum circuit such that the constraints of the device are satisfied. We introduce a quantum circuit mapping heuristic, QXX, and its machine learning version, QXX-MLP. The latter automatically infers the optimal QXX parameter values such that the laid out circuit has a reduced depth. In order to speed up circuit compilation, before laying the circuits out, we use a Gaussian function to estimate the depth of the compiled circuits. This Gaussian also informs the compiler about the circuit region that influences most the resulting circuit’s depth. We present empiric evidence for the feasibility of learning the layout method using approximation. QXX and QXX-MLP open the path to feasible large-scale QCL methods."
10.1109/tsipn.2015.2448520,0,False,1,O6,openalex,Joint Optimization of Radio and Computational Resources for Multicell Mobile-Edge Computing,2015,Stefania Sardellitti; Gesualdo Scutari; Sergio Barbarossa,IEEE Transactions on Signal and Information Processing over Networks,10.1109/tsipn.2015.2448520,,https://openalex.org/W1904504745,,,927,"Migrating computational intensive tasks from mobile devices to more resourceful cloud servers is a promising technique to increase the computational capacity of mobile devices while saving their battery energy. In this paper, we consider an MIMO multicell system where multiple mobile users (MUs) ask for computation offloading to a common cloud server. We formulate the offloading problem as the joint optimization of the radio resources-the transmit precoding matrices of the MUs-and the computational resources-the CPU cycles/second assigned by the cloud to each MU-in order to minimize the overall users' energy consumption, while meeting latency constraints. The resulting optimization problem is nonconvex (in the objective function and constraints). Nevertheless, in the single-user case, we are able to compute the global optimal solution in closed form. In the more challenging multiuser scenario, we propose an iterative algorithm, based on a novel successive convex approximation technique, converging to a local optimal solution of the original nonconvex problem. We then show that the proposed algorithmic framework naturally leads to a distributed and parallel implementation across the radio access points, requiring only a limited coordination/signaling with the cloud. Numerical results show that the proposed schemes outperform disjoint optimization algorithms."
10.3390/quantum7010002,0,False,1,O6,openalex,A Comprehensive Review of Quantum Circuit Optimization: Current Trends and Future Directions,2025,Krishnageetha Karuppasamy; Varun Puram; Stevens Johnson; Johnson P. Thomas,Quantum Reports,10.3390/quantum7010002,,https://openalex.org/W4405979679,,,41,"Optimizing quantum circuits is critical for enhancing computational speed and mitigating errors caused by quantum noise. Effective optimization must be achieved without compromising the correctness of the computations. This survey explores recent advancements in quantum circuit optimization, encompassing both hardware-independent and hardware-dependent techniques. It reviews state-of-the-art approaches, including analytical algorithms, heuristic strategies, machine learning-based methods, and hybrid quantum-classical frameworks. The paper highlights the strengths and limitations of each method, along with the challenges they pose. Furthermore, it identifies potential research opportunities in this evolving field, offering insights into the future directions of quantum circuit optimization."
10.1145/3360546,0,False,1,O6,openalex,Qubit allocation as a combination of subgraph isomorphism and token swapping,2019,Marcos Yukio Siraichi; Vinícius Fernandes dos Santos; Caroline Collange; Fernando Magno Quintão Pereira,Proceedings of the ACM on Programming Languages,10.1145/3360546,,https://openalex.org/W2979465497,,,69,"In 2016, the first quantum processors have been made available to the general public. The possibility of programming an actual quantum device has elicited much enthusiasm. Yet, such possibility also brought challenges. One challenge is the so called Qubit Allocation problem: the mapping of a virtual quantum circuit into an actual quantum architecture. There exist solutions to this problem; however, in our opinion, they fail to capitalize on decades of improvements on graph theory. In contrast, this paper shows how to model qubit allocation as the combination of Subgraph Isomorphism and Token Swapping. This idea has been made possible by the publication of an approximative solution to the latter problem in 2016. We have compared our algorithm against five other qubit allocators, all independently designed in the last two years, including the winner of the IBM Challenge. When evaluated in ""Tokyo"", a quantum architecture with 20 qubits, our technique outperforms these state-of-the-art approaches in terms of the quality of the solutions that it finds and the amount of memory that it uses, while showing practical runtime."
10.1016/j.compchemeng.2019.106630,0,False,1,O6,openalex,Quantum computing based hybrid solution strategies for large-scale discrete-continuous optimization problems,2019,Akshay Ajagekar; Travis S. Humble; Fengqi You,Computers & Chemical Engineering,10.1016/j.compchemeng.2019.106630,,https://openalex.org/W2982469373,,,192,
10.1109/ojcoms.2022.3195219,0,False,1,O6,openalex,"Quantum-Inspired Real-Time Optimization for 6G Networks: Opportunities, Challenges, and the Road Ahead",2022,Trung Q. Duong; Long D. Nguyen; Bhaskara Narottama; James Adu Ansere; Dang Van Huynh; Hyundong Shin,IEEE Open Journal of the Communications Society,10.1109/ojcoms.2022.3195219,,https://openalex.org/W4289717617,,,105,"It is envisioned that 6G, unlike its predecessor 5G, will depart from connected machines and connected people to connected intelligence. The main goal of 6G networks is to support massive connectivity for time-sensitive and computation-sensitive services in mission-critical applications. The creation of real-time optimisation (RTO) enabled by the fast growing data analytic and machine learning will seize the opportunities for 6G wireless networks to support such immersive services such as virtual reality (VR), augmented reality (AR), mixed reality (MR), and tactile Internet. Recently, with the rapid development of quantum computers, quantum-inspired optimisation and machine learning algorithms have been exploited as efficient solutions for future wireless networks. In this article, we provide a comprehensive view on the new concept of quantum-inspired RTO and its application to the optimal resource allocation for 6G wireless networks. Our main contributions are to introduce some of the initial research results and introduce the potentiality of quantum-inspired RTO on some 6G emerging technologies. Not only do we review the fundamental principles; we also explore the challenges and opportunities of this exciting research direction."
10.1007/s11128-019-2326-2,0,False,1,O6,openalex,Quantum circuit design for objective function maximization in gate-model quantum computers,2019,Laszlo Gyongyosi; Sandor Imre,Quantum Information Processing,10.1007/s11128-019-2326-2,,https://openalex.org/W2947359591,,,27,"Gate-model quantum computers provide an experimentally implementable architecture for near-term quantum computations. To design a reduced quantum circuit that can simulate a high-complexity reference quantum circuit, an optimization should be taken on the number of input quantum states, on the unitary operations of the quantum circuit, and on the number of output measurement rounds. Besides the optimization of the physical layout of the hardware layer, the quantum computer should also solve difficult computational problems very efficiently. To yield a desired output system, a particular objective function associated with the computational problem fed into the quantum computer should be maximized. The reduced gate structure should be able to produce the maximized value of the objective function. These parallel requirements must be satisfied simultaneously, which makes the optimization difficult. Here, we demonstrate a method for designing quantum circuits for gate-model quantum computers and define the Quantum Triple Annealing Minimization (QTAM) algorithm. The aim of QTAM is to determine an optimal reduced topology for the quantum circuits in the hardware layer at the maximization of the objective function of an arbitrary computational problem."
10.1109/access.2021.3109816,0,False,1,O6,openalex,Survey of Promising Technologies for Quantum Drones and Networks,2021,Adarsh Kumar; Surbhi Bhatia; Keshav Kaushik; S. Manjula Gandhi; S. Gayathri Devi; Diego Augusto de Jesús Pacheco,IEEE Access,10.1109/access.2021.3109816,,https://openalex.org/W3196607691,,,80,"Due to recent advancements in quantum drones, the Internet of Quantum Drones (IoQDs), and Drone-to-Satellite connectivity, several advantages have been anticipated for real-time applications. This work examines quantum computing issues, including quantum data processing, techniques, circuits, and algorithms important for quantum drones or their networks. Here, we discussed the current research trends on quantum computing, quantum-safe computing, or post-quantum cryptography important to quantum networks, followed by the numerous advantages, limitations, future advancements, and research issues connected with quantum technologies, drones, and their network. This work has also prepared a taxonomy of quantum-related areas depending upon the logic of their learning, followed by a review of each of these areas. We review the most recent work over quantum algorithms used in various-quantum-related areas and networks, the role of quantum satellites for drone-based networks and communications, how quantum artificial intelligence and quantum machine learning are important for quantum drones, networks and futuristic applications, quantum attacks, quantum genetic algorithms, and the importance of post-quantum and quantum-safe cryptography. The challenges and research directions in these domains are explored as well. Lastly, this work presents an overview of the current state of knowledge in various promising technologies that are recently found to be important for quantum drones and networks."
10.1155/2015/931256,0,False,1,O6,openalex,A Comprehensive Survey on Particle Swarm Optimization Algorithm and Its Applications,2015,Yudong Zhang; Shuihua Wang‎; Genlin Ji,Mathematical Problems in Engineering,10.1155/2015/931256,,https://openalex.org/W1859314164,,,1164,"Particle swarm optimization (PSO) is a heuristic global optimization method, proposed originally by Kennedy and Eberhart in 1995. It is now one of the most commonly used optimization techniques. This survey presented a comprehensive investigation of PSO. On one hand, we provided advances with PSO, including its modifications (including quantum-behaved PSO, bare-bones PSO, chaotic PSO, and fuzzy PSO), population topology (as fully connected, von Neumann, ring, star, random, etc.), hybridization (with genetic algorithm, simulated annealing, Tabu search, artificial immune system, ant colony algorithm, artificial bee colony, differential evolution, harmonic search, and biogeography-based optimization), extensions (to multiobjective, constrained, discrete, and binary optimization), theoretical analysis (parameter selection and tuning, and convergence analysis), and parallel implementation (in multicore, multiprocessor, GPU, and cloud computing forms). On the other hand, we offered a survey on applications of PSO to the following eight fields: electrical and electronic engineering, automation control systems, communication theory, operations research, mechanical engineering, fuel and energy, medicine, chemistry, and biology. It is hoped that this survey would be beneficial for the researchers studying PSO algorithms."
10.2307/1941447,0,False,1,O6,openalex,The Problem of Pattern and Scale in Ecology: The Robert H. MacArthur Award Lecture,1992,Simon A. Levin,Ecology,10.2307/1941447,,https://openalex.org/W2322480672,,,6841,"It is argued that the problem of pattern and scale is the central problem in ecology, unifying population biology and ecosystems science, and marrying basic and applied ecology. Applied challenges, such as the prediction of the ecological causes and consequences of global climate change, require the interfacing of phenomena that occur on very different scales of space, time, and ecological organization. Furthermore, there is no single natural scale at which ecological phenomena should be studied; systems generally show characteristic variability on a range of spatial, temporal, and organizational scales. The observer imposes a perceptual bias, a filter through which the system is viewed. This has fundamental evolutionary significance, since every organism is an ""observer"" of the environment, and life history adaptations such as dispersal and dormancy alter the perceptual scales of the species, and the observed variability. It likewise has fundamental significance for our own study of ecological systems, since the patterns that are unique to any range of scales will have unique causes and biological consequences. The key to prediction and understanding lies in the elucidation of mechanisms underlying observed patterns. Typically, these mechanisms operate at different scales than those on which the patterns are observed; in some cases, the patterns must be understood as emerging form the collective behaviors of large ensembles of smaller scale units. In other cases, the pattern is imposed by larger scale constraints. Examination of such phenomena requires the study of how pattern and variability change with the scale of description, and the development of laws for simplification, aggregation, and scaling. Examples are given from the marine and terrestrial literatures."
10.1109/twc.2020.3042977,0,False,1,O6,openalex,Sum-Rate Maximization for IRS-Assisted UAV OFDMA Communication Systems,2020,Zhiqiang Wei; Yuanxin Cai; Zhuo Sun; Derrick Wing Kwan Ng; Jinhong Yuan; Mingyu Zhou,IEEE Transactions on Wireless Communications,10.1109/twc.2020.3042977,,https://openalex.org/W3122751454,,,305,"In this paper, we consider the application of intelligent reflecting surface (IRS) in unmanned aerial vehicle (UAV)-based orthogonal frequency division multiple access (OFDMA) communication systems, which exploits both the significant beamforming gain brought by the IRS and the high mobility of UAV for improving the system sum-rate. The joint design of UAV's trajectory, IRS scheduling, and communication resource allocation for the proposed system is formulated as a non-convex optimization problem to maximize the system sum-rate while taking into account the heterogeneous quality-of-service (QoS) requirement of each user. The existence of an IRS introduces both frequency-selectivity and spatial-selectivity in the fading of the composite channel from the UAV to ground users. To facilitate the design, we first derive the expression of the composite channels and propose a parametric approximation approach to establish an upper and a lower bound for the formulated problem. An alternating optimization algorithm is devised to handle the lower bound optimization problem and its performance is compared with the benchmark performance achieved by solving the upper bound problem. Simulation results unveil the small gap between the developed bounds and the promising sum-rate gain achieved by the deployment of an IRS in UAV-based communication systems."
10.1086/300337,0,False,1,O6,openalex,The NRAO VLA Sky Survey,1998,J. J. Condon; W. D. Cotton; E. W. Greisen; Qiang Yin; R. A. Perley; G. B. Taylor,The Astronomical Journal,10.1086/300337,,https://openalex.org/W1966667130,,,5831,"The NRAO VLA Sky Survey (NVSS) covers the sky north of J2000.0 δ = -40° (82% of the celestial sphere) at 1.4 GHz. The principal data products are (1) a set of 2326 4° × 4° continuum ""cubes"" with three planes containing Stokes I , Q , and U images plus (2) a catalog of almost 2 × 10 6 discrete sources stronger than S ≈ 2.5 mJy. The images all have θ = 45'' FWHM resolution and nearly uniform sensitivity. Their rms brightness fluctuations are σ ≈ 0.45 mJy beam -1 ≈ 0.14 K (Stokes I ) and σ ≈ 0.29 mJy beam -1 ≈ 0.09 K (Stokes Q and U ). The rms uncertainties in right ascension and declination vary from ≲1'' for the N ≈ 4 × 10 5 sources stronger than 15 mJy to 7'' at the survey limit. The NVSS was made as a service to the astronomical community. All data products, user software, and updates are being released via the World Wide Web as soon as they are produced and verified."
10.2139/ssrn.1520062,0,False,1,O6,openalex,Text-Based Network Industries and Endogenous Product Differentiation,2011,Gerard Hoberg; Gordon M. Phillips,SSRN Electronic Journal,10.2139/ssrn.1520062,,https://openalex.org/W1565983301,,,653,
constraintonthematterantimattersymmetryviolatingphaseinneutrinooscillations,0,False,1,O6,openalex,Constraint on the matter–antimatter symmetry-violating phase in neutrino oscillations,2020,K. Abe; R. Akutsu; A. Ali; C. Alt; C. Andreopoulos; L.H.V. Anthony,Lancaster EPrints (Lancaster University),,,https://openalex.org/W3009229510,,,429,"The charge-conjugation and parity-reversal (CP) symmetry of fundamental particles is a symmetry between matter and antimatter. Violation of this CP symmetry was first observed in 1964$^1$, and CP violation in the weak interactions of quarks was soon established$^2$. Sakharov proposed$^3$ that CP violation is necessary to explain the observed imbalance of matter and antimatter abundance in the Universe. However, CP violation in quarks is too small to support this explanation. So far, CP violation has not been observed in non-quark elementary particle systems. It has been shown that CP violation in leptons could generate the matter–antimatter disparity through a process called leptogenesis4. Leptonic mixing, which appears in the standard model’s charged current interactions$^{5,6}$, provides a potential source of CP violation through a complex phase δCP, which is required by some theoretical models of leptogenesis$^{7,8,9}$. This CP violation can be measured in muon neutrino to electron neutrino oscillations and the corresponding antineutrino oscillations, which are experimentally accessible using accelerator-produced beams as established by the Tokai-to-Kamioka (T2K) and NOvA experiments$^{10,11}$. Until now, the value of δCP has not been substantially constrained by neutrino oscillation experiments. Here we report a measurement using long-baseline neutrino and antineutrino oscillations observed by the T2K experiment that shows a large increase in the neutrino oscillation probability, excluding values of δCP that result in a large increase in the observed antineutrino oscillation probability at three standard deviations (3σ). The 3σ confidence interval for δCP, which is cyclic and repeats every 2π, is [−3.41, −0.03] for the so-called normal mass ordering and [−2.54, −0.32] for the inverted mass ordering. Our results indicate CP violation in leptons and our method enables sensitive searches for matter–antimatter asymmetry in neutrino oscillations using accelerator-pro"
10.7551/mitpress/9780262033589.001.0001,0,False,1,O6,openalex,Semi-Supervised Learning,2006,"Olivier Chapelle; Schölkopf, Bernhard 1968-; Alexander Zien",The MIT Press eBooks,10.7551/mitpress/9780262033589.001.0001,,https://openalex.org/W1479807131,,,4335,"A comprehensive review of an area of machine learning that deals with the use of unlabeled data in classification problems: state-of-the-art algorithms, a taxonomy of the field, applications, benchmark experiments, and directions for future research. In the field of machine learning, semi-supervised learning (SSL) occupies the middle ground, between supervised learning (in which all training examples are labeled) and unsupervised learning (in which no label data are given). Interest in SSL has increased in recent years, particularly because of application domains in which unlabeled data are plentiful, such as images, text, and bioinformatics. This first comprehensive overview of SSL presents state-of-the-art algorithms, a taxonomy of the field, selected applications, benchmark experiments, and perspectives on ongoing and future research.Semi-Supervised Learning first presents the key assumptions and ideas underlying the field: smoothness, cluster or low-density separation, manifold structure, and transduction. The core of the book is the presentation of SSL methods, organized according to algorithmic strategies. After an examination of generative models, the book describes algorithms that implement the low-density separation assumption, graph-based methods, and algorithms that perform two-step learning. The book then discusses SSL applications and offers guidelines for SSL practitioners by analyzing the results of extensive benchmark experiments. Finally, the book looks at interesting directions for SSL research. The book closes with a discussion of the relationship between semi-supervised learning and transduction."
10.1038/s41586-020-2177-0,0,False,1,O6,openalex,Constraint on the matter–antimatter symmetry-violating phase in neutrino oscillations,2020,K. Abe; R. Akutsu; A. Ali; C. Alt; C. Andreopoulos; L. Anthony,Nature,10.1038/s41586-020-2177-0,,https://openalex.org/W2987881101,,,372,
10.1023/a:1007612920971,0,False,1,O6,openalex,Concept Decompositions for Large Sparse Text Data Using Clustering,2001,Inderjit S. Dhillon; Dharmendra S. Modha,Machine Learning,10.1023/a:1007612920971,,https://openalex.org/W1790954942,,,1299,
10.1002/2016rg000529,0,False,1,O6,openalex,Plate Boundary Observatory and related networks: GPS data analysis methods and geodetic products,2016,T. A. Herring; T. I. Melbourne; M. H. Murray; Michael Floyd; Walter Szeliga; R. W. King,Reviews of Geophysics,10.1002/2016rg000529,,https://openalex.org/W2529276544,,,260,"Abstract The Geodesy Advancing Geosciences and EarthScope (GAGE) Facility Global Positioning System (GPS) Data Analysis Centers produce position time series, velocities, and other parameters for approximately 2000 continuously operating GPS receivers spanning a quadrant of Earth's surface encompassing the high Arctic, North America, and Caribbean. The purpose of this review is to document the methodology for generating station positions and their evolution over time and to describe the requisite trade‐offs involved with combination of results. GAGE GPS analysis involves formal merging within a Kalman filter of two independent, loosely constrained solutions: one is based on precise point positioning produced with the GIPSY/OASIS software at Central Washington University and the other is a network solution based on phase and range double‐differencing produced with the GAMIT software at New Mexico Institute of Mining and Technology. The primary products generated are the position time series that show motions relative to a North America reference frame and secular motions of the stations represented in the velocity field. The position time series themselves contain a multitude of signals in addition to the secular motions. Coseismic and postseismic signals, seasonal signals from hydrology, and transient events, some understood and others not yet fully explained, are all evident in the time series and ready for further analysis and interpretation. We explore the impact of analysis assumptions on the reference frame realization and on the final solutions, and we compare within the GAGE solutions and with others."
10.1051/0004-6361/201936386,0,False,1,O6,openalex,Planck 2018 results,2020,N. Aghanim; Y. Akrami; M. Ashdown; J. Aumont; C. Baccigalupi; M. Ballardini,Astronomy and Astrophysics,10.1051/0004-6361/201936386,,https://openalex.org/W3103282112,,,1174,"We describe the legacy Planck cosmic microwave background (CMB) likelihoods derived from the 2018 data release. The overall approach is similar in spirit to the one retained for the 2013 and 2015 data release, with a hybrid method using different approximations at low ( ℓ < 30) and high ( ℓ ≥ 30) multipoles, implementing several methodological and data-analysis refinements compared to previous releases. With more realistic simulations, and better correction and modelling of systematic effects, we can now make full use of the CMB polarization observed in the High Frequency Instrument (HFI) channels. The low-multipole EE cross-spectra from the 100 GHz and 143 GHz data give a constraint on the ΛCDM reionization optical-depth parameter τ to better than 15% (in combination with the TT low- ℓ data and the high- ℓ temperature and polarization data), tightening constraints on all parameters with posterior distributions correlated with τ . We also update the weaker constraint on τ from the joint TEB likelihood using the Low Frequency Instrument (LFI) channels, which was used in 2015 as part of our baseline analysis. At higher multipoles, the CMB temperature spectrum and likelihood are very similar to previous releases. A better model of the temperature-to-polarization leakage and corrections for the effective calibrations of the polarization channels (i.e., the polarization efficiencies) allow us to make full use of polarization spectra, improving the ΛCDM constraints on the parameters θ MC , ω c , ω b , and H 0 by more than 30%, and n s by more than 20% compared to TT-only constraints. Extensive tests on the robustness of the modelling of the polarization data demonstrate good consistency, with some residual modelling uncertainties. At high multipoles, we are now limited mainly by the accuracy of the polarization efficiency modelling. Using our various tests, simulations, and comparison between different high-multipole likelihood implementations, we estimate the consistency"
10.1088/1126-6708/2001/08/055,0,False,1,O6,openalex,Constraints on the minimal supergravity model and prospects for SUSY particle production at future linear e+e− colliders,2001,A. Djouadi; Jean-Loı̈c Kneur; Manuel Drees,Journal of High Energy Physics,10.1088/1126-6708/2001/08/055,,https://openalex.org/W2057871426,,,213,
10.1016/j.cirp.2018.05.009,0,False,1,O6,openalex,Tolerancing: Managing uncertainty from conceptual design to final product,2018,Edward Morse; Jean‐Yves Dantan; Nabil Anwer; Rikard Söderberg; Giovanni Moroni; Ahmed Jawad Qureshi,CIRP Annals,10.1016/j.cirp.2018.05.009,,https://openalex.org/W2883829010,,,177,
