citation_key,key,doi,arxiv,openalex,title,year,authors,venue,families,origin,level_reached,threat_final,threat_L1,threat_L2,access,theorem_location,claims,verdict,cite_in_paper,bib_class,evidence_file,adjudication_note
bachmayr2021approximation,adjudicated:bachmayr2021approximation,,2112.01474,,Approximation by tree tensor networks in high dimensions: Sobolev and compositional functions,2021,"Bachmayr, M.; Nouy, A.; Schneider, R.",,,adjudicated_only,L3,3,,,FULL_TEXT,,H1;H2,"Lemma 4.9 / Prop. 4.7: additive node-wise accumulation along trees of compositions with level-dependent weights C(B,s,level); heterogeneous, non-sharp, placement-dependent (contrast H2). Title verified on arXiv PDF.",yes,closest_prior_art,theorem_comparisons/L3_HET_bachmayr2021_nodewise_composition_accumulation.md,
combettes2015compositions,10.1016/j.jmaa.2014.11.044,10.1016/j.jmaa.2014.11.044,1407.5100,https://openalex.org/W1998428773,Compositions and convex combinations of averaged nonexpansive operators,2015,"Combettes, P. L.; Yamada, I.",Journal of Mathematical Analysis and Applications,O4,harvest+snowball,L3,3,3,3,FULL_TEXT,"arXiv:1407.5100v2: Prop. 2.4 (m=2, alpha=(a1+a2-2a1a2)/(1-a1a2), from Ogura-Yamada 2002 Thm 3(b)); Prop. 2.5 with phi in (2.8) (m factors, heterogeneous alpha_i, symmetric); Remark 2.7 (comparison with max-based constant (2.22))",H1;H2;H4,"Prop. 2.5 (eq. 2.8): heterogeneous composition constant phi(alpha_1..alpha_m), symmetric in the alpha_i, better than max-based constant (Remark 2.7); tight for m=2 only (via HRY20 Cor. 1); different functional and model. Closest analogue of H1-vs-fallback and of H2.",yes,closest_prior_art,theorem_comparisons/L3_HET_combettes2015_heterogeneous_compositions.md,
zniyed2026error,errortransportationinsvdbasedtensortrainapproximations,,,https://openalex.org/W7139529380,Error transportation in SVD-based tensor-train approximations,2026,"Zniyed, Y.; Boyer, R.",HAL (Le Centre pour la Communication Scientifique Directe),O1;O2,harvest,L3,3,3,3,ABSTRACT_ONLY,"HAL hal-05554951 abstract/metadata only (full text behind HAL bot challenge; not bypassed): global error decomposition, a priori bounds, chain-case Pythagorean identity",H1;H2,Transport of local truncation errors through dimension trees; tree/data-dependent conditioning factors; sharp identity only for chains. PROVISIONAL (abstract only); MANUAL full text (HAL bot check not bypassed).,yes,closest_prior_art,theorem_comparisons/L3_HET_zniyed2026_error_transport.md,
grasedyck2010hierarchical,10.1137/090764189,10.1137/090764189,,https://openalex.org/W2038198231,Hierarchical singular value decomposition of tensors,2010,"Grasedyck, L.",SIAM Journal on Matrix Analysis and Applications,O1,snowball,L3,3,3,3,FULL_TEXT,"MPI MiS preprint 27/2009 rev. 2010 (round-1 reading): Lemma 3.8, Lemma 3.10, Theorem 3.11, Remark 3.12, Theorem 3.18 (published numbering may differ)",H1;H2,"Lemma 3.10/Thm 3.11: root-sum-square of heterogeneous node-wise errors in any order (non-sharp, multiset-only dependence); Thm 3.18 uniform allocation eps/sqrt(2d-3). Single-tensor projections, no multilinear maps.",yes,closest_prior_art,theorem_comparisons/L3_HET_grasedyck2010_oseledets2011_nodewise_budgets.md,round-1 threat 1 for R-claims; 3 for heterogeneous claims H1/H2
,10.48550/arxiv.1407.5100,10.48550/arxiv.1407.5100,,https://openalex.org/W2950378366,Compositions and Convex Combinations of Averaged Nonexpansive Operators,2014,Patrick L. Combettes; Isao Yamada,arXiv (Cornell University),O4,harvest,L2,3,3,3,FULL_TEXT,Duplicate (arXiv) of 10.1016/j.jmaa.2014.11.044,H1;H2;H4,Duplicate of Combettes-Yamada 2015; same verdict.,no,,screening/het_level2.csv,
,furmathematikindennaturwissenschaftenleipzighierarchicalsingularvaluedecompositionoftensors,,,,f¨ur Mathematik in den Naturwissenschaften Leipzig Hierarchical Singular Value Decomposition of Tensors,,L. Grasedyck,,O1,harvest,L2,3,3,3,FULL_TEXT,Duplicate record (MPI MiS preprint) of 10.1137/090764189; see that row,H1;H2,Duplicate of Grasedyck 2010; same verdict.,no,,screening/het_level2.csv,
vannieuwenhoven2012new,adjudicated:vannieuwenhoven2012new,10.1137/110836067,,,A new truncation strategy for the higher-order singular value decomposition,2012,"Vannieuwenhoven, N.; Vandebril, R.; Meerbergen, K.",,,adjudicated_only,L2,2,,,FULL_TEXT,,H2,Thm 5.1 (preprint numbering): exact error expression of truncated orthogonal Tucker approximation valid for any permutation of the modes; order-independence of an exact identity (not a worst-case constant). POST_HOC inclusion from round-1 pool reading; not in het pool.,yes,technique,,
ehrlacher2021adaptive,10.1137/19m128689x,10.1137/19M128689X,,https://openalex.org/W2973121594,Adaptive hierarchical subtensor partitioning for tensor compression,2021,"Ehrlacher, V.; Grigori, L.; Lombardi, D.; Song, H.",SIAM Journal on Scientific Computing,O1,snowball,L2,2,2,2,ABSTRACT_ONLY,Abstract only,H2;H3,Global accuracy budget split over subtensors; additive allocation.,no,background,,
ghadiri2023approximately,10.48550/arxiv.2302.03886,10.48550/arxiv.2302.03886,2302.03886,https://openalex.org/W4319792572,Approximately optimal core shapes for tensor decompositions,2023,"Ghadiri, M.; Fahrbach, M.; Fu, G.; Mirrokni, V.",arXiv (Cornell University),O2,harvest,L2,2,2,2,ABSTRACT_ONLY,"Abstract: Tucker packing problem, PTAS; extension to tree tensor networks",H2;H3,"Rank allocation under size budget with additive tail guarantees, extended to tree tensor networks; allocation, not sharp constant.",no,background,,
bunger2019complex,10.1007/s00022-019-0502-2,10.1007/s00022-019-0502-2,,https://openalex.org/W2969601075,Complex disk products and Cartesian ovals,2019,"Bunger, F.; Rump, S. M.",Journal of Geometry,O5,snowball,L1,2,2,,TITLE_ONLY,,H1;H4,Exact complex disk products via Cartesian ovals (title/metadata only). READ before submission.,no,technique,theorem_comparisons/L3_HET_huang2020_two_disk_heterogeneous.md,
farouki2002exact,adjudicated:farouki2002exact,10.1023/A:1014737602641,,,Exact Minkowski products of N complex disks,2002,"Farouki, R. T.; Pottmann, H.",,,adjudicated_only,L3,2,,,FULL_TEXT,,H1;H3,Prop. 4.1: product of N disks with different radii (heuristic boundary); Sec. 5 equal-point powers give the all-caps-pi/2 special case of H3 (round-1 R7(a)). No capped arcs.,yes,technique,theorem_comparisons/L3_HET_huang2020_two_disk_heterogeneous.md,
dohotaru2009exact,adjudicated:dohotaru2009exact,10.26421/QIC9.5-6-12,,,Exact quantum lower bound for Grover's problem,2009,"Dohotaru, C.; Hoyer, P.",,,adjudicated_only,L3,2,,,FULL_TEXT,,H1,"Lemma 4: angle hybrid argument adding heterogeneous per-step angles arcsin||Pi_y Psi_i||; technique analogue of heterogeneous angle subadditivity (unit vectors, unitary steps).",yes,technique,theorem_comparisons/L3_HET_quantum_budgets_fidelity_products.md,
verstraete2006matrix,adjudicated:verstraete2006matrix,10.1103/PhysRevB.73.094423,,,Matrix product states represent ground states faithfully,2006,"Verstraete, F.; Cirac, J. I.",,,adjudicated_only,L3,2,,,FULL_TEXT,,H1;H2,"Lemma 1: ||psi - psi_D||^2 <= 2 sum_alpha eps_alpha(D), heterogeneous per-bond discarded weights, additive, non-sharp.",yes,foundational,theorem_comparisons/L3_HET_quantum_budgets_fidelity_products.md,
giselsson2021compositions,10.1186/s13663-021-00709-0,10.1186/s13663-021-00709-0,1912.13165,https://openalex.org/W2998099872,On compositions of special cases of Lipschitz continuous operators,2021,"Giselsson, P.; Moursi, W. M.",Fixed Point Theory and Algorithms for Sciences and Engineering,O4,harvest+snowball,L1,2,2,,ABSTRACT_ONLY,,H4;H1,Compositions of heterogeneous special Lipschitz classes with tightening examples (abstract); anchor; full text not read.,no,technique,,
oikhberg1999products,adjudicated:oikhberg1999products,10.1090/S0002-9939-99-05255-7,,,Products of orthogonal projections,1999,"Oikhberg, T.",,,adjudicated_only,L3,2,,,FULL_TEXT,,H4,Lemma 2(a) (round-1 L3): planar chain of line projections with arbitrary successive angles acts as prod cos(theta_j) e^{i theta_j}; independent-angle planar witness known as a construction; extremality not stated.,yes,technique,theorem_comparisons/L3_HET_huang2020_two_disk_heterogeneous.md,round-1 threat 1 (R-claims); 2 for the H4 construction
ceruti2023rank,10.1137/22m1473790,10.1137/22M1473790,2201.10291,https://openalex.org/W4321481275,Rank-adaptive time integration of tree tensor networks,2023,"Ceruti, G.; Lubich, C.; Sulz, D.",SIAM Journal on Numerical Analysis,O1,snowball,L3,2,2,2,FULL_TEXT,"arXiv:2201.10291v2 Appendix A: Algorithm 7, (A.2), Theorem A.1 (c=||C||(d-1)+1), Remark after Thm A.1 (root tolerance theta/||C|| gives d*theta), proof (A.5)",H1;H2,"Thm A.1: uniform vertex tolerance (root may differ), telescoping bound depending only on number of vertices; heterogeneous version not stated; non-sharp.",yes,closest_prior_art,theorem_comparisons/L3_HET_ceruti2023_uniform_tolerance_telescoping.md,
ryu2022scaled,10.1007/s10107-021-01639-w,10.1007/s10107-021-01639-w,1902.09788,https://openalex.org/W2916081703,Scaled relative graphs: nonexpansive operators via 2D Euclidean geometry,2022,"Ryu, E. K.; Hannah, R.; Yin, W.",Mathematical Programming,O4,snowball,L2,2,2,2,FULL_TEXT,"Round-1 reading: Theorem 7 (SRG of composition vs Minkowski product of SRGs), Facts 16-17",H1;H4,"Thm 7: SRG of composition = Minkowski product of heterogeneous SRGs (angles add, lengths multiply); technique adjacent; no capped arcs, no tree constant.",yes,technique,theorem_comparisons/L3_HET_huang2020_two_disk_heterogeneous.md,
bennett1997strengths,adjudicated:bennett1997strengths,10.1137/S0097539796300933,,,Strengths and weaknesses of quantum computing,1997,"Bennett, C. H.; Bernstein, E.; Brassard, G.; Vazirani, U.",,,adjudicated_only,L3,2,,,FULL_TEXT,,H1;H2,Thm 3.3: telescoping of heterogeneous per-step errors (query magnitudes) with Cauchy-Schwarz; additive budget.,yes,technique,theorem_comparisons/L3_HET_quantum_budgets_fidelity_products.md,
hackbusch2012tensor,10.1007/978-3-642-28027-6,10.1007/978-3-642-28027-6,,https://openalex.org/W50417968,Tensor Spaces and Numerical Tensor Calculus,2012,"Hackbusch, W.",Springer series in computational mathematics,O1,snowball,L2,2,2,2,SECONDARY,Hackbusch monograph Thm 11.58 as quoted in Hackbusch MiS preprint 29/2018 eq. (4.13),H1;H2,"Thm 11.58 (as quoted in MiS preprint 29/2018 eq. 4.13): HT HOSVD truncation error <= sqrt(sum of node tails) <= sqrt(2d-3) best; heterogeneous, non-sharp.",yes,foundational,theorem_comparisons/L3_HET_grasedyck2010_oseledets2011_nodewise_budgets.md,
oseledets2011tensor,10.1137/090752286,10.1137/090752286,,https://openalex.org/W1993482030,Tensor-train decomposition,2011,"Oseledets, I. V.",SIAM Journal on Scientific Computing,O1,snowball,L2,2,2,2,SECONDARY,TT-SVD error bound ||A-B|| <= sqrt(sum_k eps_k^2) and quasi-optimality sqrt(d-1) (commonly cited as Thm 2.2 / Cor. 2.4; numbering NOT verified; statement confirmed via Hackbusch MiS preprint 29/2018 eq. (4.13) and remark),H1;H2,TT-SVD: error <= sqrt(sum eps_k^2) with heterogeneous per-unfolding errors; per-core tolerance eps/sqrt(d-1). Theorem numbering not verified.,yes,closest_prior_art,theorem_comparisons/L3_HET_grasedyck2010_oseledets2011_nodewise_budgets.md,
xu2002method,10.1090/s0894-0347-02-00398-3,10.1090/S0894-0347-02-00398-3,,https://openalex.org/W1530115438,The method of alternating projections and the method of subspace corrections in Hilbert space,2002,"Xu, J.; Zikatanov, L.",Journal of the American Mathematical Society,O4,harvest,L1,2,2,,ABSTRACT_ONLY,,H1;H4,Exact identity for norm of product of heterogeneous nonexpansive factors (I-P_j); different quantity (round-1 cited).,yes,foundational,,
huang2020tight,10.1016/j.jmaa.2020.124211,10.1016/j.jmaa.2020.124211,1912.01593,https://openalex.org/W3024233472,Tight coefficients of averaged operators via scaled relative graph,2020,"Huang, X.; Ryu, E. K.; Yin, W.",Journal of Mathematical Analysis and Applications,O4;O5,harvest+snowball,L3,2,3,2,FULL_TEXT,"arXiv:1912.01593 v2/v3 (round-1 reading): Theorem 1 (region of G(N_theta1 N_theta2), heterogeneous theta1,theta2, Cartesian oval), Corollary 1 (tight averagedness constant)",H4;H1,"Thm 1: exact product of two different disks (Cartesian oval); Cor. 1: tight heterogeneous two-factor averagedness coefficient. Heterogeneity is disk radius, not angle cap; two factors; different functional.",yes,closest_prior_art,theorem_comparisons/L3_HET_huang2020_two_disk_heterogeneous.md,L1 3 lowered to 2 at L3 adjudication
zhou2020what,10.1103/physrevx.10.041038,10.1103/PhysRevX.10.041038,2002.07730,https://openalex.org/W3006255022,What limits the simulation of quantum computers?,2020,"Zhou, Y.; Stoudenmire, E. M.; Waintal, X.",Physical Review X,O3;O6,harvest+snowball,L3,2,2,2,FULL_TEXT,"arXiv:2002.07730: Sec. IV.A, Eqs. (16)-(18): F(n) approx prod_i f_i (multiplicative heterogeneous per-gate fidelities), F=(f_inf)^n",H1;H2,"Eq. (17): F(n) approx prod f_i, heterogeneous per-gate truncation fidelities, heuristic; no worst-case bound.",yes,closest_prior_art,theorem_comparisons/L3_HET_quantum_budgets_fidelity_products.md,
,10.1137/21m1415911,10.1137/21m1415911,,https://openalex.org/W3157892620,Active Learning of Tree Tensor Networks using Optimal Least Squares,2023,Cécile Haberstich; Anthony Nouy; Guillaume Perrin,SIAM/ASA Journal on Uncertainty Quantification,O1,harvest,L1,2,2,,,,H1;H2,[abs] Tree-based PCA with rank adaptation to a prescribed error; error bound in expectation built from node-wise contributions; non-sharp [seen_in_round1],no,,,
,10.1023/a:1018910412112,10.1023/a:1018910412112,,https://openalex.org/W244957858,Algorithms for Minkowski products and implicitly‐defined complex sets,2000,Rida T. Farouki; Hwan Pyo Moon; Bahram Ravani,Advances in Computational Mathematics,O5,snowball,L1,2,2,,,,H1;H4,"[abs] Minkowski products of complex sets, boundary via logarithmic Gauss map; no box-constrained arcs or |1-z| objective",no,,,
,10.1007/s11155-006-2966-7,10.1007/s11155-006-2966-7,,https://openalex.org/W2078805650,Complex Interval Arithmetic Using Polar Form,2005,Yves Candau; Tarek Raïssi; Nacim Ramdani; Laurent Ibos,Reliable Computing,O5,snowball,L1,2,2,,,,H1;H4,[abs] Polar complex intervals: exact products where argument ranges add and moduli multiply; heterogeneous angle boxes but no cos(theta)e^{i theta} coupling,no,,,
,10.1002/rnc.4590040305,10.1002/rnc.4590040305,,https://openalex.org/W2081683784,Construction of value set for robustness analysis via circular arithmetic,1994,B.T. Polyak; P. S. Scherbakov; S. B. Shmulyian,International Journal of Robust and Nonlinear Control,O5,snowball,L1,2,2,,,,H1;H4,[abs] Value set of product of uncertain factors with disk uncertainty (heterogeneous radii); round-1 L3 abstract only,no,,,
,10.1103/physrevlett.91.147902,10.1103/physrevlett.91.147902,,https://openalex.org/W2036604884,Efficient Classical Simulation of Slightly Entangled Quantum Computations,2003,Guifré Vidal,Physical Review Letters,O1;O3,snowball,L1,2,2,,,,H1;H2,"[abs] Per-step truncation errors accumulate additively in TEBD-type simulation (heterogeneous, first-order) [seen_in_round1]",no,,,
,10.1103/physrevlett.93.040502,10.1103/physrevlett.93.040502,,https://openalex.org/W2004203093,Efficient Simulation of One-Dimensional Quantum Many-Body Systems,2004,Guifré Vidal,Physical Review Letters,O6,snowball,L1,2,2,,,,H1;H2,[abs] TEBD truncation errors add over steps (heterogeneous additive budget),no,,,
,10.1007/s10208-016-9314-z,10.1007/s10208-016-9314-z,,https://openalex.org/W1543207505,Iterative Methods Based on Soft Thresholding of Hierarchical Tensors,2016,Markus Bachmayr; Reinhold Schneider,Foundations of Computational Mathematics,O1,snowball,L1,2,2,,,,H1;H2,[abs] Node-wise soft thresholding in HT with global error estimates in terms of node thresholds; non-sharp,no,,,
,10.1023/a:1010318011860,10.1023/a:1010318011860,,https://openalex.org/W2108951449,Minkowski Geometric Algebra of Complex Sets,2001,Rida T. Farouki; Hwan Pyo Moon; Bahram Ravani,Geometriae Dedicata,O5,snowball,L1,2,2,,,,H1;H4,[abs] MGA framework (round-1 L3: two-disk ovals); heterogeneous products of complex sets,no,,,
,10.7153/oam-10-53,10.7153/oam-10-53,,https://openalex.org/W2963388124,Minkowski product of convex sets and product numerical range,2016,Chi-Kwong Li; Diane Christine Pelejo; Yiu‐Tung Poon; Kuo-Zhong Wang,Operators and Matrices,O5,snowball,L1,2,2,,,,H1,"[abs] Minkowski products of convex complex sets and product numerical range; heterogeneous factors, no error functional",no,,,
,10.48550/arxiv.1808.01707,10.48550/arxiv.1808.01707,,https://openalex.org/W2886700932,New Viewpoint and Algorithms for Water-Filling Solutions in Wireless Communications,2018,Chengwen Xing; Yindi Jing; Shuai Wang; Shaodan Ma; H. Vincent Poor,arXiv (Cornell University),O5,harvest,L1,2,2,,,,H3,[abs] Unified water-filling variants incl. bounded (capped) levels; H3 technique only,no,,,
,10.1109/tsp.2020.2973488,10.1109/tsp.2020.2973488,,https://openalex.org/W3006316852,New Viewpoint and Algorithms for Water-Filling Solutions in Wireless Communications,2020,Chengwen Xing; Yindi Jing; Shuai Wang; Shaodan Ma; H. Vincent Poor,IEEE Transactions on Signal Processing,O5,snowball,L1,2,2,,,,H3,[abs] Unified water-filling variants incl. bounded (capped) levels; H3 technique only,no,,,
,10.1287/ijoc.2021.1104,10.1287/ijoc.2021.1104,,https://openalex.org/W3080370515,On a Reduction for a Class of Resource Allocation Problems,2021,Martijn H. H. Schoot Uiterkamp; Marco E. T. Gerards; Johann L. Hurink,INFORMS journal on computing,O5,harvest,L1,2,2,,,,H3,[abs] Separable convex resource allocation with bound constraints (breakpoint solutions); H3 technique only,no,,,
,10.48550/arxiv.1912.13165,10.48550/arxiv.1912.13165,,https://openalex.org/W4287978787,On compositions of special cases of Lipschitz continuous operators,2019,Pontus Giselsson; Walaa M. Moursi,arXiv (Cornell University),O4,harvest,L1,2,2,,,,H4;H1,"[abs] Compositions of different special Lipschitz classes with tight examples; heterogeneous composition constants, different functional",no,,,
,10.1137/19m1304854,10.1137/19m1304854,,https://openalex.org/W2902628409,Operator Splitting Performance Estimation: Tight Contraction Factors and Optimal Parameter Selection,2020,Ernest K. Ryu; Adrien Taylor; Carolina Bergeling; Pontus Giselsson,SIAM Journal on Optimization,O4,snowball,L1,2,2,,,,H4,"[abs] Tight contraction factors of compositions via performance estimation; sharpness methodology, different functional",no,,,
,10.22331/q-2023-03-30-964,10.22331/q-2023-03-30-964,,https://openalex.org/W4361272941,Simulating quantum circuits using tree tensor networks,2023,Philipp Seitz; Ismael Medina; Esther Cruz; Qunsheng Huang; Christian B. Mendl,Quantum,O3,snowball,L1,2,2,,,,H1,[abs] Truncated TTN circuit simulation with per-truncation fidelity estimates [seen_in_round1],no,,,
,10.48550/arxiv.1912.01593,10.48550/arxiv.1912.01593,,https://openalex.org/W2994365220,Tight Coefficients of Averaged Operators via Scaled Relative Graph,2019,Xinmeng Huang; Ernest K. Ryu; Wotao Yin,arXiv (Cornell University),O4;O5,harvest+snowball,L2,2,3,2,FULL_TEXT,Duplicate (arXiv) of 10.1016/j.jmaa.2020.124211,H4;H1,Duplicate of Huang-Ryu-Yin 2020.,no,,screening/het_level2.csv,
ayral2023density,10.1103/prxquantum.4.020304,10.1103/PRXQuantum.4.020304,,https://openalex.org/W4362737055,Density-matrix renormalization group algorithm for simulating quantum circuits with a finite fidelity,2023,"Ayral, T.; Louvet, T.; Zhou, Y.; Lambert, C.; Stoudenmire, E. M.; Waintal, X.",PRX Quantum,O3,harvest+snowball,L2,1,2,,ABSTRACT_ONLY,,H1,Finite-fidelity circuit DMRG; per-step fidelity accounting; background.,no,background,theorem_comparisons/L3_HET_quantum_budgets_fidelity_products.md,L1 2 lowered to 1 (abstract: no bound)
lewalle2024optimal,adjudicated:lewalle2024optimal,10.1103/PRXQuantum.5.020366,2311.01631,,Optimal Zeno dragging for quantum control: a shortcut to Zeno with action-based scheduling optimization,2024,"Lewalle, P.; Zhang, Y.; Whaley, K. B.",,,adjudicated_only,L1,1,,,ABSTRACT_ONLY,,H3,"Nonuniform Zeno-dragging schedules via optimal control; background. POST_HOC: found by web search during L2 access work, outside the frozen harvest.",no,background,,
zhang2025optimal,adjudicated:zhang2025optimal,,2507.16128,,Optimal schedule of multi-channel quantum Zeno dragging with application to solving the k-SAT problem,2025,"Zhang, Y.; Sarlette, A.; Lewalle, P.; Karmakar, T.; Scharnhorst, T.; Whaley, K. B.",,,adjudicated_only,L1,1,,,ABSTRACT_ONLY,,H3,Optimal nonuniform dragging schedule (control theory); background. POST_HOC web-search find.,no,background,,
palomar2005practical,adjudicated:palomar2005practical,10.1109/TSP.2004.840816,,,Practical algorithms for a family of waterfilling solutions,2005,"Palomar, D. P.; Fonollosa, J. R.",,,adjudicated_only,L3,1,,,FULL_TEXT,,H3,"Exact algorithms for multi-level water-filling (Prop. 1, Cor. 1); total-power constraints; H3 technique background only.",no,technique,theorem_comparisons/L3_HET_waterfilling_capped_levels_H3.md,
he2013waterfilling,10.1109/twc.2013.061713.130278,10.1109/TWC.2013.061713.130278,,https://openalex.org/W2030132186,Water-filling: a geometric approach and its application to solve generalized radio resource allocation problems,2013,"He, P.; Zhao, L.; Zhou, S.; Niu, Z.",IEEE Transactions on Wireless Communications,O5,snowball,L3,1,2,2,ABSTRACT_ONLY,Abstract: GWF with individual peak power constraints (GWFPP) and group bounded power constraints,H3,"Water-filling with individual peak-power caps: min(cap, level) allocations; ingredient of H3 at fixed total angle only; cite only if H3 is proved.",no,technique,theorem_comparisons/L3_HET_waterfilling_capped_levels_H3.md,L1/L2 2 lowered to 1 at L3 (technique ingredient only) | L2 CSV threat 2 vs adjudicated 1
,10.1007/s00211-013-0544-6,10.1007/s00211-013-0544-6,,https://openalex.org/W1999591588,$$L^{\infty }$$ estimation of tensor truncations,2013,Wolfgang Hackbusch,Numerische Mathematik,O1,snowball,L1,1,1,,,,,"[title] same broad field; no heterogeneous/nodewise error bound, sharp constant or placement statement indicated [seen_in_round1]",no,,,
,10.1137/120887795,10.1137/120887795,,https://openalex.org/W1968154520,A Block Coordinate Descent Method for Regularized Multiconvex Optimization with Applications to Nonnegative Tensor Factorization and Completion,2013,Yangyang Xu; Wotao Yin,SIAM Journal on Imaging Sciences,O1,snowball,L1,1,1,,,,,"[title] same broad field; no heterogeneous/nodewise error bound, sharp constant or placement statement indicated",no,,,
,10.1287/ijoo.2021.0065,10.1287/ijoo.2021.0065,,https://openalex.org/W4293255259,A Class of Convex Quadratic Nonseparable Resource Allocation Problems with Generalized Bound Constraints,2022,Martijn H. H. Schoot Uiterkamp; Marco E. T. Gerards; Johann L. Hurink,INFORMS Journal on Optimization,O5,harvest,L1,1,1,,,,H3,"[abs] Resource allocation with generalized bounds; quadratic, background",no,,,
,10.3390/quantum7010002,10.3390/quantum7010002,,https://openalex.org/W4405979679,A Comprehensive Review of Quantum Circuit Optimization: Current Trends and Future Directions,2025,Krishnageetha Karuppasamy; Varun Puram; Stevens Johnson; Johnson P. Thomas,Quantum Reports,O6,harvest,L1,1,1,,,,,"[title] same broad field; no heterogeneous/nodewise error bound, sharp constant or placement statement indicated",no,,,
,10.1007/s11228-022-00631-6,10.1007/s11228-022-00631-6,,https://openalex.org/W3191603018,A Direct Proof of Convergence of Davis–Yin Splitting Algorithm Allowing Larger Stepsizes,2022,Francisco J. Aragón Artacho; David Torregrosa-Belén,Set-Valued and Variational Analysis,O4,snowball,L1,1,1,,,,,"[title] same broad field; no heterogeneous/nodewise error bound, sharp constant or placement statement indicated",no,,,
,10.1214/ss/1009213727,10.1214/ss/1009213727,,https://openalex.org/W1979378106,A General Projection Framework for Constrained Smoothing,2001,Enno Mammen; J. S. Marron; Berwin A. Turlach; M. P. Wand,Statistical Science,O4,harvest,L1,1,1,,,,,"[title] same broad field; no heterogeneous/nodewise error bound, sharp constant or placement statement indicated [seen_in_round1]",no,,,
,10.1137/120872802,10.1137/120872802,,https://openalex.org/W2030254567,A Generalized Forward-Backward Splitting,2013,Hugo Raguet; Jalal Fadili; Gabriel Peyré,SIAM Journal on Imaging Sciences,O4,snowball,L1,1,1,,,,,"[title] same broad field; no heterogeneous/nodewise error bound, sharp constant or placement statement indicated",no,,,
,10.48550/arxiv.2608.07526,10.48550/arxiv.2608.07526,,https://openalex.org/W7202201979,A Mean-Informed Low-Rank Monolithic Stochastic Galerkin Solver for the Unsteady Navier-Stokes Equations,2026,Ahmet Kaan Aydın; Bedřich Sousedík,arXiv (Cornell University),O2,harvest,L1,1,1,,,,,"[title] same broad field; no heterogeneous/nodewise error bound, sharp constant or placement statement indicated",no,,,
,10.1137/s0895479896305696,10.1137/s0895479896305696,,https://openalex.org/W2013912476,A Multilinear Singular Value Decomposition,2000,Lieven De Lathauwer; Bart De Moor; Joos Vandewalle,SIAM Journal on Matrix Analysis and Applications,O1,snowball,L1,1,1,,,,H1,[abs] HOSVD per-mode tails sum bound; background [seen_in_round1],no,,,
,10.1007/s00041-009-9094-9,10.1007/s00041-009-9094-9,,https://openalex.org/W2088025933,A New Scheme for the Tensor Representation,2009,Wolfgang Hackbusch; Simone Kühn,Journal of Fourier Analysis and Applications,O1,snowball,L1,1,1,,,,,"[title] same broad field; no heterogeneous/nodewise error bound, sharp constant or placement statement indicated [seen_in_round1]",no,,,
,10.1137/090754297,10.1137/090754297,,https://openalex.org/W2047515743,A Parallel Splitting Method for Coupled Monotone Inclusions,2010,Hédy Attouch; Luis M. Briceño-Arias; Patrick L. Combettes,SIAM Journal on Control and Optimization,O4,snowball,L1,1,1,,,,,"[title] same broad field; no heterogeneous/nodewise error bound, sharp constant or placement statement indicated",no,,,
,10.1109/tetci.2021.3098831,10.1109/tetci.2021.3098831,,https://openalex.org/W3190203171,A Primal-Dual Forward-Backward Splitting Algorithm for Distributed Convex Optimization,2021,Huaqing Li; Enbing Su; Chengbo Wang; Jiawei Liu; Zuqing Zheng; Zheng Wang,IEEE Transactions on Emerging Topics in Computational Intelligence,O4,snowball,L1,1,1,,,,,"[title] same broad field; no heterogeneous/nodewise error bound, sharp constant or placement statement indicated",no,,,
,10.1007/s10957-012-0245-9,10.1007/s10957-012-0245-9,,https://openalex.org/W1998991750,"A Primal–Dual Splitting Method for Convex Optimization Involving Lipschitzian, Proximable and Linear Composite Terms",2012,Laurent Condat,Journal of Optimization Theory and Applications,O4,snowball,L1,1,1,,,,,"[title] same broad field; no heterogeneous/nodewise error bound, sharp constant or placement statement indicated",no,,,
,10.1007/978-3-319-69802-1_9,10.1007/978-3-319-69802-1_9,,https://openalex.org/W2766870359,A Randomized Tensor Train Singular Value Decomposition,2017,Benjamin Huber; Reinhold Schneider; Sebastian Wolf,Applied and numerical harmonic analysis,O1,snowball,L1,1,1,,,,,"[title] same broad field; no heterogeneous/nodewise error bound, sharp constant or placement statement indicated",no,,,
,10.1109/access.2019.2949814,10.1109/access.2019.2949814,,https://openalex.org/W2982471955,A Survey on Tensor Techniques and Applications in Machine Learning,2019,Yuwang Ji; Qiang Wang; Xuan Li; Jie Liu,IEEE Access,O1;O2,harvest+snowball,L1,1,1,,,,,"[title] same broad field; no heterogeneous/nodewise error bound, sharp constant or placement statement indicated [seen_in_round1]",no,,,
,10.1007/s11228-017-0421-z,10.1007/s11228-017-0421-z,,https://openalex.org/W2963654173,A Three-Operator Splitting Scheme and its Optimization Applications,2017,Damek Davis; Wotao Yin,Set-Valued and Variational Analysis,O4,snowball,L1,1,1,,,,,"[title] same broad field; no heterogeneous/nodewise error bound, sharp constant or placement statement indicated",no,,,
,10.1109/tsg.2011.2177103,10.1109/tsg.2011.2177103,,https://openalex.org/W2030343799,A Water-Filling Based Scheduling Algorithm for the Smart Grid,2012,Merwais Shinwari; Amr Youssef; Walaa Hamouda,IEEE Transactions on Smart Grid,O5,snowball,L1,1,1,,,,,"[abs] same broad field; no heterogeneous/nodewise error bound, sharp constant or placement statement indicated",no,,,
,10.23952/jano.4.2022.2.09,10.23952/jano.4.2022.2.09,,https://openalex.org/W4285242719,A constrained LiGME model and its proximal splitting algorithm under overall convexity condition,2022,,Journal of Applied and Numerical Optimization,O4,snowball,L1,1,1,,,,,"[title] same broad field; no heterogeneous/nodewise error bound, sharp constant or placement statement indicated",no,,,
,10.1002/gamm.201310004,10.1002/gamm.201310004,,https://openalex.org/W1967077133,A literature survey of low‐rank tensor approximation techniques,2013,Lars Grasedyck; Daniel Kreßner; Christine Tobler,GAMM-Mitteilungen,O1,snowball,L1,1,1,,,,,"[title] same broad field; no heterogeneous/nodewise error bound, sharp constant or placement statement indicated [seen_in_round1]",no,,,
,10.1109/18.737524,10.1109/18.737524,,https://openalex.org/W2131634726,A multistage representation of the Wiener filter based on orthogonal projections,1998,J.S. Goldstein; I.S. Reed; Louis L. Scharf,IEEE Transactions on Information Theory,O6,harvest,L1,1,1,,,,,"[title] same broad field; no heterogeneous/nodewise error bound, sharp constant or placement statement indicated",no,,,
,10.1134/s1064562409040115,10.1134/s1064562409040115,,https://openalex.org/W2056704685,A new tensor decomposition,2009,Ivan Oseledets,Doklady Mathematics,O1,snowball,L1,1,1,,,,,"[title] same broad field; no heterogeneous/nodewise error bound, sharp constant or placement statement indicated",no,,,
,10.1007/s10898-018-0660-z,10.1007/s10898-018-0660-z,,https://openalex.org/W2800547241,A note on the Douglas–Rachford splitting method for optimization problems involving hypoconvex functions,2018,Ke Guo; Deren Han,Journal of Global Optimization,O4,snowball,L1,1,1,,,,,"[title] same broad field; no heterogeneous/nodewise error bound, sharp constant or placement statement indicated",no,,,
,10.48550/arxiv.2412.00858,10.48550/arxiv.2412.00858,,https://openalex.org/W4405033632,A parallel Basis Update and Galerkin Integrator for Tree Tensor Networks,2024,Gianluca Ceruti; Jonas Kusch; Christian Lubich; Dominik Sulz,arXiv (Cornell University),O1,harvest,L1,1,1,,,,,"[abs] same broad field; no heterogeneous/nodewise error bound, sharp constant or placement statement indicated [seen_in_round1]",no,,,
,apracticalinvestigationontimeintegrationinthequantizedtensortrainformat,,,https://openalex.org/W7161354546,A practical investigation on time integration in the quantized tensor train format,2026,Erika Ye,arXiv (Cornell University),O1,harvest,L1,1,1,,,,,"[title] same broad field; no heterogeneous/nodewise error bound, sharp constant or placement statement indicated",no,,,
,10.1002/nla.1818,10.1002/nla.1818,,https://openalex.org/W1504748373,A projection method to solve linear systems in tensor format,2012,Jonas Ballani; Lars Grasedyck,Numerical Linear Algebra with Applications,O1,snowball,L1,1,1,,,,,"[abs] same broad field; no heterogeneous/nodewise error bound, sharp constant or placement statement indicated [seen_in_round1]",no,,,
,10.1007/s10543-013-0454-0,10.1007/s10543-013-0454-0,,https://openalex.org/W2096434207,A projector-splitting integrator for dynamical low-rank approximation,2013,Christian Lubich; Ivan Oseledets,BIT Numerical Mathematics,O1,snowball,L1,1,1,,,,,"[title] same broad field; no heterogeneous/nodewise error bound, sharp constant or placement statement indicated [seen_in_round1]",no,,,
,arxiv:2110.12564,,2110.12564,,A rank-adaptive higher-order orthogonal iteration algorithm for truncated Tucker decomposition,2021,Chuanfu Xiao; Chao Yang,arXiv.org,O1,harvest,L1,1,1,,,,,"[title] same broad field; no heterogeneous/nodewise error bound, sharp constant or placement statement indicated",no,,,
,10.1145/3002151.3002167,10.1145/3002151.3002167,,https://openalex.org/W2559164046,A surrogate visualization model using the tensor train format,2016,Rafael Ballester‐Ripoll; E. G. Paredes; Renato Pajarola,,O2,harvest,L1,1,1,,,,,"[title] same broad field; no heterogeneous/nodewise error bound, sharp constant or placement statement indicated",no,,,
,10.1051/m2an/2014019,10.1051/m2an/2014019,,https://openalex.org/W1965727018,A tensor approximation method based on ideal minimal residual formulations for the solution of high-dimensional problems,2014,Marie Billaud-Friess; Anthony Nouy; Olivier Zahm,ESAIM Mathematical Modelling and Numerical Analysis,O1,snowball,L1,1,1,,,,,"[title] same broad field; no heterogeneous/nodewise error bound, sharp constant or placement statement indicated",no,,,
,10.48550/arxiv.2412.14460,10.48550/arxiv.2412.14460,,https://openalex.org/W4405627525,A tensor-train reduced basis solver for parameterized partial differential equations on Cartesian grids,2024,Nicholas Mueller; Yiran Zhao; Santiago Badia; Tiangang Cui,arXiv (Cornell University),O2,harvest,L1,1,1,,,,,"[abs] same broad field; no heterogeneous/nodewise error bound, sharp constant or placement statement indicated",no,,,
,10.48550/arxiv.1811.10573,10.48550/arxiv.1811.10573,,https://openalex.org/W4298392728,Accelerating Alternating Least Squares for Tensor Decomposition by Pairwise Perturbation,2018,Linjian Ma; Edgar Solomonik,arXiv (Cornell University),O1;O2,harvest,L1,1,1,,,,,"[title] same broad field; no heterogeneous/nodewise error bound, sharp constant or placement statement indicated",no,,,
,10.1137/18m121160x,10.1137/18m121160x,,https://openalex.org/W2890945080,Adaptive Douglas--Rachford Splitting Algorithm for the Sum of Two Operators,2019,Minh N. Dao; Hung M. Phan,SIAM Journal on Optimization,O4,snowball,L1,1,1,,,,,"[title] same broad field; no heterogeneous/nodewise error bound, sharp constant or placement statement indicated",no,,,
,10.48550/arxiv.1412.3951,10.48550/arxiv.1412.3951,,https://openalex.org/W2240521506,Adaptive Low-Rank Methods for Problems on Sobolev Spaces with Error Control in $L_2$,2014,Markus Bachmayr; Wolfgang Dahmen,arXiv (Cornell University),O1,harvest,L1,1,1,,,,,"[title] same broad field; no heterogeneous/nodewise error bound, sharp constant or placement statement indicated",no,,,
,10.1137/140978223,10.1137/140978223,,https://openalex.org/W2181385834,Adaptive Low-Rank Methods: Problems on Sobolev Spaces,2016,Markus Bachmayr; Wolfgang Dahmen,SIAM Journal on Numerical Analysis,O1,snowball,L1,1,1,,,,,"[title] same broad field; no heterogeneous/nodewise error bound, sharp constant or placement statement indicated",no,,,
,10.1007/s10208-013-9187-3,10.1007/s10208-013-9187-3,,https://openalex.org/W2112160616,Adaptive Near-Optimal Rank Tensor Approximation for High-Dimensional Operator Equations,2014,Markus Bachmayr; Wolfgang Dahmen,Foundations of Computational Mathematics,O1,harvest+snowball,L1,1,1,,,,,"[title] same broad field; no heterogeneous/nodewise error bound, sharp constant or placement statement indicated [seen_in_round1]",no,,,
,adaptivenearoptimalranktensorapproximationforhighdimensionaloperatorequations,,,https://openalex.org/W3098901429,Adaptive Near-Optimal Rank Tensor Approximation for High-Dimensional Operator Equations,2013,Markus Bachmayr; Wolfgang Dahmen; Markus Bachmayr; Wolfgang Dahmen; Markus Bachmayr; Wolfgang Dahmen,,O1,snowball,L1,1,1,,,,,"[title] same broad field; no heterogeneous/nodewise error bound, sharp constant or placement statement indicated [seen_in_round1]",no,,,
,10.1021/acs.jctc.6c00487,10.1021/acs.jctc.6c00487,,https://openalex.org/W7162541862,Adaptive Tensor Train Metadynamics for High-Dimensional Free Energy Exploration,2026,Nils E. Strand; Siyao Yang; Yuehaw Khoo; Aaron R. Dinner,Journal of Chemical Theory and Computation,O1,harvest,L1,1,1,,,,,"[title] same broad field; no heterogeneous/nodewise error bound, sharp constant or placement statement indicated",no,,,
,10.1051/m2an/2015071,10.1051/m2an/2015071,,https://openalex.org/W2963670608,Adaptive low-rank methods for problems on Sobolev spaces with error control in L2,2015,Markus Bachmayr; Wolfgang Dahmen,ESAIM Mathematical Modelling and Numerical Analysis,O1,snowball,L1,1,1,,,,,"[title] same broad field; no heterogeneous/nodewise error bound, sharp constant or placement statement indicated",no,,,
,10.70675/f9ea95cdze8acz4d7ez8a75zb6c9cdfd35d3,10.70675/f9ea95cdze8acz4d7ez8a75zb6c9cdfd35d3,,https://openalex.org/W4392264018,Adaptive tensor methods for high dimensional problems,2023,María Fuente Ruiz,,O1,harvest,L1,1,1,,,,,"[title] same broad field; no heterogeneous/nodewise error bound, sharp constant or placement statement indicated",no,,,
,10.1137/100811647,10.1137/100811647,,https://openalex.org/W2096458015,Algebraic Wavelet Transform via Quantics Tensor Train Decomposition,2011,Ivan Oseledets; Eugene E. Tyrtyshnikov,SIAM Journal on Scientific Computing,O1,snowball,L1,1,1,,,,,"[title] same broad field; no heterogeneous/nodewise error bound, sharp constant or placement statement indicated",no,,,
,10.1109/lawp.2026.3686466,10.1109/LAWP.2026.3686466,,,An Adaptive Interval-Constrained Tucker Decomposition for Efficient Multilevel Fast Multipole Algorithm,2026,Haohui Ge; Yang Liu; Sheng Sun; Han-Yu Li; Hai-Jing Zhou,IEEE Antennas and Wireless Propagation Letters,O1,harvest,L1,1,1,,,,,"[title] same broad field; no heterogeneous/nodewise error bound, sharp constant or placement statement indicated",no,,,
,10.48550/arxiv.2509.00805,10.48550/arXiv.2509.00805,2509.00805,,An Inexact Low-Rank Source Iteration for Steady-State Radiative Transfer Equation with Diffusion Synthetic Acceleration,2025,Wei Guo; Zhichao Peng,arXiv.org,O1,harvest,L1,1,1,,,,,"[title] same broad field; no heterogeneous/nodewise error bound, sharp constant or placement statement indicated",no,,,
,10.48550/arxiv.2509.11890,10.48550/arxiv.2509.11890,,https://openalex.org/W4415089199,An Inexact Tensor-Train Primal-Dual Interior-Point Method for Semidefinite Programs,2025,Frederik Kelbel; Sergey Dolgov; Dante Kalise; Alessandra Russo,arXiv (Cornell University),O1,harvest,L1,1,1,,,,,"[title] same broad field; no heterogeneous/nodewise error bound, sharp constant or placement statement indicated",no,,,
,10.2478/cmam-2011-0016,10.2478/cmam-2011-0016,,https://openalex.org/W2096699795,An Introduction to Hierarchical (H-) Rank and TT-Rank of Tensors with Examples,2011,Lars Grasedyck; Wolfgang Hackbusch,Computational Methods in Applied Mathematics,O1,snowball,L1,1,1,,,,,"[title] same broad field; no heterogeneous/nodewise error bound, sharp constant or placement statement indicated [seen_in_round1]",no,,,
,10.1103/physrevresearch.7.013213,10.1103/physrevresearch.7.013213,,https://openalex.org/W4408023192,Analog simulation of noisy quantum circuits,2025,Etienne Granet; Kévin Hémery; Henrik Dreyer,Physical Review Research,O6,snowball,L1,1,1,,,,,"[title] same broad field; no heterogeneous/nodewise error bound, sharp constant or placement statement indicated",no,,,
,10.48550/arxiv.2006.06762,10.48550/arxiv.2006.06762,,https://openalex.org/W3035582633,Ansor: Generating High-Performance Tensor Programs for Deep Learning,2020,Lianmin Zheng; Chengfan Jia; Minmin Sun; Zhao Wu; Cody Hao Yu; Ameer Haj-Ali,arXiv (Cornell University),O2,harvest,L1,1,1,,,,,"[title] same broad field; no heterogeneous/nodewise error bound, sharp constant or placement statement indicated",no,,,
,10.1103/p8dn-glcw,10.1103/p8dn-glcw,,https://openalex.org/W7108452303,Anticoncentration in Clifford Circuits and Beyond: From Random Tensor Networks to Pseudomagic States,2025,"Magni, Beatrice; Christopoulos, Alexios; De Luca, Andrea; Turkeshi, Xhek",Kölner Universitäts PublikationsServer (Universität zu Köln),O3,harvest,L1,1,1,,,,,"[title] same broad field; no heterogeneous/nodewise error bound, sharp constant or placement statement indicated",no,,,
,10.22331/q-2024-12-27-1580,10.22331/q-2024-12-27-1580,,https://openalex.org/W4405847480,Approximate Contraction of Arbitrary Tensor Networks with a Flexible and Efficient Density Matrix Algorithm,2024,Linjian Ma; Matthew Fishman; E. Miles Stoudenmire; Edgar Solomonik,Quantum,O1,harvest,L1,1,1,,,,,"[title] same broad field; no heterogeneous/nodewise error bound, sharp constant or placement statement indicated [seen_in_round1]",no,,,
,10.1145/3731251,10.1145/3731251,,https://openalex.org/W4409585278,Approximate Quantum Compiling for Quantum Simulation: A Tensor Network Based Approach,2025,Niall Robertson; Albert Akhriev; Jiří Vala; Sergiy Zhuk,ACM Transactions on Quantum Computing,O3,harvest,L1,1,1,,,,,"[abs] same broad field; no heterogeneous/nodewise error bound, sharp constant or placement statement indicated",no,,,
,10.1137/21m1412190,10.1137/21m1412190,,https://openalex.org/W3156706052,Approximating Optimal feedback Controllers of Finite Horizon Control Problems Using Hierarchical Tensor Formats,2022,Mathias Oster; Leon Sallandt; Reinhold Schneider,SIAM Journal on Scientific Computing,O1,snowball,L1,1,1,,,,,"[title] same broad field; no heterogeneous/nodewise error bound, sharp constant or placement statement indicated",no,,,
,10.1007/s00365-023-09620-w,10.1007/s00365-023-09620-w,,https://openalex.org/W4323539300,Approximation Theory of Tree Tensor Networks: Tensorized Univariate Functions,2023,Mazen Ali; Anthony Nouy,Constructive Approximation,O1,snowball,L1,1,1,,,,,"[title] same broad field; no heterogeneous/nodewise error bound, sharp constant or placement statement indicated",no,,,
,10.1016/j.laa.2026.08.022,10.1016/j.laa.2026.08.022,,https://openalex.org/W7203743279,Approximation and composition of functions in quantized tensor trains via orthogonal polynomial expansions,2026,Juan José Rodríguez-Aldavero; Paula García-Molina; Luca Tagliacozzo; Juan José García-Ripoll,Linear Algebra and its Applications,O2,harvest,L1,1,1,,,,,"[title] same broad field; no heterogeneous/nodewise error bound, sharp constant or placement statement indicated",no,,,
,10.1016/j.jco.2013.10.001,10.1016/j.jco.2013.10.001,,https://openalex.org/W2160251536,Approximation rates for the hierarchical tensor format in periodic Sobolev spaces,2013,Reinhold Schneider; André Uschmajew,Journal of Complexity,O1,snowball,L1,1,1,,,,,"[title] same broad field; no heterogeneous/nodewise error bound, sharp constant or placement statement indicated [seen_in_round1]",no,,,
,10.1137/20m1372500,10.1137/20m1372500,,https://openalex.org/W3092417881,Approximative Policy Iteration for Exit Time Feedback Control Problems Driven by Stochastic Differential Equations using Tensor Train Format,2022,Konstantin Fackeldey; Mathias Oster; Leon Sallandt; Reinhold Schneider,Multiscale Modeling and Simulation,O1,snowball,L1,1,1,,,,,"[title] same broad field; no heterogeneous/nodewise error bound, sharp constant or placement statement indicated",no,,,
,10.48550/arxiv.1304.7078,10.48550/arxiv.1304.7078,,https://openalex.org/W2951158117,Asymptotic behavior of compositions of under-relaxed nonexpansive operators,2013,Jean-Bernard Baillon; Patrick L. Combettes; Roberto Cominetti,arXiv (Cornell University),O4,snowball,L1,1,1,,,,,"[title] same broad field; no heterogeneous/nodewise error bound, sharp constant or placement statement indicated",no,,,
,10.3934/jdg.2014.1.331,10.3934/jdg.2014.1.331,,https://openalex.org/W1986239857,Asymptotic behavior ofcompositions of under-relaxed nonexpansive operators,2014,Jean-Bernard Baillon; Patrick L. Combettes; Roberto Cominetti,Journal of Dynamics and Games,O4,snowball,L1,1,1,,,,,"[title] same broad field; no heterogeneous/nodewise error bound, sharp constant or placement statement indicated",no,,,
,10.21468/scipostphys.8.1.005,10.21468/scipostphys.8.1.005,,https://openalex.org/W2755790032,Automatic contraction of unstructured tensor networks,2020,Adam Jermyn,SciPost Physics,O1,snowball,L1,1,1,,,,,"[title] same broad field; no heterogeneous/nodewise error bound, sharp constant or placement statement indicated",no,,,
,10.1088/1361-6420/abd85a,10.1088/1361-6420/abd85a,,https://openalex.org/W3083172993,Bayesian inversion for electromyography using low-rank tensor formats,2021,Anna Rörich; Tim A. Werthmann; Dominik Göddeke; Lars Grasedyck,Inverse Problems,O1,harvest,L1,1,1,,,,,"[title] same broad field; no heterogeneous/nodewise error bound, sharp constant or placement statement indicated",no,,,
,10.22331/q-2024-11-26-1538,10.22331/q-2024-11-26-1538,,https://openalex.org/W4404745643,Beyond MP2 initialization for unitary coupled cluster quantum circuits,2024,Mark R. Hirsbrunner; Diana Chamaki; J. Wayne Mullinax; Norm M. Tubman,Quantum,O6,snowball,L1,1,1,,,,,"[title] same broad field; no heterogeneous/nodewise error bound, sharp constant or placement statement indicated",no,,,
,10.1016/j.laa.2011.08.010,10.1016/j.laa.2011.08.010,,https://openalex.org/W1967538125,Black box approximation of tensors in hierarchical Tucker format,2011,Jonas Ballani; Lars Grasedyck; Melanie Kluge,Linear Algebra and its Applications,O1,snowball,L1,1,1,,,,,"[title] same broad field; no heterogeneous/nodewise error bound, sharp constant or placement statement indicated [seen_in_round1]",no,,,
,10.1007/s11075-005-4565-9,10.1007/s11075-005-4565-9,,https://openalex.org/W1971768631,Boundary evaluation algorithms for Minkowski combinations of complex sets using topological analysis of implicit curves,2005,Rida T. Farouki; Chang Yong Han; Joel Hass,Numerical Algorithms,O5,snowball,L1,1,1,,,,,"[title] same broad field; no heterogeneous/nodewise error bound, sharp constant or placement statement indicated",no,,,
,10.5566/ias.v26.p83-92,10.5566/ias.v26.p83-92,,https://openalex.org/W2068131454,COMPUTATION OF MINKOWSKI MEASURES ON 2D AND 3D BINARY IMAGES,2011,David Legland; Kiên Kiêu; Marie‐Françoise Devaux,Image Analysis & Stereology,O5,harvest,L1,1,1,,,,,"[title] same broad field; no heterogeneous/nodewise error bound, sharp constant or placement statement indicated",no,,,
,10.1103/prxquantum.3.040339,10.1103/prxquantum.3.040339,,https://openalex.org/W4313304032,Calibrating the Classical Hardness of the Quantum Approximate Optimization Algorithm,2022,Maxime Dupont; Nicolas Didier; Mark J. Hodson; Joel E. Moore; Matthew J. Reagor,PRX Quantum,O6,snowball,L1,1,1,,,,H1,"[abs] MPS fidelity vs bond dimension for QAOA; per-gate fidelity model, background",no,,,
,certifiedquantumschrdingercontrolviahierarchicaltuckermodels,,,https://openalex.org/W7140238261,Certified Quantum Schrödinger Control via Hierarchical Tucker Models,2026,Nahid Binandeh Dehaghani; Rafal Wisniewski; A. Pedro Aguiar,arXiv (Cornell University),O1,harvest,L1,1,1,,,,H1,[abs] Fixed-rank HT truncation as bounded perturbation in closed-loop control; background,no,,,
,10.1137/1.9781611974829.ch4,10.1137/1.9781611974829.ch4,,https://openalex.org/W2736093993,Chapter 4: Low-Rank Methods for High-Dimensional Approximation and Model Order Reduction,2017,Anthony Nouy,Society for Industrial and Applied Mathematics eBooks,O1,harvest,L1,1,1,,,,,"[title] same broad field; no heterogeneous/nodewise error bound, sharp constant or placement statement indicated",no,,,
,10.1016/j.cpc.2014.01.019,10.1016/j.cpc.2014.01.019,,https://openalex.org/W2024891511,CheMPS2: A free open-source spin-adapted implementation of the density matrix renormalization group for ab initio quantum chemistry,2014,Sebastian Wouters; Ward Poelmans; Paul W. Ayers; Dimitri Van Neck,Computer Physics Communications,O1,snowball,L1,1,1,,,,,"[title] same broad field; no heterogeneous/nodewise error bound, sharp constant or placement statement indicated",no,,,
,10.1103/physrevb.90.045144,10.1103/physrevb.90.045144,,https://openalex.org/W1996983608,Chebyshev expansion for impurity models using matrix product states,2014,Martin Ganahl; Patrik Thunström; Frank Verstraete; Karsten Held; Hans Gerd Evertz,Physical Review B,O3,harvest,L1,1,1,,,,,"[title] same broad field; no heterogeneous/nodewise error bound, sharp constant or placement statement indicated",no,,,
,10.1007/bf01404681,10.1007/bf01404681,,https://openalex.org/W2019656110,Circular arithmetic and the determination of polynomial zeros,1971,Irene Gargantini; Peter Henrici,Numerische Mathematik,O5,snowball,L1,1,1,,,,,"[title] same broad field; no heterogeneous/nodewise error bound, sharp constant or placement statement indicated",no,,,
,10.1103/ybnf-rjw8,10.1103/ybnf-rjw8,,https://openalex.org/W4405767530,Classical simulability of Clifford + T circuits with Clifford-augmented matrix product states,2026,Zejun Liu; Bryan K. Clark,Physical Review Research,O6,snowball,L1,1,1,,,,,"[title] same broad field; no heterogeneous/nodewise error bound, sharp constant or placement statement indicated",no,,,
,10.1103/physreva.104.022407,10.1103/physreva.104.022407,,https://openalex.org/W3125096989,Classical simulation of lossy boson sampling using matrix product operators,2021,Changhun Oh; Kyungjoo Noh; Bill Fefferman; Liang Jiang,Physical Review A,O3,snowball,L1,1,1,,,,,"[title] same broad field; no heterogeneous/nodewise error bound, sharp constant or placement statement indicated",no,,,
,10.1038/s41534-024-00955-1,10.1038/s41534-024-00955-1,,https://openalex.org/W4410614334,Classical simulations of noisy variational quantum circuits,2025,Enrico Fontana; Manuel S. Rudolph; Ross Duncan; Ivan Rungger; Cristina Cîrstoiu,npj Quantum Information,O6,snowball,L1,1,1,,,,,"[title] same broad field; no heterogeneous/nodewise error bound, sharp constant or placement statement indicated",no,,,
,10.1103/revmodphys.82.277,10.1103/revmodphys.82.277,,https://openalex.org/W1922629554,Colloquium : Area laws for the entanglement entropy,2010,Jens Eisert; M. Cramer; Martin B. Plenio,Reviews of Modern Physics,O6,snowball,L1,1,1,,,,,"[abs] same broad field; no heterogeneous/nodewise error bound, sharp constant or placement statement indicated [seen_in_round1]",no,,,
,10.1103/physreva.109.062437,10.1103/physreva.109.062437,,https://openalex.org/W4400080275,Combining matrix product states and noisy quantum computers for quantum simulation,2024,Baptiste Anselme Martin; Thomas Ayral; François Jamet; Marko J. Rančić; Pascal Simon,Physical Review A,O6,snowball,L1,1,1,,,,,"[title] same broad field; no heterogeneous/nodewise error bound, sharp constant or placement statement indicated",no,,,
,10.1016/j.jcp.2022.111646,10.1016/j.jcp.2022.111646,,https://openalex.org/W4300717023,Committor functions via tensor networks,2022,Yian Chen; Jeremy G. Hoskins; Yuehaw Khoo; Michael Lindsey,Journal of Computational Physics,O1,snowball,L1,1,1,,,,,"[title] same broad field; no heterogeneous/nodewise error bound, sharp constant or placement statement indicated",no,,,
,10.1021/acs.jctc.4c00751,10.1021/acs.jctc.4c00751,,https://openalex.org/W4403134590,Comparison of Matrix Product State and Multiconfiguration Time-Dependent Hartree Methods for Nonadiabatic Dynamics of Exciton Dissociation,2024,Maximilian F. X. Dorfner; Dominik Brey; Irène Burghardt; Frank Ortmann,Journal of Chemical Theory and Computation,O1,snowball,L1,1,1,,,,,"[title] same broad field; no heterogeneous/nodewise error bound, sharp constant or placement statement indicated [seen_in_round1]",no,,,
,10.1088/2058-9565/aaa331,10.1088/2058-9565/aaa331,,https://openalex.org/W2616974032,Compiling quantum circuits to realistic hardware architectures using temporal planners,2017,Davide Venturelli; N. Minh; Eleanor Rieffel; Jeremy Frank,Quantum Science and Technology,O6,harvest,L1,1,1,,,,,"[title] same broad field; no heterogeneous/nodewise error bound, sharp constant or placement statement indicated",no,,,
,complexintervalarithmeticanditsapplications,,,https://openalex.org/W577544449,Complex Interval Arithmetic and Its Applications,1998,Miodrag S. Petković; Ljiljana D. Petković,Medical Entomology and Zoology,O5,snowball,L1,1,1,,,,,"[title] same broad field; no heterogeneous/nodewise error bound, sharp constant or placement statement indicated",no,,,
,10.1109/cdc.2005.1582719,10.1109/cdc.2005.1582719,,https://openalex.org/W2111315482,Complex Interval Constraint Propagation for Non Linear Bounded-Error Parameter Identification,2005,Nacim Ramdani; Tarek Raïssi; Yves Candau; Laurent Ibos,,O5,snowball,L1,1,1,,,,,"[title] same broad field; no heterogeneous/nodewise error bound, sharp constant or placement statement indicated",no,,,
,10.48550/arxiv.2410.03572,10.48550/arxiv.2410.03572,,https://openalex.org/W4403884692,Compressing multivariate functions with tree tensor networks,2024,Joseph Tindall; Miles Stoudenmire; Ryan Levy,arXiv (Cornell University),O1,harvest,L1,1,1,,,,,"[title] same broad field; no heterogeneous/nodewise error bound, sharp constant or placement statement indicated [seen_in_round1]",no,,,
,10.1023/b:numa.0000027725.80448.d8,10.1023/b:numa.0000027725.80448.d8,,https://openalex.org/W2052545723,Computation of Minkowski Values of Polynomials over Complex Sets,2004,Rida T. Farouki; Chang Yong Han,Numerical Algorithms,O5,snowball,L1,1,1,,,,,"[title] same broad field; no heterogeneous/nodewise error bound, sharp constant or placement statement indicated",no,,,
,10.1016/j.cpc.2013.12.017,10.1016/j.cpc.2013.12.017,,https://openalex.org/W2063125621,Computation of extreme eigenvalues in higher dimensions using block tensor train format,2014,Sergey Dolgov; Boris N. Khoromskij; Ivan Oseledets; Dmitry Savostyanov,Computer Physics Communications,O1,snowball,L1,1,1,,,,,"[title] same broad field; no heterogeneous/nodewise error bound, sharp constant or placement statement indicated [seen_in_round1]",no,,,
,10.1103/physrevx.15.021052,10.1103/physrevx.15.021052,,https://openalex.org/W4410344559,Computational Power of Random Quantum Circuits in Arbitrary Geometries,2025,Matthew DeCross; Reza Haghshenas; Mingzhe Liu; Enrico Rinaldi; John P. Gray; Yuri Alexeev,Physical Review X,O3;O6,snowball,L1,1,1,,,,,"[title] same broad field; no heterogeneous/nodewise error bound, sharp constant or placement statement indicated",no,,,
,10.1007/978-3-540-87827-8_1,10.1007/978-3-540-87827-8_1,,https://openalex.org/W2152723694,Computing the Minkowski Value of the Exponential Function over a Complex Disk,2008,Hyeong In Choi; Rida T. Farouki; Chang Yong Han; Hwan Pyo Moon,Lecture notes in computer science,O5,snowball,L1,1,1,,,,,"[title] same broad field; no heterogeneous/nodewise error bound, sharp constant or placement statement indicated",no,,,
,arxiv:2608.02849,,2608.02849,,Computing with traceable tensor networks,2026,Sarah Ellwein; D. Venturi,,O1,harvest,L1,1,1,,,,,"[title] same broad field; no heterogeneous/nodewise error bound, sharp constant or placement statement indicated",no,,,
,10.1007/s10898-021-01057-4,10.1007/s10898-021-01057-4,,https://openalex.org/W2982400852,Conical averagedness and convergence analysis of fixed point algorithms,2021,Sedi Bartz; Minh N. Dao; Hung M. Phan,Journal of Global Optimization,O4,harvest+snowball,L1,1,1,,,,,"[title] same broad field; no heterogeneous/nodewise error bound, sharp constant or placement statement indicated",no,,,
,continuouslowranktensordecompositionswithapplicationstostochasticoptimalcontrolanddataassimilation,,,https://openalex.org/W2624229329,"Continuous low-rank tensor decompositions, with applications to stochastic optimal control and data assimilation",2017,Alex Gorodetsky,DSpace@MIT (Massachusetts Institute of Technology),O2,harvest,L1,1,1,,,,,"[title] same broad field; no heterogeneous/nodewise error bound, sharp constant or placement statement indicated",no,,,
,10.1103/physrevlett.125.060503,10.1103/physrevlett.125.060503,,https://openalex.org/W2992214704,Contracting Arbitrary Tensor Networks: General Approximate Algorithm and Applications in Graphical Models and Quantum Circuit Simulations,2020,Feng Pan; Pengfei Zhou; Sujie Li; Pan Zhang,Physical Review Letters,O3,snowball,L1,1,1,,,,,"[title] same broad field; no heterogeneous/nodewise error bound, sharp constant or placement statement indicated",no,,,
,10.48550/arxiv.2207.04015,10.48550/arxiv.2207.04015,,https://openalex.org/W4285044933,Convergence Analyses of Davis-Yin Splitting via Scaled Relative Graphs,2022,Jongmin Lee; Soheun Yi; Ernest K. Ryu,arXiv (Cornell University),O4,harvest,L1,1,1,,,,,"[title] same broad field; no heterogeneous/nodewise error bound, sharp constant or placement statement indicated [seen_in_round1]",no,,,
,10.1137/16m1078604,10.1137/16m1078604,,https://openalex.org/W2724759674,Convergence Analysis of Douglas--Rachford Splitting Method for “Strongly + Weakly” Convex Programming,2017,Ke Guo; Deren Han; Xiaoming Yuan,SIAM Journal on Numerical Analysis,O4,snowball,L1,1,1,,,,,"[title] same broad field; no heterogeneous/nodewise error bound, sharp constant or placement statement indicated",no,,,
,10.1137/140992291,10.1137/140992291,,https://openalex.org/W1607518970,Convergence Rate Analysis of the Forward-Douglas-Rachford Splitting Scheme,2015,Damek Davis,SIAM Journal on Optimization,O4,snowball,L1,1,1,,,,,"[abs] same broad field; no heterogeneous/nodewise error bound, sharp constant or placement statement indicated",no,,,
,10.1007/s10957-022-02136-6,10.1007/s10957-022-02136-6,,https://openalex.org/W4311129187,Convergence Rates for the Relaxed Peaceman-Rachford Splitting Method on a Monotone Inclusion Problem,2022,Chee-Khian Sim,Journal of Optimization Theory and Applications,O4,harvest,L1,1,1,,,,,"[title] same broad field; no heterogeneous/nodewise error bound, sharp constant or placement statement indicated",no,,,
,10.1137/140957822,10.1137/140957822,,https://openalex.org/W1993468393,Convergence Results for Projected Line-Search Methods on Varieties of Low-Rank Matrices Via Łojasiewicz Inequality,2015,Reinhold Schneider; André Uschmajew,SIAM Journal on Optimization,O1,snowball,L1,1,1,,,,,"[title] same broad field; no heterogeneous/nodewise error bound, sharp constant or placement statement indicated",no,,,
,10.1186/s13660-019-2097-4,10.1186/s13660-019-2097-4,,https://openalex.org/W2889868692,Convergence analysis of a variable metric forward–backward splitting algorithm with applications,2019,Fuying Cui; Yuchao Tang; Chuanxi Zhu,Journal of Inequalities and Applications,O4,snowball,L1,1,1,,,,,"[title] same broad field; no heterogeneous/nodewise error bound, sharp constant or placement statement indicated",no,,,
,10.1007/s00245-019-09584-z,10.1007/s00245-019-09584-z,,https://openalex.org/W2800783024,Convergence of a Relaxed Inertial Forward–Backward Algorithm for Structured Monotone Inclusions,2019,Hédy Attouch; Alexandre Cabot,Applied Mathematics & Optimization,O4,snowball,L1,1,1,,,,,"[title] same broad field; no heterogeneous/nodewise error bound, sharp constant or placement statement indicated",no,,,
,10.1007/s10107-024-02182-0,10.1007/s10107-024-02182-0,,https://openalex.org/W4407114761,Convergence of the preconditioned proximal point method and Douglas–Rachford splitting in the absence of monotonicity,2025,Brecht Evens; Pieter Pas; Puya Latafat; Panagiotis Patrinos,Mathematical Programming,O4,harvest,L1,1,1,,,,,"[title] same broad field; no heterogeneous/nodewise error bound, sharp constant or placement statement indicated [seen_in_round1]",no,,,
,10.1007/s11075-017-0310-4,10.1007/s11075-017-0310-4,,https://openalex.org/W2598135565,Convergence properties of dynamic string-averaging projection methods in the presence of perturbations,2017,Christian Bargetz; Simeon Reich; Rafał Zalas,Numerical Algorithms,O4,snowball,L1,1,1,,,,,"[title] same broad field; no heterogeneous/nodewise error bound, sharp constant or placement statement indicated [seen_in_round1]",no,,,
,10.1007/978-3-319-48311-5,10.1007/978-3-319-48311-5,,https://openalex.org/W205960364,Convex Analysis and Monotone Operator Theory in Hilbert Spaces,2017,Heinz H. Bauschke; Patrick L. Combettes,CMS books in mathematics,O4,snowball,L1,1,1,,,,,"[title] same broad field; no heterogeneous/nodewise error bound, sharp constant or placement statement indicated [seen_in_round1]",no,,,
,10.1007/978-1-4419-9467-7,10.1007/978-1-4419-9467-7,,https://openalex.org/W4229650096,Convex Analysis and Monotone Operator Theory in Hilbert Spaces,2011,Heinz H. Bauschke; Patrick L. Combettes,CMS books in mathematics,O4,snowball,L1,1,1,,,,,"[title] same broad field; no heterogeneous/nodewise error bound, sharp constant or placement statement indicated [seen_in_round1]",no,,,
,10.1103/ymzz-923j,10.1103/ymzz-923j,,https://openalex.org/W4411366220,"Correlations, spectra, and entanglement transitions in ensembles of matrix product states",2025,Hugo Lóio; Guillaume Cecile; Sarang Gopalakrishnan; Guglielmo Lami; Jacopo De Nardis,Physical review. B./Physical review. B,O6,snowball,L1,1,1,,,,,"[title] same broad field; no heterogeneous/nodewise error bound, sharp constant or placement statement indicated",no,,,
,10.1090/s0894-0347-08-00600-0,10.1090/s0894-0347-08-00600-0,,https://openalex.org/W2115275122,Counting faces of randomly projected polytopes when the projection radically lowers dimension,2008,David L. Donoho; Jared Tanner,Journal of the American Mathematical Society,O4,harvest,L1,1,1,,,,,"[title] same broad field; no heterogeneous/nodewise error bound, sharp constant or placement statement indicated [seen_in_round1]",no,,,
,10.1109/tnnls.2025.3609797,10.1109/tnnls.2025.3609797,,https://openalex.org/W4414404678,Coupled Tensor Decomposition for Compact Network Representation,2025,Van Tien Pham; Yassine Zniyed; Thanh Phương Nguyễn,IEEE Transactions on Neural Networks and Learning Systems,O2,harvest,L1,1,1,,,,,"[title] same broad field; no heterogeneous/nodewise error bound, sharp constant or placement statement indicated",no,,,
,dmrgqttapproachtocomputationofthegroundstateforthemolecularschrdingeroperator,,,https://openalex.org/W166630765,DMRG+QTT approach to computation of the ground state for the molecular Schrödinger operator,2010,Boris N. Khoromskij; Ivan Oseledets,,O1,snowball,L1,1,1,,,,,"[title] same broad field; no heterogeneous/nodewise error bound, sharp constant or placement statement indicated",no,,,
,10.1016/s0022-0000(03)00025-4,10.1016/s0022-0000(03)00025-4,,https://openalex.org/W2037757210,Database-friendly random projections: Johnson-Lindenstrauss with binary coins,2003,Dimitris Achlioptas,Journal of Computer and System Sciences,O4,harvest,L1,1,1,,,,,"[title] same broad field; no heterogeneous/nodewise error bound, sharp constant or placement statement indicated [seen_in_round1]",no,,,
,10.1088/2058-9565/ad04e6,10.1088/2058-9565/ad04e6,,https://openalex.org/W4387769387,Decomposition of matrix product states into shallow quantum circuits,2023,Manuel S. Rudolph; Jing Chen; Jacob Miller; Atithi Acharya; Alejandro Perdomo‐Ortiz,Quantum Science and Technology,O3,snowball,L1,1,1,,,,,"[title] same broad field; no heterogeneous/nodewise error bound, sharp constant or placement statement indicated",no,,,
,10.1007/s10957-020-01734-6,10.1007/s10957-020-01734-6,,https://openalex.org/W3022424274,Demiclosedness Principles for Generalized Nonexpansive Mappings,2020,Sedi Bartz; Rubén Campoy; Hung M. Phan,Journal of Optimization Theory and Applications,O4,snowball,L1,1,1,,,,,"[title] same broad field; no heterogeneous/nodewise error bound, sharp constant or placement statement indicated",no,,,
,10.1103/physrevlett.69.2863,10.1103/physrevlett.69.2863,,https://openalex.org/W2037768897,Density matrix formulation for quantum renormalization groups,1992,Steven R. White,Physical Review Letters,O1;O3;O6,snowball,L1,1,1,,,,,"[title] same broad field; no heterogeneous/nodewise error bound, sharp constant or placement statement indicated [seen_in_round1]",no,,,
,10.1103/physrevb.72.180403,10.1103/physrevb.72.180403,,https://openalex.org/W2050954206,Density matrix renormalization group algorithms with a single center site,2005,Steven R. White,Physical Review B,O1,snowball,L1,1,1,,,,,"[title] same broad field; no heterogeneous/nodewise error bound, sharp constant or placement statement indicated",no,,,
,10.48550/arxiv.2309.15761,10.48550/arxiv.2309.15761,,https://openalex.org/W4387162531,Density matrix representation of hybrid tensor networks for noisy quantum devices,2023,Hiroyuki Harada; Yasunari Suzuki; Bo Yang; Yuuki Tokunaga; Suguru Endo,arXiv (Cornell University),O1,harvest,L1,1,1,,,,,"[abs] same broad field; no heterogeneous/nodewise error bound, sharp constant or placement statement indicated",no,,,
,10.1103/physrevb.48.10345,10.1103/physrevb.48.10345,,https://openalex.org/W2016407890,Density-matrix algorithms for quantum renormalization groups,1993,Steven R. White,"Physical review. B, Condensed matter",O6,snowball,L1,1,1,,,,,"[title] same broad field; no heterogeneous/nodewise error bound, sharp constant or placement statement indicated [seen_in_round1]",no,,,
,10.3390/fractalfract7110806,10.3390/fractalfract7110806,,https://openalex.org/W4388407608,Design and Performance Evaluation of a Second-Order Iterated Circular Minkowski Fractal Antenna for Ultra-Wideband Applications,2023,Elijah Joseph; Pradeep Kumar; Thomas J. Afullo,Fractal and Fractional,O5,harvest,L1,1,1,,,,,"[title] same broad field; no heterogeneous/nodewise error bound, sharp constant or placement statement indicated",no,,,
,10.7566/jpsj.91.062001,10.7566/jpsj.91.062001,,https://openalex.org/W3215871017,Developments in the Tensor Network — from Statistical Mechanics to Quantum Entanglement,2022,Kouichi Okunishi; Tomotoshi Nishino; Hiroshi Ueda,Journal of the Physical Society of Japan,O3,snowball,L1,1,1,,,,,"[title] same broad field; no heterogeneous/nodewise error bound, sharp constant or placement statement indicated",no,,,
,10.1103/56px-qsxx,10.1103/56px-qsxx,,https://openalex.org/W7131351488,Diagonal isometric form for tensor network states in two dimensions,2026,Benjamin Sappler; Masataka Kawano; Michael P. Zaletel; Frank Pollmann,Physical review. B./Physical review. B,O3,harvest,L1,1,1,,,,,"[title] same broad field; no heterogeneous/nodewise error bound, sharp constant or placement statement indicated",no,,,
,10.2298/fil2103015k,10.2298/fil2103015k,,https://openalex.org/W3213310507,Directional magnetic and electric vortex lines and their geometries in Minkowski space,2021,Talat Körpınar; Rıdvan Cem Demi̇rkol,Filomat,O5,harvest,L1,1,1,,,,,"[title] same broad field; no heterogeneous/nodewise error bound, sharp constant or placement statement indicated",no,,,
,10.1109/hpec43674.2020.9286234,10.1109/hpec43674.2020.9286234,,https://openalex.org/W3047288226,Distributed Non-Negative Tensor Train Decomposition,2020,Manish Bhattarai; Gopinath Chennupati; Erik Skau; Raviteja Vangara; Hristo Djidjev; Boian S. Alexandrov,,O2,harvest,L1,1,1,,,,,"[title] same broad field; no heterogeneous/nodewise error bound, sharp constant or placement statement indicated",no,,,
,10.1002/nla.2174,10.1002/nla.2174,,https://openalex.org/W2746205395,Distributed hierarchical SVD in the Hierarchical Tucker format,2018,Lars Grasedyck; Christian Löbbert,Numerical Linear Algebra with Applications,O1,harvest,L1,1,1,,,,,"[title] same broad field; no heterogeneous/nodewise error bound, sharp constant or placement statement indicated [seen_in_round1]",no,,,
,10.32657/10356/137381,10.32657/10356/137381,,https://openalex.org/W3012287861,Distribution of quantum entanglement : principles and applications,2020,I Wayan Gede Tanjung Krisnanda,,O6,harvest,L1,1,1,,,,,"[title] same broad field; no heterogeneous/nodewise error bound, sharp constant or placement statement indicated",no,,,
,10.48550/arxiv.2003.08657,10.48550/arxiv.2003.08657,,https://openalex.org/W4287825440,Distribution of quantum entanglement: Principles and applications,2020,Tanjung Krisnanda,arXiv (Cornell University),O6,harvest,L1,1,1,,,,,"[title] same broad field; no heterogeneous/nodewise error bound, sharp constant or placement statement indicated",no,,,
,10.48550/arxiv.1805.09396,10.48550/arxiv.1805.09396,,https://openalex.org/W2804781295,Douglas-Rachford splitting for a Lipschitz continuous and a strongly monotone operator,2018,Walaa M. Moursi; Lieven Vandenberghe,arXiv (Cornell University),O4,harvest,L1,1,1,,,,,"[title] same broad field; no heterogeneous/nodewise error bound, sharp constant or placement statement indicated",no,,,
,10.1016/j.jcp.2021.110295,10.1016/j.jcp.2021.110295,,https://openalex.org/W3043715697,Dynamic tensor approximation of high-dimensional nonlinear PDEs,2021,Alec Dektor; Daniele Venturi,Journal of Computational Physics,O1,snowball,L1,1,1,,,,,"[title] same broad field; no heterogeneous/nodewise error bound, sharp constant or placement statement indicated",no,,,
,10.1137/120885723,10.1137/120885723,,https://openalex.org/W2067067855,Dynamical Approximation by Hierarchical Tucker and Tensor-Train Tensors,2013,Christian Lubich; Thorsten Rohwedder; Reinhold Schneider; Bart Vandereycken,SIAM Journal on Matrix Analysis and Applications,O1,snowball,L1,1,1,,,,,"[abs] same broad field; no heterogeneous/nodewise error bound, sharp constant or placement statement indicated [seen_in_round1]",no,,,
,dynamicalsimulationsofschrdingersequationviarankadaptivetensordecompositions,,,https://openalex.org/W7139145026,Dynamical Simulations of Schrödinger's Equation via Rank-Adaptive Tensor Decompositions,2026,N. Anders Petersson; Chase Hodges-Heilmann; Stefanie Günther,arXiv (Cornell University),O3,harvest,L1,1,1,,,,,"[title] same broad field; no heterogeneous/nodewise error bound, sharp constant or placement statement indicated",no,,,
,10.1137/09076578x,10.1137/09076578x,,https://openalex.org/W2115402677,Dynamical Tensor Approximation,2010,Othmar Koch; Christian Lubich,SIAM Journal on Matrix Analysis and Applications,O1,snowball,L1,1,1,,,,,"[title] same broad field; no heterogeneous/nodewise error bound, sharp constant or placement statement indicated [seen_in_round1]",no,,,
,10.1103/physreve.82.036702,10.1103/physreve.82.036702,,https://openalex.org/W1979239486,Dynamical simulations of classical stochastic systems using matrix product states,2010,T. H. Johnson; Stephen R. L. Clark; Dieter Jaksch,Physical Review E,O3,harvest,L1,1,1,,,,,"[title] same broad field; no heterogeneous/nodewise error bound, sharp constant or placement statement indicated [seen_in_round1]",no,,,
,10.1016/j.jcp.2019.109125,10.1016/j.jcp.2019.109125,,https://openalex.org/W2961932232,Dynamically orthogonal tensor methods for high-dimensional nonlinear PDEs,2019,Alec Dektor; Daniele Venturi,Journal of Computational Physics,O1,snowball,L1,1,1,,,,,"[title] same broad field; no heterogeneous/nodewise error bound, sharp constant or placement statement indicated",no,,,
,10.1016/j.physrep.2006.09.003,10.1016/j.physrep.2006.09.003,,https://openalex.org/W2032873922,Dynamics of Loschmidt echoes and fidelity decay,2006,T. Gorin; Tomaž Prosen; T. H. Seligman; Marko Žnidarič,Physics Reports,O3,harvest,L1,1,1,,,,,"[title] same broad field; no heterogeneous/nodewise error bound, sharp constant or placement statement indicated [seen_in_round1]",no,,,
,10.1126/science.adx2728,10.1126/science.adx2728,,https://openalex.org/W7161983052,Dynamics of disordered quantum systems with two- and three-dimensional tensor networks,2026,Joseph Tindall; Antonio Francesco Mello; Matthew Fishman; E. Miles Stoudenmire; Dries Sels,Science,O6,snowball,L1,1,1,,,,,"[title] same broad field; no heterogeneous/nodewise error bound, sharp constant or placement statement indicated",no,,,
,10.1016/b978-0-12-518850-0.50029-9,10.1016/b978-0-12-518850-0.50029-9,,https://openalex.org/W32446465,"EXTENDED CIRCULAR ARITHMETIC, PROBLEMS AND RESULTS",1980,Manfred Hauenschild,Elsevier eBooks,O5,snowball,L1,1,1,,,,,"[title] same broad field; no heterogeneous/nodewise error bound, sharp constant or placement statement indicated",no,,,
,10.48550/arxiv.2501.07904,10.48550/arxiv.2501.07904,,https://openalex.org/W4406449456,Effective algorithms for tensor train decomposition via the UTV framework,2025,Yuchao Wang; Maolin Che; Yimin Wei,arXiv (Cornell University),O1,harvest,L1,1,1,,,,,"[title] same broad field; no heterogeneous/nodewise error bound, sharp constant or placement statement indicated",no,,,
,10.1103/prxquantum.5.010308,10.1103/prxquantum.5.010308,,https://openalex.org/W4391132757,Efficient Tensor Network Simulation of IBM’s Eagle Kicked Ising Experiment,2024,Joseph Tindall; Matthew Fishman; E. Miles Stoudenmire; Dries Sels,PRX Quantum,O1;O3;O6,harvest+snowball,L1,1,1,,,,,"[title] same broad field; no heterogeneous/nodewise error bound, sharp constant or placement statement indicated",no,,,
,10.1074/jbc.m510889200,10.1074/jbc.m510889200,,https://openalex.org/W2125564246,"Efficient and High Fidelity Incorporation of dCTP Opposite 7,8-Dihydro-8-oxodeoxyguanosine by Sulfolobus solfataricus DNA Polymerase Dpo4",2005,Hong Zang; A. Irimia; Jeong‐Yun Choi; Karen C. Angel; Lioudmila V. Loukachevitch; Martin Egli,Journal of Biological Chemistry,O3,harvest,L1,1,1,,,,,"[title] same broad field; no heterogeneous/nodewise error bound, sharp constant or placement statement indicated",no,,,
,10.1103/physrevresearch.7.023018,10.1103/physrevresearch.7.023018,,https://openalex.org/W4409218451,Efficient and systematic calculation of arbitrary observables for the matrix product state excitation ansatz,2025,Jesse J. Osborne; Ian P. McCulloch,Physical Review Research,O6,snowball,L1,1,1,,,,,"[title] same broad field; no heterogeneous/nodewise error bound, sharp constant or placement statement indicated",no,,,
,10.22331/q-2020-09-11-318,10.22331/q-2020-09-11-318,,https://openalex.org/W3013490000,Efficient classical simulation of noisy random quantum circuits in one dimension,2020,Kyungjoo Noh; Liang Jiang; Bill Fefferman,Quantum,O3,snowball,L1,1,1,,,,,"[title] same broad field; no heterogeneous/nodewise error bound, sharp constant or placement statement indicated",no,,,
,10.1140/epjqt/s40507-025-00368-9,10.1140/epjqt/s40507-025-00368-9,,https://openalex.org/W4411162399,Efficient quantum circuit compilation for near-term quantum advantage,2025,Yuchen Guo; Shuo Yang,EPJ Quantum Technology,O1,harvest,L1,1,1,,,,,"[title] same broad field; no heterogeneous/nodewise error bound, sharp constant or placement statement indicated",no,,,
,10.1103/physrevb.106.245102,10.1103/physrevb.106.245102,,https://openalex.org/W4311191174,Efficient simulation of dynamics in two-dimensional quantum spin systems with isometric tensor networks,2022,Sheng-Hsuan Lin; Michael P. Zaletel; Frank Pollmann,Physical review. B./Physical review. B,O3;O6,snowball,L1,1,1,,,,,"[title] same broad field; no heterogeneous/nodewise error bound, sharp constant or placement statement indicated",no,,,
,10.1016/j.neunet.2024.106393,10.1016/j.neunet.2024.106393,,https://openalex.org/W4397046516,Efficient tensor decomposition-based filter pruning,2024,Van Tien Pham; Yassine Zniyed; Thanh Phương Nguyễn,Neural Networks,O2,harvest,L1,1,1,,,,,"[title] same broad field; no heterogeneous/nodewise error bound, sharp constant or placement statement indicated",no,,,
,10.48550/arxiv.2306.14887,10.48550/arxiv.2306.14887,,https://openalex.org/W4382404552,Efficient tensor network simulation of IBM's Eagle kicked Ising experiment,2023,Joseph Tindall; Matthew Fishman; Miles Stoudenmire; Dries Sels,arXiv (Cornell University),O3;O6,harvest+snowball,L1,1,1,,,,,"[title] same broad field; no heterogeneous/nodewise error bound, sharp constant or placement statement indicated",no,,,
,10.48550/arxiv.2206.04701,10.48550/arxiv.2206.04701,,https://openalex.org/W4320011870,Efficient tensor network simulation of quantum many-body physics on sparse graphs,2022,Subhayan Sahu; Brian Swingle,arXiv (Cornell University),O3,harvest,L1,1,1,,,,,"[title] same broad field; no heterogeneous/nodewise error bound, sharp constant or placement statement indicated",no,,,
,10.22331/q-2023-05-04-993,10.22331/q-2023-05-04-993,,https://openalex.org/W4376864525,Efficient variational synthesis of quantum circuits with coherent multi-start optimization,2023,Nikita A. Nemkov; Evgeniy O. Kiktenko; I. A. Luchnikov; Aleksey K. Fedorov,Quantum,O3,snowball,L1,1,1,,,,,"[title] same broad field; no heterogeneous/nodewise error bound, sharp constant or placement statement indicated",no,,,
,10.18653/v1/2021.acl-long.418,10.18653/v1/2021.acl-long.418,,https://openalex.org/W3176468671,Enabling Lightweight Fine-tuning for Pre-trained Language Model Compression based on Matrix Product Operators,2021,Peiyu Liu; Ze-Feng Gao; Wayne Xin Zhao; Z. Y. Xie; Zhong-Yi Lu; Ji-Rong Wen,,O1,harvest,L1,1,1,,,,,"[title] same broad field; no heterogeneous/nodewise error bound, sharp constant or placement statement indicated",no,,,
,10.1109/twc.2009.12.090394,10.1109/twc.2009.12.090394,,https://openalex.org/W2151970778,Energy-efficient power allocation in OFDM-based cognitive radio systems: A risk-return model,2009,Ziaul Hasan; Gaurav Bansal; Ekram Hossain; Vijay K. Bhargava,IEEE Transactions on Wireless Communications,O5,snowball,L1,1,1,,,,,"[abs] same broad field; no heterogeneous/nodewise error bound, sharp constant or placement statement indicated",no,,,
,10.1007/s10231-017-0666-z,10.1007/s10231-017-0666-z,,https://openalex.org/W2612688603,Enneper representation of minimal surfaces in the three-dimensional Lorentz–Minkowski space,2017,Adriana A. Cintra; Irene I. Onnis,Annali di Matematica Pura ed Applicata (1923 -),O5,harvest,L1,1,1,,,,,"[title] same broad field; no heterogeneous/nodewise error bound, sharp constant or placement statement indicated",no,,,
,10.12942/lrr-2011-8,10.12942/lrr-2011-8,,https://openalex.org/W2158320533,Entanglement Entropy of Black Holes,2011,Sergey N. Solodukhin,Living Reviews in Relativity,O5,harvest,L1,1,1,,,,,"[title] same broad field; no heterogeneous/nodewise error bound, sharp constant or placement statement indicated",no,,,
,10.1103/physrevlett.99.220405,10.1103/physrevlett.99.220405,,https://openalex.org/W3037108023,Entanglement Renormalization,2007,Guifré Vidal,Physical Review Letters,O3,snowball,L1,1,1,,,,,"[title] same broad field; no heterogeneous/nodewise error bound, sharp constant or placement statement indicated",no,,,
,10.1103/physrevb.107.014307,10.1103/physrevb.107.014307,,https://openalex.org/W4317802936,Entanglement dynamics of noisy random circuits,2023,Zhi Li; Shengqi Sang; Timothy H. Hsieh,Physical review. B./Physical review. B,O3,snowball,L1,1,1,,,,,"[title] same broad field; no heterogeneous/nodewise error bound, sharp constant or placement statement indicated",no,,,
,10.1103/physrevd.104.114501,10.1103/physrevd.104.114501,,https://openalex.org/W4200147817,Entanglement generation in (1+1)D QED scattering processes,2021,Marco Rigobello; Simone Notarnicola; Giuseppe Magnifico; Simone Montangero,Physical review. D/Physical review. D.,O1,harvest,L1,1,1,,,,,"[title] same broad field; no heterogeneous/nodewise error bound, sharp constant or placement statement indicated",no,,,
,10.1103/physrevlett.100.030504,10.1103/physrevlett.100.030504,,https://openalex.org/W2054381333,Entropy Scaling and Simulability by Matrix Product States,2008,Norbert Schuch; Michael M. Wolf; Frank Verstraete; J. I. Cirac,Physical Review Letters,O3,harvest,L1,1,1,,,,,"[title] same broad field; no heterogeneous/nodewise error bound, sharp constant or placement statement indicated [seen_in_round1]",no,,,
,10.48550/arxiv.1403.2048,10.48550/arxiv.1403.2048,,https://openalex.org/W1825959699,Era of Big Data Processing: A New Approach via Tensor Networks and Tensor Decompositions,2014,Andrzej Cichocki,arXiv (Cornell University),O1,snowball,L1,1,1,,,,,"[title] same broad field; no heterogeneous/nodewise error bound, sharp constant or placement statement indicated [seen_in_round1]",no,,,
,10.1016/j.cam.2006.11.006,10.1016/j.cam.2006.11.006,,https://openalex.org/W2060797726,Evaluating the boundary and covering degree of planar Minkowski sums and other geometrical convolutions,2007,Rida T. Farouki; Joel Hass,Journal of Computational and Applied Mathematics,O5,harvest+snowball,L1,1,1,,,,,"[title] same broad field; no heterogeneous/nodewise error bound, sharp constant or placement statement indicated",no,,,
,10.1007/s00607-003-0037-z,10.1007/s00607-003-0037-z,,https://openalex.org/W2053693274,Existence and Computation of Low Kronecker-Rank Approximations for Large Linear Systems of Tensor Product Structure,2004,Lars Grasedyck,Computing,O1,snowball,L1,1,1,,,,,"[title] same broad field; no heterogeneous/nodewise error bound, sharp constant or placement statement indicated",no,,,
,10.1007/s42484-025-00254-8,10.1007/s42484-025-00254-8,,https://openalex.org/W4407926588,Explaining quantum circuits with Shapley values: towards explainable quantum machine learning,2025,Raoul Heese; Thore Gerlach; Sascha Mücke; Sabine Müller; Matthias Jakobs; Nico Piatkowski,Quantum Machine Intelligence,O3,snowball,L1,1,1,,,,,"[title] same broad field; no heterogeneous/nodewise error bound, sharp constant or placement statement indicated",no,,,
,10.11606/d.76.2024.tde-24042024-083735,10.11606/d.76.2024.tde-24042024-083735,,https://openalex.org/W4395447441,Exploring the role of qubit connectivity in expressibility and entanglement of parameterized quantum circuits architectures,2024,Guilherme Ilário Correr,,O6,harvest,L1,1,1,,,,,"[title] same broad field; no heterogeneous/nodewise error bound, sharp constant or placement statement indicated",no,,,
,10.1021/acs.jctc.4c00200,10.1021/acs.jctc.4c00200,,https://openalex.org/W4395465806,Fast Emulation of Fermionic Circuits with Matrix Product States,2024,Justin Provazza; Klaas Gunst; Huanchen Zhai; Garnet Kin‐Lic Chan; Toru Shiozaki; Nicholas C. Rubin,Journal of Chemical Theory and Computation,O6,snowball,L1,1,1,,,,,"[title] same broad field; no heterogeneous/nodewise error bound, sharp constant or placement statement indicated",no,,,
,10.1137/120864210,10.1137/120864210,,https://openalex.org/W1963973528,Fast Solution of Parabolic Problems in the Tensor Train/Quantized Tensor Train Format with Initial Application to the Fokker--Planck Equation,2012,Sergey Dolgov; Boris N. Khoromskij; Ivan Oseledets,SIAM Journal on Scientific Computing,O1,snowball,L1,1,1,,,,,"[title] same broad field; no heterogeneous/nodewise error bound, sharp constant or placement statement indicated",no,,,
,10.21468/scipostphys.7.5.060,10.21468/scipostphys.7.5.060,,https://openalex.org/W2798663460,Fast counting with tensor networks,2019,Stefanos Kourtis; Claudio Chamon; Eduardo Mucciolo; Andrei Ruckenstein,SciPost Physics,O1,harvest,L1,1,1,,,,,"[title] same broad field; no heterogeneous/nodewise error bound, sharp constant or placement statement indicated",no,,,
,10.1080/02331934.2018.1505885,10.1080/02331934.2018.1505885,,https://openalex.org/W2963289483,Fejér-monotone hybrid steepest descent method for affinely constrained and composite convex minimization tasks,2018,Konstantinos Slavakis; Isao Yamada,Optimization,O4,snowball,L1,1,1,,,,,"[title] same broad field; no heterogeneous/nodewise error bound, sharp constant or placement statement indicated",no,,,
,10.1088/1742-5468/2007/10/p10014,10.1088/1742-5468/2007/10/p10014,,https://openalex.org/W2155179619,From density-matrix renormalization group to matrix product states,2007,Ian P. McCulloch,Journal of Statistical Mechanics Theory and Experiment,O3,harvest,L1,1,1,,,,,"[title] same broad field; no heterogeneous/nodewise error bound, sharp constant or placement statement indicated",no,,,
,10.1145/3295500.3356155,10.1145/3295500.3356155,,https://openalex.org/W2986871396,Full-state quantum circuit simulation by using data compression,2019,Xin-Chuan Wu; Sheng Di; Emma Maitreyee Dasgupta; Franck Cappello; Hal Finkel; Yuri Alexeev,,O2;O3,harvest,L1,1,1,,,,,"[title] same broad field; no heterogeneous/nodewise error bound, sharp constant or placement statement indicated",no,,,
,10.21468/scipostphys.15.6.222,10.21468/scipostphys.15.6.222,,https://openalex.org/W4389236446,Gauging tensor networks with belief propagation,2023,Joseph Tindall; Matthew Fishman,SciPost Physics,O3;O6,harvest+snowball,L1,1,1,,,,,"[title] same broad field; no heterogeneous/nodewise error bound, sharp constant or placement statement indicated",no,,,
,10.48550/arxiv.2306.17837,10.48550/arxiv.2306.17837,,https://openalex.org/W4383047574,Gauging tensor networks with belief propagation,2023,Joseph Tindall; Matthew Fishman,arXiv (Cornell University),O6,snowball,L1,1,1,,,,,"[title] same broad field; no heterogeneous/nodewise error bound, sharp constant or placement statement indicated",no,,,
,10.1103/physrevlett.123.190501,10.1103/physrevlett.123.190501,,https://openalex.org/W2946158922,General-Purpose Quantum Circuit Simulator with Projected Entangled-Pair States and the Quantum Supremacy Frontier,2019,Chu Guo; Yong Liu; Min Xiong; Shichuan Xue; Xiang Fu; Anqi Huang,Physical Review Letters,O3,snowball,L1,1,1,,,,,"[title] same broad field; no heterogeneous/nodewise error bound, sharp constant or placement statement indicated [seen_in_round1]",no,,,
,10.1007/s10107-020-01500-6,10.1007/s10107-020-01500-6,,https://openalex.org/W3020603765,Generalized monotone operators and their averaged resolvents,2020,Heinz H. Bauschke; Walaa M. Moursi; Xianfu Wang,Mathematical Programming,O4,snowball,L1,1,1,,,,,"[title] same broad field; no heterogeneous/nodewise error bound, sharp constant or placement statement indicated",no,,,
,10.48550/arxiv.1902.09827,10.48550/arxiv.1902.09827,,https://openalex.org/W2916531788,Generalized monotone operators and their averaged resolvents,2019,Heinz H. Bauschke; Walaa M. Moursi; Xianfu Wang,arXiv (Cornell University),O4,snowball,L1,1,1,,,,,"[title] same broad field; no heterogeneous/nodewise error bound, sharp constant or placement statement indicated",no,,,
,10.1007/978-3-030-31351-7_9,10.1007/978-3-030-31351-7_9,,https://openalex.org/W3014181683,Geometric Methods on Low-Rank Matrix and Tensor Manifolds,2020,André Uschmajew; Bart Vandereycken,,O1,snowball,L1,1,1,,,,,"[title] same broad field; no heterogeneous/nodewise error bound, sharp constant or placement statement indicated",no,,,
,10.48550/arxiv.2309.07961,10.48550/arxiv.2309.07961,,https://openalex.org/W4386840017,Geometrically Taming Dynamical Entanglement Growth in Purified Quantum States,2023,Tim Pokart; C. Stefan Lehmann; Jan Carl Budich,arXiv (Cornell University),O3,harvest,L1,1,1,,,,,"[title] same broad field; no heterogeneous/nodewise error bound, sharp constant or placement statement indicated",no,,,
,10.1007/s10444-020-09797-9,10.1007/s10444-020-09797-9,1805.12016,,HT-AWGM: a hierarchical Tucker–adaptive wavelet Galerkin method for high-dimensional elliptic problems,2018,Mazen Ali; K. Urban,Advances in Computational Mathematics,O1,harvest,L1,1,1,,,,,"[title] same broad field; no heterogeneous/nodewise error bound, sharp constant or placement statement indicated [seen_in_round1]",no,,,
,hierarchicalmultiscaleadaptivevariablefidelitywaveletbasedturbulencemodelingwithlagrangianspatiallyvariablethresholding,,,https://openalex.org/W2267217272,Hierarchical Multiscale Adaptive Variable Fidelity Wavelet-based Turbulence Modeling with Lagrangian Spatially Variable Thresholding,2012,Alireza Nejadmalayeri,CU Scholar (University of Colorado Boulder),O1,harvest,L1,1,1,,,,,"[title] same broad field; no heterogeneous/nodewise error bound, sharp constant or placement statement indicated",no,,,
,10.48550/arxiv.2608.25503,10.48550/arxiv.2608.25503,,https://openalex.org/W7204477852,High-Fidelity Entangled States in a Connectivity-Four Fluxonium Quantum Processor,2026,J. Schirk; N. Bruckmoser; S. M. Taubenberger; F. Wallner; N. J. Glaser; M. Zetzl,arXiv (Cornell University),O6,harvest,L1,1,1,,,,,"[title] same broad field; no heterogeneous/nodewise error bound, sharp constant or placement statement indicated",no,,,
,highresolutiontensornetworkfouriermethodsforexponentiallycompressednongaussianaggregatedistributions,,,https://openalex.org/W7140954062,High-Resolution Tensor-Network Fourier Methods for Exponentially Compressed Non-Gaussian Aggregate Distributions,2026,Juan José Rodríguez-Aldavero; Juan José García-Ripoll,arXiv (Cornell University),O2,harvest,L1,1,1,,,,,"[title] same broad field; no heterogeneous/nodewise error bound, sharp constant or placement statement indicated",no,,,
,10.1038/s41586-023-06481-y,10.1038/s41586-023-06481-y,,https://openalex.org/W4387542025,High-fidelity parallel entangling gates on a neutral-atom quantum computer,2023,Simon J. Evered; Dolev Bluvstein; M. W. Kalinowski; Sepehr Ebadi; Tom Manovitz; Hengyun Zhou,Nature,O3,harvest,L1,1,1,,,,,"[title] same broad field; no heterogeneous/nodewise error bound, sharp constant or placement statement indicated [seen_in_round1]",no,,,
,10.48550/arxiv.2512.11967,10.48550/arxiv.2512.11967,,https://openalex.org/W4417447044,Holographic Representation of One-Dimensional Many-Body Quantum States via Isometric Tensor Networks,2025,Kaito Kobayashi; Benjamin Sappler; Frank Pollmann,arXiv (Cornell University),O3,harvest,L1,1,1,,,,,"[abs] same broad field; no heterogeneous/nodewise error bound, sharp constant or placement statement indicated [seen_in_round1]",no,,,
,10.1081/nfa-200045815,10.1081/nfa-200045815,,https://openalex.org/W2138146018,Hybrid Steepest Descent Method for Variational Inequality Problem over the Fixed Point Set of Certain Quasi-nonexpansive Mappings,2005,Isao Yamada; Nobuhiko Ogura,Numerical Functional Analysis and Optimization,O4,snowball,L1,1,1,,,,,"[title] same broad field; no heterogeneous/nodewise error bound, sharp constant or placement statement indicated",no,,,
,10.22331/q-2021-03-15-410,10.22331/q-2021-03-15-410,,https://openalex.org/W3005044149,Hyper-optimized tensor network contraction,2021,Johnnie Gray; Stefanos Kourtis,Quantum,O3;O6,harvest+snowball,L1,1,1,,,,,"[title] same broad field; no heterogeneous/nodewise error bound, sharp constant or placement statement indicated [seen_in_round1]",no,,,
,10.1007/s10915-023-02352-w,10.1007/s10915-023-02352-w,,https://openalex.org/W4386980712,Implicit Integration of Nonlinear Evolution Equations on Tensor Manifolds,2023,Abram Rodgers; Daniele Venturi,Journal of Scientific Computing,O1,snowball,L1,1,1,,,,,"[title] same broad field; no heterogeneous/nodewise error bound, sharp constant or placement statement indicated",no,,,
,10.1016/j.jcp.2026.115360,10.1016/j.jcp.2026.115360,,https://openalex.org/W4405766209,Incremental Hierarchical Tucker Decomposition,2026,Doruk Aksoy; Alex Gorodetsky,Journal of Computational Physics,O1,harvest,L1,1,1,,,,,"[title] same broad field; no heterogeneous/nodewise error bound, sharp constant or placement statement indicated",no,,,
,10.3390/sym12050750,10.3390/sym12050750,,https://openalex.org/W3023814718,Inertial Mann-Type Algorithm for a Nonexpansive Mapping to Solve Monotone Inclusion and Image Restoration Problems,2020,Natthaphon Artsawang; Kasamsuk Ungchittrakool,Symmetry,O4,snowball,L1,1,1,,,,,"[title] same broad field; no heterogeneous/nodewise error bound, sharp constant or placement statement indicated",no,,,
,10.1103/physrevlett.124.037201,10.1103/physrevlett.124.037201,,https://openalex.org/W2913725972,Isometric Tensor Network States in Two Dimensions,2020,Michael P. Zaletel; Frank Pollmann,Physical Review Letters,O3,snowball,L1,1,1,,,,,"[title] same broad field; no heterogeneous/nodewise error bound, sharp constant or placement statement indicated [seen_in_round1]",no,,,
,10.1155/2019/7376263,10.1155/2019/7376263,,https://openalex.org/W2942720534,Iterative Methods for Computing the Resolvent of the Sum of a Maximal Monotone Operator and Composite Operator with Applications,2019,Bao Chen; Yuchao Tang,Mathematical Problems in Engineering,O4,snowball,L1,1,1,,,,,"[title] same broad field; no heterogeneous/nodewise error bound, sharp constant or placement statement indicated",no,,,
,10.22331/q-2022-05-09-709,10.22331/q-2022-05-09-709,,https://openalex.org/W3186147327,Jet: Fast quantum circuit simulations with parallel task-based tensor-network contraction,2022,Trevor Vincent; Lee J. O apos Riordan; Mikhail Andrenkov; Jack Brown; Nathan Killoran; Haoyu Qi,Quantum,O3,harvest,L1,1,1,,,,,"[title] same broad field; no heterogeneous/nodewise error bound, sharp constant or placement statement indicated",no,,,
,10.1090/mcom/3132,10.1090/mcom/3132,,https://openalex.org/W1605528072,Kolmogorov widths and low-rank approximations of parametric elliptic PDEs,2016,Markus Bachmayr; Albert Cohen,Mathematics of Computation,O1,snowball,L1,1,1,,,,,"[title] same broad field; no heterogeneous/nodewise error bound, sharp constant or placement statement indicated",no,,,
,10.1103/physreva.109.052616,10.1103/physreva.109.052616,,https://openalex.org/W4396786147,Learning the tensor network model of a quantum state using a few single-qubit measurements,2024,Sergei S. Kuzmin; Varvara Mikhailova; I. V. Dyakonov; S. S. Straupe,Physical Review A,O6,snowball,L1,1,1,,,,,"[title] same broad field; no heterogeneous/nodewise error bound, sharp constant or placement statement indicated",no,,,
,10.3150/21-bej1371,10.3150/21-bej1371,,https://openalex.org/W3039249709,Learning with tree tensor networks: Complexity estimates and model selection,2022,Bertrand Michel; Anthony Nouy,Bernoulli,O1,harvest+snowball,L1,1,1,,,,,"[abs] same broad field; no heterogeneous/nodewise error bound, sharp constant or placement statement indicated [seen_in_round1]",no,,,
,10.48550/arxiv.1811.04455,10.48550/arxiv.1811.04455,,https://openalex.org/W2900176663,Learning with tree-based tensor formats,2018,Erwan Grelier; Anthony Nouy; Mathilde Chevreuil,arXiv (Cornell University),O1,harvest+snowball,L1,1,1,,,,,"[abs] same broad field; no heterogeneous/nodewise error bound, sharp constant or placement statement indicated [seen_in_round1]",no,,,
,10.1109/cdc.2016.7798401,10.1109/cdc.2016.7798401,,https://openalex.org/W2310612435,Line search for averaged operator iteration,2016,Pontus Giselsson; Mattias Fält; Stephen Boyd,,O4,snowball,L1,1,1,,,,,"[title] same broad field; no heterogeneous/nodewise error bound, sharp constant or placement statement indicated",no,,,
,10.23919/acc.2017.7963671,10.23919/acc.2017.7963671,,https://openalex.org/W2521439173,Line search for generalized alternating projections,2017,Mattias Fält; Pontus Giselsson,,O4,snowball,L1,1,1,,,,,"[title] same broad field; no heterogeneous/nodewise error bound, sharp constant or placement statement indicated",no,,,
,10.48550/arxiv.1402.5460,10.48550/arxiv.1402.5460,,https://openalex.org/W2962704982,Linear and strong convergence of algorithms involving averaged\n nonexpansive operators,2014,Heinz H. Bauschke; Dominikus Noll; Hung M. Phan,arXiv (Cornell University),O4,harvest,L1,1,1,,,,,"[title] same broad field; no heterogeneous/nodewise error bound, sharp constant or placement statement indicated [seen_in_round1]",no,,,
,10.1088/1361-6420/ab551e,10.1088/1361-6420/ab551e,,https://openalex.org/W2982087216,Linearly involved generalized Moreau enhanced models and their proximal splitting algorithm under overall convexity condition,2019,Jiro Abe; Masao Yamagishi; Isao Yamada,Inverse Problems,O4,snowball,L1,1,1,,,,,"[title] same broad field; no heterogeneous/nodewise error bound, sharp constant or placement statement indicated",no,,,
,10.1137/110843587,10.1137/110843587,,https://openalex.org/W2014617517,Local Convergence of the Alternating Least Squares Algorithm for Canonical Tensor Approximation,2012,André Uschmajew,SIAM Journal on Matrix Analysis and Applications,O1,snowball,L1,1,1,,,,,"[title] same broad field; no heterogeneous/nodewise error bound, sharp constant or placement statement indicated",no,,,
,10.1080/02331934.2018.1426584,10.1080/02331934.2018.1426584,,https://openalex.org/W2964137109,Local linear convergence analysis of Primal–Dual splitting methods,2018,Jingwei Liang; Jalal Fadili; Gabriel Peyré,Optimization,O4,snowball,L1,1,1,,,,,"[title] same broad field; no heterogeneous/nodewise error bound, sharp constant or placement statement indicated",no,,,
,localtensortrainsurrogatesforquantumlearningmodels,,,https://openalex.org/W7159547052,Local tensor-train surrogates for quantum learning models,2026,Sreeraj Nair; Christopher Ferrie,arXiv (Cornell University),O2,harvest,L1,1,1,,,,,"[title] same broad field; no heterogeneous/nodewise error bound, sharp constant or placement statement indicated",no,,,
,10.1103/vqks-cr6x,10.1103/vqks-cr6x,,https://openalex.org/W4403555688,Loop series expansions for tensor networks,2026,Glen Evenbly; Nicola Pancotti; Ashley Milsted; Johnnie Gray; Garnet Kin‐Lic Chan,Physical Review Research,O3;O6,harvest+snowball,L1,1,1,,,,,"[abs] same broad field; no heterogeneous/nodewise error bound, sharp constant or placement statement indicated",no,,,
,10.23919/jsee.2023.000159,10.23919/jsee.2023.000159,,https://openalex.org/W4389633696,Low Rank Optimization for Efficient Deep Learning: Making a Balance Between Compact Architecture And Fast Training,2023,Xinwei Ou; Zhangxin Chen; Ce Zhu; Yipeng Liu,Journal of Systems Engineering and Electronics,O1,harvest,L1,1,1,,,,,"[title] same broad field; no heterogeneous/nodewise error bound, sharp constant or placement statement indicated",no,,,
,10.14279/depositonce-8109,10.14279/depositonce-8109,,https://openalex.org/W2918307016,"Low rank tensor decompositions for high dimensional data approximation, recovery and prediction",2019,Alexander Sebastian Johannes Wolf Wolf,DepositOnce,O2,harvest,L1,1,1,,,,,"[title] same broad field; no heterogeneous/nodewise error bound, sharp constant or placement statement indicated",no,,,
,10.1016/j.laa.2017.02.028,10.1016/j.laa.2017.02.028,,https://openalex.org/W2279530909,Low rank tensor recovery via iterative hard thresholding,2017,Holger Rauhut; Reinhold Schneider; Željka Stojanac,Linear Algebra and its Applications,O1,snowball,L1,1,1,,,,,"[title] same broad field; no heterogeneous/nodewise error bound, sharp constant or placement statement indicated",no,,,
,lowprecisionrankcompensationformatricesandtensortrains,,,https://openalex.org/W7169473414,Low-Precision Rank Compensation for Matrices and Tensor Trains,2026,Ibrahim El Mountasser; Khalide Jbilou,arXiv (Cornell University),O1,harvest,L1,1,1,,,,,"[title] same broad field; no heterogeneous/nodewise error bound, sharp constant or placement statement indicated",no,,,
,10.48550/arxiv.2501.00365,10.48550/arxiv.2501.00365,,https://openalex.org/W4406031252,Low-Rank Adaptation for Foundation Models: A Comprehensive Review,2024,"Menglin Yang; Jialin Chen; Tao, Jinkai; Yifei Zhang; Jiahong Liu; Jiasheng Zhang",arXiv (Cornell University),O2,harvest,L1,1,1,,,,,"[title] same broad field; no heterogeneous/nodewise error bound, sharp constant or placement statement indicated",no,,,
,10.1137/110845768,10.1137/110845768,,https://openalex.org/W2058078260,Low-Rank Matrix Completion by Riemannian Optimization,2013,Bart Vandereycken,SIAM Journal on Optimization,O1,snowball,L1,1,1,,,,,"[title] same broad field; no heterogeneous/nodewise error bound, sharp constant or placement statement indicated",no,,,
,10.1137/100799010,10.1137/100799010,,https://openalex.org/W2088087394,Low-Rank Tensor Krylov Subspace Methods for Parametrized Linear Systems,2011,Daniel Kreßner; Christine Tobler,SIAM Journal on Matrix Analysis and Applications,O1,snowball,L1,1,1,,,,,"[title] same broad field; no heterogeneous/nodewise error bound, sharp constant or placement statement indicated [seen_in_round1]",no,,,
,10.1137/130949919,10.1137/130949919,,https://openalex.org/W2008657736,Low-Rank Tensor Methods with Subspace Correction for Symmetric Eigenvalue Problems,2014,Daniel Kreßner; Michael Steinlechner; André Uschmajew,SIAM Journal on Scientific Computing,O1,snowball,L1,1,1,,,,,"[title] same broad field; no heterogeneous/nodewise error bound, sharp constant or placement statement indicated",no,,,
,10.1007/s10543-013-0455-z,10.1007/s10543-013-0455-z,,https://openalex.org/W2081962379,Low-rank tensor completion by Riemannian optimization,2013,Daniel Kreßner; Michael Steinlechner; Bart Vandereycken,BIT Numerical Mathematics,O1,snowball,L1,1,1,,,,,"[title] same broad field; no heterogeneous/nodewise error bound, sharp constant or placement statement indicated",no,,,
,10.3929/ethz-a-007587832,10.3929/ethz-a-007587832,,https://openalex.org/W2124664178,Low-rank tensor methods for linear systems and eigenvalue problems,2012,Christine Tobler,Repository for Publications and Research Data (ETH Zurich),O1,snowball,L1,1,1,,,,,"[title] same broad field; no heterogeneous/nodewise error bound, sharp constant or placement statement indicated [seen_in_round1]",no,,,
,10.1017/s0962492922000125,10.1017/s0962492922000125,,https://openalex.org/W4376148906,Low-rank tensor methods for partial differential equations,2023,Markus Bachmayr,Acta Numerica,O1;O2,harvest,L1,1,1,,,,,"[title] same broad field; no heterogeneous/nodewise error bound, sharp constant or placement statement indicated [seen_in_round1]",no,,,
,10.1007/s11222-022-10087-1,10.1007/s11222-022-10087-1,,https://openalex.org/W3047887441,Low-rank tensor reconstruction of concentrated densities with application to Bayesian inversion,2022,Martin Eigel; Robert Gruhlke; Manuel Marschall,Statistics and Computing,O1,snowball,L1,1,1,,,,,"[title] same broad field; no heterogeneous/nodewise error bound, sharp constant or placement statement indicated",no,,,
,10.1063/5.0223107,10.1063/5.0223107,,https://openalex.org/W4399598239,MPSDynamics.jl: Tensor network simulations for finite-temperature (non-Markovian) open quantum system dynamics,2024,Thibaut Lacroix; Brieuc Le Dé; Angela Riva; Angus Dunnett; Alex W. Chin,The Journal of Chemical Physics,O1,harvest,L1,1,1,,,,,"[title] same broad field; no heterogeneous/nodewise error bound, sharp constant or placement statement indicated",no,,,
,10.1145/3565271,10.1145/3565271,,https://openalex.org/W3045898247,Machine Learning Optimization of Quantum Circuit Layouts,2022,Alexandru Paler; Lucian Mircea Sasu; Adrian-Cătălin Florea; Răzvan Andonie,ACM Transactions on Quantum Computing,O6,harvest,L1,1,1,,,,,"[title] same broad field; no heterogeneous/nodewise error bound, sharp constant or placement statement indicated",no,,,
,10.1007/s10444-024-10175-y,10.1007/s10444-024-10175-y,,https://openalex.org/W4400688262,Macro-micro decomposition for consistent and conservative model order reduction of hyperbolic shallow water moment equations: a study using POD-Galerkin and dynamical low-rank approximation,2024,Julian Koellermeier; Philipp Krah; Jonas Kusch,Advances in Computational Mathematics,O2,harvest,L1,1,1,,,,,"[title] same broad field; no heterogeneous/nodewise error bound, sharp constant or placement statement indicated",no,,,
,10.1103/physrevlett.93.207204,10.1103/physrevlett.93.207204,,https://openalex.org/W1550516781,Matrix Product Density Operators: Simulation of Finite-Temperature and Dissipative Systems,2004,Frank Verstraete; Juan José García‐Ripoll; J. I. Cirac,Physical Review Letters,O3,harvest,L1,1,1,,,,,"[title] same broad field; no heterogeneous/nodewise error bound, sharp constant or placement statement indicated [seen_in_round1]",no,,,
,10.1103/revmodphys.93.045003,10.1103/revmodphys.93.045003,,https://openalex.org/W4200400528,"Matrix product states and projected entangled pair states: Concepts, symmetries, theorems",2021,J. I. Cirac; David Pérez-Garcı́a; Norbert Schuch; Frank Verstraete,Reviews of Modern Physics,O3;O4,harvest,L1,1,1,,,,,"[title] same broad field; no heterogeneous/nodewise error bound, sharp constant or placement statement indicated [seen_in_round1]",no,,,
,10.1080/14789940801912366,10.1080/14789940801912366,,https://openalex.org/W2096391265,"Matrix product states, projected entangled pair states, and variational renormalization group methods for quantum spin systems",2008,Frank Verstraete; V. Murg; J. I. Cirac,Advances In Physics,O3;O6,snowball,L1,1,1,,,,,"[title] same broad field; no heterogeneous/nodewise error bound, sharp constant or placement statement indicated [seen_in_round1]",no,,,
,10.1016/j.matpur.2004.09.017,10.1016/j.matpur.2004.09.017,,https://openalex.org/W2024188704,Maximum-norm stability of the finite element Stokes projection,2004,Vivette Girault; Ricardo H. Nochetto; Ridgway Scott,Journal de Mathématiques Pures et Appliquées,O4,harvest,L1,1,1,,,,,"[title] same broad field; no heterogeneous/nodewise error bound, sharp constant or placement statement indicated [seen_in_round1]",no,,,
,10.1007/978-3-662-05105-4_9,10.1007/978-3-662-05105-4_9,,https://openalex.org/W15667334,Minkowski Geometric Algebra and the Stability of Characteristic Polynomials,2003,Rida T. Farouki; Hwan Pyo Moon,Mathematics and visualization,O5,snowball,L1,1,1,,,,,"[title] same broad field; no heterogeneous/nodewise error bound, sharp constant or placement statement indicated",no,,,
,minkowskiproductsofunitquaternionsets,,,https://openalex.org/W3105709382,Minkowski products of unit quaternion sets,2019,Rida T. Farouki; Graziano Gentili; Hwan Pyo Moon; Caterina Stoppato,eScholarship (California Digital Library),O5,snowball,L1,1,1,,,,,"[title] same broad field; no heterogeneous/nodewise error bound, sharp constant or placement statement indicated",no,,,
,10.1007/s10444-019-09687-9,10.1007/s10444-019-09687-9,,https://openalex.org/W2912756416,Minkowski products of unit quaternion sets,2019,Rida T. Farouki; Graziano Gentili; Hwan Pyo Moon; Caterina Stoppato,Advances in Computational Mathematics,O5,snowball,L1,1,1,,,,,"[title] same broad field; no heterogeneous/nodewise error bound, sharp constant or placement statement indicated",no,,,
,10.1109/gmap.2000.838260,10.1109/gmap.2000.838260,,https://openalex.org/W2055949355,Minkowski roots of complex sets,2000,Rida T. Farouki; Wenling Gu; Hwan Pyo Moon,,O5,snowball,L1,1,1,,,,,"[title] same broad field; no heterogeneous/nodewise error bound, sharp constant or placement statement indicated",no,,,
,modulusofconicallyaveragedmappingsanditsapplicationstoanglesbetweentwosubspaces,,,https://openalex.org/W7171749347,Modulus of conically averaged mappings and its applications to angles between two subspaces,2026,Honglin Luo; Shuang Song; Xianfu Wang,arXiv (Cornell University),O4,harvest,L1,1,1,,,,H1,[abs] Conical averagedness modulus and Friedrichs/Dixmier angles for two subspaces; background,no,,,
,10.1109/tac.2023.3274690,10.1109/tac.2023.3274690,,https://openalex.org/W3216707186,Monotone One-Port Circuits,2023,Thomas Chaffey; Rodolphe Sepulchre,IEEE Transactions on Automatic Control,O4,snowball,L1,1,1,,,,,"[title] same broad field; no heterogeneous/nodewise error bound, sharp constant or placement statement indicated [seen_in_round1]",no,,,
,10.1145/2512329,10.1145/2512329,,https://openalex.org/W2079705627,Most Tensor Problems Are NP-Hard,2013,Christopher J. Hillar; Lek‐Heng Lim,Journal of the ACM,O1,snowball,L1,1,1,,,,,"[title] same broad field; no heterogeneous/nodewise error bound, sharp constant or placement statement indicated",no,,,
,10.1098/rspa.2023.0655,10.1098/rspa.2023.0655,,https://openalex.org/W4391872844,Multi-fidelity reduced-order surrogate modelling,2024,Paolo Conti; Mengwu Guo; Andrea Manzoni; Attilio Frangi; Steven L. Brunton; J. Nathan Kutz,Proceedings of the Royal Society A Mathematical Physical and Engineering Sciences,O3,harvest,L1,1,1,,,,,"[abs] same broad field; no heterogeneous/nodewise error bound, sharp constant or placement statement indicated",no,,,
,10.1016/j.apnum.2022.05.009,10.1016/j.apnum.2022.05.009,,https://openalex.org/W4280597397,Multilevel Picard approximations of high-dimensional semilinear partial differential equations with locally monotone coefficient functions,2022,Martin Hutzenthaler; Tuan Anh Nguyen,Applied Numerical Mathematics,O1,snowball,L1,1,1,,,,,"[title] same broad field; no heterogeneous/nodewise error bound, sharp constant or placement statement indicated",no,,,
,10.1002/nla.1951,10.1002/nla.1951,,https://openalex.org/W2126566496,Multilevel preconditioning and low‐rank tensor iteration for space–time simultaneous discretizations of parabolic PDEs,2014,Roman Andreev; Christine Tobler,Numerical Linear Algebra with Applications,O1,snowball,L1,1,1,,,,,"[title] same broad field; no heterogeneous/nodewise error bound, sharp constant or placement statement indicated",no,,,
,10.1002/sapm19287139,10.1002/sapm19287139,,https://openalex.org/W2330159389,Multiple Invariants and Generalized Rank of a P‐Way Matrix or Tensor,1928,Frank L. Hitchcock,Studies in Applied Mathematics,O1,snowball,L1,1,1,,,,,"[title] same broad field; no heterogeneous/nodewise error bound, sharp constant or placement statement indicated",no,,,
,10.1145/2532169,10.1145/2532169,,https://openalex.org/W2050703183,Multiresolution Tensor Decompositions with Mode Hierarchies,2014,Claudio Schifanella; K. Selçuk Candan; Maria Luisa Sapino,ACM Transactions on Knowledge Discovery from Data,O2,harvest,L1,1,1,,,,,"[title] same broad field; no heterogeneous/nodewise error bound, sharp constant or placement statement indicated",no,,,
,10.3390/dynamics3030033,10.3390/dynamics3030033,,https://openalex.org/W4386849710,Multiscale Entanglement Renormalization Ansatz: Causality and Error Correction,2023,Domenico Pomarico,Dynamics,O6,snowball,L1,1,1,,,,,"[abs] same broad field; no heterogeneous/nodewise error bound, sharp constant or placement statement indicated",no,,,
,10.1081/nfa-120003674,10.1081/nfa-120003674,,https://openalex.org/W2093425777,NON-STRICTLY CONVEX MINIMIZATION OVER THE FIXED POINT SET OF AN ASYMPTOTICALLY SHRINKING NONEXPANSIVE MAPPING,2002,Nobuhiko Ogura; Isao Yamada,Numerical Functional Analysis and Optimization,O4,snowball,L1,1,1,,,,,"[title] same broad field; no heterogeneous/nodewise error bound, sharp constant or placement statement indicated [seen_in_round1]",no,,,
,10.1145/3695053.3731408,10.1145/3695053.3731408,,https://openalex.org/W4411485940,Neo: Towards Efficient Fully Homomorphic Encryption Acceleration using Tensor Core,2025,Dian Jiao; Xianglong Deng; Zhiwei Wang; Shengyu Fan; Yi Chen; Dan Meng,,O2,harvest,L1,1,1,,,,,"[title] same broad field; no heterogeneous/nodewise error bound, sharp constant or placement statement indicated",no,,,
,10.48550/arxiv.2204.01877,10.48550/arxiv.2204.01877,,https://openalex.org/W4226074582,Non-Euclidean Monotone Operator Theory with Applications to Recurrent Neural Networks,2022,Alexander A. Davydov; Saber Jafarpour; Anton V. Proskurnikov; Francesco Bullo,arXiv (Cornell University),O4,harvest,L1,1,1,,,,,"[title] same broad field; no heterogeneous/nodewise error bound, sharp constant or placement statement indicated",no,,,
,10.1515/cmam-2018-0028,10.1515/cmam-2018-0028,,https://openalex.org/W2884465099,Non-intrusive Tensor Reconstruction for High-Dimensional Random PDEs,2018,Martin Eigel; Johannes Neumann; Reinhold Schneider; S. Wolf,Computational Methods in Applied Mathematics,O1,snowball,L1,1,1,,,,,"[title] same broad field; no heterogeneous/nodewise error bound, sharp constant or placement statement indicated",no,,,
,10.1088/1361-6420/33/4/044003,10.1088/1361-6420/33/4/044003,,https://openalex.org/W2594914074,Nonexpansiveness of a linearized augmented Lagrangian operator for hierarchical convex optimization,2017,Masao Yamagishi; Isao Yamada,Inverse Problems,O4,snowball,L1,1,1,,,,,"[title] same broad field; no heterogeneous/nodewise error bound, sharp constant or placement statement indicated",no,,,
,10.1137/20m1345062,10.1137/20m1345062,,https://openalex.org/W2969675431,Nonlinear Forward-Backward Splitting with Projection Correction,2021,Pontus Giselsson,SIAM Journal on Optimization,O4,snowball,L1,1,1,,,,,"[title] same broad field; no heterogeneous/nodewise error bound, sharp constant or placement statement indicated",no,,,
,10.1016/j.jco.2015.06.005,10.1016/j.jco.2015.06.005,,https://openalex.org/W2964100246,Nonlinear tensor product approximation of functions,2015,Д. Б. Базарханов; Vladimir Temlyakov,Journal of Complexity,O1,snowball,L1,1,1,,,,,"[title] same broad field; no heterogeneous/nodewise error bound, sharp constant or placement statement indicated",no,,,
,10.1002/cem.1244,10.1002/cem.1244,,https://openalex.org/W2172195418,Nonnegative approximations of nonnegative tensors,2009,Lek‐Heng Lim; Pierre Comon,Journal of Chemometrics,O1,snowball,L1,1,1,,,,,"[title] same broad field; no heterogeneous/nodewise error bound, sharp constant or placement statement indicated",no,,,
,10.1103/gxdn-zwrw,10.1103/gxdn-zwrw,,https://openalex.org/W4411977466,Nonstabilizerness entanglement entropy: A measure of hardness in the classical simulation of quantum many-body systems with tensor network states,2025,Jiale Huang; Xiangjian Qian; Mingpu Qin,Physical Review A,O6,snowball,L1,1,1,,,,,"[title] same broad field; no heterogeneous/nodewise error bound, sharp constant or placement statement indicated",no,,,
,10.1103/physrevlett.133.010601,10.1103/physrevlett.133.010601,,https://openalex.org/W4391420775,Nonstabilizerness via Matrix Product States in the Pauli Basis,2024,Poetri Sonya Tarabunga; Emanuele Tirrito; Mari Carmen Bañuls; Marcello Dalmonte,Physical Review Letters,O3,harvest,L1,1,1,,,,,"[title] same broad field; no heterogeneous/nodewise error bound, sharp constant or placement statement indicated [seen_in_round1]",no,,,
,10.1007/s40574-020-00247-4,10.1007/s40574-020-00247-4,,https://openalex.org/W3044257681,Numerical solution of a class of third order tensor linear equations,2020,Valeria Simoncini,Bollettino Della Unione Matematica Italiana,O1,snowball,L1,1,1,,,,,"[title] same broad field; no heterogeneous/nodewise error bound, sharp constant or placement statement indicated",no,,,
,10.1017/s0962492914000087,10.1017/s0962492914000087,,https://openalex.org/W2168071446,Numerical tensor calculus,2014,Wolfgang Hackbusch,Acta Numerica,O1,snowball,L1,1,1,,,,,"[title] same broad field; no heterogeneous/nodewise error bound, sharp constant or placement statement indicated",no,,,
,10.1007/s00365-011-9131-1,10.1007/s00365-011-9131-1,,https://openalex.org/W1967859589,O(dlog N)-Quantics Approximation of N-d Tensors in High-Dimensional Numerical Modeling,2011,Boris N. Khoromskij,Constructive Approximation,O1,snowball,L1,1,1,,,,,"[title] same broad field; no heterogeneous/nodewise error bound, sharp constant or placement statement indicated [seen_in_round1]",no,,,
,10.1063/5.0225367,10.1063/5.0225367,,https://openalex.org/W4402768745,OQuPy: A Python package to efficiently simulate non-Markovian open quantum systems with process tensors,2024,Gerald E. Fux; Piper Fowler-Wright; Joel Beckles; Eoin P. Butler; P. R. Eastham; Dominic Gribben,The Journal of Chemical Physics,O3,harvest,L1,1,1,,,,,"[title] same broad field; no heterogeneous/nodewise error bound, sharp constant or placement statement indicated",no,,,
,10.1137/110857520,10.1137/110857520,,https://openalex.org/W2088522763,On Local Convergence of Alternating Schemes for Optimization of Convex Problems in the Tensor Train Format,2013,Thorsten Rohwedder; André Uschmajew,SIAM Journal on Numerical Analysis,O1,snowball,L1,1,1,,,,,"[title] same broad field; no heterogeneous/nodewise error bound, sharp constant or placement statement indicated [seen_in_round1]",no,,,
,10.1007/s10208-012-9136-6,10.1007/s10208-012-9136-6,,https://openalex.org/W2088739747,On Minimal Subspaces in Tensor Representations,2012,Antonio Falcó; Wolfgang Hackbusch,Foundations of Computational Mathematics,O1,snowball,L1,1,1,,,,,"[title] same broad field; no heterogeneous/nodewise error bound, sharp constant or placement statement indicated [seen_in_round1]",no,,,
,10.1137/s0036144593251710,10.1137/s0036144593251710,,https://openalex.org/W2033511209,On Projection Algorithms for Solving Convex Feasibility Problems,1996,Heinz H. Bauschke; Jonathan M. Borwein,SIAM Review,O4,snowball,L1,1,1,,,,,"[title] same broad field; no heterogeneous/nodewise error bound, sharp constant or placement statement indicated [seen_in_round1]",no,,,
,onaveragedfirmlynonexpansiveandquasinonexpansiveoperatorsandmoreofthat,,,https://openalex.org/W2597219541,"On averaged, firmly nonexpansive and quasi-nonexpansive operators, and more of that",2007,G. Crombez,Ghent University Academic Bibliography (Ghent University),O4,snowball,L1,1,1,,,,,"[title] same broad field; no heterogeneous/nodewise error bound, sharp constant or placement statement indicated",no,,,
,onhyperbolicsurfacetessellationsandequivariantspacelikeconvexpolyhedralsurfacesinminkowskispace,,,https://openalex.org/W2780294057,On hyperbolic surface tessellations and equivariant spacelike convex polyhedral surfaces in Minkowski Space,2000,Igor Iskhakov,OhioLink ETD Center (Ohio Library and Information Network),O5,harvest,L1,1,1,,,,,"[title] same broad field; no heterogeneous/nodewise error bound, sharp constant or placement statement indicated",no,,,
,10.1016/j.laa.2015.12.016,10.1016/j.laa.2015.12.016,,https://openalex.org/W1767074320,On low-rank approximability of solutions to high-dimensional operator equations and eigenvalue problems,2016,Daniel Kreßner; André Uschmajew,Linear Algebra and its Applications,O1,snowball,L1,1,1,,,,,"[title] same broad field; no heterogeneous/nodewise error bound, sharp constant or placement statement indicated",no,,,
,10.1007/s00211-011-0419-7,10.1007/s00211-011-0419-7,,https://openalex.org/W2036133196,On manifolds of tensors of fixed TT-rank,2011,Sebastian Holtz; Thorsten Rohwedder; Reinhold Schneider,Numerische Mathematik,O1,snowball,L1,1,1,,,,,"[title] same broad field; no heterogeneous/nodewise error bound, sharp constant or placement statement indicated [seen_in_round1]",no,,,
,10.3934/math.20231135,10.3934/math.20231135,,https://openalex.org/W4384383094,On simultaneous characterizations of partner-ruled surfaces in Minkowski 3-space,2023,Yanlin Li; Kemal Eren; Soley Ersoy,AIMS Mathematics,O5,harvest,L1,1,1,,,,,"[title] same broad field; no heterogeneous/nodewise error bound, sharp constant or placement statement indicated",no,,,
,10.1007/978-3-030-25939-6_15,10.1007/978-3-030-25939-6_15,,https://openalex.org/W2900403378,On the Acceleration of Forward-Backward Splitting via an Inexact Newton Method,2019,Andreas Themelis; Masoud Ahookhosh; Panagiotis Patrinos,,O4,harvest,L1,1,1,,,,,"[title] same broad field; no heterogeneous/nodewise error bound, sharp constant or placement statement indicated",no,,,
,10.48550/arxiv.1506.00062,10.48550/arxiv.1506.00062,,https://openalex.org/W2191558661,On the Convergence of Alternating Least Squares Optimisation in Tensor Format Representations,2015,Mike Espig; Wolfgang Hackbusch; Aram Khachatryan,RWTH Publications (RWTH Aachen),O1,snowball,L1,1,1,,,,,"[title] same broad field; no heterogeneous/nodewise error bound, sharp constant or placement statement indicated",no,,,
,onthedesignandanalysisofoperatorsplittingschemes,,,https://openalex.org/W1146984394,On the Design and Analysis of Operator-Splitting Schemes,2015,Damek Davis,eScholarship (California Digital Library),O4,harvest,L1,1,1,,,,,"[abs] same broad field; no heterogeneous/nodewise error bound, sharp constant or placement statement indicated",no,,,
,10.1007/bf01581204,10.1007/bf01581204,,https://openalex.org/W2058532290,On the Douglas—Rachford splitting method and the proximal point algorithm for maximal monotone operators,1992,Jonathan Eckstein; Dimitri P. Bertsekas,Mathematical Programming,O4,snowball,L1,1,1,,,,,"[title] same broad field; no heterogeneous/nodewise error bound, sharp constant or placement statement indicated [seen_in_round1]",no,,,
,10.48550/arxiv.1509.05009,10.48550/arxiv.1509.05009,,https://openalex.org/W1852909287,On the Expressive Power of Deep Learning: A Tensor Analysis,2015,Nadav Cohen; Or Sharir; Amnon Shashua,arXiv (Cornell University),O1,snowball,L1,1,1,,,,,"[title] same broad field; no heterogeneous/nodewise error bound, sharp constant or placement statement indicated [seen_in_round1]",no,,,
,10.1007/s10543-013-0444-2,10.1007/s10543-013-0444-2,,https://openalex.org/W2002633056,On the approximation of high-dimensional differential equations in the hierarchical Tucker format,2013,A. Arnold; Tobias Jahnke,BIT Numerical Mathematics,O1,snowball,L1,1,1,,,,,"[title] same broad field; no heterogeneous/nodewise error bound, sharp constant or placement statement indicated",no,,,
,10.1007/s10107-018-1321-1,10.1007/s10107-018-1321-1,,https://openalex.org/W2886903283,On the equivalence of the primal-dual hybrid gradient method and Douglas–Rachford splitting,2018,Daniel O’Connor; Lieven Vandenberghe,Mathematical Programming,O4,snowball,L1,1,1,,,,,"[title] same broad field; no heterogeneous/nodewise error bound, sharp constant or placement statement indicated",no,,,
,10.5555/2230976.2230988,10.5555/2230976.2230988,,https://openalex.org/W2141253737,On the geometry of tensor network states,2012,Joseph M. Landsburg; Qi Yang; Ke Ye,Quantum Information and Computation,O1,snowball,L1,1,1,,,,,"[abs] same broad field; no heterogeneous/nodewise error bound, sharp constant or placement statement indicated",no,,,
,10.48550/arxiv.2505.22363,10.48550/arxiv.2505.22363,,https://openalex.org/W4416048257,Operator-Splitting Methods for Neuromorphic Circuit Simulation,2025,Amir Shahhosseini; Thomas Chaffey; Rodolphe Sepulchre,arXiv (Cornell University),O4,harvest,L1,1,1,,,,,"[title] same broad field; no heterogeneous/nodewise error bound, sharp constant or placement statement indicated",no,,,
,10.1016/j.physleta.2024.129642,10.1016/j.physleta.2024.129642,,https://openalex.org/W4399422908,Optimal qubit mapping search for encoding classical data into matrix product state representation with minimal loss,2024,Hyeongjun Jeon; Kyungmin Lee; Dongkyu Lee; Bongsang Kim; Taehyun Kim,Physics Letters A,O6,snowball,L1,1,1,,,,,"[title] same broad field; no heterogeneous/nodewise error bound, sharp constant or placement statement indicated",no,,,
,10.1007/s11075-018-0608-x,10.1007/s11075-018-0608-x,,https://openalex.org/W2769692372,Optimal rates of linear convergence of the averaged alternating modified reflections method for two subspaces,2018,Francisco J. Aragón Artacho; Rubén Campoy,Numerical Algorithms,O4,harvest,L1,1,1,,,,,"[title] same broad field; no heterogeneous/nodewise error bound, sharp constant or placement statement indicated [seen_in_round1]",no,,,
,10.1016/j.laa.2015.04.015,10.1016/j.laa.2015.04.015,,https://openalex.org/W301566927,Optimization on the Hierarchical Tucker manifold – Applications to tensor completion,2015,Curt Da Silva; Felix J. Herrmann,Linear Algebra and its Applications,O1,snowball,L1,1,1,,,,,"[title] same broad field; no heterogeneous/nodewise error bound, sharp constant or placement statement indicated",no,,,
,10.1007/s00791-012-0183-y,10.1007/s00791-012-0183-y,,https://openalex.org/W2048459485,Optimization problems in contracted tensor networks,2011,Mike Espig; Wolfgang Hackbusch; Stefan Handschuh; Reinhold Schneider,Computing and Visualization in Science,O1,snowball,L1,1,1,,,,,"[title] same broad field; no heterogeneous/nodewise error bound, sharp constant or placement statement indicated",no,,,
,10.1109/tit.2006.876220,10.1109/tit.2006.876220,,https://openalex.org/W2097695636,Optimum power allocation for parallel Gaussian channels with arbitrary input distributions,2006,Angel Lozano; Antonia M. Tulino; Sergio Verdú,IEEE Transactions on Information Theory,O5,snowball,L1,1,1,,,,H3,[abs] Mercury water-filling; background,no,,,
,10.23919/acc50511.2021.9482940,10.23919/acc50511.2021.9482940,,https://openalex.org/W3186581370,Outer Approximations of Minkowski Operations on Complex Sets via Sum-of-Squares Optimization,2021,James Guthrie; Enrique Mallada,,O5,snowball,L1,1,1,,,,H1,[abs] SOS outer approximations of Minkowski operations; background,no,,,
,10.1021/acs.jctc.4c00903,10.1021/acs.jctc.4c00903,,https://openalex.org/W4402622228,Parallel Implementation of the Density Matrix Renormalization Group Method Achieving a Quarter petaFLOPS Performance on a Single DGX-H100 GPU Node,2024,Andor Menczer; Maarten Van Damme; Alan E. Rask; Lee Huntington; Jeff R. Hammond; Sotiris S. Xantheas,Journal of Chemical Theory and Computation,O3,snowball,L1,1,1,,,,,"[title] same broad field; no heterogeneous/nodewise error bound, sharp constant or placement statement indicated",no,,,
,10.1016/j.jcp.2018.08.057,10.1016/j.jcp.2018.08.057,,https://openalex.org/W2794506364,Parallel tensor methods for high-dimensional linear PDEs,2018,Arnout Boelens; Daniele Venturi; Daniel M. Tartakovsky,Journal of Computational Physics,O1,snowball,L1,1,1,,,,,"[title] same broad field; no heterogeneous/nodewise error bound, sharp constant or placement statement indicated [seen_in_round1]",no,,,
,10.1088/2058-9565/ab4eb5,10.1088/2058-9565/ab4eb5,,https://openalex.org/W2980446414,Parameterized quantum circuits as machine learning models,2019,Marcello Benedetti; Erika Lloyd; Stefan Sack; Mattia Fiorentini,Quantum Science and Technology,O3,harvest,L1,1,1,,,,,"[title] same broad field; no heterogeneous/nodewise error bound, sharp constant or placement statement indicated",no,,,
,10.48550/arxiv.1710.05867,10.48550/arxiv.1710.05867,,https://openalex.org/W3080724058,Pareto-Efficient Quantum Circuit Simulation Using Tensor Contraction Deferral,2017,Edwin Pednault; John A. Gunnels; Giacomo Nannicini; Lior Horesh; Thomas Magerlein; Edgar Solomonik,arXiv (Cornell University),O3,harvest,L1,1,1,,,,,"[title] same broad field; no heterogeneous/nodewise error bound, sharp constant or placement statement indicated [seen_in_round1]",no,,,
,10.1080/01621459.2021.1938082,10.1080/01621459.2021.1938082,,https://openalex.org/W3127614540,Partially Observed Dynamic Tensor Response Regression,2021,Jie Zhou; Will Wei Sun; Jingfei Zhang; Lexin Li,Journal of the American Statistical Association,O2,harvest,L1,1,1,,,,,"[title] same broad field; no heterogeneous/nodewise error bound, sharp constant or placement statement indicated",no,,,
,10.48550/arxiv.2002.09735,10.48550/arxiv.2002.09735,,https://openalex.org/W3007948055,Partially Observed Dynamic Tensor Response Regression,2020,Jie Zhou; Will Wei Sun; Jingfei Zhang; Lexin Li,arXiv (Cornell University),O2,harvest,L1,1,1,,,,,"[title] same broad field; no heterogeneous/nodewise error bound, sharp constant or placement statement indicated",no,,,
,10.1103/physrevb.85.165146,10.1103/physrevb.85.165146,,https://openalex.org/W2090558193,Perfect sampling with unitary tensor networks,2012,Andrew J. Ferris; Guifré Vidal,Physical Review B,O3,snowball,L1,1,1,,,,,"[abs] same broad field; no heterogeneous/nodewise error bound, sharp constant or placement statement indicated",no,,,
,10.1016/j.optlaseng.2018.04.019,10.1016/j.optlaseng.2018.04.019,,https://openalex.org/W2804654620,Phase shifting algorithms for fringe projection profilometry: A review,2018,Chao Zuo; Shijie Feng; Lei Huang; Tianyang Tao; Wei Yin; Qian Chen,Optics and Lasers in Engineering,O4,harvest,L1,1,1,,,,,"[title] same broad field; no heterogeneous/nodewise error bound, sharp constant or placement statement indicated",no,,,
,10.1103/physrevb.88.075133,10.1103/physrevb.88.075133,,https://openalex.org/W2084995257,Post-matrix product state methods: To tangent space and beyond,2013,Jutho Haegeman; Tobias J. Osborne; Frank Verstraete,Physical Review B,O1;O4,harvest+snowball,L1,1,1,,,,,"[title] same broad field; no heterogeneous/nodewise error bound, sharp constant or placement statement indicated",no,,,
,10.2478/cmam-2011-0020,10.2478/cmam-2011-0020,,https://openalex.org/W1967402714,Preconditioned Low-Rank Methods for High-Dimensional Elliptic PDE Eigenvalue Problems,2011,Daniel Kreßner; Christine Tobler,Computational Methods in Applied Mathematics,O1,harvest+snowball,L1,1,1,,,,,"[title] same broad field; no heterogeneous/nodewise error bound, sharp constant or placement statement indicated [seen_in_round1]",no,,,
,10.1137/15m1018253,10.1137/15m1018253,,https://openalex.org/W2175165459,Preconditioning of a Generalized Forward-Backward Splitting and Application to Optimization on Graphs,2015,Hugo Raguet; Loïc Landrieu,SIAM Journal on Imaging Sciences,O4,snowball,L1,1,1,,,,,"[title] same broad field; no heterogeneous/nodewise error bound, sharp constant or placement statement indicated",no,,,
,10.1137/21m1402170,10.1137/21m1402170,,https://openalex.org/W3135196308,Pricing High-Dimensional Bermudan Options with Hierarchical Tensor Formats,2023,Christian Bayer; Martin Eigel; Leon Sallandt; Philipp Trunschke,SIAM Journal on Financial Mathematics,O1,snowball,L1,1,1,,,,,"[title] same broad field; no heterogeneous/nodewise error bound, sharp constant or placement statement indicated [seen_in_round1]",no,,,
,10.1016/j.laa.2010.08.026,10.1016/j.laa.2010.08.026,,https://openalex.org/W2013263425,Product numerical range in a space with tensor product structure,2010,Zbigniew Puchała; Piotr Gawron; Jarosław Adam Miszczak; Łukasz Skowronek; Man-Duen Choi; Karol Życzkowski,Linear Algebra and its Applications,O5,snowball,L1,1,1,,,,H1,[abs] Product numerical range; background,no,,,
,10.1007/s00211-011-0437-5,10.1007/s00211-011-0437-5,,https://openalex.org/W2034801304,Proper generalized decomposition for nonlinear convex problems in tensor Banach spaces,2011,Antonio Falcó; Anthony Nouy,Numerische Mathematik,O1,snowball,L1,1,1,,,,,"[title] same broad field; no heterogeneous/nodewise error bound, sharp constant or placement statement indicated",no,,,
,10.1137/s0363012903427336,10.1137/s0363012903427336,,https://openalex.org/W2070997813,Proximal Methods for Cohypomonotone Operators,2004,Patrick L. Combettes; Teemu Pennanen,SIAM Journal on Control and Optimization,O4,snowball,L1,1,1,,,,,"[title] same broad field; no heterogeneous/nodewise error bound, sharp constant or placement statement indicated",no,,,
,10.1137/20m1341659,10.1137/20m1341659,,https://openalex.org/W3033183059,Quantized Tensor FEM for Multiscale Problems: Diffusion Problems in Two and Three Dimensions,2022,Vladimir Kazeev; Ivan Oseledets; Maxim Rakhuba; Christoph Schwab,Multiscale Modeling and Simulation,O1,snowball,L1,1,1,,,,,"[title] same broad field; no heterogeneous/nodewise error bound, sharp constant or placement statement indicated",no,,,
,10.3929/ethz-a-010554062,10.3929/ethz-a-010554062,,https://openalex.org/W2269850907,Quantized tensor-structured finite elements for second-order elliptic PDEs in two dimensions,2015,Vladimir Kazeev,Repository for Publications and Research Data (ETH Zurich),O1,snowball,L1,1,1,,,,,"[title] same broad field; no heterogeneous/nodewise error bound, sharp constant or placement statement indicated",no,,,
,10.1103/physrevx.7.031016,10.1103/physrevx.7.031016,,https://openalex.org/W2512685237,Quantum Entanglement Growth under Random Unitary Dynamics,2017,Adam Nahum; Jonathan Ruhman; Sagar Vijay; Jeongwan Haah,Physical Review X,O3,harvest,L1,1,1,,,,,"[title] same broad field; no heterogeneous/nodewise error bound, sharp constant or placement statement indicated",no,,,
,10.14711/thesis-hdl152294,10.14711/thesis-hdl152294,,https://openalex.org/W4414315172,Quantum Entanglement with Geometric Measures,2025,Xuanran Zhu,,O6,harvest,L1,1,1,,,,,"[title] same broad field; no heterogeneous/nodewise error bound, sharp constant or placement statement indicated",no,,,
,10.1103/prxquantum.3.040313,10.1103/prxquantum.3.040313,,https://openalex.org/W4307889020,Quantum Error Mitigation via Matrix Product Operators,2022,Yuchen Guo; Shuo Yang,PRX Quantum,O3,snowball,L1,1,1,,,,,"[title] same broad field; no heterogeneous/nodewise error bound, sharp constant or placement statement indicated",no,,,
,10.1007/s11128-019-2326-2,10.1007/s11128-019-2326-2,,https://openalex.org/W2947359591,Quantum circuit design for objective function maximization in gate-model quantum computers,2019,Laszlo Gyongyosi; Sandor Imre,Quantum Information Processing,O6,harvest,L1,1,1,,,,,"[title] same broad field; no heterogeneous/nodewise error bound, sharp constant or placement statement indicated",no,,,
,10.1088/2058-9565/ab79b1,10.1088/2058-9565/ab79b1,,https://openalex.org/W2934743019,Quantum circuit optimizations for NISQ architectures,2020,Beatrice Nash; Vlad Gheorghiu; Michele Mosca,Quantum Science and Technology,O6,harvest,L1,1,1,,,,,"[title] same broad field; no heterogeneous/nodewise error bound, sharp constant or placement statement indicated",no,,,
,10.1007/jhep04(2026)183,10.1007/jhep04(2026)183,,https://openalex.org/W7156250882,Quantum dynamics of cosmological particle production: interacting quantum field theories with matrix product states,2026,Evan Budd; Adrien Florio; David Frenklakh; Swagato Mukherjee,Journal of High Energy Physics,O3,harvest,L1,1,1,,,,,"[title] same broad field; no heterogeneous/nodewise error bound, sharp constant or placement statement indicated",no,,,
,10.1103/physrevc.111.034317,10.1103/physrevc.111.034317,,https://openalex.org/W4408326378,Quantum magic and multipartite entanglement in the structure of nuclei,2025,Florian Brökemeier; S. Momme Hengstenberg; J. W. T. Keeble; Caroline Robin; Federico Rocco; Martin J. Savage,Physical Review C,O3;O6,snowball,L1,1,1,,,,,"[title] same broad field; no heterogeneous/nodewise error bound, sharp constant or placement statement indicated",no,,,
,10.1103/physrevb.98.155134,10.1103/physrevb.98.155134,,https://openalex.org/W2810419645,"Quantum scarred eigenstates in a Rydberg atom chain: Entanglement, breakdown of thermalization, and stability to perturbations",2018,Christopher J. Turner; Alexios A. Michailidis; Dmitry A. Abanin; Maksym Serbyn; Zlatko Papić,Physical review. B./Physical review. B,O4,harvest,L1,1,1,,,,,"[title] same broad field; no heterogeneous/nodewise error bound, sharp constant or placement statement indicated",no,,,
,10.1038/s41534-024-00805-0,10.1038/s41534-024-00805-0,,https://openalex.org/W4391227260,Quantum state preparation of normal distributions using matrix product states,2024,Jason Iaconis; Sonika Johri; Elton Yechao Zhu,npj Quantum Information,O3,harvest,L1,1,1,,,,,"[title] same broad field; no heterogeneous/nodewise error bound, sharp constant or placement statement indicated [seen_in_round1]",no,,,
,10.1103/revmodphys.90.035006,10.1103/revmodphys.90.035006,,https://openalex.org/W2582012066,Quantum-enhanced measurements without entanglement,2018,Daniel Braun; Gerardo Adesso; Fabio Benatti; Roberto Floreanini; Ugo Marzolino; Morgan W. Mitchell,Reviews of Modern Physics,O6,harvest,L1,1,1,,,,,"[title] same broad field; no heterogeneous/nodewise error bound, sharp constant or placement statement indicated [seen_in_round1]",no,,,
,10.1137/17m112806x,10.1137/17m112806x,,https://openalex.org/W2605652624,Quasi-Nonexpansive Iterations on the Affine Hull of Orbits: From Mann's Mean Value Algorithm to Inertial Methods,2017,Patrick L. Combettes; Lilian E. Glaudin,SIAM Journal on Optimization,O4,snowball,L1,1,1,,,,,"[title] same broad field; no heterogeneous/nodewise error bound, sharp constant or placement statement indicated",no,,,
,10.48550/arxiv.1704.03563,10.48550/arxiv.1704.03563,,https://openalex.org/W2953366062,Quasinonexpansive Iterations on the Affine Hull of Orbits: From Mann's Mean Value Algorithm to Inertial Methods,2017,Patrick L. Combettes; Lilian E. Glaudin,arXiv (Cornell University),O4,snowball,L1,1,1,,,,,"[title] same broad field; no heterogeneous/nodewise error bound, sharp constant or placement statement indicated",no,,,
,10.1128/microbiolspec.rwr-0008-2017,10.1128/microbiolspec.rwr-0008-2017,,https://openalex.org/W2802607766,RNase E and the High-Fidelity Orchestration of RNA Metabolism,2018,Katarzyna Bandyra; Ben F. Luisi,Microbiology Spectrum,O3,harvest,L1,1,1,,,,,"[title] same broad field; no heterogeneous/nodewise error bound, sharp constant or placement statement indicated",no,,,
,10.1146/annurev-conmatphys-031720-030658,10.1146/annurev-conmatphys-031720-030658,,https://openalex.org/W4293171638,Random Quantum Circuits,2022,Matthew P. A. Fisher; Vedika Khemani; Adam Nahum; Sagar Vijay,Annual Review of Condensed Matter Physics,O1,harvest,L1,1,1,,,,,"[title] same broad field; no heterogeneous/nodewise error bound, sharp constant or placement statement indicated",no,,,
,10.1111/rssb.12228,10.1111/rssb.12228,,https://openalex.org/W2105234758,Random-projection Ensemble Classification,2017,Timothy I. Cannings; Richard J. Samworth,Journal of the Royal Statistical Society Series B (Statistical Methodology),O4,harvest,L1,1,1,,,,,"[title] same broad field; no heterogeneous/nodewise error bound, sharp constant or placement statement indicated [seen_in_round1]",no,,,
,10.48550/arxiv.2409.09471,10.48550/arxiv.2409.09471,,https://openalex.org/W4403667412,Randomized sketched TT-GMRES for linear systems with tensor structure,2024,Alberto Bucci; Davide Palitta; Leonardo Robol,arXiv (Cornell University),O2,harvest,L1,1,1,,,,,"[title] same broad field; no heterogeneous/nodewise error bound, sharp constant or placement statement indicated",no,,,
,10.1137/20m1314653,10.1137/20m1314653,,https://openalex.org/W3002052860,Rank Bounds for Approximating Gaussian Densities in the Tensor-Train Format,2022,Paul Rohrbach; Sergey Dolgov; Lars Grasedyck; Robert Scheichl,SIAM/ASA Journal on Uncertainty Quantification,O2,harvest,L1,1,1,,,,,"[title] same broad field; no heterogeneous/nodewise error bound, sharp constant or placement statement indicated",no,,,
,10.48550/arxiv.2001.08187,10.48550/arxiv.2001.08187,,https://openalex.org/W4287902049,Rank Bounds for Approximating Gaussian Densities in the Tensor-Train Format,2020,Paul Rohrbach; Sergey Dolgov; Lars Grasedyck; Robert Scheichl,arXiv (Cornell University),O2,harvest,L1,1,1,,,,,"[title] same broad field; no heterogeneous/nodewise error bound, sharp constant or placement statement indicated",no,,,
,10.1063/5.0077770,10.1063/5.0077770,,https://openalex.org/W3215266057,Rank-reduced coupled-cluster. III. Tensor hypercontraction of the doubles amplitudes,2022,Edward G. Hohenstein; B. Scott Fales; Robert M. Parrish; Todd J. Martı́nez,The Journal of Chemical Physics,O3,harvest,L1,1,1,,,,,"[title] same broad field; no heterogeneous/nodewise error bound, sharp constant or placement statement indicated",no,,,
,10.1103/prxquantum.2.010342,10.1103/prxquantum.2.010342,,https://openalex.org/W3080410339,Real- and Imaginary-Time Evolution with Compressed Quantum Circuits,2021,Sheng-Hsuan Lin; Rohit Dilip; Andrew G. Green; Adam Smith; Frank Pollmann,PRX Quantum,O3,harvest,L1,1,1,,,,,"[title] same broad field; no heterogeneous/nodewise error bound, sharp constant or placement statement indicated",no,,,
,10.1103/physrevx.6.011023,10.1103/physrevx.6.011023,,https://openalex.org/W1840051885,Real-Time Dynamics in U(1) Lattice Gauge Theories with Tensor Networks,2016,T. Pichler; M. Dalmonte; E. Rico; P. Zoller; S. Montangero,Physical Review X,O1,harvest,L1,1,1,,,,,"[title] same broad field; no heterogeneous/nodewise error bound, sharp constant or placement statement indicated",no,,,
,10.1103/physrevlett.93.076401,10.1103/physrevlett.93.076401,,https://openalex.org/W2021712328,Real-Time Evolution Using the Density Matrix Renormalization Group,2004,Steven R. White; Adrian Feiguin,Physical Review Letters,O6,snowball,L1,1,1,,,,,"[title] same broad field; no heterogeneous/nodewise error bound, sharp constant or placement statement indicated",no,,,
,10.1109/sc41406.2024.00086,10.1109/sc41406.2024.00086,,https://openalex.org/W4405755835,Realizing Quantum Kernel Models at Scale with Matrix Product State Simulation,2024,Mekena Metcalf; Pablo Andrés-Martí­nez; Nathan Fitzpatrick,,O6,snowball,L1,1,1,,,,,"[title] same broad field; no heterogeneous/nodewise error bound, sharp constant or placement statement indicated",no,,,
,10.1109/tvt.2013.2283505,10.1109/tvt.2013.2283505,,https://openalex.org/W2091633261,Recursive Waterfilling for Wireless Links With Energy Harvesting Transmitters,2013,Peter He; Lian Zhao; Sheng Zhou; Zhisheng Niu,IEEE Transactions on Vehicular Technology,O5,snowball,L1,1,1,,,,H3,[abs] Water-filling with cumulative caps; background,no,,,
,10.1134/s1064562409040036,10.1134/s1064562409040036,,https://openalex.org/W2039001924,Recursive decomposition of multidimensional tensors,2009,Ivan Oseledets; E. E. Tyrtyshnikov,Doklady Mathematics,O1,snowball,L1,1,1,,,,,"[title] same broad field; no heterogeneous/nodewise error bound, sharp constant or placement statement indicated",no,,,
,10.1017/cbo9780511622656,10.1017/cbo9780511622656,,https://openalex.org/W1775170449,"Renormalization An Introduction to Renormalization, the Renormalization Group and the Operator-Product Expansion",1984,John C. Collins,,O4,harvest,L1,1,1,,,,,"[title] same broad field; no heterogeneous/nodewise error bound, sharp constant or placement statement indicated",no,,,
,10.1063/1.3496901,10.1063/1.3496901,,https://openalex.org/W2015936613,Restricted numerical range: A versatile tool in the theory of quantum information,2010,Piotr Gawron; Zbigniew Puchała; Jarosław Adam Miszczak; Łukasz Skowronek; Karol Życzkowski,Journal of Mathematical Physics,O5,snowball,L1,1,1,,,,,"[title] same broad field; no heterogeneous/nodewise error bound, sharp constant or placement statement indicated",no,,,
,10.5075/epfl-thesis-6958,10.5075/epfl-thesis-6958,,https://openalex.org/W2336109516,Riemannian Optimization for Solving High-Dimensional Problems with Low-Rank Tensor Structure,2016,Michael Steinlechner,Infoscience (Ecole Polytechnique Fédérale de Lausanne),O1;O2,harvest,L1,1,1,,,,,"[title] same broad field; no heterogeneous/nodewise error bound, sharp constant or placement statement indicated [seen_in_round1]",no,,,
,10.3182/20050703-6-cz-1902.00205,10.3182/20050703-6-cz-1902.00205,,https://openalex.org/W2052689408,SET MEMBERSHIP PARAMETER IDENTIFICATION WITH COMPLEX INTERVALS USING POLAR FORMS,2005,Nacim Ramdani; Tarek Raïssi; Yves Candau; Abderrahim Boudenne; Laurent Ibos,IFAC Proceedings Volumes,O5,snowball,L1,1,1,,,,,"[title] same broad field; no heterogeneous/nodewise error bound, sharp constant or placement statement indicated",no,,,
,10.48550/arxiv.1601.00698,10.48550/arxiv.1601.00698,,https://openalex.org/W2226102612,SMART: The Stochastic Monotone Aggregated Root-Finding Algorithm,2016,Damek Davis,arXiv (Cornell University),O4,snowball,L1,1,1,,,,,"[title] same broad field; no heterogeneous/nodewise error bound, sharp constant or placement statement indicated",no,,,
,10.1088/1361-6420/aaa998,10.1088/1361-6420/aaa998,,https://openalex.org/W2793574154,Sampling-free Bayesian inversion with adaptive hierarchical tensor representations,2018,Martin Eigel; Manuel Marschall; Reinhold Schneider,Inverse Problems,O1;O2,harvest+snowball,L1,1,1,,,,,"[abs] same broad field; no heterogeneous/nodewise error bound, sharp constant or placement statement indicated",no,,,
,10.1103/rzgm-cywf,10.1103/rzgm-cywf,,https://openalex.org/W4414258735,Scalable projected entangled-pair state representation of random quantum circuit states,2025,S. Lee; S. Lee; H R Choi; Daniel Donghyon Ohm; Seung‐Sup B. Lee; Seung‐Sup B. Lee,Physical Review Research,O6,snowball,L1,1,1,,,,,"[title] same broad field; no heterogeneous/nodewise error bound, sharp constant or placement statement indicated",no,,,
,10.1088/0266-5611/19/2/201,10.1088/0266-5611/19/2/201,,https://openalex.org/W2090636411,Separable nonlinear least squares: the variable projection method and its applications,2003,Gene H. Golub; Víctor Pereyra,Inverse Problems,O4,harvest,L1,1,1,,,,,"[title] same broad field; no heterogeneous/nodewise error bound, sharp constant or placement statement indicated",no,,,
,10.1007/s12555-009-0515-y,10.1007/s12555-009-0515-y,,https://openalex.org/W2045153998,Set membership parameter estimation in the frequency domain based on complex intervals,2009,Tarek Raïssi; Nacim Ramdani; Yves Candau,International Journal of Control Automation and Systems,O5,snowball,L1,1,1,,,,,"[title] same broad field; no heterogeneous/nodewise error bound, sharp constant or placement statement indicated",no,,,
,10.1007/978-0-387-69757-4,10.1007/978-0-387-69757-4,,https://openalex.org/W592924277,Set-Valued Mappings and Enlargements of Monotone Operators,2007,Regina S. Burachik; Alfredo N. Iusem,,O4,snowball,L1,1,1,,,,,"[title] same broad field; no heterogeneous/nodewise error bound, sharp constant or placement statement indicated",no,,,
,10.1137/050626090,10.1137/050626090,,https://openalex.org/W2006262045,Signal Recovery by Proximal Forward-Backward Splitting,2005,Patrick L. Combettes; Valérie R. Wajs,Multiscale Modeling and Simulation,O1,snowball,L1,1,1,,,,,"[title] same broad field; no heterogeneous/nodewise error bound, sharp constant or placement statement indicated",no,,,
,10.1103/physrevresearch.6.033057,10.1103/physrevresearch.6.033057,,https://openalex.org/W4400533104,Simulating ( 2 + 1 ) D SU(2) Yang-Mills lattice gauge theory at finite density with tensor networks,2024,Giovanni Cataldi; Giuseppe Magnifico; Pietro Silvi; Simone Montangero,Physical Review Research,O3;O6,snowball,L1,1,1,,,,,"[title] same broad field; no heterogeneous/nodewise error bound, sharp constant or placement statement indicated",no,,,
,10.1103/physrevlett.131.180601,10.1103/physrevlett.131.180601,,https://openalex.org/W4388019892,Simulating Quantum Circuits Using Efficient Tensor Network Contraction Algorithms with Subexponential Upper Bound,2023,Thorsten B. Wahl; Sergii Strelchuk,Physical Review Letters,O6,snowball,L1,1,1,,,,,"[title] same broad field; no heterogeneous/nodewise error bound, sharp constant or placement statement indicated",no,,,
,10.1137/050644756,10.1137/050644756,,https://openalex.org/W2072969317,Simulating Quantum Computation by Contracting Tensor Networks,2008,Igor L. Markov; Yaoyun Shi,SIAM Journal on Computing,O3;O6,snowball,L1,1,1,,,,,"[title] same broad field; no heterogeneous/nodewise error bound, sharp constant or placement statement indicated [seen_in_round1]",no,,,
,10.1103/physrevresearch.3.023005,10.1103/physrevresearch.3.023005,,https://openalex.org/W3014470946,Simulating noisy quantum circuits with matrix product density operators,2021,Song Cheng; Chenfeng Cao; Chao Zhang; Yongxiang Liu; Shi‐Yao Hou; Pengxiang Xu,Physical Review Research,O3,snowball,L1,1,1,,,,,"[title] same broad field; no heterogeneous/nodewise error bound, sharp constant or placement statement indicated",no,,,
,10.1103/physrevresearch.6.033325,10.1103/physrevresearch.6.033325,,https://openalex.org/W4402731616,"Simulating the quantum Fourier transform, Grover's algorithm, and the quantum counting algorithm with limited entanglement using tensor networks",2024,Marcel Niedermeier; José L. Lado; Christian Flindt,Physical Review Research,O6,snowball,L1,1,1,,,,,"[title] same broad field; no heterogeneous/nodewise error bound, sharp constant or placement statement indicated",no,,,
,10.1103/physrevlett.128.030501,10.1103/physrevlett.128.030501,,https://openalex.org/W4205738707,Simulation of Quantum Circuits Using the Big-Batch Tensor Network Method,2022,Feng Pan; Pan Zhang,Physical Review Letters,O3,snowball,L1,1,1,,,,,"[title] same broad field; no heterogeneous/nodewise error bound, sharp constant or placement statement indicated",no,,,
,10.1103/prxquantum.3.020331,10.1103/prxquantum.3.020331,,https://openalex.org/W3212663212,Simulation of Quantum Many-Body Dynamics with Tensor Processing Units: Floquet Prethermalization,2022,Alan Morningstar; Markus Hauru; Jackson Beall; Martin Ganahl; Adam G. M. Lewis; Vedika Khemani,PRX Quantum,O3,harvest,L1,1,1,,,,,"[title] same broad field; no heterogeneous/nodewise error bound, sharp constant or placement statement indicated",no,,,
,10.22331/q-2019-09-02-181,10.22331/q-2019-09-02-181,,https://openalex.org/W2885845431,Simulation of quantum circuits by low-rank stabilizer decompositions,2019,Sergey Bravyi; Dan Browne; Padraic Calpin; Earl Campbell; David Gosset; Mark Howard,Quantum,O3,harvest,L1,1,1,,,,,"[title] same broad field; no heterogeneous/nodewise error bound, sharp constant or placement statement indicated",no,,,
,10.1103/physreva.101.022308,10.1103/physreva.101.022308,,https://openalex.org/W2980483094,Single-step implementation of high-fidelity n -bit Toffoli gates,2020,S. E. Rasmussen; Koen Groenland; R. Gerritsma; Kareljan Schoutens; N. T. Zinner,Physical Review A,O3,harvest,L1,1,1,,,,,"[title] same broad field; no heterogeneous/nodewise error bound, sharp constant or placement statement indicated",no,,,
,10.3390/sym14101996,10.3390/sym14101996,,https://openalex.org/W4298004036,Singularity Properties of Timelike Sweeping Surface in Minkowski 3-Space,2022,Yanlin Li; Sahar H. Nazra; Rashad A. Abdel-Baky,Symmetry,O5,harvest,L1,1,1,,,,,"[title] same broad field; no heterogeneous/nodewise error bound, sharp constant or placement statement indicated",no,,,
,10.1137/23m1609166,10.1137/23m1609166,,https://openalex.org/W4403692044,Solution of Mismatched Monotone+Lipschitz Inclusion Problems,2024,Émilie Chouzenoux; Jean‐Christophe Pesquet; Fernando Roldán,SIAM Journal on Optimization,O4,snowball,L1,1,1,,,,,"[title] same broad field; no heterogeneous/nodewise error bound, sharp constant or placement statement indicated",no,,,
,10.1007/s10444-003-2605-3,10.1007/s10444-003-2605-3,,https://openalex.org/W2088378949,Solution of elementary equations in the Minkowski geometric algebra of complex sets,2005,Rida T. Farouki; Chang Yong Han,Advances in Computational Mathematics,O5,snowball,L1,1,1,,,,,"[title] same broad field; no heterogeneous/nodewise error bound, sharp constant or placement statement indicated",no,,,
,10.1016/j.jcp.2024.113110,10.1016/j.jcp.2024.113110,,https://openalex.org/W4398224222,Solving high-dimensional Fokker-Planck equation with functional hierarchical tensor,2024,Xun Tang; Lexing Ying,Journal of Computational Physics,O1,snowball,L1,1,1,,,,,"[title] same broad field; no heterogeneous/nodewise error bound, sharp constant or placement statement indicated",no,,,
,10.1080/02331930412331327157,10.1080/02331930412331327157,,https://openalex.org/W2074214991,Solving monotone inclusions via compositions of nonexpansive averaged operators,2004,Patrick L. Combettes,Optimization,O4,snowball,L1,1,1,,,,,"[title] same broad field; no heterogeneous/nodewise error bound, sharp constant or placement statement indicated",no,,,
,10.1103/physreva.103.052416,10.1103/physreva.103.052416,,https://openalex.org/W3108818881,Solving nonlinear differential equations with differentiable quantum circuits,2021,Oleksandr Kyriienko; Annie E. Paine; Vincent E. Elfving,Physical Review A,O1,snowball,L1,1,1,,,,,"[title] same broad field; no heterogeneous/nodewise error bound, sharp constant or placement statement indicated",no,,,
,10.1103/zwn1-f981,10.1103/zwn1-f981,,https://openalex.org/W4415346154,Solving the Gross-Pitaevskii equation on multiple different scales using the quantics tensor train representation,2026,Marcel Niedermeier; Adrien Moulinas; Thibaud Louvet; José L. Lado; Xavier Waintal,Physical Review Research,O6,snowball,L1,1,1,,,,,"[title] same broad field; no heterogeneous/nodewise error bound, sharp constant or placement statement indicated",no,,,
,10.1103/physrevlett.129.090502,10.1103/physrevlett.129.090502,,https://openalex.org/W4292651864,Solving the Sampling Problem of the Sycamore Quantum Circuits,2022,Feng Pan; Keyang Chen; Pan Zhang,Physical Review Letters,O3;O6,snowball,L1,1,1,,,,,"[title] same broad field; no heterogeneous/nodewise error bound, sharp constant or placement statement indicated",no,,,
,10.3836/tjm/1255958684,10.3836/tjm/1255958684,,https://openalex.org/W2069135191,Spacelike Helicoidal Surfaces with Constant Mean Curvature in Minkowski 3-space,2000,Naoshi SASAHARA,Tokyo Journal of Mathematics,O5,harvest,L1,1,1,,,,,"[title] same broad field; no heterogeneous/nodewise error bound, sharp constant or placement statement indicated",no,,,
,10.1017/s0962492911000055,10.1017/s0962492911000055,,https://openalex.org/W2083754610,Sparse tensor discretizations of high-dimensional parametric and stochastic PDEs,2011,Christoph Schwab; Claude Jeffrey Gittelson,Acta Numerica,O1,snowball,L1,1,1,,,,,"[title] same broad field; no heterogeneous/nodewise error bound, sharp constant or placement statement indicated [seen_in_round1]",no,,,
,10.1049/itr2.12383,10.1049/itr2.12383,,https://openalex.org/W4378983123,Spatiotemporal traffic data imputation by synergizing low tensor ring rank and nonlocal subspace regularization,2023,Peng‐Ling Wu; Meng Ding; Yu‐Bang Zheng,IET Intelligent Transport Systems,O1,harvest,L1,1,1,,,,,"[title] same broad field; no heterogeneous/nodewise error bound, sharp constant or placement statement indicated",no,,,
,10.1137/15m1036919,10.1137/15m1036919,,https://openalex.org/W1858056047,Spectral Tensor-Train Decomposition,2016,Daniele Bigoni; Allan Peter Engsig‐Karup; Youssef Marzouk,SIAM Journal on Scientific Computing,O1,harvest,L1,1,1,,,,,"[title] same broad field; no heterogeneous/nodewise error bound, sharp constant or placement statement indicated [seen_in_round1]",no,,,
,splittingmethodsformonotoneoperatorswithapplicationstoparalleloptimization,,,https://openalex.org/W1525779601,Splitting methods for monotone operators with applications to parallel optimization,1989,Jonathan Eckstein,DSpace@MIT (Massachusetts Institute of Technology),O4,snowball,L1,1,1,,,,,"[title] same broad field; no heterogeneous/nodewise error bound, sharp constant or placement statement indicated",no,,,
,10.1016/j.jcp.2020.109341,10.1016/j.jcp.2020.109341,,https://openalex.org/W3007515656,Stability analysis of hierarchical tensor methods for time-dependent PDEs,2020,Abram Rodgers; Daniele Venturi,Journal of Computational Physics,O1,snowball,L1,1,1,,,,,"[title] same broad field; no heterogeneous/nodewise error bound, sharp constant or placement statement indicated",no,,,
,10.3390/app14041491,10.3390/app14041491,,https://openalex.org/W4391753772,Stable Low-Rank CP Decomposition for Compression of Convolutional Neural Networks Based on Sensitivity,2024,Chenbin Yang; Huiyi Liu,Applied Sciences,O2,harvest,L1,1,1,,,,,"[title] same broad field; no heterogeneous/nodewise error bound, sharp constant or placement statement indicated",no,,,
,10.48550/arxiv.1507.07095,10.48550/arxiv.1507.07095,,https://openalex.org/W960403429,Stochastic Approximations and Perturbations in Forward-Backward Splitting for Monotone Operators,2015,Patrick L. Combettes; Jean‐Christophe Pesquet,arXiv (Cornell University),O4,snowball,L1,1,1,,,,,"[title] same broad field; no heterogeneous/nodewise error bound, sharp constant or placement statement indicated",no,,,
,stochasticapproximationsandperturbationsinforwardbackwardsplittingformonotoneoperators,,,https://openalex.org/W2963692017,Stochastic Approximations and Perturbations in Forward-Backward Splitting for Monotone Operators,2016,Patrick L. Combettes; Jean‐Christophe Pesquet,HAL (Le Centre pour la Communication Scientifique Directe),O4,snowball,L1,1,1,,,,,"[title] same broad field; no heterogeneous/nodewise error bound, sharp constant or placement statement indicated",no,,,
,10.48550/arxiv.2609.00870,10.48550/arxiv.2609.00870,,https://openalex.org/W7206215057,Stochastic Optimization of Tree Tensor Networks,2026,Marius Willner; Maximilian Schärf; André Uschmajew; Timo Felser; Marco Trenti,arXiv (Cornell University),O1,harvest,L1,1,1,,,,,"[title] same broad field; no heterogeneous/nodewise error bound, sharp constant or placement statement indicated",no,,,
,10.1137/22m1515045,10.1137/22m1515045,,https://openalex.org/W4387339899,Streaming Tensor Train Approximation,2023,Daniel Kreßner; Bart Vandereycken; Rik Voorhaar,SIAM Journal on Scientific Computing,O1,snowball,L1,1,1,,,,,"[title] same broad field; no heterogeneous/nodewise error bound, sharp constant or placement statement indicated",no,,,
,10.21468/scipostphys.9.5.070,10.21468/scipostphys.9.5.070,,https://openalex.org/W3012661739,Studying dynamics in two-dimensional quantum lattices using tree tensor network states,2020,Benedikt Kloss; David Reichman; Yevgeny Bar Lev,SciPost Physics,O1,harvest,L1,1,1,,,,,"[title] same broad field; no heterogeneous/nodewise error bound, sharp constant or placement statement indicated [seen_in_round1]",no,,,
,10.1137/16m1082469,10.1137/16m1082469,,https://openalex.org/W2811395263,"Survey of Multifidelity Methods in Uncertainty Propagation, Inference, and Optimization",2018,Benjamin Peherstorfer; Karen Willcox; Max Gunzburger,SIAM Review,O3,harvest,L1,1,1,,,,,"[title] same broad field; no heterogeneous/nodewise error bound, sharp constant or placement statement indicated",no,,,
,10.1109/tqe.2021.3068355,10.1109/tqe.2021.3068355,,https://openalex.org/W3137551309,Survey on Quantum Circuit Compilation for Noisy Intermediate-Scale Quantum Computers: Artificial Intelligence to Heuristics,2021,Janusz Kusyk; Samah Mohamed Saeed; M. Ümit Uyar,IEEE Transactions on Quantum Engineering,O6,harvest,L1,1,1,,,,,"[title] same broad field; no heterogeneous/nodewise error bound, sharp constant or placement statement indicated",no,,,
,10.1137/16m1073741,10.1137/16m1073741,,https://openalex.org/W2962688058,THE VARIABLE METRIC FORWARD-BACKWARD SPLITTING ALGORITHM UNDER MILD DIFFERENTIABILITY ASSUMPTIONS,2017,Saverio Salzo,IRIS Research product catalog (Sapienza University of Rome),O4,snowball,L1,1,1,,,,,"[title] same broad field; no heterogeneous/nodewise error bound, sharp constant or placement statement indicated",no,,,
,10.1515/rnam-2013-0009,10.1515/rnam-2013-0009,,https://openalex.org/W2077817396,TT-GMRES: solution to a linear system in the structured tensor format,2013,Sergey Dolgov,Russian Journal of Numerical Analysis and Mathematical Modelling,O1,harvest,L1,1,1,,,,,"[title] same broad field; no heterogeneous/nodewise error bound, sharp constant or placement statement indicated [seen_in_round1]",no,,,
,10.1016/j.chemphys.2018.05.029,10.1016/j.chemphys.2018.05.029,,https://openalex.org/W2805777793,Tangent space formulation of the Multi-Configuration Time-Dependent Hartree equations of motion: The projector–splitting algorithm revisited,2018,Matteo Bonfanti; Irène Burghardt,Chemical Physics,O1,snowball,L1,1,1,,,,,"[title] same broad field; no heterogeneous/nodewise error bound, sharp constant or placement statement indicated",no,,,
,10.21468/scipostphyslectnotes.7,10.21468/scipostphyslectnotes.7,,https://openalex.org/W2896714001,Tangent-space methods for uniform matrix product states,2019,Laurens Vanderstraeten; Jutho Haegeman; Frank Verstraete,SciPost Physics Lecture Notes,O3,harvest,L1,1,1,,,,,"[title] same broad field; no heterogeneous/nodewise error bound, sharp constant or placement statement indicated",no,,,
,10.1145/3278607,10.1145/3278607,,https://openalex.org/W2963472624,Tensor Completion Algorithms in Big Data Analytics,2019,Qingquan Song; Hancheng Ge; James Caverlee; Xia Hu,ACM Transactions on Knowledge Discovery from Data,O2,harvest,L1,1,1,,,,,"[title] same broad field; no heterogeneous/nodewise error bound, sharp constant or placement statement indicated [seen_in_round1]",no,,,
,10.1109/tsp.2017.2690524,10.1109/tsp.2017.2690524,,https://openalex.org/W2469230926,Tensor Decomposition for Signal Processing and Machine Learning,2017,Nicholas D. Sidiropoulos; Lieven De Lathauwer; Xiao Fu; Kejun Huang; Evangelos E. Papalexakis; Christos Faloutsos,IEEE Transactions on Signal Processing,O5,harvest,L1,1,1,,,,,"[title] same broad field; no heterogeneous/nodewise error bound, sharp constant or placement statement indicated [seen_in_round1]",no,,,
,10.1137/07070111x,10.1137/07070111x,,https://openalex.org/W2024165284,Tensor Decompositions and Applications,2009,Tamara G. Kolda; Brett W. Bader,SIAM Review,O1,snowball,L1,1,1,,,,,"[title] same broad field; no heterogeneous/nodewise error bound, sharp constant or placement statement indicated [seen_in_round1]",no,,,
,10.1109/msp.2013.2297439,10.1109/msp.2013.2297439,,https://openalex.org/W2119412403,Tensor Decompositions for Signal Processing Applications: From two-way to multiway component analysis,2015,Andrzej Cichocki; Danilo P. Mandic; Lieven De Lathauwer; Guoxu Zhou; Qibin Zhao; César F. Caiafa,IEEE Signal Processing Magazine,O1,snowball,L1,1,1,,,,,"[title] same broad field; no heterogeneous/nodewise error bound, sharp constant or placement statement indicated [seen_in_round1]",no,,,
,10.1007/978-3-030-34489-4,10.1007/978-3-030-34489-4,,https://openalex.org/W2965088710,Tensor Network Contractions,2020,Shi-Ju Ran; Emanuele Tirrito; Peng Cheng; Xi Chen; Luca Tagliacozzo; Gang Su,Lecture notes in physics,O1;O3,harvest+snowball,L1,1,1,,,,,"[title] same broad field; no heterogeneous/nodewise error bound, sharp constant or placement statement indicated [seen_in_round1]",no,,,
,tensornetworkcontractionsmethodsandapplicationstoquantummanybodysystems,,,https://openalex.org/W3104249460,Tensor Network Contractions: Methods and Applications to Quantum Many-Body Systems,2020,Shi-Ju Ran; Emanuele Tirrito; Cheng Peng; Xi Chen; Luca Tagliacozzo; Gang Su,OAPEN (The OAPEN Foundation),O3,harvest,L1,1,1,,,,,"[title] same broad field; no heterogeneous/nodewise error bound, sharp constant or placement statement indicated",no,,,
,tensornetworkkalmanfilterforlargescalemimosystemswithapplicationtoadaptiveoptics,,,https://openalex.org/W2975511941,Tensor Network Kalman Filter for Large-Scale MIMO Systems: With Application to Adaptive Optics,2019,Daniel Gedon,Research Repository (Delft University of Technology),O2,harvest,L1,1,1,,,,,"[title] same broad field; no heterogeneous/nodewise error bound, sharp constant or placement statement indicated",no,,,
,10.1007/s10915-025-02860-x,10.1007/s10915-025-02860-x,,https://openalex.org/W4408982225,Tensor Network Space-Time Spectral Collocation Method for Solving the Nonlinear Convection Diffusion Equation,2025,Dibyendu Adak; M. Engin Danis; Duc P. Truong; K. Ø. Rasmussen; Boian S. Alexandrov,Journal of Scientific Computing,O1,snowball,L1,1,1,,,,,"[title] same broad field; no heterogeneous/nodewise error bound, sharp constant or placement statement indicated",no,,,
,10.48550/arxiv.2302.09019,10.48550/arxiv.2302.09019,,https://openalex.org/W4321393046,Tensor Networks Meet Neural Networks: A Survey and Future Perspectives,2023,"Maolin Wang; Pan Yu; Zenglin Xu; Guangxi Li; Xiangli Yang; Mandic, Danilo",arXiv (Cornell University),O3,harvest,L1,1,1,,,,,"[title] same broad field; no heterogeneous/nodewise error bound, sharp constant or placement statement indicated",no,,,
,10.48550/arxiv.1407.3124,10.48550/arxiv.1407.3124,,https://openalex.org/W1636040588,Tensor Networks for Big Data Analytics and Large-Scale Optimization Problems,2014,Andrzej Cichocki,arXiv (Cornell University),O1,harvest,L1,1,1,,,,,"[title] same broad field; no heterogeneous/nodewise error bound, sharp constant or placement statement indicated [seen_in_round1]",no,,,
,10.1561/2200000067,10.1561/2200000067,,https://openalex.org/W2617994470,Tensor Networks for Dimensionality Reduction and Large-Scale Optimizations Part 2 Applications and Future Perspectives,2017,Andrzej Cichocki; Anh-Huy Phan; Qibin Zhao; Namgil Lee; Ivan Oseledets; Masashi Sugiyama,Foundations and Trends® in Machine Learning,O1;O2,harvest+snowball,L1,1,1,,,,,"[title] same broad field; no heterogeneous/nodewise error bound, sharp constant or placement statement indicated [seen_in_round1]",no,,,
,10.1007/978-3-319-06379-9_3,10.1007/978-3-319-06379-9_3,,https://openalex.org/W1796314718,Tensor Product Approximation (DMRG) and Coupled Cluster Method in Quantum Chemistry,2014,Örs Legeza; Thorsten Rohwedder; Reinhold Schneider; Szilárd Szalay,Mathematical physics studies,O1,snowball,L1,1,1,,,,,"[title] same broad field; no heterogeneous/nodewise error bound, sharp constant or placement statement indicated",no,,,
,10.1137/06066518x,10.1137/06066518x,,https://openalex.org/W2132267493,Tensor Rank and the Ill-Posedness of the Best Low-Rank Approximation Problem,2008,Vin de Silva; Lek‐Heng Lim,SIAM Journal on Matrix Analysis and Applications,O1,snowball,L1,1,1,,,,,"[title] same broad field; no heterogeneous/nodewise error bound, sharp constant or placement statement indicated [seen_in_round1]",no,,,
,10.48550/arxiv.2201.07473,10.48550/arxiv.2201.07473,,https://openalex.org/W4226444568,Tensor Ranks for the Pedestrian for Dimension Reduction and Disentangling Interactions,2022,Alain Franc,arXiv (Cornell University),O2,harvest,L1,1,1,,,,,"[title] same broad field; no heterogeneous/nodewise error bound, sharp constant or placement statement indicated",no,,,
,10.48550/arxiv.1606.05535,10.48550/arxiv.1606.05535,,https://openalex.org/W2431890537,Tensor Ring Decomposition,2016,Qibin Zhao; Guoxu Zhou; Shengli Xie; Liqing Zhang; Andrzej Cichocki,arXiv (Cornell University),O2,harvest,L1,1,1,,,,,"[title] same broad field; no heterogeneous/nodewise error bound, sharp constant or placement statement indicated [seen_in_round1]",no,,,
,10.1007/978-3-319-08159-5_12,10.1007/978-3-319-08159-5_12,,https://openalex.org/W79554687,Tensor Spaces and Hierarchical Tensor Representations,2014,Wolfgang Hackbusch; Reinhold Schneider,Lecture notes in computational science and engineering,O1,snowball,L1,1,1,,,,,"[title] same broad field; no heterogeneous/nodewise error bound, sharp constant or placement statement indicated",no,,,
,10.32657/10356/152350,10.32657/10356/152350,,https://openalex.org/W3193090828,Tensor computing for big data analytic,2020,Jenn Bing Ong,,O2,harvest,L1,1,1,,,,,"[title] same broad field; no heterogeneous/nodewise error bound, sharp constant or placement statement indicated",no,,,
,10.1016/j.sigpro.2025.110191,10.1016/j.sigpro.2025.110191,,https://openalex.org/W4412495604,"Tensor decompositions for signal processing: Theory, advances, and applications",2025,Neriman Tokcan; Shakir Showkat Sofi; Van Tien Pham; Clémence Prévost; Sofiane Kharbech; Baptiste Magnier,Signal Processing,O2,harvest,L1,1,1,,,,,"[title] same broad field; no heterogeneous/nodewise error bound, sharp constant or placement statement indicated",no,,,
,10.1002/cem.1236,10.1002/cem.1236,,https://openalex.org/W2025603201,"Tensor decompositions, alternating least squares and other tales",2009,Pierre Comon; Xavier Luciani; André L. F. de Almeida,Journal of Chemometrics,O1,snowball,L1,1,1,,,,,"[title] same broad field; no heterogeneous/nodewise error bound, sharp constant or placement statement indicated",no,,,
,10.48550/arxiv.1801.02662,10.48550/arxiv.1801.02662,,https://openalex.org/W2783032531,Tensor network ranks,2018,Ke Ye; Lek‐Heng Lim,arXiv (Cornell University),O1,snowball,L1,1,1,,,,,"[title] same broad field; no heterogeneous/nodewise error bound, sharp constant or placement statement indicated [seen_in_round1]",no,,,
,10.1038/s41467-019-09039-7,10.1038/s41467-019-09039-7,,https://openalex.org/W2918753435,Tensor network simulation of multi-environmental open quantum dynamics via machine learning and entanglement renormalisation,2019,Florian A. Y. N. Schröder; David H. P. Turban; Andrew J. Musser; Nicholas D. M. Hine; Alex W. Chin,Nature Communications,O1,harvest,L1,1,1,,,,,"[title] same broad field; no heterogeneous/nodewise error bound, sharp constant or placement statement indicated [seen_in_round1]",no,,,
,10.1038/s42254-025-00853-1,10.1038/s42254-025-00853-1,,https://openalex.org/W4412738375,Tensor networks for quantum computing,2025,A. V. Berezutskii; Minzhao Liu; Atithi Acharya; Roman Ellerbrock; Johnnie Gray; Reza Haghshenas,Nature Reviews Physics,O6,snowball,L1,1,1,,,,,"[title] same broad field; no heterogeneous/nodewise error bound, sharp constant or placement statement indicated",no,,,
,10.1016/j.jcp.2024.112943,10.1016/j.jcp.2024.112943,,https://openalex.org/W4392946894,Tensor networks for solving the time-independent Boltzmann neutron transport equation,2024,Duc P. Truong; Mario Ortega; Ismael Boureima; Gianmarco Manzini; K. Ø. Rasmussen; Boian S. Alexandrov,Journal of Computational Physics,O1,snowball,L1,1,1,,,,,"[title] same broad field; no heterogeneous/nodewise error bound, sharp constant or placement statement indicated",no,,,
,10.1002/qua.24898,10.1002/qua.24898,,https://openalex.org/W1690544311,Tensor product methods and entanglement optimization forab initioquantum chemistry,2015,Szilárd Szalay; Max J. Pfeffer; V. Murg; Gergely Barcza; Frank Verstraete; Reinhold Schneider,International Journal of Quantum Chemistry,O1;O2,harvest+snowball,L1,1,1,,,,,"[title] same broad field; no heterogeneous/nodewise error bound, sharp constant or placement statement indicated [seen_in_round1]",no,,,
,tensorproductmethodsinnumericalsimulationofhighdimensionaldynamicalproblems,,,https://openalex.org/W2530898019,Tensor product methods in numerical simulation of high-dimensional dynamical problems,2014,Sergey Dolgov,Qucosa (Saxon State and University Library Dresden),O1;O2,harvest,L1,1,1,,,,,"[title] same broad field; no heterogeneous/nodewise error bound, sharp constant or placement statement indicated [seen_in_round1]",no,,,
,10.1016/j.jcp.2023.112378,10.1016/j.jcp.2023.112378,,https://openalex.org/W4384700238,Tensor rank reduction via coordinate flows,2023,Alec Dektor; Daniele Venturi,Journal of Computational Physics,O1,snowball,L1,1,1,,,,,"[title] same broad field; no heterogeneous/nodewise error bound, sharp constant or placement statement indicated",no,,,
,tensorbasedreducedordermodelingforoptimizationbasedinverseproblems,,,https://openalex.org/W7169473493,Tensor-Based Reduced-Order Modeling for Optimization-Based Inverse Problems,2026,Sahidul Islam; Andreas Mang; Maxim Olshanskii,arXiv (Cornell University),O2,harvest,L1,1,1,,,,,"[title] same broad field; no heterogeneous/nodewise error bound, sharp constant or placement statement indicated",no,,,
,10.1007/s10208-015-9265-9,10.1007/s10208-015-9265-9,,https://openalex.org/W2061170466,Tensor-Sparsity of Solutions to High-Dimensional Elliptic Partial Differential Equations,2015,Wolfgang Dahmen; Ronald DeVore; Lars Grasedyck; Endre Süli,Foundations of Computational Mathematics,O1,snowball,L1,1,1,,,,,"[title] same broad field; no heterogeneous/nodewise error bound, sharp constant or placement statement indicated",no,,,
,10.1137/100785715,10.1137/100785715,,https://openalex.org/W2084617396,Tensor-Structured Galerkin Approximation of Parametric and Stochastic Elliptic PDEs,2011,Boris N. Khoromskij; Christoph Schwab,SIAM Journal on Scientific Computing,O1,snowball,L1,1,1,,,,,"[title] same broad field; no heterogeneous/nodewise error bound, sharp constant or placement statement indicated [seen_in_round1]",no,,,
,tensorbasedregressionmodelsandapplications,,,https://openalex.org/W2802255703,Tensor-based regression models and applications,2017,M. Hou,Corpus Université Laval (Université Laval),O1,harvest,L1,1,1,,,,,"[title] same broad field; no heterogeneous/nodewise error bound, sharp constant or placement statement indicated",no,,,
,10.1063/1.5001569,10.1063/1.5001569,,https://openalex.org/W2783102115,"Tensor-decomposed vibrational coupled-cluster theory: Enabling large-scale, highly accurate vibrational-structure calculations",2018,Niels Kristian Madsen; Ian H. Godtliebsen; Sergio A. Losilla; Ove Christiansen,The Journal of Chemical Physics,O1,snowball,L1,1,1,,,,,"[title] same broad field; no heterogeneous/nodewise error bound, sharp constant or placement statement indicated",no,,,
,10.22331/q-2023-02-02-912,10.22331/q-2023-02-02-912,,https://openalex.org/W4318983914,TensorCircuit: a Quantum Software Framework for the NISQ Era,2023,Shi‐Xin Zhang; Jonathan Allcock; Zhou‐Quan Wan; Shuo Liu; Jiace Sun; Hao Yu,Quantum,O3,snowball,L1,1,1,,,,,"[title] same broad field; no heterogeneous/nodewise error bound, sharp constant or placement statement indicated",no,,,
,10.1038/s41534-025-01157-z,10.1038/s41534-025-01157-z,,https://openalex.org/W4416017099,TensorHyper-VQC: a tensor-train-guided hypernetwork for robust and scalable variational quantum computing,2026,Jun Qi; Chao-Han Huck Yang; Pin‐Yu Chen; Min-Hsiu Hsieh,npj Quantum Information,O1,harvest,L1,1,1,,,,,"[title] same broad field; no heterogeneous/nodewise error bound, sharp constant or placement statement indicated",no,,,
,10.1007/s00211-011-0393-0,10.1007/s00211-011-0393-0,,https://openalex.org/W2022917013,Tensorisation of vectors and their efficient convolution,2011,Wolfgang Hackbusch,Numerische Mathematik,O1,snowball,L1,1,1,,,,,"[title] same broad field; no heterogeneous/nodewise error bound, sharp constant or placement statement indicated",no,,,
,10.1103/physrevb.111.245115,10.1103/physrevb.111.245115,,https://openalex.org/W4411059227,Tensorized orbitals for computational chemistry,2025,Nicolas Jolly; Y. Núñez-Fernández; Xavier Waintal,Physical review. B./Physical review. B,O6,snowball,L1,1,1,,,,,"[title] same broad field; no heterogeneous/nodewise error bound, sharp constant or placement statement indicated",no,,,
,10.1201/b16113-19,10.1201/b16113-19,,https://openalex.org/W2497663534,Tensors and Hypermatrices,2013,Lek‐Heng Lim,Discrete mathematics and its applications,O1,snowball,L1,1,1,,,,,"[title] same broad field; no heterogeneous/nodewise error bound, sharp constant or placement statement indicated",no,,,
,10.1090/gsm/128,10.1090/gsm/128,,https://openalex.org/W2102892751,Tensors: Geometry and Applications,2011,J. M. Landsberg,Graduate studies in mathematics,O1,snowball,L1,1,1,,,,,"[title] same broad field; no heterogeneous/nodewise error bound, sharp constant or placement statement indicated",no,,,
,10.1137/100818893,10.1137/100818893,,https://openalex.org/W2031216664,The Alternating Linear Scheme for Tensor Optimization in the Tensor Train Format,2012,Sebastian Holtz; Thorsten Rohwedder; Reinhold Schneider,SIAM Journal on Scientific Computing,O1,snowball,L1,1,1,,,,,"[title] same broad field; no heterogeneous/nodewise error bound, sharp constant or placement statement indicated [seen_in_round1]",no,,,
,10.1146/annurev-physchem-032210-103338,10.1146/annurev-physchem-032210-103338,,https://openalex.org/W2166364272,The Density Matrix Renormalization Group in Quantum Chemistry,2011,Garnet Kin‐Lic Chan; Sandeep Sharma,Annual Review of Physical Chemistry,O1,snowball,L1,1,1,,,,,"[title] same broad field; no heterogeneous/nodewise error bound, sharp constant or placement statement indicated",no,,,
,10.1002/sapm192761164,10.1002/sapm192761164,,https://openalex.org/W2258054274,The Expression of a Tensor or a Polyadic as a Sum of Products,1927,Frank L. Hitchcock,Studies in Applied Mathematics,O1,snowball,L1,1,1,,,,,"[title] same broad field; no heterogeneous/nodewise error bound, sharp constant or placement statement indicated [seen_in_round1]",no,,,
,10.1016/j.matpur.2015.05.002,10.1016/j.matpur.2015.05.002,,https://openalex.org/W1751050961,The Hackbusch conjecture on tensor formats,2015,Weronika Buczyńska; Jarosław Buczyński; Mateusz Michałek,Journal de Mathématiques Pures et Appliquées,O1,snowball,L1,1,1,,,,,"[abs] same broad field; no heterogeneous/nodewise error bound, sharp constant or placement statement indicated",no,,,
,10.1016/s1570-579x(01)80028-8,10.1016/s1570-579x(01)80028-8,,https://openalex.org/W1546168022,The Hybrid Steepest Descent Method for the Variational Inequality Problem Over the Intersection of Fixed Point Sets of Nonexpansive Mappings,2001,Isao Yamada,Studies in computational mathematics,O4,snowball,L1,1,1,,,,,"[title] same broad field; no heterogeneous/nodewise error bound, sharp constant or placement statement indicated [seen_in_round1]",no,,,
,10.21468/scipostphyslectnotes.8,10.21468/scipostphyslectnotes.8,,https://openalex.org/W2763400602,The Tensor Networks Anthology: Simulation techniques for many-body quantum lattice systems,2019,Pietro Silvi; Ferdinand Tschirsich; Matthias Gerster; Johannes Jünemann; Daniel Jaschke; Matteo Rizzi,SciPost Physics Lecture Notes,O1;O3,harvest,L1,1,1,,,,,"[title] same broad field; no heterogeneous/nodewise error bound, sharp constant or placement statement indicated",no,,,
,10.1103/revmodphys.77.259,10.1103/revmodphys.77.259,,https://openalex.org/W2154815292,The density-matrix renormalization group,2005,Ulrich Schollwöck,Reviews of Modern Physics,O4,harvest,L1,1,1,,,,,"[title] same broad field; no heterogeneous/nodewise error bound, sharp constant or placement statement indicated [seen_in_round1]",no,,,
,10.1016/j.aop.2010.09.012,10.1016/j.aop.2010.09.012,,https://openalex.org/W2122816100,The density-matrix renormalization group in the age of matrix product states,2010,Ulrich Schollwöck,Annals of Physics,O1;O3;O6,snowball,L1,1,1,,,,,"[title] same broad field; no heterogeneous/nodewise error bound, sharp constant or placement statement indicated [seen_in_round1]",no,,,
,10.1186/1741-7007-4-35,10.1186/1741-7007-4-35,,https://openalex.org/W2151716132,"The eggshell is required for meiotic fidelity, polar-body extrusion and polarization of the C. elegansembryo",2006,Wendy Johnston; Aldis Krizus; James W. Dennis,BMC Biology,O3,harvest,L1,1,1,,,,,"[title] same broad field; no heterogeneous/nodewise error bound, sharp constant or placement statement indicated",no,,,
,10.1016/j.laa.2013.03.016,10.1016/j.laa.2013.03.016,,https://openalex.org/W2133512121,The geometry of algorithms using hierarchical tensors,2013,André Uschmajew; Bart Vandereycken,Linear Algebra and its Applications,O1,harvest+snowball,L1,1,1,,,,,"[title] same broad field; no heterogeneous/nodewise error bound, sharp constant or placement statement indicated [seen_in_round1]",no,,,
,10.1016/s0024-3795(02)00291-4,10.1016/s0024-3795(02)00291-4,,https://openalex.org/W2020202299,The numerical range of a nonnegative matrix,2002,Chi-Kwong Li; Bit-Shun Tam; Pei Yuan Wu,Linear Algebra and its Applications,O4,harvest,L1,1,1,,,,,"[title] same broad field; no heterogeneous/nodewise error bound, sharp constant or placement statement indicated",no,,,
,10.1016/j.jat.2006.02.005,10.1016/j.jat.2006.02.005,,https://openalex.org/W2100885264,The rate of convergence for the cyclic projections algorithm I: Angles between convex sets,2006,Frank Deutsch; Hein Hundal,Journal of Approximation Theory,O4,harvest,L1,1,1,,,,,"[title] same broad field; no heterogeneous/nodewise error bound, sharp constant or placement statement indicated [seen_in_round1]",no,,,
,10.1016/j.jat.2006.02.006,10.1016/j.jat.2006.02.006,,https://openalex.org/W1975567493,The rate of convergence for the cyclic projections algorithm II: Norms of nonlinear operators,2006,Frank Deutsch; Hein Hundal,Journal of Approximation Theory,O4,harvest,L1,1,1,,,,,"[title] same broad field; no heterogeneous/nodewise error bound, sharp constant or placement statement indicated [seen_in_round1]",no,,,
,10.1016/j.cpc.2026.110136,10.1016/j.cpc.2026.110136,,https://openalex.org/W4415112315,The software landscape for the density matrix renormalization group,2026,Per Sehlstedt; Jan Brandejs; Paolo Bientinesi; Lars Karlsson,Computer Physics Communications,O6,snowball,L1,1,1,,,,,"[title] same broad field; no heterogeneous/nodewise error bound, sharp constant or placement statement indicated",no,,,
,10.48550/arxiv.1506.01556,10.48550/arxiv.1506.01556,,https://openalex.org/W4300789549,Tight Global Linear Convergence Rate Bounds for Douglas-Rachford\n Splitting,2015,Pontus Giselsson,arXiv (Cornell University),O4,harvest,L1,1,1,,,,,"[title] same broad field; no heterogeneous/nodewise error bound, sharp constant or placement statement indicated",no,,,
,10.1109/tac.2018.2808442,10.1109/tac.2018.2808442,,https://openalex.org/W2793153125,Tight Global Linear Convergence Rate Bounds for Operator Splitting Methods,2018,Goran Banjac; Paul J. Goulart,IEEE Transactions on Automatic Control,O4,snowball,L1,1,1,,,,H4,[abs] Abstract checked (Banjac-Goulart): tight linear rate bounds for strongly quasi-nonexpansive splitting operators; background [seen_in_round1],no,,,
,10.1007/s11784-017-0417-1,10.1007/s11784-017-0417-1,,https://openalex.org/W1962493159,Tight global linear convergence rate bounds for Douglas–Rachford splitting,2017,Pontus Giselsson,Journal of Fixed Point Theory and Applications,O4,harvest+snowball,L1,1,1,,,,,"[title] same broad field; no heterogeneous/nodewise error bound, sharp constant or placement statement indicated",no,,,
,10.1137/140976546,10.1137/140976546,,https://openalex.org/W2051456448,Time Integration of Tensor Trains,2015,Christian Lubich; Ivan V. Oseledets; Bart Vandereycken,SIAM Journal on Numerical Analysis,O1,snowball,L1,1,1,,,,,"[title] same broad field; no heterogeneous/nodewise error bound, sharp constant or placement statement indicated [seen_in_round1]",no,,,
,10.1088/1367-2630/8/12/305,10.1088/1367-2630/8/12/305,,https://openalex.org/W2008634363,Time evolution of Matrix Product States,2006,Juan José García‐Ripoll,New Journal of Physics,O3,harvest,L1,1,1,,,,,"[title] same broad field; no heterogeneous/nodewise error bound, sharp constant or placement statement indicated",no,,,
,timeintegrationoftensortrains,,,https://openalex.org/W3104980255,Time integration of tensor trains,2016,Christian Lubich; Ivan Oseledets; Bart Vandereycken,,O1,snowball,L1,1,1,,,,,"[title] same broad field; no heterogeneous/nodewise error bound, sharp constant or placement statement indicated [seen_in_round1]",no,,,
,10.48550/arxiv.1704.07338,10.48550/arxiv.1704.07338,,https://openalex.org/W2609501133,Time-Varying Convex Optimization via Time-Varying Averaged Operators,2017,Andrea Simonetto,arXiv (Cornell University),O4,snowball,L1,1,1,,,,,"[title] same broad field; no heterogeneous/nodewise error bound, sharp constant or placement statement indicated",no,,,
,10.1111/pala.12042,10.1111/pala.12042,,https://openalex.org/W2072707954,Time‐averaging and fidelity of modern death assemblages: building a taphonomic foundation for conservation palaeobiology,2013,Susan M. Kidwell,Palaeontology,O3,harvest,L1,1,1,,,,,"[title] same broad field; no heterogeneous/nodewise error bound, sharp constant or placement statement indicated",no,,,
,10.1088/1367-2630/17/5/053002,10.1088/1367-2630/17/5/053002,,https://openalex.org/W1775050783,Transfer matrices and excitations with matrix product states,2015,V Zauner; D Draxler; L Vanderstraeten; M Degroote; J Haegeman; M M Rams,New Journal of Physics,O3,harvest,L1,1,1,,,,,"[title] same broad field; no heterogeneous/nodewise error bound, sharp constant or placement statement indicated",no,,,
,10.1137/130926328,10.1137/130926328,,https://openalex.org/W1979098872,Tree Adaptive Approximation in the Hierarchical Tensor Format,2014,Jonas Ballani; Lars Grasedyck,SIAM Journal on Scientific Computing,O1,snowball,L1,1,1,,,,H1,[abs] Abstract checked: agglomerative choice of dimension tree with rank-adaptive cross approximation; no node-wise error theorem indicated,no,,,
,treetensornetworkreservoircomputinghierarchicalensemblewithinvariantphaseboundaries,,,https://openalex.org/W7171750206,Tree Tensor Network Reservoir Computing: Hierarchical Ensemble with Invariant Phase Boundaries,2026,Daiki Sasaki; Chih-Chieh Chen; Tomah Sogabe,arXiv (Cornell University),O1,harvest,L1,1,1,,,,,"[title] same broad field; no heterogeneous/nodewise error bound, sharp constant or placement statement indicated",no,,,
,10.1103/ycty-d5f9,10.1103/ycty-d5f9,,https://openalex.org/W7155418686,Tree tensor network impurity solver based on Cayley-tree mapping,2026,Bo Zhan; Chen Jia-lin; Zhen Fan; Tao Xiang,Physical review. B./Physical review. B,O1;O3,harvest,L1,1,1,,,,,"[abs] same broad field; no heterogeneous/nodewise error bound, sharp constant or placement statement indicated [seen_in_round1]",no,,,
,10.48550/arxiv.1403.0981,10.48550/arxiv.1403.0981,,https://openalex.org/W1635815648,Tree tensor network state study of the ionic-neutral curve crossing of LiF,2014,V. Murg; Frank Verstraete; Reinhold Schneider; Péter R. Nagy; Örs Legeza,arXiv (Cornell University),O1,snowball,L1,1,1,,,,,"[abs] same broad field; no heterogeneous/nodewise error bound, sharp constant or placement statement indicated",no,,,
,10.1007/s40324-018-0177-x,10.1007/s40324-018-0177-x,,https://openalex.org/W2895724779,Tree-based tensor formats,2018,Antonio Falcó; Wolfgang Hackbusch; Anthony Nouy,SeMA Journal,O1,snowball,L1,1,1,,,,,"[title] same broad field; no heterogeneous/nodewise error bound, sharp constant or placement statement indicated [seen_in_round1]",no,,,
,10.1111/geb.12637,10.1111/GEB.12637,,,Truncation of thermal tolerance niches among Australian plants,2018,A. Bush; Renee A. Catullo; K. Mokany; A. Thornhill; Joseph T. Miller; S. Ferrier,,O1,harvest,L1,1,1,,,,,"[title] same broad field; no heterogeneous/nodewise error bound, sharp constant or placement statement indicated",no,,,
,10.1038/s41467-019-09436-y,10.1038/s41467-019-09436-y,,https://openalex.org/W2888208423,"Unifying scrambling, thermalization and entanglement through measurement of fidelity out-of-time-order correlators in the Dicke model",2019,Robert J. Lewis-Swan; Arghavan Safavi-Naini; J. J. Bollinger; Ana María Rey,Nature Communications,O3,harvest,L1,1,1,,,,,"[title] same broad field; no heterogeneous/nodewise error bound, sharp constant or placement statement indicated",no,,,
,10.1007/s10957-018-1443-x,10.1007/s10957-018-1443-x,,https://openalex.org/W2883816074,Union Averaged Operators with Applications to Proximal Algorithms for Min-Convex Functions,2018,Minh N. Dao; Matthew K. Tam,Journal of Optimization Theory and Applications,O4,snowball,L1,1,1,,,,,"[title] same broad field; no heterogeneous/nodewise error bound, sharp constant or placement statement indicated",no,,,
,10.1103/physrevx.8.031012,10.1103/physrevx.8.031012,,https://openalex.org/W2753545915,Unsupervised Generative Modeling Using Matrix Product States,2018,Zhaoyu Han; Jun Wang; Heng Fan; Lei Wang; Pan Zhang,Physical Review X,O3,harvest,L1,1,1,,,,,"[title] same broad field; no heterogeneous/nodewise error bound, sharp constant or placement statement indicated [seen_in_round1]",no,,,
,10.1088/1742-5468/2008/12/p12015,10.1088/1742-5468/2008/12/p12015,,https://openalex.org/W2073622316,Utilizing Minkowski functionals for image analysis: a marching square algorithm,2008,Hubert Mantz; Karin Jacobs; Klaus Mecke,Journal of Statistical Mechanics Theory and Experiment,O5,harvest,L1,1,1,,,,,"[title] same broad field; no heterogeneous/nodewise error bound, sharp constant or placement statement indicated",no,,,
,10.1080/02331934.2012.733883,10.1080/02331934.2012.733883,,https://openalex.org/W2047003499,Variable metric forward–backward splitting with applications to monotone inclusions in duality,2012,Patrick L. Combettes; Bằng Công Vũ,Optimization,O4,snowball,L1,1,1,,,,,"[title] same broad field; no heterogeneous/nodewise error bound, sharp constant or placement statement indicated",no,,,
,10.22331/q-2020-03-26-248,10.22331/q-2020-03-26-248,,https://openalex.org/W2951503883,Variational Quantum Fidelity Estimation,2020,Marco Cerezo; Alexander Poremba; Lukasz Cincio; Patrick J. Coles,Quantum,O3,harvest,L1,1,1,,,,,"[title] same broad field; no heterogeneous/nodewise error bound, sharp constant or placement statement indicated [seen_in_round1]",no,,,
,10.1007/s00211-012-0464-x,10.1007/s00211-012-0464-x,,https://openalex.org/W2141965014,Variational calculus with sums of elementary tensors of fixed rank,2012,Mike Espig; Wolfgang Hackbusch; Thorsten Rohwedder; Reinhold Schneider,Numerische Mathematik,O1,snowball,L1,1,1,,,,,"[title] same broad field; no heterogeneous/nodewise error bound, sharp constant or placement statement indicated",no,,,
,10.1063/1.4940774,10.1063/1.4940774,,https://openalex.org/W2137595289,Variational tensor approach for approximating the rare-event kinetics of macromolecular systems,2016,Feliks Nüske; Reinhold Schneider; F. Vitalini; Frank Noé,The Journal of Chemical Physics,O1,snowball,L1,1,1,,,,,"[title] same broad field; no heterogeneous/nodewise error bound, sharp constant or placement statement indicated",no,,,
,waterfillingisuniversallyminimaxoptimal,,,https://openalex.org/W7148177167,Water-Filling is Universally Minimax Optimal,2026,Siddhartha Banerjee; Ramiro N. Deo-Campo Vuong; Robert Kleinberg,arXiv (Cornell University),O5,harvest,L1,1,1,,,,H3,[abs] Online water-filling; background,no,,,
,10.1007/s00211-009-0276-9,10.1007/s00211-009-0276-9,,https://openalex.org/W2001292054,Well-posedness of convex maximization problems on Stiefel manifolds and orthogonal tensor product approximations,2009,André Uschmajew,Numerische Mathematik,O1,snowball,L1,1,1,,,,,"[title] same broad field; no heterogeneous/nodewise error bound, sharp constant or placement statement indicated",no,,,
,10.14279/depositonce-3474,10.14279/depositonce-3474,,https://openalex.org/W2488494379,Zur Theorie der Niedrigrangapproximation in Tensorprodukten von Hilberträumen,2013,André Uschmajew,,O1,snowball,L1,1,1,,,,,"[title] same broad field; no heterogeneous/nodewise error bound, sharp constant or placement statement indicated",no,,,
,10.4086/toc.2013.v009a004,10.4086/toc.2013.v009a004,,https://openalex.org/W2611715903,,2013,Scott Aaronson; A. A. Архипов,Theory of Computing,O6,harvest,L1,0,0,,,,,[title] unrelated to H1-H4,no,,,
,10.1093/gji/ggae131,10.1093/gji/ggae131,,https://openalex.org/W4394854893,2-D probabilistic inversion of MT data and uncertainty quantification using the Hamiltonian Monte Carlo method,2024,Ronghua Peng; Bo Han; Xiangyun Hu; Jianhui Li; Yajun Liu,Geophysical Journal International,O1,harvest,L1,0,0,,,,,[title] unrelated to H1-H4,no,,,
,10.1088/2515-7647/ac1ef4,10.1088/2515-7647/ac1ef4,,https://openalex.org/W3195862557,2022 Roadmap on integrated quantum photonics,2022,M. Lobino,Iris (University of Trento),O3,harvest,L1,0,0,,,,,[title] unrelated to H1-H4,no,,,
,10.1002/adom.201800272,10.1002/adom.201800272,,https://openalex.org/W2884016533,2D Material Microcavity Light Emitters: To Lase or Not to Lase?,2018,Lewis A. Reeves; Yue Wang; Thomas F. Krauss,Advanced Optical Materials,O6,harvest,L1,0,0,,,,,[title] unrelated to H1-H4,no,,,
,acatalogofspecialplanecurves,,,https://openalex.org/W2105763874,A Catalog of Special Plane Curves,2013,J. Lawrence,CERN Document Server (European Organization for Nuclear Research),O5,snowball,L1,0,0,,,,,[title] unrelated to H1-H4,no,,,
,10.1155/2015/931256,10.1155/2015/931256,,https://openalex.org/W1859314164,A Comprehensive Survey on Particle Swarm Optimization Algorithm and Its Applications,2015,Yudong Zhang; Shuihua Wang‎; Genlin Ji,Mathematical Problems in Engineering,O6,harvest,L1,0,0,,,,,[title] unrelated to H1-H4,no,,,
,10.1109/tvt.2015.2435746,10.1109/tvt.2015.2435746,,https://openalex.org/W2397293447,A Dynamic Graph-Based Scheduling and Interference Coordination Approach in Heterogeneous Cellular Networks,2015,Li Zhou; Xiping Hu; Edith C.‐H. Ngai; Haitao Zhao; Shan Wang; Jibo Wei,IEEE Transactions on Vehicular Technology,O5,snowball,L1,0,0,,,,,[abs] unrelated to H1-H4,no,,,
,10.48550/arxiv.2506.04732,10.48550/arxiv.2506.04732,,https://openalex.org/W4416132749,"A Fast, Accurate and Oscillation-free Spectral Collocation Solver for High-dimensional Transport Problems",2025,Nicola Cavallini; Gianmarco Manzini; Daniele Funaro; Andrea Favalli,arXiv (Cornell University),O2,harvest,L1,0,0,,,,,[title] unrelated to H1-H4 [seen_in_round1],no,,,
,10.1016/j.scib.2025.10.016,10.1016/j.scib.2025.10.016,,https://openalex.org/W4415258092,A Herculean task: classical simulation of quantum computers,2025,Xiaosi Xu; Simon C. Benjamin; Jianxin Chen; Jinzhao Sun; Xiao Yuan; Pan Zhang,中国科学通报：英文版,O6,snowball,L1,0,0,,,,,[title] unrelated to H1-H4,no,,,
,10.1109/tmi.2019.2898271,10.1109/tmi.2019.2898271,,https://openalex.org/W2918100930,A Krasnoselskii-Mann Algorithm With an Improved EM Preconditioner for PET Image Reconstruction,2019,Yizun Lin; C. Ross Schmidtlein; LI Qia; Si Li; Yuesheng Xu,IEEE Transactions on Medical Imaging,O4,snowball,L1,0,0,,,,,[title] unrelated to H1-H4,no,,,
,10.1086/428890,10.1086/428890,,https://openalex.org/W2087495825,A Map of the Universe,2005,J. Richard Gott III; Mario Jurić; David Schlegel; Fiona Hoyle; Michael Vogeley; Max Tegmark,The Astrophysical Journal,O5,harvest,L1,0,0,,,,,[title] unrelated to H1-H4,no,,,
,10.1007/978-0-8176-4948-7,10.1007/978-0-8176-4948-7,,https://openalex.org/W143004564,A Mathematical Introduction to Compressive Sensing,2013,Simon Foucart; Holger Rauhut,Applied and numerical harmonic analysis,O1,snowball,L1,0,0,,,,,[title] unrelated to H1-H4,no,,,
,10.11329/jjssj.44.501,10.11329/jjssj.44.501,,https://openalex.org/W2510711337,A Mathematical Introduction to Compressive Sensing,2015,廣瀬 慧,日本統計学会誌,O1,snowball,L1,0,0,,,,,[title] unrelated to H1-H4,no,,,
,10.1109/tsp.2006.874822,10.1109/tsp.2006.874822,,https://openalex.org/W2120428455,A Near-Optimal Linear Crosstalk Canceler for Upstream VDSL,2006,Raphael Cendrillon; G. Ginis; Etienne Van den Bogaert; Marc Moonen,IEEE Transactions on Signal Processing,O5,snowball,L1,0,0,,,,,[title] unrelated to H1-H4,no,,,
,10.1109/access.2023.3268797,10.1109/access.2023.3268797,,https://openalex.org/W4366549703,A Network Science Perspective of Graph Convolutional Networks: A Survey,2023,Mingshan Jia; Bogdan Gabryś; Katarzyna Musiał,IEEE Access,O2,harvest,L1,0,0,,,,,[title] unrelated to H1-H4,no,,,
,10.48550/arxiv.2301.04824,10.48550/arxiv.2301.04824,,https://openalex.org/W4316126082,A Network Science perspective of Graph Convolutional Networks: A survey,2023,Mingshan Jia; Bogdan Gabryś; Katarzyna Musiał,arXiv (Cornell University),O2,harvest,L1,0,0,,,,,[title] unrelated to H1-H4,no,,,
,anewconvergenceproofforthehigherorderpowermethodandgeneralizations,,,https://openalex.org/W2962715947,A New Convergence Proof For The Higher-Order Power Method And Generalizations,2015,André Uschmajew,,O1,snowball,L1,0,0,,,,,[title] unrelated to H1-H4,no,,,
,10.1109/tie.2018.2815945,10.1109/tie.2018.2815945,,https://openalex.org/W2793853083,A Novel Approach to Neighborhood Fair Energy Trading in a Distribution Network of Multiple Microgrid Clusters,2018,Ashok M. Jadhav; Nita R. Patne; Josep M. Guerrero,IEEE Transactions on Industrial Electronics,O5,snowball,L1,0,0,,,,,[title] unrelated to H1-H4,no,,,
,10.1613/jair.4992,10.1613/jair.4992,,https://openalex.org/W1888026739,A Primer on Neural Network Models for Natural Language Processing,2016,Yoav Goldberg,Journal of Artificial Intelligence Research,O1,harvest,L1,0,0,,,,,[title] unrelated to H1-H4,no,,,
,10.1371/journal.pcbi.1000069,10.1371/journal.pcbi.1000069,,https://openalex.org/W1996112765,A Probabilistic Model of Local Sequence Alignment That Simplifies Statistical Significance Estimation,2008,Sean R. Eddy,PLoS Computational Biology,O6,harvest,L1,0,0,,,,,[title] unrelated to H1-H4,no,,,
,10.1103/physrevx.13.041052,10.1103/physrevx.13.041052,,https://openalex.org/W4389892080,A Race-Track Trapped-Ion Quantum Processor,2023,Steven A. Moses; Charles H. Baldwin; M. S. Allman; R. Ancona; L. Ascarrunz; C. H. W. Barnes,Physical Review X,O3,harvest,L1,0,0,,,,,[title] unrelated to H1-H4,no,,,
,10.1613/jair.1.11228,10.1613/jair.1.11228,,https://openalex.org/W2891574113,A Review of Inference Algorithms for Hybrid Bayesian Networks,2018,Antonio Salmerón; Rafael Rumí; Helge Langseth; Thomas D. Nielsen; Anders L. Madsen,Journal of Artificial Intelligence Research,O6,harvest,L1,0,0,,,,,[title] unrelated to H1-H4,no,,,
,10.1109/access.2022.3149276,10.1109/access.2022.3149276,,https://openalex.org/W4210879646,"A Review on Antenna Technologies for Ambient RF Energy Harvesting and Wireless Power Transfer: Designs, Challenges and Applications",2022,Md. Amanath Ullah; Rasool Keshavarz; Mehran Abolhasan; Justin Lipman; Karu P. Esselle; Negin Shariati,IEEE Access,O5,harvest,L1,0,0,,,,,[title] unrelated to H1-H4,no,,,
,10.1137/080738970,10.1137/080738970,,https://openalex.org/W2103972604,A Singular Value Thresholding Algorithm for Matrix Completion,2010,Jian‐Feng Cai; Emmanuel J. Candès; Zuowei Shen,SIAM Journal on Optimization,O1,snowball,L1,0,0,,,,,[title] unrelated to H1-H4,no,,,
,10.1145/3746709.3746773,10.1145/3746709.3746773,,https://openalex.org/W4413845183,A Survey On Neural Network Quantization,2025,Jiawei Yang; Zhongbo Li; Zeqin Feng; Yongqiang Xie,,O2,harvest,L1,0,0,,,,,[title] unrelated to H1-H4,no,,,
,10.1145/2788396,10.1145/2788396,,https://openalex.org/W1864199185,A Survey of CPU-GPU Heterogeneous Computing Techniques,2015,Sparsh Mittal; Jeffrey S. Vetter,ACM Computing Surveys,O6,harvest,L1,0,0,,,,,[title] unrelated to H1-H4,no,,,
,10.3390/info10040122,10.3390/info10040122,,https://openalex.org/W2929803724,A Survey of Deep Learning Methods for Cyber Security,2019,Daniel S. Berman; Anna L. Buczak; Jeffrey S. Chavis; Cherita Corbett,Information,O1,harvest,L1,0,0,,,,,[title] unrelated to H1-H4,no,,,
,10.1007/s11704-026-60308-3,10.1007/s11704-026-60308-3,,https://openalex.org/W4362515116,A Survey of Large Language Models,2026,Wayne Xin Zhao; Kun Zhou; Junyi Li; Tianyi Tang; Zican Dong; Yupeng Hou,Frontiers of Computer Science,O2,harvest,L1,0,0,,,,,[title] unrelated to H1-H4,no,,,
,10.1109/access.2015.2430359,10.1109/access.2015.2430359,,https://openalex.org/W2130187411,A Survey of Sparse Representation: Algorithms and Applications,2015,Zheng Zhang; Yong Xu; Jian Yang; Xuelong Li; David Zhang,IEEE Access,O4,harvest,L1,0,0,,,,,[title] unrelated to H1-H4,no,,,
,10.1145/3605776,10.1145/3605776,,https://openalex.org/W4381613464,A Survey on Hypergraph Representation Learning,2023,Alessia Antelmi; Gennaro Cordasco; Mirko Polato; Vittorio Scarano; Carmine Spagnuolo; Dingqi Yang,ACM Computing Surveys,O6,harvest,L1,0,0,,,,,[title] unrelated to H1-H4,no,,,
,10.1109/tnnls.2021.3070843,10.1109/tnnls.2021.3070843,,https://openalex.org/W3003265726,"A Survey on Knowledge Graphs: Representation, Acquisition, and Applications",2021,Shaoxiong Ji; Shirui Pan; Erik Cambria; Pekka Marttinen; Philip S. Yu,IEEE Transactions on Neural Networks and Learning Systems,O1,harvest,L1,0,0,,,,,[title] unrelated to H1-H4,no,,,
,10.1145/3743128,10.1145/3743128,,https://openalex.org/W4411095744,A Survey on Kolmogorov-Arnold Network,2025,Shriyank Somvanshi; Syed Aaqib Javed; Md Monzurul Islam; Diwas Pandit; Subasish Das,ACM Computing Surveys,O1,harvest,L1,0,0,,,,,[title] unrelated to H1-H4,no,,,
,10.28945/479,10.28945/479,,https://openalex.org/W2124975206,A Systems Approach to Conduct an Effective Literature Review in Support of Information Systems Research,2006,Yair Levy; Timothy J. Ellis,Informing Science The International Journal of an Emerging Transdiscipline,O2,harvest,L1,0,0,,,,,[title] unrelated to H1-H4,no,,,
,10.1007/s00365-021-09551-4,10.1007/s00365-021-09551-4,,https://openalex.org/W2933916181,A Theoretical Analysis of Deep Neural Networks and Parametric PDEs,2021,Gitta Kutyniok; Philipp Petersen; Mones Raslan; Reinhold Schneider,Constructive Approximation,O1,snowball,L1,0,0,,,,,[title] unrelated to H1-H4,no,,,
,10.2307/2973184,10.2307/2973184,,https://openalex.org/W2006188145,A Treatise on the Circle and the Sphere.,1917,Arnold Emch; J. L. Coolidge,American Mathematical Monthly,O5,snowball,L1,0,0,,,,,[title] unrelated to H1-H4,no,,,
,10.1587/transfun.2022eap1118,10.1587/transfun.2022eap1118,,https://openalex.org/W4320488867,A Unified Design of Generalized Moreau Enhancement Matrix for Sparsity Aware LiGME Models,2023,Yang Chen; Masao YAMAGISHI; Isao Yamada,IEICE Transactions on Fundamentals of Electronics Communications and Computer Sciences,O4,snowball,L1,0,0,,,,,[title] unrelated to H1-H4,no,,,
,10.1016/j.techfore.2018.04.032,10.1016/j.techfore.2018.04.032,,https://openalex.org/W2999375953,A bibliometric review of the innovation adoption literature,2018,Johannes A.W.H. van Oorschot; Erwin Hofman; Johannes I.M. Halman,Technological Forecasting and Social Change,O6,harvest,L1,0,0,,,,,[title] unrelated to H1-H4,no,,,
,10.1063/5.0224883,10.1063/5.0224883,,https://openalex.org/W4403650259,A circuit-generated quantum subspace algorithm for the variational quantum eigensolver,2024,Mark R. Hirsbrunner; J. Wayne Mullinax; Yizhi Shen; David B. Williams‐Young; Katherine Klymko; Roel Van Beeumen,The Journal of Chemical Physics,O6,snowball,L1,0,0,,,,,[title] unrelated to H1-H4,no,,,
,10.1007/s10489-024-05747-w,10.1007/s10489-024-05747-w,,https://openalex.org/W4402137675,A comprehensive review of model compression techniques in machine learning,2024,Pierre V. Dantas; Waldir Sabino da Silva; Lucas C. Cordeiro; Celso B. Carvalho,Applied Intelligence,O2,harvest,L1,0,0,,,,,[title] unrelated to H1-H4,no,,,
,10.1186/s13174-018-0087-2,10.1186/s13174-018-0087-2,,https://openalex.org/W2809684781,"A comprehensive survey on machine learning for networking: evolution, applications and research opportunities",2018,Raouf Boutaba; Mohammad A. Salahuddin; Noura Limam; Sara Ayoubi; Nashid Shahriar; Felipe Estrada‐Solano,Journal of Internet Services and Applications,O2,harvest,L1,0,0,,,,,[title] unrelated to H1-H4 [seen_in_round1],no,,,
,10.1128/msystems.01001-23,10.1128/msystems.01001-23,,https://openalex.org/W4391138796,A data-driven approach for timescale decomposition of biochemical reaction networks,2024,Amir Akbari; Zachary B. Haiman; Bernhard Ø. Palsson,mSystems,O2,harvest,L1,0,0,,,,,[title] unrelated to H1-H4,no,,,
,10.1038/s41598-025-16905-6,10.1038/s41598-025-16905-6,,https://openalex.org/W7118952011,"A fast, accurate and oscillation-free spectral collocation solver for high-dimensional transport problems",2026,Nicola Cavallini; Gianmarco Manzini; Daniele Funaro; A. Favalli,Scientific Reports,O2,harvest,L1,0,0,,,,,[title] unrelated to H1-H4 [seen_in_round1],no,,,
,10.32917/hmj/1206137309,10.32917/hmj/1206137309,,https://openalex.org/W1678147450,A finite-difference method on a Riemann surface,1973,Hisao Mizumoto,Hiroshima Mathematical Journal,O4,harvest,L1,0,0,,,,,[title] unrelated to H1-H4,no,,,
,10.1038/s41580-021-00407-0,10.1038/s41580-021-00407-0,,https://openalex.org/W3200707343,A guide to machine learning for biologists,2021,Joe G. Greener; Shaun M. Kandathil; Lewis Moffat; David T. Jones,Nature Reviews Molecular Cell Biology,O2,harvest,L1,0,0,,,,,[title] unrelated to H1-H4,no,,,
,10.1145/2517349.2522739,10.1145/2517349.2522739,,https://openalex.org/W2034102265,A lightweight infrastructure for graph analytics,2013,Donald Nguyen; Andrew Lenharth; Keshav Pingali,,O5,harvest,L1,0,0,,,,,[title] unrelated to H1-H4,no,,,
,10.1088/1742-6596/454/1/012064,10.1088/1742-6596/454/1/012064,,https://openalex.org/W2168924350,A multiprecision C++ library for matrix-product-state simulation of quantum computing: Evaluation of numerical errors,2013,Akira SaiToh,Journal of Physics Conference Series,O3,snowball,L1,0,0,,,,,[title] unrelated to H1-H4,no,,,
,10.1007/s00211-017-0891-9,10.1007/s00211-017-0891-9,,https://openalex.org/W2300243767,A posteriori error estimates for the virtual element method,2017,Andrea Cangiani; Emmanuil H. Georgoulis; Tristan Pryer; Oliver J. Sutton,Numerische Mathematik,O4,harvest,L1,0,0,,,,,[title] unrelated to H1-H4,no,,,
,10.1007/s40747-025-02019-z,10.1007/s40747-025-02019-z,,https://openalex.org/W4412818278,A review of state-of-the-art techniques for large language model compression,2025,Pierre V. Dantas; Lucas C. Cordeiro; S. S. Waldir,Complex & Intelligent Systems,O2,harvest,L1,0,0,,,,,[title] unrelated to H1-H4,no,,,
,10.1016/j.inffus.2021.05.008,10.1016/j.inffus.2021.05.008,,https://openalex.org/W3102100346,"A review of uncertainty quantification in deep learning: Techniques, applications and challenges",2021,Moloud Abdar; Farhad Pourpanah; Sadiq Hussain; Dana Rezazadegan; Li Liu; Mohammad Ghavamzadeh,Information Fusion,O2,harvest,L1,0,0,,,,,[title] unrelated to H1-H4 [seen_in_round1],no,,,
,10.1016/j.aiia.2020.09.002,10.1016/j.aiia.2020.09.002,,https://openalex.org/W3084142211,A review on computer vision systems in monitoring of poultry: A welfare perspective,2020,Cedric Okinda; Innocent Nyalala; Tchalla Korohou; Celestine Okinda; Jintao Wang; Tracy Achieng,Artificial Intelligence in Agriculture,O5,harvest,L1,0,0,,,,,[title] unrelated to H1-H4,no,,,
,10.1080/02331934.2024.2373896,10.1080/02331934.2024.2373896,,https://openalex.org/W4386871166,A slight look on a new fixed-point problem,2024,Abdellatif Moudafi,Optimization,O4,snowball,L1,0,0,,,,,[title] unrelated to H1-H4,no,,,
,10.1088/2058-9565/aaa5cc,10.1088/2058-9565/aaa5cc,,https://openalex.org/W2339327743,A software methodology for compiling quantum programs,2018,Thomas Häner; Damian S. Steiger; Krysta M. Svore; Matthias Troyer,Quantum Science and Technology,O6,harvest,L1,0,0,,,,,[title] unrelated to H1-H4,no,,,
,10.1007/s11042-023-17192-x,10.1007/s11042-023-17192-x,,https://openalex.org/W4388229123,A survey of model compression strategies for object detection,2023,Zonglei Lyu; Tong Yu; Fuxi Pan; Yilin Zhang; Jia Luo; Dan Zhang,Multimedia Tools and Applications,O2,harvest,L1,0,0,,,,,[title] unrelated to H1-H4,no,,,
,10.1016/j.sysarc.2023.102990,10.1016/j.sysarc.2023.102990,,https://openalex.org/W4386826409,A survey of techniques for optimizing transformer inference,2023,Krishna Teja Chitty-Venkata; Sparsh Mittal; Murali Emani; Venkatram Vishwanath; Arun K. Somani,Journal of Systems Architecture,O2,harvest,L1,0,0,,,,,[title] unrelated to H1-H4,no,,,
,10.1007/s11704-024-40663-9,10.1007/s11704-024-40663-9,,https://openalex.org/W4403753254,A survey on LoRA of large language models,2024,Yuren Mao; Yuhang Ge; Yijiang Fan; Wenyi Xu; Yu Mi; Zhonghao Hu,Frontiers of Computer Science,O2,harvest,L1,0,0,,,,,[title] unrelated to H1-H4,no,,,
,10.1016/j.media.2017.07.005,10.1016/j.media.2017.07.005,,https://openalex.org/W2592929672,A survey on deep learning in medical image analysis,2017,Geert Litjens; Thijs Kooi; Babak Ehteshami Bejnordi; Arnaud A. A. Setio; Francesco Ciompi; Mohsen Ghafoorian,Medical Image Analysis,O1;O2,harvest,L1,0,0,,,,,[title] unrelated to H1-H4 [seen_in_round1],no,,,
,10.1186/s40537-021-00516-9,10.1186/s40537-021-00516-9,,https://openalex.org/W3170657538,A survey on missing data in machine learning,2021,Tlamelo Emmanuel; Thabiso Maupong; Dimane Mpoeleng; Thabo Semong; Banyatsang Mphago; Oteng Tabona,Journal Of Big Data,O2,harvest,L1,0,0,,,,,[title] unrelated to H1-H4,no,,,
,10.1016/j.comnet.2022.108820,10.1016/j.comnet.2022.108820,,https://openalex.org/W4211055935,A survey: Distributed Machine Learning for 5G and beyond,2022,Omar Nassef; Wenting Sun; Hakimeh Purmehdi; Mallik Tatipamula; Toktam Mahmoodi,Computer Networks,O2,harvest,L1,0,0,,,,,[title] unrelated to H1-H4,no,,,
,10.1016/j.asej.2024.102896,10.1016/j.asej.2024.102896,,https://openalex.org/W4399653477,A systematic review of construction labor productivity studies: Clustering and analysis through hierarchical latent dirichlet allocation,2024,Kai Qi; Emmanuel Kingsford Owusu; Ming-Fung Francis Siu; Ping-Chuen Albert Chan,Ain Shams Engineering Journal,O2,harvest,L1,0,0,,,,,[title] unrelated to H1-H4,no,,,
,10.1029/2008jf001114,10.1029/2008jf001114,,https://openalex.org/W2031253629,A theory for the emergence of channelized drainage,2010,Terence R. Smith,Journal of Geophysical Research Atmospheres,O5,harvest,L1,0,0,,,,,[title] unrelated to H1-H4,no,,,
,10.1088/0266-5611/20/1/006,10.1088/0266-5611/20/1/006,,https://openalex.org/W2100503136,A unified treatment of some iterative algorithms in signal processing and image reconstruction,2003,Charles L. Byrne,Inverse Problems,O4,snowball,L1,0,0,,,,,[title] unrelated to H1-H4,no,,,
,10.1038/ncomms5213,10.1038/ncomms5213,,https://openalex.org/W2161685427,A variational eigenvalue solver on a photonic quantum processor,2014,Alberto Peruzzo; Jarrod R. McClean; Peter Shadbolt; Man‐Hong Yung; Xiaoqi Zhou; Peter J. Love,Nature Communications,O3,harvest,L1,0,0,,,,,[title] unrelated to H1-H4,no,,,
,10.48550/arxiv.2110.07505,10.48550/arxiv.2110.07505,,https://openalex.org/W3205933106,AHEAD: Adaptive Hierarchical Decomposition for Range Query under Local Differential Privacy,2021,Linkang Du; Zhikun Zhang; Shaojie Bai; Changchang Liu; Shouling Ji; Peng Cheng,arXiv (Cornell University),O6,harvest,L1,0,0,,,,,[title] unrelated to H1-H4,no,,,
,10.1070/rm1977v032n06abeh003859,10.1070/rm1977v032n06abeh003859,,https://openalex.org/W1966160012,AN EXPONENTIAL ESTIMATE OF THE TIME OF STABILITY OF NEARLY-INTEGRABLE HAMILTONIAN SYSTEMS,1977,N. N. Nekhoroshev,Russian Mathematical Surveys,O4,harvest,L1,0,0,,,,,[title] unrelated to H1-H4,no,,,
,10.1142/s0219530511001728,10.1142/s0219530511001728,,https://openalex.org/W3021293439,ANALYTIC REGULARITY AND POLYNOMIAL APPROXIMATION OF PARAMETRIC AND STOCHASTIC ELLIPTIC PDE'S,2011,Albert Cohen; Ronald DeVore; Christoph Schwab,Analysis and Applications,O1,snowball,L1,0,0,,,,,[title] unrelated to H1-H4,no,,,
,10.48550/arxiv.2303.15876,10.48550/arxiv.2303.15876,,https://openalex.org/W4361231042,Accelerated Infeasibility Detection of Constrained Optimization and Fixed-Point Iterations,2023,Jisun Park; Ernest K. Ryu,arXiv (Cornell University),O4,harvest,L1,0,0,,,,,[title] unrelated to H1-H4,no,,,
,10.1137/120863927,10.1137/120863927,,https://openalex.org/W2059436145,Adaptive Anisotropic Spectral Stochastic Methods for Uncertain Scalar Conservation Laws,2012,Julie Tryoen; Olivier Le Maı̂tre; Alexandre Ern,SIAM Journal on Scientific Computing,O1,harvest,L1,0,0,,,,,[abs] unrelated to H1-H4,no,,,
,10.1109/lcomm.2017.2723890,10.1109/lcomm.2017.2723890,,https://openalex.org/W2730026819,Adaptive OFDM Integrated Radar and Communications Waveform Design Based on Information Theory,2017,Yongjun Liu; Guisheng Liao; Jingwei Xu; Zhiwei Yang; Yuhong Zhang,IEEE Communications Letters,O5,snowball,L1,0,0,,,,,[title] unrelated to H1-H4,no,,,
,10.1103/physrevlett.133.010603,10.1103/physrevlett.133.010603,,https://openalex.org/W4400231100,Adaptive Trotterization for Time-Dependent Hamiltonian Quantum Dynamics Using Piecewise Conservation Laws,2024,Hongzheng Zhao; Marin Bukov; Markus Heyl; Roderich Moessner,Physical Review Letters,O3,harvest,L1,0,0,,,,,[title] unrelated to H1-H4,no,,,
,10.48550/arxiv.2307.10327,10.48550/arxiv.2307.10327,,https://openalex.org/W4385018253,Adaptive Trotterization for time-dependent Hamiltonian quantum dynamics using piecewise conservation laws,2023,Hongzheng Zhao; Marin Bukov; Markus Heyl; Roderich Moessner,arXiv (Cornell University),O3,harvest,L1,0,0,,,,,[title] unrelated to H1-H4,no,,,
,10.1016/j.sysarc.2024.103114,10.1016/j.sysarc.2024.103114,,https://openalex.org/W4392888180,Adaptive approximate computing in edge AI and IoT applications: A review,2024,Hans Jakob Damsgaard; Antoine Grenier; Dewant Katare; Zain Taufique; Salar Shakibhamedan; Tiago Troccoli,Journal of Systems Architecture,O2,harvest,L1,0,0,,,,,[title] unrelated to H1-H4,no,,,
,10.1016/j.cma.2013.11.015,10.1016/j.cma.2013.11.015,,https://openalex.org/W1991777578,Adaptive stochastic Galerkin FEM,2013,Martin Eigel; Claude Jeffrey Gittelson; Christoph Schwab; Elmar Zander,Computer Methods in Applied Mechanics and Engineering,O1,snowball,L1,0,0,,,,,[title] unrelated to H1-H4,no,,,
,10.1090/mcom/3885,10.1090/mcom/3885,,https://openalex.org/W4386119450,Adaptive symplectic model order reduction of parametric particle-based Vlasov–Poisson equation,2023,Jan S. Hesthaven; Cecilia Pagliantini; Nicolò Ripamonti,Mathematics of Computation,O1,harvest,L1,0,0,,,,,[title] unrelated to H1-H4,no,,,
,10.1103/physrevb.111.094310,10.1103/physrevb.111.094310,,https://openalex.org/W4408790150,Adaptive variational quantum dynamics simulations with compressed circuits and fewer measurements,2025,Feng Zhang; Cai‐Zhuang Wang; Thomas Iadecola; Peter P. Orth; Yongxin Yao,Physical review. B./Physical review. B,O6,snowball,L1,0,0,,,,,[title] unrelated to H1-H4,no,,,
,10.1103/prxquantum.3.020347,10.1103/prxquantum.3.020347,,https://openalex.org/W3135397694,Adiabatic Spectroscopy and a Variational Quantum Adiabatic Algorithm,2022,Benjamin F. Schiffer; Jordi Tura; J. I. Cirac,PRX Quantum,O3,snowball,L1,0,0,,,,,[title] unrelated to H1-H4,no,,,
,10.1111/2041-210x.70131,10.1111/2041-210x.70131,,https://openalex.org/W4413985217,Advancing causal inference in ecology: Pathways for biodiversity change detection and attribution,2025,Franziska Schrodt; Miriam Beck; Joaquim Estopinan; Diana E. Bowler; Colin Fontaine; Pierre Gaüzère,Methods in Ecology and Evolution,O5,harvest,L1,0,0,,,,,[title] unrelated to H1-H4,no,,,
,10.1051/0004-6361/201219196,10.1051/0004-6361/201219196,,https://openalex.org/W2019295585,Age and helium content of the open cluster NGC 6791 from multiple eclipsing binary members,2012,K. Brogaard; D. A. VandenBerg; H. Bruntt; F. Grundahl; S. Frandsen; L. R. Bedin,Astronomy and Astrophysics,O5,harvest,L1,0,0,,,,,[title] unrelated to H1-H4,no,,,
,10.1109/grc.2007.31,10.1109/GRC.2007.31,,,Agglomerative Hierarchical Clustering for Data with Tolerance,2007,Y. Endo; Hamasuna Yukihiro; Miyamoto Sadaaki,,O1,harvest,L1,0,0,,,,,[title] unrelated to H1-H4,no,,,
,10.1109/grc.2007.107,10.1109/GrC.2007.107,,,Agglomerative Hierarchical Clustering for Data with Tolerance,2007,Y. Endo; Hamasuna Yukihiro; Miyamoto Sadaaki,IEEE International Conference on Granular Computing,O1,harvest,L1,0,0,,,,,[title] unrelated to H1-H4,no,,,
,algorithmesparalllespourlesdcompositionsdestenseurs,,,https://openalex.org/W2758691783,Algorithmes Parallèles pour les Décompositions des Tenseurs,2017,Oguz Kaya,HAL (Le Centre pour la Communication Scientifique Directe),O1,harvest,L1,0,0,,,,,[title] unrelated to H1-H4,no,,,
,10.1137/040604959,10.1137/040604959,,https://openalex.org/W2073469810,Algorithms for Numerical Analysis in High Dimensions,2005,Gregory Beylkin; Martin J. Mohlenkamp,SIAM Journal on Scientific Computing,O1,snowball,L1,0,0,,,,,[title] unrelated to H1-H4,no,,,
,10.1137/140953289,10.1137/140953289,,https://openalex.org/W1996869553,Alternating Minimal Energy Methods for Linear Systems in Higher Dimensions,2014,Sergey Dolgov; Dmitry Savostyanov,SIAM Journal on Scientific Computing,O1,harvest+snowball,L1,0,0,,,,,[title] unrelated to H1-H4 [seen_in_round1],no,,,
,10.1007/s10957-022-02098-9,10.1007/s10957-022-02098-9,,https://openalex.org/W4296186110,An Adaptive Alternating Direction Method of Multipliers,2022,Sedi Bartz; Rubén Campoy; Hung M. Phan,Journal of Optimization Theory and Applications,O4,snowball,L1,0,0,,,,,[title] unrelated to H1-H4,no,,,
,anadaptivealternatingdirectionsmethodofmultipliers,,,https://openalex.org/W3136392522,An Adaptive Alternating Directions Method of Multipliers,2021,Sedi Bartz; Rubén Campoy; Hung M. Phan,arXiv (Cornell University),O4,snowball,L1,0,0,,,,,[title] unrelated to H1-H4,no,,,
,10.48550/arxiv.2302.09149,10.48550/arxiv.2302.09149,,https://openalex.org/W4321472040,An Incremental Singular Value Decomposition Approach for Large-Scale Spatially Parallel & Distributed but Temporally Serial Data -- Applied to Technical Flows,2023,Niklas Kühl; Hendrik Fischer; Michael Hinze; Thomas Rung,arXiv (Cornell University),O2,harvest,L1,0,0,,,,,[title] unrelated to H1-H4,no,,,
,10.1109/comst.2016.2618870,10.1109/comst.2016.2618870,,https://openalex.org/W2537515126,An Overview on Resource Allocation Techniques for Multi-User MIMO Systems,2016,Eduardo Castañeda; Adão Silva; Atílio Gameiro; Marios Kountouris,IEEE Communications Surveys & Tutorials,O5,snowball,L1,0,0,,,,,[title] unrelated to H1-H4,no,,,
,10.1093/jom/ufac006,10.1093/jom/ufac006,,https://openalex.org/W4226265202,An accurate strategy for computing reaction forces and fluxes on trimmed locally refined meshes,2022,Davide D’Angella; Stefan Kollmannsberger; Alessandro Reali; E. Rank; Thomas J.R. Hughes,Journal of Mechanics,O1,harvest,L1,0,0,,,,,[title] unrelated to H1-H4,no,,,
,10.4230/lipics.tqc.2024.2,10.4230/lipics.tqc.2024.2,,https://openalex.org/W1680325105,An area law and sub-exponential algorithm for 1D systems,2013,"Arad, Itai; Kitaev, Alexei; Landau, Zeph; Umesh Vazirani",arXiv (Cornell University),O1,snowball,L1,0,0,,,,,[title] unrelated to H1-H4,no,,,
,10.1093/nar/30.7.1575,10.1093/nar/30.7.1575,,https://openalex.org/W2124166542,An efficient algorithm for large-scale detection of protein families,2002,Anton J. Enright,Nucleic Acids Research,O5,harvest,L1,0,0,,,,,[title] unrelated to H1-H4,no,,,
,10.21468/scipostphyslectnotes.86,10.21468/scipostphyslectnotes.86,,https://openalex.org/W4402408402,An introduction to infinite projected entangled-pair state methods for variational ground state simulations using automatic differentiation,2024,Jan Naumann; Erik Lennart Weerda; Matteo Rizzi; Jens Eisert; Philipp Schmoll,SciPost Physics Lecture Notes,O1;O3,harvest,L1,0,0,,,,,[title] unrelated to H1-H4 [seen_in_round1],no,,,
,10.1002/cpa.20042,10.1002/cpa.20042,,https://openalex.org/W2115706991,An iterative thresholding algorithm for linear inverse problems with a sparsity constraint,2004,Ingrid Daubechies; Michel Defrise; Christine De Mol,Communications on Pure and Applied Mathematics,O1,snowball,L1,0,0,,,,,[title] unrelated to H1-H4,no,,,
,10.12942/lrr-2011-3,10.12942/lrr-2011-3,,https://openalex.org/W4210954748,Analogue Gravity,2011,Carlos Barceló; Stefano Liberati; Matt Visser,Living Reviews in Relativity,O5,harvest,L1,0,0,,,,,[title] unrelated to H1-H4,no,,,
,10.1007/bf02310791,10.1007/bf02310791,,https://openalex.org/W2000215628,Analysis of Individual Differences in Multidimensional Scaling Via an N-way Generalization of “Eckart-Young” Decomposition,1970,J. Douglas Carroll; Jih-Jie Chang,Psychometrika,O1,snowball,L1,0,0,,,,,[title] unrelated to H1-H4 [seen_in_round1],no,,,
,10.1137/100809799,10.1137/100809799,,https://openalex.org/W1963659668,Analysis of the DPG Method for the Poisson Equation,2011,Leszek Demkowicz; Jay Gopalakrishnan,SIAM Journal on Numerical Analysis,O4,harvest,L1,0,0,,,,,[title] unrelated to H1-H4,no,,,
,analysisofthetailoredcoupledclustermethodinquantumchemistry,,,https://openalex.org/W3098790948,Analysis of the tailored coupled-cluster method in quantum chemistry,2019,"Faulstich, F.M.; Laestadius, A.; Örs Legeza; Schneider, R.; Kvaal, S.",Repository of the Academy's Library (Library of the Hungarian Academy of Sciences),O1,snowball,L1,0,0,,,,,[title] unrelated to H1-H4,no,,,
,10.1103/revmodphys.80.1355,10.1103/revmodphys.80.1355,,https://openalex.org/W3037850448,Anderson transitions,2008,Ferdinand Evers; A. D. Mirlin,Reviews of Modern Physics,O4,harvest,L1,0,0,,,,,[title] unrelated to H1-H4,no,,,
,10.1016/j.jmva.2018.03.008,10.1016/j.jmva.2018.03.008,,https://openalex.org/W2605944716,Angle-based joint and individual variation explained,2018,Qing Feng; Meilei Jiang; Jan Hannig; J. S. Marron,Journal of Multivariate Analysis,O6,harvest,L1,0,0,,,,,[title] unrelated to H1-H4 [seen_in_round1],no,,,
,10.1103/prxquantum.3.010344,10.1103/prxquantum.3.010344,,https://openalex.org/W3203141358,Any-To-Any Connected Cavity-Mediated Architecture for Quantum Computing with Trapped Ions or Rydberg Arrays,2022,Joshua Ramette; Josiah Sinclair; Zachary Vendeiro; Alyssa Rudelis; Marko Cetina; Vladan Vuletić,PRX Quantum,O3,snowball,L1,0,0,,,,,[title] unrelated to H1-H4,no,,,
,10.1016/j.ejor.2007.01.057,10.1016/j.ejor.2007.01.057,,https://openalex.org/W2053353266,Application of general semi-infinite programming to lapidary cutting problems,2007,Anton Winterfeld,European Journal of Operational Research,O5,harvest,L1,0,0,,,,,[title] unrelated to H1-H4,no,,,
,10.1109/access.2024.3382189,10.1109/access.2024.3382189,,https://openalex.org/W4393217324,Applications of Zeroing Neural Networks: A Survey,2024,Tinglei Wang; Zhen Zhang; Yun Huang; Bolin Liao; Shuai Li,IEEE Access,O2,harvest,L1,0,0,,,,,[title] unrelated to H1-H4,no,,,
,10.1002/9780470238004,10.1002/9780470238004,,https://openalex.org/W227277429,Applied Multiway Data Analysis,2007,Pieter M. Kroonenberg,Wiley series in probability and statistics,O1,snowball,L1,0,0,,,,,[title] unrelated to H1-H4,no,,,
,10.2307/2005805,10.2307/2005805,,https://openalex.org/W2023413246,Applied and Computational Complex Analysis,1977,Henry C. Thacher; Peter Henrici,Mathematics of Computation,O5,snowball,L1,0,0,,,,,[title] unrelated to H1-H4,no,,,
,10.1109/tcomm.2006.887503,10.1109/tcomm.2006.887503,,https://openalex.org/W2142432203,Approximate Minimum BER Power Allocation for MIMO Spatial Multiplexing Systems,2007,Neng Wang; Steven D. Blostein,IEEE Transactions on Communications,O5,snowball,L1,0,0,,,,,[title] unrelated to H1-H4,no,,,
,10.1007/s00211-008-0143-0,10.1007/s00211-008-0143-0,,https://openalex.org/W2056404710,Approximate iterations for structured matrices,2008,Wolfgang Hackbusch; Boris N. Khoromskij; Е. Е. Тыртышников,Numerische Mathematik,O1,snowball,L1,0,0,,,,,[title] unrelated to H1-H4,no,,,
,10.1038/s41534-020-0257-5,10.1038/s41534-020-0257-5,,https://openalex.org/W2792286109,Approximate quantum Fourier transform with O(n log(n)) T gates,2020,Yunseong Nam; Yuan Su; Dmitri Maslov,npj Quantum Information,O3,harvest,L1,0,0,,,,,[title] unrelated to H1-H4,no,,,
,10.1016/j.jcss.2003.07.012,10.1016/j.jcss.2003.07.012,,https://openalex.org/W4230348051,Approximation algorithms for Max-3-Cut and other problems via complex semidefinite programming,2003,Michel X. Goemans; David P. Williamson,Journal of Computer and System Sciences,O5,harvest,L1,0,0,,,,,[title] unrelated to H1-H4,no,,,
,10.1007/bf02241722,10.1007/bf02241722,,https://openalex.org/W360731581,Arithmetiken für komplexe Kreise,1974,Manfred Hauenschild,Computing,O5,snowball,L1,0,0,,,,,[title] unrelated to H1-H4,no,,,
,10.1007/978-3-662-21637-8,10.1007/978-3-662-21637-8,,https://openalex.org/W2486180969,Aspiration Based Decision Support Systems,1989,Andrzej Lewandowski; Andrzej P. Wierzbicki,Lecture notes in economics and mathematical systems,O5,harvest,L1,0,0,,,,,[title] unrelated to H1-H4,no,,,
,10.1109/tcyb.2019.2908091,10.1109/tcyb.2019.2908091,,https://openalex.org/W2962833434,Asynchronous Distributed Algorithms for Seeking Generalized Nash Equilibria Under Full and Partial-Decision Information,2019,Peng Yi; Lacra Pavel,IEEE Transactions on Cybernetics,O4,snowball,L1,0,0,,,,,[title] unrelated to H1-H4,no,,,
,10.1109/tcns.2020.3018703,10.1109/tcns.2020.3018703,,https://openalex.org/W3081028519,Asynchronous Distributed Power Control of Multimicrogrid Systems,2020,Zhaojian Wang; Laijun Chen; Feng Liu; Peng Yi; Ming Cao; Sicheng Deng,IEEE Transactions on Control of Network Systems,O4,snowball,L1,0,0,,,,,[title] unrelated to H1-H4,no,,,
,10.1109/tac.2020.3011916,10.1109/tac.2020.3011916,,https://openalex.org/W3045769608,Asynchronous and Time-Varying Proximal Type Dynamics in Multiagent Network Games,2020,Carlo Cenedese; Giuseppe Belgioioso; Yu Kawano; Sergio Grammatico; Ming Cao,IEEE Transactions on Automatic Control,O4,snowball,L1,0,0,,,,,[title] unrelated to H1-H4,no,,,
,10.1016/j.automatica.2020.109269,10.1016/j.automatica.2020.109269,,https://openalex.org/W3088904003,Asynchronous distributed voltage control in active distribution networks,2020,Zhaojian Wang; Feng Liu; Yifan Su; Peng Yang; Boyu Qin,Automatica,O4,snowball,L1,0,0,,,,,[title] unrelated to H1-H4,no,,,
,10.1111/nph.16923,10.1111/nph.16923,,https://openalex.org/W3083985123,Automated and accurate segmentation of leaf venation networks via deep learning,2020,Hao Xu; Benjamin Blonder; Miguel Jodra; Yadvinder Malhi; Mark D. Fricker,New Phytologist,O2,harvest,L1,0,0,,,,,[title] unrelated to H1-H4,no,,,
,autonomiccorenetworkmanagementsystem,,,https://openalex.org/W2600241963,Autonomic Core Network Management System,2009,Ali Tizghadam,Library and Archives Canada (Government of Canada),O2,harvest,L1,0,0,,,,,[title] unrelated to H1-H4,no,,,
,10.1016/s1570-579x(01)80009-4,10.1016/s1570-579x(01)80009-4,,https://openalex.org/W1520261777,Averaging Strings of Sequential Iterations for Convex Feasibility Problems,2001,Yair Censor; Tommy Elfving; Gábor T. Herman,Studies in computational mathematics,O4,snowball,L1,0,0,,,,,[title] unrelated to H1-H4,no,,,
,10.1109/tdsc.2004.2,10.1109/tdsc.2004.2,,https://openalex.org/W2145071552,Basic concepts and taxonomy of dependable and secure computing,2004,A. Avižienis; J.-C. Laprie; Brian Randell; Carl E. Landwehr,IEEE Transactions on Dependable and Secure Computing,O3,harvest,L1,0,0,,,,,[title] unrelated to H1-H4,no,,,
,10.48550/arxiv.2211.16581,10.48550/arxiv.2211.16581,,https://openalex.org/W4310556608,Batching and Optimal Multi-stage Bipartite Allocations,2022,Yiding Feng; Rad Niazadeh,arXiv (Cornell University),O5,harvest,L1,0,0,,,,,[title] unrelated to H1-H4,no,,,
,10.3386/w24096,10.3386/w24096,,https://openalex.org/W4232011058,Behavioral Inattention,2017,Xavier Gabaix,National Bureau of Economic Research,O5,harvest,L1,0,0,,,,,[title] unrelated to H1-H4,no,,,
,10.1109/tqe.2021.3090207,10.1109/tqe.2021.3090207,,https://openalex.org/W3129556960,"Benchmarking Quantum Coprocessors in an Application-Centric, Hardware-Agnostic, and Scalable Way",2021,Simon Martiel; Thomas Ayral; Cyril Allouche,IEEE Transactions on Quantum Engineering,O6,snowball,L1,0,0,,,,,[title] unrelated to H1-H4,no,,,
,10.1103/physrevb.102.245113,10.1103/physrevb.102.245113,,https://openalex.org/W3018811576,Berry phase in quantum field theory: Diabolical points and boundary phenomena,2020,Po-Shen Hsin; Anton Kapustin; Ryan Thorngren,Physical review. B./Physical review. B,O5,harvest,L1,0,0,,,,,[title] unrelated to H1-H4,no,,,
,10.1126/science.ado6285,10.1126/science.ado6285,,https://openalex.org/W4408363016,Beyond-classical computation in quantum simulation,2025,Andrew King; Alberto Nocera; Marek M. Rams; Jacek Dziarmaga; Roeland Wiersema; William Bernoudy,Science,O1;O3,harvest,L1,0,0,,,,,[title] unrelated to H1-H4,no,,,
,10.1007/978-1-4471-0495-7_21,10.1007/978-1-4471-0495-7_21,,https://openalex.org/W1537626162,Bipolar and Multipolar Coordinates,2000,Rida T. Farouki; Hwan Pyo Moon,,O5,snowball,L1,0,0,,,,,[title] unrelated to H1-H4,no,,,
,10.12942/lrr-2008-6,10.12942/lrr-2008-6,,https://openalex.org/W2134122949,Black Holes in Higher Dimensions,2008,Roberto Emparan; Harvey S. Reall,Living Reviews in Relativity,O5,harvest,L1,0,0,,,,,[title] unrelated to H1-H4,no,,,
,bookofcurves,,,https://openalex.org/W1969160923,Book of Curves,1961,E. H. Lockwood,Medical Entomology and Zoology,O5,snowball,L1,0,0,,,,,[title] unrelated to H1-H4,no,,,
,10.1007/s00006-019-0959-y,10.1007/s00006-019-0959-y,,https://openalex.org/W2941745874,Boolean Combination of Circular Arcs using Orthogonal Spheres,2019,Leo Dorst,Advances in Applied Clifford Algebras,O5,harvest,L1,0,0,,,,,[title] unrelated to H1-H4,no,,,
,10.1038/s41534-023-00703-x,10.1038/s41534-023-00703-x,,https://openalex.org/W3022917190,Boundaries of quantum supremacy via random circuit sampling,2023,Alexander Zlokapa; Benjamin Villalonga; Sergio Boixo; Daniel A. Lidar,npj Quantum Information,O3,snowball,L1,0,0,,,,,[title] unrelated to H1-H4,no,,,
,10.1103/revmodphys.71.983,10.1103/revmodphys.71.983,,https://openalex.org/W1989300694,Brane dynamics and gauge theory,1999,Amit Giveon; David Kutasov,Reviews of Modern Physics,O5,harvest,L1,0,0,,,,,[title] unrelated to H1-H4,no,,,
,10.1137/090748330,10.1137/090748330,,https://openalex.org/W1995406764,"Breaking the Curse of Dimensionality, Or How to Use SVD in Many Dimensions",2009,Ivan Oseledets; E. E. Tyrtyshnikov,SIAM Journal on Scientific Computing,O1,snowball,L1,0,0,,,,,[title] unrelated to H1-H4 [seen_in_round1],no,,,
,10.1103/prxquantum.3.010329,10.1103/prxquantum.3.010329,,https://openalex.org/W3111561052,Building a Fault-Tolerant Quantum Computer Using Concatenated Cat Codes,2022,Christopher Chamberland; Kyungjoo Noh; Patricio Arrangoiz-Arriola; Earl T. Campbell; Connor T. Hann; Joseph K. Iverson,PRX Quantum,O3,harvest,L1,0,0,,,,,[title] unrelated to H1-H4,no,,,
,10.1145/3567955.3567958,10.1145/3567955.3567958,,https://openalex.org/W4312060074,CAFQA: A Classical Simulation Bootstrap for Variational Quantum Algorithms,2022,Gokul Subramanian Ravi; Pranav Gokhale; Yi Ding; William Kirby; Kaitlin N. Smith; Jonathan M. Baker,,O3,snowball,L1,0,0,,,,,[title] unrelated to H1-H4,no,,,
,10.1002/jcc.21287,10.1002/jcc.21287,,https://openalex.org/W2132262459,CHARMM: The biomolecular simulation program,2009,Bernard R. Brooks; Charles L. Brooks; Alexander D. MacKerell; Lennart Nilsson; Robert J. Petrella; Benoı̂t Roux,Journal of Computational Chemistry,O4,harvest,L1,0,0,,,,,[title] unrelated to H1-H4 [seen_in_round1],no,,,
,10.1109/sp.2015.9,10.1109/sp.2015.9,,https://openalex.org/W1904738922,CHERI: A Hybrid Capability-System Architecture for Scalable Software Compartmentalization,2015,Robert N. M. Watson; Jonathan Woodruff; Peter G. Neumann; Simon W. Moore; Jonathan Anderson; David Chisnall,,O5,harvest,L1,0,0,,,,,[title] unrelated to H1-H4,no,,,
,10.22331/q-2024-03-14-1287,10.22331/q-2024-03-14-1287,,https://openalex.org/W4392799106,Can Error Mitigation Improve Trainability of Noisy Variational Quantum Algorithms?,2024,Samson Wang; Piotr Czarnik; Andrew Arrasmith; M. Cerezo; Łukasz Cincio; Patrick J. Coles,Quantum,O2,harvest,L1,0,0,,,,,[title] unrelated to H1-H4,no,,,
,10.48550/arxiv.2109.01051,10.48550/arxiv.2109.01051,,https://openalex.org/W3198794055,Can Error Mitigation Improve Trainability of Noisy Variational Quantum Algorithms?,2021,Samson Wang; Piotr Czarnik; Andrew Arrasmith; M. Cerezo; Łukasz Cincio; Patrick J. Coles,arXiv (Cornell University),O2,harvest,L1,0,0,,,,,[title] unrelated to H1-H4,no,,,
,capacityofmultiantennagaussianchannels,,,https://openalex.org/W2330078975,Capacity of Multi-Antenna Gaussian Channels,1995,I.E. Telatar,,O5,snowball,L1,0,0,,,,,[title] unrelated to H1-H4,no,,,
,10.1002/ett.4460100604,10.1002/ett.4460100604,,https://openalex.org/W2130509920,Capacity of Multi‐antenna Gaussian Channels,1999,Emre Telatar,European Transactions on Telecommunications,O5,snowball,L1,0,0,,,,,[title] unrelated to H1-H4,no,,,
,10.1109/jproc.2019.2954005,10.1109/jproc.2019.2954005,,https://openalex.org/W2978630019,Challenges and Opportunities of Near-Term Quantum Computing Systems,2019,Antonio D. Corcoles; Abhinav Kandala; Ali Javadi-Abhari; Douglas T. McClure; Andrew W. Cross; Kristan Temme,Proceedings of the IEEE,O6,harvest,L1,0,0,,,,,[title] unrelated to H1-H4,no,,,
,10.1038/s43588-022-00311-3,10.1038/s43588-022-00311-3,,https://openalex.org/W4296126438,Challenges and opportunities in quantum machine learning,2022,M. Cerezo; Guillaume Verdon; Hsin-Yuan Huang; Łukasz Cincio; Patrick J. Coles,Nature Computational Science,O3,harvest,L1,0,0,,,,,[title] unrelated to H1-H4,no,,,
,10.1155/2014/598531,10.1155/2014/598531,,https://openalex.org/W2103417572,Characterization and Optimization of Mechanical Properties of ABS Parts Manufactured by the Fused Deposition Modelling Process,2014,Godfrey C. Onwubolu; Farzad Rayegani,International Journal of Manufacturing Engineering,O5,harvest,L1,0,0,,,,,[title] unrelated to H1-H4,no,,,
,10.1038/s41567-018-0124-x,10.1038/s41567-018-0124-x,,https://openalex.org/W2482126025,Characterizing quantum supremacy in near-term devices,2018,Sergio Boixo; Sergei V. Isakov; Vadim Smelyanskiy; Ryan Babbush; Nan Ding; Jiang Zhang,Nature Physics,O3,snowball,L1,0,0,,,,,[title] unrelated to H1-H4,no,,,
,10.1103/physrevlett.128.190501,10.1103/physrevlett.128.190501,,https://openalex.org/W3201909324,Classical Simulation of Boson Sampling Based on Graph Structure,2022,Changhun Oh; Youngrong Lim; Bill Fefferman; Liang Jiang,Physical Review Letters,O6,snowball,L1,0,0,,,,,[abs] unrelated to H1-H4,no,,,
,10.48550/arxiv.2005.06787,10.48550/arxiv.2005.06787,,https://openalex.org/W3025214758,Classical Simulation of Quantum Supremacy Circuits,2020,Cupjin Huang; Fang Zhang; Michael Newman; Junjie Cai; Xun Gao; Zhengxiong Tian,arXiv (Cornell University),O3,harvest,L1,0,0,,,,,[title] unrelated to H1-H4,no,,,
,10.5802/crphys.229,10.5802/crphys.229,,https://openalex.org/W4408229118,Classical and quantum algorithms for many-body problems,2025,Thomas Ayral,Comptes Rendus Physique,O6,snowball,L1,0,0,,,,,[title] unrelated to H1-H4,no,,,
,10.1038/s41534-021-00440-z,10.1038/s41534-021-00440-z,,https://openalex.org/W3082481571,Classical variational simulation of the Quantum Approximate Optimization Algorithm,2021,Matija Medvidović; Giuseppe Carleo,npj Quantum Information,O3;O6,snowball,L1,0,0,,,,,[title] unrelated to H1-H4,no,,,
,10.1145/319806.319814,10.1145/319806.319814,,https://openalex.org/W2124221655,Client-server computing in mobile environments,1999,Jing Jin; Sumi Helal; Ahmed K. Elmagarmid,ACM Computing Surveys,O6,harvest,L1,0,0,,,,,[title] unrelated to H1-H4,no,,,
,10.5555/1046920.1088718,10.5555/1046920.1088718,,https://openalex.org/W2145001205,Clustering on the Unit Hypersphere using von Mises-Fisher Distributions,2005,Arindam Banerjee; Inderjit S. Dhillon; Joydeep Ghosh; Suvrit Sra,MPG.PuRe (Max Planck Society),O6,harvest,L1,0,0,,,,,[title] unrelated to H1-H4 [seen_in_round1],no,,,
,10.1109/msp.2008.929297,10.1109/msp.2008.929297,,https://openalex.org/W2147183484,Cognitive MIMO radio,2008,Gesualdo Scutari; Daniel P. Palomar; Sergio Barbarossa,IEEE Signal Processing Magazine,O5,snowball,L1,0,0,,,,,[title] unrelated to H1-H4,no,,,
,10.1088/1361-6633/aaa98a,10.1088/1361-6633/aaa98a,,https://openalex.org/W2785290892,Coherent control of single electrons: a review of current progress,2018,Christopher Bäuerle; D Christian Glattli; Tristan Meunier; Fabien Portier; Patrice Roche; Preden Roulleau,Reports on Progress in Physics,O3,snowball,L1,0,0,,,,,[title] unrelated to H1-H4,no,,,
,10.17848/9781417505937.ch4,10.17848/9781417505937.ch4,,https://openalex.org/W3040890560,Common Value Auctions and the Winner's Curse,2003,John H. Kagel,,O5,harvest,L1,0,0,,,,,[title] unrelated to H1-H4,no,,,
,10.5860/choice.32-2184,10.5860/choice.32-2184,,https://openalex.org/W576792939,Complex numbers and geometry,1994,,Choice Reviews Online,O5,snowball,L1,0,0,,,,,[title] unrelated to H1-H4,no,,,
,10.1090/s0002-9947-05-03742-6,10.1090/s0002-9947-05-03742-6,,https://openalex.org/W2059597507,Complex symmetric operators and applications,2005,Stephan Ramon Garcia; Mihai Putinar,Transactions of the American Mathematical Society,O4,harvest,L1,0,0,,,,,[title] unrelated to H1-H4 [seen_in_round1],no,,,
,10.23919/jsee.2023.000080,10.23919/jsee.2023.000080,,https://openalex.org/W4384518057,Complex systems and network science: a survey,2023,Kewei Yang; Jichao Li; Maidi Liu; Tianyang Lei; Xueming Xu; Hongqian Wu,Journal of Systems Engineering and Electronics,O2,harvest,L1,0,0,,,,,[title] unrelated to H1-H4,no,,,
,10.1016/j.physrep.2023.12.002,10.1016/j.physrep.2023.12.002,,https://openalex.org/W4390102235,Complex systems approach to natural language,2023,Tomasz Stanisz; Stanisław Drożdż; Jarosław Kwapień,Physics Reports,O5,harvest,L1,0,0,,,,,[title] unrelated to H1-H4,no,,,
,10.1613/jair.1.11674,10.1613/jair.1.11674,,https://openalex.org/W3017374003,Compositionality Decomposed: How do Neural Networks Generalise?,2020,Dieuwke Hupkes; Verna Dankers; Mathijs Mul; Elia Bruni,Journal of Artificial Intelligence Research,O1,harvest,L1,0,0,,,,,[title] unrelated to H1-H4,no,,,
,10.48550/arxiv.1908.08351,10.48550/arxiv.1908.08351,,https://openalex.org/W3022131108,Compositionality decomposed: how do neural networks generalise?,2019,Dieuwke Hupkes; Verna Dankers; Mathijs Mul; Elia Bruni,arXiv (Cornell University),O1,harvest,L1,0,0,,,,,[title] unrelated to H1-H4,no,,,
,10.1109/access.2019.2945545,10.1109/access.2019.2945545,,https://openalex.org/W2979040987,Comprehensive Review of Artificial Neural Network Applications to Pattern Recognition,2019,Oludare Isaac Abiodun; Muhammad Ubale Kiru; Aman Jantan; Abiodun Esther Omolara; Kemi Victoria Dada; Abubakar Malah Umar,IEEE Access,O1,harvest,L1,0,0,,,,,[title] unrelated to H1-H4,no,,,
,10.48550/arxiv.2107.11442,10.48550/arxiv.2107.11442,,https://openalex.org/W4287068746,Compressing Neural Networks: Towards Determining the Optimal Layer-wise\n Decomposition,2021,Lucas Liebenwein; Alaa Maalouf; O. Gal; Dan Feldman; Daniela Rus,arXiv (Cornell University),O2,harvest,L1,0,0,,,,,[title] unrelated to H1-H4,no,,,
,10.1145/3487045,10.1145/3487045,,https://openalex.org/W3048823912,Compression of Deep Learning Models for Text: A Survey,2022,Manish Gupta; Puneet Agrawal,ACM Transactions on Knowledge Discovery from Data,O2,harvest,L1,0,0,,,,,[title] unrelated to H1-H4,no,,,
,10.1016/c2009-0-12846-5,10.1016/c2009-0-12846-5,,https://openalex.org/W604393447,Computational Statistical Mechanics,1991,William G. Hoover; William Graham Hoover,Studies in modern thermodynamics,O5,harvest,L1,0,0,,,,,[title] unrelated to H1-H4,no,,,
,10.1103/revmodphys.95.035001,10.1103/revmodphys.95.035001,,https://openalex.org/W4384935381,Computational advantage of quantum random sampling,2023,Dominik Hangleiter; Jens Eisert,Reviews of Modern Physics,O3,snowball,L1,0,0,,,,,[title] unrelated to H1-H4 [seen_in_round1],no,,,
,computationalhapticsthesandpapersystemforsynthesizingtextureforaforcefeedbackdisplay,,,https://openalex.org/W1492906224,Computational haptics: the sandpaper system for synthesizing texture for a force-feedback display,1995,Margaret Minsky; Nicholas Negroponte; Susan J. Lederman,DSpace@MIT (Massachusetts Institute of Technology),O5,harvest,L1,0,0,,,,,[title] unrelated to H1-H4,no,,,
,10.1016/s1570-8659(03)10003-8,10.1016/s1570-8659(03)10003-8,,https://openalex.org/W1459519259,Computational quantum chemistry: A primer,2003,Éric Cancès; Mireille Defranceschi; Werner Kutzelnigg; Claude Le Bris; Yvon Maday,Handbook of numerical analysis,O1,snowball,L1,0,0,,,,,[title] unrelated to H1-H4,no,,,
,10.1016/0378-4754(85)90023-0,10.1016/0378-4754(85)90023-0,,https://openalex.org/W2074068518,Computer methods for the range of functions,1985,,Mathematics and Computers in Simulation,O5,snowball,L1,0,0,,,,,[title] unrelated to H1-H4,no,,,
,10.1088/1126-6708/2004/05/079,10.1088/1126-6708/2004/05/079,,https://openalex.org/W2102624509,Computing Yukawa Couplings from Magnetized Extra Dimensions,2004,D Cremades; L.E Ibanez; F Marchesano,Journal of High Energy Physics,O5,harvest,L1,0,0,,,,,[title] unrelated to H1-H4,no,,,
,10.1093/imanum/22.3.329,10.1093/imanum/22.3.329,,https://openalex.org/W2091560152,Computing the nearest correlation matrix--a problem from finance,2002,Nicholas J. Higham,IMA Journal of Numerical Analysis,O4,harvest,L1,0,0,,,,,[title] unrelated to H1-H4 [seen_in_round1],no,,,
,10.1016/s0024-3795(99)00134-2,10.1016/s0024-3795(99)00134-2,,https://openalex.org/W2054260755,Computing the singular value decomposition with high relative accuracy,1999,James Demmel; Ming Gu; Stanley C. Eisenstat; Ivan Slapničar; Krešimir Veselić; Zlatko Drmač,Linear Algebra and its Applications,O5,harvest,L1,0,0,,,,,[title] unrelated to H1-H4,no,,,
,10.1023/a:1007612920971,10.1023/a:1007612920971,,https://openalex.org/W1790954942,Concept Decompositions for Large Sparse Text Data Using Clustering,2001,Inderjit S. Dhillon; Dharmendra S. Modha,Machine Learning,O6,harvest,L1,0,0,,,,,[title] unrelated to H1-H4 [seen_in_round1],no,,,
,10.1109/tsp.2023.3282705,10.1109/tsp.2023.3282705,,https://openalex.org/W4379931887,Constant-Modulus Waveform Design With Polarization-Adaptive Power Allocation in Polarimetric Radar,2023,Linlong Wu; Xu Cheng; Huiping Huang; Domenico Ciuonzo; Bhavani Shankar; Björn Ottersten,IEEE Transactions on Signal Processing,O5,harvest,L1,0,0,,,,,[title] unrelated to H1-H4,no,,,
,10.1103/physreva.80.022334,10.1103/physreva.80.022334,,https://openalex.org/W2068500008,Constrained optimization of sequentially generated entangled multiqubit states,2009,Hamed Saberi; Andreas Weichselbaum; Lucas Lamata; David Pérez-Garcı́a; Jan von Delft; E. Solano,Physical Review A,O6,snowball,L1,0,0,,,,,[title] unrelated to H1-H4,no,,,
,constraintonthematterantimattersymmetryviolatingphaseinneutrinooscillations,,,https://openalex.org/W3009229510,Constraint on the matter–antimatter symmetry-violating phase in neutrino oscillations,2020,K. Abe; R. Akutsu; A. Ali; C. Alt; C. Andreopoulos; L.H.V. Anthony,Lancaster EPrints (Lancaster University),O6,harvest,L1,0,0,,,,,[title] unrelated to H1-H4,no,,,
,10.1038/s41586-020-2177-0,10.1038/s41586-020-2177-0,,https://openalex.org/W2987881101,Constraint on the matter–antimatter symmetry-violating phase in neutrino oscillations,2020,K. Abe; R. Akutsu; A. Ali; C. Alt; C. Andreopoulos; L. Anthony,Nature,O6,harvest,L1,0,0,,,,,[title] unrelated to H1-H4,no,,,
,10.1088/1126-6708/2001/08/055,10.1088/1126-6708/2001/08/055,,https://openalex.org/W2057871426,Constraints on the minimal supergravity model and prospects for SUSY particle production at future linear e+e− colliders,2001,A. Djouadi; Jean-Loı̈c Kneur; Manuel Drees,Journal of High Energy Physics,O6,harvest,L1,0,0,,,,,[title] unrelated to H1-H4,no,,,
,10.1088/1126-6708/2002/09/011,10.1088/1126-6708/2002/09/011,,https://openalex.org/W2047109056,Constructing the large mixing angle MNS matrix in see-saw models with right-handed neutrino dominance,2002,Stephen F King,Journal of High Energy Physics,O4,harvest,L1,0,0,,,,,[title] unrelated to H1-H4,no,,,
,continuousvariablequantumneuralnetworks,,,https://openalex.org/W3104962094,Continuous-variable quantum neural networks,2018,Nathan Killoran; Thomas R. Bromley; Juan Miguel Arrazola; Maria Schuld; Nicolás Quesada; Seth Lloyd,DSpace@MIT (Massachusetts Institute of Technology),O3,harvest,L1,0,0,,,,,[title] unrelated to H1-H4,no,,,
,10.1103/physrevresearch.1.033063,10.1103/physrevresearch.1.033063,,https://openalex.org/W2808979145,Continuous-variable quantum neural networks,2019,Nathan Killoran; Thomas R. Bromley; Juan Miguel Arrazola; Maria Schuld; Nicolás Quesada; Seth Lloyd,Physical Review Research,O3,harvest,L1,0,0,,,,,[title] unrelated to H1-H4,no,,,
,10.1109/tie.2016.2532842,10.1109/tie.2016.2532842,,https://openalex.org/W2333242453,Contribution-Based Energy-Trading Mechanism in Microgrids for Future Smart Grid: A Game Theoretic Approach,2016,Sangdon Park; Joohyung Lee; Sohee Bae; Ganguk Hwang; Jun Kyun Choi,IEEE Transactions on Industrial Electronics,O5,snowball,L1,0,0,,,,,[title] unrelated to H1-H4,no,,,
,10.1016/j.pnmrs.2024.02.002,10.1016/j.pnmrs.2024.02.002,,https://openalex.org/W4391555986,Controlling NMR spin systems for quantum computation,2024,Jonathan A. Jones,Progress in Nuclear Magnetic Resonance Spectroscopy,O6,snowball,L1,0,0,,,,,[title] unrelated to H1-H4,no,,,
,10.1007/s10208-010-9072-2,10.1007/s10208-010-9072-2,,https://openalex.org/W2049222546,Convergence Rates of Best N-term Galerkin Approximations for a Class of Elliptic sPDEs,2010,Albert Cohen; Ronald DeVore; Christoph Schwab,Foundations of Computational Mathematics,O1,snowball,L1,0,0,,,,,[title] unrelated to H1-H4,no,,,
,10.1109/comst.2020.2970550,10.1109/comst.2020.2970550,,https://openalex.org/W2962814013,Convergence of Edge Computing and Deep Learning: A Comprehensive Survey,2020,Xiaofei Wang; Yiwen Han; Victor C. M. Leung; Dusit Niyato; Xueqiang Yan; Xu Chen,IEEE Communications Surveys & Tutorials,O2,harvest,L1,0,0,,,,,[title] unrelated to H1-H4,no,,,
,10.48550/arxiv.1004.0095,10.48550/arxiv.1004.0095,,https://openalex.org/W2963858059,Convergence of a greedy algorithm for high-dimensional convex nonlinear\n problems,2010,Éric Cancès; Virginie Ehrlacher; Tony Lelièvre,arXiv (Cornell University),O1,snowball,L1,0,0,,,,,[title] unrelated to H1-H4,no,,,
,10.1109/tsp.2005.859241,10.1109/tsp.2005.859241,,https://openalex.org/W2045859906,Convex primal decomposition for multicarrier linear MIMO transceivers,2005,Daniel P. Palomar,IEEE Transactions on Signal Processing,O5,snowball,L1,0,0,,,,,[title] unrelated to H1-H4,no,,,
,10.1109/icassp.2019.8682318,10.1109/icassp.2019.8682318,,https://openalex.org/W2937855996,Convexity-edge-preserving Signal Recovery with Linearly Involved Generalized Minimax Concave Penalty Function,2019,Jiro Abe; Masao Yamagishi; Isao Yamada,,O4,snowball,L1,0,0,,,,,[title] unrelated to H1-H4,no,,,
,10.1017/jfm.2021.812,10.1017/jfm.2021.812,,https://openalex.org/W3206302539,Convolutional-network models to predict wall-bounded turbulence from wall quantities,2021,Luca Guastoni; Alejandro Güemes; Andrea Ianiro; Stefano Discetti; Philipp Schlatter; Hossein Azizpour,Journal of Fluid Mechanics,O4,harvest,L1,0,0,,,,,[title] unrelated to H1-H4,no,,,
,10.1007/s00023-021-01087-4,10.1007/s00023-021-01087-4,,https://openalex.org/W2955324501,Correlation Length in Random MPS and PEPS,2021,Cécilia Lancien; David Pérez-Garcı́a,Annales Henri Poincaré,O1,snowball,L1,0,0,,,,,[title] unrelated to H1-H4,no,,,
,10.1016/s0370-1573(03)00120-0,10.1016/s0370-1573(03)00120-0,,https://openalex.org/W1980458704,Cosmological constant—the weight of the vacuum,2003,T Padmanabhan,Physics Reports,O5,harvest,L1,0,0,,,,,[title] unrelated to H1-H4,no,,,
,10.1088/1367-2630/aa65bc,10.1088/1367-2630/aa65bc,,https://openalex.org/W2570016612,Critical phenomena and Kibble–Zurek scaling in the long-range quantum Ising chain,2017,Daniel Jaschke; Kenji Maeda; J. D. Whalen; Michael L. Wall; Lincoln D. Carr,New Journal of Physics,O1,harvest,L1,0,0,,,,,[title] unrelated to H1-H4,no,,,
,10.1016/0024-3795(93)00070-g,10.1016/0024-3795(93)00070-g,,https://openalex.org/W2019209419,Critical points of matrix least squares distance functions,1995,Uwe Helmke; Mark A. Shayman,Linear Algebra and its Applications,O1,snowball,L1,0,0,,,,,[title] unrelated to H1-H4,no,,,
,10.1007/bf03323019,10.1007/bf03323019,,https://openalex.org/W2054672863,Curvatures and Tolerances in the Euclidean Motion Group,2005,Hans-Peter Schröcker; Johannes Wallner,Results in Mathematics,O5,snowball,L1,0,0,,,,,[title] unrelated to H1-H4,no,,,
,curvesandsingularities,,,https://openalex.org/W3174974282,Curves and Singularities,1984,J. W. Bruce; Peter Giblin,,O5,snowball,L1,0,0,,,,,[title] unrelated to H1-H4,no,,,
,10.1016/b978-0-12-460510-7.50022-7,10.1016/b978-0-12-460510-7.50022-7,,https://openalex.org/W95422893,Curves and Surfaces in Geometrical Optics,1992,Rida T. Farouki; Jean–Claude A. Chastang,Elsevier eBooks,O5,snowball,L1,0,0,,,,,[title] unrelated to H1-H4,no,,,
,10.1038/s41598-024-75964-3,10.1038/s41598-024-75964-3,,https://openalex.org/W4403691923,CystNet: An AI driven model for PCOS detection using multilevel thresholding of ultrasound images,2024,Poonam Moral; Debjani Mustafi; Abhijit Mustafi; Sudip Kumar Sahana,Scientific Reports,O2,harvest,L1,0,0,,,,,[title] unrelated to H1-H4,no,,,
,10.1109/tsp.2013.2293126,10.1109/tsp.2013.2293126,,https://openalex.org/W1974661392,Decomposition by Partial Linearization: Parallel Optimization of Multi-Agent Systems,2014,Gesualdo Scutari; Francisco Facchinei; Peiran Song; Daniel P. Palomar; Jong‐Shi Pang,IEEE Transactions on Signal Processing,O5,snowball,L1,0,0,,,,,[title] unrelated to H1-H4,no,,,
,10.18452/16704,10.18452/16704,,https://openalex.org/W2611709461,Decomposition in multistage stochastic programming and a constraint integer programming approach to mixed-integer nonlinear programming,2013,Stefan Vigerske,edoc Publication server (Humboldt University of Berlin),O5,harvest,L1,0,0,,,,,[title] unrelated to H1-H4,no,,,
,10.1103/physrevresearch.2.023068,10.1103/physrevresearch.2.023068,,https://openalex.org/W2944878488,Dedalus: A flexible framework for numerical simulations with spectral methods,2020,Keaton J. Burns; Geoffrey M. Vasil; Jeffrey S. Oishi; Daniel Lecoanet; Benjamin P. Brown,Physical Review Research,O1,harvest,L1,0,0,,,,,[title] unrelated to H1-H4,no,,,
,10.52339/tjet.v42i2.853,10.52339/tjet.v42i2.853,,https://openalex.org/W4383068555,"Deep Learning Model Compression Techniques: Advances, Opportunities, and Perspective",2023,Hubert Msuya; Baraka Maiseli,Tanzania Journal of Engineering and Technology,O2,harvest,L1,0,0,,,,,[title] unrelated to H1-H4,no,,,
,10.3390/s19194188,10.3390/s19194188,,https://openalex.org/W2976081675,Deep Learning on Point Clouds and Its Application: A Survey,2019,Weiping Liu; Jia Sun; Wanyi Li; Ting Hu; Peng Wang,Sensors,O1,harvest,L1,0,0,,,,,[title] unrelated to H1-H4,no,,,
,10.36227/techrxiv.14672643,10.36227/techrxiv.14672643,,https://openalex.org/W4234230440,Deep Reinforcement Learning for Radio Resource Allocation and Management in Next Generation Heterogeneous Wireless Networks: A Survey,2021,Abdulmalik Alwarafy; Mohamed Abdallah; Bekir Sait Çiftler; Ala Al‐Fuqaha; Mounir Hamdi,,O2,harvest,L1,0,0,,,,,[abs] unrelated to H1-H4,no,,,
,10.1007/s10462-023-10466-8,10.1007/s10462-023-10466-8,,https://openalex.org/W4366091323,"Deep learning modelling techniques: current progress, applications, advantages, and challenges",2023,Shams Forruque Ahmed; Md. Sakib Bin Alam; Maruf Hassan; Mahtabin Rodela Rozbu; Taoseef Ishtiak; Nazifa Rafa,Artificial Intelligence Review,O1,harvest,L1,0,0,,,,,[title] unrelated to H1-H4,no,,,
,10.1109/tmi.2013.2265603,10.1109/tmi.2013.2265603,,https://openalex.org/W2115167851,Deformable Medical Image Registration: A Survey,2013,Aristeidis Sotiras; Christos Davatzikos; Nikos Paragios,IEEE Transactions on Medical Imaging,O2,harvest,L1,0,0,,,,,[title] unrelated to H1-H4,no,,,
,10.1109/tsg.2014.2303096,10.1109/tsg.2014.2303096,,https://openalex.org/W2020695226,Demand-Side Bidding Strategy for Residential Energy Management in a Smart Grid Environment,2014,Christopher O. Adika; Lingfeng Wang,IEEE Transactions on Smart Grid,O5,snowball,L1,0,0,,,,,[title] unrelated to H1-H4,no,,,
,10.48550/arxiv.2301.13339,10.48550/arxiv.2301.13339,,https://openalex.org/W4318903119,Denoising Convolution Algorithms and Applications to SAR Signal Processing,2023,Alina Chertock; Chris Leonard; Semyon Tsynkov; Sergey Utyuzhnikov,arXiv (Cornell University),O2,harvest,L1,0,0,,,,,[title] unrelated to H1-H4,no,,,
,10.3934/cac.2023008,10.3934/cac.2023008,,https://openalex.org/W4365802576,Denoising convolution algorithms and applications to SAR signal processing,2023,Alina Chertock; Chris Leonard; Semyon Tsynkov; Sergey Utyuzhnikov,Communications on Analysis and Computation,O2,harvest,L1,0,0,,,,,[title] unrelated to H1-H4,no,,,
,10.1109/tsp.2010.2043138,10.1109/tsp.2010.2043138,,https://openalex.org/W2146914418,Design of Cognitive Radio Systems Under Temperature-Interference Constraints: A Variational Inequality Approach,2010,Jong‐Shi Pang; Gesualdo Scutari; Daniel P. Palomar; Francisco Facchinei,IEEE Transactions on Signal Processing,O5,snowball,L1,0,0,,,,,[title] unrelated to H1-H4,no,,,
,10.1146/annurev-fluid-031821-104935,10.1146/annurev-fluid-031821-104935,,https://openalex.org/W3109984751,Designing Complex Fluids,2021,Randy H. Ewoldt; Chaimongkol Saengow,Annual Review of Fluid Mechanics,O5,harvest,L1,0,0,,,,,[title] unrelated to H1-H4,no,,,
,10.1371/journal.pbio.1000157,10.1371/journal.pbio.1000157,,https://openalex.org/W2101400241,Development of Large-Scale Functional Brain Networks in Children,2009,Kaustubh Supekar; Mark A. Musen; Vinod Menon,PLoS Biology,O2,harvest,L1,0,0,,,,,[title] unrelated to H1-H4,no,,,
,10.1016/j.xcrp.2021.100359,10.1016/j.xcrp.2021.100359,,https://openalex.org/W3135881192,Development of robust neural-network interatomic potential for molten salt,2021,Qing‐Jie Li; Emine Küçükbenli; Stephen Lam; Boris Khaykovich; Efthimios Kaxiras; Ju Li,Cell Reports Physical Science,O2,harvest,L1,0,0,,,,,[title] unrelated to H1-H4,no,,,
,10.1063/1.531667,10.1063/1.531667,,https://openalex.org/W2036707841,"Diagrammatic method of integration over the unitary group, with applications to quantum transport in mesoscopic systems",1996,Piet W. Brouwer; C. W. J. Beenakker,Journal of Mathematical Physics,O6,snowball,L1,0,0,,,,,[title] unrelated to H1-H4,no,,,
,10.1137/070696325,10.1137/070696325,,https://openalex.org/W1987236926,"Diffusion Maps, Reduction Coordinates, and Low Dimensional Representation of Stochastic Systems",2008,Ronald R. Coifman; Ioannis G. Kevrekidis; Stéphane Lafon; Mauro Maggioni; Boaz Nadler,Multiscale Modeling and Simulation,O1,snowball,L1,0,0,,,,,[title] unrelated to H1-H4,no,,,
,10.1002/j.1538-7305.1985.tb00269.x,10.1002/j.1538-7305.1985.tb00269.x,,https://openalex.org/W2051742223,Digital Transmission Over Cross-Coupled Linear Channels,1985,J. Salz,AT&T Technical Journal,O5,snowball,L1,0,0,,,,,[title] unrelated to H1-H4,no,,,
,10.1146/annurev-fluid-010518-040401,10.1146/annurev-fluid-010518-040401,,https://openalex.org/W2892166862,Direct Numerical Simulation of Turbulent Flows Laden with Droplets or Bubbles,2018,S. Elghobashi,Annual Review of Fluid Mechanics,O4,harvest,L1,0,0,,,,,[title] unrelated to H1-H4,no,,,
,10.1016/s0167-8396(98)00016-8,10.1016/s0167-8396(98)00016-8,,https://openalex.org/W2054475613,Disk Bézier curves,1998,Qun Lin; Jon Rokne,Computer Aided Geometric Design,O5,snowball,L1,0,0,,,,,[title] unrelated to H1-H4,no,,,
,10.3389/fnsys.2010.00147,10.3389/fnsys.2010.00147,,https://openalex.org/W2084009541,Disrupted Modularity and Local Connectivity of Brain Functional Networks in Childhood-Onset Schizophrenia,2010,Aaron Alexander‐Bloch; Nitin Gogtay; David Meunier; Rasmus M. Birn; Liv Clasen; François Lalonde,Frontiers in Systems Neuroscience,O2,harvest,L1,0,0,,,,,[title] unrelated to H1-H4,no,,,
,10.1109/tit.2008.926399,10.1109/tit.2008.926399,,https://openalex.org/W2166977026,Distributed Power Allocation With Rate Constraints in Gaussian Parallel Interference Channels,2008,Jong‐Shi Pang; Gesualdo Scutari; Francisco Facchinei; Chaoxiong Wang,IEEE Transactions on Information Theory,O5,snowball,L1,0,0,,,,,[abs] unrelated to H1-H4,no,,,
,10.1109/tcomm.2015.2468215,10.1109/tcomm.2015.2468215,,https://openalex.org/W1908714026,Distributed and Optimal Resource Allocation for Power Beacon-Assisted Wireless-Powered Communications,2015,Yuanye Ma; He Chen; Zihuai Lin; Yonghui Li; Branka Vucetic,IEEE Transactions on Communications,O5,snowball,L1,0,0,,,,,[abs] unrelated to H1-H4,no,,,
,10.1109/tcomm.2014.2382095,10.1109/tcomm.2014.2382095,,https://openalex.org/W2051696221,Downlink Power Control in Two-Tier Cellular OFDMA Networks Under Uncertainties: A Robust Stackelberg Game,2014,Kun Zhu; Ekram Hossain; Alagan Anpalagan,IEEE Transactions on Communications,O5,snowball,L1,0,0,,,,,[title] unrelated to H1-H4,no,,,
,10.3390/mi15070809,10.3390/mi15070809,,https://openalex.org/W4399906819,"Dual Features, Compact Dimensions and X-Band Applications for the Design and Fabrication of Annular Circular Ring-Based Crescent-Moon-Shaped Microstrip Patch Antenna",2024,Unal Aras; Tahesin Samira Delwar; P. Durgaprasadarao; P. Syam Sundar; Shaik Hasane Ahammad; Mahmoud M. A. Eid,Micromachines,O5,harvest,L1,0,0,,,,,[title] unrelated to H1-H4,no,,,
,10.1109/comst.2018.2861361,10.1109/comst.2018.2861361,,https://openalex.org/W2889130258,Duality of Quantum and Classical Error Correction Codes: Design Principles and Examples,2019,Zunaira Babar; Daryus Chandra; Hung Viet Nguyen; Panagiotis Botsinis; Dimitrios Alanis; Soon Xin Ng,IEEE Communications Surveys & Tutorials,O6,harvest,L1,0,0,,,,,[title] unrelated to H1-H4,no,,,
,10.1007/s11228-010-0147-7,10.1007/s11228-010-0147-7,,https://openalex.org/W2118429861,Dualization of Signal Recovery Problems,2010,Patrick L. Combettes; Ðinh Dũng; Bằng Công Vũ,Set-Valued and Variational Analysis,O4,snowball,L1,0,0,,,,,[title] unrelated to H1-H4,no,,,
,10.1109/tac.2017.2672902,10.1109/tac.2017.2672902,,https://openalex.org/W2591158312,Dynamic Control of Agents Playing Aggregative Games With Coupling Constraints,2017,Sergio Grammatico,IEEE Transactions on Automatic Control,O4,snowball,L1,0,0,,,,,[title] unrelated to H1-H4,no,,,
,10.1109/tmc.2021.3115262,10.1109/tmc.2021.3115262,,https://openalex.org/W3201972262,Dynamic Task Scheduling in Cloud-Assisted Mobile Edge Computing,2021,Xiao Ma; Ao Zhou; Shan Zhang; Qing Li; Alex X. Liu; Shangguang Wang,IEEE Transactions on Mobile Computing,O5,snowball,L1,0,0,,,,,[abs] unrelated to H1-H4,no,,,
,10.1038/s41467-022-29939-5,10.1038/s41467-022-29939-5,,https://openalex.org/W4225405705,E(3)-equivariant graph neural networks for data-efficient and accurate interatomic potentials,2022,Simon Batzner; Albert Musaelian; Lixin Sun; Mario Geiger; Jonathan P. Mailoa; Mordechai Kornbluth,Nature Communications,O2,harvest,L1,0,0,,,,,[title] unrelated to H1-H4,no,,,
,10.1029/eo056i011p00838,10.1029/eo056i011p00838,,https://openalex.org/W4231375884,Earthquake research in China,1975,Anonymous,Eos,O2,harvest,L1,0,0,,,,,[title] unrelated to H1-H4,no,,,
,10.1109/jproc.2022.3226481,10.1109/jproc.2022.3226481,,https://openalex.org/W4312910656,Efficient Acceleration of Deep Learning Inference on Resource-Constrained Edge Devices: A Review,2022,Md Maruf Hossain Shuvo; Syed K. Islam; Jianlin Cheng; Bashir I. Morshed,Proceedings of the IEEE,O2,harvest,L1,0,0,,,,,[title] unrelated to H1-H4,no,,,
,10.1109/tvt.2017.2743058,10.1109/tvt.2017.2743058,,https://openalex.org/W2748476900,Efficient Resource Allocation in Device-to-Device Communication Using Cognitive Radio Technology,2017,Ajmery Sultana; Lian Zhao; Xavier Fernando,IEEE Transactions on Vehicular Technology,O5,snowball,L1,0,0,,,,,[abs] unrelated to H1-H4,no,,,
,10.1103/prxquantum.4.040326,10.1103/prxquantum.4.040326,,https://openalex.org/W4388696632,Efficient Sampling of Noisy Shallow Circuits Via Monitored Unraveling,2023,Zihan Cheng; Matteo Ippoliti,PRX Quantum,O6,snowball,L1,0,0,,,,,[title] unrelated to H1-H4,no,,,
,10.1007/s11633-022-1340-5,10.1007/s11633-022-1340-5,,https://openalex.org/W3197735931,Efficient Visual Recognition: A Survey on Recent Advances and Brain-inspired Methodologies,2022,Yang Wu; Dingheng Wang; Xiaotong Lu; Fan Yang; Man Yao; Weisheng Dong,Machine Intelligence Research,O1,harvest,L1,0,0,,,,,[title] unrelated to H1-H4,no,,,
,10.1038/ncomms1147,10.1038/ncomms1147,,https://openalex.org/W1971384536,Efficient quantum state tomography,2010,M. Cramer; Martin B. Plenio; Steven T. Flammia; Rolando D. Somma; David Groß; Stephen D. Bartlett,Nature Communications,O3,harvest,L1,0,0,,,,,[title] unrelated to H1-H4,no,,,
,10.1109/tvt.2002.807223,10.1109/tvt.2002.807223,,https://openalex.org/W2107608103,Efficient signaling schemes for wideband space-time wireless channels using channel state information,2003,E.N. Onggosanusi; A.M. Sayeed; B.D. Van Veen,IEEE Transactions on Vehicular Technology,O5,snowball,L1,0,0,,,,,[title] unrelated to H1-H4,no,,,
,10.18725/oparu-3293,10.18725/oparu-3293,,https://openalex.org/W2460168776,Efficient system identification and characterization for quantum many-body systems,2014,Tillmann Baumgratz,OPen Access Repositorium der Universität Ulm (OPARU) (Ulm University),O3,harvest,L1,0,0,,,,,[title] unrelated to H1-H4,no,,,
,10.1002/0471200611,10.1002/0471200611,,https://openalex.org/W2099111195,Elements of Information Theory,2001,Thomas M. Cover; Joy A. Thomas,,O5,snowball,L1,0,0,,,,,[title] unrelated to H1-H4,no,,,
,10.1002/047174882x,10.1002/047174882x,,https://openalex.org/W2478708596,Elements of Information Theory,2005,Thomas M. Cover; Joy A. Thomas,,O5,snowball,L1,0,0,,,,,[title] unrelated to H1-H4,no,,,
,10.1073/pnas.1619152114,10.1073/pnas.1619152114,,https://openalex.org/W2349487082,Elucidating reaction mechanisms on quantum computers,2017,Markus Reiher; Nathan Wiebe; Krysta M. Svore; Dave Wecker; Matthias Troyer,Proceedings of the National Academy of Sciences,O6,snowball,L1,0,0,,,,,[title] unrelated to H1-H4,no,,,
,10.1145/3637841,10.1145/3637841,,https://openalex.org/W4389785536,Embedding Compression in Recommender Systems: A Survey,2023,Shiwei Li; Huifeng Guo; Xing Tang; Ruiming Tang; Lu Hou; Ruixuan Li,ACM Computing Surveys,O2,harvest,L1,0,0,,,,,[title] unrelated to H1-H4,no,,,
,10.1103/physreva.105.052404,10.1103/physreva.105.052404,,https://openalex.org/W3212713369,Embedding classical dynamics in a quantum computer,2022,Dimitrios Giannakis; A. Ourmazd; Philipp Pfeffer; Jörg Schumacher; Joanna Sławińska,Physical Review A,O3,snowball,L1,0,0,,,,,[title] unrelated to H1-H4,no,,,
,10.1088/1367-2630/11/5/055027,10.1088/1367-2630/11/5/055027,,https://openalex.org/W2059075207,Emergent timescales in entangled quantum dynamics of ultracold molecules in optical lattices,2009,Michael L. Wall; Lincoln D. Carr,New Journal of Physics,O3,harvest,L1,0,0,,,,,[title] unrelated to H1-H4,no,,,
,10.1017/9781009180412.003,10.1017/9781009180412.003,,https://openalex.org/W3205236392,Emerging Directions in Geophysical Inversion,2023,A. P. Valentine; Malcolm Sambridge,Cambridge University Press eBooks,O1,harvest,L1,0,0,,,,,[title] unrelated to H1-H4,no,,,
,10.1175/2009jcli3062.1,10.1175/2009jcli3062.1,,https://openalex.org/W2022831624,Empirical Orthogonal Functions: The Medium is the Message,2009,Adam H. Monahan; John C. Fyfe; Maarten H. P. Ambaum; David B. Stephenson; Gerald R. North,Journal of Climate,O4,harvest,L1,0,0,,,,,[title] unrelated to H1-H4,no,,,
,10.3390/rs11111382,10.3390/rs11111382,,https://openalex.org/W2951991161,End-to-End Change Detection for High Resolution Satellite Images Using Improved UNet++,2019,Daifeng Peng; Yongjun Zhang; Haiyan Guan,Remote Sensing,O2,harvest,L1,0,0,,,,,[title] unrelated to H1-H4,no,,,
,10.1109/jsac.2015.2391531,10.1109/jsac.2015.2391531,,https://openalex.org/W1969461599,Energy Harvesting Wireless Communications: A Review of Recent Advances,2015,Sennur Ulukus; Aylin Yener; Elza Erkip; Osvaldo Simeone; Michele Zorzi; Pulkit Grover,IEEE Journal on Selected Areas in Communications,O5,harvest,L1,0,0,,,,,[title] unrelated to H1-H4,no,,,
,10.4230/lipics.giscience.2025.3,10.4230/lipics.giscience.2025.3,,https://openalex.org/W4401306886,Enriching Location Representation with Detailed Semantic Information,2024,"Grattafiori, Aaron; Dubey, Abhimanyu; Jauhri, Abhinav; Pandey, Abhinav; Kadian, Abhishek; Al-Dahle, Ahmad",arXiv (Cornell University),O2,harvest,L1,0,0,,,,,[title] unrelated to H1-H4,no,,,
,10.48550/arxiv.1606.01327,10.48550/arxiv.1606.01327,,https://openalex.org/W2950969520,Envelope Functions: Unifications and Further Properties,2016,Pontus Giselsson; Mattias Fält,arXiv (Cornell University),O4,harvest,L1,0,0,,,,,[abs] unrelated to H1-H4,no,,,
,10.1007/s10957-018-1328-z,10.1007/s10957-018-1328-z,,https://openalex.org/W2605348669,Envelope Functions: Unifications and Further Properties,2018,Pontus Giselsson; Mattias Fält,Journal of Optimization Theory and Applications,O4,harvest,L1,0,0,,,,,[title] unrelated to H1-H4,no,,,
,10.1103/physreve.69.066138,10.1103/physreve.69.066138,,https://openalex.org/W2092939357,Estimating mutual information,2004,Alexander Kraskov; Harald Stögbauer; Peter Grassberger,Physical Review E,O4,harvest,L1,0,0,,,,,[title] unrelated to H1-H4 [seen_in_round1],no,,,
,10.1103/physreva.104.022403,10.1103/physreva.104.022403,,https://openalex.org/W3097694950,Evaluating the noise resilience of variational quantum algorithms,2021,Enrico Fontana; Nathan Fitzpatrick; David Muñoz Ramo; Ross Duncan; Ivan Rungger,Physical Review A,O3,snowball,L1,0,0,,,,,[title] unrelated to H1-H4,no,,,
,10.1038/s41586-023-06096-3,10.1038/s41586-023-06096-3,,https://openalex.org/W4380627387,Evidence for the utility of quantum computing before fault tolerance,2023,Young‐Seok Kim; Andrew Eddins; Sajant Anand; Ken Xuan Wei; E. van den Berg; Sami Rosenblatt,Nature,O6,snowball,L1,0,0,,,,,[title] unrelated to H1-H4,no,,,
,10.1103/physrevb.107.214203,10.1103/physrevb.107.214203,,https://openalex.org/W4381489751,Evolution of many-body systems under ancilla quantum measurements,2023,Elmer V. H. Doggen; Yuval Gefen; I. V. Gornyi; A. D. Mirlin; D. G. Polyakov,Physical review. B./Physical review. B,O3,snowball,L1,0,0,,,,,[abs] unrelated to H1-H4,no,,,
,10.1090/s0273-0979-06-01126-8,10.1090/s0273-0979-06-01126-8,,https://openalex.org/W2018047324,Expander graphs and their applications,2006,Shlomo Hoory; Nathan Linial; Avi Wigderson,Bulletin of the American Mathematical Society,O5,harvest,L1,0,0,,,,,[title] unrelated to H1-H4,no,,,
,10.1364/oe.26.027201,10.1364/oe.26.027201,,https://openalex.org/W2894677179,Experimental demonstration of a directionally-unbiased linear-optical multiport,2018,Shuto Osawa; David S. Simon; Alexander V. Sergienko,Optics Express,O1,snowball,L1,0,0,,,,,[title] unrelated to H1-H4,no,,,
,10.1103/physreva.100.010302,10.1103/physreva.100.010302,,https://openalex.org/W2966171903,Experimental error mitigation via symmetry verification in a variational quantum eigensolver,2019,Ramiro Sagastizabal; Xavier Bonet-Monroig; Meenakshi Singh; M. A. Rol; Cornelis Christiaan Bultink; Xiang Fu,Physical Review A,O3,harvest,L1,0,0,,,,,[title] unrelated to H1-H4,no,,,
,10.1109/jproc.2021.3060483,10.1109/jproc.2021.3060483,,https://openalex.org/W3132191748,Explaining Deep Neural Networks and Beyond: A Review of Methods and Applications,2021,Wojciech Samek; Grégoire Montavon; Sebastian Lapuschkin; Christopher J. Anders; Klaus‐Robert Müller,Proceedings of the IEEE,O1,harvest,L1,0,0,,,,,[title] unrelated to H1-H4 [seen_in_round1],no,,,
,explorandoopapeldaconectividadeentrequbitsparaaexpressibilidadeeemaranhamentoemarquiteturasdecircuitosqunticosparametriz,,,https://openalex.org/W7120776205,Explorando o papel da conectividade entre qubits para a expressibilidade e emaranhamento em arquiteturas de circuitos quânticos parametrizados,2024,Guilherme Ilário Correr,LA Referencia (Red Federada de Repositorios Institucionales de Publicaciones Científicas),O6,harvest,L1,0,0,,,,,[title] unrelated to H1-H4,no,,,
,10.48550/arxiv.2506.04380,10.48550/arxiv.2506.04380,,https://openalex.org/W4416131859,Exponential distillation of dominant eigenproperties,2025,Bence Bakó; Tenzan Araki; Bálint Koczor,arXiv (Cornell University),O3,harvest,L1,0,0,,,,,[title] unrelated to H1-H4,no,,,
,10.1002/wcms.1493,10.1002/wcms.1493,,https://openalex.org/W3048565185,Extended tight‐binding quantum chemistry methods,2020,Christoph Bannwarth; Eike Caldeweyher; Sebastian Ehlert; Andreas Hansen; Philipp Pracht; Jakob Seibert,Wiley Interdisciplinary Reviews Computational Molecular Science,O5,harvest,L1,0,0,,,,,[title] unrelated to H1-H4,no,,,
,10.1215/s0012-7094-96-08310-6,10.1215/s0012-7094-96-08310-6,,https://openalex.org/W1609757298,Extremal length estimates and product regions in Teichmüller space,1996,Yair N. Minsky,Duke Mathematical Journal,O4,harvest,L1,0,0,,,,,[title] unrelated to H1-H4 [seen_in_round1],no,,,
,10.1103/physrevd.85.122006,10.1103/physrevd.85.122006,,https://openalex.org/W2051539854,FINDCHIRP: An algorithm for detection of gravitational waves from inspiraling compact binaries,2012,B. Allen; W. G. Anderson; P. R. Brady; D. Brown; J. D. E. Creighton,"Physical review. D. Particles, fields, gravitation, and cosmology/Physical review. D. Particles and fields",O5,harvest,L1,0,0,,,,,[title] unrelated to H1-H4,no,,,
,10.1146/annurev-control-061520-010504,10.1146/annurev-control-061520-010504,,https://openalex.org/W3118408399,Factor Graphs: Exploiting Structure in Robotics,2021,Frank Dellaert,Annual Review of Control Robotics and Autonomous Systems,O5,harvest,L1,0,0,,,,,[title] unrelated to H1-H4,no,,,
,10.1287/moor.2023.0186,10.1287/moor.2023.0186,,https://openalex.org/W4403453300,Fast Convex Optimization via Time Scale and Averaging of the Steepest Descent,2024,Hédy Attouch; Radu Ioan Boţ; Dang‐Khoa Nguyen,Mathematics of Operations Research,O4,snowball,L1,0,0,,,,,[title] unrelated to H1-H4,no,,,
,10.1088/0029-5515/54/5/054006,10.1088/0029-5515/54/5/054006,,https://openalex.org/W2010968819,Fast ignition with laser-driven proton and ion beams,2014,J. C. Fernández; B. J. Albright; F. N. Beg; Mark Foord; B. M. Hegelich; J. J. Honrubia,Nuclear Fusion,O5,harvest,L1,0,0,,,,,[title] unrelated to H1-H4,no,,,
,10.1126/sciadv.adl4895,10.1126/sciadv.adl4895,,https://openalex.org/W4398782543,Feedback between stochastic gene networks and population dynamics enables cellular decision-making,2024,Paul Piho; Philipp Thomas,Science Advances,O1,harvest,L1,0,0,,,,,[title] unrelated to H1-H4,no,,,
,10.1109/18.761338,10.1109/18.761338,,https://openalex.org/W2080768413,Filterbank transceivers optimizing information rate in block transmissions over dispersive channels,1999,Anna Scaglione; Sergio Barbarossa; Georgios B. Giannakis,IEEE Transactions on Information Theory,O5,snowball,L1,0,0,,,,,[title] unrelated to H1-H4,no,,,
,10.1201/9781003597988,10.1201/9781003597988,,https://openalex.org/W2515103998,Finite Element Methods for Eigenvalue Problems,2016,Jiguang Sun; Aihui Zhou,,O4,harvest,L1,0,0,,,,,[title] unrelated to H1-H4,no,,,
,10.1007/978-3-030-56341-7,10.1007/978-3-030-56341-7,,https://openalex.org/W3129604430,Finite Elements I: Approximation and Interpolation,2020,Alexandre Ern; Jean‐Luc Guermond,HAL (Le Centre pour la Communication Scientifique Directe),O4,harvest,L1,0,0,,,,,[title] unrelated to H1-H4,no,,,
,10.1016/j.physletb.2019.05.034,10.1016/j.physletb.2019.05.034,,https://openalex.org/W2908294955,Finite modular subgroups for fermion mass matrices and baryon/lepton number violation,2019,Tatsuo Kobayashi; Yusuke Shimizu; Kenta Takagi; Morimitsu Tanimoto; Takuya H. Tatsuishi; Hikaru Uchida,Physics Letters B,O4,harvest,L1,0,0,,,,,[title] unrelated to H1-H4,no,,,
,finiteorderautomorphismsofhiggsbundlestheoryandapplication,,,https://openalex.org/W2608366689,Finite order automorphisms of Higgs bundles: theory and application,2016,B. Collier,Illinois Digital Environment for Access to Learning and Scholarship (University of Illinois at Urbana-Champaign),O4,harvest,L1,0,0,,,,,[title] unrelated to H1-H4,no,,,
,10.1007/bf02099178,10.1007/bf02099178,,https://openalex.org/W2074426935,Finitely correlated states on quantum spin chains,1992,M. Fannes; Bruno Nachtergaele; Reinhard F. Werner,Communications in Mathematical Physics,O1,snowball,L1,0,0,,,,,[title] unrelated to H1-H4 [seen_in_round1],no,,,
,10.3847/2041-8213/ab1141,10.3847/2041-8213/ab1141,,https://openalex.org/W2936095933,First M87 Event Horizon Telescope Results. VI. The Shadow and Mass of the Central Black Hole,2019,Kazunori Akiyama; A. Alberdi; W. Alef; Keiichi Asada; Rebecca Azulay; Anne-Kathrin Baczko,The Astrophysical Journal Letters,O5,harvest,L1,0,0,,,,,[title] unrelated to H1-H4,no,,,
,10.1088/0953-8984/14/11/301,10.1088/0953-8984/14/11/301,,https://openalex.org/W2166244948,"First-principles simulation: ideas, illustrations and the CASTEP code",2002,Matthew Segall; Philip J. D. Lindan; Matt Probert; Chris J. Pickard; P. J. Hasnip; Stewart J. Clark,Journal of Physics Condensed Matter,O4,harvest,L1,0,0,,,,,[title] unrelated to H1-H4 [seen_in_round1],no,,,
,10.1109/tsp.2021.3069677,10.1109/tsp.2021.3069677,,https://openalex.org/W3047002475,Fixed Point Strategies in Data Science,2021,Patrick L. Combettes; Jean‐Christophe Pesquet,IEEE Transactions on Signal Processing,O4,snowball,L1,0,0,,,,,[title] unrelated to H1-H4,no,,,
,10.1016/j.physrep.2010.05.003,10.1016/j.physrep.2010.05.003,,https://openalex.org/W2115670636,Flavor physics in the quark sector,2010,M. Antonelli; D. M. Asner; D. Bauer; Thomas Becher; Μ. Beneke; A. J. Bevan,Physics Reports,O4,harvest,L1,0,0,,,,,[title] unrelated to H1-H4,no,,,
,10.1109/msp.2009.933446,10.1109/msp.2009.933446,,https://openalex.org/W2135660060,Flexible design of cognitive radio wireless systems,2009,Gesualdo Scutari; Daniel P. Palomar; Jong‐Shi Pang; Francisco Facchinei,IEEE Signal Processing Magazine,O5,snowball,L1,0,0,,,,,[title] unrelated to H1-H4,no,,,
,foundationsoftheparafacproceduremodelsandconditionsforanexplanatorymultimodelfactoranalysis,,,https://openalex.org/W2121739212,"Foundations of the PARAFAC procedure: Models and conditions for an ""explanatory"" multi-model factor analysis",1970,Richard A. Harshman,,O1,snowball,L1,0,0,,,,,[title] unrelated to H1-H4,no,,,
,10.1103/physreva.108.032406,10.1103/physreva.108.032406,,https://openalex.org/W4386476372,Fourier expansion in variational quantum algorithms,2023,Nikita A. Nemkov; Evgeniy O. Kiktenko; Aleksey K. Fedorov,Physical Review A,O3,snowball,L1,0,0,,,,,[title] unrelated to H1-H4,no,,,
,10.1109/twc.2012.060412.111829,10.1109/twc.2012.060412.111829,,https://openalex.org/W2096380022,Framework for Link-Level Energy Efficiency Optimization with Informed Transmitter,2012,Christian Isheden; Zhijiat Chong; Eduard A. Jorswieck; Gerhard Fettweis,IEEE Transactions on Wireless Communications,O5,snowball,L1,0,0,,,,,[title] unrelated to H1-H4,no,,,
,10.1613/jair.2934,10.1613/jair.2934,,https://openalex.org/W1662133657,From Frequency to Meaning: Vector Space Models of Semantics,2010,Peter D. Turney; Patrick Pantel,Journal of Artificial Intelligence Research,O2,harvest,L1,0,0,,,,,[title] unrelated to H1-H4 [seen_in_round1],no,,,
,10.48550/arxiv.2004.01442,10.48550/arxiv.2004.01442,,https://openalex.org/W3014598661,From Local SGD to Local Fixed-Point Methods for Federated Learning,2020,Grigory Malinovsky; Dmitry Kovalev; Elnur Gasanov; Laurent Condat; Peter Richtárik,arXiv (Cornell University),O4,snowball,L1,0,0,,,,,[title] unrelated to H1-H4,no,,,
,10.4171/067,10.4171/067,,https://openalex.org/W1515678755,From Quantum to Classical Molecular Dynamics: Reduced Models and Numerical Analysis,2008,Christian Lubich,Zurich lectures in advanced mathematics,O1,snowball,L1,0,0,,,,,[title] unrelated to H1-H4 [seen_in_round1],no,,,
,10.1088/1475-7516/2021/05/073,10.1088/1475-7516/2021/05/073,,https://openalex.org/W3138999574,From a locality-principle for new physics to image features of regular spinning black holes with disks,2021,Astrid Eichhorn; Aaron Held,Journal of Cosmology and Astroparticle Physics,O5,harvest,L1,0,0,,,,,[title] unrelated to H1-H4,no,,,
,10.1088/1361-6633/aaae14,10.1088/1361-6633/aaae14,,https://openalex.org/W2778488581,From hadrons to quarks in neutron stars: a review,2018,Gordon Baym; Tetsuo Hatsuda; Toru Kojo; Philip D. Powell; Yifan Song; T. Takatsuka,Reports on Progress in Physics,O5,harvest,L1,0,0,,,,,[title] unrelated to H1-H4,no,,,
,10.5282/edoc.20329,10.5282/edoc.20329,,https://openalex.org/W2601567590,"Frustrated magnetism, quench dynamics, and out-of-equilibrium criticality in quantum many-body lattices",2017,Jad C. Halimeh,Electronic Theses of LMU Munich (Ludwig-Maximilians-Universität München),O3,harvest,L1,0,0,,,,,[title] unrelated to H1-H4,no,,,
,10.1038/s41534-022-00618-z,10.1038/s41534-022-00618-z,,https://openalex.org/W4286981833,Fundamental limits of quantum error mitigation,2022,Ryuji Takagi; Suguru Endo; Shintaro Minagawa; Mile Gu,npj Quantum Information,O3,harvest,L1,0,0,,,,,[title] unrelated to H1-H4,no,,,
,10.1007/978-1-4612-0541-8,10.1007/978-1-4612-0541-8,,https://openalex.org/W2223353064,Fundamentals of Differential Geometry,1999,Serge Lang,Graduate texts in mathematics,O1,snowball,L1,0,0,,,,,[title] unrelated to H1-H4,no,,,
,10.3182/20050703-6-cz-1902.01880,10.3182/20050703-6-cz-1902.01880,,https://openalex.org/W2023527520,GEOMETRIC-BASED APPROACH TO FAULT DETECTION FOR MULTILINEAR AFFINE SYSTEMS,2005,Frédéric Hamelin; Taha Boukhobza,IFAC Proceedings Volumes,O5,snowball,L1,0,0,,,,,[title] unrelated to H1-H4,no,,,
,10.1090/s0002-9947-2011-05325-0,10.1090/s0002-9947-2011-05325-0,,https://openalex.org/W2046850083,Gauss images of hyperbolic cusps with convex polyhedral boundary,2011,François Fillastre; Ivan Izmestiev,Transactions of the American Mathematical Society,O5,harvest,L1,0,0,,,,,[title] unrelated to H1-H4,no,,,
,10.1038/s41467-022-32550-3,10.1038/s41467-022-32550-3,,https://openalex.org/W3211718387,Generalization in quantum machine learning from few training data,2022,Matthias C. Caro; Hsin-Yuan Huang; M. Cerezo; Kunal Sharma; Andrew Sornborger; Łukasz Cincio,Nature Communications,O3,harvest,L1,0,0,,,,,[title] unrelated to H1-H4,no,,,
,10.1007/978-1-4615-6281-8_4,10.1007/978-1-4615-6281-8_4,,https://openalex.org/W2037308270,Generalized Decision-Feedback Equalization for Packet Transmission with ISI and Gaussian Noise,1997,J.M. Cioffi; G. David Forney,,O5,snowball,L1,0,0,,,,,[title] unrelated to H1-H4,no,,,
,10.1109/26.974266,10.1109/26.974266,,https://openalex.org/W2171879683,Generalized linear precoder and decoder design for MIMO channels using the weighted MMSE criterion,2001,H. Sampath; Petre Stoica; A. Paulraj,IEEE Transactions on Communications,O5,snowball,L1,0,0,,,,,[title] unrelated to H1-H4,no,,,
,10.1353/lan.2019.0009,10.1353/lan.2019.0009,,https://openalex.org/W2905623858,"Generative Linguistics and Neural Networks at 60: Foundation, Friction, and Fusion",2019,Joe Pater,Language,O1,harvest,L1,0,0,,,,,[title] unrelated to H1-H4,no,,,
,10.1007/s10518-023-01645-7,10.1007/s10518-023-01645-7,,https://openalex.org/W4322775687,Generative adversarial networks review in earthquake-related engineering fields,2023,Giuseppe Carlo Marano; Marco Martino Rosso; Angelo Aloisio; Giansalvo Cirrincione,Bulletin of Earthquake Engineering,O6,harvest,L1,0,0,,,,,[title] unrelated to H1-H4,no,,,
,10.1017/cbo9780511807503,10.1017/cbo9780511807503,,https://openalex.org/W4253379966,Geometry,1999,David A. Brannan; Matthew F. Esplen; Jeremy Gray,Cambridge University Press eBooks,O5,snowball,L1,0,0,,,,,[title] unrelated to H1-H4,no,,,
,10.3138/9781487583279,10.3138/9781487583279,,https://openalex.org/W2023933031,Geometry of Complex Numbers,1962,Hans Schwerdtfeger,University of Toronto Press eBooks,O5,snowball,L1,0,0,,,,,[title] unrelated to H1-H4,no,,,
,geometryacomprehensivecourse,,,https://openalex.org/W1597380673,"Geometry, a comprehensive course",1988,D. Pedoe,UCLA - Biblioteca de Ciencias y Tecnologia Felix Morales Bueno,O5,snowball,L1,0,0,,,,,[title] unrelated to H1-H4,no,,,
,10.1090/s0025-5718-1985-0771029-9,10.1090/s0025-5718-1985-0771029-9,,https://openalex.org/W2061172735,Global estimates for mixed methods for second order elliptic equations,1985,Jim Douglas; Jean E. Roberts,Mathematics of Computation,O4,harvest,L1,0,0,,,,,[title] unrelated to H1-H4,no,,,
,10.1007/s00366-024-01958-4,10.1007/s00366-024-01958-4,,https://openalex.org/W4384648047,Goal-adaptive Meshing of Isogeometric Kirchhoff–Love Shells,2024,H. M. Verhelst; Angelos Mantzaflaris; Matthias Möller; J.H. den Besten,Engineering With Computers,O2,harvest,L1,0,0,,,,,[title] unrelated to H1-H4,no,,,
,10.1016/j.neuroimage.2013.04.087,10.1016/j.neuroimage.2013.04.087,,https://openalex.org/W2146406922,"Graph analysis of the human connectome: Promise, progress, and pitfalls",2013,Alex Fornito; Andrew Zalesky; Michael Breakspear,NeuroImage,O2,harvest,L1,0,0,,,,,[title] unrelated to H1-H4,no,,,
,10.12942/lrr-2004-9,10.12942/lrr-2004-9,,https://openalex.org/W2038915951,Gravitational Lensing from a Spacetime Perspective,2004,Volker Perlick,Living Reviews in Relativity,O5,harvest,L1,0,0,,,,,[title] unrelated to H1-H4,no,,,
,10.1145/136035.136037,10.1145/136035.136037,,https://openalex.org/W2051626883,Gross motion planning—a survey,1992,Yong K. Hwang; Narendra Ahuja,ACM Computing Surveys,O5,harvest,L1,0,0,,,,,[title] unrelated to H1-H4,no,,,
,10.1613/jair.1327,10.1613/jair.1327,,https://openalex.org/W2111807093,Grounded Semantic Composition for Visual Scenes,2004,Peter Gorniak; Deb Roy,Journal of Artificial Intelligence Research,O5,harvest,L1,0,0,,,,,[title] unrelated to H1-H4,no,,,
,10.1890/es12-00048.1,10.1890/es12-00048.1,,https://openalex.org/W1990231300,Guidelines for a graph‐theoretic implementation of structural equation modeling,2012,James B. Grace; Donald R. Schoolmaster; Glenn R. Guntenspergen; Amanda Little; B. R. Mitchell; Kathryn M. Miller,Ecosphere,O5,harvest,L1,0,0,,,,,[title] unrelated to H1-H4,no,,,
,10.1088/1126-6708/2001/01/010,10.1088/1126-6708/2001/01/010,,https://openalex.org/W2110389632,HERWIG 6: an event generator for hadron emission reactions with interfering gluons (including supersymmetric processes),2001,Gennaro Corcella; I.G. Knowles; Giuseppe Marchesini; Stefano Moretti; Kosuke Odagiri; Peter Richardson,Journal of High Energy Physics,O4,harvest,L1,0,0,,,,,[title] unrelated to H1-H4,no,,,
,10.1201/b16113,10.1201/b16113,,https://openalex.org/W2478275166,Handbook of Linear Algebra,2013,Leslie Hogben,,O1,snowball,L1,0,0,,,,,[title] unrelated to H1-H4,no,,,
,10.1109/tetc.2023.3346944,10.1109/tetc.2023.3346944,,https://openalex.org/W4390306248,Hardware-Aware DNN Compression via Diverse Pruning and Mixed-Precision Quantization,2024,Konstantinos Balaskas; Ανδρέας Καρατζάς; Christos Sad; Kostas Siozios; Iraklis Anagnostopoulos; Georgios Zervakis,IEEE Transactions on Emerging Topics in Computing,O2,harvest,L1,0,0,,,,,[title] unrelated to H1-H4,no,,,
,10.1126/science.abb9811,10.1126/science.abb9811,,https://openalex.org/W3015289174,Hartree-Fock on a superconducting qubit quantum computer,2020,Google AI Quantum and Collaborators; Frank Arute; Kunal Arya; Ryan Babbush; Dave Bacon; Joseph C. Bardin,Science,O6,snowball,L1,0,0,,,,,[title] unrelated to H1-H4,no,,,
,10.1103/physreva.110.052612,10.1103/physreva.110.052612,,https://openalex.org/W4404568838,Heralded nonlocal quantum gates for distributed quantum computation in a decoherence-free subspace,2024,SU Wan-hua; Wei Qin; Adam Miranowicz; Tao Li; Franco Nori,Physical Review A,O3,snowball,L1,0,0,,,,,[title] unrelated to H1-H4,no,,,
,10.1111/jzs.12010,10.1111/jzs.12010,,https://openalex.org/W2111061555,Hidden diversity and cryptic speciation refute cosmopolitan distribution inCaprella penantis(Crustacea: Amphipoda: Caprellidae),2013,M. Pilar Cabezas; Patricia Cabezas; Annie Machordom; José M. Guerra‐García,Journal of Zoological Systematics & Evolutionary Research,O5,harvest,L1,0,0,,,,,[title] unrelated to H1-H4,no,,,
,higherorderpowermethodapplicationinindependentcomponentanalysis,,,https://openalex.org/W47600462,Higher-order power method - application in independent component analysis,1995,Lieven De Lathauwer; Pierre Comon; Bart De Moor; Joos Vandewalle,,O1,snowball,L1,0,0,,,,,[title] unrelated to H1-H4,no,,,
,10.48550/arxiv.1505.04406,10.48550/arxiv.1505.04406,,https://openalex.org/W1835243625,Hinge-Loss Markov Random Fields and Probabilistic Soft Logic,2015,Stephen H. Bach; Matthias Broecheler; Bert Huang; Lise Getoor,arXiv (Cornell University),O2,harvest,L1,0,0,,,,,[title] unrelated to H1-H4,no,,,
,10.1103/physrevlett.128.220503,10.1103/physrevlett.128.220503,,https://openalex.org/W4225986500,How to Simulate Quantum Measurement without Computing Marginals,2022,Sergey Bravyi; David Gosset; Yinchen Liu,Physical Review Letters,O6,snowball,L1,0,0,,,,,[title] unrelated to H1-H4,no,,,
,10.1088/1751-8121/ac48ec,10.1088/1751-8121/ac48ec,,https://openalex.org/W3197630534,Hydrodynamics of quantum entropies in Ising chains with linear dissipation,2022,Vincenzo Alba; Federico Carollo,Journal of Physics A Mathematical and Theoretical,O3,snowball,L1,0,0,,,,,[title] unrelated to H1-H4,no,,,
,10.1145/3469720,10.1145/3469720,,https://openalex.org/W3202306556,"Hyper.deal: An efficient, matrix-free finite-element library for high-dimensional partial differential equations",,Peter Münch,mediaTUM – the media and publications repository of the Technical University Munich (Technical University Munich),O1,snowball,L1,0,0,,,,,[title] unrelated to H1-H4,no,,,
,10.1016/s0024-3795(00)00095-1,10.1016/s0024-3795(00)00095-1,,https://openalex.org/W2147848673,Identification of almost invariant aggregates in reversible nearly uncoupled Markov chains,2000,Peter Deuflhard; Wilhelm Huisinga; Alexander Fischer; Ch. Schütte,Linear Algebra and its Applications,O4,harvest,L1,0,0,,,,,[title] unrelated to H1-H4,no,,,
,10.1007/s11263-020-01359-2,10.1007/s11263-020-01359-2,,https://openalex.org/W3047057232,Image Matching from Handcrafted to Deep Features: A Survey,2020,Jiayi Ma; Xingyu Jiang; Aoxiang Fan; Junjun Jiang; Junchi Yan,International Journal of Computer Vision,O2,harvest,L1,0,0,,,,,[title] unrelated to H1-H4,no,,,
,10.1021/ct400219n,10.1021/ct400219n,,https://openalex.org/W2024849029,Improved Angle Potentials for Coarse-Grained Molecular Dynamics Simulations,2013,Monica Bulacu; Nicolae Goga; Wei Zhao; Giulia Rossi; Luca Monticelli; Xavier Périole,Journal of Chemical Theory and Computation,O6,harvest,L1,0,0,,,,,[title] unrelated to H1-H4 [seen_in_round1],no,,,
,10.1109/access.2020.2997783,10.1109/access.2020.2997783,,https://openalex.org/W3029902662,Improved Salp Swarm Algorithm Based on Levy Flight and Sine Cosine Operator,2020,Jianhua Zhang; Jie‐Sheng Wang,IEEE Access,O6,harvest,L1,0,0,,,,,[title] unrelated to H1-H4,no,,,
,10.1103/physrevb.110.085149,10.1103/physrevb.110.085149,,https://openalex.org/W4401881529,Improved real-space parallelizable matrix-product state compression and its application to unitary quantum dynamics simulation,2024,Rong-Yang Sun; Tomonori Shirakawa; Seiji Yunoki,Physical review. B./Physical review. B,O6,snowball,L1,0,0,,,,,[title] unrelated to H1-H4,no,,,
,10.1103/physreva.70.052328,10.1103/physreva.70.052328,,https://openalex.org/W2052146120,Improved simulation of stabilizer circuits,2004,Scott Aaronson; Daniel Gottesman,Physical Review A,O3,snowball,L1,0,0,,,,,[title] unrelated to H1-H4,no,,,
,10.1093/nar/gku616,10.1093/nar/gku616,,https://openalex.org/W2122139514,"Inducible, tightly regulated and growth condition-independent transcription factor in Saccharomyces cerevisiae",2014,Diana S. M. Ottoz; Fabian Rudolf; Joerg Stelling,Nucleic Acids Research,O5,harvest,L1,0,0,,,,,[title] unrelated to H1-H4,no,,,
,10.1049/ep.1969.0319,10.1049/ep.1969.0319,,https://openalex.org/W1989008275,Information Theory and Reliable Communication,1969,David A. Bell,Electronics and Power,O5,snowball,L1,0,0,,,,,[title] unrelated to H1-H4,no,,,
,10.1007/978-3-7091-2945-6,10.1007/978-3-7091-2945-6,,https://openalex.org/W4205855417,Information Theory and Reliable Communication,1972,Robert G. Gallager,,O5,snowball,L1,0,0,,,,,[title] unrelated to H1-H4,no,,,
,10.2307/2344305,10.2307/2344305,,https://openalex.org/W2142901448,Information Theory and Reliable Communication.,1970,P. M. Lee; Robert T. Gallager,Journal of the Royal Statistical Society Series A (General),O5,snowball,L1,0,0,,,,,[title] unrelated to H1-H4,no,,,
,10.48550/arxiv.2012.07436,10.48550/arxiv.2012.07436,,https://openalex.org/W3111507638,Informer: Beyond Efficient Transformer for Long Sequence Time-Series Forecasting,2020,Haoyi Zhou; Shanghang Zhang; Jieqi Peng; Shuai Zhang; Jianxin Li; Hui Xiong,arXiv (Cornell University),O1,harvest,L1,0,0,,,,,[title] unrelated to H1-H4,no,,,
,10.1145/2785956.2787472,10.1145/2785956.2787472,,https://openalex.org/W1988150362,Inside the Social Network's (Datacenter) Network,2015,Arjun Roy; Hongyi Zeng; Jasmeet Bagga; George Porter; Alex C. Snoeren,,O6,harvest,L1,0,0,,,,,[title] unrelated to H1-H4,no,,,
,10.36001/phmconf.2011.v3i1.2070,10.36001/phmconf.2011.v3i1.2070,,https://openalex.org/W110958590,Integrating Probabilistic Reasoning and Statistical Quality Control Techniques for Fault Diagnosis in Hybrid Domains,2011,Brian Ricks; Craig Harrison; Ole J. Mengshoel,Annual Conference of the PHM Society,O6,harvest,L1,0,0,,,,,[title] unrelated to H1-H4,no,,,
,10.1007/978-1-4302-5927-5,10.1007/978-1-4302-5927-5,,https://openalex.org/W624975885,Intel® Xeon Phi™ Coprocessor Architecture and Tools,2013,Rezaur Rahman,Apress eBooks,O6,harvest,L1,0,0,,,,,[title] unrelated to H1-H4,no,,,
,10.1038/s41534-017-0038-y,10.1038/s41534-017-0038-y,,https://openalex.org/W2591036338,"Interfacing spin qubits in quantum dots and donors—hot, dense, and coherent",2017,Lieven M. K. Vandersypen; Hendrik Bluhm; James S. Clarke; Andrew S. Dzurak; Ryoichi Ishihara; Andrea Morello,npj Quantum Information,O3,harvest,L1,0,0,,,,,[title] unrelated to H1-H4 [seen_in_round1],no,,,
,10.1088/1126-6708/2001/02/047,10.1088/1126-6708/2001/02/047,,https://openalex.org/W2598303665,Intersecting brane worlds,2001,Gerardo Aldazabal; Sebastian Franco; Luis E Ibáñez; Raul Rabadán; Angel M Uranga,Journal of High Energy Physics,O5,harvest,L1,0,0,,,,,[title] unrelated to H1-H4,no,,,
,10.3386/w25358,10.3386/w25358,,https://openalex.org/W4254185808,Intertemporal Choice,2018,Keith M. Marzilli Ericson; David Laibson,National Bureau of Economic Research,O5,harvest,L1,0,0,,,,,[title] unrelated to H1-H4,no,,,
,10.1017/9781009398671.002,10.1017/9781009398671.002,,https://openalex.org/W4392176207,Introduction,2023,Tao Xiang,Cambridge University Press eBooks,O3,harvest,L1,0,0,,,,,[title] unrelated to H1-H4 [seen_in_round1],no,,,
,10.1016/c2009-0-21898-8,10.1016/c2009-0-21898-8,,https://openalex.org/W2060924166,Introduction to Interval Computation,1983,,Elsevier eBooks,O5,snowball,L1,0,0,,,,,[title] unrelated to H1-H4,no,,,
,10.5860/choice.26-5109,10.5860/choice.26-5109,,https://openalex.org/W1568288633,Introduction to optimization,1989,,Choice Reviews Online,O4,snowball,L1,0,0,,,,,[title] unrelated to H1-H4,no,,,
,10.5860/choice.41-5348,10.5860/choice.41-5348,,https://openalex.org/W2792298817,Introduction to optimization,2004,,Choice Reviews Online,O4,snowball,L1,0,0,,,,,[title] unrelated to H1-H4,no,,,
,10.1038/s41467-022-29973-3,10.1038/s41467-022-29973-3,,https://openalex.org/W3152573847,Inverse design enables large-scale high-performance meta-optics reshaping virtual reality,2022,Zhaoyi Li; Raphaël Pestourie; Joon‐Suh Park; Yao‐Wei Huang; Steven G. Johnson; Federico Capasso,Nature Communications,O5,harvest,L1,0,0,,,,,[title] unrelated to H1-H4,no,,,
,10.1145/296854.277632,10.1145/296854.277632,,https://openalex.org/W2163652601,Inverted files versus signature files for text indexing,1998,Justin Zobel; Alistair Moffat; Kotagiri Ramamohanarao,ACM Transactions on Database Systems,O6,harvest,L1,0,0,,,,,[title] unrelated to H1-H4,no,,,
,10.1088/2058-9565/acae3e,10.1088/2058-9565/acae3e,,https://openalex.org/W4312154946,Is quantum computing green? An estimate for an energy-efficiency quantum advantage,2022,Daniel Jaschke; Simone Montangero,Quantum Science and Technology,O3;O6,snowball,L1,0,0,,,,,[title] unrelated to H1-H4,no,,,
,10.1137/070683374,10.1137/070683374,,https://openalex.org/W1973215395,Iterative Algorithms Based on Decoupling of Deblurring and Denoising for Image Restoration,2008,You‐Wei Wen; Michael K. Ng; Wai‐Ki Ching,SIAM Journal on Scientific Computing,O4,snowball,L1,0,0,,,,,[title] unrelated to H1-H4,no,,,
,10.1007/978-3-642-30901-4,10.1007/978-3-642-30901-4,,https://openalex.org/W613392520,Iterative Methods for Fixed Point Problems in Hilbert Spaces,2012,Andrzej Cegielski,Lecture notes in mathematics,O4,snowball,L1,0,0,,,,,[title] unrelated to H1-H4,no,,,
,10.1007/s00041-008-9035-z,10.1007/s00041-008-9035-z,,https://openalex.org/W1980454827,Iterative Thresholding for Sparse Approximations,2008,Thomas Blumensath; Mike E. Davies,Journal of Fourier Analysis and Applications,O4,harvest,L1,0,0,,,,,[title] unrelated to H1-H4,no,,,
,10.1007/s11075-017-0282-4,10.1007/s11075-017-0282-4,,https://openalex.org/W2593916599,Iterative algorithms for the multiple-sets split feasibility problem in Hilbert spaces,2017,Nguyễn Bường,Numerical Algorithms,O4,snowball,L1,0,0,,,,,[title] unrelated to H1-H4,no,,,
,10.1016/j.acha.2009.04.002,10.1016/j.acha.2009.04.002,,https://openalex.org/W2963322354,Iterative hard thresholding for compressed sensing,2009,Thomas Blumensath; Mike E. Davies,Applied and Computational Harmonic Analysis,O1,snowball,L1,0,0,,,,,[title] unrelated to H1-H4,no,,,
,10.1109/5.53403,10.1109/5.53403,,https://openalex.org/W2149479098,Iterative methods for image deblurring,1990,J. Biemond; Reginald L. Lagendijk; R.M. Mersereau,Proceedings of the IEEE,O5,harvest,L1,0,0,,,,,[title] unrelated to H1-H4,no,,,
,10.1109/tsipn.2015.2448520,10.1109/tsipn.2015.2448520,,https://openalex.org/W1904504745,Joint Optimization of Radio and Computational Resources for Multicell Mobile-Edge Computing,2015,Stefania Sardellitti; Gesualdo Scutari; Sergio Barbarossa,IEEE Transactions on Signal and Information Processing over Networks,O6,harvest,L1,0,0,,,,,[title] unrelated to H1-H4,no,,,
,10.1109/tcomm.2020.2973976,10.1109/tcomm.2020.2973976,,https://openalex.org/W3006143078,"Joint Radar and Communication Design: Applications, State-of-the-Art, and the Road Ahead",2020,Fan Liu; Christos Masouros; Athina P. Petropulu; Hugh Griffiths; Lajos Hanzo,IEEE Transactions on Communications,O4,harvest,L1,0,0,,,,,[title] unrelated to H1-H4 [seen_in_round1],no,,,
,10.1109/jstsp.2021.3112295,10.1109/jstsp.2021.3112295,,https://openalex.org/W3199941339,Joint Transmit Waveform and Receive Filter Design for Dual-Function Radar-Communication Systems,2021,Christos G. Tsinos; Aakash Arora; Symeon Chatzinotas; Björn Ottersten,IEEE Journal of Selected Topics in Signal Processing,O5,harvest,L1,0,0,,,,,[title] unrelated to H1-H4,no,,,
,10.1109/jsac.2019.2947926,10.1109/jsac.2019.2947926,,https://openalex.org/W2981903311,Joint User Association and Beamforming Design for Millimeter Wave UDN With Wireless Backhaul,2019,Girim Kwon; Hyuncheol Park,IEEE Journal on Selected Areas in Communications,O5,snowball,L1,0,0,,,,,[title] unrelated to H1-H4,no,,,
,10.1109/jsac.2003.810324,10.1109/jsac.2003.810324,,https://openalex.org/W2151075748,Joint transmit-receive space-time equalization in spatially correlated MIMO channels: A beamforming approach,2003,Daniel P. Palomar; M.A. Lagunas,IEEE Journal on Selected Areas in Communications,O5,snowball,L1,0,0,,,,,[title] unrelated to H1-H4,no,,,
,10.1109/18.333852,10.1109/18.333852,,https://openalex.org/W2101110894,Joint transmitter-receiver optimization for multi-input multi-output systems with decision feedback,1994,Jian Yang; Sébastien Roy,IEEE Transactions on Information Theory,O5,snowball,L1,0,0,,,,,[title] unrelated to H1-H4,no,,,
,10.1109/tsp.2003.815393,10.1109/tsp.2003.815393,,https://openalex.org/W2165350939,Joint tx-rx beamforming design for multicarrier mimo channels: a unified framework for convex optimization,2003,Daniel P. Palomar; J.M. Cioffi; M.A. Lagunas,IEEE Transactions on Signal Processing,O5,snowball,L1,0,0,,,,,[title] unrelated to H1-H4,no,,,
,10.1016/j.cpc.2021.108171,10.1016/j.cpc.2021.108171,,https://openalex.org/W3201073812,"LAMMPS - a flexible simulation tool for particle-based materials modeling at the atomic, meso, and continuum scales",2021,Aidan P. Thompson; Hasan Metin Aktulga; Richard A. Berger; Dan Bolintineanu; William M. Brown; Paul Crozier,Computer Physics Communications,O4;O5,harvest,L1,0,0,,,,,[title] unrelated to H1-H4 [seen_in_round1],no,,,
,10.1145/355984.355989,10.1145/355984.355989,,https://openalex.org/W2097897435,LSQR: An Algorithm for Sparse Linear Equations and Sparse Least Squares,1982,Christopher C. Paige; Michael A. Saunders,ACM Transactions on Mathematical Software,O4,harvest,L1,0,0,,,,,[title] unrelated to H1-H4,no,,,
,10.1109/tit.2012.2191700,10.1109/tit.2012.2191700,,https://openalex.org/W1974552031,Large System Analysis of Linear Precoding in Correlated MISO Broadcast Channels Under Limited Feedback,2012,Sebastian Wagner; Romain Couillet; Mérouane Debbah; Dirk T. M. Slock,IEEE Transactions on Information Theory,O5,snowball,L1,0,0,,,,,[title] unrelated to H1-H4,no,,,
,largesystemanalysisoflinearprecodingincorrelatedmisobroadcastchannelsunderlimitedfeedback,,,https://openalex.org/W3103793889,Large System Analysis of Linear Precoding in Correlated MISO Broadcast Channels under Limited Feedback,2012,Sebastian Wagner; Student Member; Romain Couillet; Dirk Slock,HAL (Le Centre pour la Communication Scientifique Directe),O5,snowball,L1,0,0,,,,,[title] unrelated to H1-H4,no,,,
,10.1063/5.0251601,10.1063/5.0251601,,https://openalex.org/W4407811629,Large-scale sparse wave function circuit simulator for applications with the variational quantum eigensolver,2025,J. Wayne Mullinax; Norm M. Tubman,The Journal of Chemical Physics,O6,snowball,L1,0,0,,,,,[title] unrelated to H1-H4,no,,,
,10.1007/b72010,10.1007/b72010,,https://openalex.org/W1496686022,Lattice-Gas Cellular Automata and Lattice Boltzmann Models: An Introduction,2000,Dieter Wolf‐Gladrow,Helmholtz-Zentrum für Polar-und Meeresforschung (Alfred-Wegener-Institut),O1,harvest,L1,0,0,,,,,[title] unrelated to H1-H4,no,,,
,10.1109/tpami.2022.3163667,10.1109/tpami.2022.3163667,,https://openalex.org/W3164354101,Learning Graph Embeddings for Open World Compositional Zero-Shot Learning,2022,Massimiliano Mancini; Muhammad Ferjad Naeem; Yongqin Xian; Zeynep Akata,IEEE Transactions on Pattern Analysis and Machine Intelligence,O5,harvest,L1,0,0,,,,,[title] unrelated to H1-H4,no,,,
,10.1038/s41467-023-36329-y,10.1038/s41467-023-36329-y,,https://openalex.org/W4319162181,Learning local equivariant representations for large-scale atomistic dynamics,2023,Albert Musaelian; Simon Batzner; Anders Johansson; Lixin Sun; Cameron J. Owen; Mordechai Kornbluth,Nature Communications,O2;O5,harvest,L1,0,0,,,,,[title] unrelated to H1-H4,no,,,
,10.1214/009053604000000067,10.1214/009053604000000067,,https://openalex.org/W2063978378,Least angle regression,2004,Bradley Efron; Trevor Hastie; Iain M. Johnstone; Robert Tibshirani,The Annals of Statistics,O4,harvest,L1,0,0,,,,,[title] unrelated to H1-H4 [seen_in_round1],no,,,
,10.1103/prxquantum.5.010334,10.1103/prxquantum.5.010334,,https://openalex.org/W4392284845,Limitations of Linear Cross-Entropy as a Measure for Quantum Advantage,2024,Xun Gao; M. W. Kalinowski; Chi-Ning Chou; Mikhail D. Lukin; Boaz Barak; Soonwon Choi,PRX Quantum,O3,snowball,L1,0,0,,,,,[title] unrelated to H1-H4,no,,,
,10.1007/978-3-319-11080-6,10.1007/978-3-319-11080-6,,https://openalex.org/W1553372930,Linear Algebra Done Right,2014,Sheldon Axler,Undergraduate texts in mathematics,O4,harvest,L1,0,0,,,,,[title] unrelated to H1-H4,no,,,
,10.1137/16m1055323,10.1137/16m1055323,,https://openalex.org/W2963118312,Linear Convergence of Proximal Gradient Algorithm with Extrapolation for a Class of Nonconvex Nonsmooth Minimization Problems,2017,Bo Wen; Xiaojun Chen; Ting Kei Pong,SIAM Journal on Optimization,O4,snowball,L1,0,0,,,,,[title] unrelated to H1-H4,no,,,
,10.1002/j.1538-7305.1984.tb00076.x,10.1002/j.1538-7305.1984.tb00076.x,,https://openalex.org/W2144335218,Linear Equalization Theory in Digital Data Transmission Over Dually Polarized Fading Radio Channels,1984,N. Amitay; J. Salz,AT&T Bell Laboratories Technical Journal,O5,snowball,L1,0,0,,,,,[title] unrelated to H1-H4,no,,,
,10.1109/tvt.2009.2021603,10.1109/tvt.2009.2021603,,https://openalex.org/W2145909380,Linear Transmit Beamforming Techniques for the Multigroup Multicast Scenario,2009,Yuri C. B. Silva; Anja Klein,IEEE Transactions on Vehicular Technology,O5,snowball,L1,0,0,,,,,[title] unrelated to H1-H4,no,,,
,10.1007/s10957-017-1061-z,10.1007/s10957-017-1061-z,,https://openalex.org/W2580889931,Local Convergence Properties of Douglas–Rachford and Alternating Direction Method of Multipliers,2017,Jingwei Liang; Jalal Fadili; Gabriel Peyré,Journal of Optimization Theory and Applications,O4,snowball,L1,0,0,,,,,[title] unrelated to H1-H4,no,,,
,10.1038/s41586-023-06927-3,10.1038/s41586-023-06927-3,,https://openalex.org/W4389373471,Logical quantum processor based on reconfigurable atom arrays,2023,Dolev Bluvstein; Simon J. Evered; Alexandra A. Geim; Sophie H. Li; Hengyun Zhou; Tom Manovitz,Nature,O3,harvest,L1,0,0,,,,,[title] unrelated to H1-H4,no,,,
,10.1103/prxquantum.2.030312,10.1103/prxquantum.2.030312,,https://openalex.org/W3057420237,Low-Depth Mechanisms for Quantum Optimization,2021,Jarrod R. McClean; Matthew P. Harrigan; Masoud Mohseni; Nicholas C. Rubin; Jiang Zhang; Sergio Boixo,PRX Quantum,O6,harvest,L1,0,0,,,,,[title] unrelated to H1-H4,no,,,
,10.1103/physrevx.8.011044,10.1103/physrevx.8.011044,,https://openalex.org/W2620582212,Low-Depth Quantum Simulation of Materials,2018,Ryan Babbush; Nathan Wiebe; Jarrod McClean; James McClain; Hartmut Neven; Garnet Kin-Lic Chan,Physical Review X,O3;O6,harvest,L1,0,0,,,,,[title] unrelated to H1-H4 [seen_in_round1],no,,,
,10.1021/acsphotonics.1c00968,10.1021/acsphotonics.1c00968,,https://openalex.org/W4205602657,Low-Symmetry Nanophotonics,2022,Alex Krasnok; Andrea Alù,ACS Photonics,O3,snowball,L1,0,0,,,,,[title] unrelated to H1-H4,no,,,
,10.1093/nsr/nwad128,10.1093/nsr/nwad128,,https://openalex.org/W4381158108,MAGUS: machine learning and graph theory assisted universal structure searcher,2023,Junjie Wang; Hao Gao; Yu Han; Chi Ding; Shuning Pan; Yong Wang,National Science Review,O5,harvest,L1,0,0,,,,,[title] unrelated to H1-H4,no,,,
,10.1109/tuffc.2007.240,10.1109/tuffc.2007.240,,https://openalex.org/W2105093937,MEMS technology for timing and frequency control,2007,Clark T.‐C. Nguyen,IEEE Transactions on Ultrasonics Ferroelectrics and Frequency Control,O5,harvest,L1,0,0,,,,,[title] unrelated to H1-H4,no,,,
,10.1109/tsp.2009.2032039,10.1109/tsp.2009.2032039,,https://openalex.org/W2016773921,MIMO Cognitive Radio: A Game Theoretical Approach,2009,Gesualdo Scutari; Daniel P. Palomar,IEEE Transactions on Signal Processing,O5,snowball,L1,0,0,,,,,[title] unrelated to H1-H4,no,,,
,10.1561/0100000018,10.1561/0100000018,,https://openalex.org/W2049285480,MIMO Transceiver Design via Majorization Theory,2007,Daniel P. Palomar; Yi Jiang,Foundations and Trends® in Communications and Information Theory,O5,snowball,L1,0,0,,,,,[title] unrelated to H1-H4,no,,,
,10.3390/rs13112232,10.3390/rs13112232,,https://openalex.org/W3169336115,Making Use of 3D Models for Plant Physiognomic Analysis: A Review,2021,Abhipray Paturkar; Gourab Sen Gupta; Donald G. Bailey,Remote Sensing,O1,harvest,L1,0,0,,,,,[title] unrelated to H1-H4,no,,,
,10.1088/0034-4885/70/6/r03,10.1088/0034-4885/70/6/r03,,https://openalex.org/W1997323544,Making sense of non-Hermitian Hamiltonians,2007,Carl M Bender,Reports on Progress in Physics,O4;O6,harvest,L1,0,0,,,,,[title] unrelated to H1-H4 [seen_in_round1],no,,,
,10.1038/s41534-022-00654-9,10.1038/s41534-022-00654-9,,https://openalex.org/W4310810906,Many-body localization in the infinite-interaction limit and the discontinuous eigenstate phase transition,2022,Chun Chen; Yan Chen; Xiaoqun Wang,npj Quantum Information,O3,harvest,L1,0,0,,,,,[title] unrelated to H1-H4,no,,,
,10.48550/arxiv.2011.09202,10.48550/arxiv.2011.09202,,https://openalex.org/W4287594763,Many-body localization in the infinite-interaction limit and the discontinuous eigenstate phase transition,2020,Chun Chen; Yan Chen; Xiaoqun Wang,arXiv (Cornell University),O3,harvest,L1,0,0,,,,,[title] unrelated to H1-H4,no,,,
,10.21468/scipostphyslectnotes.99,10.21468/scipostphyslectnotes.99,,https://openalex.org/W4416795582,Many-body open quantum systems,2025,Rosario Fazio; Jonathan Keeling; Leonardo Mazza; Marco Schirò,SciPost Physics Lecture Notes,O3,snowball,L1,0,0,,,,,[title] unrelated to H1-H4,no,,,
,10.3390/math13132116,10.3390/math13132116,,https://openalex.org/W4411825155,"Mathematical Frameworks for Network Dynamics: A Six-Pillar Survey for Analysis, Control, and Inference",2025,Dimitri Volchenkov,Mathematics,O2,harvest,L1,0,0,,,,,[title] unrelated to H1-H4,no,,,
,10.1016/j.comgeo.2009.12.003,10.1016/j.comgeo.2009.12.003,,https://openalex.org/W2068513847,Mathematical model and efficient algorithms for object packing problem,2010,N. Chernov; Yu. G. Stoyan; Т. Romanova,Computational Geometry,O5,harvest,L1,0,0,,,,,[title] unrelated to H1-H4,no,,,
,matrixcomputations3rded,,,https://openalex.org/W1981745143,Matrix computations (3rd ed.),1996,Gene H. Golub; Charles F. Van Loan,Johns Hopkins University Press eBooks,O5,snowball,L1,0,0,,,,,[title] unrelated to H1-H4,no,,,
,10.1098/rsta.2014.0440,10.1098/rsta.2014.0440,,https://openalex.org/W2283621648,Maximizing the optical network capacity,2016,Polina Bayvel; Robert Maher; Tianhua Xu; Gabriele Liga; Nikita A. Shevchenko; Domaniç Lavery,Philosophical Transactions of the Royal Society A Mathematical Physical and Engineering Sciences,O5,harvest,L1,0,0,,,,,[title] unrelated to H1-H4,no,,,
,10.1103/physrevd.82.072004,10.1103/physrevd.82.072004,,https://openalex.org/W2254404088,Measurement of CP observables in B±→DCPK± decays and constraints on the CKM angle γ,2010,P. del Amo Sanchez; J. P. Lees; V. Poireau; E. Prencipe; V. Tisserand; J. Garra Ticó,"Physical review. D. Particles, fields, gravitation, and cosmology/Physical review. D. Particles and fields",O6,harvest,L1,0,0,,,,,[title] unrelated to H1-H4,no,,,
,10.1038/s41567-021-01409-7,10.1038/s41567-021-01409-7,,https://openalex.org/W4206310632,Measuring the capabilities of quantum computers,2021,Timothy Proctor; Kenneth Rudinger; Kevin Young; Erik Nielsen; Robin Blume-Kohout,Nature Physics,O6,snowball,L1,0,0,,,,,[title] unrelated to H1-H4,no,,,
,10.1137/1.9781611970906,10.1137/1.9781611970906,,https://openalex.org/W1580809199,Methods and Applications of Interval Analysis,1979,Ramon E. Moore,Society for Industrial and Applied Mathematics eBooks,O5,snowball,L1,0,0,,,,,[title] unrelated to H1-H4,no,,,
,10.1088/1367-2630/12/5/055026,10.1088/1367-2630/12/5/055026,,https://openalex.org/W2042184282,Minimally entangled typical thermal state algorithms,2010,E M Stoudenmire; Steven R White,New Journal of Physics,O6,snowball,L1,0,0,,,,,[title] unrelated to H1-H4 [seen_in_round1],no,,,
,10.1109/tsp.2003.815387,10.1109/tsp.2003.815387,,https://openalex.org/W2135288797,Minimum ber block precoders for zero-forcing equalization,2003,Yanwu Ding; Timothy N. Davidson; Zhi‐Quan Luo; K.M. Wong,IEEE Transactions on Signal Processing,O5,snowball,L1,0,0,,,,,[title] unrelated to H1-H4,no,,,
,10.4310/atmp.1997.v1.n1.a2,10.4310/atmp.1997.v1.n1.a2,,https://openalex.org/W2080034364,Mirror symmetry and exact solution of 4D $N = 2$ gauge theories: I,1997,Sheldon Katz; Peter Mayr; Cumrun Vafa,Advances in Theoretical and Mathematical Physics,O5,harvest,L1,0,0,,,,,[title] unrelated to H1-H4,no,,,
,10.1103/physrevresearch.6.013142,10.1103/physrevresearch.6.013142,,https://openalex.org/W4391541804,Mitigating crosstalk errors by randomized compiling: Simulation of the BCS model on a superconducting quantum computer,2024,Hugo Perrin; Thibault Scoquart; Alexander Shnirman; Jörg Schmalian; Kyrylo Snizhko,Physical Review Research,O6,snowball,L1,0,0,,,,,[title] unrelated to H1-H4,no,,,
,10.48550/arxiv.2402.09748,10.48550/arxiv.2402.09748,,https://openalex.org/W4391900182,Model Compression and Efficient Inference for Large Language Models: A Survey,2024,Wenxiao Wang; Wei Chen; Yicong Luo; Yu LONG; Zhengkai Lin; Liye Zhang,arXiv (Cornell University),O2,harvest,L1,0,0,,,,,[title] unrelated to H1-H4,no,,,
,10.1146/annurev-fluid-010816-060042,10.1146/annurev-fluid-010816-060042,,https://openalex.org/W2346717862,Model Reduction for Flow Analysis and Control,2016,Clarence W. Rowley; Scott T. M. Dawson,Annual Review of Fluid Mechanics,O4,harvest,L1,0,0,,,,,[title] unrelated to H1-H4,no,,,
,10.2136/vzj2015.09.0131,10.2136/vzj2015.09.0131,,https://openalex.org/W2365891644,"Modeling Soil Processes: Review, Key Challenges, and New Perspectives",2016,Harry Vereecken; Andrea Schnepf; J. W. Hopmans; Mathieu Javaux; Dani Or; Tiina Roose,Vadose Zone Journal,O1,harvest,L1,0,0,,,,,[title] unrelated to H1-H4,no,,,
,10.1007/978-3-642-03196-0,10.1007/978-3-642-03196-0,,https://openalex.org/W1526120274,Modeling and Control of Complex Physical Systems,2009,Vincent Duindam; Alessandro Macchelli; Stefano Stramigioli; Herman Bruyninckx,,O5,harvest,L1,0,0,,,,,[title] unrelated to H1-H4,no,,,
,10.1186/1687-6180-2012-226,10.1186/1687-6180-2012-226,,https://openalex.org/W2103954756,Modeling and optimization of the line-driver power consumption in xDSL systems,2012,Martin Wolkerstorfer; Steffen Trautmann; Tomas Nordström; Bakti D Putra,EURASIP Journal on Advances in Signal Processing,O5,harvest,L1,0,0,,,,,[title] unrelated to H1-H4,no,,,
,modernquantumchemistry,,,https://openalex.org/W2999526552,Modern quantum chemistry,1982,Attila Szabó,,O1,snowball,L1,0,0,,,,,[title] unrelated to H1-H4,no,,,
,10.1016/0029-5582(66)90509-8,10.1016/0029-5582(66)90509-8,,https://openalex.org/W4205469314,Modern quantum chemistry,1966,Lajos Moln r,Nuclear Physics,O1,snowball,L1,0,0,,,,,[title] unrelated to H1-H4,no,,,
,10.1103/revmodphys.81.1773,10.1103/revmodphys.81.1773,,https://openalex.org/W2096487969,Modern theory of nuclear forces,2009,E. Epelbaum; H.‐W. Hammer; Ulf-G. Meißner,Reviews of Modern Physics,O2,harvest,L1,0,0,,,,,[title] unrelated to H1-H4,no,,,
,10.1002/9781119019572,10.1002/9781119019572,,https://openalex.org/W2499071604,Molecular Electronic‐Structure Theory,2000,Trygve Helgaker; Poul Jørgensen; Jeppe Olsen,,O1,snowball,L1,0,0,,,,,[title] unrelated to H1-H4,no,,,
,molecularelectronicstructuretheory,,,https://openalex.org/W1495478173,Molecular electronic-structure theory,2000,Mark A. Ratner,,O1,snowball,L1,0,0,,,,,[title] unrelated to H1-H4,no,,,
,10.1016/j.combustflame.2014.04.018,10.1016/j.combustflame.2014.04.018,,https://openalex.org/W2133205205,Morphological and statistical features of reaction zones in MILD and premixed combustion,2014,Yuki Minamoto; N. Swaminathan; Stewart Cant; Teresa Leung,Combustion and Flame,O5,harvest,L1,0,0,,,,,[title] unrelated to H1-H4,no,,,
,10.1109/access.2022.3215525,10.1109/access.2022.3215525,,https://openalex.org/W4309041833,Multi-Dimensional Data Compression and Query Processing in Array Databases,2022,Minsoo Kim; Hyubjin Lee; Yon Dohn Chung,IEEE Access,O1,harvest,L1,0,0,,,,,[title] unrelated to H1-H4,no,,,
,10.48550/arxiv.2410.00973,10.48550/arxiv.2410.00973,,https://openalex.org/W4403883160,Multi-site gates for state preparation in quantum simulation of the Bose Hubbard Model,2024,Pranjal Praneel; Thomas G. Kiely; Erich J. Mueller; A. G. Petukhov,arXiv (Cornell University),O3,harvest,L1,0,0,,,,,[title] unrelated to H1-H4,no,,,
,10.1109/icassp.2019.8683655,10.1109/icassp.2019.8683655,,https://openalex.org/W2938703989,Multicarrier Radar-communications Waveform Design for RF Convergence and Coexistence,2019,Marian Bică; Visa Koivunen,,O5,snowball,L1,0,0,,,,,[title] unrelated to H1-H4,no,,,
,10.1063/1.1580111,10.1063/1.1580111,,https://openalex.org/W2008931657,Multilayer formulation of the multiconfiguration time-dependent Hartree theory,2003,Haobin Wang; Michael Thoss,The Journal of Chemical Physics,O1,snowball,L1,0,0,,,,,[title] unrelated to H1-H4 [seen_in_round1],no,,,
,10.1016/j.sigpro.2017.06.026,10.1016/j.sigpro.2017.06.026,,https://openalex.org/W2723992487,Multiobjective optimal waveform design for OFDM integrated radar and communication systems,2017,Yongjun Liu; Guisheng Liao; Zhiwei Yang; Jingwei Xu,Signal Processing,O5,snowball,L1,0,0,,,,,[title] unrelated to H1-H4,no,,,
,10.1109/9.599969,10.1109/9.599969,,https://openalex.org/W2115424783,Multiobjective output-feedback control via LMI optimization,1997,Carsten W. Scherer; P. Gahinet; M. Chilali,IEEE Transactions on Automatic Control,O4,harvest,L1,0,0,,,,,[title] unrelated to H1-H4,no,,,
,10.1016/j.patcog.2017.10.009,10.1016/j.patcog.2017.10.009,,https://openalex.org/W2560886373,Multiple instance learning: A survey of problem characteristics and applications,2017,Marc‐André Carbonneau; Veronika Cheplygina; Éric Granger; Ghyslain Gagnon,Pattern Recognition,O1,harvest,L1,0,0,,,,,[title] unrelated to H1-H4,no,,,
,10.1214/aos/1176347963,10.1214/aos/1176347963,,https://openalex.org/W2102201073,Multivariate Adaptive Regression Splines,1991,Jerome H. Friedman,The Annals of Statistics,O4;O6,harvest,L1,0,0,,,,,[title] unrelated to H1-H4 [seen_in_round1],no,,,
,10.1016/0167-9473(90)90127-4,10.1016/0167-9473(90)90127-4,,https://openalex.org/W4232492049,Multiway data analysis,1990,R. Coppi,Computational Statistics & Data Analysis,O1,snowball,L1,0,0,,,,,[title] unrelated to H1-H4,no,,,
,10.1002/9781119417774.ch12,10.1002/9781119417774.ch12,,https://openalex.org/W3110501983,Multi‐Configuration Time‐Dependent Hartree Methods: From Quantum to Semiclassical and Quantum‐Classical,2020,Matteo Bonfanti; Graham A. Worth; Irène Burghardt,,O1,snowball,L1,0,0,,,,,[title] unrelated to H1-H4,no,,,
,10.1016/j.laa.2011.04.019,10.1016/j.laa.2011.04.019,,https://openalex.org/W2328976642,Musings on multilinear fitting,2011,Martin J. Mohlenkamp,Linear Algebra and its Applications,O1,snowball,L1,0,0,,,,,[title] unrelated to H1-H4,no,,,
,10.1007/jhep10(2015)003,10.1007/jhep10(2015)003,,https://openalex.org/W1846387892,Mutual information and the F-theorem,2015,Horacio Casini; Marina Huerta; Robert C. Myers; Alexandre Yale,Journal of High Energy Physics,O5,harvest,L1,0,0,,,,,[title] unrelated to H1-H4,no,,,
,10.1063/5.0004997,10.1063/5.0004997,,https://openalex.org/W3020638658,"NWChem: Past, present, and future",2020,E. Aprà; E. J. Bylaska; W. A. de Jong; N. Govind; K. Kowalski; T. P. Straatsma,The Journal of Chemical Physics,O3,harvest,L1,0,0,,,,,[title] unrelated to H1-H4,no,,,
,10.1214/09-aos729,10.1214/09-aos729,,https://openalex.org/W1965125844,Nearly unbiased variable selection under minimax concave penalty,2010,Cun‐Hui Zhang,The Annals of Statistics,O4,harvest,L1,0,0,,,,,[title] unrelated to H1-H4 [seen_in_round1],no,,,
,10.1038/s43586-022-00121-x,10.1038/s43586-022-00121-x,,https://openalex.org/W4281552525,Nested sampling for physical scientists,2022,G. Ashton; Noam Bernstein; Johannes Büchner; Xi Chen; Gábor Cśanyi; Andrew Fowlie,Nature Reviews Methods Primers,O1,harvest,L1,0,0,,,,,[title] unrelated to H1-H4,no,,,
,10.1214/23-ss144,10.1214/23-ss144,,https://openalex.org/W3123560198,Nested sampling methods,2023,Johannes Büchner,Statistics Surveys,O6,harvest,L1,0,0,,,,,[title] unrelated to H1-H4,no,,,
,10.1016/j.physrep.2020.05.004,10.1016/j.physrep.2020.05.004,,https://openalex.org/W3033513666,Networks beyond pairwise interactions: Structure and dynamics,2020,Federico Battiston; Giulia Cencetti; Iacopo Iacopini; Vito Latora; Maxime Lucas; Alice Patania,Physics Reports,O5,harvest,L1,0,0,,,,,[title] unrelated to H1-H4 [seen_in_round1],no,,,
,10.1021/acs.chemrev.0c00665,10.1021/acs.chemrev.0c00665,,https://openalex.org/W3090555547,Neural Network Potential Energy Surfaces for Small Molecules and Reactions,2020,Sergei Manzhos; Tucker Carrington,Chemical Reviews,O3,harvest,L1,0,0,,,,,[title] unrelated to H1-H4,no,,,
,10.1007/s11831-023-10009-y,10.1007/s11831-023-10009-y,,https://openalex.org/W4387705023,Neural Networks for Constitutive Modeling: From Universal Function Approximators to Advanced Models and the Integration of Physics,2023,Johannes Dornheim; Lukas Morand; Hemanth Janarthanam Nallani; Dirk Helm,Archives of Computational Methods in Engineering,O1,harvest,L1,0,0,,,,,[title] unrelated to H1-H4,no,,,
,10.1088/0034-4885/76/5/056201,10.1088/0034-4885/76/5/056201,,https://openalex.org/W2002954796,Neutrino mass and mixing with discrete symmetry,2013,Stephen F. King; Christoph Luhn,Reports on Progress in Physics,O4,harvest,L1,0,0,,,,,[title] unrelated to H1-H4,no,,,
,10.1007/s11548-014-1118-5,10.1007/s11548-014-1118-5,,https://openalex.org/W2052882206,NiftySim: A GPU-based nonlinear finite element package for simulation of soft tissue biomechanics,2014,Stian Johnsen; Zeike A. Taylor; Matthew J. Clarkson; John H. Hipwell; Marc Modat; Björn Eiben,International Journal of Computer Assisted Radiology and Surgery,O2,harvest,L1,0,0,,,,,[title] unrelated to H1-H4,no,,,
,10.1090/s0894-0347-1992-1126118-x,10.1090/s0894-0347-1992-1126118-x,,https://openalex.org/W1986198949,Nilpotent structures and invariant metrics on collapsed manifolds,1992,Jeff Cheeger; Kenji Fukaya; Mikhael Gromov,Journal of the American Mathematical Society,O4,harvest,L1,0,0,,,,,[title] unrelated to H1-H4,no,,,
,10.1103/revmodphys.94.015004,10.1103/revmodphys.94.015004,,https://openalex.org/W4213212652,Noisy intermediate-scale quantum algorithms,2022,Kishor Bharti; Alba Cervera-Lierta; Thi Ha Kyaw; Tobias Haug; Sumner Alperin-Lea; Abhinav Anand,Reviews of Modern Physics,O3,harvest,L1,0,0,,,,,[title] unrelated to H1-H4 [seen_in_round1],no,,,
,10.5287/ora-aekrx2qq0,10.5287/ora-aekrx2qq0,,https://openalex.org/W789898670,Non-equilibrium strongly-correlated dynamics,2013,T. H. Johnson,Oxford University Research Archive (ORA) (University of Oxford),O3,harvest,L1,0,0,,,,,[title] unrelated to H1-H4,no,,,
,10.1007/978-1-4612-0981-2,10.1007/978-1-4612-0981-2,,https://openalex.org/W1547403762,Nonlinear Functional Analysis and its Applications,1990,Eberhard Zeidler,,O1,snowball,L1,0,0,,,,,[title] unrelated to H1-H4,no,,,
,10.1007/978-1-4612-5020-3,10.1007/978-1-4612-5020-3,,https://openalex.org/W4251401614,Nonlinear Functional Analysis and its Applications,1985,Eberhard Zeidler,,O1,snowball,L1,0,0,,,,,[title] unrelated to H1-H4,no,,,
,10.1007/978-1-4612-4566-7,10.1007/978-1-4612-4566-7,,https://openalex.org/W4254594825,Nonlinear Functional Analysis and its Applications,1988,Eberhard Zeidler,,O1,snowball,L1,0,0,,,,,[title] unrelated to H1-H4,no,,,
,nonlinearfunctionalanalysisanditsapplicationsivapplicationstomathematicalphysics,,,https://openalex.org/W2736416599,Nonlinear Functional Analysis and its Applications : IV: Applications to Mathematical Physics,1988,Eberhard Zeidler,,O1,snowball,L1,0,0,,,,,[title] unrelated to H1-H4,no,,,
,nonlinearfunctionalanalysisanditsapplicationsiiivariationalmethodsandoptimization,,,https://openalex.org/W2594169092,Nonlinear Functional Analysis and its Applications: III: Variational Methods and Optimization,1984,Eberhard Zeidler,,O1,snowball,L1,0,0,,,,,[title] unrelated to H1-H4,no,,,
,10.1017/s0962492900002816,10.1017/s0962492900002816,,https://openalex.org/W4231428347,Nonlinear approximation,1998,Ronald DeVore,Acta Numerica,O1,snowball,L1,0,0,,,,,[title] unrelated to H1-H4,no,,,
,10.1090/noti1617,10.1090/noti1617,,https://openalex.org/W292382557,Nonstandard Finite Difference Schemes,2017,Ronald E. Mickens,Notices of the American Mathematical Society,O4,harvest,L1,0,0,,,,,[title] unrelated to H1-H4,no,,,
,10.1016/j.physletb.2005.05.040,10.1016/j.physletb.2005.05.040,,https://openalex.org/W2045249747,Nontrivial correlation between the CKM and MNS matrices,2005,Zhi‐zhong Xing,Physics Letters B,O4,harvest,L1,0,0,,,,,[title] unrelated to H1-H4,no,,,
,10.48550/arxiv.1302.1555,10.48550/arxiv.1302.1555,,https://openalex.org/W1901420645,Nonuniform Dynamic Discretization in Hybrid Networks,2013,Alexander V. Kozlov; Daphne Koller,arXiv (Cornell University),O6,harvest,L1,0,0,,,,,[title] unrelated to H1-H4,no,,,
,10.1137/120876459,10.1137/120876459,,https://openalex.org/W2000345836,Normalized Iterative Hard Thresholding for Matrix Completion,2013,Jared Tanner; Ke Wei,SIAM Journal on Scientific Computing,O1,snowball,L1,0,0,,,,,[title] unrelated to H1-H4,no,,,
,10.1002/pssb.200945229,10.1002/pssb.200945229,,https://openalex.org/W2135226622,Nuclear spins in nanostructures,2009,W. A. Coish; J. Baugh,physica status solidi (b),O6,harvest,L1,0,0,,,,,[title] unrelated to H1-H4,no,,,
,10.2307/j.ctv7h0skv,10.2307/j.ctv7h0skv,,https://openalex.org/W4300600608,Numerical Methods for Stochastic Computations,2010,Dongbin Xiu,Princeton University Press eBooks,O1,snowball,L1,0,0,,,,,[title] unrelated to H1-H4,no,,,
,numericalmethodsforstochasticcomputationsaspectralmethodapproach,,,https://openalex.org/W1880751280,Numerical Methods for Stochastic Computations: A Spectral Method Approach,2010,Dongbin Xiu,,O1,snowball,L1,0,0,,,,,[title] unrelated to H1-H4,no,,,
,10.1088/0264-9381/33/13/133001,10.1088/0264-9381/33/13/133001,,https://openalex.org/W2200587632,Numerical methods for finding stationary gravitational solutions,2016,Óscar J C Dias; Jorge E Santos; Benson Way,Classical and Quantum Gravity,O4,harvest,L1,0,0,,,,,[title] unrelated to H1-H4,no,,,
,10.1073/pnas.112329799,10.1073/pnas.112329799,,https://openalex.org/W1980428773,Numerical operator calculus in higher dimensions,2002,Gregory Beylkin; Martin J. Mohlenkamp,Proceedings of the National Academy of Sciences,O1,snowball,L1,0,0,,,,,[title] unrelated to H1-H4 [seen_in_round1],no,,,
,10.3847/0004-637x/833/1/3,10.3847/0004-637x/833/1/3,,https://openalex.org/W2496932746,OBSERVATION AND CHARACTERIZATION OF A COSMIC MUON NEUTRINO FLUX FROM THE NORTHERN HEMISPHERE USING SIX YEARS OF ICECUBE DATA,2016,M. G. Aartsen; K. Abraham; M. Ackermann; J. Adams; J. A. Aguilar; M. Ahlers,The Astrophysical Journal,O6,harvest,L1,0,0,,,,,[title] unrelated to H1-H4 [seen_in_round1],no,,,
,10.1142/s0218202512500236,10.1142/s0218202512500236,,https://openalex.org/W2056227133,ON THE OPTIMAL POLYNOMIAL APPROXIMATION OF STOCHASTIC PDES BY GALERKIN AND COLLOCATION METHODS,2012,Joakim Beck; Raúl Tempone; Fabio Nobile; Lorenzo Tamellini,Mathematical Models and Methods in Applied Sciences,O1,snowball,L1,0,0,,,,,[abs] unrelated to H1-H4,no,,,
,10.1016/j.jmoneco.2014.08.005,10.1016/j.jmoneco.2014.08.005,,https://openalex.org/W2120422722,OccBin: A toolkit for solving dynamic models with occasionally binding constraints easily,2014,Luca Guerrieri; Matteo Iacoviello,Journal of Monetary Economics,O4,harvest,L1,0,0,,,,,[title] unrelated to H1-H4,no,,,
,10.1016/j.jmaa.2010.03.041,10.1016/j.jmaa.2010.03.041,,https://openalex.org/W2013268819,On Chebyshev functions and Klee functions,2010,Xianfu Wang,Journal of Mathematical Analysis and Applications,O4,snowball,L1,0,0,,,,,[title] unrelated to H1-H4,no,,,
,10.1002/nla.2158,10.1002/nla.2158,,https://openalex.org/W2898784274,On compact vector formats in the solution of the chemical master equation with backward differentiation,2018,Tuǧrul Dayar; M. Can Orhan,Numerical Linear Algebra with Applications,O1,harvest,L1,0,0,,,,,[title] unrelated to H1-H4 [seen_in_round1],no,,,
,10.1214/aoap/1019737664,10.1214/aoap/1019737664,,https://openalex.org/W2034944977,"On excursion sets, tube formulas and maxima of random fields",2000,Robert J. Adler,The Annals of Applied Probability,O5,harvest,L1,0,0,,,,,[title] unrelated to H1-H4,no,,,
,10.1073/pnas.1907377117,10.1073/pnas.1907377117,,https://openalex.org/W2911290743,On instabilities of deep learning in image reconstruction and the potential costs of AI,2020,Vegard Antun; Francesco Renna; Clarice Poon; Ben Adcock; Anders C. Hansen,Proceedings of the National Academy of Sciences,O4,harvest,L1,0,0,,,,,[title] unrelated to H1-H4,no,,,
,10.1109/26.339844,10.1109/26.339844,,https://openalex.org/W2014647007,On joint transmitter and receiver optimization for multiple-input-multiple-output (MIMO) transmission systems,1994,Jian Yang; Sumit Roy,IEEE Transactions on Communications,O5,snowball,L1,0,0,,,,,[title] unrelated to H1-H4,no,,,
,10.1016/j.laa.2014.01.017,10.1016/j.laa.2014.01.017,,https://openalex.org/W2003960350,On subspace distances determined by the Frobenius norm,2014,Oskar Maria Baksalary; Götz Trenkler,Linear Algebra and its Applications,O4,harvest,L1,0,0,,,,,[title] unrelated to H1-H4,no,,,
,10.1007/s11831-023-09899-9,10.1007/s11831-023-09899-9,,https://openalex.org/W4362553764,On the Analyses of Medical Images Using Traditional Machine Learning Techniques and Convolutional Neural Networks,2023,Saeed Iqbal; Adnan N. Qureshi; Jianqiang Li; Tariq Mahmood,Archives of Computational Methods in Engineering,O1,harvest,L1,0,0,,,,,[title] unrelated to H1-H4,no,,,
,10.1137/090764049,10.1137/090764049,,https://openalex.org/W1988220126,On the Approximation Quality of Markov State Models,2010,Marco Sarich; Frank Noé; Christof Schütte,Multiscale Modeling and Simulation,O1,snowball,L1,0,0,,,,,[abs] unrelated to H1-H4,no,,,
,10.1137/1035134,10.1137/1035134,,https://openalex.org/W1972949070,On the Early History of the Singular Value Decomposition,1993,G. W. Stewart,SIAM Review,O1,snowball,L1,0,0,,,,,[title] unrelated to H1-H4,no,,,
,10.1007/s00205-015-0845-2,10.1007/s00205-015-0845-2,,https://openalex.org/W2021222440,"On the Inequalities of Babuška–Aziz, Friedrichs and Horgan–Payne",2015,Martin Costabel; Monique Dauge,Archive for Rational Mechanics and Analysis,O4,harvest,L1,0,0,,,,,[title] unrelated to H1-H4,no,,,
,10.1109/tvt.2009.2029438,10.1109/tvt.2009.2029438,,https://openalex.org/W2128719882,"On the Performance, Complexity, and Fairness of Suboptimal Resource Allocation for Multiuser MIMO–OFDMA Systems",2009,Tarcísio F. Maciel; Anja Klein,IEEE Transactions on Vehicular Technology,O5,snowball,L1,0,0,,,,,[title] unrelated to H1-H4,no,,,
,10.1016/0022-247x(81)90013-5,10.1016/0022-247x(81)90013-5,,https://openalex.org/W2046201138,On the asymptotic behavior of nonlinear semigroups and the range of accretive operators,1981,Simeon Reich,Journal of Mathematical Analysis and Applications,O4,snowball,L1,0,0,,,,,[title] unrelated to H1-H4,no,,,
,10.1007/978-3-642-03413-8_3,10.1007/978-3-642-03413-8_3,,https://openalex.org/W96075793,On the efficient computation of high-dimensional integrals and the approximation by exponential sums,2009,Dietrich Braess; Wolfgang Hackbusch,,O1,snowball,L1,0,0,,,,,[title] unrelated to H1-H4,no,,,
,10.6092/unibo/amsdottorato/7612,10.6092/unibo/amsdottorato/7612,,https://openalex.org/W2521426814,"On the interplay of Mixed Integer Linear, Mixed Integer Nonlinear and Constraint Programming",2016,Sven Wiese,AMS Dottorato Institutional Doctoral Theses Repository (University of Bologna),O5,harvest,L1,0,0,,,,,[title] unrelated to H1-H4,no,,,
,10.1080/02331934.2020.1767101,10.1080/02331934.2020.1767101,,https://openalex.org/W3027187496,On the optimal relaxation parameters of Krasnosel'ski–Mann iteration,2020,Songnian He; Qiao‐Li Dong; Hanlin Tian; Xiaohuan Li,Optimization,O4,snowball,L1,0,0,,,,,[title] unrelated to H1-H4,no,,,
,10.1016/s0024-3795(00)00322-0,10.1016/s0024-3795(00)00322-0,,https://openalex.org/W2157560371,On the singular values of Gaussian random matrices,2001,Jianhong Shen,Linear Algebra and its Applications,O6,snowball,L1,0,0,,,,,[title] unrelated to H1-H4,no,,,
,10.1093/gji/ggw084,10.1093/gji/ggw084,,https://openalex.org/W2296199152,On the use of sensitivity tests in seismic tomography,2016,Nicholas Rawlinson; Wim Spakman,Geophysical Journal International,O1,harvest,L1,0,0,,,,,[title] unrelated to H1-H4 [seen_in_round1],no,,,
,10.2140/apde.2012.5.397,10.2140/apde.2012.5.397,,https://openalex.org/W2072204923,"On triangles determined by subsets of the Euclidean plane, the associated bilinear operators and applications to discrete geometry",2012,Allan Greenleaf; Alex Iosevich,Analysis & PDE,O5,harvest,L1,0,0,,,,,[title] unrelated to H1-H4,no,,,
,10.3389/fmats.2019.00075,10.3389/fmats.2019.00075,,https://openalex.org/W2916087991,On-the-Fly Adaptivity for Nonlinear Twoscale Simulations Using Artificial Neural Networks and Reduced Order Modeling,2019,Felix Fritzen; Mauricio Fernández; Fredrik Larsson,Frontiers in Materials,O6,harvest,L1,0,0,,,,,[title] unrelated to H1-H4,no,,,
,10.48550/arxiv.2109.14449,10.48550/arxiv.2109.14449,,https://openalex.org/W4286953491,One Loss for All: Deep Hashing with a Single Cosine Similarity based\n Learning Objective,2021,Jiun Tian Hoe; Kam Woh Ng; Tianyu Zhang; Chee Seng Chan; Yi-Zhe Song; Tao Xiang,arXiv (Cornell University),O6,harvest,L1,0,0,,,,,[title] unrelated to H1-H4,no,,,
,10.1103/physrevx.14.041029,10.1103/physrevx.14.041029,,https://openalex.org/W4403976818,Opening the Black Box inside Grover’s Algorithm,2024,E. Miles Stoudenmire; Xavier Waintal,Physical Review X,O6,snowball,L1,0,0,,,,,[title] unrelated to H1-H4,no,,,
,operatortheoryforanalysisofconvexoptimizationmethodsinmachinelearning,,,https://openalex.org/W2589883535,Operator Theory for Analysis of Convex Optimization Methods in Machine Learning,2014,Patrick W. Gallagher,eScholarship (California Digital Library),O4,harvest,L1,0,0,,,,,[title] unrelated to H1-H4,no,,,
,10.1109/tcom.1976.1093255,10.1109/tcom.1976.1093255,,https://openalex.org/W2165048717,Optimal Linear Coding for Vector Channels,1976,Kyong-Hwa Lee; Daniel P. Petersen,IRE Transactions on Communications Systems,O5,snowball,L1,0,0,,,,,[title] unrelated to H1-H4,no,,,
,10.1109/tsp.2007.907808,10.1109/tsp.2007.907808,,https://openalex.org/W2149803021,Optimal Linear Precoding Strategies for Wideband Non-Cooperative Systems Based on Game Theory—Part II: Algorithms,2008,Gesualdo Scutari; Daniel P. Palomar; Sergio Barbarossa,IEEE Transactions on Signal Processing,O5,snowball,L1,0,0,,,,,[title] unrelated to H1-H4,no,,,
,10.1109/tsp.2007.907807,10.1109/tsp.2007.907807,,https://openalex.org/W2108680348,Optimal Linear Precoding Strategies for Wideband Noncooperative Systems Based on Game Theory—Part I: Nash Equilibria,2008,Gesualdo Scutari; Daniel P. Palomar; Sergio Barbarossa,IEEE Transactions on Signal Processing,O5,snowball,L1,0,0,,,,,[title] unrelated to H1-H4,no,,,
,10.1021/acs.jctc.2c01089,10.1021/acs.jctc.2c01089,,https://openalex.org/W4318499731,Optimal Mode Combination in the Multiconfiguration Time-Dependent Hartree Method through Multivariate Statistics: Factor Analysis and Hierarchical Clustering,2023,David Mendive‐Tapia; Hans‐Dieter Meyer; Oriol Vendrell,Journal of Chemical Theory and Computation,O1,snowball,L1,0,0,,,,,[title] unrelated to H1-H4,no,,,
,10.1109/tsp.2016.2641381,10.1109/tsp.2016.2641381,,https://openalex.org/W2561146563,Optimal Pilot and Payload Power Control in Single-Cell Massive MIMO Systems,2016,Hei Victor Cheng; Emil Björnson; Erik G. Larsson,IEEE Transactions on Signal Processing,O5,snowball,L1,0,0,,,,,[abs] unrelated to H1-H4,no,,,
,10.1109/jsac.2022.3143237,10.1109/jsac.2022.3143237,,https://openalex.org/W3212795962,Optimal Power Allocation in Downlink Multicarrier NOMA Systems: Theory and Fast Algorithms,2022,Sepehr Rezvani; Eduard A. Jorswieck; Roghayeh Joda; Halim Yanıkömeroğlu,IEEE Journal on Selected Areas in Communications,O5,snowball,L1,0,0,,,,,[abs] unrelated to H1-H4,no,,,
,10.1109/vetecf.2000.886308,10.1109/vetecf.2000.886308,,https://openalex.org/W2118148929,Optimal adaptive precoding for frequency-selective Nagakami-m fading channels,2002,Anna Scaglione; Sergio Barbarossa; Georgios B. Giannakis,,O5,snowball,L1,0,0,,,,,[title] unrelated to H1-H4,no,,,
,10.1109/78.995062,10.1109/78.995062,,https://openalex.org/W2130667916,Optimal designs for space-time linear precoders and decoders,2002,Anna Scaglione; Petre Stoica; Sergio Barbarossa; Georgios B. Giannakis; H. Sampath,IEEE Transactions on Signal Processing,O5,snowball,L1,0,0,,,,,[title] unrelated to H1-H4,no,,,
,10.1017/s0962492924000023,10.1017/s0962492924000023,,https://openalex.org/W4402229381,Optimal experimental design: Formulations and computations,2024,Xun Huan; Jayanth Jagalur; Youssef Marzouk,Acta Numerica,O1,harvest,L1,0,0,,,,,[title] unrelated to H1-H4 [seen_in_round1],no,,,
,10.1515/9781400830244,10.1515/9781400830244,,https://openalex.org/W1804110266,Optimization Algorithms on Matrix Manifolds,2008,P.-A. Absil; Robert Mahony; Rodolphe Sepulchre,Princeton University Press eBooks,O1,snowball,L1,0,0,,,,,[title] unrelated to H1-H4,no,,,
,10.1137/1.9781611971309,10.1137/1.9781611971309,,https://openalex.org/W1551360398,Optimization and Nonsmooth Analysis,1990,Frank H. Clarke,Society for Industrial and Applied Mathematics eBooks,O4,snowball,L1,0,0,,,,,[title] unrelated to H1-H4,no,,,
,10.1103/9prw-684p,10.1103/9prw-684p,,https://openalex.org/W4414793157,Optimization via quantum preconditioning,2025,Maxime Dupont; Tina Oberoi; Bhuvanesh Sundar,Physical Review Applied,O6,snowball,L1,0,0,,,,,[title] unrelated to H1-H4,no,,,
,10.1103/prxquantum.4.040319,10.1103/prxquantum.4.040319,,https://openalex.org/W4297812238,Optimizing Resource Efficiencies for Scalable Full-Stack Quantum Computers,2023,Marco Fellous-Asiani; Jing Hao Chai; Yvain Thonnart; Hui Khoon Ng; Robert S. Whitney; Alexia Auffèves,PRX Quantum,O3,snowball,L1,0,0,,,,,[title] unrelated to H1-H4,no,,,
,10.1109/tsp.2004.826164,10.1109/tsp.2004.826164,,https://openalex.org/W2120435222,Optimum Linear Joint Transmit-Receive Processing for MIMO Channels with QoS Constraints,2004,Daniel P. Palomar; M.A. Lagunas; J.M. Cioffi,IEEE Transactions on Signal Processing,O5,snowball,L1,0,0,,,,,[title] unrelated to H1-H4,no,,,
,10.1109/tit.1967.1053971,10.1109/tit.1967.1053971,,https://openalex.org/W2109203631,Optimum pulse amplitude modulation--I: Transmitter-receiver design and bounds from information theory,1967,Thomas Berger; D.W. Tufts,IEEE Transactions on Information Theory,O5,snowball,L1,0,0,,,,,[title] unrelated to H1-H4,no,,,
,10.1016/s0377-0427(00)00509-4,10.1016/s0377-0427(00)00509-4,,https://openalex.org/W2035738465,Orthogonal spline collocation methods for partial differential equations,2001,Bernard Bialecki; Graeme Fairweather,Journal of Computational and Applied Mathematics,O4,harvest,L1,0,0,,,,,[title] unrelated to H1-H4,no,,,
,10.1007/s00440-011-0397-9,10.1007/s00440-011-0397-9,,https://openalex.org/W2012278543,Outliers in the spectrum of iid matrices with bounded rank perturbations,2011,Terence Tao,Probability Theory and Related Fields,O4,harvest,L1,0,0,,,,,[title] unrelated to H1-H4,no,,,
,10.1063/5.0006002,10.1063/5.0006002,,https://openalex.org/W3024385728,P SI4 1.4: Open-source software for high-throughput quantum chemistry,2020,Daniel G. A. Smith; Lori A. Burns; Andrew C. Simmonett; Robert M. Parrish; Matthew Cole Schieber; Raimondas Galvelis,The Journal of Chemical Physics,O1,harvest,L1,0,0,,,,,[title] unrelated to H1-H4,no,,,
,10.1088/1361-6420/adb8c6,10.1088/1361-6420/adb8c6,,https://openalex.org/W4407811647,PALADIN: a novel plug-and-play 3D CS-MRI reconstruction method,2025,Jiemin Wu; Shi-Bai Yin; Tai-Xiang Jiang; Guisong Liu; Xi-Le Zhao,Inverse Problems,O4,snowball,L1,0,0,,,,,[title] unrelated to H1-H4,no,,,
,pepskitjlajuliapackageforprojectedentangledpairstatesimulations,,,https://openalex.org/W7162045035,PEPSKit.jl: A Julia package for projected entangled-pair state simulations,2026,Paul Brehmer; Lander Burgelman; Zheng-Yuan Yue; Gleb Fedorovich; Jutho Haegeman; Lukas Devos,arXiv (Cornell University),O3,harvest,L1,0,0,,,,,[title] unrelated to H1-H4,no,,,
,10.1016/j.cma.2021.114181,10.1016/j.cma.2021.114181,,https://openalex.org/W3206057793,POD-DL-ROM: Enhancing deep learning-based reduced order models for nonlinear parametrized PDEs by proper orthogonal decomposition,2021,Stefania Fresca; Andrea Manzoni,arXiv (Cornell University),O4,harvest,L1,0,0,,,,,[title] unrelated to H1-H4,no,,,
,10.1007/978-3-319-97142-1_3,10.1007/978-3-319-97142-1_3,,https://openalex.org/W2803565980,Parallel and Distributed Successive Convex Approximation Methods for Big-Data Optimization,2018,Gesualdo Scutari; Ying Sun,Lecture notes in mathematics,O5,snowball,L1,0,0,,,,,[title] unrelated to H1-H4,no,,,
,10.48550/arxiv.2408.09981,10.48550/arxiv.2408.09981,,https://openalex.org/W4402502594,Parseval Convolution Operators and Neural Networks,2024,Michaël Unser; Stanislas Ducotterd,arXiv (Cornell University),O4,harvest,L1,0,0,,,,,[title] unrelated to H1-H4,no,,,
,10.1103/physrevapplied.20.014054,10.1103/physrevapplied.20.014054,,https://openalex.org/W4385237820,Performance Study of Variational Quantum Algorithms for Solving the Poisson Equation on a Quantum Computer,2023,Mazen Ali; Matthias Kabel,Physical Review Applied,O1,snowball,L1,0,0,,,,,[title] unrelated to H1-H4,no,,,
,10.3847/1538-4365/aa876b,10.3847/1538-4365/aa876b,,https://openalex.org/W2755849405,Perturbation of a Schwarzschild Black Hole Due to a Rotating Thin Disk,2017,Pavel Čı́žek; O. Semerák,The Astrophysical Journal Supplement Series,O5,harvest,L1,0,0,,,,,[title] unrelated to H1-H4,no,,,
,10.1109/tsp.2013.2283840,10.1109/tsp.2013.2283840,,https://openalex.org/W2067878805,Perturbed Orthogonal Matching Pursuit,2013,Oğuzhan Teke; Ali Cafer Gürbüz; Orhan Arıkan,IEEE Transactions on Signal Processing,O4,harvest,L1,0,0,,,,,[title] unrelated to H1-H4,no,,,
,10.1038/s41586-024-07998-6,10.1038/s41586-024-07998-6,,https://openalex.org/W4403244104,Phase transitions in random circuit sampling,2024,Alexis Morvan; Benjamin Villalonga; Xiao Mi; Salvatore Mandrà; Andreas Bengtsson; Paul V. Klimov,Nature,O6,snowball,L1,0,0,,,,,[title] unrelated to H1-H4,no,,,
,10.1103/physrevlett.127.180502,10.1103/physrevlett.127.180502,,https://openalex.org/W3176603110,Phase-Programmable Gaussian Boson Sampling Using Stimulated Squeezed Light,2021,Han-Sen Zhong; Yu-Hao Deng; Jian Qin; Hui Wang; Ming-Cheng Chen; Li-Chao Peng,Physical Review Letters,O3,snowball,L1,0,0,,,,,[title] unrelated to H1-H4,no,,,
,10.48550/arxiv.2308.10796,10.48550/arxiv.2308.10796,,https://openalex.org/W4386081790,Phase-Sensitive Quantum Measurement without Controlled Operations,2023,Yilun Yang; Arthur Christianen; Mari Carmen Bañuls; Dominik S. Wild; J. I. Cirac,arXiv (Cornell University),O3,harvest,L1,0,0,,,,,[title] unrelated to H1-H4,no,,,
,10.1107/s0021889807021206,10.1107/s0021889807021206,,https://openalex.org/W2163341755,Phaser crystallographic software,2007,Airlie J. McCoy; Ralf W. Grosse‐Kunstleve; Paul D. Adams; Martyn Winn; Laurent C. Storoni; Randy J. Read,Journal of Applied Crystallography,O4,harvest,L1,0,0,,,,,[title] unrelated to H1-H4 [seen_in_round1],no,,,
,10.1109/twc.2016.2604800,10.1109/twc.2016.2604800,,https://openalex.org/W2516454286,Physical Layer Security in MIMO Backscatter Wireless Systems,2016,Qian Yang; Hui-Ming Wang; Yi Zhang; Zhu Han,IEEE Transactions on Wireless Communications,O5,snowball,L1,0,0,,,,,[title] unrelated to H1-H4,no,,,
,10.1051/0004-6361/201525830,10.1051/0004-6361/201525830,,https://openalex.org/W4292875581,Planck 2015 results,2016,P. A. R. Ade; N. Aghanim; M. Arnaud; M. Ashdown; J. Aumont; C. Baccigalupi,Astronomy and Astrophysics,O4,harvest,L1,0,0,,,,,[title] unrelated to H1-H4,no,,,
,10.17863/cam.32861,10.17863/cam.32861,,https://openalex.org/W1909359706,Planck 2015 results,2016,"Ade, PAR; N. Aghanim; M. Arnaud; M. Ashdown; J. Aumont; C. Baccigalupi",ORCA Online Research @Cardiff (Cardiff University),O4,harvest,L1,0,0,,,,,[title] unrelated to H1-H4,no,,,
,10.17863/cam.52,10.17863/cam.52,,https://openalex.org/W2962843235,Planck 2015 results,2016,"Ade, PAR; N. Aghanim; M. Arnaud; Frederico Arroja; M. Ashdown; J. Aumont",ORCA Online Research @Cardiff (Cardiff University),O6,harvest,L1,0,0,,,,,[title] unrelated to H1-H4,no,,,
,10.17863/cam.43700,10.17863/cam.43700,,https://openalex.org/W2131919044,Planck 2015 results: XVII. Constraints on primordial non-Gaussianity,2016,"Ade, PAR; N. Aghanim; M. Arnaud; Frederico Arroja; M. Ashdown; J. Aumont",ORCA Online Research @Cardiff (Cardiff University),O6,harvest,L1,0,0,,,,,[title] unrelated to H1-H4,no,,,
,10.1051/0004-6361/201936386,10.1051/0004-6361/201936386,,https://openalex.org/W3103282112,Planck 2018 results,2020,N. Aghanim; Y. Akrami; M. Ashdown; J. Aumont; C. Baccigalupi; M. Ballardini,Astronomy and Astrophysics,O6,harvest,L1,0,0,,,,,[title] unrelated to H1-H4,no,,,
,10.1051/0004-6361/201321529,10.1051/0004-6361/201321529,,https://openalex.org/W1976761078,Planck2013 results. I. Overview of products and scientific results,2014,P. A. R. Ade; N. Aghanim; M. I. R. Alves; C. Armitage-Caplan; M. Arnaud; M. Ashdown,Astronomy and Astrophysics,O4,harvest,L1,0,0,,,,,[title] unrelated to H1-H4,no,,,
,10.1016/s0004-3702(98)00023-x,10.1016/s0004-3702(98)00023-x,,https://openalex.org/W2168359464,Planning and acting in partially observable stochastic domains,1998,Leslie Pack Kaelbling; Michael L. Littman; Anthony R. Cassandra,Artificial Intelligence,O5,harvest,L1,0,0,,,,,[title] unrelated to H1-H4,no,,,
,10.1002/2016rg000529,10.1002/2016rg000529,,https://openalex.org/W2529276544,Plate Boundary Observatory and related networks: GPS data analysis methods and geodetic products,2016,T. A. Herring; T. I. Melbourne; M. H. Murray; Michael Floyd; Walter Szeliga; R. W. King,Reviews of Geophysics,O6,harvest,L1,0,0,,,,,[title] unrelated to H1-H4,no,,,
,10.1109/msp.2014.2377273,10.1109/msp.2014.2377273,,https://openalex.org/W1922442141,Playing with Duality: An overview of recent primal?dual approaches for solving large-scale optimization problems,2015,Nikos Komodakis; Jean‐Christophe Pesquet,IEEE Signal Processing Magazine,O5,harvest,L1,0,0,,,,,[title] unrelated to H1-H4,no,,,
,10.1145/1103900.1103907,10.1145/1103900.1103907,,https://openalex.org/W2071224029,Point-based computer graphics,2004,Marc Alexa; Markus Groß; Mark V. Pauly; Hanspeter Pfister; Marc Stamminger; Matthias Zwicker,,O6,harvest,L1,0,0,,,,,[title] unrelated to H1-H4,no,,,
,10.1145/3274659,10.1145/3274659,,https://openalex.org/W2916862255,Polar Affine Arithmetic,2019,Shouxiang Wang; Kai Wang; Lei Wu; Chengshan Wang,ACM Transactions on Mathematical Software,O5,snowball,L1,0,0,,,,,[title] unrelated to H1-H4,no,,,
,10.1038/s41524-023-01034-3,10.1038/s41524-023-01034-3,,https://openalex.org/W4381542525,Polymer graph neural networks for multitask property learning,2023,Owen Queen; Gavin A. McCarver; Saitheeraj Thatigotla; Brendan P. Abolins; Cameron L. Brown; Vasileios Maroulas,npj Computational Materials,O5,harvest,L1,0,0,,,,,[title] unrelated to H1-H4,no,,,
,10.1115/1.2888303,10.1115/1.2888303,,https://openalex.org/W1984943006,Polynomial Chaos in Stochastic Finite Elements,1990,Roger Ghanem; Pol D. Spanos,Journal of Applied Mechanics,O1,snowball,L1,0,0,,,,,[title] unrelated to H1-H4,no,,,
,10.1103/revmodphys.82.2557,10.1103/revmodphys.82.2557,,https://openalex.org/W1972837397,"Positron-molecule interactions: Resonant attachment, annihilation, and bound states",2010,G. F. Gribakin; Jason A. Young; C. M. Surko,Reviews of Modern Physics,O4,harvest,L1,0,0,,,,,[title] unrelated to H1-H4,no,,,
,10.3389/fnbot.2017.00041,10.3389/fnbot.2017.00041,,https://openalex.org/W2753884863,Postural Hand Synergies during Environmental Constraint Exploitation,2017,Cosimo Della Santina; Matteo Bianchi; Giuseppe Averta; Simone Ciotti; Visar Arapi; Simone Fani,Frontiers in Neurorobotics,O6,harvest,L1,0,0,,,,,[title] unrelated to H1-H4,no,,,
,10.1109/jstsp.2010.2052784,10.1109/jstsp.2010.2052784,,https://openalex.org/W2148230084,Power and Channel Allocation for Cooperative Relay in Cognitive Radio Networks,2010,Guodong Zhao; Chenyang Yang; Geoffrey Ye Li; Dongdong Li; Anthony C. K. Soong,IEEE Journal of Selected Topics in Signal Processing,O5,snowball,L1,0,0,,,,,[title] unrelated to H1-H4,no,,,
,10.1103/prxquantum.2.040202,10.1103/prxquantum.2.040202,,https://openalex.org/W3212431276,Practical Guide for Building Superconducting Quantum Devices,2021,Yvonne Y. Gao; M. A. Rol; Steven Touzard; Chen Wang,PRX Quantum,O6,harvest,L1,0,0,,,,,[title] unrelated to H1-H4,no,,,
,10.1038/s41586-022-04940-6,10.1038/s41586-022-04940-6,,https://openalex.org/W4288051764,Practical quantum advantage in quantum simulation,2022,Andrew J. Daley; Immanuel Bloch; Christian Kokail; Stuart Flannigan; Natalie Pearson; Matthias Troyer,Nature,O3,harvest,L1,0,0,,,,,[title] unrelated to H1-H4,no,,,
,10.1007/s10462-023-10449-9,10.1007/s10462-023-10449-9,,https://openalex.org/W4323038324,"Predicting dynamic spectrum allocation: a review covering simulation, modelling, and prediction",2023,Andrew C. Cullen; Benjamin I. P. Rubinstein; Sithamparanathan Kandeepan; B. Flower; Philip H. W. Leong,Artificial Intelligence Review,O2,harvest,L1,0,0,,,,,[title] unrelated to H1-H4,no,,,
,10.3390/math14122166,10.3390/math14122166,,https://openalex.org/W7164999592,Prediction-Powered Inference in Hybrid Measurement Regimes: A Statistical Survey,2026,Qiang Zhang; Chaobang Gao,Mathematics,O6,harvest,L1,0,0,,,,,[title] unrelated to H1-H4,no,,,
,10.1016/j.apnum.2020.06.005,10.1016/j.apnum.2020.06.005,,https://openalex.org/W3036065625,Primal-dual fixed point algorithm based on adapted metric method for solving convex minimization problem with application,2020,Wenli Huang; Yuchao Tang,Applied Numerical Mathematics,O4,snowball,L1,0,0,,,,,[title] unrelated to H1-H4,no,,,
,10.1109/tii.2017.2671923,10.1109/tii.2017.2671923,,https://openalex.org/W2591184940,Priority-Based Energy Scheduling in a Smart Distributed Network With Multiple Microgrids,2017,Ashok M. Jadhav; Nita R. Patne,IEEE Transactions on Industrial Informatics,O5,snowball,L1,0,0,,,,,[title] unrelated to H1-H4,no,,,
,10.12942/lrr-2008-9,10.12942/lrr-2008-9,,https://openalex.org/W2143529851,Probes and Tests of Strong-Field Gravity with Observations in the Electromagnetic Spectrum,2008,Dimitrios Psaltis,Living Reviews in Relativity,O5,harvest,L1,0,0,,,,,[title] unrelated to H1-H4,no,,,
,10.1126/science.abi8794,10.1126/science.abi8794,,https://openalex.org/W3216297445,Probing topological spin liquids on a programmable quantum simulator,2021,Giulia Semeghini; Harry Levine; Alexander Keesling; Sepehr Ebadi; Tout T. Wang; Dolev Bluvstein,Science,O3,harvest,L1,0,0,,,,,[title] unrelated to H1-H4,no,,,
,10.22331/q-2018-01-31-49,10.22331/q-2018-01-31-49,,https://openalex.org/W2566002283,ProjectQ: an open source software framework for quantum computing,2018,Damian S. Steiger; Thomas Häner; Matthias Troyer,Quantum,O6,harvest,L1,0,0,,,,,[title] unrelated to H1-H4,no,,,
,10.1016/j.nonrwa.2023.104021,10.1016/j.nonrwa.2023.104021,,https://openalex.org/W4388310293,Projected solutions of generalized quasivariational problems in Banach spaces,2023,Marco Castellani; Massimiliano Giuli; Monica Milasi; Domenico Scopelliti,Nonlinear Analysis Real World Applications,O6,harvest,L1,0,0,,,,,[title] unrelated to H1-H4,no,,,
,10.23919/ecc.2018.8550342,10.23919/ecc.2018.8550342,,https://openalex.org/W2795088933,Projected-gradient algorithms for Generalized Equilibrium seeking in Aggregative Games arepreconditioned Forward-Backward methods,2018,Giuseppe Belgioioso; Sergio Grammatico,,O4,snowball,L1,0,0,,,,,[title] unrelated to H1-H4,no,,,
,10.1021/acs.chemrev.0c00767,10.1021/acs.chemrev.0c00767,,https://openalex.org/W3116578724,Promises and Challenges of Next-Generation “Beyond Li-ion” Batteries for Electric Vehicles and Grid Decarbonization,2020,Yaosen Tian; Guobo Zeng; Ann Rutt; Tan Shi; Haegyeom Kim; Jingyang Wang,Chemical Reviews,O5,harvest,L1,0,0,,,,,[title] unrelated to H1-H4,no,,,
,10.1063/1.869686,10.1063/1.869686,,https://openalex.org/W2033068209,Proper orthogonal decomposition and low-dimensional models for driven cavity flows,1998,W. Cazemier; Roel Verstappen; A.E.P. Veldman,Physics of Fluids,O4,harvest,L1,0,0,,,,,[title] unrelated to H1-H4 [seen_in_round1],no,,,
,10.1103/km66-ltpl,10.1103/km66-ltpl,,https://openalex.org/W4399695860,Prospects for NMR spectral prediction on fault-tolerant quantum computers,2026,Justin E. Elenewski; Christina M. Camara; Amir Kalev,Physical Review Research,O6,snowball,L1,0,0,,,,,[title] unrelated to H1-H4,no,,,
,10.13118/themelis-andreas_phd2018,10.13118/themelis-andreas_phd2018,,https://openalex.org/W2993649961,Proximal Algorithms for Structured Nonconvex Optimization,2018,Andreas Themelis,Kyushu University Institutional Repository (QIR) (Kyushu University),O4,harvest,L1,0,0,,,,,[title] unrelated to H1-H4,no,,,
,10.1109/tcns.2017.2754358,10.1109/tcns.2017.2754358,,https://openalex.org/W2759175286,Proximal Dynamics in Multiagent Network Games,2017,Sergio Grammatico,IEEE Transactions on Control of Network Systems,O4,snowball,L1,0,0,,,,,[title] unrelated to H1-H4,no,,,
,10.1038/s41598-019-43176-9,10.1038/s41598-019-43176-9,,https://openalex.org/W2951211905,QAOA for Max-Cut requires hundreds of qubits for quantum speed-up,2019,Gian Giacomo Guerreschi; A. Y. Matsuura,Scientific Reports,O3,harvest,L1,0,0,,,,,[title] unrelated to H1-H4,no,,,
,10.1088/0953-8984/21/39/395502,10.1088/0953-8984/21/39/395502,,https://openalex.org/W2120145199,QUANTUM ESPRESSO: a modular and open-source software project for quantum simulations of materials,2009,Paolo Giannozzi; Stefano Baroni; Nicola Bonini; Matteo Calandra; Roberto Car; Carlo Cavazzoni,Journal of Physics Condensed Matter,O4,harvest,L1,0,0,,,,,[title] unrelated to H1-H4 [seen_in_round1],no,,,
,10.1021/acs.chemrev.9b00829,10.1021/acs.chemrev.9b00829,,https://openalex.org/W2999629616,Quantum Algorithms for Quantum Chemistry and Quantum Materials Science,2020,Bela Bauer; Sergey Bravyi; Mario Motta; Garnet Kin-Lic Chan,Chemical Reviews,O6,snowball,L1,0,0,,,,,[title] unrelated to H1-H4 [seen_in_round1],no,,,
,10.22331/q-2020-08-10-306,10.22331/q-2020-08-10-306,,https://openalex.org/W3008670164,Quantum Algorithms for Simulating the Lattice Schwinger Model,2020,Alexander F. Shaw; Pavel Lougovski; Jesse R. Stryker; Nathan Wiebe,Quantum,O6,harvest,L1,0,0,,,,,[title] unrelated to H1-H4,no,,,
,10.1103/physrevx.10.021067,10.1103/physrevx.10.021067,,https://openalex.org/W2903058119,"Quantum Approximate Optimization Algorithm: Performance, Mechanism, and Implementation on Near-Term Devices",2020,Leo Zhou; Sheng-Tao Wang; Soonwon Choi; Hannes Pichler; Mikhail D. Lukin,Physical Review X,O3,harvest,L1,0,0,,,,,[title] unrelated to H1-H4,no,,,
,10.1103/physrevx.8.031022,10.1103/physrevx.8.031022,,https://openalex.org/W2794503138,Quantum Chemistry Calculations on a Trapped-Ion Quantum Simulator,2018,Cornelius Hempel; Christine Maier; Jonathan Romero; Jarrod McClean; Thomas Monz; Heng Shen,Physical Review X,O3,harvest,L1,0,0,,,,,[title] unrelated to H1-H4,no,,,
,10.1109/tqe.2020.3030314,10.1109/tqe.2020.3030314,,https://openalex.org/W3037022125,Quantum Computing for Finance: State-of-the-Art and Future Prospects,2020,Daniel J. Egger; Claudio Gambella; Jakub Marecek; Scott McFaddin; Martin Mevissen; Rudy Raymond,IEEE Transactions on Quantum Engineering,O3,harvest,L1,0,0,,,,,[title] unrelated to H1-H4,no,,,
,10.1103/prxquantum.5.037001,10.1103/prxquantum.5.037001,,https://openalex.org/W4401331420,Quantum Computing for High-Energy Physics: State of the Art and Challenges,2024,Alberto Di Meglio; Karl Jansen; Ivano Tavernelli; Constantia Alexandrou; Srinivasan Arunachalam; C. Bauer,PRX Quantum,O1,harvest,L1,0,0,,,,,[title] unrelated to H1-H4,no,,,
,10.22331/q-2018-08-06-79,10.22331/q-2018-08-06-79,,https://openalex.org/W2781738013,Quantum Computing in the NISQ era and beyond,2018,John Preskill,Quantum,O3,snowball,L1,0,0,,,,,[title] unrelated to H1-H4 [seen_in_round1],no,,,
,10.3390/e27040427,10.3390/e27040427,,https://openalex.org/W4409446276,Quantum Error Mitigation in Optimized Circuits for Particle-Density Correlations in Real-Time Dynamics of the Schwinger Model,2025,Domenico Pomarico; Mahul Pandey; Riccardo Cioli; Federico Dell’Anna; Saverio Pascazio; Francesco V. Pepe,Entropy,O6,snowball,L1,0,0,,,,,[title] unrelated to H1-H4,no,,,
,10.1109/access.2019.2909490,10.1109/access.2019.2909490,,https://openalex.org/W2929612105,Quantum Machine Learning for 6G Communication Networks: State-of-the-Art and Vision for the Future,2019,Syed Junaid Nawaz; Shree Krishna Sharma; Shurjeel Wyne; Mohammad Patwary; Md Asaduzzaman,IEEE Access,O2;O3,harvest,L1,0,0,,,,,[title] unrelated to H1-H4,no,,,
,10.1140/epjqt/s40507-022-00138-x,10.1140/epjqt/s40507-022-00138-x,,https://openalex.org/W4286001073,"Quantum Optimal Control in Quantum Technologies. Strategic Report on Current Status, Visions and Goals for Research in Europe",2022,Christiane P. Koch; Boscain U.; Calarco T.; Dirr G.; Filipp S.; Glaser S. J.,Archivio istituzionale della ricerca (Alma Mater Studiorum Università di Bologna),O3,harvest,L1,0,0,,,,,[title] unrelated to H1-H4,no,,,
,10.1103/prxquantum.4.027001,10.1103/prxquantum.4.027001,,https://openalex.org/W4367841521,Quantum Simulation for High-Energy Physics,2023,C. Bauer; Zohreh Davoudi; A. Baha Balantekin; Tanmoy Bhattacharya; Marcela Carena; Wibe A. de Jong,PRX Quantum,O3,harvest,L1,0,0,,,,,[title] unrelated to H1-H4,no,,,
,10.1103/prxquantum.3.020101,10.1103/prxquantum.3.020101,,https://openalex.org/W3212590177,Quantum Technologies Need a Quantum Energy Initiative,2022,Alexia Auffèves,PRX Quantum,O3,snowball,L1,0,0,,,,,[title] unrelated to H1-H4,no,,,
,10.1109/ojcoms.2025.3591842,10.1109/ojcoms.2025.3591842,,https://openalex.org/W4412837002,"Quantum Technologies for Beyond 5G and 6G Networks: Applications, Opportunities, and Challenges",2025,Engin Zeydan; Chamitha de Alwis; Rabia Khan; Yekta Türk; Abdullah Aydeger; Thippa Reddy Gadekallu,IEEE Open Journal of the Communications Society,O3,snowball,L1,0,0,,,,,[title] unrelated to H1-H4,no,,,
,10.1038/s41567-020-01105-y,10.1038/s41567-020-01105-y,,https://openalex.org/W3015667706,Quantum approximate optimization of non-planar graph problems on a planar superconducting processor,2021,Matthew P. Harrigan; Kevin J. Sung; Matthew Neeley; Kevin J. Satzinger; Frank Arute; Kunal Arya,Nature Physics,O6,snowball,L1,0,0,,,,,[title] unrelated to H1-H4,no,,,
,10.1126/science.abe8770,10.1126/science.abe8770,,https://openalex.org/W3107463944,Quantum computational advantage using photons,2020,Han-Sen Zhong; Hui Wang; Yu-Hao Deng; Ming-Cheng Chen; Li-Chao Peng; Yi-Han Luo,Science,O6,snowball,L1,0,0,,,,,[title] unrelated to H1-H4,no,,,
,10.1038/s41586-022-04725-x,10.1038/s41586-022-04725-x,,https://openalex.org/W4281891658,Quantum computational advantage with a programmable photonic processor,2022,Lars S. Madsen; Fabian Laudenbach; Mohsen Falamarzi. Askarani; Fabien Rortais; Trevor Vincent; Jacob F. F. Bulmer,Nature,O3,harvest,L1,0,0,,,,,[title] unrelated to H1-H4 [seen_in_round1],no,,,
,10.1016/j.compchemeng.2019.106630,10.1016/j.compchemeng.2019.106630,,https://openalex.org/W2982469373,Quantum computing based hybrid solution strategies for large-scale discrete-continuous optimization problems,2019,Akshay Ajagekar; Travis S. Humble; Fengqi You,Computers & Chemical Engineering,O6,harvest,L1,0,0,,,,,[title] unrelated to H1-H4,no,,,
,10.1038/s42254-023-00603-1,10.1038/s42254-023-00603-1,,https://openalex.org/W4383879098,Quantum computing for finance,2023,Dylan Herman; Cody Googin; Xiaoyuan Liu; Yue Sun; Alexey Galda; Ilya Safro,Nature Reviews Physics,O6,harvest,L1,0,0,,,,,[title] unrelated to H1-H4,no,,,
,10.1103/physrevresearch.6.043288,10.1103/physrevresearch.6.043288,,https://openalex.org/W4405498593,Quantum computing topological invariants of two-dimensional quantum matter,2024,Marcel Niedermeier; Marc Nairn; Christian Flindt; José L. Lado,Physical Review Research,O6,snowball,L1,0,0,,,,,[title] unrelated to H1-H4,no,,,
,10.1140/epja/s10050-023-01141-1,10.1140/epja/s10050-023-01141-1,,https://openalex.org/W4360818597,Quantum computing with and for many-body physics,2023,Thomas Ayral; Pauline Besserve; Denis Lacroix; Edgar Andres Ruiz Guzman,The European Physical Journal A,O3,snowball,L1,0,0,,,,,[title] unrelated to H1-H4,no,,,
,10.1002/qua.25502,10.1002/qua.25502,,https://openalex.org/W2760700386,Quantum dynamical studies of ultrafast charge separation in nanostructured organic polymer materials: Effects of vibronic interactions and molecular packing,2017,Matthias Polkehn; Pierre Eisenbrandt; Hiroyuki Tamura; Irène Burghardt,International Journal of Quantum Chemistry,O1,snowball,L1,0,0,,,,,[title] unrelated to H1-H4,no,,,
,10.1038/s41586-024-08449-y,10.1038/s41586-024-08449-y,,https://openalex.org/W4405183524,Quantum error correction below the surface code threshold,2024,Google Quantum AI and Collaborators; Rajeev Acharya; Dmitry A. Abanin; Laleh Aghababaie-Beni; I. L. Aleǐner; Trond I. Andersen,Nature,O3,harvest,L1,0,0,,,,,[title] unrelated to H1-H4,no,,,
,10.1039/d2cs00203e,10.1039/d2cs00203e,,https://openalex.org/W4285802213,Quantum machine learning for chemistry and physics,2022,Manas Sajjan; Junxu Li; Raja Selvarajan; Shree Hari Sureshbabu; Sumit Suresh Kale; Rishabh Gupta,Chemical Society Reviews,O1;O2;O6,harvest,L1,0,0,,,,,[title] unrelated to H1-H4 [seen_in_round1],no,,,
,10.1038/s41534-017-0018-2,10.1038/s41534-017-0018-2,,https://openalex.org/W2604445392,"Quantum sampling problems, BosonSampling and quantum supremacy",2017,Austin P. Lund; Michael J. Bremner; Timothy C. Ralph,npj Quantum Information,O3,harvest,L1,0,0,,,,,[title] unrelated to H1-H4,no,,,
,10.1088/0034-4885/80/1/016502,10.1088/0034-4885/80/1/016502,,https://openalex.org/W2256298911,Quantum spin liquids: a review,2016,Lucile Savary; Leon Balents,Reports on Progress in Physics,O4,harvest,L1,0,0,,,,,[title] unrelated to H1-H4,no,,,
,10.1038/s41586-019-1666-5,10.1038/s41586-019-1666-5,,https://openalex.org/W2982169647,Quantum supremacy using a programmable superconducting processor,2019,Frank Arute; Kunal Arya; Ryan Babbush; Dave Bacon; Joseph C. Bardin; Rami Barends,Nature,O3;O6,snowball,L1,0,0,,,,,[title] unrelated to H1-H4,no,,,
,quantumenhancedmeasurementswithatomsincavitiessuperradianceandspinsqueezing,,,https://openalex.org/W2559623724,Quantum-Enhanced Measurements with Atoms in Cavities: Superradiance and Spin Squeezing,2016,Kevin C. Cox,CU Scholar (University of Colorado Boulder),O6,harvest,L1,0,0,,,,,[title] unrelated to H1-H4,no,,,
,10.1109/ojcoms.2022.3195219,10.1109/ojcoms.2022.3195219,,https://openalex.org/W4289717617,"Quantum-Inspired Real-Time Optimization for 6G Networks: Opportunities, Challenges, and the Road Ahead",2022,Trung Q. Duong; Long D. Nguyen; Bhaskara Narottama; James Adu Ansere; Dang Van Huynh; Hyundong Shin,IEEE Open Journal of the Communications Society,O6,harvest,L1,0,0,,,,,[title] unrelated to H1-H4,no,,,
,quantumclassicalcrossoverinfaulttolerantquantumdynamicssimulation,,,https://openalex.org/W7169923399,Quantum-classical crossover in fault-tolerant quantum dynamics simulation,2026,J F Sun; Bozhen Zhou; Jue Xu; Yuan Yao; Zhenyu Du; Zixu Zhang,arXiv (Cornell University),O3,harvest,L1,0,0,,,,,[title] unrelated to H1-H4,no,,,
,10.22331/q-2021-04-15-431,10.22331/q-2021-04-15-431,,https://openalex.org/W2972341748,Quantum-inspired algorithms for multivariate analysis: from interpolation to partial differential equations,2021,Juan José García‐Ripoll,Quantum,O1,snowball,L1,0,0,,,,,[title] unrelated to H1-H4,no,,,
,10.1088/0034-4885/40/9/001,10.1088/0034-4885/40/9/001,,https://openalex.org/W1990809481,Quantum-mechanical perturbation theory,1977,J Killingbeck,Reports on Progress in Physics,O4,harvest,L1,0,0,,,,,[title] unrelated to H1-H4,no,,,
,10.1016/s1570-579x(01)80010-0,10.1016/s1570-579x(01)80010-0,,https://openalex.org/W1585386565,Quasi-Fejérian Analysis of Some Optimization Algorithms,2001,Patrick L. Combettes,Studies in computational mathematics,O4,snowball,L1,0,0,,,,,[title] unrelated to H1-H4,no,,,
,10.12942/lrr-2009-4,10.12942/lrr-2009-4,,https://openalex.org/W2123823073,Quasi-Local Energy-Momentum and Angular Momentum in General Relativity,2009,László B. Szabados,Living Reviews in Relativity,O4,harvest,L1,0,0,,,,,[title] unrelated to H1-H4,no,,,
,10.1109/infocom53939.2023.10228915,10.1109/infocom53939.2023.10228915,,https://openalex.org/W4386260493,Qubit Allocation for Distributed Quantum Computing,2023,Yingling Mao; Yu Liu; Yuanyuan Yang,,O3,snowball,L1,0,0,,,,,[title] unrelated to H1-H4,no,,,
,10.1145/3360546,10.1145/3360546,,https://openalex.org/W2979465497,Qubit allocation as a combination of subgraph isomorphism and token swapping,2019,Marcos Yukio Siraichi; Vinícius Fernandes dos Santos; Caroline Collange; Fernando Magno Quintão Pereira,Proceedings of the ACM on Programming Languages,O6,harvest,L1,0,0,,,,,[title] unrelated to H1-H4,no,,,
,10.1007/s00778-017-0480-7,10.1007/s00778-017-0480-7,,https://openalex.org/W2755385361,"Query optimization through the looking glass, and what we found running the Join Order Benchmark",2017,Viktor Leis; Bernhard Radke; Andrey Gubichev; Atanas Mirchev; Peter Boncz; Alfons Kemper,The VLDB Journal,O6,harvest,L1,0,0,,,,,[title] unrelated to H1-H4,no,,,
,10.1109/jsac.2011.110613,10.1109/jsac.2011.110613,,https://openalex.org/W2100044493,REFIM: A Practical Interference Management in Heterogeneous Wireless Access Networks,2011,Kyuho Son; Soo-Hwan Lee; Yung Yi; Song Chong,IEEE Journal on Selected Areas in Communications,O5,snowball,L1,0,0,,,,,[title] unrelated to H1-H4,no,,,
,10.1088/1475-7516/2006/05/018,10.1088/1475-7516/2006/05/018,,https://openalex.org/W2035245862,Random matrices and the spectrum of N-flation,2006,Richard Easther; Liam McAllister,Journal of Cosmology and Astroparticle Physics,O4,harvest,L1,0,0,,,,,[title] unrelated to H1-H4,no,,,
,10.1103/revmodphys.69.731,10.1103/revmodphys.69.731,,https://openalex.org/W2092583264,Random-matrix theory of quantum transport,1997,C. W. J. Beenakker,Reviews of Modern Physics,O3,snowball,L1,0,0,,,,,[title] unrelated to H1-H4,no,,,
,10.1103/physrevx.11.041039,10.1103/physrevx.11.041039,,https://openalex.org/W3216902878,Randomized compiling for scalable quantum computing on a noisy superconducting quantum processor,2020,Akel Hashim; Ravi Naik; Alexis Morvan; Jean-Loup Ville; Bradley Mitchell; John Mark Kreikebaum,arXiv (Cornell University),O3,harvest,L1,0,0,,,,,[title] unrelated to H1-H4 [seen_in_round1],no,,,
,10.5445/ir/1000043647,10.5445/ir/1000043647,,https://openalex.org/W2529950123,Rational Krylov subspace methods for phi-functions in exponential integrators,2014,Tanja Göckler,Repository KITopen (Karlsruhe Institute of Technology),O4,harvest,L1,0,0,,,,,[title] unrelated to H1-H4,no,,,
,10.1016/0167-8396(94)00008-g,10.1016/0167-8396(94)00008-g,,https://openalex.org/W2010636443,Rational curves and surfaces with rational offsets,1995,Helmut Pottmann,Computer Aided Geometric Design,O5,snowball,L1,0,0,,,,,[title] unrelated to H1-H4,no,,,
,10.1126/science.abg1919,10.1126/science.abg1919,,https://openalex.org/W3127491185,Realization of a multinode quantum network of remote solid-state qubits,2021,M. Pompili; S. L. N. Hermans; S. Baier; H. K. C. Beukers; P. C. Humphreys; R. N. Schouten,Science,O3,harvest,L1,0,0,,,,,[title] unrelated to H1-H4 [seen_in_round1],no,,,
,10.48550/arxiv.1512.07108,10.48550/arxiv.1512.07108,,https://openalex.org/W2200374509,Recent Advances in Convolutional Neural Networks,2015,Jiuxiang Gu; Zhenhua Wang; Jason Kuen; Lianyang Ma; Amir Shahroudy; Bing Shuai,arXiv (Cornell University),O1,harvest,L1,0,0,,,,,[title] unrelated to H1-H4,no,,,
,10.1038/s41524-019-0221-0,10.1038/s41524-019-0221-0,,https://openalex.org/W2968923792,Recent advances and applications of machine learning in solid-state materials science,2019,Jonathan Schmidt; Mário R. G. Marques; Silvana Botti; Miguel A. L. Marques,npj Computational Materials,O1;O3;O5,harvest,L1,0,0,,,,,[title] unrelated to H1-H4 [seen_in_round1],no,,,
,10.1063/5.0005188,10.1063/5.0005188,,https://openalex.org/W3017260797,Recent developments in the general atomic and molecular electronic structure system,2020,Giuseppe M. J. Barca; Colleen Bertoni; Laura Carrington; Dipayan Datta; Nuwan De Silva; J. Emiliano Deustua,The Journal of Chemical Physics,O2,harvest,L1,0,0,,,,,[title] unrelated to H1-H4,no,,,
,10.1007/s11831-008-9019-9,10.1007/s11831-008-9019-9,,https://openalex.org/W2052690618,Reduced Basis Approximation and a Posteriori Error Estimation for Affinely Parametrized Elliptic Coercive Partial Differential Equations,2008,Gianluigi Rozza; D.B.P. Huynh; A.T. Patera,Archives of Computational Methods in Engineering,O6,harvest,L1,0,0,,,,,[title] unrelated to H1-H4 [seen_in_round1],no,,,
,10.1103/prxquantum.1.020318,10.1103/prxquantum.1.020318,,https://openalex.org/W3040419173,Reducing Unitary and Spectator Errors in Cross Resonance with Optimized Rotary Echoes,2020,Neereja Sundaresan; Isaac Lauer; Emily Pritchett; Easwar Magesan; Petar Jurcevic; Jay M. Gambetta,PRX Quantum,O3,harvest,L1,0,0,,,,,[title] unrelated to H1-H4,no,,,
,10.1109/78.771047,10.1109/78.771047,,https://openalex.org/W2151999766,Redundant filterbank precoders and equalizers. I. Unification and optimal designs,1999,Anna Scaglione; Georgios B. Giannakis; Sergio Barbarossa,IEEE Transactions on Signal Processing,O5,snowball,L1,0,0,,,,,[title] unrelated to H1-H4,no,,,
,reggefiniteelementswithapplicationsinsolidmechanicsandrelativity,,,https://openalex.org/W3200950062,Regge Finite Elements with Applications in Solid Mechanics and Relativity,2018,Lizao Li,University of Minnesota Digital Conservancy (University of Minnesota),O4,harvest,L1,0,0,,,,,[title] unrelated to H1-H4,no,,,
,10.1613/jair.301,10.1613/jair.301,,https://openalex.org/W2107726111,Reinforcement Learning: A Survey,1996,Leslie Pack Kaelbling; Michael L. Littman; Andrew Moore,Journal of Artificial Intelligence Research,O5,harvest,L1,0,0,,,,,[title] unrelated to H1-H4 [seen_in_round1],no,,,
,10.2307/1269506,10.2307/1269506,,https://openalex.org/W2145147745,Residuals and Influence in Regression,1984,Robert F. Ling; R. Dennis Cook; Sanford Weisberg,Technometrics,O5,harvest,L1,0,0,,,,,[title] unrelated to H1-H4,no,,,
,10.1016/j.biotechadv.2023.108305,10.1016/j.biotechadv.2023.108305,,https://openalex.org/W4390748636,Resource allocation in mammalian systems,2024,Hratch Baghdassarian; Nathan E. Lewis,Biotechnology Advances,O2,harvest,L1,0,0,,,,,[title] unrelated to H1-H4,no,,,
,restrictionsonnoncliffordfaulttoleranceandrulingoutbeyondsqlquantummetrology,,,https://openalex.org/W7172172220,Restrictions on non-Clifford fault tolerance and ruling out beyond-SQL quantum metrology,2026,Constantin Cedillo Vayson de Pradenne; Ishaan Kannan; Harald Putterman; Jordan Cotler,arXiv (Cornell University),O6,harvest,L1,0,0,,,,,[title] unrelated to H1-H4,no,,,
,10.1021/acs.chemrev.1c00838,10.1021/acs.chemrev.1c00838,,https://openalex.org/W4220815223,"Review of Multifunctional Separators: Stabilizing the Cathode and the Anode for Alkali (Li, Na, and K) Metal–Sulfur and Selenium Batteries",2022,Hongchang Hao; Tanya Hutter; Brad Boyce; John Watt; Pengcheng Liu; David Mitlin,Chemical Reviews,O6,harvest,L1,0,0,,,,,[title] unrelated to H1-H4,no,,,
,10.1186/s40537-021-00444-8,10.1186/s40537-021-00444-8,,https://openalex.org/W3140854437,"Review of deep learning: concepts, CNN architectures, challenges, applications, future directions",2021,Laith Alzubaidi; Jinglan Zhang; Amjad J. Humaidi; Ayad Q. Al-Dujaili; Ye Duan; Omran Al-Shamma,Journal Of Big Data,O2,harvest,L1,0,0,,,,,[title] unrelated to H1-H4 [seen_in_round1],no,,,
,10.1088/1361-6633/ab6311,10.1088/1361-6633/ab6311,,https://openalex.org/W2995151820,Review on novel methods for lattice gauge theories,2019,Mari Carmen Bañuls; Krzysztof Cichy,Reports on Progress in Physics,O1,harvest,L1,0,0,,,,,[title] unrelated to H1-H4,no,,,
,10.1186/1743-0003-5-25,10.1186/1743-0003-5-25,,https://openalex.org/W2127786259,Review on solving the inverse problem in EEG source analysis,2008,Roberta Grech; Tracey Cassar; Joseph Muscat; Kenneth P Camilleri; Simon G. Fabri; Michalis Zervakis,Journal of NeuroEngineering and Rehabilitation,O4,harvest,L1,0,0,,,,,[title] unrelated to H1-H4 [seen_in_round1],no,,,
,10.1088/2040-8978/19/1/013001,10.1088/2040-8978/19/1/013001,,https://openalex.org/W2550557946,Roadmap on structured light,2016,Halina Rubinsztein‐Dunlop; Andrew Forbes; Michael Berry; Mark R. Dennis; Davıd L. Andrews; Masud Mansuripur,Journal of Optics,O5,harvest,L1,0,0,,,,,[title] unrelated to H1-H4,no,,,
,10.1016/j.sigpro.2019.05.001,10.1016/j.sigpro.2019.05.001,,https://openalex.org/W2943260663,Robust OFDM integrated radar and communications waveform design based on information theory,2019,Yongjun Liu; Guisheng Liao; Zhiwei Yang,Signal Processing,O5,snowball,L1,0,0,,,,,[title] unrelated to H1-H4,no,,,
,10.1080/00207179008934139,10.1080/00207179008934139,,https://openalex.org/W2112111482,Robust stability of a family of disc polynomials,1990,H. Chapellat; S.P. Bhattacharyya; M. Dahleh,International Journal of Control,O5,snowball,L1,0,0,,,,,[title] unrelated to H1-H4,no,,,
,10.1016/s0047-259x(03)00057-5,10.1016/s0047-259x(03)00057-5,,https://openalex.org/W2036750674,Robust weighted orthogonal regression in the errors-in-variables model,2003,M. Fekri; Anne Ruiz‐Gazen,Journal of Multivariate Analysis,O4,harvest,L1,0,0,,,,,[title] unrelated to H1-H4,no,,,
,10.1088/0004-6256/150/3/80,10.1088/0004-6256/150/3/80,,https://openalex.org/W1664162445,STAR FORMATION ACROSS THE W3 COMPLEX,2015,Carlos G. Román-Zúñiga; Jason E. Ybarra; Guillermo D. Megías; Mauricio Tapia; Elizabeth A. Lada; Joáo F. Alves,The Astronomical Journal,O5,harvest,L1,0,0,,,,,[title] unrelated to H1-H4,no,,,
,10.1063/1.4822961,10.1063/1.4822961,,https://openalex.org/W2341283081,Savitzky-Golay Smoothing Filters,1990,William H. Press; Saul A. Teukolsky,Computers in Physics,O5,snowball,L1,0,0,,,,,[title] unrelated to H1-H4,no,,,
,10.1145/2366231.2337217,10.1145/2366231.2337217,,https://openalex.org/W2135232880,Scale-out processors,2012,Pejman Lotfi-Kamran; Boris Grot; Michael Ferdman; Stavros Volos; Onur Kocberber; Javier Picorel,ACM SIGARCH Computer Architecture News,O5,harvest,L1,0,0,,,,,[title] unrelated to H1-H4,no,,,
,10.48550/arxiv.2001.02061,10.48550/arxiv.2001.02061,,https://openalex.org/W2999957625,Scaled Relative Graph of Normal Matrices,2019,Xinmeng Huang; Ernest K. Ryu; Wotao Yin,arXiv (Cornell University),O4,snowball,L1,0,0,,,,,[title] unrelated to H1-H4,no,,,
,10.1007/11426639_9,10.1007/11426639_9,,https://openalex.org/W2134754504,Secure Remote Authentication Using Biometric Data,2005,Xavier Boyen; Yevgeniy Dodis; Jonathan Katz; Rafail Ostrovsky; Adam Smith,Lecture notes in computer science,O6,harvest,L1,0,0,,,,,[title] unrelated to H1-H4,no,,,
,10.1016/0898-1221(92)90135-5,10.1016/0898-1221(92)90135-5,,https://openalex.org/W4211084664,Semantic networks,1992,Fritz Lėhmann,Computers & Mathematics with Applications,O5,harvest,L1,0,0,,,,,[title] unrelated to H1-H4,no,,,
,10.7551/mitpress/9780262033589.001.0001,10.7551/mitpress/9780262033589.001.0001,,https://openalex.org/W1479807131,Semi-Supervised Learning,2006,"Olivier Chapelle; Schölkopf, Bernhard 1968-; Alexander Zien",The MIT Press eBooks,O6,harvest,L1,0,0,,,,,[title] unrelated to H1-H4 [seen_in_round1],no,,,
,10.1201/b18981,10.1201/b18981,,https://openalex.org/W1822723443,Semialgebraic Statistics and Latent Tree Models,2015,Piotr Zwiernik,,O1,snowball,L1,0,0,,,,,[title] unrelated to H1-H4,no,,,
,10.1186/s40537-020-0285-1,10.1186/s40537-020-0285-1,,https://openalex.org/W3013886221,Sensor data quality: a systematic review,2020,Hui Yie Teh; Andreas W. Kempa-Liehr; Kevin I‐Kai Wang,Journal Of Big Data,O2,harvest,L1,0,0,,,,,[title] unrelated to H1-H4,no,,,
,10.1103/revmodphys.91.045001,10.1103/revmodphys.91.045001,,https://openalex.org/W2937049145,"Shortcuts to adiabaticity: Concepts, methods, and applications",2019,D. Guéry-Odelin; A. Ruschhaupt; Anthony Kiely; E. Torrontegui; S. Martínez-Garaot; J. G. Muga,Reviews of Modern Physics,O3,harvest,L1,0,0,,,,,[title] unrelated to H1-H4,no,,,
,10.1103/physrevlett.133.120603,10.1103/physrevlett.133.120603,,https://openalex.org/W4402812776,Simulating Noisy Variational Quantum Algorithms: A Polynomial Approach,2024,Yuguo Shao; Fuchuan Wei; Song Cheng; Zhengwei Liu,Physical Review Letters,O3;O6,snowball,L1,0,0,,,,,[title] unrelated to H1-H4,no,,,
,10.1103/x4gs-g63p,10.1103/x4gs-g63p,,https://openalex.org/W7160421633,Simulating dynamics of the two-dimensional transverse-field Ising model: A comparative study of large-scale classical numerics,2026,Joseph Vovrosh; Sergi Julià-Farré; Wladislaw Krinitsin; Michael Kaicher; F. J. Hayes; Emmanuel Gottlob,Physical Review Research,O1;O6,harvest+snowball,L1,0,0,,,,,[title] unrelated to H1-H4,no,,,
,10.1140/epjd/e2020-100571-8,10.1140/epjd/e2020-100571-8,,https://openalex.org/W2989469896,Simulating lattice gauge theories within quantum technologies,2020,Mari Carmen Bañuls; Rainer Blatt; Jacopo Catani; Alessio Celi; Juan Ignacio Cirac; Marcello Dalmonte,The European Physical Journal D,O1;O3,harvest,L1,0,0,,,,,[title] unrelated to H1-H4 [seen_in_round1],no,,,
,10.1016/j.ultras.2020.106309,10.1016/j.ultras.2020.106309,,https://openalex.org/W3044863663,So you think you can DAS? A viewpoint on delay-and-sum beamforming,2020,Vincent Perrot; Maxime Polichetti; François Varray; Damien Garcia,Ultrasonics,O4,harvest,L1,0,0,,,,,[title] unrelated to H1-H4,no,,,
,socialnetworksidentityandeconomicbehaviorempiricalevidencefromindia,,,https://openalex.org/W142180435,"Social Networks, Identity And Economic Behavior: Empirical Evidence From India",2010,Annemie Maertens,eCommons (Cornell University),O5,harvest,L1,0,0,,,,,[title] unrelated to H1-H4,no,,,
,10.1137/110833142,10.1137/110833142,,https://openalex.org/W1968119930,Solution of Linear Systems and Matrix Inversion in the TT-Format,2012,Ivan Oseledets; Sergey Dolgov,SIAM Journal on Scientific Computing,O1,snowball,L1,0,0,,,,,[title] unrelated to H1-H4 [seen_in_round1],no,,,
,10.22331/q-2022-12-29-886,10.22331/q-2022-12-29-886,,https://openalex.org/W4313330581,Solvable model of deep thermalization with distinct design times,2022,Matteo Ippoliti; Wen Wei Ho,Quantum,O3,snowball,L1,0,0,,,,,[title] unrelated to H1-H4,no,,,
,10.1007/bf02289464,10.1007/bf02289464,,https://openalex.org/W1963826206,Some Mathematical Notes on Three-Mode Factor Analysis,1966,Ledyard R Tucker,Psychometrika,O1,snowball,L1,0,0,,,,,[title] unrelated to H1-H4,no,,,
,10.4310/atmp.2003.v7.n1.a6,10.4310/atmp.2003.v7.n1.a6,,https://openalex.org/W2951706600,Space-adiabatic perturbation theory,2003,Gianluca Panti; Herbert Spohn; Stefan Teufel,Advances in Theoretical and Mathematical Physics,O4,harvest,L1,0,0,,,,,[title] unrelated to H1-H4,no,,,
,10.1109/tsp.2017.2762286,10.1109/tsp.2017.2762286,,https://openalex.org/W2760945190,Sparse Portfolios for High-Dimensional Financial Index Tracking,2017,Konstantinos Benidis; Yiyong Feng; Daniel P. Palomar,IEEE Transactions on Signal Processing,O5,snowball,L1,0,0,,,,,[title] unrelated to H1-H4,no,,,
,10.48550/arxiv.2102.00554,10.48550/arxiv.2102.00554,,https://openalex.org/W4287363917,Sparsity in Deep Learning: Pruning and growth for efficient inference\n and training in neural networks,2021,Torsten Hoefler; Dan Alistarh; Tal Ben‐Nun; Nikoli Dryden; Alexandra Peşte,arXiv (Cornell University),O2,harvest,L1,0,0,,,,,[title] unrelated to H1-H4 [seen_in_round1],no,,,
,10.1109/26.662641,10.1109/26.662641,,https://openalex.org/W2132818688,Spatio-temporal coding for wireless communication,1998,G.G. Raleigh; J.M. Cioffi,IEEE Transactions on Communications,O5,snowball,L1,0,0,,,,,[title] unrelated to H1-H4,no,,,
,10.1103/physrevx.9.011042,10.1103/physrevx.9.011042,,https://openalex.org/W2890257635,Spectral Dimension Reduction of Complex Dynamical Networks,2019,Edward Laurence; Nicolas Doyon; Louis J. Dubé; Patrick Desrosiers,Physical Review X,O5,harvest,L1,0,0,,,,,[title] unrelated to H1-H4,no,,,
,10.1007/978-90-481-3520-2,10.1007/978-90-481-3520-2,,https://openalex.org/W105972687,Spectral Methods for Uncertainty Quantification,2010,Olivier Le Maı̂tre; Omar Knio,Scientific computation,O1,snowball,L1,0,0,,,,,[title] unrelated to H1-H4,no,,,
,10.1007/jhep06(2011)005,10.1007/jhep06(2011)005,,https://openalex.org/W2001621830,Spin-2 spectrum of defect theories,2011,Constantin P. Bachas; John Estes,Journal of High Energy Physics,O5,harvest,L1,0,0,,,,,[title] unrelated to H1-H4,no,,,
,10.48550/arxiv.2207.08243,10.48550/arxiv.2207.08243,,https://openalex.org/W4286233399,Stable bipolarons in open quantum systems,2022,Mattia Moroder; M. Grundner; François Damanet; Ulrich Schollwöck; Sam Mardazad; Stuart Flannigan,arXiv (Cornell University),O3,harvest,L1,0,0,,,,,[title] unrelated to H1-H4 [seen_in_round1],no,,,
,10.1103/physrevlett.127.240502,10.1103/physrevlett.127.240502,,https://openalex.org/W3109558179,Stark Many-Body Localization on a Superconducting Quantum Processor,2021,Qiujiang Guo; Chen Cheng; Hekang Li; Shibo Xu; Pengfei Zhang; Zhen Wang,Physical Review Letters,O3,snowball,L1,0,0,,,,,[title] unrelated to H1-H4,no,,,
,10.1561/9781638280514,10.1561/9781638280514,,https://openalex.org/W4312707388,Statistical Analysis of Networks,2022,Konstantin Avrachenkov; Maximilien Dreveton,,O2,harvest,L1,0,0,,,,,[title] unrelated to H1-H4,no,,,
,10.6028/nist.ir.8413,10.6028/nist.ir.8413,,https://openalex.org/W4226075590,Status report on the third round of the NIST Post-Quantum Cryptography Standardization process,2022,Gorjan Alagic; Daniel Apon; David A. Cooper; Quynh Dang; Thinh Dang; John Kelsey,,O3,harvest,L1,0,0,,,,,[title] unrelated to H1-H4 [seen_in_round1],no,,,
,10.1103/physrevb.88.045132,10.1103/physrevb.88.045132,,https://openalex.org/W1966101125,Steady-state and quench-dependent relaxation of a quantum dot coupled to one-dimensional leads,2013,M. C. Nuss; Martin Ganahl; Hans Gerd Evertz; Enrico Arrigoni; Wolfgang von der Linden,Physical Review B,O3,harvest,L1,0,0,,,,,[title] unrelated to H1-H4 [seen_in_round1],no,,,
,10.1007/978-1-4612-3094-6,10.1007/978-1-4612-3094-6,,https://openalex.org/W1538934584,Stochastic Finite Elements: A Spectral Approach,1991,Roger Ghanem; Pol D. Spanos,,O1,snowball,L1,0,0,,,,,[title] unrelated to H1-H4,no,,,
,10.1007/978-1-4939-1323-7,10.1007/978-1-4939-1323-7,,https://openalex.org/W2323824333,"Stochastic Processes and Applications: Diffusion Processes, the Fokker-Planck and Langevin Equations",2014,Grigorios A. Pavliotis,Texts in applied mathematics,O1,snowball,L1,0,0,,,,,[title] unrelated to H1-H4,no,,,
,10.1103/physrevlett.127.180501,10.1103/physrevlett.127.180501,,https://openalex.org/W3173899054,Strong Quantum Computational Advantage Using a Superconducting Quantum Processor,2021,Yulin Wu; Wan‐Su Bao; Sirui Cao; Fusheng Chen; Ming-Cheng Chen; Xiawei Chen,Physical Review Letters,O6,snowball,L1,0,0,,,,,[title] unrelated to H1-H4,no,,,
,10.48550/arxiv.0904.3523,10.48550/arxiv.0904.3523,,https://openalex.org/W2108687351,Structured Variable Selection with Sparsity-Inducing Norms,2009,Rodolphe Jenatton; Jean-Yves Audibert; Francis Bach,arXiv (Cornell University),O4,harvest,L1,0,0,,,,,[title] unrelated to H1-H4 [seen_in_round1],no,,,
,10.4171/ggd/134,10.4171/ggd/134,,https://openalex.org/W2963737695,Subspace arrangements and property T,2011,Martin Kassabov,Groups Geometry and Dynamics,O4,harvest,L1,0,0,,,,,[title] unrelated to H1-H4,no,,,
,10.1109/twc.2020.3042977,10.1109/twc.2020.3042977,,https://openalex.org/W3122751454,Sum-Rate Maximization for IRS-Assisted UAV OFDMA Communication Systems,2020,Zhiqiang Wei; Yuanxin Cai; Zhuo Sun; Derrick Wing Kwan Ng; Jinhong Yuan; Mingyu Zhou,IEEE Transactions on Wireless Communications,O6,harvest,L1,0,0,,,,,[abs] unrelated to H1-H4,no,,,
,10.1016/s0377-0427(00)00348-4,10.1016/s0377-0427(00)00348-4,,https://openalex.org/W2085291969,Summary of sinc numerical methods,2000,Frank Stenger,Journal of Computational and Applied Mathematics,O4,harvest,L1,0,0,,,,,[title] unrelated to H1-H4,no,,,
,10.1063/5.0155213,10.1063/5.0155213,,https://openalex.org/W4390973791,Superconducting microwave cavities and qubits for quantum information systems,2024,Alex Krasnok; Pashupati Dhakal; Arkady Fedorov; P. Frigola; Michael J. Kelly; Sergey Kutsaev,Applied Physics Reviews,O3,snowball,L1,0,0,,,,,[title] unrelated to H1-H4,no,,,
,10.1515/cmam-2014-0016,10.1515/cmam-2014-0016,,https://openalex.org/W2019339109,Superfast Wavelet Transform Using Quantics-TT Approximation. I. Application to Haar Wavelets,2014,Boris N. Khoromskij; Sentao Miao,Computational Methods in Applied Mathematics,O1,snowball,L1,0,0,,,,,[title] unrelated to H1-H4,no,,,
,10.48550/arxiv.0711.3226,10.48550/arxiv.0711.3226,,https://openalex.org/W3099940733,Supersymmetric Wilson loops on S^3,2007,Nadav Drukker; Simone Giombi; Riccardo Ricci; Diego Trancanelli,Research Portal (King's College London),O5,harvest,L1,0,0,,,,,[title] unrelated to H1-H4,no,,,
,10.1109/access.2021.3109816,10.1109/access.2021.3109816,,https://openalex.org/W3196607691,Survey of Promising Technologies for Quantum Drones and Networks,2021,Adarsh Kumar; Surbhi Bhatia; Keshav Kaushik; S. Manjula Gandhi; S. Gayathri Devi; Diego Augusto de Jesús Pacheco,IEEE Access,O6,harvest,L1,0,0,,,,,[title] unrelated to H1-H4,no,,,
,10.1186/s40537-019-0192-5,10.1186/s40537-019-0192-5,,https://openalex.org/W2936503027,Survey on deep learning with class imbalance,2019,Justin Johnson; Taghi M. Khoshgoftaar,Journal Of Big Data,O2,harvest,L1,0,0,,,,,[title] unrelated to H1-H4,no,,,
,10.5555/1281920.1281948,10.5555/1281920.1281948,,https://openalex.org/W2079116868,Swept volumes of many poses,2005,Johannes Wallner; Qinmin Yang,,O5,snowball,L1,0,0,,,,,[title] unrelated to H1-H4,no,,,
,10.1103/revmodphys.69.995,10.1103/revmodphys.69.995,,https://openalex.org/W2023393381,Synthesis of the elements in stars: forty years of progress,1997,George Wallerstein; Icko Iben; Peter D. Parker; Ann Merchant Boesgaard; G. M. Hale; Arthur E. Champagne,Reviews of Modern Physics,O5,harvest,L1,0,0,,,,,[title] unrelated to H1-H4,no,,,
,10.1088/0266-5611/14/4/001,10.1088/0266-5611/14/4/001,,https://openalex.org/W2061577342,Synthetic aperture radar interferometry,1998,Richard Bamler; Philipp Hartl,Inverse Problems,O4,harvest,L1,0,0,,,,,[title] unrelated to H1-H4 [seen_in_round1],no,,,
,10.1142/s0217751x0502519x,10.1142/s0217751x0502519x,,https://openalex.org/W2066226858,TACHYON DYNAMICS IN OPEN STRING THEORY,2005,Ashoke Sen,International Journal of Modern Physics A,O5,harvest,L1,0,0,,,,,[title] unrelated to H1-H4,no,,,
,10.1088/0004-6256/144/6/192,10.1088/0004-6256/144/6/192,,https://openalex.org/W2011759989,THESPITZERSPACE TELESCOPESURVEY OF THE ORION A AND B MOLECULAR CLOUDS. I. A CENSUS OF DUSTY YOUNG STELLAR OBJECTS AND A STUDY OF THEIR MID-INFRARED VARIABILITY,2012,S. T. Megeath; Robert Gutermuth; James Muzerolle; E. Kryukova; Kevin Flaherty; Joseph L. Hora,The Astronomical Journal,O5,harvest,L1,0,0,,,,,[title] unrelated to H1-H4,no,,,
,10.1016/j.laa.2009.07.024,10.1016/j.laa.2009.07.024,,https://openalex.org/W2001518794,TT-cross approximation for multidimensional arrays,2009,Ivan Oseledets; Eugene E. Tyrtyshnikov,Linear Algebra and its Applications,O1,snowball,L1,0,0,,,,,[title] unrelated to H1-H4 [seen_in_round1],no,,,
,10.1007/s11222-024-10480-y,10.1007/s11222-024-10480-y,,https://openalex.org/W4401539748,Taming numerical imprecision by adapting the KL divergence to negative probabilities,2024,Simon Pfahler; Peter Georg; Rudolf Schill; Maren Klever; Lars Grasedyck; Rainer Spang,Statistics and Computing,O1,harvest,L1,0,0,,,,,[title] unrelated to H1-H4,no,,,
,10.1145/3603269.3604857,10.1145/3603269.3604857,,https://openalex.org/W4386385565,Teal: Learning-Accelerated Optimization of WAN Traffic Engineering,2023,Zhiying Xu; Francis Y. Yan; Rachee Singh; Justin Chiu; Alexander M. Rush; Minlan Yu,,O2,harvest,L1,0,0,,,,,[title] unrelated to H1-H4,no,,,
,10.1007/s11219-023-09633-5,10.1007/s11219-023-09633-5,,https://openalex.org/W4377195786,Technological diversity of quantum computing providers: a comparative study and a proposal for API Gateway integration,2023,Jaime Alvarado‐Valiente; Javier Romero‐Álvarez; Enrique Moguel; José Garcí­a-Alonso; Juan M. Murillo,Software Quality Journal,O3,snowball,L1,0,0,,,,,[title] unrelated to H1-H4,no,,,
,terrainosaurusrealisticterrainsynthesisusinggeneticalgorithms,,,https://openalex.org/W2280197385,Terrainosaurus: realistic terrain synthesis using genetic algorithms,2007,Ryan L. Saunders,OakTrust (Texas A&M University Libraries),O5,harvest,L1,0,0,,,,,[title] unrelated to H1-H4,no,,,
,10.2139/ssrn.1520062,10.2139/ssrn.1520062,,https://openalex.org/W1565983301,Text-Based Network Industries and Endogenous Product Differentiation,2011,Gerard Hoberg; Gordon M. Phillips,SSRN Electronic Journal,O6,harvest,L1,0,0,,,,,[title] unrelated to H1-H4,no,,,
,10.1007/bf02288367,10.1007/bf02288367,,https://openalex.org/W2004026774,The Approximation of One Matrix by Another of Lower Rank,1936,Carl Eckart; Gale Young,Psychometrika,O1,snowball,L1,0,0,,,,,[title] unrelated to H1-H4,no,,,
,10.3847/1538-4365/ab929b,10.3847/1538-4365/ab929b,,https://openalex.org/W3025571086,The Athena++ Adaptive Mesh Refinement Framework: Design and Magnetohydrodynamic Solvers,2020,James M. Stone; Kengo Tomida; Christopher J. White; Kyle G. Felker,The Astrophysical Journal Supplement Series,O1,harvest,L1,0,0,,,,,[title] unrelated to H1-H4,no,,,
,10.1007/s00283-021-10149-8,10.1007/s00283-021-10149-8,,https://openalex.org/W4225578353,The Cartesian Ovals,2022,Rida T. Farouki,The Mathematical Intelligencer,O5,snowball,L1,0,0,,,,,[title] unrelated to H1-H4,no,,,
,10.1007/s00023-020-00935-z,10.1007/s00023-020-00935-z,,https://openalex.org/W3040064947,The Detectable Subspace for the Friedrichs Model: Applications of Toeplitz Operators and the Riesz–Nevanlinna Factorisation Theorem,2020,Serguei Naboko; Ian Wood,Annales Henri Poincaré,O4,harvest,L1,0,0,,,,,[title] unrelated to H1-H4,no,,,
,10.1111/1467-9868.00082,10.1111/1467-9868.00082,,https://openalex.org/W2024476015,The EM Algorithm—an Old Folk-song Sung to a Fast New Tune,1997,Xiao‐Li Meng; David A. van Dyk,Journal of the Royal Statistical Society Series B (Statistical Methodology),O5,harvest,L1,0,0,,,,,[title] unrelated to H1-H4,no,,,
,10.3847/1538-4365/ac80f6,10.3847/1538-4365/ac80f6,,https://openalex.org/W4295219461,The GALPROP Cosmic-ray Propagation and Non-thermal Emissions Framework: Release v57,2021,T. A. Porter; G. Jóhannesson; I. V. Moskalenko,arXiv (Cornell University),O6,harvest,L1,0,0,,,,,[title] unrelated to H1-H4,no,,,
,10.1112/blms/15.5.401,10.1112/blms/15.5.401,,https://openalex.org/W2068774711,The Geometries of 3-Manifolds,1983,Peter Scott,Bulletin of the London Mathematical Society,O5,harvest,L1,0,0,,,,,[title] unrelated to H1-H4,no,,,
,10.1137/s0895479895290954,10.1137/s0895479895290954,,https://openalex.org/W2045512849,The Geometry of Algorithms with Orthogonality Constraints,1998,Alan Edelman; T. A. Arias; Steven T. Smith,SIAM Journal on Matrix Analysis and Applications,O1,snowball,L1,0,0,,,,,[title] unrelated to H1-H4,no,,,
,10.1016/j.physrep.2008.11.001,10.1016/j.physrep.2008.11.001,,https://openalex.org/W2020615058,The Magnus expansion and some of its applications,2008,S. Blanes; F. Casas; J.A. Oteo; J. Ros,Physics Reports,O4,harvest,L1,0,0,,,,,[title] unrelated to H1-H4,no,,,
,10.1086/300337,10.1086/300337,,https://openalex.org/W1966667130,The NRAO VLA Sky Survey,1998,J. J. Condon; W. D. Cotton; E. W. Greisen; Qiang Yin; R. A. Perley; G. B. Taylor,The Astronomical Journal,O6,harvest,L1,0,0,,,,,[title] unrelated to H1-H4,no,,,
,10.2307/1941447,10.2307/1941447,,https://openalex.org/W2322480672,The Problem of Pattern and Scale in Ecology: The Robert H. MacArthur Award Lecture,1992,Simon A. Levin,Ecology,O6,harvest,L1,0,0,,,,,[title] unrelated to H1-H4,no,,,
,thetheoryandpracticeofconcurrency,,,https://openalex.org/W2129384397,The Theory and Practice of Concurrency,1997,A. W. Roscoe,International Linear Collider,O5,harvest,L1,0,0,,,,,[title] unrelated to H1-H4,no,,,
,10.1086/382125,10.1086/382125,,https://openalex.org/W2139900404,The Three‐Dimensional Power Spectrum of Galaxies from the Sloan Digital Sky Survey,2004,Max Tegmark; Michael R. Blanton; Michael A. Strauss; F. Hoyle; David J. Schlegel; Román Scoccimarro,The Astrophysical Journal,O4;O5,harvest,L1,0,0,,,,,[title] unrelated to H1-H4,no,,,
,10.1016/j.physrep.2022.08.003,10.1016/j.physrep.2022.08.003,,https://openalex.org/W3212169067,The Variational Quantum Eigensolver: A review of methods and best practices,2022,Jules Tilly; Hongxiang Chen; Shuxiang Cao; Dario Picozzi; Kanav Setia; Ying Li,Physics Reports,O3,harvest,L1,0,0,,,,,[title] unrelated to H1-H4 [seen_in_round1],no,,,
,theadvancedgeometryofplanecurvesandtheirapplications,,,https://openalex.org/W1493845505,The advanced geometry of plane curves and their applications,1963,C. Zwikker,TU/e Research Portal,O5,snowball,L1,0,0,,,,,[title] unrelated to H1-H4,no,,,
,10.1016/j.physrep.2020.07.006,10.1016/j.physrep.2020.07.006,,https://openalex.org/W3034678343,The anomalous magnetic moment of the muon in the Standard Model,2020,T. Aoyama; N. Asmussen; M. Benayoun; J. Bijnens; T. Blum; M. Bruno,Physics Reports,O4;O5,harvest,L1,0,0,,,,,[title] unrelated to H1-H4,no,,,
,10.1007/jhep07(2014)079,10.1007/jhep07(2014)079,,https://openalex.org/W2110999179,"The automated computation of tree-level and next-to-leading order differential cross sections, and their matching to parton shower simulations",2014,Johan Alwall; Rikkert Frederix; Stefano Frixione; Valentin Hirschi; Fabio Maltoni; Olivier Mattelaer,Journal of High Energy Physics,O4,harvest,L1,0,0,,,,,[title] unrelated to H1-H4 [seen_in_round1],no,,,
,10.1088/2058-9565/abae7d,10.1088/2058-9565/abae7d,,https://openalex.org/W3034064438,The bitter truth about gate-based quantum algorithms in the NISQ era,2020,Frank Leymann; Johanna Barzen,Quantum Science and Technology,O6,harvest,L1,0,0,,,,,[title] unrelated to H1-H4,no,,,
,10.1103/revmodphys.75.559,10.1103/revmodphys.75.559,,https://openalex.org/W2073603601,The cosmological constant and dark energy,2003,P. J. E. Peebles; Bharat Ratra,Reviews of Modern Physics,O5,harvest,L1,0,0,,,,,[title] unrelated to H1-H4,no,,,
,10.13001/1081-3810.3910,10.13001/1081-3810.3910,,https://openalex.org/W2945447097,The determinant of a complex matrix and Gershgorin circles,2019,Florian Bünger; Siegfried M. Rump,Electronic Journal of Linear Algebra,O5,snowball,L1,0,0,,,,,[title] unrelated to H1-H4,no,,,
,10.1016/j.cpc.2015.08.039,10.1016/j.cpc.2015.08.039,,https://openalex.org/W2963350004,The iEBE-VISHNU code package for relativistic heavy-ion collisions,2015,Chun Shen; Zhi Qiu; Huichao Song; Jonah E. Bernhard; Steffen A. Bass; Ulrich Heinz,Computer Physics Communications,O5,harvest,L1,0,0,,,,,[title] unrelated to H1-H4,no,,,
,10.1016/s0370-1573(99)00047-2,10.1016/s0370-1573(99)00047-2,,https://openalex.org/W2125410420,The multiconfiguration time-dependent Hartree (MCTDH) method: a highly efficient algorithm for propagating wavepackets,2000,M. Beck,Physics Reports,O1,snowball,L1,0,0,,,,,[title] unrelated to H1-H4 [seen_in_round1],no,,,
,10.1016/j.physrep.2017.12.003,10.1016/j.physrep.2017.12.003,,https://openalex.org/W2770461546,The numerical approximation of nonlinear functionals and functional differential equations,2018,Daniele Venturi,Physics Reports,O1,snowball,L1,0,0,,,,,[title] unrelated to H1-H4,no,,,
,10.1070/rm1999v054n05abeh000204,10.1070/rm1999v054n05abeh000204,,https://openalex.org/W2093627873,The polynomial property of self-adjoint elliptic boundary-value problems and an algebraic description of their attributes,1999,С. А. Назаров,Russian Mathematical Surveys,O4,harvest,L1,0,0,,,,,[title] unrelated to H1-H4,no,,,
,10.1073/pnas.2313269120,10.1073/pnas.2313269120,,https://openalex.org/W4390237588,The quantum house of cards,2023,Xavier Waintal,Proceedings of the National Academy of Sciences,O6,snowball,L1,0,0,,,,,[title] unrelated to H1-H4,no,,,
,10.1103/physrevx.11.011020,10.1103/physrevx.11.011020,,https://openalex.org/W2995050112,Theory of Trotter Error with Commutator Scaling,2021,Andrew M. Childs; Yuan Su; Minh C. Tran; Nathan Wiebe; Shuchen Zhu,Physical Review X,O1;O5,harvest,L1,0,0,,,,,[title] unrelated to H1-H4 [seen_in_round1],no,,,
,10.1090/s0002-9947-1950-0051437-7,10.1090/s0002-9947-1950-0051437-7,,https://openalex.org/W1986280275,Theory of reproducing kernels,1950,N. Aronszajn,Transactions of the American Mathematical Society,O4,harvest,L1,0,0,,,,,[title] unrelated to H1-H4 [seen_in_round1],no,,,
,10.1021/acs.jctc.3c00590,10.1021/acs.jctc.3c00590,,https://openalex.org/W4386356050,Thermo-Field Dynamics Approach to Photo-induced Electronic Transitions Driven by Incoherent Thermal Radiation,2023,Maxim F. Gelin; Raffaele Borrelli,Journal of Chemical Theory and Computation,O1,snowball,L1,0,0,,,,,[title] unrelated to H1-H4,no,,,
,10.1145/4078.4081,10.1145/4078.4081,,https://openalex.org/W1996773532,Three-dimensional object recognition,1985,Paul J. Besl; Ramesh Jain,ACM Computing Surveys,O5,harvest,L1,0,0,,,,,[title] unrelated to H1-H4,no,,,
,10.1088/1742-5468/2004/04/p04005,10.1088/1742-5468/2004/04/p04005,,https://openalex.org/W2006332155,Time-dependent density-matrix renormalization-group using adaptive effective Hilbert spaces,2004,Andrew J. Daley; Corinna Kollath; Ulrich Schollwöck; Guifré Vidal,Journal of Statistical Mechanics Theory and Experiment,O6,snowball,L1,0,0,,,,,[title] unrelated to H1-H4,no,,,
,10.1016/j.aop.2019.167998,10.1016/j.aop.2019.167998,,https://openalex.org/W2908764772,Time-evolution methods for matrix-product states,2019,Sebastian Paeckel; Thomas Köhler; Andreas Swoboda; Salvatore R. Manmana; Ulrich Schollwöck; Claudius Hubig,Annals of Physics,O3;O6,snowball,L1,0,0,,,,,[title] unrelated to H1-H4 [seen_in_round1],no,,,
,10.1016/j.cirp.2018.05.009,10.1016/j.cirp.2018.05.009,,https://openalex.org/W2883829010,Tolerancing: Managing uncertainty from conceptual design to final product,2018,Edward Morse; Jean‐Yves Dantan; Nabil Anwer; Rikard Söderberg; Giovanni Moroni; Ahmed Jawad Qureshi,CIRP Annals,O6,harvest,L1,0,0,,,,,[title] unrelated to H1-H4,no,,,
,10.1016/j.jfa.2012.08.028,10.1016/j.jfa.2012.08.028,,https://openalex.org/W2067327225,Topological isomorphisms for some universal operator algebras,2012,Michael Hartz,Journal of Functional Analysis,O4,harvest,L1,0,0,,,,,[title] unrelated to H1-H4,no,,,
,10.1109/qce65121.2025.00254,10.1109/qce65121.2025.00254,,https://openalex.org/W4416874513,Towards Secondary Structure Prediction of Longer Mrna Sequences Using a Quantum-Centric Optimization Scheme,2025,Vaibhaw Kumar; Dimitris Alevras; Mihir Metkar; Eline Welling; Chris Cade; Ido Niesen,,O6,snowball,L1,0,0,,,,,[title] unrelated to H1-H4,no,,,
,10.1140/epjd/e2015-60464-1,10.1140/epjd/e2015-60464-1,,https://openalex.org/W1985601705,Training Schrödinger’s cat: quantum optimal control,2015,Steffen J. Glaser; Ugo Boscain; Tommaso Calarco; Christiane P. Koch; Walter Köckenberger; Ronnie Kosloff,The European Physical Journal D,O3,harvest,L1,0,0,,,,,[title] unrelated to H1-H4 [seen_in_round1],no,,,
,10.1109/tsp.2006.889976,10.1109/tsp.2006.889976,,https://openalex.org/W2112087343,Training Signal Design for Estimation of Correlated MIMO Channels With Colored Interference,2007,Yong Liu; Tan F. Wong; William W. Hager,IEEE Transactions on Signal Processing,O5,snowball,L1,0,0,,,,,[title] unrelated to H1-H4,no,,,
,traitdescourbesspcialesremarquablesplanesetgauches,,,https://openalex.org/W1589775294,Traité des courbes spéciales remarquables : planes et gauches,1908,F. Gomes Teixeira,Medical Entomology and Zoology,O5,snowball,L1,0,0,,,,,[title] unrelated to H1-H4,no,,,
,10.1109/icc.2003.1204410,10.1109/icc.2003.1204410,,https://openalex.org/W1863386593,Transmit filter optimization based on partial CSI knowledge for wireless applications,2004,Francesc Rey Micolau; Meritxell Lamarca; G. Vazquez,,O5,snowball,L1,0,0,,,,,[title] unrelated to H1-H4,no,,,
,10.53846/goediss-8867,10.53846/goediss-8867,,https://openalex.org/W4212881290,Transport and nonequilibrium dynamics in 1d many-body systems with bosonic degrees of freedom,2021,Jan Stolpp,,O3,harvest,L1,0,0,,,,,[title] unrelated to H1-H4 [seen_in_round1],no,,,
,10.1016/s1474-4422(22)00309-x,10.1016/s1474-4422(22)00309-x,,https://openalex.org/W4297983178,"Traumatic brain injury: progress and challenges in prevention, clinical care, and research",2022,Andrew I.R. Maas; David Menon; Geoffrey T. Manley; Mathew Abrams; Cecilia Åkerlund; Nada Anđelić,The Lancet Neurology,O2,harvest,L1,0,0,,,,,[title] unrelated to H1-H4,no,,,
,10.4310/atmp.2000.v4.n5.a1,10.4310/atmp.2000.v4.n5.a1,,https://openalex.org/W1552560020,"Triples, fluxes, and strings",2000,Jan de Boer; Robbert Dijkgraaf; Kentaro Hori; Arjan Keurentjes; John Morgan; David R. Morrison,Advances in Theoretical and Mathematical Physics,O5,harvest,L1,0,0,,,,,[title] unrelated to H1-H4,no,,,
,10.1016/j.paerosci.2019.100554,10.1016/j.paerosci.2019.100554,,https://openalex.org/W2969530007,Turbomachinery simulation challenges and the future,2019,James Tyacke; Nagabhushana Rao Vadlamani; Will Trojak; Rob Watson; Yunlong Ma; Paul G. Tucker,Progress in Aerospace Sciences,O1,harvest,L1,0,0,,,,,[title] unrelated to H1-H4,no,,,
,understandingdigitalsubscriberlinetechnology,,,https://openalex.org/W1537960262,Understanding Digital Subscriber Line Technology,,Thomas L. Starr,UCLA - Biblioteca de Ciencias y Tecnologia Felix Morales Bueno,O5,snowball,L1,0,0,,,,,[title] unrelated to H1-H4,no,,,
,10.1186/1752-0509-1-24,10.1186/1752-0509-1-24,,https://openalex.org/W2057498577,Understanding network concepts in modules,2007,Jun Dong; Steve Horvath,BMC Systems Biology,O2,harvest,L1,0,0,,,,,[title] unrelated to H1-H4,no,,,
,10.1051/m2an/2020081,10.1051/m2an/2020081,,https://openalex.org/W3035692104,Unified analysis of discontinuous Galerkin andC0-interior penalty finite element methods for Hamilton–Jacobi–Bellman and Isaacs equations,2020,Ellya L. Kawecki; Iain Smears,ESAIM Mathematical Modelling and Numerical Analysis,O4,harvest,L1,0,0,,,,,[title] unrelated to H1-H4,no,,,
,10.1109/twc.2014.2371465,10.1109/twc.2014.2371465,,https://openalex.org/W2005299750,Unified and Distributed QoS-Driven Cell Association Algorithms in Heterogeneous Networks,2015,Hamidreza Boostanimehr; Vijay K. Bhargava,IEEE Transactions on Wireless Communications,O5,snowball,L1,0,0,,,,,[title] unrelated to H1-H4,no,,,
,10.1103/physreva.95.022316,10.1103/physreva.95.022316,,https://openalex.org/W2410653068,Unified framework for magic state distillation and multiqubit gate synthesis with reduced resource cost,2017,Earl T. Campbell; Mark Howard,Physical Review A,O6,harvest,L1,0,0,,,,,[title] unrelated to H1-H4,no,,,
,10.1088/1367-2630/16/3/033014,10.1088/1367-2630/16/3/033014,,https://openalex.org/W2149354085,Unifying projected entangled pair state contractions,2014,Michael Lubasch; J. I. Cirac; Mari Carmen Bañuls,New Journal of Physics,O1,harvest,L1,0,0,,,,,[title] unrelated to H1-H4 [seen_in_round1],no,,,
,10.1115/pvp2023-106426,10.1115/pvp2023-106426,,,Using Detection Performance to Assess Outlier Sizing on Truncated Data Sets,2023,Jason B. Skow; J. Krynicki,"Volume 7: Seismic Engineering; ASME Nondestructive Evaluation, Diagnosis and Prognosis (NDPD) Division",O1,harvest,L1,0,0,,,,,[title] unrelated to H1-H4,no,,,
,10.1093/bib/bbab159,10.1093/bib/bbab159,,https://openalex.org/W3160021293,Utilizing graph machine learning within drug discovery and development,2021,Thomas Gaudelet; Ben Day; Arian R. Jamasb; Jyothish Soman; Cristian Regep; Gertrude Liu,Briefings in Bioinformatics,O5,harvest,L1,0,0,,,,,[title] unrelated to H1-H4,no,,,
,10.2172/15015945,10.2172/15015945,,https://openalex.org/W2025182139,VISTA -- A Vehicle for Interplanetary Space Transport Application Powered by Inertial Confinement Fusion,2005,C. D. Orth,,O5,harvest,L1,0,0,,,,,[title] unrelated to H1-H4,no,,,
,10.1007/978-3-642-02431-3,10.1007/978-3-642-02431-3,,https://openalex.org/W4249513058,Variational Analysis,1998,R. T. Rockafellar; Roger J.‐B. Wets,Grundlehren der mathematischen Wissenschaften,O4,snowball,L1,0,0,,,,,[title] unrelated to H1-H4,no,,,
,10.1007/978-3-319-92775-6,10.1007/978-3-319-92775-6,,https://openalex.org/W2885473730,Variational Analysis and Applications,2018,Boris S. Mordukhovich,Springer monographs in mathematics,O4,snowball,L1,0,0,,,,,[title] unrelated to H1-H4,no,,,
,10.1007/3-540-31247-1,10.1007/3-540-31247-1,,https://openalex.org/W3157341860,Variational Analysis and Generalized Differentiation I,2006,Boris S. Mordukhovich,Grundlehren der mathematischen Wissenschaften,O4,snowball,L1,0,0,,,,,[title] unrelated to H1-H4,no,,,
,10.1007/3-540-31246-3,10.1007/3-540-31246-3,,https://openalex.org/W2153562582,Variational Analysis and Generalized Differentiation II,2006,Boris S. Mordukhovich,Grundlehren der mathematischen Wissenschaften,O4,snowball,L1,0,0,,,,,[title] unrelated to H1-H4,no,,,
,10.1007/s10444-019-09723-8,10.1007/s10444-019-09723-8,,https://openalex.org/W2895471748,Variational Monte Carlo—bridging concepts of machine learning and high-dimensional partial differential equations,2019,Martin Eigel; Reinhold Schneider; Philipp Trunschke; Sebastian Wolf,Advances in Computational Mathematics,O1,snowball,L1,0,0,,,,,[title] unrelated to H1-H4,no,,,
,10.1038/s42254-021-00348-9,10.1038/s42254-021-00348-9,,https://openalex.org/W3111162498,Variational quantum algorithms,2021,M. Cerezo; Andrew Arrasmith; Ryan Babbush; Simon C. Benjamin; Suguru Endo; Keisuke Fujii,Nature Reviews Physics,O1;O2;O3;O6,harvest,L1,0,0,,,,,[title] unrelated to H1-H4,no,,,
,10.1103/physrevresearch.4.033142,10.1103/physrevresearch.4.033142,,https://openalex.org/W4292636030,Variational quantum optimization with multibasis encodings,2022,Taylor L. Patti; Jean Kossaifi; Anima Anandkumar; Susanne F. Yelin,Physical Review Research,O3,snowball,L1,0,0,,,,,[title] unrelated to H1-H4,no,,,
,10.1145/1015706.1015817,10.1145/1015706.1015817,,https://openalex.org/W2137419625,Variational shape approximation,2004,David Cohen‐Steiner; Pierre Alliez; Mathieu Desbrun,ACM Transactions on Graphics,O2,harvest,L1,0,0,,,,,[title] unrelated to H1-H4,no,,,
,verifiableblindprobabilisticerrorcancellation,,,https://openalex.org/W7171902571,Verifiable blind probabilistic error cancellation,2026,Bo Yang; Elham Kashefi; Harold Ollivier,arXiv (Cornell University),O6,harvest,L1,0,0,,,,,[title] unrelated to H1-H4,no,,,
,10.1109/tcsvt.2019.2945918,10.1109/tcsvt.2019.2945918,,https://openalex.org/W2979702629,"Video Compression Using Generalized Binary Partitioning, Trellis Coded Quantization, Perceptually Optimized Encoding, and Advanced Prediction and Transform Coding",2019,Jonathan Pfaff; Heiko Schwarz; Detlev Marpe; Benjamin Bross; Santiago De-Luxán-Hernández; Philipp Helle,IEEE Transactions on Circuits and Systems for Video Technology,O2,harvest,L1,0,0,,,,,[title] unrelated to H1-H4,no,,,
,10.1109/tnet.2013.2294111,10.1109/tnet.2013.2294111,,https://openalex.org/W2076238075,Video-Aware Scheduling and Caching in the Radio Access Network,2014,Hasti Ahlehagh; Sujit Dey,IEEE/ACM Transactions on Networking,O5,snowball,L1,0,0,,,,,[title] unrelated to H1-H4,no,,,
,10.1145/258734.258843,10.1145/258734.258843,,https://openalex.org/W2052789583,View-dependent refinement of progressive meshes,1997,Hugues Hoppe,,O5,harvest,L1,0,0,,,,,[title] unrelated to H1-H4,no,,,
,10.1109/jsac.2014.2328392,10.1109/jsac.2014.2328392,,https://openalex.org/W2166733284,Virtual Cell Beamforming in Cooperative Networks,2014,Jihwan Kim; Hyang-Won Lee; Song Chong,IEEE Journal on Selected Areas in Communications,O5,snowball,L1,0,0,,,,,[title] unrelated to H1-H4,no,,,
,10.1093/oso/9780198534471.001.0001,10.1093/oso/9780198534471.001.0001,,https://openalex.org/W4388318445,Visual Complex Analysis,1997,Tristan Needham,,O5,snowball,L1,0,0,,,,,[title] unrelated to H1-H4,no,,,
,10.2307/3618747,10.2307/3618747,,https://openalex.org/W2796138255,Visual Complex Analysis,1999,Pei-Feng Shiu; Tristan Needham,The Mathematical Gazette,O5,snowball,L1,0,0,,,,,[title] unrelated to H1-H4,no,,,
,10.5860/choice.35-2767,10.5860/choice.35-2767,,https://openalex.org/W2025076058,Visual complex analysis,1998,Tristan Needham,Choice Reviews Online,O5,snowball,L1,0,0,,,,,[title] unrelated to H1-H4,no,,,
,10.1086/521375,10.1086/521375,,https://openalex.org/W2032611333,"Visualization, Exploration, and Data Analysis of Complex Astrophysical Data",2007,M. Comparato; U. Becciani; A. Costa; B. Larsson; B. Garilli; C. Gheller,Publications of the Astronomical Society of the Pacific,O5,harvest,L1,0,0,,,,,[title] unrelated to H1-H4,no,,,
,10.22331/q-2021-06-17-479,10.22331/q-2021-06-17-479,,https://openalex.org/W3088409280,Warm-starting quantum optimization,2021,Daniel J. Egger; Jakub Mareček; Stefan Woerner,Quantum,O3,harvest,L1,0,0,,,,,[title] unrelated to H1-H4,no,,,
,10.1145/3007787.3001161,10.1145/3007787.3001161,,https://openalex.org/W2510980549,Warped-slicer,2016,Qiumin Xu; Hyeran Jeon; Keun‐Soo Kim; Won Woo Ro; Murali Annavaram,ACM SIGARCH Computer Architecture News,O5,snowball,L1,0,0,,,,,[title] unrelated to H1-H4,no,,,
,10.7494/opmath.2013.33.3.467,10.7494/opmath.2013.33.3.467,,https://openalex.org/W2157426158,Weyl-Titchmarsh theory for Sturm-Liouville operators with distributional potentials,2013,Jonathan Eckhardt; Fritz Gesztesy; Roger Nichols; Gerald Teschl,Opuscula Mathematica,O4,harvest,L1,0,0,,,,,[title] unrelated to H1-H4,no,,,
,10.3390/e22040446,10.3390/e22040446,,https://openalex.org/W3016825020,What Limits Our Capacity to Process Nested Long-Range Dependencies in Sentence Comprehension?,2020,Yair Lakretz; Stanislas Dehaene; Jean-Rémi King,Entropy,O1,harvest,L1,0,0,,,,,[title] unrelated to H1-H4,no,,,
,10.1103/physreva.99.042318,10.1103/physreva.99.042318,,https://openalex.org/W2789280355,What determines the ultimate precision of a quantum computer,2019,Xavier Waintal,Physical Review A,O3,snowball,L1,0,0,,,,,[title] unrelated to H1-H4,no,,,
,10.1088/1126-6708/2003/07/038,10.1088/1126-6708/2003/07/038,,https://openalex.org/W2059823449,Yukawa couplings in intersecting D-brane models,2003,Daniel Cremades; Luis E Ibánez; Fernando Marchesano,Journal of High Energy Physics,O5,harvest,L1,0,0,,,,,[title] unrelated to H1-H4,no,,,
,10.1007/978-3-322-84410-1_3,10.1007/978-3-322-84410-1_3,,https://openalex.org/W1516443974,Zur Theorie der linearen und nichtlinearen Integralgleichungen,1989,Erhard Schmidt,Teubner-Archiv zur Mathematik,O1,snowball,L1,0,0,,,,,[title] unrelated to H1-H4,no,,,
,10.1007/bf01449770,10.1007/bf01449770,,https://openalex.org/W2323980249,Zur Theorie der linearen und nichtlinearen Integralgleichungen,1907,Erhard Schmidt,Mathematische Annalen,O1,snowball,L1,0,0,,,,,[title] unrelated to H1-H4,no,,,
,10.1109/qce57702.2023.00119,10.1109/qce57702.2023.00119,,https://openalex.org/W4389159513,cuQuantum SDK: A High-Performance Library for Accelerating Quantum Science,2023,Harun Bayraktar; Ali Charara; David J. Clark; Saul D. Cohen; Timothy Costa; Yao-Lung L. Fang,,O3,snowball,L1,0,0,,,,,[title] unrelated to H1-H4,no,,,
,10.48550/arxiv.1607.00653,10.48550/arxiv.1607.00653,,https://openalex.org/W2366141641,node2vec: Scalable Feature Learning for Networks,2016,Aditya Grover; Jure Leskovec,PubMed,O5,harvest,L1,0,0,,,,,[title] unrelated to H1-H4,no,,,
,10.32614/cran.package.pracma,10.32614/cran.package.pracma,,https://openalex.org/W4399569404,pracma: Practical Numerical Math Functions,2011,Hans W. Borchers,,O4,harvest,L1,0,0,,,,,[title] unrelated to H1-H4,no,,,
,tketaretargetablecompilerfornisqdevices,,,https://openalex.org/W3104914200,t|ket> : A retargetable compiler for NISQ devices,2020,Seyon Sivarajah; Silas Dilkes; Alexander Cowtan; Will Simmons; Alec Edgington; Ross Duncan,Strathprints: The University of Strathclyde institutional repository (University of Strathclyde),O2;O6,harvest,L1,0,0,,,,,[title] unrelated to H1-H4,no,,,
