citation_key,key,doi,arxiv,openalex,title,year,authors,venue,families,origin,level_reached,threat_final,threat_L1,threat_L2,access,theorem_location,claims,verdict,cite_in_paper,bib_class,evidence_file,adjudication_note
bachmayr2021approximation,adjudicated:bachmayr2021approximation,,2112.01474,,Approximation by tree tensor networks in high dimensions: Sobolev and compositional functions,2021,"Bachmayr, M.; Nouy, A.; Schneider, R.",,,adjudicated_only,L2,3,,,FULL_TEXT,,R1a;R9,"Lemma 4.9: nodewise accumulation of nested nonexpansive approximations in a tree of compositions (L-infinity, depth-growing non-sharp constants). [title from memory: VERIFY against arXiv:2112.01474]",yes,closest_prior_art,level2_A.csv,
zniyed2026error,errortransportationinsvdbasedtensortrainapproximations,,,https://openalex.org/W7139529380,Error transportation in SVD-based tensor-train approximations,2026,"Zniyed, Y.; Boyer, R.",HAL (Le Centre pour la Communication Scientifique Directe),A,harvest,L2,3,3,3,ABSTRACT_ONLY,"Abstract and HAL metadata only (hal-05554951v2; full text behind HAL bot-challenge, not retrieved): global error decomposition, a priori bounds, chain-case Pythagorean identity, transport-normalized variant",R1a;R3;R9,Truncation error transport through dimension trees with tree/data-dependent constants; exact Pythagorean identity only for chains; opposite of R3. MANUAL: download PDF (HAL bot check). [authors from L2 agent; VERIFY on HAL PDF],yes,closest_prior_art,level2_A.csv,
feshchenko2019optimal,adjudicated:feshchenko2019optimal,,1908.00531,,On the optimal error bound for the first step in the method of cyclic alternating projections,2019,"Feshchenko, I.",,,adjudicated_only,L3,3,,,FULL_TEXT,,R5;R7,Best constants for ||P_n...P_1 - P_0|| under a global Friedrichs-number constraint; exact only n=3; lower bound uses equally spaced planar lines. Global constraint and different error.,yes,technique,theorem_comparisons/L3_feshchenko2019_first_step_cyclic_projections.md,"DISPUTED: L3 reader 1 (full text), L2 reader 3; conservative value recorded; author adjudication requested"
bargetz2017convergence,10.1007/s11075-017-0310-4,10.1007/s11075-017-0310-4,,https://openalex.org/W2598135565,Convergence properties of dynamic string-averaging projection methods in the presence of perturbations,2017,Christian Bargetz; Simeon Reich; Rafał Zalas,Numerical Algorithms,I,harvest+snowball,L2,2,3,2,FULL_TEXT,Theorem 1 (recalled); Theorem 11 (perturbation resilience: ||x_{k+1}-x|| <= ||T_k...T_i x_i - x_i*|| + 2 sum e_k); Theorem 17; Theorem 19 (dynamic string-averaging linear rate under perturbations) (read via arXiv:1703.07803),R1a;R12,Thm 11: perturbation errors accumulate at most linearly (crude first-order analogue of R1a).,yes,numerical_context,level2_B1.csv,
tomamichel2010duality,adjudicated:tomamichel2010duality,10.1109/TIT.2010.2054130,0907.5238,,Duality between smooth min- and max-entropies,2010,,,,adjudicated_only,L3,2,,,FULL_TEXT,,R6,Generalized fidelity / purified distance; lift rho -> rho (+) (1 - tr rho) is our lift; Lemma A known; Lemma C known in absolute-value form.,yes,technique,theorem_comparisons/L3_tomamichel2010_generalized_fidelity.md,
lubich2013dynamical,10.1137/120885723,10.1137/120885723,,https://openalex.org/W2067067855,Dynamical approximation by hierarchical Tucker and tensor-train tensors,2013,Christian Lubich; Thorsten Rohwedder; Reinhold Schneider; Bart Vandereycken,SIAM Journal on Matrix Analysis and Applications,A,snowball,L2,2,3,2,FULL_TEXT,Lemma 4.5 (curvature bounds); Thms 5.1-5.3 (quasi-best DLRA error),R9,Tangent-space projector analysis and quasi-best approximation in HT/TT; application context.,yes,application_context,level2_A.csv,
farouki2002exact,adjudicated:farouki2002exact,10.1023/A:1014737602641,,,Exact Minkowski products of N complex disks,2002,,,,adjudicated_only,L3,2,,,FULL_TEXT,,R7,"Sec. 5: boundary of the N-fold Minkowski power of |z-1/2|<=1/2 lies on t -> w(t)^N (heuristic argument). Covers R7 only for alpha=pi/2 (threat 3 for that sub-case); nothing on |1-z|, arcs, or angle caps. Cite for the geometric picture, not for rigor.",yes,technique,theorem_comparisons/L3_farouki2002_minkowski_products_N_disks.md,sub-case alpha=pi/2: threat 3
dohotaru2009exact,adjudicated:dohotaru2009exact,10.26421/QIC9.5-6-12,,,Exact quantum lower bound for Grover's problem,2009,,,,adjudicated_only,L3,2,,,FULL_TEXT,,R6,"Lemma 4: angle-version hybrid argument (replace one step, add angles).",yes,technique,theorem_comparisons/L3_bennett1997_hybrid_argument_angles.md,
verstraete2006matrix,10.1103/physrevb.73.094423,10.1103/PhysRevB.73.094423,,https://openalex.org/W2066972040,Matrix product states represent ground states faithfully,2006,Frank Verstraete; J. I. Cirac,Physical Review B,A;L,harvest+snowball,L2,2,3,2,FULL_TEXT,arXiv:cond-mat/0505140 Lemma 1 (squared MPS error at most twice the sum of discarded weights),R9,MPS truncation error bounds (sum of discarded weights); application context.,yes,application_context,level2_A.csv,
jeong2023cyclic,adjudicated:jeong2023cyclic,10.52202/075280-2982,,,Nearly optimal bounds for cyclic forgetting,2023,,,,adjudicated_only,L3,2,,,FULL_TEXT_MAIN_NO_SUPPLEMENT,,R5;R7,"Exact numerical-range spiral for products of projections; reduction to C^2 and equal-factor extremality (Lemma 5); different quantity, no defect constraint. Supplement unread.",yes,technique,theorem_comparisons/L3_jeong2023_cyclic_forgetting.md,
zhang2020stability,adjudicated:zhang2020stability,,2001.01191,,On stability of tensor networks and canonical forms,2020,"Zhang, Y.; Solomonik, E.",,,adjudicated_only,L3,2,,,FULL_TEXT,,R1a;R11,"First-order (O(eps^2) remainder), network-dependent site-perturbation bounds; no finite-eta bound, no sharp constant, no tree-independence.",yes,closest_prior_art,theorem_comparisons/L3_zhang2020_tn_stability.md,
tomamichel2016quantum,10.1007/978-3-319-21891-5,10.1007/978-3-319-21891-5,,https://openalex.org/W3101663526,Quantum Information Processing with Finite Resources,2016,Marco Tomamichel,SpringerBriefs in mathematical physics,E,snowball,L3,2,1,,FULL_TEXT,,R6,Eq. (3.39) vector generalized fidelity; Prop. 3.16 triangle inequality.,yes,technique,theorem_comparisons/L3_tomamichel2010_generalized_fidelity.md,
ceruti2023rank,10.1137/22m1473790,10.1137/22M1473790,2201.10291,https://openalex.org/W4321481275,Rank-adaptive time integration of tree tensor networks,2023,Gianluca Ceruti; Christian Lubich; Dominik Sulz,SIAM Journal on Numerical Analysis,A,harvest,L3,2,2,,FULL_TEXT,,R1a;R3;R11,"Thm A.1: telescoping, tree-shape-independent, linear (d-1) bound for rank truncation; not sharp, no eta-dependence. Must be cited and distinguished.",yes,closest_prior_art,theorem_comparisons/L3_ceruti2023_ttn_rank_truncation.md,
ryu2022scaled,adjudicated:ryu2022scaled,10.1007/s10107-021-01639-w,1902.09788,,Scaled relative graphs: nonexpansive operators via 2D Euclidean geometry,2022,,,,adjudicated_only,L3,2,,,FULL_TEXT,,R6;R7,"Thm 7 'angles add, lengths multiply'; Facts 16-17 spherical triangle inequality and cardioid envelope for two projection-type factors; no lift, no trees, no eta constraint.",yes,technique,theorem_comparisons/L3_ryu2022_scaled_relative_graph.md,
bennett1997strengths,adjudicated:bennett1997strengths,10.1137/S0097539796300933,,,Strengths and weaknesses of quantum computing,1997,,,,adjudicated_only,L3,2,,,FULL_TEXT,,R6,Hybrid argument; telescoping scheme of Theorem D.,yes,technique,theorem_comparisons/L3_bennett1997_hybrid_argument_angles.md,
hackbusch2019tensor,10.1007/978-3-030-35554-8,10.1007/978-3-030-35554-8,,https://openalex.org/W4288938614,Tensor Spaces and Numerical Tensor Calculus,2019,Wolfgang Hackbusch,Springer series in computational mathematics,A,snowball,L2,2,3,2,ABSTRACT_ONLY,"Ch. 11 (hierarchical HOSVD truncation; 2nd-edition analogue of 1st-edition Thm 11.58, numbering not verified)",R9,Monograph; standard reference for hierarchical formats.,yes,foundational,level2_A.csv,
oseledets2011tensor,10.1137/090752286,10.1137/090752286,,https://openalex.org/W1993482030,Tensor-train decomposition,2011,Ivan Oseledets,SIAM Journal on Scientific Computing,A;B,snowball,L2,2,3,2,ABSTRACT_ONLY,Thm 2.2 (TT-SVD error sqrt(sum eps_k^2)); Cor 2.4 (sqrt(d-1) quasi-optimality),R9,TT format and rounding (sqrt(d-1) quasi-optimality).,yes,application_context,level2_A.csv,
xu2002method,10.1090/s0894-0347-02-00398-3,10.1090/S0894-0347-02-00398-3,,https://openalex.org/W1530115438,The method of alternating projections and the method of subspace corrections in Hilbert space,2002,Jinchao Xu; Ludmil Zikatanov,Journal of the American Mathematical Society,I,harvest+snowball,L2,2,3,2,ABSTRACT_ONLY,"Abstract (via OpenAlex): new identity for the norm of a product of nonexpansive operators (XZ identity), claimed sharpest estimate for MAP and subspace-correction rates; ams.org full text returned 403 to fetch tools, statement location not verified",R6,Sharp identity for the norm of a product of projections; different quantity; expected citation.,yes,foundational,level2_B1.csv,
bauschke2014rate,10.1016/j.jat.2014.06.002,10.1016/j.jat.2014.06.002,1309.4709,https://openalex.org/W2963899645,The rate of linear convergence of the Douglas-Rachford algorithm for subspaces is the cosine of the Friedrichs angle,2014,Heinz H. Bauschke; Yunier Bello-Cruz; T. T. A. Nghia; Hung M. Phan; Xianfu Wang,Journal of Approximation Theory,C;I,harvest+snowball,L2,2,3,2,FULL_TEXT,"Theorem 4.1 (||T^n-P_FixT||=c_F^n); Theorem 4.3 (shadow iterates); Sec. 5 Eqs. (39)-(40) T=cos(theta)R_theta for two lines; Sec. 7 comparison with MAP (read via arXiv:1309.4709v2, same content as JAT 185 (2014) 63-79)",R5;R7,For two lines at angle theta the DR operator is cos(theta) times rotation by theta: same planar factor cos(theta) e^{i theta}; different result.,yes,technique,level2_B1.csv,
hackbusch2021truncation,adjudicated:hackbusch2021truncation,10.1007/s40324-018-00184-5,,,Truncation of tensors in the hierarchical format,2021,,,,adjudicated_only,L2,2,,,,,R9,"Truncation error control in hierarchical format (non-sharp, representation truncation).",yes,closest_prior_art,level2_A.csv,
,10.1137/21m1463306,10.1137/21m1463306,,https://openalex.org/W4323656858,A Deterministic Kaczmarz Algorithm for Solving Linear Systems,2023,Changpeng Shao,SIAM Journal on Matrix Analysis and Applications,I,snowball,L1,2,2,,,,R1a,Kaczmarz-type products of projections,no,,,
,10.1007/s00041-009-9094-9,10.1007/s00041-009-9094-9,,https://openalex.org/W2088025933,A New Scheme for the Tensor Representation,2009,Wolfgang Hackbusch; Simone Kühn,Journal of Fourier Analysis and Applications,A,snowball,L1,2,2,,,,R9,tree/HT/TT format theory; no sharp accumulation result in title,no,,,
,10.1137/110836067,10.1137/110836067,,https://openalex.org/W2055913665,A New Truncation Strategy for the Higher-Order Singular Value Decomposition,2012,Nick Vannieuwenhoven; Raf Vandebril; Karl Meerbergen,SIAM Journal on Scientific Computing,A;F;M,harvest+snowball,L2,2,3,2,FULL_TEXT,Thm 5.1 (exact orthogonal Tucker truncation error); Thm 6.4 (ST-HOSVD error); Thm 6.5 (bound by d times best),R9,"ST-HOSVD gives exact Pythagorean error expressions for sequential orthogonal projections of one tensor and a non-sharp quasi-optimality factor; linear projections, no multilinear defects.",no,,screening/level2_A.csv,
,10.1007/s00041-009-9077-x,10.1007/s00041-009-9077-x,,https://openalex.org/W2083894543,A Note on the Behavior of the Randomized Kaczmarz Algorithm of Strohmer and Vershynin,2009,Yair Censor; Gábor T. Herman; Ming Jiang,Journal of Fourier Analysis and Applications,I,snowball,L1,2,2,,,,R1a,randomized Kaczmarz behavior,no,,,
,10.1137/24m1714502,10.1137/24m1714502,,https://openalex.org/W7118000766,A Parallel Basis Update and Galerkin Integrator for Tree Tensor Networks,2026,Gianluca Ceruti; Jonas Kusch; Christian Lubich; Dominik Sulz,SIAM Journal on Scientific Computing,A,snowball,L2,2,3,2,FULL_TEXT,"arXiv:2412.00858 Thm 3.1; Thm 4.3 (restates Ceruti-Lubich-Sulz Thm A.1, c = norm(C)(d-1)+1); Thm 4.5",R1a;R9,"Parallel BUG for Tucker/TTN with a robust error bound depending only on Lipschitz constant and bound of F; its rank-truncation part merely cites the already-known Ceruti-Lubich-Sulz Thm A.1, nothing sharp or new relative to R.",no,,screening/level2_A.csv,
,10.1137/23m1565103,10.1137/23m1565103,,https://openalex.org/W4396585880,A Parallel Rank-Adaptive Integrator for Dynamical Low-Rank Approximation,2024,Gianluca Ceruti; Jonas Kusch; Christian Lubich,SIAM Journal on Scientific Computing,A,snowball,L1,2,2,,,,R9;R10,TN integrator/contraction with projection or truncation error,no,,,
,10.3389/fams.2022.806549,10.3389/fams.2022.806549,,https://openalex.org/W4293075156,"A Practical Guide to the Numerical Implementation of Tensor Networks I: Contractions, Decompositions, and Gauge Freedom",2022,Glen Evenbly,Frontiers in Applied Mathematics and Statistics,B,snowball,L1,2,2,,,,R9,tensor network contractions and decompositions guide,no,,,
,10.1137/22m1519493,10.1137/22m1519493,,https://openalex.org/W4384828636,A Predictor-Corrector Strategy for Adaptivity in Dynamical Low-Rank Approximations,2023,Cory D. Hauck; Stefan Schnake,SIAM Journal on Matrix Analysis and Applications,A,snowball,L1,2,2,,,,R9,adaptive low-rank error control,no,,,
,10.1007/s00041-008-9030-4,10.1007/s00041-008-9030-4,,https://openalex.org/W2048305372,A Randomized Kaczmarz Algorithm with Exponential Convergence,2008,Thomas Strohmer; Roman Vershynin,Journal of Fourier Analysis and Applications,I,snowball,L1,2,2,,,,R6,projection-based iteration with exponential rate; randomized,no,,,
,10.1007/11830924_45,10.1007/11830924_45,,https://openalex.org/W1547069553,A Randomized Solver for Linear Systems with Exponential Convergence,2006,Thomas Strohmer; Roman Vershynin,Lecture notes in computer science,I,snowball,L1,2,2,,,,R1a,randomized Kaczmarz exponential convergence,no,,,
,10.1007/978-1-4612-5700-4,10.1007/978-1-4612-5700-4,,https://openalex.org/W66060913,A Short Introduction to Perturbation Theory for Linear Operators,1982,Tosio Kato,,I,snowball,L1,2,2,,,,R6,perturbation theory of linear operators (gaps/angles),no,,,
,10.3929/ethz-a-7356080,10.3929/ethz-a-7356080,,https://openalex.org/W2102440906,A framework for non-asymptotic quantum information theory,2012,Marco Tomamichel,Repository for Publications and Research Data (ETH Zurich),E,snowball,L1,2,2,,,,R6,"smooth entropies, purified distance",no,,,
,10.1016/j.crma.2009.11.018,10.1016/j.crma.2009.11.018,,https://openalex.org/W2037072100,A generalization of the Friedrichs angle and the method of alternating projections,2009,Cătălin Badea; Sophie Grivaux; Vladimir Müller,Comptes Rendus Mathématique,C;I,harvest+snowball,L1,2,2,,,,R6,Generalized Friedrichs angle for several subspaces to analyze alternating projection rates; angle technique without comparable sharp theorem,no,,,
,10.1002/gamm.201310004,10.1002/gamm.201310004,,https://openalex.org/W1967077133,A literature survey of low‐rank tensor approximation techniques,2013,Lars Grasedyck; Daniel Kreßner; Christine Tobler,GAMM-Mitteilungen,A,snowball,L1,2,2,,,,R9,low-rank tensor survey incl. truncation,no,,,
,10.1090/s0002-9939-04-07565-3,10.1090/s0002-9939-04-07565-3,,https://openalex.org/W1561132091,A multilinear generalisation of the Cauchy-Schwarz inequality,2004,Anthony Carbery,Proceedings of the American Mathematical Society,D,harvest,L1,2,2,,,,R1b,optimal-constant multilinear inequality; different object,no,,,
,10.1002/nla.1818,10.1002/nla.1818,,https://openalex.org/W1504748373,A projection method to solve linear systems in tensor format,2012,Jonas Ballani; Lars Grasedyck,Numerical Linear Algebra with Applications,A,snowball,L1,2,2,,,,R9,Projected residual iteration with truncation in hierarchical Tucker format; shares HT truncation without accumulation constant,no,,,
,10.1007/s10543-013-0454-0,10.1007/s10543-013-0454-0,,https://openalex.org/W2096434207,A projector-splitting integrator for dynamical low-rank approximation,2013,Christian Lubich; Ivan Oseledets,BIT Numerical Mathematics,A,snowball,L1,2,2,,,,R9,projector-splitting low-rank integrator,no,,,
,10.1007/s10543-024-01032-x,10.1007/s10543-024-01032-x,,https://openalex.org/W4400606850,A robust second-order low-rank BUG integrator based on the midpoint rule,2024,Gianluca Ceruti; Lukas Einkemmer; Jonas Kusch; Christian Lubich,BIT Numerical Mathematics,A,snowball,L1,2,2,,,,R9,robust low-rank integrator error,no,,,
,10.15352/bjma/1240336213,10.15352/bjma/1240336213,,https://openalex.org/W2062379775,A survey of some recent inequalities for the norm and numerical radius of operators in Hilbert spaces,2007,Sever S Dragomir,Banach Journal of Mathematical Analysis,G,harvest,L1,2,2,,,,,norm/numerical radius inequalities survey,no,,,
,10.4064/-38-1-339-360,10.4064/-38-1-339-360,,https://openalex.org/W1165517209,A survey of the Kreiss matrix theorem for power bounded families of matrices and its extensions,1997,John C. Strikwerda; Bruce A. Wade,Banach Center Publications,D,harvest,L1,2,2,,,,R1b,power-bounded matrix constants,no,,,
,admmforconvexquadraticprogramslinearconvergenceandinfeasibilitydetection,,,https://openalex.org/W2186605561,ADMM for Convex Quadratic Programs: Linear Convergence and Infeasibility Detection,2015,Arvind U. Raghunathan; Stefano Di Cairano,arXiv (Cornell University),I,harvest,L1,2,2,,,,,ADMM rate for QPs expressed via Friedrichs angle cosine; shares angle-projection tool only,no,,,
,10.48550/arxiv.1411.7288,10.48550/arxiv.1411.7288,,https://openalex.org/W4293462706,ADMM for Convex Quadratic Programs: Q-Linear Convergence and Infeasibility Detection,2014,Arvind U. Raghunathan; Stefano Di Cairano,arXiv (Cornell University),I,harvest,L1,2,2,,,,,ADMM rate for QPs expressed via Friedrichs angle cosine; shares angle-projection tool only,no,,,
,10.1090/s0002-9947-03-03136-2,10.1090/s0002-9947-03-03136-2,,https://openalex.org/W2008925030,Accelerating the convergence of the method of alternating projections,2003,Heinz H. Bauschke; Frank Deutsch; Hein Hundal; Sung-Ho Park,Transactions of the American Mathematical Society,C;I,harvest+snowball,L1,2,2,,,,R1a;R6,alternating/cyclic projections; no sharp rate in title,no,,,
,10.1038/35014537,10.1038/35014537,,https://openalex.org/W1530671852,Acceleration of quantum decay processes by frequent observations,2000,Abraham G. Kofman; Gershon Kurizki,Nature,J,snowball,L1,2,2,,,,R5,anti-Zeno frequent observation,no,,,
,10.1137/21m1415911,10.1137/21m1415911,,https://openalex.org/W3157892620,Active Learning of Tree Tensor Networks using Optimal Least Squares,2023,Cécile Haberstich; Anthony Nouy; Guillaume Perrin,SIAM/ASA Journal on Uncertainty Quantification,A,harvest,L1,2,2,,,,R9,Tree tensor network learning via projections onto nested tensor subspaces with expectation error bound; shares tree projections but statistical and not a worst-case accumulation constant,no,,,
,10.1007/978-3-319-18461-6_51,10.1007/978-3-319-18461-6_51,,https://openalex.org/W2220926539,Activity Identification and Local Linear Convergence of Douglas–Rachford/ADMM under Partial Smoothness,2015,Jingwei Liang; Jalal Fadili; Gabriel Peyré; Russell Luke,Lecture notes in computer science,I,harvest,L1,2,2,,,,R6,local linear convergence of DR/ADMM; angle-type rates,no,,,
,10.1007/s10208-013-9187-3,10.1007/s10208-013-9187-3,,https://openalex.org/W2112160616,Adaptive Near-Optimal Rank Tensor Approximation for High-Dimensional Operator Equations,2014,Markus Bachmayr; Wolfgang Dahmen,Foundations of Computational Mathematics,A,harvest,L2,2,3,2,FULL_TEXT,arXiv:1304.7796 Thm 5; Remark 2 (kappa_P = sqrt(m) or sqrt(2m-3)); Lemma 2; Thm 6,R9,"Adaptive recompression/coarsening in Tucker/HT using HSVD quasi-optimality constants sqrt(2m-3) (Grasedyck, already known) plus a perturbation lemma; not sharp, no multilinear accumulation.",no,,screening/level2_A.csv,
,10.1137/140953289,10.1137/140953289,,https://openalex.org/W1996869553,Alternating Minimal Energy Methods for Linear Systems in Higher Dimensions,2014,Sergey Dolgov; Dmitry Savostyanov,SIAM Journal on Scientific Computing,A;B;M,harvest+snowball,L1,2,2,,,,R9,TT alternating solvers,no,,,
,10.1109/tsp.2014.2339801,10.1109/tsp.2014.2339801,,https://openalex.org/W2045286779,Alternating Projections and Douglas-Rachford for Sparse Affine Feasibility,2014,Robert Hesse; D. Lüke; Patrick Neumann,IEEE Transactions on Signal Processing,C;I,harvest,L1,2,2,,,,R1a;R6,alternating/cyclic projections; no sharp rate in title,no,,,
,10.1007/s00365-013-9213-3,10.1007/s00365-013-9213-3,,https://openalex.org/W2074065373,Alternating Projections on Nontangential Manifolds,2013,Фредрик Андерссон; Marcus Carlsson,Constructive Approximation,I,snowball,L1,2,2,,,,R1a;R6,alternating/cyclic projections; no sharp rate in title,no,,,
,10.1007/bf02310791,10.1007/bf02310791,,https://openalex.org/W2000215628,Analysis of Individual Differences in Multidimensional Scaling Via an N-way Generalization of “Eckart-Young” Decomposition,1970,J. Douglas Carroll; Jih-Jie Chang,Psychometrika,A,snowball,L1,2,2,,,,R9,N-way Eckart-Young tensor decomposition,no,,,
,10.22331/q-2024-12-27-1580,10.22331/q-2024-12-27-1580,,https://openalex.org/W4405847480,Approximate Contraction of Arbitrary Tensor Networks with a Flexible and Efficient Density Matrix Algorithm,2024,Linjian Ma; Matthew Fishman; E. Miles Stoudenmire; Edgar Solomonik,Quantum,B,snowball,L1,2,2,,,,R9;R10,TN integrator/contraction with projection or truncation error,no,,,
,10.1016/j.jco.2013.10.001,10.1016/j.jco.2013.10.001,,https://openalex.org/W2160251536,Approximation rates for the hierarchical tensor format in periodic Sobolev spaces,2013,Reinhold Schneider; André Uschmajew,Journal of Complexity,A,harvest,L1,2,2,,,,R9,HT approximation rates,no,,,
,10.1103/physrevresearch.5.013031,10.1103/physrevresearch.5.013031,,https://openalex.org/W4317806091,Automatic structural optimization of tree tensor networks,2023,Toshiya Hikihara; Hiroshi Ueda; Kouichi Okunishi; Kenji Harada; Tomotoshi Nishino,Physical Review Research,A,harvest,L1,2,2,,,,R3,Optimizing tree tensor network structure to improve accuracy; tree-structure dependence of approximation contrasts with R3 but no theorem,no,,,
,10.48550/arxiv.2608.16994,10.48550/arxiv.2608.16994,,https://openalex.org/W7203755620,Basis-update and Galerkin time integration in canonical matrix-product-state form,2026,Maximilian Fröhlich; Richard M. Milbradt; Martin Eigel; Aaron Sander; Robert Wille; Christian B. Mendl,arXiv (Cornell University),A,harvest,L2,2,3,2,FULL_TEXT,App. B Theorem 4 (transferred robust first-order bound ||Y_n-A(t_n)||<=C0 e0+C1 eta+C2 h); Proposition 1 (inclusion hypothesis); Proposition 2 (contractivity of overlap transport) (arXiv HTML),none (adjacent to R1a;R9),"BUG time integration in canonical MPS form inherits a first-order tree-tensor-network error bound linear in a tangent-space defect eta with non-explicit, non-sharp constants depending on Lipschitz data and final time, so it shares only the defect-based projection-error flavour and implies no sharp-constant Theorem R claim.",no,,screening/level2_B1.csv,
,10.1007/jhep11%282019%29069,10.1007/jhep11%282019%29069,,https://openalex.org/W3101043594,Beyond toy models: distilling tensor networks in full AdS/CFT,2023,Ning Bao,OSTI OAI (U.S. Department of Energy Office of Scientific and Technical Information),A;D,harvest,L1,2,2,,,,,Tree tensor networks built by iterative approximation in AdS/CFT with purification ideas; shares object loosely,no,,,
,10.1007/jhep11(2019)069,10.1007/jhep11(2019)069,,https://openalex.org/W2903411165,Beyond toy models: distilling tensor networks in full AdS/CFT,2019,Ning Bao; Geoffrey Penington; Jonathan Sorce; Aron C. Wall,Journal of High Energy Physics,A;D,harvest,L1,2,2,,,,,Tree tensor networks built by iterative approximation in AdS/CFT with purification ideas; shares object loosely,no,,,
,10.1016/j.laa.2011.08.010,10.1016/j.laa.2011.08.010,,https://openalex.org/W1967538125,Black box approximation of tensors in hierarchical Tucker format,2011,Jonas Ballani; Lars Grasedyck; Melanie Kluge,Linear Algebra and its Applications,A,harvest+snowball,L1,2,2,,,,R9,tree/HT/TT format theory; no sharp accumulation result in title,no,,,
,10.1007/s00020-002-1188-6,10.1007/s00020-002-1188-6,,,Bounds for analytical functions of matrices,2004,"Crouzeix, Michel",Integral Equations and Operator Theory,L,harvest,L1,2,2,,,,,bounds for analytic functions of matrices,no,,,
,10.1137/090748330,10.1137/090748330,,https://openalex.org/W1995406764,"Breaking the Curse of Dimensionality, Or How to Use SVD in Many Dimensions",2009,Ivan Oseledets; E. E. Tyrtyshnikov,SIAM Journal on Scientific Computing,A,snowball,L2,2,3,2,ABSTRACT_ONLY,SVD-based Tree-Tucker/TT construction error bound (root-sum-of-squares of local truncation errors; exact location not verified),R9,"Standard SVD-based Tree-Tucker/TT construction with a root-sum-of-squares truncation bound for a single tensor; linear nested projections, non-sharp quasi-optimality, no multilinear composition.",no,,screening/level2_A.csv,
,10.1145/1644001.1644003,10.1145/1644001.1644003,,https://openalex.org/W1999470254,Certification of bounds on expressions involving rounded operators,2010,Marc Daumas; Guillaume Melquiond,ACM Transactions on Mathematical Software,H,harvest,L1,2,2,,,,R12,certified error bounds for rounded expressions,no,,,
,10.48550/arxiv.0710.2387,10.48550/arxiv.0710.2387,,https://openalex.org/W2953322968,Characterizing arbitrarily slow convergence in the method of alternating projections,2007,Heinz H. Bauschke; Frank Deutsch; Hein Hundal,arXiv (Cornell University),I,harvest,L1,2,2,,,,R1a;R6,alternating/cyclic projections; no sharp rate in title,no,,,
,10.1111/j.1475-3995.2008.00682.x,10.1111/j.1475-3995.2008.00682.x,,https://openalex.org/W2594309699,Characterizing arbitrarily slow convergence in the method of alternating projections,2009,Heinz H. Bauschke; Frank Deutsch; Hein Hundal,International Transactions in Operational Research,I,snowball,L1,2,2,,,,R1a;R6,alternating/cyclic projections; no sharp rate in title,no,,,
,10.1007/s11075-017-0399-5,10.1007/s11075-017-0399-5,,https://openalex.org/W2607657538,Circumcentering the Douglas–Rachford method,2017,Roger Behling; Yunier Bello-Cruz; Luiz-Rafael Santos,Numerical Algorithms,I,snowball,L1,2,2,,,,R6,circumcentered Douglas-Rachford (projections),no,,,
,compactmatrixformoftheddimensionaltensordecomposition,,,https://openalex.org/W3173412020,Compact matrix form of the d-dimensional tensor decomposition,2009,Ivan Oseledets,IEICE Proceedings Series,A,snowball,L1,2,2,,,,R9,TT decomposition format,no,,,
,10.1016/j.laa.2011.12.019,10.1016/j.laa.2011.12.019,,https://openalex.org/W2092332806,Computations in quantum tensor networks,2012,Thomas Huckle; Konrad Waldherr; Thomas Schulte‐Herbrüggen,Linear Algebra and its Applications,B,snowball,L1,2,2,,,,R9,quantum tensor network computations,no,,,
,10.1103/revmodphys.64.339,10.1103/revmodphys.64.339,,https://openalex.org/W1973260862,Consistent interpretations of quantum mechanics,1992,Roland Omnès,Reviews of Modern Physics,J,snowball,L1,2,2,,,,R1a,consistent histories (chains of projectors),no,,,
,continuityofquantummutualinformation,,,https://openalex.org/W115353878,Continuity of quantum mutual information,2003,Robert Alicki; M. Fannes,arXiv (Cornell University),E,snowball,L1,2,2,,,,R6,continuity bound for quantum information quantity,no,,,
,10.1137/23m1621320,10.1137/23m1621320,,https://openalex.org/W4406666663,Convergence Analyses of Davis–Yin Splitting via Scaled Relative Graphs,2025,Jong Min Lee; Soheun Yi; Ernest K. Ryu,SIAM Journal on Optimization,D,snowball,L1,2,2,,,,R6,sharp rates operator splitting via relative graphs,no,,,
,10.48550/arxiv.1612.07838,10.48550/arxiv.1612.07838,,https://openalex.org/W2567138771,"Convergence Rates for Greedy Kaczmarz Algorithms, and Faster Randomized Kaczmarz Rules Using the Orthogonality Graph",2016,Julie Nutini; Behrooz Sepehry; Issam Laradji; Mark Schmidt; Hoyt Koepke; Alim Virani,arXiv (Cornell University),I,snowball,L1,2,2,,,,R1a,greedy Kaczmarz rates; projections,no,,,
,10.1023/a:1022631928592,10.1023/a:1022631928592,,https://openalex.org/W1935121520,Convergence of Bregman Projection Methods for Solving Consistent Convex Feasibility Problems in Reflexive Banach Spaces,1997,Yakov Alber; Dan Butnariu,Journal of Optimization Theory and Applications,I,snowball,L1,2,2,,,,R6,"projection methods convergence, no sharp constant",no,,,
,10.2478/cmam-2011-0021,10.2478/cmam-2011-0021,,https://openalex.org/W2011732752,DMRG Approach to Fast Linear Algebra in the TT-Format,2011,Ivan Oseledets,Computational Methods in Applied Mathematics,B,snowball,L1,2,2,,,,R9,DMRG linear algebra in TT format,no,,,
,10.1007/bf02612715,10.1007/bf02612715,,https://openalex.org/W2094508696,Decomposition through formalization in a product space,1984,Guy Pierra,Mathematical Programming,I,snowball,L1,2,2,,,,R1a,Pierra product-space projection decomposition,no,,,
,10.1103/physrevlett.69.2863,10.1103/physrevlett.69.2863,,https://openalex.org/W2037768897,Density matrix formulation for quantum renormalization groups,1992,Steven R. White,Physical Review Letters,B;M,snowball,L1,2,2,,,,R9;R10,DMRG density matrix truncation,no,,,
,10.1103/physrevb.48.10345,10.1103/physrevb.48.10345,,https://openalex.org/W2016407890,Density-matrix algorithms for quantum renormalization groups,1993,Steven R. White,"Physical review. B, Condensed matter",B,snowball,L1,2,2,,,,R9;R10,DMRG algorithms (truncation),no,,,
,10.1016/j.laa.2011.02.026,10.1016/j.laa.2011.02.026,,https://openalex.org/W1965684525,Derivatives for antisymmetric tensor powers and perturbation bounds,2011,Tanvi Jain,Linear Algebra and its Applications,B,harvest,L2,2,3,2,ABSTRACT_ONLY,"Abstract (T. Jain, LAA 435 (2011) 1111-1121); related open full text Bhatia-Grover-Jain arXiv:1102.2414 Thm 1.1",R1b;R7,"Exact norms of higher derivatives of antisymmetric tensor powers give attained Taylor-type perturbation bounds for a multilinear map; there are no projections or truncations, so R1b/R7 do not follow and only a multilinear-telescoping technique is shared.",no,,screening/level2_A.csv,
,10.1137/15m1026791,10.1137/15m1026791,,https://openalex.org/W2102688209,Discretized Dynamical Low-Rank Approximation in the Presence of Small Singular Values,2016,Emil Kieri; Christian Lubich; Hanna Walach,SIAM Journal on Numerical Analysis,A,snowball,L2,2,3,2,ABSTRACT_ONLY,Main error bounds for the projector-splitting integrator (matrix case and TT extension),R9,"Projector-splitting integrator error bounds of order h plus modelling error, robust to small singular values, for matrices and TT; a time-integration setting with no multilinear tree defect bound and no sharp constant.",no,,screening/level2_A.csv,
,10.1103/physreva.71.062310,10.1103/physreva.71.062310,,https://openalex.org/W2023885784,Distance measures to compare real and ideal quantum processes,2005,Alexei Gilchrist; Nathan K. Langford; Michael A. Nielsen,Physical Review A,E,snowball,L1,2,2,,,,R6;R12,distance measures for processes; composition of errors,no,,,
,10.1002/nla.2174,10.1002/nla.2174,,https://openalex.org/W2746205395,Distributed hierarchical SVD in the Hierarchical Tucker format,2018,Lars Grasedyck; Christian Löbbert,Numerical Linear Algebra with Applications,A,harvest,L1,2,2,,,,R9,tree/HT/TT format theory; no sharp accumulation result in title,no,,,
,10.1103/physrevx.10.041020,10.1103/physrevx.10.041020,,https://openalex.org/W2945488351,Dynamical Purification Phase Transition Induced by Quantum Measurements,2020,Michael J. Gullans; David A. Huse,Physical Review X,J,harvest,L1,2,2,,,,R5;R7,repeated measurements dynamics; not error bound,no,,,
,10.1137/09076578x,10.1137/09076578x,,https://openalex.org/W2115402677,Dynamical Tensor Approximation,2010,Othmar Koch; Christian Lubich,SIAM Journal on Matrix Analysis and Applications,A,snowball,L1,2,2,,,,R9,dynamical tensor approximation,no,,,
,10.1016/j.physrep.2006.09.003,10.1016/j.physrep.2006.09.003,,https://openalex.org/W2032873922,Dynamics of Loschmidt echoes and fidelity decay,2006,T. Gorin; Tomaž Prosen; T. H. Seligman; Marko Žnidarič,Physics Reports,J,snowball,L1,2,2,,,,R6,fidelity decay,no,,,
,10.48550/arxiv.2010.12056,10.48550/arxiv.2010.12056,,https://openalex.org/W3094539098,Efficient parallel CP decomposition with pairwise perturbation and multi-sweep dimension tree,2020,Linjian Ma; Edgar Solomonik,arXiv (Cornell University),F,harvest,L1,2,2,,,,R9,dimension-tree CP with perturbation,no,,,
,10.1109/lcsys.2017.2698179,10.1109/lcsys.2017.2698179,,https://openalex.org/W2608326745,Eigenvalue Invariance of Inhomogeneous Matrix Products in Distributed Algorithms,2017,Shaoshuai Mou; Brian D. O. Anderson,IEEE Control Systems Letters,I,snowball,L1,2,2,,,,R7,inhomogeneous matrix products,no,,,
,10.1209/epl/i1998-00381-x,10.1209/epl/i1998-00381-x,,https://openalex.org/W2054025254,Equivalence of the variational matrix product method and the density matrix renormalization group applied to spin chains,1998,J Dukelsky; M. A Martín-Delgado; T Nishino; G Sierra,Europhysics Letters (EPL),M,snowball,L1,2,2,,,,R9,variational MPS vs DMRG,no,,,
,10.1137/24m1687649,10.1137/24m1687649,,https://openalex.org/W4395024143,Error Analysis of the Gram Low-Rank Approximation (and Why it is Not as Unstable as One May Think),2025,Théo Mary,SIAM Journal on Matrix Analysis and Applications,A,harvest,L1,2,2,,,,R9,stability of Gram low-rank approximation; single truncation,no,,,
,10.24033/bsmf.90,10.24033/bsmf.90,,https://openalex.org/W2583308334,Essai sur la géométrie à $n$ dimensions,1875,Camille Jordan,Bulletin de la Société mathématique de France,I,snowball,L1,2,2,,,,R6,Jordan principal angles between subspaces,no,,,
,10.1007/s00220-014-2213-8,10.1007/s00220-014-2213-8,,https://openalex.org/W2000101179,Exponential Decay of Correlations Implies Area Law,2014,Fernando G. S. L. Brandão; Michał Horodecki,Communications in Mathematical Physics,E,harvest+snowball,L1,2,2,,,,,area law via decay of correlations; MPS approximation,no,,,
,10.1109/sfcs.1996.548464,10.1109/sfcs.1996.548464,,https://openalex.org/W2167927798,Fault-tolerant quantum computation,2002,Peter W. Shor,,K,snowball,L1,2,2,,,,R10,error accumulation in quantum circuits,no,,,
,10.1016/s0024-3795(02)00697-3,10.1016/S0024-3795(02)00697-3,,,Finite Blaschke products of contractions,2003,"Gau, Hwa-Long; Wu, Pei Yuan",Linear Algebra and its Applications,L,harvest,L1,2,2,,,,R2,Blaschke products of contractions,no,,,
,10.1007/bf02099178,10.1007/bf02099178,,https://openalex.org/W2074426935,Finitely correlated states on quantum spin chains,1992,M. Fannes; Bruno Nachtergaele; Reinhard F. Werner,Communications in Mathematical Physics,M,snowball,L1,2,2,,,,R9,finitely correlated states (MPS),no,,,
,10.48550/arxiv.2403.11437,10.48550/arxiv.2403.11437,,https://openalex.org/W4393026895,Formalization of Complexity Analysis of the First-order Algorithms for Convex Optimization,2024,Chenyi Li; Ziyu Wang; Wanyi He; Yuxuan Wu; Shengyang Xu; Zaiwen Wen,arXiv (Cornell University),H,harvest,L1,2,2,,,,R8,formalized convergence rates of optimization algorithms,no,,,
,10.1007/s10817-025-09741-w,10.1007/s10817-025-09741-w,2403.11437,https://openalex.org/W4415204853,Formalization of Convergence Rates of Four First-order Algorithms for Convex Optimization,2025,Chenyi Li; Ziyu Wang; Wanyi He; Yuxuan Wu; Shengyang Xu; Zaiwen Wen,Journal of Automated Reasoning,H,harvest,L1,2,2,,,,R8,formalized convergence rates of optimization algorithms,no,,,
,formalizationoftwofixedpointalgorithmsinhilbertspaces,,,https://openalex.org/W7130762623,Formalization of Two Fixed-Point Algorithms in Hilbert Spaces,2026,Yi Bai; Yantao Li; Jian Ming Yu; Jingwei Liang,arXiv (Cornell University),H,harvest,L1,2,2,,,,R8,formalization of fixed-point algorithms in Hilbert spaces,no,,,
,10.1007/s10817-024-09696-4,10.1007/s10817-024-09696-4,2202.05360,https://openalex.org/W4399335583,Formalized Functional Analysis with Semilinear Maps,2024,Frédéric Dupuis; Robert Y. Lewis; Heather Macbeth,Journal of Automated Reasoning,H,harvest,L1,2,2,,,,R8,Lean/Mathlib functional analysis formalization,no,,,
,10.4230/lipics.itp.2022.10,10.4230/lipics.itp.2022.10,,https://openalex.org/W4287026457,Formalized functional analysis with semilinear maps,2022,"Dupuis, Frédéric; Lewis, Robert Y.; Macbeth, Heather",DROPS (Schloss Dagstuhl – Leibniz Center for Informatics),H,harvest,L1,2,2,,,,R8,Lean/Mathlib functional analysis formalization,no,,,
,10.48550/arxiv.2202.05360,10.48550/arxiv.2202.05360,,https://openalex.org/W4226327982,Formalized functional analysis with semilinear maps,2022,Frédéric Dupuis; Robert Y. Lewis; Heather Macbeth,arXiv (Cornell University),H,harvest,L1,2,2,,,,R8,Lean/Mathlib functional analysis formalization,no,,,
,10.4171/067,10.4171/067,,https://openalex.org/W1515678755,From Quantum to Classical Molecular Dynamics: Reduced Models and Numerical Analysis,2008,Christian Lubich,Zurich lectures in advanced mathematics,A,snowball,L1,2,2,,,,R9,reduced models numerical analysis (MCTDH),no,,,
,10.1007/bf01697972,10.1007/bf01697972,,https://openalex.org/W2018670963,Generalization of the Trotter-Lie formula,1981,Michel L. Lapidus,Integral Equations and Operator Theory,I,snowball,L1,2,2,,,,R1a;R5,Trotter-Lie/Kato product formula with projections,no,,,
,10.1109/tcs.1978.1084541,10.1109/tcs.1978.1084541,,https://openalex.org/W1969469319,Generalized Image Restoration by the Method of Alternating Orthogonal Projections,1978,Dante C. Youla,IEEE Transactions on Circuits and Systems,I,snowball,L1,2,2,,,,R1a;R6,alternating/cyclic projections; no sharp rate in title,no,,,
,10.1007/3-540-10579-4,10.1007/3-540-10579-4,,https://openalex.org/W3162324712,Geometry of the Time-Dependent Variational Principle in Quantum Mechanics,1981,Peter Krämer; Marcos Saraceno,Lecture notes in physics,A,snowball,L1,2,2,,,,R6,TDVP geometry (projection onto manifold),no,,,
,10.1103/physreva.60.2746,10.1103/physreva.60.2746,,https://openalex.org/W2126338609,Grover’s quantum searching algorithm is optimal,1999,Christof Zalka,Physical Review A,K,snowball,L1,2,2,,,,R6,Grover optimality via hybrid/angle argument,no,,,
,10.1016/j.laa.2019.04.025,10.1016/j.laa.2019.04.025,,https://openalex.org/W2940990234,Halmos' two projections theorem for Hilbert C⁎-module operators and the Friedrichs angle of two closed submodules,2019,Wei Luo; Mohammad Sal Moslehian; Qingxiang Xu,Linear Algebra and its Applications,C,harvest,L1,2,2,,,,R6,angles between subspaces/projections,no,,,
,10.1088/1402-4896/ae7c3f,10.1088/1402-4896/ae7c3f,,https://openalex.org/W4398795679,Hamiltonian simulation in Zeno subspaces,2026,Kasra Rajabzadeh Dizaji; Ariq Haqq; Alicia Magann; Christian Arenz,Physica Scripta,J,harvest,L1,2,2,,,,R1a;R7,Zeno dynamics mathematics; possible error bounds,no,,,
,10.1103/glcd-gm3v,10.1103/glcd-gm3v,,https://openalex.org/W4416778166,Higher-order Zeno sequences,2026,Kasra Rajabzadeh Dizaji; L.M. Kim; Milad Marvian; Christian Arenz,Physical Review Research,J,harvest,L2,2,3,2,FULL_TEXT,"Sec. II.1 Eq. (3) first-order Zeno error t^2||H||^2/N; Eqs. (7),(17) O(1/N^{2k}) higher-order sequences; Sec. II.2 Eq. (21) kick bound; arXiv:2511.20792 (PRR 8, 023051, 2026)",none (adjacent to R1a),"Upper bounds on convergence of (P U P)^N to e^{-iPHPt}P with Trotter-type order improvements and big-O constants involving commutators, without sharpness claims, rotated-axis/equal-angle analysis or an explicit extremal constant, so it is adjacent Zeno error theory and implies no Theorem R claim.",no,,screening/level2_C.csv,
,10.48550/arxiv.2203.15993,10.48550/arxiv.2203.15993,,https://openalex.org/W4221151504,Improved Quantum Algorithms for Fidelity Estimation,2022,András Gilyén; Alexander Poremba,arXiv (Cornell University),E,harvest,L1,2,2,,,,R6,fidelity estimation (algorithmic),no,,,
,10.1137/20m1358669,10.1137/20m1358669,,https://openalex.org/W3214658801,Infeasibility and error bound imply finite convergence of alternating projections,2020,Roger Behling; Yunier Bello-Cruz; Luiz-Rafael Santos,arXiv (Cornell University),I,snowball,L1,2,2,,,,R1a;R6,alternating/cyclic projections; no sharp rate in title,no,,,
,10.1103/physrevlett.74.4763,10.1103/physrevlett.74.4763,,https://openalex.org/W2068696696,Interaction-Free Measurement,1995,Paul G. Kwiat; Harald Weinfurter; Thomas Herzog; Anton Zeilinger; Mark A. Kasevich,Physical Review Letters,J,snowball,L1,2,2,,,,R5,interaction-free measurement (Zeno-type projections),no,,,
,10.1103/physrevlett.124.037201,10.1103/physrevlett.124.037201,,https://openalex.org/W2913725972,Isometric Tensor Network States in Two Dimensions,2020,Michael P. Zaletel; Frank Pollmann,Physical Review Letters,B,snowball,L1,2,2,,,,R9,isometric tensor network states,no,,,
,10.48550/arxiv.1912.07913,10.48550/arxiv.1912.07913,,https://openalex.org/W4287992584,Learning high-dimensional probability distributions using tree tensor networks,2019,Erwan Grelier; Anthony Nouy; Régis Lebrun,arXiv (Cornell University),A,harvest,L1,2,2,,,,R9,Learning densities in tree-based tensor formats with orthogonal-basis parametrization; shares object only,no,,,
,10.3150/21-bej1371,10.3150/21-bej1371,,https://openalex.org/W3039249709,Learning with tree tensor networks: Complexity estimates and model selection,2022,Bertrand Michel; Anthony Nouy,Bernoulli,A,harvest,L1,2,2,,,,R9,Model selection for tree tensor networks viewed as multilinear sum-product networks; shares tree multilinear object without comparable bound,no,,,
,10.48550/arxiv.1811.04455,10.48550/arxiv.1811.04455,,https://openalex.org/W2900176663,Learning with tree-based tensor formats,2018,Erwan Grelier; Anthony Nouy; Mathilde Chevreuil,arXiv (Cornell University),A,harvest,L1,2,2,,,,R9,Tree-based tensor formats as multilinear deep networks with rank adaptation; shares object only,no,,,
,10.48550/arxiv.1402.5460,10.48550/arxiv.1402.5460,,https://openalex.org/W2962704982,Linear and strong convergence of algorithms involving averaged\n nonexpansive operators,2014,Heinz H. Bauschke; Dominikus Noll; Hung M. Phan,arXiv (Cornell University),D;I,harvest+snowball,L1,2,2,,,,R1a,linear convergence of averaged operator compositions,no,,,
,10.1007/s10107-017-1229-1,10.1007/s10107-017-1229-1,,https://openalex.org/W2531859882,Linear convergence of the randomized sparse Kaczmarz method,2018,Frank Schöpfer; Dirk A. Lorenz,Mathematical Programming,I,snowball,L1,2,2,,,,R1a,sparse Kaczmarz linear rate; projection iteration,no,,,
,10.1016/j.jmaa.2004.06.031,10.1016/j.jmaa.2004.06.031,,https://openalex.org/W2126728953,Linear polarization constants of Hilbert spaces,2004,Αλέξανδρος Παππάς; Szilárd Gy. Révész,Journal of Mathematical Analysis and Applications,D,harvest,L1,2,2,,,,R1b,sharp constants for products of linear forms,no,,,
,10.1017/s0962492922000125,10.1017/s0962492922000125,,https://openalex.org/W4376148906,Low-rank tensor methods for partial differential equations,2023,Markus Bachmayr,Acta Numerica,A,harvest+snowball,L1,2,2,,,,R9,low-rank tensor methods survey,no,,,
,10.1090/s0002-9947-2012-05403-1,10.1090/s0002-9947-2012-05403-1,,https://openalex.org/W2081850255,Lower bounds for norms of products of polynomials via Bombieri inequality,2012,Damián Pinasco,Transactions of the American Mathematical Society,D,harvest,L1,2,2,,,,,Sharp lower bounds for norms of products of homogeneous polynomials in Hilbert space with orthonormal extremizers; sharp multilinear extremal problem unrelated to projection defects,no,,,
,10.1088/1367-2630/ab31ef,10.1088/1367-2630/ab31ef,,https://openalex.org/W2922105745,Machine learning by unitary tensor network of hierarchical tree structure,2019,Ding Liu; Shi-Ju Ran; Peter Wittek; Cheng Peng; Raul Blázquez García; Gang Su,New Journal of Physics,A,snowball,L1,2,2,,,,,Unitary hierarchical tree tensor network classifiers studied via fidelity; shares tree network and fidelity objects without error bound,no,,,
,10.1016/0024-3795(94)90341-7,10.1016/0024-3795(94)90341-7,,https://openalex.org/W2058041395,Majorizations and inequalities in matrix theory,1994,T. Andô,Linear Algebra and its Applications,D,harvest,L1,2,2,,,,,majorization inequalities in matrix theory,no,,,
,10.1103/physrevlett.93.207204,10.1103/physrevlett.93.207204,,https://openalex.org/W1550516781,Matrix Product Density Operators: Simulation of Finite-Temperature and Dissipative Systems,2004,Frank Verstraete; Juan José García‐Ripoll; J. I. Cirac,Physical Review Letters,M,snowball,L1,2,2,,,,R9,matrix product density operators simulation,no,,,
,10.1080/14789940801912366,10.1080/14789940801912366,,https://openalex.org/W2096391265,"Matrix product states, projected entangled pair states, and variational renormalization group methods for quantum spin systems",2008,Frank Verstraete; V. Murg; J. I. Cirac,Advances In Physics,B;M,snowball,L1,2,2,,,,R9,MPS/PEPS methods review,no,,,
,10.1109/tit.2009.2018325,10.1109/tit.2009.2018325,,https://openalex.org/W2132840498,Min- and Max-Relative Entropies and a New Entanglement Monotone,2009,Nilanjana Datta,IEEE Transactions on Information Theory,K,snowball,L1,2,2,,,,,"same broad field only [audit: raised to 2, shared technique]",no,,,
,10.23919/ecc65951.2025.11187196,10.23919/ecc65951.2025.11187196,,https://openalex.org/W4415180519,Mixed Small Gain and Phase Theorem: A new view using Scale Relative Graphs,2025,Eder Baron-Prada; Adolfo Anta; Alberto Padoan; Florian Dörfler,,D,snowball,L1,2,2,,,,R6,phase/angle bounds for operator compositions,no,,,
,10.1021/acs.jpca.5b03256,10.1021/acs.jpca.5b03256,,https://openalex.org/W2302414742,Multilayer Multiconfiguration Time-Dependent Hartree Theory,2015,Haobin Wang,The Journal of Physical Chemistry A,A,snowball,L1,2,2,,,,R9,multilayer MCTDH review (tree tensors),no,,,
,10.1063/1.1580111,10.1063/1.1580111,,https://openalex.org/W2008931657,Multilayer formulation of the multiconfiguration time-dependent Hartree theory,2003,Haobin Wang; Michael Thoss,The Journal of Chemical Physics,A,snowball,L1,2,2,,,,R9,multilayer MCTDH (tree tensor format),no,,,
,10.1080/00018730600766432,10.1080/00018730600766432,,https://openalex.org/W2093617300,New trends in density matrix renormalization,2006,Karen A. Hallberg,Advances In Physics,M,snowball,L1,2,2,,,,R9,DMRG trends,no,,,
,10.1007/s00025-017-0721-5,10.1007/s00025-017-0721-5,,https://openalex.org/W2694188973,Non-optimality of the Greedy Algorithm for Subspace Orderings in the Method of Alternating Projections,2017,O. Darwin; A. Jha; S. Roy; D. Seifert; R. Steele; L. Stigant,Results in Mathematics,I,harvest,L1,2,2,,,,,Ordering of subspaces in alternating projections with sharp estimates on greedy suboptimality; projection-product geometry only,no,,,
,10.1073/pnas.112329799,10.1073/pnas.112329799,,https://openalex.org/W1980428773,Numerical operator calculus in higher dimensions,2002,Gregory Beylkin; Martin J. Mohlenkamp,Proceedings of the National Academy of Sciences,A,snowball,L1,2,2,,,,R9,separated representations operator calculus,no,,,
,10.1016/j.jmaa.2010.01.036,10.1016/j.jmaa.2010.01.036,,https://openalex.org/W1970014489,Numerical range and quasi-sectorial contractions,2010,Yury Arlinskii̇̆; Valentin A. Zagrebnov,Journal of Mathematical Analysis and Applications,L,harvest,L2,2,3,2,FULL_TEXT,"arXiv:0810.3072: Prop 2.3 (class CH(alpha) closed under symmetrized/commuting products), Thm 2.7, Thm 3.4 (numerical range of exp(-tS) in a lens-type region), Prop 3.5 (region Q(alpha) is a multiplicative semigroup), Thm 4.1 (Euler O(1/n))",R7,"Localizes numerical ranges of sectorial contraction semigroups in lens-shaped regions of C that are closed under multiplication, sharing the geometric idea of multiplicative regions near the circle |z-1/2|=1/2, but it bounds numerical ranges and Euler-formula rates, not max|1-prod cos(theta_j)e^{i theta_j}| or any projection-insertion error.",no,,screening/level2_B2.csv,
,10.1137/110857520,10.1137/110857520,,https://openalex.org/W2088522763,On Local Convergence of Alternating Schemes for Optimization of Convex Problems in the Tensor Train Format,2013,Thorsten Rohwedder; André Uschmajew,SIAM Journal on Numerical Analysis,A,snowball,L1,2,2,,,,R9,alternating schemes convergence in TT,no,,,
,10.1007/s10208-012-9136-6,10.1007/s10208-012-9136-6,,https://openalex.org/W2088739747,On Minimal Subspaces in Tensor Representations,2012,Antonio Falcó; Wolfgang Hackbusch,Foundations of Computational Mathematics,A,snowball,L1,2,2,,,,R9,minimal subspaces in tensor representations,no,,,
,10.1137/s0036144593251710,10.1137/s0036144593251710,,https://openalex.org/W2033511209,On Projection Algorithms for Solving Convex Feasibility Problems,1996,Heinz H. Bauschke; Jonathan M. Borwein,SIAM Review,I,snowball,L1,2,2,,,,R1a;R6,alternating/cyclic projections; no sharp rate in title,no,,,
,10.1016/0003-4916(71)90133-3,10.1016/0003-4916(71)90133-3,,https://openalex.org/W1983341991,On a reinterpretation of decay experiments,1971,H. Ekstein; A. J. F. Siegert,Annals of Physics,J,snowball,L1,2,2,,,,R5,decay experiments and repeated measurement (Zeno precursor),no,,,
,10.1002/nla.2289,10.1002/nla.2289,,https://openalex.org/W2946151451,On algorithms for and computing with the tensor ring decomposition,2020,Oscar Mickelin; Sertaç Karaman,Numerical Linear Algebra with Applications,A,harvest,L1,2,2,,,,R9,tensor ring decomposition,no,,,
,10.1016/j.jmaa.2021.125239,10.1016/j.jmaa.2021.125239,2008.09313,,On angles between convex sets in Hilbert spaces,2021,"Bauschke, Heinz H.; Ouyang, Hui; Wang, Xianfu",Journal of Mathematical Analysis and Applications,C,harvest,L1,2,2,,,,R6,angles between subspaces/projections,no,,,
,10.1090/s0002-9947-1937-1501907-0,10.1090/s0002-9947-1937-1501907-0,,https://openalex.org/W1997167553,On certain inequalities and characteristic value problems for analytic functions and for functions of two variables,1937,Kurt Friedrichs,Transactions of the American Mathematical Society,I,snowball,L1,2,2,,,,R6,origin of Friedrichs angle,no,,,
,10.1214/aop/1048516531,10.1214/aop/1048516531,,https://openalex.org/W2004205467,On extremal distributions and sharp $\bolds{L_p}$-bounds\\ for sums of multilinear forms,2003,Rustam Ibragimov; Шатургун Шарахметов; Víctor Peña,The Annals of Probability,D,harvest,L1,2,2,,,,,Sharp Lp bounds with extremal distributions for sums of multilinear forms; sharp constants for multilinear objects but probabilistic and unrelated to projection defects,no,,,
,10.1007/s00211-011-0419-7,10.1007/s00211-011-0419-7,,https://openalex.org/W2036133196,On manifolds of tensors of fixed TT-rank,2011,Sebastian Holtz; Thorsten Rohwedder; Reinhold Schneider,Numerische Mathematik,A,snowball,L1,2,2,,,,R9,TT manifold geometry,no,,,
,10.48550/arxiv.2305.13362,10.48550/arxiv.2305.13362,,https://openalex.org/W4378513206,"On quantum backpropagation, information reuse, and cheating measurement collapse",2023,Amira Abbas; Robbie King; Hsin-Yuan Huang; William J. Huggins; Ramis Movassagh; Dar Gilboa,arXiv (Cornell University),K,harvest,L1,2,2,,,,R6;R12,measurement collapse / gentle measurement,no,,,
,10.1016/j.exmath.2018.01.002,10.1016/j.exmath.2018.01.002,,https://openalex.org/W2771202495,On the Bures–Wasserstein distance between positive definite matrices,2018,Rajendra Bhatia; Tanvi Jain; Yongdo Lim,Expositiones Mathematicae,E,harvest,L1,2,2,,,,R6,Bures/fidelity distance,no,,,
,10.48550/arxiv.1406.6474,10.48550/arxiv.1406.6474,,https://openalex.org/W2165464496,On the Convergence Rate of Decomposable Submodular Function Minimization,2014,Robert Nishihara; Stefanie Jegelka; Michael I. Jordan,arXiv (Cornell University),I,harvest,L1,2,2,,,,R6,alternating projections rate via subspace angles; no sharp tree bound,no,,,
,10.1090/s0002-9947-1967-0214135-5,10.1090/s0002-9947-1967-0214135-5,,https://openalex.org/W1964718732,On the alternating projections theorem and bivariate stationary stochastic processes,1967,Habib Salehi,Transactions of the American Mathematical Society,I,snowball,L1,2,2,,,,R1a;R6,alternating/cyclic projections; no sharp rate in title,no,,,
,10.1080/00207169008803865,10.1080/00207169008803865,,https://openalex.org/W1979948370,On the behavior of a block-iterative projection method for solving convex feasibility problems,1990,Dan Butnariu; Yair Censor,International Journal of Computer Mathematics,I,snowball,L1,2,2,,,,R6,block-iterative projection methods,no,,,
,10.1007/bf01027691,10.1007/bf01027691,,https://openalex.org/W2052059821,On the convergence of von Neumann's alternating projection algorithm for two sets,1993,Heinz H. Bauschke; Jonathan M. Borwein,Set-Valued Analysis,I,snowball,L1,2,2,,,,R1a;R6,alternating/cyclic projections; no sharp rate in title,no,,,
,10.1007/s10589-011-9401-7,10.1007/s10589-011-9401-7,,https://openalex.org/W2066333552,On the effectiveness of projection methods for convex feasibility problems with linear inequality constraints,2011,Yair Censor; Wei Chen; Patrick L. Combettes; Ran Davidi; Gábor T. Herman,Computational Optimization and Applications,I,snowball,L1,2,2,,,,R6,projection methods effectiveness,no,,,
,10.1007/s00211-016-0819-9,10.1007/s00211-016-0819-9,,https://openalex.org/W2165782098,On the interconnection between the higher-order singular values of real tensors,2016,Wolfgang Hackbusch; André Uschmajew,Numerische Mathematik,A,snowball,L1,2,2,,,,R9,Joint feasibility of higher-order singular values with alternating projection heuristic; shares HOSVD truncation objects only,no,,,
,10.1007/s00211-021-01207-6,10.1007/s00211-021-01207-6,,https://openalex.org/W2607403852,On the method of reflections,2021,Philippe Laurent; Guillaume Legendre; Julien Salomon,Numerische Mathematik,I,snowball,L1,2,2,,,,R1a;R6,method of reflections convergence (projection-type iteration),no,,,
,onthetruncatedmultilinearsingularvaluedecomposition,,,https://openalex.org/W2522330017,On the truncated multilinear singular value decomposition,2011,Nick Vannieuwenhoven; Raf Vandebril; Karl Meerbergen,Lirias,A,harvest,L2,2,3,2,FULL_TEXT,"Theorem 4.1 (telescoping orthogonal error expansion for an orthogonal Tucker projection); Theorem 4.2 (T-MLSVD bounds); Theorems 5.4-5.5 (ST-MLSVD error and bound) (KU Leuven report TW 589, 2011, Lirias copy)",none (adjacent to R1a;R6),"Exact Pythagorean telescoping expansion of the error of a one-node Tucker projection with mutually commuting mode projections applied to a fixed tensor; it shares the telescoping idea but involves no multilinear composition across a tree, no defect parameter and no angle-dependent constant, so R1a/R1b/R3/R6 are not implied.",no,,screening/level2_B1.csv,
,10.48550/arxiv.1311.3177,10.48550/arxiv.1311.3177,,https://openalex.org/W2949391480,Optimal Hardy-Littlewood type inequalities for polynomials and multilinear operators,2013,N. Albuquerque; Frédéric Bayart; Daniel Pellegrino; Juan B. Seoane‐Sepúlveda,arXiv (Cornell University),D,harvest,L1,2,2,,,,R1b,optimal-constant multilinear inequality; different object,no,,,
,10.1007/s11075-015-0085-4,10.1007/s11075-015-0085-4,,https://openalex.org/W2287475882,Optimal Rates of Linear Convergence of Relaxed Alternating Projections and Generalized Douglas-Rachford Methods for Two Subspaces,2015,Heinz H. Bauschke; Yunier Bello-Cruz; T. T. A. Nghia; Hung M. Pha; Xianfu Wang,Numerical Algorithms,I,snowball,L2,2,3,2,FULL_TEXT,"Numer. Algorithms 73 (2016) 33-76 (online 2015); content read via arXiv:1407.0671: Thms 2.13, 2.15, 3.6, 3.7, 3.10",R6;R7,"Published version of arXiv:1407.0671 (same work as that row): sharp optimal rates for relaxed AP and generalized DR for two subspaces in terms of the Friedrichs angle via planar block reduction; shared angle/2x2 technique, but no result on discrepancy of inserted projections, no multi-angle extremization, so adjacent.",no,,screening/level2_B2.csv,
,10.1103/prxquantum.5.020366,10.1103/prxquantum.5.020366,,https://openalex.org/W4400039935,Optimal Zeno Dragging for Quantum Control: A Shortcut to Zeno with Action-Based Scheduling Optimization,2024,Philippe Lewalle; Yipei Zhang; K. Birgitta Whaley,PRX Quantum,J,harvest,L2,2,3,2,FULL_TEXT,Sec. 3 Eq. (13) shortcut-to-Zeno Hamiltonian; Sec. 4.2 Eq. (27) CDJ-Pontryagin optimality condition; Sec. 5.1-5.2 Eqs. (30)-(31) time-linear optimal schedule for qubit (read via arXiv v3 = journal version),none (adjacent to R5;R7),"Continuous weak-measurement Zeno dragging optimized by a stochastic-action/Pontryagin method, finding a time-linear (uniform-rate) optimal schedule for a qubit; there is no discrete rotate-then-project product, no worst-case operator-norm error, no |1-(cos t e^{it})^n| constant and no box-constrained equal-angle maximization, so R1a/R1b/R2/R5/R7 are not implied and the uniform-schedule result is only a loose physical analogue of R7.",no,,screening/level2_C.csv,
,10.48550/arxiv.2311.01631,10.48550/arxiv.2311.01631,,https://openalex.org/W4388444392,Optimal Zeno Dragging for Quantum Control: A Shortcut to Zeno with Action-based Scheduling Optimization,2023,Philippe Lewalle; Yipei Zhang; K. Birgitta Whaley,arXiv (Cornell University),J,harvest,L2,2,3,2,FULL_TEXT,"Same content as PRX Quantum 5, 020366 (arXiv v1-v3); Eqs. (13), (27), (30)-(31); App. A Lindblad solution for linear schedule",none (adjacent to R5;R7),"arXiv version of the PRX Quantum paper: continuous-monitoring Zeno dragging with a linear optimal schedule, maximizing readout probability rather than bounding worst-case projection-insertion error, so no Theorem R claim is implied.",no,,screening/level2_C.csv,
,10.48550/arxiv.1407.0671,10.48550/arxiv.1407.0671,,https://openalex.org/W2255188617,Optimal rates of convergence of matrices with applications,2014,Heinz H. Bauschke; Yunier Bello-Cruz; T. T. A. Nghia; Hung M. Phan; Xianfu Wang,arXiv (Cornell University),I,harvest,L2,2,3,2,FULL_TEXT,"arXiv:1407.0671v1 Thms 2.12, 2.13, 2.15, 2.16 (optimal rates of matrix powers); Thm 3.6 (relaxed AP), Thm 3.7 (partial relaxed AP), Thm 3.10 (generalized DR)",R6;R7,"Exact optimal linear rates for powers of relaxed-AP and generalized Douglas-Rachford matrices on two subspaces via principal-angle 2x2 block reduction (the DR blocks have eigenvalues of the form cos(theta)e^{+-i theta}), which shares the planar-angle object but bounds asymptotic rates of a single iterated operator, not the projected-vs-unprojected discrepancy; no statement implies R1a-R12. Preprint of the Numer. Algorithms 73 (2016) paper (duplicate of 10.1007/s11075-015-0085-4).",no,,screening/level2_B2.csv,
,10.22331/q-2026-07-20-2167,10.22331/q-2026-07-20-2167,,https://openalex.org/W4414401587,Optimal schedule of multi-channel quantum Zeno dragging with application to solving the k-SAT problem,2026,Yipei Zhang; Alain Sarlette; Philippe Lewalle; Tathagata Karmakar; Thilo Scharnhorst; K. Birgitta Whaley,Quantum,J,harvest,L1,2,2,,,,R7,Zeno dragging schedule optimization,no,,,
,10.1016/0021-9045(84)90018-2,10.1016/0021-9045(84)90018-2,,https://openalex.org/W2090642700,Orthogonal projections are optimal algorithms,1984,Charles A. Micchelli,Journal of Approximation Theory,C,harvest,L1,2,2,,,,,"broad numerical/operator analysis [audit: raised to 2, shared technique]",no,,,
,10.1016/j.cpc.2019.106869,10.1016/j.cpc.2019.106869,,https://openalex.org/W2969432895,Parallel cross interpolation for high-precision calculation of high-dimensional integrals,2019,Sergey Dolgov; Dmitry Savostyanov,Computer Physics Communications,A,snowball,L1,2,2,,,,R9,TT cross interpolation,no,,,
,10.48550/arxiv.1710.05867,10.48550/arxiv.1710.05867,,https://openalex.org/W3080724058,Pareto-Efficient Quantum Circuit Simulation Using Tensor Contraction Deferral,2017,Edwin Pednault; John A. Gunnels; Giacomo Nannicini; Lior Horesh; Thomas Magerlein; Edgar Solomonik,arXiv (Cornell University),B,snowball,L1,2,2,,,,R9,tensor contraction simulation,no,,,
,10.1109/tit.2020.2981573,10.1109/tit.2020.2981573,,https://openalex.org/W2883360900,Partially Smoothed Information Measures,2020,Anurag Anshu; Mario Berta; Rahul Jain; Marco Tomamichel,IEEE Transactions on Information Theory,E,harvest,L1,2,2,,,,R6,"smoothed measures, purified distance",no,,,
,10.1090/s0002-9904-1977-14406-6,10.1090/s0002-9904-1977-14406-6,,https://openalex.org/W2171073252,Practical and mathematical aspects of the problem of reconstructing objects from radiographs,1977,Kennan T. Smith; Donald C. Solmon; Sheldon L. Wagner,Bulletin of the American Mathematical Society,I,snowball,L1,2,2,,,,R1a;R6,alternating/cyclic projections; no sharp rate in title,no,,,
,10.1002/zamm.19290090206,10.1002/zamm.19290090206,,https://openalex.org/W2041256929,Praktische Verfahren der Gleichungsauflösung .,1929,R. V. Mises; H. Pollaczek‐Geiringer,ZAMM ‐ Journal of Applied Mathematics and Mechanics / Zeitschrift für Angewandte Mathematik und Mechanik,D,snowball,L1,2,2,,,,R1a,historical Kaczmarz/iterative solution methods,no,,,
,10.1016/j.laa.2010.11.033,10.1016/j.laa.2010.11.033,,https://openalex.org/W2077986224,Products of orthogonal projections and polar decompositions,2010,Gustavo Corach; Alejandra Maestripieri,Linear Algebra and its Applications,C,harvest,L1,2,2,,,,R6,products of orthogonal projections; structural,no,,,
,10.1007/bf02761171,10.1007/bf02761171,,https://openalex.org/W2095030074,Produits infinis de resolvantes,1978,Haïm Brézis; Pierre‐Louis Lions,Israel Journal of Mathematics,D,snowball,L1,2,2,,,,R1a,infinite products of resolvents,no,,,
,10.1007/bf01436376,10.1007/bf01436376,,https://openalex.org/W2144932012,Projection method for solving a singular system of linear equations and its applications,1971,Kunio Tanabe,Numerische Mathematik,I,snowball,L1,2,2,,,,R1a;R6,alternating/cyclic projections; no sharp rate in title,no,,,
,10.1145/3428218,10.1145/3428218,,https://openalex.org/W3109961245,Projection-based runtime assertions for testing and debugging Quantum programs,2020,Gushu Li; Li Zhou; Nengkun Yu; Yufei Ding; Mingsheng Ying; Yuan Xie,Proceedings of the ACM on Programming Languages,K,snowball,L1,2,2,,,,R6,projection-based quantum assertions,no,,,
,10.48550/arxiv.1501.06603,10.48550/arxiv.1501.06603,,https://openalex.org/W1133581237,"Proximal point algorithm, Douglas-Rachford algorithm and alternating projections: a case study",2015,Heinz H. Bauschke; Minh N. Dao; Dominikus Noll; Hung M. Phan,arXiv (Cornell University),I,harvest,L1,2,2,,,,R1a;R6,alternating/cyclic projections; no sharp rate in title,no,,,
,10.1137/s0097539796300921,10.1137/s0097539796300921,,https://openalex.org/W2033216491,Quantum Complexity Theory,1997,Ethan Bernstein; Umesh Vazirani,SIAM Journal on Computing,K,snowball,L1,2,2,,,,R12,quantum complexity; includes error accumulation in unitary sequences,no,,,
,10.1006/jcss.2002.1826,10.1006/jcss.2002.1826,,https://openalex.org/W3041308142,Quantum Lower Bounds by Quantum Arguments,2002,Andris Ambainis,Journal of Computer and System Sciences,K,harvest+snowball,L1,2,2,,,,R7,hybrid-argument quantum lower bounds; no sharp projection bound,no,,,
,10.22331/q-2020-07-06-289,10.22331/q-2020-07-06-289,,https://openalex.org/W2893407141,Quantum Zeno Dynamics from General Quantum Operations,2020,Daniel Burgarth; Paolo Facchi; Hiromichi Nakazato; Saverio Pascazio; Kazuya Yuasa,Quantum,J,harvest,L2,2,3,2,FULL_TEXT,"Theorem 1 (Eq. 4.1-4.2), Corollaries 1-2 (Sec. 4); Remark 9 and end of Sec. 7 state the O(1/n) correction bound is explicitly not sharp; arXiv:1809.09570",none (adjacent to R1a),"Asymptotic Zeno limit (E e^{tL/n})^n = E_phi^n e^{t L_Z} + O(1/n) for generic kicks via a generalized adiabatic theorem, with non-explicit, admittedly non-sharp constants and a fixed kick rather than a tree of bounded-angle projection insertions, so it shares only the projected-product structure and implies none of R1a/R1b/R2/R5/R7.",no,,screening/level2_C.csv,
,10.1103/physrevlett.89.080401,10.1103/physrevlett.89.080401,,https://openalex.org/W1997165286,Quantum Zeno Subspaces,2002,Paolo Facchi; Saverio Pascazio,Physical Review Letters,J,snowball,L1,2,2,,,,R1a,Zeno subspaces,no,,,
,10.1088/1742-6596/196/1/012017,10.1088/1742-6596/196/1/012017,,https://openalex.org/W2087658559,Quantum Zeno dynamics and quantum Zeno subspaces,2009,Paolo Facchi; Giuseppe Marmo; Saverio Pascazio,Journal of Physics Conference Series,J,harvest,L1,2,2,,,,R1a,Zeno dynamics and subspaces,no,,,
,10.1088/1751-8113/41/49/493001,10.1088/1751-8113/41/49/493001,,https://openalex.org/W2985153281,Quantum Zeno dynamics: mathematical and physical aspects,2008,P Facchi; S Pascazio,Journal of Physics A Mathematical and Theoretical,J,snowball,L1,2,2,,,,R1a;R7,Zeno dynamics mathematics; possible error bounds,no,,,
,quantumzenodynamicsmathematicalandphysicalaspects,,,https://openalex.org/W3123777847,Quantum Zeno dynamics: mathematical and physical aspects,2012,Paolo Facchi; Saverio Pascazio,,J,snowball,L1,2,2,,,,R1a;R7,Zeno dynamics mathematics; possible error bounds,no,,,
,10.1145/276698.276708,10.1145/276698.276708,,https://openalex.org/W2028406173,Quantum circuits with mixed states,1998,Dorit Aharonov; Alexei Kitaev; Noam Nisan,,K,snowball,L1,2,2,,,,R12,mixed-state circuits; diamond norm error composition,no,,,
,10.1145/335305.335394,10.1145/335305.335394,,https://openalex.org/W1969454810,Quantum lower bounds by quantum arguments,2000,Andris Ambainis,,K,harvest,L1,2,2,,,,R7,hybrid-argument quantum lower bounds; no sharp projection bound,no,,,
,10.1145/3313276.3316366,10.1145/3313276.3316366,,https://openalex.org/W2805612073,Quantum singular value transformation and beyond: exponential improvements for quantum matrix arithmetics,2019,András Gilyén; Yuan Su; Guang Hao Low; Nathan Wiebe,,M,harvest,L1,2,2,,,,R6,products of reflections/projector phases (QSVT),no,,,
,10.1016/j.laa.2014.06.006,10.1016/j.laa.2014.06.006,,https://openalex.org/W2134793668,Quasioptimality of maximum-volume cross interpolation of tensors,2014,Dmitry Savostyanov,Linear Algebra and its Applications,A,harvest+snowball,L2,2,3,2,FULL_TEXT,arXiv:1305.1818 Thm 1 (factor (2r+kappa r+1)^ceil(log2 d)); Thms 2-3,R1a;R9,Error amplification of maximum-volume cross interpolation through recursive (balanced) dimension splitting with structure-dependent non-sharp factors; only the telescoping idea is shared.,no,,screening/level2_A.csv,
,randomizedkaczmarzsolverfornoisylinearsystems,,,https://openalex.org/W3126008680,RANDOMIZED KACZMARZ SOLVER FOR NOISY LINEAR SYSTEMS,2009,Deanna Needell,,I,snowball,L1,2,2,,,,R1a,Kaczmarz-type products of projections,no,,,
,10.1090/s0002-9947-1991-0989572-5,10.1090/s0002-9947-1991-0989572-5,,https://openalex.org/W2020991188,Random products of contractions in Banach spaces,1991,John M. Dye; Mohamed A. Khamsi; Simeon Reich,Transactions of the American Mathematical Society,D,harvest,L1,2,2,,,,R6,products of contractions convergence,no,,,
,10.1007/s10543-010-0265-5,10.1007/s10543-010-0265-5,,https://openalex.org/W2949745249,Randomized Kaczmarz solver for noisy linear systems,2010,Deanna Needell,BIT Numerical Mathematics,I,snowball,L1,2,2,,,,R1a;R6,Kaczmarz (products of projections) with noise; no sharp tree bound,no,,,
,10.1016/j.laa.2015.06.027,10.1016/j.laa.2015.06.027,,https://openalex.org/W1754711404,Randomized block Kaczmarz method with projection for solving least squares,2015,Deanna Needell; Ran Zhao; Anastasios Zouzias,Linear Algebra and its Applications,C;I,harvest+snowball,L1,2,2,,,,R1a,Kaczmarz-type products of projections,no,,,
,10.1016/j.jcp.2025.114421,10.1016/j.jcp.2025.114421,,https://openalex.org/W4414876144,Randomized methods for dynamical low-rank approximation,2025,Benjamin Carrel,Journal of Computational Physics,A,snowball,L1,2,2,,,,R9,randomized DLRA (projection-based low rank),no,,,
,10.1214/17-aos1541,10.1214/17-aos1541,,https://openalex.org/W2964066048,Rate-optimal perturbation bounds for singular subspaces with applications to high-dimensional statistics,2018,Tommaso Cai; Anru R. Zhang,The Annals of Statistics,C,harvest,L1,2,2,,,,R6,"sharp subspace-angle perturbation, not accumulation",no,,,
,10.1007/s00365-010-9125-4,10.1007/s00365-010-9125-4,,https://openalex.org/W2084087478,Regularity of Tensor Product Approximations to Square Integrable Functions,2010,André Uschmajew,Constructive Approximation,A,snowball,L1,2,2,,,,R9,tensor product approximation regularity,no,,,
,10.48550/arxiv.1205.0318,10.48550/arxiv.1205.0318,,https://openalex.org/W2949121814,Restricted normal cones and the method of alternating projections,2012,Heinz H. Bauschke; D. Lüke; Hung M. Phan; Xianfu Wang,arXiv (Cornell University),I,harvest,L1,2,2,,,,R1a;R6,alternating/cyclic projections; no sharp rate in title,no,,,
,10.1017/s0004972700038831,10.1017/s0004972700038831,,https://openalex.org/W2949638944,Reverse inequalities for the numerical radius of linear operators in Hilbert spaces,2006,Sever S Dragomir,Bulletin of the Australian Mathematical Society,G,harvest,L1,2,2,,,,,numerical radius reverse inequalities,no,,,
,10.5075/epfl-thesis-6958,10.5075/epfl-thesis-6958,,https://openalex.org/W2336109516,Riemannian Optimization for Solving High-Dimensional Problems with Low-Rank Tensor Structure,2016,Michael Steinlechner,Infoscience (Ecole Polytechnique Fédérale de Lausanne),A;M,harvest,L1,2,2,,,,R9,Riemannian low-rank tensor optimization,no,,,
,10.1145/3230733,10.1145/3230733,,https://openalex.org/W2904117297,Rigorous Estimation of Floating-Point Round-Off Errors with Symbolic Taylor Expansions,2018,Alexey Solovyev; Marek Baranowski; Ian Briggs; Charles Jacobsen; Zvonimir Rakamarić; Ganesh Gopalakrishnan,ACM Transactions on Programming Languages and Systems,H,harvest,L1,2,2,,,,R12,round-off error propagation through computations; not sharp multilinear,no,,,
,10.1109/cdc45484.2021.9683092,10.1109/cdc45484.2021.9683092,,https://openalex.org/W3136646910,Scaled relative graphs for system analysis,2021,Thomas Chaffey; Fulvio Forni; Rodolphe Sepulchre,2021 60th IEEE Conference on Decision and Control (CDC),D,snowball,L1,2,2,,,,R6,scaled relative graphs for interconnections; geometric angle tool,no,,,
,10.1007/s10543-025-01073-w,10.1007/s10543-025-01073-w,,https://openalex.org/W4411328431,Second-order robust parallel integrators for dynamical low-rank approximation,2025,Jonas Kusch,BIT Numerical Mathematics,A,snowball,L1,2,2,,,,R9,robust low-rank integrators,no,,,
,10.22331/q-2023-03-30-964,10.22331/q-2023-03-30-964,,https://openalex.org/W4361272941,Simulating quantum circuits using tree tensor networks,2023,Philipp Seitz; Ismael Medina; Esther Cruz; Qunsheng Huang; Christian B. Mendl,Quantum,A,harvest,L1,2,2,,,,R9,Quantum circuit simulation on rooted tree tensor networks with SVD truncation through the tree; shares object without error constant,no,,,
,10.48550/arxiv.2206.01000,10.48550/arxiv.2206.01000,,https://openalex.org/W4281776415,Simulating quantum circuits using tree tensor networks,2022,Philipp Seitz; Ismael Medina; Esther Cruz; Qunsheng Huang; Christian B. Mendl,arXiv (Cornell University),A,harvest,L1,2,2,,,,R9,Quantum circuit simulation on rooted tree tensor networks with SVD truncation through the tree; shares object without error constant,no,,,
,10.48550/arxiv.quant-ph/0602112,10.48550/arxiv.quant-ph/0602112,,https://openalex.org/W1662022457,Sine distance for quantum states,2006,Alexey E. Rastegin,arXiv (Cornell University),E,snowball,L1,2,2,,,,R6,sine distance (purified-distance-like),no,,,
,10.1007/s10107-016-1009-3,10.1007/s10107-016-1009-3,,https://openalex.org/W1962121538,Smooth strongly convex interpolation and exact worst-case performance of first-order methods,2016,Adrien Taylor; Julien M. Hendrickx; François Glineur,Mathematical Programming,D,snowball,L1,2,2,,,,R1b,exact worst-case performance via extremal interpolation,no,,,
,10.1007/s00440-010-0281-z,10.1007/s00440-010-0281-z,,https://openalex.org/W2047265165,Spectral norm of products of random and deterministic matrices,2010,Roman Vershynin,Probability Theory and Related Fields,C,harvest,L1,2,2,,,,R1b,norm of matrix products,no,,,
,10.1215/ijm/1336568522,10.1215/ijm/1336568522,,https://openalex.org/W2120571109,Stochastic alternating projections,2010,Persi Diaconis; Kshitij Khare; Laurent Saloff‐Coste,Illinois Journal of Mathematics,I,harvest,L1,2,2,,,,R1a;R6,alternating/cyclic projections; no sharp rate in title,no,,,
,10.1016/0377-0427(92)00123-q,10.1016/0377-0427(92)00123-q,,https://openalex.org/W2080494359,Strong convergence of almost simultaneous block-iterative projection methods in Hilbert spaces,1994,Dan Butnariu; Yair Censor,Journal of Computational and Applied Mathematics,I,snowball,L1,2,2,,,,R6,projection methods convergence in Hilbert space,no,,,
,10.1080/01630569508816635,10.1080/01630569508816635,,https://openalex.org/W2033390858,Strong convergence of expected-projection methods in hilbert spaces,1995,Dan Butnariu; Sjur Didrik Fl�m,Numerical Functional Analysis and Optimization,I,snowball,L1,2,2,,,,R6,projection methods convergence in Hilbert space,no,,,
,10.1080/03081080600743338,10.1080/03081080600743338,,https://openalex.org/W2008690196,"Subspaces, angles and pairs of orthogonal projections",2006,Aurél Galántai,Linear and Multilinear Algebra,I,snowball,L1,2,2,,,,R6,angles between subspaces/projections,no,,,
,10.1007/s10208-016-9317-9,10.1007/s10208-016-9317-9,,https://openalex.org/W2343408237,Tensor Networks and Hierarchical Tensors for the Solution of High-Dimensional Partial Differential Equations,2016,Markus Bachmayr; Reinhold Schneider; André Uschmajew,Foundations of Computational Mathematics,A,snowball,L1,2,2,,,,R9,hierarchical tensors survey for PDEs,no,,,
,10.1137/06066518x,10.1137/06066518x,,https://openalex.org/W2132267493,Tensor Rank and the Ill-Posedness of the Best Low-Rank Approximation Problem,2008,Vin de Silva; Lek‐Heng Lim,SIAM Journal on Matrix Analysis and Applications,A,snowball,L1,2,2,,,,R9,best low-rank tensor approximation ill-posedness,no,,,
,10.1007/978-3-642-28027-6,10.1007/978-3-642-28027-6,,https://openalex.org/W50417968,Tensor Spaces and Numerical Tensor Calculus,2012,Wolfgang Hackbusch,Springer series in computational mathematics,A,snowball,L2,2,3,2,ABSTRACT_ONLY,"Thm 11.58 (HOSVD truncation in hierarchical format, sqrt(2d-3)), as cited in Hackbusch MiS preprint 29/2018",R1a;R9,"The monograph contains the standard hierarchical HOSVD truncation bound sqrt(2d-3) (Grasedyck-type, already known) and successive truncation; no sharp tree-independent multilinear defect constant.",no,,screening/level2_A.csv,
,10.1007/s10444-022-09925-7,10.1007/s10444-022-09925-7,,https://openalex.org/W4223942479,Tensor rank bounds for point singularities in ℝ3,2022,Carlo Marcati; Maxim Rakhuba; Ch. Schwab,Advances in Computational Mathematics,A,harvest,L1,2,2,,,,R9,tensor rank bounds,no,,,
,10.1016/j.chemolab.2011.09.001,10.1016/j.chemolab.2011.09.001,,https://openalex.org/W1989786408,Tensors-structured numerical methods in scientific computing: Survey on recent advances,2011,Boris N. Khoromskij,Chemometrics and Intelligent Laboratory Systems,A,harvest+snowball,L1,2,2,,,,R9,tensor methods survey,no,,,
,10.1007/978-94-015-8577-4_7,10.1007/978-94-015-8577-4_7,,https://openalex.org/W2089196355,The Angle Between Subspaces of a Hilbert Space,1995,Frank Deutsch,,I,snowball,L1,2,2,,,,R6,angles between subspaces/projections,no,,,
,10.1016/s1570-579x(01)80028-8,10.1016/s1570-579x(01)80028-8,,https://openalex.org/W1546168022,The Hybrid Steepest Descent Method for the Variational Inequality Problem Over the Intersection of Fixed Point Sets of Nonexpansive Mappings,2001,Isao Yamada,Studies in computational mathematics,I,snowball,L1,2,2,,,,,fixed points of nonexpansive maps; projections,no,,,
,10.1007/978-94-011-2634-2_5,10.1007/978-94-011-2634-2_5,,https://openalex.org/W33977302,The Method of Alternating Orthogonal Projections,1992,Frank Deutsch,,I,snowball,L1,2,2,,,,R1a;R6,alternating/cyclic projections; no sharp rate in title,no,,,
,10.48550/arxiv.1809.05858,10.48550/arxiv.1809.05858,,https://openalex.org/W2892068433,The Method of Alternating Projections,2018,Omer Ginat,arXiv (Cornell University),I,harvest,L1,2,2,,,,R1a;R6,alternating/cyclic projections; no sharp rate in title,no,,,
,10.1002/andp.19854970419,10.1002/andp.19854970419,,https://openalex.org/W2019760729,The Transition Probability for States of *‐Algebras,1985,Armin Uhlmann,Annalen der Physik,E,snowball,L1,2,2,,,,R6,Uhlmann transition probability (fidelity),no,,,
,10.1016/0022-247x(78)90214-7,10.1016/0022-247x(78)90214-7,,https://openalex.org/W2075350383,The angles between the null spaces of X rays,1978,C. Hamaker; Donald C. Solmon,Journal of Mathematical Analysis and Applications,I,snowball,L1,2,2,,,,R6,angles between subspaces/projections,no,,,
,10.1016/j.laa.2006.07.014,10.1016/j.laa.2006.07.014,,https://openalex.org/W2010452605,The combination technique and some generalisations,2006,Markus Hegland; Jochen Garcke; Vivien J. Challis,Linear Algebra and its Applications,I,snowball,L1,2,2,,,,R1a,sparse grid combination technique with projections,no,,,
,10.48550/arxiv.1004.1641,10.48550/arxiv.1004.1641,,https://openalex.org/W1681178417,The decoupling approach to quantum information theory,2010,Frédéric Dupuis,arXiv (Cornell University),E,snowball,L1,2,2,,,,R6,decoupling / purified distance techniques,no,,,
,10.1103/revmodphys.77.259,10.1103/revmodphys.77.259,,https://openalex.org/W2154815292,The density-matrix renormalization group,2005,Ulrich Schollwöck,Reviews of Modern Physics,B;L;M,harvest+snowball,L1,2,2,,,,R9,DMRG review,no,,,
,10.1016/j.aop.2010.09.012,10.1016/j.aop.2010.09.012,,https://openalex.org/W2122816100,The density-matrix renormalization group in the age of matrix product states,2010,Ulrich Schollwöck,Annals of Physics,A;M,snowball,L1,2,2,,,,R9;R10,DMRG/MPS review incl. truncation,no,,,
,10.1016/j.laa.2013.03.016,10.1016/j.laa.2013.03.016,,https://openalex.org/W2133512121,The geometry of algorithms using hierarchical tensors,2013,André Uschmajew; Bart Vandereycken,Linear Algebra and its Applications,A,harvest+snowball,L1,2,2,,,,R9,tree/HT/TT format theory; no sharp accumulation result in title,no,,,
,10.1016/s0377-0427(00)00518-5,10.1016/s0377-0427(00)00518-5,,https://openalex.org/W2080474884,The method of subspace corrections,2001,Jinchao Xu,Journal of Computational and Applied Mathematics,I,harvest+snowball,L1,2,2,,,,R6,subspace correction / alternating projection framework,no,,,
,10.2140/pjm.1970.32.647,10.2140/pjm.1970.32.647,,https://openalex.org/W1984474874,The numerical range of an operator,1970,Mary R. Embry,Pacific Journal of Mathematics,L,harvest,L1,2,2,,,,,numerical range of operators; general,no,,,
,10.1090/s1061-0022-2012-01202-1,10.1090/s1061-0022-2012-01202-1,1006.2047,https://openalex.org/W2029059536,The rate of convergence in the method of alternating projections,2012,Cătălin Badea; Sophie Grivaux; Veronika Müller,St Petersburg Mathematical Journal,I,harvest+snowball,L1,2,2,,,,R6,Generalized Friedrichs angle parameter and dichotomy for cyclic projection convergence rates; angle technique without comparable sharp theorem,no,,,
,10.48550/arxiv.1309.4709,10.48550/arxiv.1309.4709,,https://openalex.org/W2139454198,The rate of linear convergence of the Douglas-Rachford algorithm for subspaces is the cosine of the Friedrichs angle,2013,Heinz H. Bauschke; Yunier Bello-Cruz; T. T. A. Nghia; Hung M. Phan; Xianfu Wang,arXiv (Cornell University),C;I,harvest+snowball,L2,2,3,2,FULL_TEXT,"Theorem 4.1; Theorem 4.3; Sec. 5 Eqs. (39)-(42) (two lines: T=cos(theta)R_theta, T^n=cos^n(theta)R_{n theta}); Sec. 6 counterexample",none (adjacent to R1b;R5),"arXiv version of the JAT Douglas-Rachford paper: sharp rate c_F^n for convergence to the intersection, with a planar operator cos(theta)R_theta that coincides with the factor in C_k(eta) but with no defect-constrained maximization, no inserted-projection error and no multilinear tree, so R1a/R1b/R2/R5/R7 are not implied.",no,,screening/level2_B1.csv,
,10.1063/1.4936405,10.1063/1.4936405,,https://openalex.org/W1927209781,The smooth entropy formalism for von Neumann algebras,2015,Mario Berta; Fabian Furrer; Volkher B. Scholz,Journal of Mathematical Physics,E,harvest,L1,2,2,,,,R6,"smooth entropy, purified distance",no,,,
,10.1103/physrevx.11.011020,10.1103/physrevx.11.011020,,https://openalex.org/W2995050112,Theory of Trotter Error with Commutator Scaling,2021,Andrew M. Childs; Yuan Su; Minh C. Tran; Nathan Wiebe; Shuchen Zhu,Physical Review X,F,harvest,L1,2,2,,,,,error accumulation in operator products (Trotter); not projections,no,,,
,10.1103/physrevlett.75.3537,10.1103/physrevlett.75.3537,,https://openalex.org/W3023240136,Thermodynamic Limit of Density Matrix Renormalization,1995,Stellan Östlund; Stefan Rommer,Physical Review Letters,M,snowball,L1,2,2,,,,R9,DMRG thermodynamic limit,no,,,
,tightboundsonquantumsearching,,,https://openalex.org/W3106123690,Tight Bounds on Quantum Searching,1996,Michel Boyer; Gilles Brassard; Peter Høyer; Alain Tapp,,K,snowball,L1,2,2,,,,R6,tight query bounds via hybrid/angle argument,no,,,
,10.22331/q-2019-08-05-168,10.22331/q-2019-08-05-168,,https://openalex.org/W2965682822,"Tight, robust, and feasible quantum speed limits for open dynamics",2019,Francesco Campaioli; Felix A. Pollock; Kavan Modi,Quantum,E,harvest,L1,2,2,,,,R6,tight quantum speed limits via state angles,no,,,
,10.1093/amrx/abv006,10.1093/amrx/abv006,,https://openalex.org/W2118115288,Time Integration in the Multiconfiguration Time-Dependent Hartree Method of Molecular Quantum Dynamics,2015,Christian Lubich,Applied Mathematics Research eXpress,A,snowball,L1,2,2,,,,R9;R10,TN integrator/contraction with projection or truncation error,no,,,
,10.1137/140976546,10.1137/140976546,,https://openalex.org/W2051456448,Time Integration of Tensor Trains,2015,Christian Lubich; Ivan V. Oseledets; Bart Vandereycken,SIAM Journal on Numerical Analysis,A,snowball,L1,2,2,,,,R9;R10,TN integrator/contraction with projection or truncation error,no,,,
,10.21468/scipostphys.8.2.024,10.21468/scipostphys.8.2.024,,https://openalex.org/W3005527956,Time dependent variational principle for tree Tensor Networks,2020,Daniel Bauernfeind; Markus Aichhorn,SciPost Physics,A,harvest,L1,2,2,,,,R9;R10,TN integrator/contraction with projection or truncation error,no,,,
,10.1103/physrevd.16.520,10.1103/physrevd.16.520,,https://openalex.org/W2082643168,Time evolution of unstable quantum states and a resolution of Zeno's paradox,1977,Charles B. Chiu; E. C. G. Sudarshan; B. Misra,"Physical review. D. Particles, fields, gravitation, and cosmology/Physical review. D. Particles and fields",J,snowball,L1,2,2,,,,R1a,Zeno limit of repeated projections,no,,,
,timeintegrationoftensortrains,,,https://openalex.org/W3104980255,Time integration of tensor trains,2016,Christian Lubich; Ivan Oseledets; Bart Vandereycken,,A,snowball,L1,2,2,,,,R9;R10,TN integrator/contraction with projection or truncation error,no,,,
,10.1016/j.aop.2019.167998,10.1016/j.aop.2019.167998,,https://openalex.org/W2908764772,Time-evolution methods for matrix-product states,2019,Sebastian Paeckel; Thomas Köhler; Andreas Swoboda; Salvatore R. Manmana; Ulrich Schollwöck; Claudius Hubig,Annals of Physics,A,snowball,L1,2,2,,,,R9;R10,MPS time evolution methods (projection errors),no,,,
,10.1017/cbo9780511840371,10.1017/cbo9780511840371,,https://openalex.org/W1488435683,Topics in Matrix Analysis,1991,Roger A. Horn; Charles R. Johnson,Cambridge University Press eBooks,D,snowball,L1,2,2,,,,R7,matrix analysis text incl. numerical range,no,,,
,10.1007/s40324-018-0177-x,10.1007/s40324-018-0177-x,,https://openalex.org/W2895724779,Tree-based tensor formats,2018,Antonio Falcó; Wolfgang Hackbusch; Anthony Nouy,SeMA Journal,A,snowball,L1,2,2,,,,R9,tree/HT/TT format theory; no sharp accumulation result in title,no,,,
,10.1007/s00041-012-9248-z,10.1007/s00041-012-9248-z,,https://openalex.org/W2121485651,Two-Subspace Projection Method for Coherent Overdetermined Systems,2012,Deanna Needell; Rachel Ward,Journal of Fourier Analysis and Applications,I,snowball,L1,2,2,,,,R1a;R6,alternating/cyclic projections; no sharp rate in title,no,,,
,10.1109/tsp.2004.837400,10.1109/tsp.2004.837400,,https://openalex.org/W2144112537,Two-channel constrained least squares problems: solutions using power methods and connections with canonical coordinates,2004,Ali Pezeshki; Louis L. Scharf; M.R. Azimi-Sadjadi; Yingbo Hua,IEEE Transactions on Signal Processing,I,harvest,L1,2,2,,,,R6,canonical coordinates/angles; not error propagation,no,,,
,10.5642/tspmcos.2012.01,10.5642/tspmcos.2012.01,,https://openalex.org/W2950353378,Two-subspace Projection Method for Coherent Overdetermined Systems,2012,Deanna Needell; Rachel Ward,,I,snowball,L1,2,2,,,,R1a;R6,alternating/cyclic projections; no sharp rate in title,no,,,
,10.1016/j.laa.2011.06.047,10.1016/j.laa.2011.06.047,,https://openalex.org/W2009500549,Unbounded or bounded idempotent operators in Hilbert space,2011,Tsuyoshi Andô,Linear Algebra and its Applications,D,harvest,L1,2,2,,,,,idempotents/projections in Hilbert space; structural,no,,,
,10.1103/physreva.69.032314,10.1103/physreva.69.032314,,https://openalex.org/W1971765097,Unification of dynamical decoupling and the quantum Zeno effect,2004,Paolo Facchi; Daniel A. Lidar; Saverio Pascazio,Physical Review A,J,snowball,L1,2,2,,,,R1a,Zeno effect and decoupling,no,,,
,10.1088/1367-2630/16/3/033014,10.1088/1367-2630/16/3/033014,,https://openalex.org/W2149354085,Unifying projected entangled pair state contractions,2014,Michael Lubasch; J. I. Cirac; Mari Carmen Bañuls,New Journal of Physics,B;L,harvest+snowball,L1,2,2,,,,R9,PEPS contraction schemes,no,,,
,10.1103/physrevb.94.165116,10.1103/physrevb.94.165116,,https://openalex.org/W1580989833,Unifying time evolution and optimization with matrix product states,2016,Jutho Haegeman; Christian Lubich; Ivan Oseledets; Bart Vandereycken; Frank Verstraete,Physical review. B./Physical review. B,A;B;C,harvest+snowball,L1,2,2,,,,R9;R10,TN integrator/contraction with projection or truncation error,no,,,
,10.22331/q-2020-03-26-248,10.22331/q-2020-03-26-248,,https://openalex.org/W2951503883,Variational Quantum Fidelity Estimation,2020,Marco Cerezo; Alexander Poremba; Lukasz Cincio; Patrick J. Coles,Quantum,E,snowball,L1,2,2,,,,R6,fidelity estimation (algorithmic),no,,,
,10.1103/physrevb.97.045145,10.1103/physrevb.97.045145,,https://openalex.org/W2581056149,Variational optimization algorithms for uniform matrix product states,2018,Valentin Zauner-Stauber; Laurens Vanderstraeten; Matthew Fishman; Frank Verstraete; Jutho Haegeman,Physical review. B./Physical review. B,M,harvest+snowball,L1,2,2,,,,R9,MPS variational algorithms; no truncation bound,no,,,
,vectorvaluedbohnenblusthilleinequalities,,,https://openalex.org/W2231345517,Vector valued Bohnenblust-Hille inequalities,2013,Ursula Schwarting,Carl von Ossiezky University of Oldenburg,D,harvest,L1,2,2,,,,R1b,optimal-constant multilinear inequality; different object,no,,,
,10.1007/s11633-017-1054-2,10.1007/s11633-017-1054-2,,https://openalex.org/W2550848904,Why and when can deep-but not shallow-networks avoid the curse of dimensionality: A review,2017,Tomaso Poggio; H. N. Mhaskar; Lorenzo Rosasco; Brando Miranda; Qianli Liao,Machine Intelligence Research,A,snowball,L1,2,2,,,,R3,compositional/tree-structured function approximation,no,,,
,10.48550/arxiv.1604.07130,10.48550/arxiv.1604.07130,,https://openalex.org/W2343345052,Worst-case Complexity of Cyclic Coordinate Descent: $O(n^2)$ Gap with Randomized Version,2016,Ruoyu Sun; Yinyu Ye,arXiv (Cornell University),I,snowball,L1,2,2,,,,,sharp worst-case complexity of cyclic updates; different object,no,,,
,10.1007/s10107-019-01437-5,10.1007/s10107-019-01437-5,,https://openalex.org/W2979298859,Worst-case complexity of cyclic coordinate descent: $$O(n^2)$$ gap with randomized version,2019,Ruoyu Sun; Yinyu Ye,Mathematical Programming,I,snowball,L1,2,2,,,,,sharp worst-case complexity of cyclic updates; different object,no,,,
,10.1103/physrevlett.108.080501,10.1103/physrevlett.108.080501,,https://openalex.org/W2113874456,Zeno Effect for Quantum Computation and Control,2012,Gerardo A. Paz-Silva; A. T. Rezakhani; Jason Dominy; Daniel A. Lidar,Physical Review Letters,J,harvest,L1,2,2,,,,R1a,Zeno effect in computation,no,,,
,10.24033/bsmf.1403,10.24033/bsmf.1403,,https://openalex.org/W2583829122,"Étude sur les variétés et les opérateurs de Julia, avec quelques applications",1949,Jacques Dixmier,Bulletin de la Société mathématique de France,I,snowball,L1,2,2,,,,,Julia operators/contractions; dilation theory,no,,,
grcar2010matrix,adjudicated:grcar2010matrix,10.1016/j.laa.2010.02.014,1003.2733,,A matrix lower bound,2010,,,,adjudicated_only,L3,1,,,FULL_TEXT,,R6,Lemma 6.3 (rank-2 nuclear norm) gives the tensor-angle inequality as an equality for m=2.,yes,technique,theorem_comparisons/L3_grcar2010_rank2_nuclear_norm.md,
delathauwer2000multilinear,10.1137/s0895479896305696,10.1137/S0895479896305696,,https://openalex.org/W2013912476,A multilinear singular value decomposition,2000,Lieven De Lathauwer; Bart De Moor; Joos Vandewalle,SIAM Journal on Matrix Analysis and Applications,A;H,harvest+snowball,L2,1,3,1,FULL_TEXT,Sec. 4 Property 10 (truncation error bounded by sum of squared discarded n-mode singular values); Sec. 6 Theorem 7 (first-order perturbation of HOSVD) (read via KU Leuven Lirias copy),R9,HOSVD truncation bounds; background.,yes,application_context,level2_B1.csv,
higham2002accuracy,adjudicated:higham2002accuracy,10.1137/1.9780898718027,,,Accuracy and Stability of Numerical Algorithms,2002,,,,adjudicated_only,repo,1,,,,,,Error analysis background.,yes,numerical_context,,
kayalar1988error,10.1007/bf02551235,10.1007/BF02551235,,https://openalex.org/W2041871718,Error bounds for the method of alternating projections,1988,"Kayalar, Selahattin; Weinert, Howard L.","MCSS. Mathematics of Control, Signals, and Systems",I,harvest+snowball,L3,1,3,,SECONDARY,,R1b;R6,Sharp ||(P2P1)^n - P_M|| = c^(2n-1); different quantity (convergence to intersection). Original not read (paywall).,yes,foundational,theorem_comparisons/L3_kayalar1988_alternating_projections_error_bounds.md,
grasedyck2010hierarchical,10.1137/090764189,10.1137/090764189,,https://openalex.org/W2038198231,Hierarchical singular value decomposition of tensors,2010,Lars Grasedyck,SIAM Journal on Matrix Analysis and Applications,A,snowball,L3,1,3,,FULL_TEXT,,R3;R9,Quasi-optimal HSVD truncation with sqrt(2d-3); projections act on one fixed tensor; author notes non-optimality; no extremizers.,yes,closest_prior_art,theorem_comparisons/L3_grasedyck2010_hsvd.md,
farouki2001minkowski,adjudicated:farouki2001minkowski,10.1023/A:1010318011860,,,Minkowski geometric algebra of complex sets,2001,,,,adjudicated_only,L3,1,,,ABSTRACT_ONLY,,R7,"Minkowski geometric algebra framework; two-disk Cartesian ovals, cardioid as degenerate case; enclosure claim stated without proof (per HRY). Do not quote specific content until full text read.",yes,technique,theorem_comparisons/L3_farouki2001_minkowski_geometric_algebra.md,
baboulin2025numerical,adjudicated:baboulin2025numerical,,,,"Numerical stability of tree tensor network operations, and a stable rounding algorithm",2025,"Baboulin, M.; Kaya, O.; Mary, T.; Robeyns, M.",,,adjudicated_only,L3,1,,,FULL_TEXT,,R9,Finite-precision first-order stability bounds for TTN operations; constants possibly pessimistic; not sharp.,yes,closest_prior_art,theorem_comparisons/L3_baboulin2025_ttn_numerical_stability.md,
polyak1994construction,adjudicated:polyak1994construction,10.1002/rnc.4590040305,,,"Polyak, Scherbakov, Shmulyian (1994), Int. J. Robust Nonlinear Control 4(3):371-385",1994,,,,adjudicated_only,L3,1,,,ABSTRACT_ONLY,,R7,Two-disk product region (cardioid) stated as in HRY Thm 1 with incomplete proof (per HRY). Do not quote specific content until full text read.,yes,technique,theorem_comparisons/L3_polyak1994_value_set_circular_arithmetic.md,
oikhberg1999products,adjudicated:oikhberg1999products,10.1090/S0002-9939-99-05255-7,,,Products of orthogonal projections,1999,,,,adjudicated_only,L3,1,,,FULL_TEXT,,R5;R7,Factorization theory; Lemma 2(a) builds the same planar chain of line projections (acting as prod cos theta_j e^{i theta_j}) but proves no extremality.,yes,technique,theorem_comparisons/L3_oikhberg1999_products_projections.md,
kolda2009tensor,10.1137/07070111x,10.1137/07070111X,,https://openalex.org/W2024165284,Tensor decompositions and applications,2009,Tamara G. Kolda; Brett W. Bader,SIAM Review,A;B,snowball,repo,1,1,,,,R9,Survey; background.,yes,application_context,,
klaja2014numerical,10.1016/j.jmaa.2013.09.024,10.1016/j.jmaa.2013.09.024,1212.1996,https://openalex.org/W2036063702,The numerical range and the spectrum of a product of two orthogonal projections,2014,Hubert Klaja,Journal of Mathematical Analysis and Applications,C;I,harvest+snowball,L3,1,2,,FULL_TEXT,,R7,"Exact numerical range of P2P1; two factors, no |1-prod| objective.",yes,technique,theorem_comparisons/L3_klaja2014_numerical_range_two_projections.md,
reich2017optimal,10.1016/j.jat.2017.08.005,10.1016/j.jat.2017.08.005,1704.00308,https://openalex.org/W2615470213,The optimal error bound for the method of simultaneous projections,2017,Simeon Reich; Rafał Zalas,Journal of Approximation Theory,I,harvest+snowball,L3,1,3,,FULL_TEXT,,R6,Exact norm for averaged projections via self-adjointness; different operator family.,yes,foundational,theorem_comparisons/L3_reich2017_simultaneous_projections.md,
deutsch1997rate,10.1006/jmaa.1997.5202,10.1006/jmaa.1997.5202,,https://openalex.org/W2052610157,"The rate of convergence for the method of alternating projections, II",1997,Frank Deutsch; Hein Hundal,Journal of Mathematical Analysis and Applications,I,harvest+snowball,L3,1,3,,ABSTRACT_ONLY,,R1b;R6,"Angle-only bounds cannot be exact for >=3 subspaces for all configurations; paper must define 'sharp' as worst case over the (k,eta) class. Repo bib had wrong DOI 10.1006/jmaa.1997.5216.",yes,foundational,theorem_comparisons/L3_deutsch1997_alternating_projections_II.md,
pates2021scaled,adjudicated:pates2021scaled,,2106.05650,,The scaled relative graph of a linear operator,2021,,,,adjudicated_only,L3,1,,,FULL_TEXT,,R5,"SRG of a single linear operator via numerical range; no composition, no projections chains.",no,technique,theorem_comparisons/L3_pates2021_srg_linear_operator.md,
huang2020tight,10.1016/j.jmaa.2020.124211,10.1016/j.jmaa.2020.124211,1912.01593,https://openalex.org/W3024233472,Tight coefficients of averaged operators via scaled relative graph,2020,Xinmeng Huang; Ernest K. Ryu; Wotao Yin,Journal of Mathematical Analysis and Applications,D,snowball,L3,1,3,3,FULL_TEXT,"arXiv:1912.01593v3: Fact 1 (SRG of alpha-averaged class = Disk(alpha), circle through 1 centered 1-alpha), Thm 1 (SRG of composition of two averaged classes = Minkowski product Disk(a1)Disk(a2), boundary a Cartesian oval), Cor 1 (tight Ogura-Yamada constant), Thm 2/Cor 2 (Davis-Yin)",R6;R7,Thm 1 (theta1=theta2=1/2) rigorously gives the two-factor product region = cardioid w(t)^2; Cor. 1 bounds a different quantity. Two factors only.,yes,technique,theorem_comparisons/L3_huang2020_tight_coefficients_srg.md,L2 CSV threat 3 vs adjudicated 1
,10.1512/iumj.1972.21.21080,10.1512/iumj.1972.21.21080,,https://openalex.org/W4232488476,,1972,Charles N. Friedman,Indiana University Mathematics Journal,J,snowball,L2,1,3,1,FULL_TEXT,"C. N. Friedman, 'Semigroup Product Formulas, Compressions, and Continual Observations in Quantum Mechanics', IUMJ 21(11):1001-1011; main results Prop. 3 (Sec. 3), Theorem 1 (Sec. 4), Theorem 2 and Corollary (Sec. 5, strong limit of (E P^{s/n} E)^n = exp(-s B_E)); open scanned PDF, pages 1001-1003, 1006, 1008 inspected",none,"Qualitative strong-limit Chernoff/Kato-type product formulas for compressions E exp(itA/n) E with unbounded self-adjoint generators (foundational Zeno limit), with no quantitative error bounds, sharp constants, planar extremizers or angle optimization, so it is historical background only.",no,,screening/level2_C.csv,
,10.1007/s00211-013-0544-6,10.1007/s00211-013-0544-6,,https://openalex.org/W1999591588,$$L^{\infty }$$ estimation of tensor truncations,2013,Wolfgang Hackbusch,Numerische Mathematik,A,snowball,L2,1,3,1,FULL_TEXT,MiS preprint 17/2012 Thm 2.1 (L-infinity estimate via Gagliardo-Nirenberg),R9,Converts L2 HOSVD truncation error into L-infinity estimates using smoothness; no propagation through chains or trees of multilinear maps.,no,,screening/level2_A.csv,
,10.1016/j.ejco.2021.100012,10.1016/j.ejco.2021.100012,,https://openalex.org/W3204035720,(Global) Optimization: Historical notes and recent developments,2021,Marco Locatelli; Fabio Schoen,EURO Journal on Computational Optimization,F,harvest,L1,1,1,,,,,same broad field only,no,,,
,10.4230/lipics.itp.2022.0,10.4230/LIPIcs.ITP.2022.0,,,"13th international conference on interactive theorem proving, ITP 2022, Haifa, Israel, August 7--10, 2022",2022,,LIPIcs -- Leibniz International Proceedings in Informatics,H,harvest,L1,1,1,,,,,same broad field only,no,,,
,10.4230/lipics.itcs.2025,10.4230/LIPIcs.ITCS.2025,,,"16th innovations in theoretical computer science conference, ITCS 2025, Columbia University, New York, NY, USA, January 7--10, 2025",2025,,LIPIcs -- Leibniz International Proceedings in Informatics,K,harvest,L1,1,1,,,,,same broad field only,no,,,
,1twodimensionaltensorproductvariationalformulation,,,https://openalex.org/W3106254243,1Two-Dimensional Tensor Product Variational Formulation,2000,Tomotoshi Nishino; Yasuhiro Hieida; Kouichi Okunishi; Yasuhiro Akutsu; Andrej Gendiar,,M,snowball,L1,1,1,,,,,same broad field only,no,,,
,10.1190/geo2014-0467.1,10.1190/geo2014-0467.1,,https://openalex.org/W1922005389,5D seismic data completion and denoising using a novel class of tensor decompositions,2015,Gregory Ely; Shuchin Aeron; Ning Hao; Misha E. Kilmer,Geophysics,A,snowball,L1,1,1,,,,,same broad field only,no,,,
,10.1007/978-3-540-71067-7_6,10.1007/978-3-540-71067-7_6,,https://openalex.org/W1943070836,A Brief Overview of HOL4,2008,Konrad Slind; Michael Norrish,Lecture notes in computer science,H,snowball,L1,1,1,,,,,HOL4,no,,,
,10.1073/pnas.17.7.417,10.1073/pnas.17.7.417,,https://openalex.org/W2150921527,A Canonical Form for Real Matrices under Orthogonal Transformations,1931,F. D. Murnaghan; A. Wintner,Proceedings of the National Academy of Sciences,D,snowball,L1,1,1,,,,,orthogonal canonical form of matrices,no,,,
,10.1007/978-3-031-27481-7_4,10.1007/978-3-031-27481-7_4,,https://openalex.org/W4310894270,A Coq Formalization of Lebesgue Induction Principle and Tonelli’s Theorem,2023,Sylvie Boldo; François Clément; Vincent Martin; Micaela Mayero; Houda Mouhcine,Lecture notes in computer science,H,harvest,L1,1,1,,,,,same broad field only,no,,,
,10.1007/s10817-021-09612-0,10.1007/s10817-021-09612-0,,https://openalex.org/W3215924521,A Coq Formalization of Lebesgue Integration of Nonnegative Functions,2021,Sylvie Boldo; François Clément; Florian Faissole; Vincent Martin; Micaela Mayero,Journal of Automated Reasoning,H,harvest+snowball,L1,1,1,,,,,same broad field only,no,,,
,10.1017/fmp.2017.1,10.1017/fmp.2017.1,,https://openalex.org/W1825294361,A FORMAL PROOF OF THE KEPLER CONJECTURE,2017,Thomas Hales; Mark Adams; Gertrud Bauer; TAT DAT DANG; John Harrison; LE TRUONG HOANG,Forum of Mathematics Pi,H,harvest+snowball,L1,1,1,,,,,same broad field only,no,,,
,10.1103/physrevlett.93.230504,10.1103/physrevlett.93.230504,,https://openalex.org/W2171836098,A Family of Quantum Protocols,2004,Igor Devetak; Aram W. Harrow; Andreas Winter,Physical Review Letters,K,snowball,L1,1,1,,,,,same broad field only,no,,,
,10.1007/978-3-031-16681-5_1,10.1007/978-3-031-16681-5_1,,https://openalex.org/W4296050236,A Formalization of the Change of Variables Formula for Integrals in mathlib,2022,Sébastien Gouëzel,Lecture notes in computer science,H,snowball,L1,1,1,,,,R8,mathlib change of variables,no,,,
,10.1145/2676726.2676966,10.1145/2676726.2676966,,https://openalex.org/W2080575293,A Formally-Verified C Static Analyzer,2014,Jacques-Henri Jourdan; Vincent Laporte; Sandrine Blazy; Xavier Leroy; David Pichardie,,H,harvest,L1,1,1,,,,,same broad field only,no,,,
,10.1137/18m1207260,10.1137/18m1207260,,https://openalex.org/W3027891624,A Forward-Backward Splitting Method for Monotone Inclusions Without Cocoercivity,2020,Yura Malitsky; Matthew K. Tam,SIAM Journal on Optimization,D,snowball,L1,1,1,,,,,forward-backward splitting,no,,,
,10.1109/tit.2009.2032797,10.1109/tit.2009.2032797,,https://openalex.org/W2144277460,A Fully Quantum Asymptotic Equipartition Property,2009,Marco Tomamichel; Roger Colbeck; Renato Renner,IEEE Transactions on Information Theory,E,snowball,L1,1,1,,,,,quantum AEP,no,,,
,10.1137/1113049,10.1137/1113049,,https://openalex.org/W2054488900,A General Solution of a Problem in Linear Prediction of Stationary Processes,1968,V. M. Adamyan; Damir Z. Arov,Theory of Probability and Its Applications,I,snowball,L1,1,1,,,,,broad numerical/operator analysis,no,,,
,10.1215/s0012-7094-97-08601-4,10.1215/s0012-7094-97-08601-4,,https://openalex.org/W2097511634,"A Hilbert space of Dirichlet series and systems of dilated functions in L2(0,1)",1997,Håakan Hedenmalm; Peter Lindqvist; Kristian Seip,Duke Mathematical Journal,G,harvest,L1,1,1,,,,,same broad field only,no,,,
,10.1109/tac.2025.3632433,10.1109/tac.2025.3632433,,https://openalex.org/W7105601425,A Homotopy Theorem for Incremental Stability,2025,Thomas Chaffey; Andrey Kharitenko; Fulvio Forni; Rodolphe Sepulchre,IEEE Transactions on Automatic Control,D,snowball,L1,1,1,,,,,incremental stability homotopy,no,,,
,10.1137/17m1138881,10.1137/17m1138881,,https://openalex.org/W2735411455,A Hybrid Alternating Least Squares--TT-Cross Algorithm for Parametric PDEs,2019,Sergey Dolgov; Robert Scheichl,SIAM/ASA Journal on Uncertainty Quantification,A,harvest,L1,1,1,,,,R9,tensor network method/application; no error theorem,no,,,
,10.1137/13091899x,10.1137/13091899x,,https://openalex.org/W2159745673,A Least-Squares Method for Sparse Low Rank Approximation of Multivariate Functions,2015,M. Chevreuil; R. Lebrun; A. Nouy; P. Rai,SIAM/ASA Journal on Uncertainty Quantification,B,harvest,L1,1,1,,,,,same broad field only,no,,,
,arxiv:2606.15089,,2606.15089,,A Machine-Checked Itô Calculus for Brownian Motion,2026,Raphael Coelho,,H,harvest,L1,1,1,,,,,same broad field only,no,,,
,10.22331/q-2023-09-07-1100,10.22331/q-2023-09-07-1100,,https://openalex.org/W4386526054,A Multi-Qubit Quantum Gate Using the Zeno Effect,2023,Philippe Lewalle; Leigh S. Martin; Emmanuel Flurin; Song Zhang; Eliya Blumenthal; Shay Hacohen-Gourgy,Quantum,J,harvest,L1,1,1,,,,,quantum Zeno physics/experiment,no,,,
,10.48550/arxiv.2211.05988,10.48550/arxiv.2211.05988,,https://openalex.org/W4309044831,A Multi-Qubit Quantum Gate Using the Zeno Effect,2022,Philippe Lewalle; Leigh S. Martin; Emmanuel Flurin; Song Zhang; Eliya Blumenthal; Shay Hacohen-Gourgy,arXiv (Cornell University),J,harvest,L1,1,1,,,,,quantum Zeno physics/experiment,no,,,
,10.1137/070688316,10.1137/070688316,,https://openalex.org/W2036718271,"A Newton–Grassmann Method for Computing the Best Multilinear Rank-$(r_1,$ $r_2,$ $r_3)$ Approximation of a Tensor",2009,Lars Eldén; Berkant Savas,SIAM Journal on Matrix Analysis and Applications,A,snowball,L1,1,1,,,,R9,general tensor decomposition/network,no,,,
,10.1137/17m1112303,10.1137/17m1112303,,https://openalex.org/W2582365613,A Practical Randomized CP Tensor Decomposition,2018,Casey Battaglino; Grey Ballard; Tamara G. Kolda,SIAM Journal on Matrix Analysis and Applications,D,harvest,L1,1,1,,,,,same broad field only,no,,,
,10.48550/arxiv.2609.02394,10.48550/arxiv.2609.02394,,https://openalex.org/W7207686506,A Recursive Module-Coupling Algorithm for Computing Low-Energy Eigenstates,2026,Dihang 頔杭 Sun 孙; Nannan Ma; Ching Hua Lee; Tianqi Chen; Jiangbin Gong,arXiv (Cornell University),M,harvest,L1,1,1,,,,R9,tensor network method/application; no error theorem,no,,,
,10.1007/s00454-009-9148-4,10.1007/s00454-009-9148-4,,https://openalex.org/W2072920688,A Revision of the Proof of the Kepler Conjecture,2009,Thomas Hales; John Harrison; Sean McLaughlin; Tobias Nipkow; Steven Obua; Roland Zumkeller,Discrete & Computational Geometry,H,harvest,L1,1,1,,,,,same broad field only,no,,,
,10.1201/9781003162810-13,10.1201/9781003162810-13,,https://openalex.org/W3137147200,A Survey of Quantization Methods for Efficient Neural Network Inference,2022,Amir Gholami; Sehoon Kim; Zhen Dong; Zhewei Yao; Michael W. Mahoney; Kurt Keutzer,,N,harvest,L1,1,1,,,,,same broad field only,no,,,
,10.48550/arxiv.1812.08342,10.48550/arxiv.1812.08342,,https://openalex.org/W3030836721,"A Survey of Safety and Trustworthiness of Deep Neural Networks: Verification, Testing, Adversarial Attack and Defence, and Interpretability",2018,Xiaowei Huang; Daniel Kroening; Wenjie Ruan; James J. Sharp; Youcheng Sun; Emese Thamo,arXiv (Cornell University),N,harvest,L1,1,1,,,,,same broad field only,no,,,
,10.1007/s40305-021-00368-3,10.1007/s40305-021-00368-3,,https://openalex.org/W4205808776,A Survey on Some Recent Developments of Alternating Direction Method of Multipliers,2022,Deren Han,Journal of the Operations Research Society of China,I,harvest,L1,1,1,,,,,same broad field only,no,,,
,10.1109/access.2019.2949814,10.1109/access.2019.2949814,,https://openalex.org/W2982471955,A Survey on Tensor Techniques and Applications in Machine Learning,2019,Yuwang Ji; Qiang Wang; Xuan Li; Jie Liu,IEEE Access,A,harvest+snowball,L1,1,1,,,,,same broad field only,no,,,
,10.1088/0266-5611/24/6/065013,10.1088/0266-5611/24/6/065013,,https://openalex.org/W2032591190,A compressive Landweber iteration for solving ill-posed inverse problems,2008,Ronny Ramlau; Gerd Teschke; M. Zhariy,Inverse Problems,A,snowball,L1,1,1,,,,,compressive Landweber,no,,,
,10.1098/rspa.2024.0658,10.1098/rspa.2024.0658,,https://openalex.org/W4408378393,A cross algorithm for implicit time integration of random partial differential equations on low-rank matrix manifolds,2025,M. H. Naderi; S. Akhavan; Hessam Babaee,Proceedings of the Royal Society A Mathematical Physical and Engineering Sciences,A,snowball,L1,1,1,,,,,low-rank cross time integration,no,,,
,10.1145/237814.237866,10.1145/237814.237866,,https://openalex.org/W2084652510,A fast quantum mechanical algorithm for database search,1996,Lov K. Grover,,K,snowball,L1,1,1,,,,,Grover search,no,,,
,10.22331/q-2017-07-14-14,10.22331/q-2017-07-14-14,,https://openalex.org/W2607664690,A largely self-contained and complete security proof for quantum key distribution,2017,Marco Tomamichel; Anthony Leverrier,Quantum,E,snowball,L1,1,1,,,,R6,fidelity/purified-distance context,no,,,
,alargelyselfcontainedandcompletesecurityproofforquantumkeydistribution,,,https://openalex.org/W3102531862,A largely self-contained and complete security proof for quantum key distribution,2017,"Tomamichel, M; Leverrier, A",UTS ePRESS (University of Technology Sydney),E,snowball,L1,1,1,,,,R6,fidelity/purified-distance context,no,,,
,10.1080/03081088308817526,10.1080/03081088308817526,,https://openalex.org/W2013548809,A limit theorem for projections,1983,Simeon Reich,Linear and Multilinear Algebra,I,snowball,L2,1,3,1,ABSTRACT_ONLY,"Reich, Linear Multilinear Algebra 13 (1983) 281-290; metadata via Crossref, content only via secondary citations (not seen)",none,"Qualitative limit theorem for iterated products of projections (von Neumann-Halperin type extension, cited in the Banach/uniformly convex setting); no rate or constant, background only.",no,,screening/level2_B2.csv,
,10.1016/j.jcp.2024.112827,10.1016/j.jcp.2024.112827,,https://openalex.org/W4391561764,A low-rank complexity reduction algorithm for the high-dimensional kinetic chemical master equation,2024,Lukas Einkemmer; Julian Mangott; Martina Prugger,Journal of Computational Physics,A,snowball,L1,1,1,,,,,low-rank chemical master equation,no,,,
,10.1016/j.cpc.2026.110163,10.1016/j.cpc.2026.110163,,https://openalex.org/W7154474016,"A low-rank, high-order implicit-explicit integrator for three-dimensional convection-diffusion equations",2026,Joseph Nakao; Gianluca Ceruti; Lukas Einkemmer,Computer Physics Communications,A,snowball,L1,1,1,,,,,low-rank IMEX integrator,no,,,
,10.1145/3110278,10.1145/3110278,,https://openalex.org/W2753707546,A metaprogramming framework for formal verification,2017,Gabriel Ebner; Sebastian Ullrich; Jared Roesch; Jeremy Avigad; Leonardo de Moura,Proceedings of the ACM on Programming Languages,H,snowball,L1,1,1,,,,R8,Lean metaprogramming,no,,,
,10.4171/rmi/665,10.4171/rmi/665,,https://openalex.org/W1985393241,A multilinear generalisation of the Hilbert transform and fractional integration,2012,Stefán Ingi Valdimarsson,Revista Matemática Iberoamericana,D,harvest,L1,1,1,,,,,Optimal constant for multilinear fractional integration forms; sharp multilinear constant in harmonic analysis unrelated to projections,no,,,
,anewprojectionmethodforfindingtheclosestpointintheintersectionofconvexsets,,,https://openalex.org/W3102480021,A new projection method for finding the closest point in the intersection of convex sets,2018,Francisco J. Aragón Artacho; Rubén Campoy,LA Referencia (Red Federada de Repositorios Institucionales de Publicaciones Científicas),I,snowball,L1,1,1,,,,,projection algorithm application,no,,,
,10.1007/s10589-017-9942-5,10.1007/s10589-017-9942-5,,https://openalex.org/W2406804067,A new projection method for finding the closest point in the intersection of convex sets,2017,Francisco J. Aragón Artacho; Rubén Campoy,Computational Optimization and Applications,I,snowball,L1,1,1,,,,,projection algorithm application,no,,,
,10.1007/s11425-012-4363-5,10.1007/s11425-012-4363-5,,https://openalex.org/W2057106305,A projection method and Kronecker product preconditioner for solving Sylvester tensor equations,2012,Zhen Chen; Linzhang Lu,Science China Mathematics,A,snowball,L1,1,1,,,,,broad numerical/operator analysis,no,,,
,10.1090/s0025-5718-10-02334-3,10.1090/s0025-5718-10-02334-3,,https://openalex.org/W1993443533,A projection-based error analysis of HDG methods,2010,Bernardo Cockburn; Jay Gopalakrishnan; Francisco-Javier Sayas,Mathematics of Computation,C,harvest,L1,1,1,,,,,broad numerical/operator analysis,no,,,
,10.1088/1741-2552/aab2f2,10.1088/1741-2552/aab2f2,,https://openalex.org/W2794345050,A review of classification algorithms for EEG-based brain–computer interfaces: a 10 year update,2018,Fabien Lotte; Laurent Bougrain; Andrzej Cichocki; Maureen Clerc; Marco Congedo; Alain Rakotomamonjy,Journal of Neural Engineering,A;B,harvest,L1,1,1,,,,,same broad field only,no,,,
,10.1016/j.jcp.2025.114191,10.1016/j.jcp.2025.114191,,https://openalex.org/W4411487276,A review of low-rank methods for time-dependent kinetic simulations,2025,Lukas Einkemmer; Katharina Kormann; Jonas Kusch; Ryan G. McClarren; Jing‐Mei Qiu,Journal of Computational Physics,A,snowball,L1,1,1,,,,,same broad field only,no,,,
,10.48550/arxiv.1609.06349,10.48550/arxiv.1609.06349,,https://openalex.org/W2522454188,A review of matrix scaling and Sinkhorn's normal form for matrices and positive maps,2016,Martin Idel,arXiv (Cornell University),B,harvest,L1,1,1,,,,,same broad field only,no,,,
,10.1016/j.jcp.2023.112060,10.1016/j.jcp.2023.112060,,https://openalex.org/W4323669582,A robust and conservative dynamical low-rank algorithm,2023,Lukas Einkemmer; Alexander Ostermann; Carmela Scalone,Journal of Computational Physics,A,snowball,L1,1,1,,,,,conservative DLRA,no,,,
,10.1016/j.sysconle.2022.105198,10.1016/j.sysconle.2022.105198,,https://openalex.org/W3194304051,A rolled-off passivity theorem,2022,Thomas Chaffey,Systems & Control Letters,D,snowball,L1,1,1,,,,,passivity theorem,no,,,
,10.26599/bdma.2018.9020008,10.26599/bdma.2018.9020008,,https://openalex.org/W2810953629,A survey of matrix completion methods for recommendation systems,2018,Andy Ramlatchan; Mengyun Yang; Quan Liu; Min Li; Jianxin Wang; Yaohang Li,Big Data Mining and Analytics,M,harvest,L1,1,1,,,,,same broad field only,no,,,
,10.1016/j.cosrev.2020.100270,10.1016/j.cosrev.2020.100270,,https://openalex.org/W3036286896,"A survey of safety and trustworthiness of deep neural networks: Verification, testing, adversarial attack and defence, and interpretability",2020,Xiaowei Huang; Daniel Kroening; Wenjie Ruan; James J. Sharp; Youcheng Sun; Emese Thamo,Computer Science Review,N,harvest,L1,1,1,,,,,same broad field only,no,,,
,10.1007/s40484-019-0186-5,10.1007/s40484-019-0186-5,,https://openalex.org/W2996663445,A survey of some tensor analysis techniques for biological systems,2019,Farzane Yahyanejad; Réka Albert; Bhaskar DasGupta,Quantitative Biology,F,harvest,L1,1,1,,,,R9,general tensor decomposition/network,no,,,
,10.1080/00268976.2024.2306881,10.1080/00268976.2024.2306881,,https://openalex.org/W4391752839,A tensor network view of multilayer multiconfiguration time-dependent Hartree methods,2024,Henrik R. Larsson,Molecular Physics,A,snowball,L1,1,1,,,,R9,tensor network method/application; no error theorem,no,,,
,10.48550/arxiv.2311.12103,10.48550/arxiv.2311.12103,,https://openalex.org/W4388927573,A tensor network view of multilayer multiconfiguration time-dependent Hartree methods,2023,Henrik R. Larsson,arXiv (Cornell University),A,snowball,L1,1,1,,,,R9,tensor network method/application; no error theorem,no,,,
,10.1090/s0002-9947-03-03389-0,10.1090/s0002-9947-03-03389-0,,https://openalex.org/W2146681455,A unified approach to improved $L^p$ Hardy inequalities with best constants,2003,Gerassimos Barbatis; Stathis Filippas; Achilles Tertikas,Transactions of the American Mathematical Society,G,harvest,L1,1,1,,,,,best constants for Hardy inequalities; different object,no,,,
,10.1090/mcom/3644,10.1090/mcom/3644,,https://openalex.org/W3040050292,A weighted randomized Kaczmarz method for solving linear systems,2021,Stefan Steinerberger,Mathematics of Computation,I,snowball,L1,1,1,,,,,projection algorithm application,no,,,
,aremotepreparationofquantumstates,,,https://openalex.org/W3102855587,A.: Remote preparation of quantum states,2003,Charles H. Bennett; Patrick Hayden; Debbie W. Leung; Peter W. Shor; Andreas Winter,Bristol Research (University of Bristol),K,snowball,L1,1,1,,,,,same broad field only,no,,,
,10.1038/s42254-024-00740-1,10.1038/s42254-024-00740-1,,https://openalex.org/W4399252728,AI-driven research in pure mathematics and theoretical physics,2024,Yang‐Hui He,Nature Reviews Physics,H,harvest,L1,1,1,,,,,same broad field only,no,,,
,10.1070/sm1971v015n01abeh001531,10.1070/sm1971v015n01abeh001531,,https://openalex.org/W1967332578,ANALYTIC PROPERTIES OF SCHMIDT PAIRS FOR A HANKEL OPERATOR AND THE GENERALIZED SCHUR-TAKAGI PROBLEM,1971,Vadim Adamjan; Damir Z. Arov; M. Г. Крейн,Mathematics of the USSR-Sbornik,G,harvest,L1,1,1,,,,,same broad field only,no,,,
,10.48550/arxiv.2210.03763,10.48550/arxiv.2210.03763,,https://openalex.org/W4304699319,Ab-initio tree-tensor-network digital twin for quantum computer benchmarking in 2D,2022,Daniel Jaschke; Alice Pagano; Sebastian Weber; Simone Montangero,arXiv (Cornell University),A,harvest,L1,1,1,,,,R9,tensor network method/application; no error theorem,no,,,
,10.1016/j.jfa.2015.07.001,10.1016/j.jfa.2015.07.001,,https://openalex.org/W2963281425,Absolutely summing multilinear operators via interpolation,2015,N. Albuquerque; Daniel Núñez-Alarcón; Joedson Santos; Diana Serrano-Rodríguez,Journal of Functional Analysis,D,harvest,L1,1,1,,,,,multilinear harmonic analysis; different object,no,,,
,10.2989/16073606.2011.640459,10.2989/16073606.2011.640459,,https://openalex.org/W2009044486,Absolutely summing multilinear operators: a panorama,2011,Daniel Pellegrino; Joedson Santos,Quaestiones Mathematicae,D,harvest,L1,1,1,,,,,multilinear harmonic analysis; different object,no,,,
,10.1007/bf00406552,10.1007/bf00406552,,https://openalex.org/W1998679237,Abundance of translation invariant pure states on quantum spin chains,1992,M. Fannes; Bruno Nachtergaele; Reinhard F. Werner,Letters in Mathematical Physics,M,snowball,L1,1,1,,,,,translation invariant pure states,no,,,
,10.1088/0266-5611/26/2/025007,10.1088/0266-5611/26/2/025007,,https://openalex.org/W2140414732,Accelerated projected steepest descent method for nonlinear inverse problems with sparsity constraints,2010,Gerd Teschke; Claudia Borries,Inverse Problems,A,snowball,L1,1,1,,,,,projected steepest descent inverse problems,no,,,
,10.1016/s1570-579x(01)80013-6,10.1016/s1570-579x(01)80013-6,,https://openalex.org/W1561390504,Accelerating the Convergence of the Method of Alternating Projections Via a Line Search: a Brief Survey,2001,Frank Deutsch,Studies in computational mathematics,I,snowball,L1,1,1,,,,,projection algorithm application,no,,,
,10.1016/j.jcp.2024.112757,10.1016/j.jcp.2024.112757,,https://openalex.org/W4390806683,Accelerating the simulation of kinetic shear Alfvén waves with a dynamical low-rank approximation,2024,Lukas Einkemmer,Journal of Computational Physics,A,snowball,L1,1,1,,,,,same broad field only,no,,,
,10.1007/s11075-011-9451-z,10.1007/s11075-011-9451-z,,https://openalex.org/W2036835849,Acceleration of randomized Kaczmarz method via the Johnson–Lindenstrauss Lemma,2011,Yonina C. Eldar; Deanna Needell,Numerical Algorithms,I,snowball,L1,1,1,,,,,Kaczmarz acceleration via JL; algorithmic,no,,,
,10.1007/s10915-022-01868-x,10.1007/s10915-022-01868-x,,https://openalex.org/W3152491702,Adaptive Integration of Nonlinear Evolution Equations on Tensor Manifolds,2022,Abram Rodgers; Alec Dektor; Daniele Venturi,Journal of Scientific Computing,A,harvest,L1,1,1,,,,R9,tensor network method/application; no error theorem,no,,,
,10.21468/scipostphys.19.2.038,10.21468/scipostphys.19.2.038,,https://openalex.org/W4413367128,Adaptive sampling-based optimization of quantics tensor trains for noisy functions: Applications to quantum simulations,2025,Kohtaroh Sakaue; Hiroshi Shinaoka; Rihito Sakurai,SciPost Physics,A,harvest,L1,1,1,,,,,same broad field only,no,,,
,10.1109/78.890324,10.1109/78.890324,,https://openalex.org/W1973176871,Adaptive subspace detectors,2001,S. Kraut; Louis L. Scharf; L.T. McWhorter,IEEE Transactions on Signal Processing,C,harvest,L1,1,1,,,,,same broad field only,no,,,
,10.1103/physrevb.105.214201,10.1103/physrevb.105.214201,,https://openalex.org/W3217341968,Adaptive-weighted tree tensor networks for disordered quantum many-body systems,2022,Giovanni Ferrari; Giuseppe Magnifico; Simone Montangero,Physical review. B./Physical review. B,A,harvest,L1,1,1,,,,R9,tensor network method/application; no error theorem,no,,,
,10.1103/revmodphys.90.015002,10.1103/revmodphys.90.015002,,https://openalex.org/W2564229214,Adiabatic quantum computation,2018,Tameem Albash; Daniel A. Lidar,Reviews of Modern Physics,K,snowball,L1,1,1,,,,,adiabatic QC review,no,,,
,10.1145/3573105.3575671,10.1145/3573105.3575671,,https://openalex.org/W4315630513,Aesop: White-Box Best-First Proof Search for Lean,2023,Jannis Limperg; Asta Halkjær From,,H,snowball,L1,1,1,,,,,"Lean/formalization, unrelated result",no,,,
,10.1145/2538688,10.1145/2538688,,https://openalex.org/W2076028636,Algorithm 941,2014,Daniel Kreßner; Christine Tobler,ACM Transactions on Mathematical Software,A,snowball,L1,1,1,,,,R9,tensor network method/application; no error theorem,no,,,
,10.1103/physrevb.90.064425,10.1103/physrevb.90.064425,,https://openalex.org/W2136035771,Algorithms for finite projected entangled pair states,2014,Michael Lubasch; J. I. Cirac; Mari Carmen Bañuls,Physical Review B,B,snowball,L1,1,1,,,,R9,tensor network method/application; no error theorem,no,,,
,10.48550/arxiv.2504.21786,10.48550/arxiv.2504.21786,,https://openalex.org/W4416552378,An Accurate Lanczos Method for the Matrix Product State Representation,2025,"Yu Wang; Yang, Zhangyu; Xingyao Wu; Christian B. Mendl",arXiv (Cornell University),M,harvest,L1,1,1,,,,R9,tensor network method/application; no error theorem,no,,,
,10.1137/19m1246080,10.1137/19m1246080,,https://openalex.org/W2915303721,An Adaptive Stochastic Galerkin Tensor Train Discretization for Randomly Perturbed Domains,2020,Martin Eigel; Manuel Marschall; Michael Multerer,SIAM/ASA Journal on Uncertainty Quantification,A,harvest,L1,1,1,,,,,same broad field only,no,,,
,10.2478/cmam-2011-0016,10.2478/cmam-2011-0016,,https://openalex.org/W2096699795,An Introduction to Hierarchical (H-) Rank and TT-Rank of Tensors with Examples,2011,Lars Grasedyck; Wolfgang Hackbusch,Computational Methods in Applied Mathematics,A;B,harvest,L1,1,1,,,,R9,general tensor decomposition/network,no,,,
,10.1007/978-1-4612-6371-5,10.1007/978-1-4612-6371-5,,https://openalex.org/W2053662828,An Invitation to C*-Algebras,1976,William Arveson,Graduate texts in mathematics,K,snowball,L1,1,1,,,,,C*-algebras text,no,,,
,10.1038/nphys2747,10.1038/nphys2747,,https://openalex.org/W1998760714,An area law for entanglement from exponential decay of correlations,2013,Fernando G. S. L. Brandão; Michał Horodecki,Nature Physics,E,snowball,L1,1,1,,,,,same broad field only,no,,,
,10.1088/1742-5468/2007/08/p08024,10.1088/1742-5468/2007/08/p08024,,https://openalex.org/W2019692968,An area law for one-dimensional quantum systems,2007,M. B. Hastings,Journal of Statistical Mechanics Theory and Experiment,M,snowball,L1,1,1,,,,,same broad field only,no,,,
,10.21468/scipostphyslectnotes.86,10.21468/scipostphyslectnotes.86,,https://openalex.org/W4402408402,An introduction to infinite projected entangled-pair state methods for variational ground state simulations using automatic differentiation,2024,Jan Naumann; Erik Lennart Weerda; Matteo Rizzi; Jens Eisert; Philipp Schmoll,SciPost Physics Lecture Notes,M,harvest,L1,1,1,,,,R9,tensor network method/application; no error theorem,no,,,
,10.48550/arxiv.2308.12358,10.48550/arxiv.2308.12358,,https://openalex.org/W4386184938,An introduction to infinite projected entangled-pair state methods for variational ground state simulations using automatic differentiation,2023,"Naumann, Jan; Weerda, Erik Lennart; Rizzi, Matteo; Eisert, Jens; Philipp Schmoll",arXiv (Cornell University),M,harvest,L1,1,1,,,,R9,tensor network method/application; no error theorem,no,,,
,10.1090/psapm/068/2762145,10.1090/psapm/068/2762145,,https://openalex.org/W1675244148,An introduction to quantum error correction and fault-tolerant quantum computation,2010,Daniel Gottesman,Proceedings of symposia in applied mathematics,K,harvest,L1,1,1,,,,,same broad field only,no,,,
,10.1016/j.jmva.2015.12.001,10.1016/j.jmva.2015.12.001,,https://openalex.org/W2202191623,An introduction to recent advances in high/infinite dimensional statistics,2015,Aldo Goia; Philippe Vieu,Journal of Multivariate Analysis,G,harvest,L1,1,1,,,,,same broad field only,no,,,
,10.26421/qic12.5-6-4,10.26421/qic12.5-6-4,,https://openalex.org/W2950306824,An intuitive proof of the data processing inequality,2012,Normand J. Beaudry; Renato Renner,Quantum Information and Computation,E,snowball,L1,1,1,,,,,data processing inequality,no,,,
,10.1103/physreva.57.2403,10.1103/physreva.57.2403,,https://openalex.org/W1987962147,Analog analogue of a digital quantum computation,1998,Edward Farhi; Sam Gutmann,Physical Review A,K,snowball,L1,1,1,,,,,analog Grover,no,,,
,10.1007/s11075-015-0078-3,10.1007/s11075-015-0078-3,,https://openalex.org/W1859634276,Anderson acceleration of the alternating projections method for computing the nearest correlation matrix,2015,Nicholas J. Higham; Nataša Strabić,Numerical Algorithms,I,harvest,L1,1,1,,,,,projection algorithm application,no,,,
,10.1016/j.jfa.2010.05.018,10.1016/j.jfa.2010.05.018,,https://openalex.org/W2102867755,Angles between infinite dimensional subspaces with applications to the Rayleigh–Ritz and alternating projectors methods,2010,Andrew Knyazev; Abram Jujunashvili; Merico E. Argentati,Journal of Functional Analysis,I,harvest,L2,1,3,1,FULL_TEXT,Sec. 2 Theorems 2.12-2.15 (gap and Friedrichs/Dixmier angles via angle sets); Sec. 4 Theorems 4.1-4.2 (Hausdorff distance of cos^2-angle sets bounded by the gap); Sec. 5 Rayleigh-Ritz bounds; Sec. 6 alternating projectors with CG acceleration (read via arXiv:0705.1023v2),none (adjacent to R1a;R6),"Spectral theory of angles between infinite-dimensional subspaces with gap-Lipschitz perturbation bounds and an angle-based rate for accelerated alternating projectors; the angle machinery is adjacent but no inserted-projection error or angle-contraction telescoping appears, so R1a/R6 are not implied.",no,,screening/level2_B1.csv,
,appliedfunctionalanalysis,,,https://openalex.org/W1565627164,Applied Functional Analysis,1976,A. V. Balakrishnan,,I,snowball,L1,1,1,,,,,same broad field only,no,,,
,10.1057/jors.1980.215,10.1057/jors.1980.215,,https://openalex.org/W4298879130,Applied Functional Analysis,1980,B. G. Birkhead,Journal of the Operational Research Society,I,snowball,L1,1,1,,,,,same broad field only,no,,,
,10.1007/978-94-011-2634-2,10.1007/978-94-011-2634-2,,https://openalex.org/W1507655327,"Approximation Theory, Spline Functions and Applications",1992,Sankatha Prasad Singh,,I,snowball,L1,1,1,,,,,same broad field only,no,,,
,10.1007/978-94-015-8577-4,10.1007/978-94-015-8577-4,,https://openalex.org/W568015342,"Approximation Theory, Wavelets and Applications",1995,Stefano De Marchı; MORANDI CECCHI; M.,,I,snowball,L1,1,1,,,,,same broad field only,no,,,
,10.1016/0378-4754(92)90054-k,10.1016/0378-4754(92)90054-k,,https://openalex.org/W240971884,"Approximation theory, spline functions and applications",1992,Winslow Ames; Claude Brezinski,Mathematics and Computers in Simulation,I,snowball,L1,1,1,,,,,same broad field only,no,,,
,10.1088/1742-5468/2013/09/p09005,10.1088/1742-5468/2013/09/p09005,,https://openalex.org/W1997421308,Area laws in a many-body localized state and its implications for topological order,2013,Bela Bauer; Chetan Nayak,Journal of Statistical Mechanics Theory and Experiment,M,snowball,L1,1,1,,,,,same broad field only,no,,,
,10.1007/s00220-008-0417-5,10.1007/s00220-008-0417-5,,https://openalex.org/W1996053641,Asymptotic Error Rates in Quantum Hypothesis Testing,2008,Katrien Audenaert; M. Nussbaum; Arleta Szkoła; Frank Verstraete,Communications in Mathematical Physics,K,harvest,L1,1,1,,,,,same broad field only,no,,,
,10.1088/1751-8121/ac333c,10.1088/1751-8121/ac333c,,https://openalex.org/W3210526634,Asymptotic Reversibility of Thermal Operations for Interacting Quantum Spin Systems via Generalized Quantum Stein's Lemma,2019,Takahiro Sagawa; Philippe Faist; Kohtaro Kato; Keiji Matsumoto; Hiroshi Nagaoka; Fernando G. S. L. Brandão,arXiv (Cornell University),E;K,harvest,L1,1,1,,,,,same broad field only,no,,,
,10.1137/23m1547603,10.1137/23m1547603,,https://openalex.org/W4390697305,Asymptotic-Preserving and Energy Stable Dynamical Low-Rank Approximation,2024,Lukas Einkemmer; J. Y. Hu; Jonas Kusch,SIAM Journal on Numerical Analysis,A,snowball,L1,1,1,,,,,AP energy stable DLRA,no,,,
,10.1007/s10915-025-03078-7,10.1007/s10915-025-03078-7,,https://openalex.org/W4416263190,Automatic Partitioning for the Low-Rank Integration of Stochastic Boolean Reaction Networks,2025,Lukas Einkemmer; Julian Mangott; Martina Prugger,Journal of Scientific Computing,A,harvest+snowball,L1,1,1,,,,R9,tensor network method/application; no error theorem,no,,,
,10.48550/arxiv.2501.04157,10.48550/arxiv.2501.04157,,https://openalex.org/W4406231068,Automatic partitioning for the low-rank integration of stochastic Boolean reaction networks,2025,Lukas Einkemmer; Julian Mangott; Martina Prugger,arXiv (Cornell University),A,harvest,L1,1,1,,,,R9,tensor network method/application; no error theorem,no,,,
,10.48550/arxiv.1506.05827,10.48550/arxiv.1506.05827,,https://openalex.org/W615325820,Banach-valued multilinear singular integrals,2015,Francesco Di Plinio; Yumeng Ou,arXiv (Cornell University),D,harvest,L1,1,1,,,,,multilinear harmonic analysis; different object,no,,,
,10.1103/revmodphys.86.419,10.1103/revmodphys.86.419,,https://openalex.org/W4211058570,Bell nonlocality,2014,Nicolas Brunner; Daniel Cavalcanti; Stefano Pironio; Valerio Scarani; Stephanie Wehner,Reviews of Modern Physics,D,harvest,L1,1,1,,,,,same broad field only,no,,,
,10.1007/s00365-009-9076-9,10.1007/s00365-009-9076-9,,https://openalex.org/W1970942811,Black Box Low Tensor-Rank Approximation Using Fiber-Crosses,2009,Mike Espig; Lars Grasedyck; Wolfgang Hackbusch,Constructive Approximation,A,snowball,L1,1,1,,,,,same broad field only,no,,,
,10.1007/s10851-014-0539-7,10.1007/s10851-014-0539-7,,https://openalex.org/W2098196222,Block Kaczmarz Method with Inequalities,2014,Jonathan Briskman; Deanna Needell,Journal of Mathematical Imaging and Vision,I,snowball,L1,1,1,,,,,block Kaczmarz with inequalities,no,,,
,10.1007/978-3-030-36714-5,10.1007/978-3-030-36714-5,,https://openalex.org/W2998291030,"Boundary Value Problems, Weyl Functions, and Differential Operators",2020,Jussi Behrndt; Seppo Hassi; Henk de Snoo,Monographs in mathematics,G,harvest,L1,1,1,,,,,same broad field only,no,,,
,breakingthe49qubitbarrierinthesimulationofquantumcircuits,,,https://openalex.org/W2766460815,Breaking the 49-Qubit Barrier in the Simulation of Quantum Circuits,2018,Edwin Pednault; John A. Gunnels; Giacomo Nannicini; Lior Horesh; Thomas Magerlein; Edgar Solomonik,OSTI OAI (U.S. Department of Energy Office of Scientific and Technical Information),B,snowball,L1,1,1,,,,,same broad field only,no,,,
,10.1063/1.4871981,10.1063/1.4871981,,https://openalex.org/W2073181637,Calculating vibrational spectra with sum of product basis functions without storing full-dimensional vectors or matrices,2014,Arnaud Leclerc; Tucker Carrington,The Journal of Chemical Physics,A,snowball,L1,1,1,,,,,sum-of-products vibrational spectra,no,,,
,10.1109/tit.2013.2238656,10.1109/tit.2013.2238656,,https://openalex.org/W2136698279,Chain Rules for Smooth Min- and Max-Entropies,2013,Alexander Vitanov; Frédéric Dupuis; Marco Tomamichel; Renato Renner,IEEE Transactions on Information Theory,E,snowball,L1,1,1,,,,,smooth entropy chain rules,no,,,
,10.48550/arxiv.1904.00808,10.48550/arxiv.1904.00808,,https://openalex.org/W2926375294,Cheeger's differentiation theorem via the multilinear Kakeya inequality,2019,David Bate; Ilmari Kangasniemi; Tuomas Orponen,arXiv (Cornell University),B,harvest,L1,1,1,,,,,multilinear harmonic analysis; different object,no,,,
,10.1109/cdc51059.2022.9993357,10.1109/cdc51059.2022.9993357,,https://openalex.org/W4315489145,Circuit Model Reduction with Scaled Relative Graphs,2022,Thomas Chaffey; Alberto Padoan,2022 IEEE 61st Conference on Decision and Control (CDC),D,snowball,L1,1,1,,,,,SRG model reduction,no,,,
,10.1103/physrevlett.101.250602,10.1103/physrevlett.101.250602,,https://openalex.org/W2167325579,Classical Simulation of Infinite-Size Quantum Lattice Systems in Two Spatial Dimensions,2008,Jacob Jordan; Román Orús; Guifré Vidal; Frank Verstraete; J. I. Cirac,Physical Review Letters,B,snowball,L1,1,1,,,,,same broad field only,no,,,
,10.1103/physreva.74.022320,10.1103/physreva.74.022320,,https://openalex.org/W2036463035,Classical simulation of quantum many-body systems with a tree tensor network,2006,Yaoyun Shi; Luming Duan; Guifré Vidal,Physical Review A,A;M,snowball,L1,1,1,,,,,Efficient classical simulation of tree-structured quantum systems with low Schmidt rank; background,no,,,
,10.1103/physrevb.84.165139,10.1103/physrevb.84.165139,,https://openalex.org/W1942206397,Classifying quantum phases using matrix product states and projected entangled pair states,2011,Norbert Schuch; David Pérez-Garcı́a; J. I. Cirac,Physical Review B,M,snowball,L1,1,1,,,,,same broad field only,no,,,
,10.1103/physrevx.8.021005,10.1103/physrevx.8.021005,,https://openalex.org/W2614103563,Coherent Oscillations inside a Quantum Manifold Stabilized by Dissipation,2018,Steven Touzard; Alexander Grimm; Zaki Leghtas; Shantanu Mundhada; Philip Reinhold; Christopher Axline,Physical Review X,J,harvest,L1,1,1,,,,,same broad field only,no,,,
,10.1103/revmodphys.82.277,10.1103/revmodphys.82.277,,https://openalex.org/W1922629554,Colloquium : Area laws for the entanglement entropy,2010,Jens Eisert; M. Cramer; Martin B. Plenio,Reviews of Modern Physics,M,snowball,L1,1,1,,,,,Review of entanglement area laws; background for tensor network approximability,no,,,
,10.1016/0022-1236(74)90072-x,10.1016/0022-1236(74)90072-x,,https://openalex.org/W2063753890,Commuting self-adjoint partial differential operators and a group theoretic problem,1974,Bent Fuglede,Journal of Functional Analysis,G,harvest,L1,1,1,,,,,same broad field only,no,,,
,10.1007/978-3-319-43425-4_18,10.1007/978-3-319-43425-4_18,,https://openalex.org/W2493386306,Compact Representation of Solution Vectors in Kronecker-Based Markovian Analysis,2016,Peter Buchholz; Tuǧrul Dayar; Jan Kriege; M. Can Orhan,Lecture notes in computer science,A,harvest,L1,1,1,,,,,same broad field only,no,,,
,10.1021/acs.jctc.4c00751,10.1021/acs.jctc.4c00751,,https://openalex.org/W4403134590,Comparison of Matrix Product State and Multiconfiguration Time-Dependent Hartree Methods for Nonadiabatic Dynamics of Exciton Dissociation,2024,Maximilian F. X. Dorfner; Dominik Brey; Irène Burghardt; Frank Ortmann,Journal of Chemical Theory and Computation,A,snowball,L1,1,1,,,,,same broad field only,no,,,
,10.1007/978-3-030-51054-1_1,10.1007/978-3-030-51054-1_1,,https://openalex.org/W3020731832,Competing Inheritance Paths in Dependent Type Theory: A Case Study in Functional Analysis,2020,Reynald Affeldt; Cyril Cohen; Marie Kerjean; Assia Mahboubi; Damien Rouhling; Kazuhiko Sakaguchi,Lecture notes in computer science,H,snowball,L1,1,1,,,,R8,mathlib functional analysis design,no,,,
,10.1103/physrevb.84.235128,10.1103/physrevb.84.235128,,https://openalex.org/W1486204113,Complete classification of one-dimensional gapped quantum phases in interacting spin systems,2011,Xie Chen; Zheng‐Cheng Gu; Xiao-Gang Wen,Physical Review B,M,snowball,L1,1,1,,,,,same broad field only,no,,,
,10.4064/dm427-0-1,10.4064/dm427-0-1,,https://openalex.org/W2094144832,Complex dynamical systems and the geometry of domains in Banach spaces,2004,Mark Elin; Simeon Reich; David Shoikhet,Dissertationes Mathematicae,E,harvest,L1,1,1,,,,,same broad field only,no,,,
,10.1016/j.jmaa.2014.11.044,10.1016/j.jmaa.2014.11.044,,https://openalex.org/W1998428773,Compositions and convex combinations of averaged nonexpansive operators,2014,Patrick L. Combettes; Isao Yamada,Journal of Mathematical Analysis and Applications,D,snowball,L2,1,3,1,FULL_TEXT,"arXiv:1407.5100: Prop 2.4 (two-operator averagedness constant), Prop 2.5-2.6 (m operators), Thm 3.5 and Sec. 4 algorithms",R6,"Averagedness constants for compositions and convex combinations of averaged operators (Ogura-Yamada formula and its m-fold extension) used for fixed-point algorithm design; a composition-constant result for nonlinear operators with no projection-insertion discrepancy, defect parameter or angle extremization.",no,,screening/level2_B2.csv,
,10.48550/arxiv.2410.03572,10.48550/arxiv.2410.03572,,https://openalex.org/W4403884692,Compressing multivariate functions with tree tensor networks,2024,Joseph Tindall; Miles Stoudenmire; Ryan Levy,arXiv (Cornell University),A,harvest,L1,1,1,,,,R9,tensor network method/application; no error theorem,no,,,
,10.1016/j.cpc.2013.12.017,10.1016/j.cpc.2013.12.017,,https://openalex.org/W2063125621,Computation of extreme eigenvalues in higher dimensions using block tensor train format,2014,Sergey Dolgov; Boris N. Khoromskij; Ivan Oseledets; Dmitry Savostyanov,Computer Physics Communications,A,snowball,L1,1,1,,,,,same broad field only,no,,,
,10.48550/arxiv.1406.2816,10.48550/arxiv.1406.2816,,https://openalex.org/W1853276794,Computation of the Response Surface in the Tensor Train data format,2014,Sergey Dolgov; Boris N. Khoromskij; Alexander Litvinenko; Hermann G. Matthies,arXiv (Cornell University),A,harvest,L1,1,1,,,,,same broad field only,no,,,
,10.1103/physrevlett.98.140506,10.1103/physrevlett.98.140506,,https://openalex.org/W1964713133,Computational Complexity of Projected Entangled Pair States,2007,Norbert Schuch; Michael M. Wolf; Frank Verstraete; J. I. Cirac,Physical Review Letters,B,snowball,L1,1,1,,,,R9,tensor network method/application; no error theorem,no,,,
,10.1103/revmodphys.95.035001,10.1103/revmodphys.95.035001,,https://openalex.org/W4384935381,Computational advantage of quantum random sampling,2023,Dominik Hangleiter; Jens Eisert,Reviews of Modern Physics,K,harvest,L1,1,1,,,,,same broad field only,no,,,
,10.1093/imanum/22.3.329,10.1093/imanum/22.3.329,,https://openalex.org/W2091560152,Computing the nearest correlation matrix--a problem from finance,2002,Nicholas J. Higham,IMA Journal of Numerical Analysis,I,snowball,L1,1,1,,,,,projection algorithm application,no,,,
,10.1007/s00440-014-0579-3,10.1007/s00440-014-0579-3,,https://openalex.org/W2043065155,Concentration inequalities for non-Lipschitz functions with bounded derivatives of higher order,2014,Radosław Adamczak; Paweł Wolff,Probability Theory and Related Fields,D,harvest,L1,1,1,,,,,same broad field only,no,,,
,10.1103/physrevlett.104.190405,10.1103/physrevlett.104.190405,,https://openalex.org/W2030299272,Continuous Matrix Product States for Quantum Fields,2010,Frank Verstraete; J. I. Cirac,Physical Review Letters,M,snowball,L1,1,1,,,,,continuous MPS,no,,,
,10.1080/02331934.2025.2544700,10.1080/02331934.2025.2544700,,https://openalex.org/W4413169546,Convergence analyses of Davis–Yin splitting via scaled relative graphs II: convex optimization problems,2025,Soheun Yi; Ernest K. Ryu,Optimization,D,snowball,L1,1,1,,,,,Davis-Yin SRG convergence,no,,,
,10.1007/s10107-024-02182-0,10.1007/s10107-024-02182-0,,https://openalex.org/W4407114761,Convergence of the preconditioned proximal point method and Douglas–Rachford splitting in the absence of monotonicity,2025,Brecht Evens; Pieter Pas; Puya Latafat; Panagiotis Patrinos,Mathematical Programming,D,snowball,L1,1,1,,,,,preconditioned proximal point,no,,,
,10.1007/s10107-015-0964-4,10.1007/s10107-015-0964-4,,https://openalex.org/W1489128386,Convergence rates with inexact non-expansive operators,2015,Jingwei Liang; Jalal Fadili; Gabriel Peyré,Mathematical Programming,D,snowball,L2,1,3,1,FULL_TEXT,"arXiv:1404.4837: Lemma 5-6, Thm 1 (pointwise O(1/sqrt k) with summable errors), Thm 3 (local linear rate under metric subregularity), Thm 5 (non-stationary KM)",R12,"Inexact Krasnoselskii-Mann iteration with additive, summable per-iteration errors yields O(1/sqrt k) residual and local linear rates; error accumulation through nonexpansive maps is a generic shared ingredient, but there is no finite-composition discrepancy bound with a sharp constant or tree structure.",no,,screening/level2_B2.csv,
,conversionofprojectedentangledpairstatesintoacanonicalform,,,https://openalex.org/W3100238386,Conversion of projected entangled pair states into a canonical form,2019,Reza Haghshenas; Matthew J. O’Rourke; Garnet Kin‐Lic Chan,CaltechAUTHORS (California Institute of Technology),B,snowball,L1,1,1,,,,R9,tensor network method/application; no error theorem,no,,,
,10.1007/978-3-319-48311-5,10.1007/978-3-319-48311-5,,https://openalex.org/W205960364,Convex Analysis and Monotone Operator Theory in Hilbert Spaces,2017,Heinz H. Bauschke; Patrick L. Combettes,CMS books in mathematics,D,snowball,L1,1,1,,,,,convex analysis monograph,no,,,
,10.3929/ethz-a-010377352,10.3929/ethz-a-010377352,,https://openalex.org/W2136095758,Convex Optimization with Random Pursuit,2014,Sebastian U. Stich,Repository for Publications and Research Data (ETH Zurich),I,snowball,L1,1,1,,,,,random pursuit optimization,no,,,
,10.1007/s11786-014-0181-1,10.1007/s11786-014-0181-1,,https://openalex.org/W1975906542,Coquelicot: A User-Friendly Library of Real Analysis for Coq,2014,Sylvie Boldo; Catherine Lelay; Guillaume Melquiond,Mathematics in Computer Science,H,snowball,L1,1,1,,,,,Coq real analysis library,no,,,
,correctnessandavailabilitybuildingcomputeralgebraontopofproofassistantsandmakingproofassistantsavailableovertheweb,,,https://openalex.org/W1582074078,Correctness and availability : building computer algebra on top of proof assistants and making proof assistants available over the Web,2009,Cezary Kaliszyk,Radboud Repository (Radboud University),H,harvest,L1,1,1,,,,,same broad field only,no,,,
,10.1103/physrevlett.96.220601,10.1103/physrevlett.96.220601,,https://openalex.org/W2035298342,"Criticality, the Area Law, and the Computational Power of Projected Entangled Pair States",2006,Frank Verstraete; M. M. Wolf; David Pérez-Garcı́a; J. I. Cirac,Physical Review Letters,M,snowball,L1,1,1,,,,,same broad field only,no,,,
,10.1016/j.cma.2024.117385,10.1016/j.cma.2024.117385,,https://openalex.org/W4402874250,Cross interpolation for solving high-dimensional dynamical systems on low-rank Tucker and tensor train manifolds,2024,Behzad Ghahremani; Hessam Babaee,Computer Methods in Applied Mechanics and Engineering,A,snowball,L1,1,1,,,,R9,tensor network method/application; no error theorem,no,,,
,10.48550/arxiv.1908.08833,10.48550/arxiv.1908.08833,,https://openalex.org/W2969907449,DMRG Approach to Optimizing Two-Dimensional Tensor Networks,2019,Katharine Hyatt; E. Miles Stoudenmire,arXiv (Cornell University),B,snowball,L1,1,1,,,,,same broad field only,no,,,
,10.48436/1h3fh-q1142,10.48436/1h3fh-q1142,,https://openalex.org/W4404342927,"Data for ""Two-particle calculations with quantics tensor trains -- solving the parquet equations""",2024,Stefan Rohshap; Marc K. Ritter; Hiroshi Shinaoka; Jan von Delft; Markus Wallerberger; Anna Kauch,arXiv (Cornell University),A,harvest,L1,1,1,,,,,same broad field only,no,,,
,10.1017/s0960129507006354,10.1017/s0960129507006354,,https://openalex.org/W2131217425,Decoherence in quantum walks – a review,2007,VIV KENDON,Mathematical Structures in Computer Science,J,harvest,L1,1,1,,,,,same broad field only,no,,,
,10.1109/lcsys.2026.3666550,10.1109/lcsys.2026.3666550,,https://openalex.org/W7130704954,Decomposition of Scaled Relative Graphs: A Mixed Systems Approach,2026,Sebastiaan van den Eijnden,IEEE Control Systems Letters,D,snowball,L1,1,1,,,,,SRG decomposition,no,,,
,10.1088/1367-2630/15/5/053022,10.1088/1367-2630/15/5/053022,,https://openalex.org/W1972704456,Decoupling with unitary approximate two-designs,2013,Oleg Szehr; Frédéric Dupuis; Marco Tomamichel; Renato Renner,New Journal of Physics,E,harvest,L1,1,1,,,,,same broad field only,no,,,
,10.1007/978-3-319-91908-9_18,10.1007/978-3-319-91908-9_18,,https://openalex.org/W2978995391,Deductive Software Verification: From Pen-and-Paper Proofs to Industrial Tools,2019,Reiner Hähnle; Marieke Huisman,Lecture notes in computer science,H,harvest,L1,1,1,,,,,same broad field only,no,,,
,10.48550/arxiv.1510.00149,10.48550/arxiv.1510.00149,,https://openalex.org/W2119144962,"Deep Compression: Compressing Deep Neural Networks with Pruning, Trained Quantization and Huffman Coding",2015,Song Han; Huizi Mao; William J. Dally,arXiv (Cornell University),N,harvest,L1,1,1,,,,,same broad field only,no,,,
,10.1103/physrevlett.93.227205,10.1103/physrevlett.93.227205,,https://openalex.org/W1973224679,Density Matrix Renormalization Group and Periodic Boundary Conditions: A Quantum Information Perspective,2004,Frank Verstraete; Diego Porras; J. I. Cirac,Physical Review Letters,M,snowball,L1,1,1,,,,,same broad field only,no,,,
,10.1103/prxquantum.4.010317,10.1103/prxquantum.4.010317,,https://openalex.org/W4321082215,Density Matrix Renormalization Group with Tensor Processing Units,2023,Martin Ganahl; Jackson Beall; Markus Hauru; Adam G. M. Lewis; Tomasz Wojno; Jae Hyeon Yoo,PRX Quantum,A,harvest,L1,1,1,,,,,same broad field only,no,,,
,10.1103/prxquantum.4.020304,10.1103/prxquantum.4.020304,,https://openalex.org/W4362737055,Density-Matrix Renormalization Group Algorithm for Simulating Quantum Circuits with a Finite Fidelity,2023,Thomas Ayral; Thibaud Louvet; Yiqing Zhou; Cyprien Lambert; E. Miles Stoudenmire; Xavier Waintal,PRX Quantum,M,harvest,L2,1,3,1,FULL_TEXT,"arXiv:2207.05612 Sec. V-B (fidelity estimate as product of partial fidelities, Eq. (27)) and Fig. 10 validation",R1a;R12,"Circuit DMRG with truncation; total fidelity is estimated heuristically as the product of per-sweep/per-tensor partial fidelities and checked numerically, with no rigorous operator-norm error bound, no sharp constant and no tree-independence claim.",no,,screening/level2_B2.csv,
,10.1002/(sici)1521-3889(199902)8:2<153::aid-andp153>3.0.co;2-n,10.1002/(sici)1521-3889(199902)8:2<153::aid-andp153>3.0.co;2-n,,https://openalex.org/W1975878776,Density-matrix spectra for integrable models,1999,Ingo Peschel; Matthias Kaulke; Örs Legeza,Annalen der Physik,M,snowball,L1,1,1,,,,,density matrix spectra integrable,no,,,
,10.1109/tit.2004.839492,10.1109/tit.2004.839492,,https://openalex.org/W2132702454,Designing structured tight frames via an alternating projection method,2005,Joel A. Tropp; Inderjit S. Dhillon; Robert W. Heath; Thomas Strohmer,IEEE Transactions on Information Theory,I,snowball,L1,1,1,,,,,projection algorithm application,no,,,
,10.1016/j.jfranklin.2022.09.028,10.1016/j.jfranklin.2022.09.028,,https://openalex.org/W4297140838,Developing Kaczmarz method for solving Sylvester matrix equations,2022,Soheila Ghoroghi Shafiei; Masoud Hajarian,Journal of the Franklin Institute,I,snowball,L1,1,1,,,,,Kaczmarz for Sylvester equations,no,,,
,10.21203/rs.3.rs-10784814/v1,10.21203/rs.3.rs-10784814/v1,,https://openalex.org/W7202119666,"Dictionary-KAN: Resolving the Optimization Paradox of Kolmogorov-Arnold Networks via Complex RKHS, Machine-Verified Theory, and Discrete Hierarchical Refinement",2026,Kiarash Mohammadi,Research Square,H,harvest,L1,1,1,,,,R8,Lean formalization of unrelated content,no,,,
,10.1103/physrevx.9.031041,10.1103/physrevx.9.031041,,https://openalex.org/W2923091270,Differentiable Programming Tensor Networks,2019,Haijun Liao; Jin-Guo Liu; Lei Wang; Tao Xiang,Physical Review X,A,harvest,L1,1,1,,,,,Differentiable programming of tensor network contractions; background,no,,,
,10.1007/bf01645753,10.1007/bf01645753,,https://openalex.org/W1999775775,Difficulty with a kinematic concept of unstable particles: the SZ.-Nagy extension and the Matthews-Salam-Zwanziger representation,1971,David N. Williams,Communications in Mathematical Physics,J,snowball,L1,1,1,,,,,Sz.-Nagy dilation unstable particles,no,,,
,10.1016/j.aim.2012.02.016,10.1016/j.aim.2012.02.016,,https://openalex.org/W2076401666,Dilations of Γ-contractions by solving operator equations,2012,Tirthankar Bhattacharyya; Sourav Pal; Subrata Shyam Roy,Advances in Mathematics,L,harvest,L1,1,1,,,,,same broad field only,no,,,
,10.1103/prxquantum.2.020325,10.1103/prxquantum.2.020325,,https://openalex.org/W3120248018,Dimension Reduction in Quantum Key Distribution for Continuous- and Discrete-Variable Protocols,2021,Twesh Upadhyaya; Thomas van Himbeeck; Jie Lin; Norbert Lütkenhaus,PRX Quantum,E,harvest,L1,1,1,,,,,same broad field only,no,,,
,10.1371/journal.pcbi.1003359,10.1371/journal.pcbi.1003359,,https://openalex.org/W2060662954,Direct Solution of the Chemical Master Equation Using Quantized Tensor Trains,2014,Vladimir Kazeev; Mustafa Khammash; Michael Nip; Christoph Schwab,PLoS Computational Biology,A,harvest+snowball,L1,1,1,,,,R9,tensor network method/application; no error theorem,no,,,
,10.1016/j.matcom.2017.10.009,10.1016/j.matcom.2017.10.009,,https://openalex.org/W245423128,Direct tensor-product solution of one-dimensional elliptic equations with parameter-dependent coefficients,2017,Sergey Dolgov; Vladimir Kazeev; Boris N. Khoromskij,Mathematics and Computers in Simulation,A,harvest,L1,1,1,,,,,same broad field only,no,,,
,10.2140/pjm.1961.11.679,10.2140/pjm.1961.11.679,,https://openalex.org/W2065033666,Dissipative operators in a Banach space,1961,G. Lumer; Ralph S. Phillips,Pacific Journal of Mathematics,L,harvest,L1,1,1,,,,,same broad field only,no,,,
,10.1098/rspa.2004.1372,10.1098/rspa.2004.1372,,https://openalex.org/W2011008529,Distillation of secret key and entanglement from quantum states,2004,Igor Devetak; Andreas Winter,Proceedings of the Royal Society A Mathematical Physical and Engineering Sciences,K,snowball,L1,1,1,,,,,same broad field only,no,,,
,10.1109/jstsp.2013.2247023,10.1109/jstsp.2013.2247023,,https://openalex.org/W2092507976,Distributed Random Projection Algorithm for Convex Optimization,2013,Soomin Lee; Angelia Nedić,IEEE Journal of Selected Topics in Signal Processing,I,harvest,L1,1,1,,,,,projection algorithm application,no,,,
,10.1214/18-aos1713,10.1214/18-aos1713,,https://openalex.org/W2982674132,Distributed estimation of principal eigenspaces,2019,Jianqing Fan; Dong Wang; Kaizheng Wang; Ziwei Zhu,The Annals of Statistics,C,harvest,L1,1,1,,,,,same broad field only,no,,,
,10.1109/sc41405.2020.00028,10.1109/sc41405.2020.00028,,https://openalex.org/W3132553051,Distributed-Memory DMRG via Sparse and Dense Parallel Tensor Contractions,2020,Ryan Levy; Edgar Solomonik; Bryan K. Clark,,B,snowball,L1,1,1,,,,,same broad field only,no,,,
,10.5555/3433701.3433732,10.5555/3433701.3433732,,https://openalex.org/W3042120061,Distributed-Memory DMRG via Sparse and Dense Parallel Tensor Contractions,2020,Ryan Levy; Edgar Solomonik; Bryan K. Clark,arXiv (Cornell University),B,snowball,L1,1,1,,,,,same broad field only,no,,,
,10.1007/s10957-019-01517-8,10.1007/s10957-019-01517-8,,https://openalex.org/W2942436572,Douglas–Rachford Splitting for the Sum of a Lipschitz Continuous and a Strongly Monotone Operator,2019,Walaa M. Moursi; Lieven Vandenberghe,Journal of Optimization Theory and Applications,D,snowball,L1,1,1,,,,,Douglas-Rachford variant,no,,,
,10.1007/978-3-030-32353-0_7,10.1007/978-3-030-32353-0_7,,https://openalex.org/W2902764659,Dyadic Harmonic Analysis and Weighted Inequalities: The Sparse Revolution,2019,María Cristina Pereyra,Applied and numerical harmonic analysis,D,harvest,L1,1,1,,,,,same broad field only,no,,,
,10.1103/physreve.82.036702,10.1103/physreve.82.036702,,https://openalex.org/W1979239486,Dynamical simulations of classical stochastic systems using matrix product states,2010,T. H. Johnson; Stephen R. L. Clark; Dieter Jaksch,Physical Review E,M,harvest,L1,1,1,,,,,same broad field only,no,,,
,10.1142/s021974990300036x,10.1142/s021974990300036x,,https://openalex.org/W2110930468,ENTANGLEMENT AND FRUSTRATION IN ORDERED SYSTEMS,2003,Michael M. Wolf; Frank Verstraete; J. I. Cirac,International Journal of Quantum Information,M,snowball,L1,1,1,,,,,same broad field only,no,,,
,10.7900/jot.2017dec22.2179,10.7900/jot.2017dec22.2179,,https://openalex.org/W4293576131,Effective perturbation theory for simple isolated eigenvalues of linear operators,2018,Benoît Kloeckner,Journal of Operator Theory,B,harvest,L1,1,1,,,,,broad numerical/operator analysis,no,,,
,10.1103/physrevx.7.041046,10.1103/physrevx.7.041046,,https://openalex.org/W2736919352,Efficient Basis Formulation for ( 1+1 )-Dimensional SU(2) Lattice Gauge Theory: Spectral Calculations with Matrix Product States,2017,Mari Carmen Bañuls; Krzysztof Cichy; J. I. Cirac; Karl Jansen; Stefan Kühn,Physical Review X,M,harvest,L1,1,1,,,,,same broad field only,no,,,
,10.1103/physrevlett.91.147902,10.1103/physrevlett.91.147902,,https://openalex.org/W2036604884,Efficient Classical Simulation of Slightly Entangled Quantum Computations,2003,Guifré Vidal,Physical Review Letters,A;M,snowball,L2,1,3,1,FULL_TEXT,"Footnote [11] (truncated Schmidt decomposition, fidelity remark)",R9,Vidal's simulation paper treats Schmidt truncation only informally in a footnote; no accumulated-error theorem and no constants.,no,,screening/level2_A.csv,
,10.1214/aos/1176348251,10.1214/aos/1176348251,,https://openalex.org/W2085043224,Efficient Estimation of Linear Functionals of a Probability Measure $P$ with Known Marginal Distributions,1991,Peter J. Bickel; Ya’acov Ritov; Jon A. Wellner,The Annals of Statistics,I,snowball,L1,1,1,,,,,same broad field only,no,,,
,10.1109/tii.2019.2916986,10.1109/tii.2019.2916986,,https://openalex.org/W2946336883,Efficient Implementation of Truncated Reweighting Low-Rank Matrix Approximation,2019,Jianwei Zheng; Mengjie Qin; Xiaolong Zhou; Jiafa Mao; Hongchuan Yu,IEEE Transactions on Industrial Informatics,M,harvest,L1,1,1,,,,,same broad field only,no,,,
,efficientrankreductionofcorrelationmatrices1,,,https://openalex.org/W3125769231,Efficient Rank Reduction of Correlation Matrices 1,2003,Raoul Pietersz; Patrick J. F. Groenen,,I,snowball,L1,1,1,,,,,matrix rank reduction,no,,,
,10.1103/physrevx.7.021050,10.1103/physrevx.7.021050,,https://openalex.org/W2558921197,Efficient Variational Quantum Simulator Incorporating Active Error Minimization,2017,Ying Li; Simon C. Benjamin,Physical Review X,K,harvest,L1,1,1,,,,,same broad field only,no,,,
,10.1109/tcad.2014.2369505,10.1109/tcad.2014.2369505,,https://openalex.org/W2081023708,Enabling High-Dimensional Hierarchical Uncertainty Quantification by ANOVA and Tensor-Train Decomposition,2014,Zheng Zhang; Xiu Yang; Ivan Oseledets; George Em Karniadakis; Luca Daniel,IEEE Transactions on Computer-Aided Design of Integrated Circuits and Systems,A;B,harvest,L1,1,1,,,,R9,tensor network method/application; no error theorem,no,,,
,10.1103/physrevx.8.041015,10.1103/physrevx.8.041015,,https://openalex.org/W2801305581,Encoding Electronic Spectra in Quantum Circuits with Linear T Complexity,2018,Ryan Babbush; Craig Gidney; Dominic W. Berry; Nathan Wiebe; Jarrod R. McClean; Alexandru Paler,Physical Review X,K,harvest,L1,1,1,,,,,same broad field only,no,,,
,10.1103/physreva.70.062113,10.1103/physreva.70.062113,,https://openalex.org/W2020582629,Energy as an entanglement witness for quantum many-body systems,2004,Mark R. Dowling; Andrew C. Doherty; Stephen D. Bartlett,Physical Review A,M,snowball,L1,1,1,,,,,same broad field only,no,,,
,10.1137/06065577,10.1137/06065577,,https://openalex.org/W2044777402,Enhanced Line Search: A Novel Method to Accelerate PARAFAC,2008,Myriam Rajih; Pierre Comon; Richard A. Harshman,SIAM Journal on Matrix Analysis and Applications,A,snowball,L1,1,1,,,,,PARAFAC line search,no,,,
,10.1103/physrevlett.109.267203,10.1103/physrevlett.109.267203,,https://openalex.org/W1684976800,Entanglement Entropy for the Long-Range Ising Chain in a Transverse Field,2012,Thomas Koffel; Maciej Lewenstein; Luca Tagliacozzo,Physical Review Letters,M,snowball,L1,1,1,,,,,same broad field only,no,,,
,10.1103/physrevlett.92.087903,10.1103/physrevlett.92.087903,,https://openalex.org/W2088185277,Entanglement Frustration for Gaussian States on Symmetric Graphs,2004,M. M. Wolf; Frank Verstraete; J. I. Cirac,Physical Review Letters,M,snowball,L1,1,1,,,,,same broad field only,no,,,
,10.1103/physrevx.3.031015,10.1103/physrevx.3.031015,,https://openalex.org/W2002939718,Entanglement Growth in Quench Dynamics with Variable Range Interactions,2013,Johannes Schachenmayer; B. P. Lanyon; C. F. Roos; Andrew J. Daley,Physical Review X,M,snowball,L1,1,1,,,,,same broad field only,no,,,
,10.1103/physrevlett.110.100402,10.1103/physrevlett.110.100402,,https://openalex.org/W2132625070,Entanglement Renormalization for Quantum Fields in Real Space,2013,Jutho Haegeman; Tobias J. Osborne; Henri Verschelde; Frank Verstraete,Physical Review Letters,M,snowball,L1,1,1,,,,,same broad field only,no,,,
,10.1088/1751-8113/42/50/504005,10.1088/1751-8113/42/50/504005,,https://openalex.org/W2150094752,Entanglement entropy and conformal field theory,2009,Pasquale Calabrese; John Cardy,Journal of Physics A Mathematical and Theoretical,M,snowball,L1,1,1,,,,,same broad field only,no,,,
,10.1103/physrevlett.90.227902,10.1103/physrevlett.90.227902,,https://openalex.org/W1990516747,Entanglement in Quantum Critical Phenomena,2003,Guifré Vidal; José I. Latorre; E. Rico; Alexei Kitaev,Physical Review Letters,M,snowball,L1,1,1,,,,,same broad field only,no,,,
,10.1103/physreva.72.052317,10.1103/physreva.72.052317,,https://openalex.org/W1968012014,Entanglement of assistance and multipartite state distillation,2005,John A. Smolin; Frank Verstraete; Andreas Winter,Physical Review A,K,snowball,L1,1,1,,,,,same broad field only,no,,,
,10.1103/physrevb.98.235156,10.1103/physrevb.98.235156,,https://openalex.org/W2811167111,"Entanglement of exact excited states of Affleck-Kennedy-Lieb-Tasaki models: Exact results, many-body scars, and violation of the strong eigenstate thermalization hypothesis",2018,Sanjay Moudgalya; Nicolas Regnault; B. Andrei Bernevig,Physical review. B./Physical review. B,M,snowball,L1,1,1,,,,,same broad field only,no,,,
,10.1103/physrevb.83.245134,10.1103/physrevb.83.245134,,https://openalex.org/W2062476673,Entanglement spectrum and boundary theories with projected entangled-pair states,2011,J. I. Cirac; Didier Poilblanc; Norbert Schuch; Frank Verstraete,Physical Review B,M,snowball,L1,1,1,,,,,same broad field only,no,,,
,10.1109/tit.2008.924726,10.1109/tit.2008.924726,,https://openalex.org/W2131579706,Entanglement-Assisted Capacity of Quantum Multiple-Access Channels,2008,Min-Hsiu Hsieh; Igor Devetak; Andreas Winter,IEEE Transactions on Information Theory,K,snowball,L1,1,1,,,,,same broad field only,no,,,
,10.1109/tit.2010.2053903,10.1109/tit.2010.2053903,,https://openalex.org/W2127688694,Entanglement-Assisted Communication of Classical and Quantum Information,2010,Min-Hsiu Hsieh; Mark M. Wilde,IEEE Transactions on Information Theory,K,snowball,L1,1,1,,,,,quantum information context; no projection-error bound,no,,,
,10.1007/s00220-020-03839-5,10.1007/s00220-020-03839-5,,https://openalex.org/W3037329448,Entropy Accumulation,2020,Frédéric Dupuis; Omar Fawzi; Renato Renner,Communications in Mathematical Physics,E,snowball,L1,1,1,,,,,same broad field only,no,,,
,10.1109/tit.2019.2929564,10.1109/tit.2019.2929564,,https://openalex.org/W2805558247,Entropy Accumulation With Improved Second-Order Term,2019,Frederic Dupuis; Omar Fawzi,IEEE Transactions on Information Theory,E,snowball,L1,1,1,,,,,same broad field only,no,,,
,10.1103/physrevlett.100.030504,10.1103/physrevlett.100.030504,,https://openalex.org/W2054381333,Entropy Scaling and Simulability by Matrix Product States,2008,Norbert Schuch; Michael M. Wolf; Frank Verstraete; J. I. Cirac,Physical Review Letters,M,snowball,L2,1,3,1,FULL_TEXT,arXiv:0705.0292 eqs. (3)-(4) (upper bound quoted from Verstraete-Cirac; lower bound eps_k),R9,Uses the Verstraete-Cirac MPS truncation bound plus a simple lower bound to relate Renyi entropies and simulability; no new accumulation theorem.,no,,screening/level2_A.csv,
,10.1103/physrevresearch.3.023096,10.1103/physrevresearch.3.023096,,https://openalex.org/W2888431709,Entropy of a quantum channel,2021,Gilad Gour; Mark M. Wilde,Physical Review Research,E,harvest,L1,1,1,,,,,same broad field only,no,,,
,10.1103/physrevd.26.1862,10.1103/physrevd.26.1862,,https://openalex.org/W2089610453,Environment-induced superselection rules,1982,Wojciech H. Zurek,"Physical review. D. Particles, fields, gravitation, and cosmology/Physical review. D. Particles and fields",J,snowball,L1,1,1,,,,,same broad field only,no,,,
,10.48550/arxiv.1403.2048,10.48550/arxiv.1403.2048,,https://openalex.org/W1825959699,Era of Big Data Processing: A New Approach via Tensor Networks and Tensor Decompositions,2014,Andrzej Cichocki,arXiv (Cornell University),A,snowball,L1,1,1,,,,R9,general tensor decomposition/network,no,,,
,10.1016/j.jat.2021.105648,10.1016/j.jat.2021.105648,2007.10664,,Error bounds for the method of simultaneous projections with infinitely many subspaces,2021,"Reich, Simeon; Zalas, RafaÅ",Journal of Approximation Theory,C,harvest,L2,1,3,1,FULL_TEXT,Theorems 1.5-1.6 (recalled optimal bounds); Theorem 3.3 (exact norm ||T^k-P_M|| via product-space Friedrichs cosine); Sec. 4 estimates; Theorem 5.2 dichotomy (read via arXiv:2007.10664v3),none (adjacent to R1b),"Exact norm value for powers of the simultaneous projection operator over countably many subspaces via a product-space Friedrichs cosine; a sharp convergence-rate identity for iterating a fixed self-adjoint averaged projection, unrelated to per-step projection insertion with a defect, so no Theorem R claim is implied.",no,,screening/level2_B1.csv,
,10.48550/arxiv.2007.09827,10.48550/arxiv.2007.09827,,https://openalex.org/W4287712603,Estimation for High-Dimensional Multi-Layer Generalized Linear Model -- Part II: The ML-GAMP Estimator,2020,Qiuyun Zou; Haochuan Zhang; Hongwen Yang,arXiv (Cornell University),N,harvest,L1,1,1,,,,,multi-layer estimation,no,,,
,10.1214/10-aos860,10.1214/10-aos860,,https://openalex.org/W2084745075,Estimation of high-dimensional low-rank matrices,2011,Angelika Rohde; Alexandre B. Tsybakov,The Annals of Statistics,G,harvest,L1,1,1,,,,,same broad field only,no,,,
,10.3389/fams.2022.838601,10.3389/fams.2022.838601,,https://openalex.org/W4286268954,ExaTN: Scalable GPU-Accelerated High-Performance Processing of General Tensor Networks at Exascale,2022,Dmitry I. Lyakh; Thien Nguyen; Daniel Claudino; Eugene Dumitrescu; Alexander McCaskey,Frontiers in Applied Mathematics and Statistics,A,harvest,L1,1,1,,,,R9,tensor network method/application; no error theorem,no,,,
,10.1109/tsp.2016.2639466,10.1109/tsp.2016.2639466,,https://openalex.org/W2963328634,Exact Tensor Completion Using t-SVD,2016,Zemin Zhang; Shuchin Aeron,IEEE Transactions on Signal Processing,A,snowball,L1,1,1,,,,,same broad field only,no,,,
,10.1103/physrevlett.118.260603,10.1103/physrevlett.118.260603,,https://openalex.org/W2595058657,Extracting Work from Quantum Measurement in Maxwell’s Demon Engines,2017,Cyril Elouard; David A. Herrera-Martí; Benjamin Huard; Alexia Auffèves,Physical Review Letters,J,harvest,L1,1,1,,,,,same broad field only,no,,,
,10.1007/s00220-011-1302-1,10.1007/s00220-011-1302-1,,https://openalex.org/W1968165454,Faithful Squashed Entanglement,2011,Fernando G. S. L. Brandão; Matthias Christandl; Jon Yard,Communications in Mathematical Physics,K,snowball,L1,1,1,,,,,same broad field only,no,,,
,10.48550/arxiv.2003.10324,10.48550/arxiv.2003.10324,,https://openalex.org/W3012647091,Fast Alternating Projections on Manifolds Based on Tangent Spaces,2020,Guang‐Jing Song; Michael K. Ng,arXiv (Cornell University),I,harvest,L1,1,1,,,,,projection algorithm application,no,,,
,10.1137/s1064827599361771,10.1137/s1064827599361771,,https://openalex.org/W2158127704,Fast Solution of the Radial Basis Function Interpolation Equations: Domain Decomposition Methods,2001,R. K. Beatson; Will Light; Stephen Billings,SIAM Journal on Scientific Computing,I,snowball,L1,1,1,,,,,broad numerical/operator analysis,no,,,
,10.1109/nds.2011.6076873,10.1109/nds.2011.6076873,,https://openalex.org/W2028573274,Fast adaptive interpolation of multi-dimensional arrays in tensor train format,2011,Dmitry Savostyanov; Ivan Oseledets,,A,snowball,L1,1,1,,,,,same broad field only,no,,,
,10.48550/arxiv.1402.5649,10.48550/arxiv.1402.5649,,https://openalex.org/W2953257350,Fast multidimensional convolution in low-rank formats via cross approximation,2014,Maxim Rakhuba; Ivan Oseledets,arXiv (Cornell University),A,harvest,L1,1,1,,,,R9,tensor network method/application; no error theorem,no,,,
,10.1287/moor.2016.0827,10.1287/moor.2016.0827,,https://openalex.org/W1825307613,Faster Convergence Rates of Relaxed Peaceman-Rachford and ADMM Under Regularity Assumptions,2017,Damek Davis; Wotao Yin,Mathematics of Operations Research,D;I,snowball,L1,1,1,,,,,broad numerical/operator analysis,no,,,
,10.48550/arxiv.1908.02721,10.48550/arxiv.1908.02721,,https://openalex.org/W2965087529,Faster Tensor Train Decomposition for Sparse Data,2019,Lingjie Li; Wenjian Yu; Kim Batselier,arXiv (Cornell University),A,harvest,L1,1,1,,,,,same broad field only,no,,,
,10.48550/arxiv.1407.5210,10.48550/arxiv.1407.5210,,https://openalex.org/W2951264764,Faster convergence rates of relaxed Peaceman-Rachford and ADMM under regularity assumptions,2014,Damek Davis; Wotao Yin,arXiv (Cornell University),I,harvest+snowball,L1,1,1,,,,,broad numerical/operator analysis,no,,,
,10.1016/j.cam.2021.113972,10.1016/j.cam.2021.113972,1908.02721,https://openalex.org/W4206022883,Faster tensor train decomposition for sparse data,2021,Lingjie Li; Wenjian Yu; Kim Batselier,Journal of Computational and Applied Mathematics,A,harvest,L1,1,1,,,,,same broad field only,no,,,
,10.1137/s0097539799359385,10.1137/s0097539799359385,,https://openalex.org/W2128164182,Fault-Tolerant Quantum Computation with Constant Error Rate,2008,Dorit Aharonov; Michael Ben-Or,SIAM Journal on Computing,K,snowball,L1,1,1,,,,,fault tolerance threshold,no,,,
,10.1103/physrevlett.118.017201,10.1103/physrevlett.118.017201,,https://openalex.org/W2115068116,Finding Matrix Product State Representations of Highly Excited Eigenstates of Many-Body Localized Hamiltonians,2017,Xiongjie Yu; David Pekker; Bryan K. Clark,Physical Review Letters,B,snowball,L1,1,1,,,,,same broad field only,no,,,
,arxiv:2606.19761,,2606.19761,,Finishing Oltean's Completeness Proof in Lean 4 for Hybrid Logic $L(\forall)$,2026,Lars Warren Ericson,,H,harvest,L1,1,1,,,,,"Lean/formalization, unrelated result",no,,,
,10.1090/s0273-0979-10-01278-4,10.1090/s0273-0979-10-01278-4,,https://openalex.org/W2131341034,Finite element exterior calculus: from Hodge theory to numerical stability,2010,Douglas Arnold; Richard Falk; Ragnar Winther,Bulletin of the American Mathematical Society,L,harvest,L1,1,1,,,,,broad numerical/operator analysis,no,,,
,10.1109/proc.1983.12598,10.1109/proc.1983.12598,,https://openalex.org/W2157425580,Finite series-expansion reconstruction methods,1983,Yair Censor,Proceedings of the IEEE,I,snowball,L1,1,1,,,,,series-expansion reconstruction,no,,,
,10.1090/conm/513/10075,10.1090/conm/513/10075,,https://openalex.org/W1623295174,Firmly nonexpansive and Kirszbraun-Valentine extensions: a constructive approach via monotone operator theory,2010,Heinz H. Bauschke; Xianfu Wang,Contemporary mathematics - American Mathematical Society,D,snowball,L1,1,1,,,,,firmly nonexpansive extensions,no,,,
,10.1137/1.9781611974997,10.1137/1.9781611974997,,https://openalex.org/W2763081248,First-Order Methods in Optimization,2017,Amir Beck,Society for Industrial and Applied Mathematics eBooks,D,snowball,L1,1,1,,,,,first-order optimization text,no,,,
,10.1007/978-3-642-14052-5_12,10.1007/978-3-642-14052-5_12,,https://openalex.org/W1912797367,Formal Proof of a Wave Equation Resolution Scheme: The Method Error,2010,Sylvie Boldo; François Clément; Jean-Christophe Filliâtre; Micaela Mayero; Guillaume Melquiond; Pierre Weis,Lecture notes in computer science,H,harvest,L1,1,1,,,,,same broad field only,no,,,
,10.1145/3624483,10.1145/3624483,,https://openalex.org/W3202827246,"Formal Verification of Quantum Programs: Theory, Tools, and Challenges",2023,Marco Lewis; Sadegh Soudjani; Paolo Zuliani,ACM Transactions on Quantum Computing,H,harvest,L1,1,1,,,,,same broad field only,no,,,
,10.4230/lipics.itp.2022.9,10.4230/lipics.itp.2022.9,,https://openalex.org/W3118272630,Formalising Szemerédi’s Regularity Lemma in Lean,2021,"Gusakov, Alena; Bhavik Mehta; Kyle A. Miller",arXiv (Cornell University),H,harvest+snowball,L1,1,1,,,,R8,Lean formalization of unrelated content,no,,,
,10.1145/3372885.3373830,10.1145/3372885.3373830,,https://openalex.org/W2981815722,Formalising perfectoid spaces,2020,Kevin Buzzard; Johan Commelin; Patrick Massot,,H,snowball,L1,1,1,,,,R8,Lean perfectoid spaces,no,,,
,10.6092/issn.1972-5787/8124,10.6092/issn.1972-5787/8124,,https://openalex.org/W2804372380,Formalization Techniques for Asymptotic Reasoning in Classical Analysis,2018,Reynald Affeldt; Cyril Cohen; Damien Rouhling,HAL (Le Centre pour la Communication Scientifique Directe),H,snowball,L1,1,1,,,,,formal asymptotic analysis,no,,,
,10.1007/978-3-319-14125-1_1,10.1007/978-3-319-14125-1_1,,https://openalex.org/W613166357,Formalization and Execution of Linear Algebra: From Theorems to Algorithms,2014,Jesús Aransay; Jose Divasón,Lecture notes in computer science,H,snowball,L1,1,1,,,,,formal linear algebra,no,,,
,10.2139/ssrn.6439344,10.2139/ssrn.6439344,,https://openalex.org/W7151795719,"Formalization of QFT II: The Osterwalder-Schrader Reconstruction Theorem, Free Fermions, and P (ϕ) 2 in Lean 4 A formalization blueprint and prospectus",2026,Miquel Noguer i Alonso,SSRN Electronic Journal,H,harvest,L1,1,1,,,,,same broad field only,no,,,
,10.1007/s00006-021-01164-1,10.1007/s00006-021-01164-1,,https://openalex.org/W3201709688,Formalizing Geometric Algebra in Lean,2022,Eric Wieser; Utensil Song,Advances in Applied Clifford Algebras,H,snowball,L1,1,1,,,,,"Lean/formalization, unrelated result",no,,,
,10.1039/d3dd00077j,10.1039/d3dd00077j,,https://openalex.org/W4388722935,Formalizing chemical physics using the Lean theorem prover,2023,Maxwell P. Bobbin; Samiha Sharlin; Parivash Feyzishendi; An Hong Dang; Catherine M. Wraback; Tyler R. Josephson,Digital Discovery,H,harvest,L1,1,1,,,,,same broad field only,no,,,
,10.4230/lipics.itp.2019.15,10.4230/lipics.itp.2019.15,,https://openalex.org/W2978244766,Formalizing the solution to the cap set problem,2019,Sander R. Dahmen; Johannes Hölzl; Robert Y. Lewis,DROPS (Schloss Dagstuhl – Leibniz Center for Informatics),H,snowball,L1,1,1,,,,R8,Lean cap set formalization,no,,,
,10.1145/3636501.3636945,10.1145/3636501.3636945,,https://openalex.org/W4390779675,Formalizing the ∞-Categorical Yoneda Lemma,2024,Nikolai Kudasov; Emily Riehl; Jonathan Weinberger,,H,harvest+snowball,L1,1,1,,,,,same broad field only,no,,,
,10.1137/17m1120099,10.1137/17m1120099,,https://openalex.org/W2795507584,Forward-Backward-Half Forward Algorithm for Solving Monotone Inclusions,2018,Luis M. Briceño-Arias; Damek Davis,SIAM Journal on Optimization,D,snowball,L1,1,1,,,,,monotone inclusion algorithm,no,,,
,10.3390/a12020034,10.3390/a12020034,,https://openalex.org/W2754868542,From the Quantum Approximate Optimization Algorithm to a Quantum Alternating Operator Ansatz,2019,Stuart Hadfield; Zhihui Wang; Bryan O’Gorman; Eleanor Rieffel; Davide Venturelli; Rupak Biswas,Algorithms,K,harvest,L1,1,1,,,,,same broad field only,no,,,
,10.1103/physrevlett.86.2699,10.1103/physrevlett.86.2699,,https://openalex.org/W2047724184,From the Quantum Zeno to the Inverse Quantum Zeno Effect,2001,Paolo Facchi; Hiromichi Nakazato; Saverio Pascazio,Physical Review Letters,J,snowball,L1,1,1,,,,,same broad field only,no,,,
,10.1016/j.jat.2009.12.007,10.1016/j.jat.2009.12.007,,https://openalex.org/W2072088597,Functions with prescribed best linear approximations,2009,Patrick L. Combettes; Noli N. Reyes,Journal of Approximation Theory,I,snowball,L1,1,1,,,,,best linear approximations,no,,,
,10.1103/physrevlett.110.080501,10.1103/physrevlett.110.080501,,https://openalex.org/W1907064244,Fundamental Bound on the Reliability of Quantum Information Transmission,2013,Naresh Sharma; Naqueeb Ahmad Warsi,Physical Review Letters,K,snowball,L1,1,1,,,,,reliability bound transmission,no,,,
,10.1103/physrevb.98.085155,10.1103/physrevb.98.085155,,https://openalex.org/W2783751034,"Gauge fixing, canonical forms, and optimal truncations in tensor networks with closed loops",2018,Glen Evenbly,Physical review. B./Physical review. B,B,snowball,L2,1,3,1,FULL_TEXT,arXiv:1801.05390 Sect. V (optimal truncation of an internal index),R9,Gauge fixing and single-index optimal truncation in loopy networks (algorithmic); no a priori accumulated error bound or sharp constant.,no,,screening/level2_A.csv,
,10.1103/physrevlett.97.150404,10.1103/physrevlett.97.150404,,https://openalex.org/W2062419763,General Entanglement Scaling Laws from Time Evolution,2006,Jens Eisert; Tobias J. Osborne,Physical Review Letters,M,snowball,L1,1,1,,,,,same broad field only,no,,,
,10.1103/physrevlett.123.190501,10.1103/physrevlett.123.190501,,https://openalex.org/W2946158922,General-Purpose Quantum Circuit Simulator with Projected Entangled-Pair States and the Quantum Supremacy Frontier,2019,Chu Guo; Yong Liu; Min Xiong; Shichuan Xue; Xiang Fu; Anqi Huang,Physical Review Letters,B,snowball,L1,1,1,,,,,same broad field only,no,,,
,10.1186/s13660-023-03047-4,10.1186/s13660-023-03047-4,,https://openalex.org/W4387903006,Generalized Hyers–Ulam stability of ρ-functional inequalities,2023,Sundas Nawaz; Abdul Bariq; Afshan Batool; Ali Akgül,Journal of Inequalities and Applications,D,harvest,L1,1,1,,,,,same broad field only,no,,,
,10.1116/1.5119961,10.1116/1.5119961,,https://openalex.org/W3006095918,Geometric perspective on quantum parameter estimation,2020,Jasminder S. Sidhu; Pieter Kok,AVS Quantum Science,E,harvest,L1,1,1,,,,,quantum information context; no projection-error bound,no,,,
,10.1109/tac.2023.3234016,10.1109/tac.2023.3234016,,https://openalex.org/W3184506730,Graphical Nonlinear System Analysis,2023,Thomas Chaffey; Fulvio Forni; Rodolphe Sepulchre,IEEE Transactions on Automatic Control,D,snowball,L1,1,1,,,,,graphical nonlinear system analysis,no,,,
,10.14288/1.0367781,10.14288/1.0367781,,https://openalex.org/W2806297429,Greed is good : greedy optimization methods for large-scale structured problems,2018,Julie Nutini,cIRcle (University of British Columbia),I,snowball,L1,1,1,,,,,greedy optimization thesis,no,,,
,10.1088/0266-5611/25/11/115017,10.1088/0266-5611/25/11/115017,,https://openalex.org/W2077788007,Greedy solution of ill-posed problems: error bounds and exact inversion,2009,Laurent Denis; Dirk A. Lorenz; Dennis Trede,Inverse Problems,A,snowball,L1,1,1,,,,,broad numerical/operator analysis,no,,,
,10.1007/978-3-032-07021-0_4,10.1007/978-3-032-07021-0_4,,https://openalex.org/W4414892953,Growing Mathlib: maintenance of a large scale mathematical library,2025,Anne Baanen; Matthew R. Ballard; Johan Commelin; Bryan Gin–ge Chen; Michael Rothgang; Damiano Testa,Lecture notes in computer science,H,snowball,L1,1,1,,,,R8,growing mathlib,no,,,
,10.1007/978-3-642-03359-9_4,10.1007/978-3-642-03359-9_4,,https://openalex.org/W1600435877,HOL Light: An Overview,2009,John Harrison,Lecture notes in computer science,H,snowball,L1,1,1,,,,,HOL Light,no,,,
,10.1007/s10444-020-09797-9,10.1007/s10444-020-09797-9,,https://openalex.org/W2805166458,HT-AWGM: a hierarchical Tucker–adaptive wavelet Galerkin method for high-dimensional elliptic problems,2020,Mazen Ali; Karsten Urban,Advances in Computational Mathematics,A,harvest,L1,1,1,,,,R9,tensor network method/application; no error theorem,no,,,
,10.1088/1751-8121/aa6dc3,10.1088/1751-8121/aa6dc3,,https://openalex.org/W2293506269,Hand-waving and interpretive dance: an introductory course on tensor networks,2017,Jacob C. Bridgeman; Christopher T. Chubb,Journal of Physics A Mathematical and Theoretical,M,snowball,L1,1,1,,,,R9,general tensor decomposition/network,no,,,
,highthresholdfaulttolerantquantumcomputationwithanalogquantumerrorcorrection,,,https://openalex.org/W3099751259,High-Threshold Fault-Tolerant Quantum Computation with Analog Quantum Error Correction,2018,Kosuke Fukui; Akihisa Tomita; Atsushi Okamoto; Keisuke Fujii,Institutional Repositories DataBase (IRDB),K,harvest,L1,1,1,,,,,same broad field only,no,,,
,10.1103/physrevx.8.021054,10.1103/physrevx.8.021054,,https://openalex.org/W2771949961,High-Threshold Fault-Tolerant Quantum Computation with Analog Quantum Error Correction,2018,Kosuke Fukui; Akihisa Tomita; Atsushi Okamoto; Keisuke Fujii,Physical Review X,K,harvest,L1,1,1,,,,,same broad field only,no,,,
,10.1007/978-0-8176-4596-0,10.1007/978-0-8176-4596-0,,https://openalex.org/W603281995,History of Banach Spaces and Linear Operators,2007,Albrecht Pietsch,Birkhäuser Boston eBooks,G,harvest,L1,1,1,,,,,same broad field only,no,,,
,10.48550/arxiv.2512.11967,10.48550/arxiv.2512.11967,,https://openalex.org/W4417447044,Holographic Representation of One-Dimensional Many-Body Quantum States via Isometric Tensor Networks,2025,Kaito Kobayashi; Benjamin Sappler; Frank Pollmann,arXiv (Cornell University),A,harvest,L1,1,1,,,,,Holographic isometric tensor network states for many-body physics; broad field background,no,,,
,10.1090/s0025-5718-2010-02378-6,10.1090/s0025-5718-2010-02378-6,,https://openalex.org/W2039934364,How to integrate a polynomial over a simplex,2010,Velleda Baldoni; Nicole Berline; Jesus De Loera; Matthias Köppe; Michèle Vergne,Mathematics of Computation,F,harvest,L1,1,1,,,,,same broad field only,no,,,
,10.22331/q-2021-03-15-410,10.22331/q-2021-03-15-410,,https://openalex.org/W3005044149,Hyper-optimized tensor network contraction,2021,Johnnie Gray; Stefanos Kourtis,Quantum,F,harvest,L1,1,1,,,,R9,general tensor decomposition/network,no,,,
,implementingmathematicswiththenuprlproofdevelopmentsystem,,,https://openalex.org/W2128057448,Implementing Mathematics with The Nuprl Proof Development System,1986,Robert L. Constable; Stuart F. Allen; H. M. Bromley; W. R. Cleaveland; James F. Cremer; Robert Harper,,H,snowball,L1,1,1,,,,,Nuprl,no,,,
,10.1007/s10013-018-0279-x,10.1007/s10013-018-0279-x,,https://openalex.org/W2793942190,Implicit Error Bounds for Picard Iterations on Hilbert Spaces,2018,D. Lüke; Nguyen Hieu Thao; Matthew K. Tam,Vietnam Journal of Mathematics,I,harvest,L1,1,1,,,,,broad numerical/operator analysis,no,,,
,10.1007/978-1-4939-1037-3,10.1007/978-1-4939-1037-3,,https://openalex.org/W2496276084,Implicit Functions and Solution Mappings,2014,Asen L. Dontchev; R. T. Rockafellar,Springer series in operations research/Springer series in operations research and financial engineering,D,snowball,L1,1,1,,,,,implicit function theory,no,,,
,10.48550/arxiv.2201.11729,10.48550/arxiv.2201.11729,,https://openalex.org/W4221151444,Implicit Regularization in Hierarchical Tensor Factorization and Deep Convolutional Neural Networks,2022,Noam Razin; Asaf Maman; Nadav Cohen,arXiv (Cornell University),F,harvest,L1,1,1,,,,R9,general tensor decomposition/network,no,,,
,10.3150/07-bej5151,10.3150/07-bej5151,,https://openalex.org/W2053875467,Inequalities for dominated martingales,2007,Adam Osękowski,Bernoulli,D,harvest,L1,1,1,,,,,same broad field only,no,,,
,inequalitiesinrearrangementinvariantfunctionspaces,,,https://openalex.org/W1891635342,Inequalities in rearrangement invariant function spaces,1994,Giorgio Talenti,Czech digital mathematics library,G,harvest,L1,1,1,,,,,same broad field only,no,,,
,10.1103/physrevb.78.155117,10.1103/physrevb.78.155117,,https://openalex.org/W1550261137,Infinite time-evolving block decimation algorithm beyond unitary evolution,2008,Román Orús; Guifré Vidal,Physical Review B,B,snowball,L1,1,1,,,,R9,tensor network method/application; no error theorem,no,,,
,10.1016/j.aim.2022.108567,10.1016/j.aim.2022.108567,2107.04471,,"Integrability of orthogonal projections, and applications to Furstenberg sets",2022,"Dąbrowski, Damian; Orponen, Tuomas; Villa, Michele",Advances in Mathematics,C,harvest,L1,1,1,,,,,Integrability of orthogonal projections of measures and Furstenberg sets; different sense of projection,no,,,
,10.1007/978-3-662-07964-5,10.1007/978-3-662-07964-5,,https://openalex.org/W1553511155,Interactive Theorem Proving and Program Development,2004,Yves Bertot; Pierre Castéran,Texts in theoretical computer science,H,snowball,L1,1,1,,,,,Coq book,no,,,
,interactivetheoremprovingandprogramdevelopmentcoqartthecalculusofinductiveconstructions,,,https://openalex.org/W1508641834,Interactive theorem proving and program development. Coq'Art: The Calculus of inductive constructions.,2004,Pierre Castéran; Yves Bertot,HAL (Le Centre pour la Communication Scientifique Directe),H,snowball,L1,1,1,,,,,Coq book,no,,,
,10.1016/0024-3795(95)00199-2,10.1016/0024-3795(95)00199-2,,https://openalex.org/W2060493211,Interlacing eigenvalues and graphs,1995,Willem H. Haemers,Linear Algebra and its Applications,D,harvest,L1,1,1,,,,,same broad field only,no,,,
,10.48550/arxiv.2111.08894,10.48550/arxiv.2111.08894,,https://openalex.org/W4226374459,Introduction to Quantum Error Correction and Fault Tolerance,2021,S. M. Girvin,arXiv (Cornell University),J,harvest,L1,1,1,,,,,same broad field only,no,,,
,introductiontovectorsandtensorsvol1linearandmultilinearalgebra,,,https://openalex.org/W3226127,"Introduction to vectors and tensors, Vol 1: linear and multilinear algebra",1976,Ray M. Bowen; C. C. Wang,OakTrust (Texas A&M University Libraries),D,harvest,L1,1,1,,,,R9,general tensor decomposition/network,no,,,
,isentanglementmonogamous,,,https://openalex.org/W3101747677,Is Entanglement Monogamous?,2003,"Terhal, B M",CERN Document Server (European Organization for Nuclear Research),M,snowball,L1,1,1,,,,,same broad field only,no,,,
,10.1147/rd.481.0071,10.1147/rd.481.0071,,https://openalex.org/W2002971740,Is entanglement monogamous?,2004,B. M. Terhal,IBM Journal of Research and Development,M,snowball,L1,1,1,,,,,same broad field only,no,,,
,10.1007/3-540-45949-9,10.1007/3-540-45949-9,,https://openalex.org/W2106192381,Isabelle/HOL: A Proof Assistant for Higher-Order Logic,2002,Tobias Nipkow; Markus Wenzel; Lawrence C. Paulson,"Digital Access to Libraries (Université catholique de Louvain (UCL), l'Université de Namur (UNamur) and the Université Saint-Louis (USL-B))",H,snowball,L1,1,1,,,,,Isabelle/HOL,no,,,
,10.1155/s108533750321201x,10.1155/s108533750321201x,,https://openalex.org/W1987275617,Iterative algorithms with seminorm‐induced oblique projections,2003,Yair Censor; Tommy Elfving,Abstract and Applied Analysis,I,harvest,L1,1,1,,,,,projection algorithm application,no,,,
,10.1016/j.automatica.2014.01.001,10.1016/j.automatica.2014.01.001,,https://openalex.org/W2092766760,"Kernel methods in system identification, machine learning and function estimation: A survey",2014,Gianluigi Pillonetto; Francesco Dinuzzo; Tianshi Chen; Giuseppe De Nicolao; Lennart Ljung,Automatica,M,harvest,L1,1,1,,,,,same broad field only,no,,,
,10.1371/journal.pone.0150171,10.1371/journal.pone.0150171,,https://openalex.org/W2172945660,Koopman Invariant Subspaces and Finite Linear Representations of Nonlinear Dynamical Systems for Control,2016,Steven L. Brunton; Bingni W. Brunton; Joshua L. Proctor; J. Nathan Kutz,PLoS ONE,G,harvest,L1,1,1,,,,,same broad field only,no,,,
,10.1007/978-3-319-97478-1_1,10.1007/978-3-319-97478-1_1,,https://openalex.org/W2899538968,Large-Scale and Distributed Optimization: An Introduction,2018,Pontus Giselsson; Anders Rantzer,Lecture notes in mathematics,D,snowball,L1,1,1,,,,,distributed optimization intro,no,,,
,10.48550/arxiv.2406.03847,10.48550/arxiv.2406.03847,,https://openalex.org/W4399454849,Lean Workbook: A large-scale Lean problem set formalized from natural language math problems,2024,"Huaiyuan Ying; Zijian Wu; Yihan Geng; Yuan, Zheng; Dahua Lin; Kai Chen",arXiv (Cornell University),H,harvest,L1,1,1,,,,,same broad field only,no,,,
,10.1016/j.scico.2020.102471,10.1016/j.scico.2020.102471,,https://openalex.org/W3019790655,Lean formalization of bounded grids and computable cellular automata defined thereover,2020,František Silváši; Martin Tomášek,Science of Computer Programming,H,harvest,L1,1,1,,,,,same broad field only,no,,,
,leanquantumtowardaiassistedformalizationofquantuminformation,,,https://openalex.org/W7167855737,Lean-Quantum: Toward AI-Assisted Formalization of Quantum Information,2026,Kazumi Kasaura; Kei Tsukamoto; Kento Mori; Risa Mizuno; Takahiro Namatame; Yuta Oriike,arXiv (Cornell University),H,harvest,L1,1,1,,,,,"Lean/formalization, unrelated result",no,,,
,10.48550/arxiv.2607.05492,10.48550/arxiv.2607.05492,,https://openalex.org/W7167723688,Lean-Quantum: Toward AI-Assisted Formalization of Quantum Information,2026,Kazumi Kasaura; Kei Tsukamoto; Kento Mori; Risa Mizuno; Takahiro Namatame; Yuta Oriike,arXiv (Cornell University),H,harvest,L1,1,1,,,,,"Lean/formalization, unrelated result",no,,,
,10.1103/physrevx.12.041018,10.1103/physrevx.12.041018,,https://openalex.org/W4292222267,Learning Feynman Diagrams with Tensor Trains,2022,Y. Núñez-Fernández; Matthieu Jeannin; Philipp T. Dumitrescu; Thomas Kloss; Jason Kaye; Olivier Parcollet,Physical Review X,A,harvest,L1,1,1,,,,,same broad field only,no,,,
,10.48550/arxiv.2207.06135,10.48550/arxiv.2207.06135,,https://openalex.org/W4285483583,Learning Feynman Diagrams with Tensor Trains,2022,Y. Núñez-Fernández; Matthieu Jeannin; Philipp T. Dumitrescu; Thomas Kloss; Jason P. Kaye; Olivier Parcollet,arXiv (Cornell University),A,harvest,L1,1,1,,,,,same broad field only,no,,,
,10.1109/isit.2010.5513652,10.1109/isit.2010.5513652,,https://openalex.org/W2145821789,Leftover Hashing against quantum side information,2010,Marco Tomamichel; Renato Renner; Christian Schaffner; Adam Smith,,E,harvest,L1,1,1,,,,,same broad field only,no,,,
,10.1103/physrevlett.97.050401,10.1103/physrevlett.97.050401,,https://openalex.org/W1977658351,Lieb-Robinson Bounds and the Generation of Correlations and Topological Quantum Order,2006,Sergey Bravyi; M. B. Hastings; Frank Verstraete,Physical Review Letters,M,snowball,L1,1,1,,,,,same broad field only,no,,,
,10.1007/978-3-319-46128-1_50,10.1007/978-3-319-46128-1_50,,https://openalex.org/W2963248893,Linear Convergence of Gradient and Proximal-Gradient Methods Under the Polyak-Łojasiewicz Condition,2016,Hamed Karimi; Julie Nutini; Mark Schmidt,Lecture notes in computer science,D,snowball,L1,1,1,,,,,PL condition linear convergence,no,,,
,10.1137/21m1450537,10.1137/21m1450537,,https://openalex.org/W3203818101,Linear Convergence of Randomized Kaczmarz Method for Solving Complex-Valued Phaseless Equations,2022,Meng Huang; Yang Wang,SIAM Journal on Imaging Sciences,I,snowball,L1,1,1,,,,,phaseless Kaczmarz convergence,no,,,
,10.1088/1367-2630/12/12/123004,10.1088/1367-2630/12/12/123004,,https://openalex.org/W2046063033,Linking a distance measure of entanglement to its convex roof,2010,Alexander Streltsov; Hermann Kampermann; Dagmar Bruß,New Journal of Physics,E,harvest,L1,1,1,,,,R6,fidelity/purified-distance context,no,,,
,10.1103/physrevlett.93.140402,10.1103/physrevlett.93.140402,,https://openalex.org/W2021447576,Locality in Quantum and Markov Dynamics on Lattices and Networks,2004,M. B. Hastings,Physical Review Letters,M,snowball,L1,1,1,,,,,Lieb-Robinson locality,no,,,
,10.1137/19m1307329,10.1137/19m1307329,,https://openalex.org/W3119498129,Low Rank Pure Quaternion Approximation for Pure Quaternion Matrices,2021,Guang‐Jing Song; Weiyang Ding; Michael K. Ng,SIAM Journal on Matrix Analysis and Applications,I,snowball,L1,1,1,,,,,same broad field only,no,,,
,10.1063/5.0050902,10.1063/5.0050902,,https://openalex.org/W3136072377,Low communication high performance ab initio density matrix renormalization group algorithms,2021,Huanchen Zhai; Garnet Kin‐Lic Chan,The Journal of Chemical Physics,M,harvest,L1,1,1,,,,,same broad field only,no,,,
,10.1109/tsp.2013.2243442,10.1109/tsp.2013.2243442,,https://openalex.org/W2011768471,Low-Complexity DOA Estimation Based on Compressed MUSIC and Its Performance Analysis,2013,Feng‐Gang Yan; Ming Jin; Xiaolin Qiao,IEEE Transactions on Signal Processing,I,snowball,L1,1,1,,,,,same broad field only,no,,,
,10.1103/physrevx.8.011044,10.1103/physrevx.8.011044,,https://openalex.org/W2620582212,Low-Depth Quantum Simulation of Materials,2018,Ryan Babbush; Nathan Wiebe; Jarrod McClean; James McClain; Hartmut Neven; Garnet Kin-Lic Chan,Physical Review X,K,harvest,L1,1,1,,,,,same broad field only,no,,,
,10.1137/130918137,10.1137/130918137,,https://openalex.org/W2068613874,Low-Rank Approximate Inverse for Preconditioning Tensor-Structured Linear Systems,2014,Loïc Giraldi; Anthony Nouy; Grégory Legrain,SIAM Journal on Scientific Computing,A,harvest,L1,1,1,,,,,Greedy low-rank approximate inverse preconditioner in HT format; background,no,,,
,10.1137/100820479,10.1137/100820479,,https://openalex.org/W2042308234,Low-Rank Explicit QTT Representation of the Laplace Operator and Its Inverse,2012,Vladimir Kazeev; Boris N. Khoromskij,SIAM Journal on Matrix Analysis and Applications,A,snowball,L1,1,1,,,,,same broad field only,no,,,
,10.1109/tpami.2023.3341688,10.1109/tpami.2023.3341688,,https://openalex.org/W4389633737,Low-Rank Tensor Function Representation for Multi-Dimensional Data Recovery,2023,Yisi Luo; Xi-Le Zhao; Zhemin Li; Michael K. Ng; Deyu Meng,IEEE Transactions on Pattern Analysis and Machine Intelligence,A,snowball,L1,1,1,,,,,same broad field only,no,,,
,10.1137/100799010,10.1137/100799010,,https://openalex.org/W2088087394,Low-Rank Tensor Krylov Subspace Methods for Parametrized Linear Systems,2011,Daniel Kreßner; Christine Tobler,SIAM Journal on Matrix Analysis and Applications,A,snowball,L1,1,1,,,,,same broad field only,no,,,
,10.1109/tnnls.2020.2967022,10.1109/tnnls.2020.2967022,,https://openalex.org/W3006217815,Low-Rank Tensor Train Coefficient Array Estimation for Tensor-on-Tensor Regression,2020,Yipeng Liu; Jiani Liu; Ce Zhu,IEEE Transactions on Neural Networks and Learning Systems,B,harvest,L1,1,1,,,,,TT-rank tensor-on-tensor regression algorithm; broad field background,no,,,
,10.1137/24m1661996,10.1137/24m1661996,,https://openalex.org/W4412843460,Low-Rank Tree Tensor Network Operators for Long-Range Pairwise Interactions,2025,Gianluca Ceruti; Daniel Kreßner; Dominik Sulz,SIAM Journal on Scientific Computing,A,snowball,L1,1,1,,,,R9,tensor network method/application; no error theorem,no,,,
,10.1137/19m1257718,10.1137/19m1257718,,https://openalex.org/W3102489672,Low-Rank Tucker Approximation of a Tensor from Streaming Data,2020,Yiming Sun; Yang Guo; Charlene Luo; Joel A. Tropp; Madeleine Udell,SIAM Journal on Mathematics of Data Science,A,snowball,L1,1,1,,,,,same broad field only,no,,,
,10.1016/j.jcp.2014.01.029,10.1016/j.jcp.2014.01.029,,https://openalex.org/W2102696587,Low-rank approximation in the numerical modeling of the Farley–Buneman instability in ionospheric plasma,2014,Sergey Dolgov; A. P. Smirnov; Е. Е. Тыртышников,Journal of Computational Physics,A,harvest,L1,1,1,,,,,same broad field only,no,,,
,10.1007/s40314-023-02211-2,10.1007/s40314-023-02211-2,,https://openalex.org/W4319078794,Low-rank nonnegative tensor approximation via alternating projections and sketching,2023,Azamat Sultonov; С. А. Матвеев; Stanislav Budzinskiy,Computational and Applied Mathematics,I,snowball,L1,1,1,,,,,projection algorithm application,no,,,
,10.1007/s10092-021-00439-0,10.1007/s10092-021-00439-0,,https://openalex.org/W3215262522,Low-rank tensor approximation of singularly perturbed boundary value problems in one dimension,2021,Carlo Marcati; Maxim Rakhuba; Johan E. M. Ulander,CALCOLO,A,harvest,L1,1,1,,,,,same broad field only,no,,,
,10.3929/ethz-a-007587832,10.3929/ethz-a-007587832,,https://openalex.org/W2124664178,Low-rank tensor methods for linear systems and eigenvalue problems,2012,Christine Tobler,Repository for Publications and Research Data (ETH Zurich),B,snowball,L1,1,1,,,,,same broad field only,no,,,
,10.1007/s10107-019-01406-y,10.1007/s10107-019-01406-y,,https://openalex.org/W2766533971,Lower bounds for finding stationary points I,2019,Yair Carmon; John C. Duchi; Oliver Hinder; Aaron Sidford,Mathematical Programming,F,harvest,L1,1,1,,,,,same broad field only,no,,,
,10.1007/978-3-030-53518-6_16,10.1007/978-3-030-53518-6_16,,https://openalex.org/W3015399600,Maintaining a Library of Formal Mathematics,2020,Floris van Doorn; Gabriel Ebner; Robert Y. Lewis,Lecture notes in computer science,H,snowball,L1,1,1,,,,R8,mathlib maintenance,no,,,
,10.1109/tit.2007.896874,10.1109/tit.2007.896874,,https://openalex.org/W2141107613,Making Good Codes for Classical-Quantum Channel Coding via Quantum Hypothesis Testing,2007,Tomohiro Ogawa; Hiroshi Nagaoka,IEEE Transactions on Information Theory,K,snowball,L1,1,1,,,,,cq coding via hypothesis testing,no,,,
,10.1088/0034-4885/70/6/r03,10.1088/0034-4885/70/6/r03,,https://openalex.org/W1997323544,Making sense of non-Hermitian Hamiltonians,2007,Carl M Bender,Reports on Progress in Physics,L,harvest,L1,1,1,,,,,same broad field only,no,,,
,10.1103/physreva.45.5193,10.1103/physreva.45.5193,,https://openalex.org/W1963657000,Manipulation of photons in a cavity by dispersive atom-field coupling: Quantum-nondemolition measurements and generation of ‘‘Schrödinger cat’’ states,1992,M. Brune; S. Haroche; J. M. Raimond; L. Davidovich; N. Zagury,Physical Review A,J,harvest,L1,1,1,,,,,same broad field only,no,,,
,10.1016/0024-3795(88)90153-x,10.1016/0024-3795(88)90153-x,,https://openalex.org/W2082117320,Matrices with some extremal properties,1988,Chi-Kwong Li,Linear Algebra and its Applications,D,harvest,L1,1,1,,,,,broad numerical/operator analysis,no,,,
,10.1103/physrevlett.102.240603,10.1103/physrevlett.102.240603,,https://openalex.org/W2087210658,Matrix Product States for Dynamical Simulation of Infinite Chains,2009,Mari Carmen Bañuls; M. B. Hastings; Frank Verstraete; J. I. Cirac,Physical Review Letters,M,snowball,L1,1,1,,,,R9,tensor network method/application; no error theorem,no,,,
,10.1103/revmodphys.93.045003,10.1103/revmodphys.93.045003,,https://openalex.org/W4200400528,"Matrix product states and projected entangled pair states: Concepts, symmetries, theorems",2021,J. I. Cirac; David Pérez-Garcı́a; Norbert Schuch; Frank Verstraete,Reviews of Modern Physics,A;L;M,harvest+snowball,L1,1,1,,,,R9,MPS/PEPS review,no,,,
,10.1016/j.matpur.2004.09.017,10.1016/j.matpur.2004.09.017,,https://openalex.org/W2024188704,Maximum-norm stability of the finite element Stokes projection,2004,Vivette Girault; Ricardo H. Nochetto; Ridgway Scott,Journal de Mathématiques Pures et Appliquées,C,harvest,L1,1,1,,,,,broad numerical/operator analysis,no,,,
,10.1090/s0002-9939-1953-0054846-3,10.1090/s0002-9939-1953-0054846-3,,https://openalex.org/W2069435104,Mean value methods in iteration,1953,W. Robert Mann,Proceedings of the American Mathematical Society,D,snowball,L1,1,1,,,,,Mann iteration,no,,,
,10.1103/physrevx.9.031009,10.1103/physrevx.9.031009,,https://openalex.org/W2886483748,Measurement-Induced Phase Transitions in the Dynamics of Entanglement,2019,Brian Skinner; Jonathan Ruhman; Adam Nahum,Physical Review X,J;M,harvest+snowball,L1,1,1,,,,,quantum Zeno physics/experiment,no,,,
,measurementinducedphasetransitionsinthedynamicsofentanglement,,,https://openalex.org/W3102911478,Measurement-Induced Phase Transitions in the Dynamics of Entanglement,2019,Brian Skinner; Jonathan Ruhman; Adam Nahum,DSpace@MIT (Massachusetts Institute of Technology),M,snowball,L1,1,1,,,,,same broad field only,no,,,
,10.1103/prxquantum.4.030333,10.1103/prxquantum.4.030333,,https://openalex.org/W4306703465,Measurement-Induced Phase Transitions on Dynamical Quantum Trees,2023,Xiaozhou Feng; Brian Skinner; Adam Nahum,PRX Quantum,A,harvest,L1,1,1,,,,,Measurement-induced transitions on tree-structured dynamics; broad background,no,,,
,10.1038/nphys1157,10.1038/nphys1157,,https://openalex.org/W2045702468,Measurement-based quantum computation,2009,Hans J. Briegel; Dan E. Browne; Wolfgang Dür; Robert Raussendorf; M. Van den Nest,Nature Physics,M,snowball,L1,1,1,,,,,measurement-based QC,no,,,
,10.1103/physrevb.100.134306,10.1103/physrevb.100.134306,,https://openalex.org/W2913031193,Measurement-driven entanglement transition in hybrid quantum circuits,2019,Yaodong Li; Xiao Dong Chen; Matthew P. A. Fisher,Physical review. B./Physical review. B,J,snowball,L1,1,1,,,,,quantum Zeno physics/experiment,no,,,
,10.1016/j.jmaa.2009.07.012,10.1016/j.jmaa.2009.07.012,,https://openalex.org/W2010134289,Metric subregularity and the proximal point method,2009,D. Leventhal,Journal of Mathematical Analysis and Applications,D,snowball,L1,1,1,,,,,metric subregularity proximal point,no,,,
,10.1103/physreva.86.042315,10.1103/physreva.86.042315,,https://openalex.org/W2032698344,Min-entropy uncertainty relation for finite-size cryptography,2012,Nelly H. Y. Ng; Mario Berta; Stephanie Wehner,Physical Review A,E,harvest,L1,1,1,,,,,same broad field only,no,,,
,10.1184/r1/6586742.v1,10.1184/r1/6586742.v1,,https://openalex.org/W3106209397,Minimax Sparse Principal Subspace Estimation in High Dimensions,2018,Vincent Q. Vu; Jing Lei,Figshare,C,harvest,L1,1,1,,,,,same broad field only,no,,,
,10.1080/01630569808816813,10.1080/01630569808816813,,https://openalex.org/W1441652847,Minimizing certain convex functions over the intersection of the fixed point sets of nonexpansive mappings,1998,,Numerical Functional Analysis and Optimization,I,snowball,L1,1,1,,,,,broad numerical/operator analysis,no,,,
,10.6092/issn.1972-5787/1980,10.6092/issn.1972-5787/1980,,https://openalex.org/W1789208025,Mizar in a Nutshell,2010,Adam Grabowski; Artur Korniłowicz; Adam Naumowicz,DOAJ (DOAJ: Directory of Open Access Journals),H,snowball,L1,1,1,,,,,Mizar,no,,,
,10.1007/978-3-319-20615-8_17,10.1007/978-3-319-20615-8_17,,https://openalex.org/W2295728669,Mizar: State-of-the-art and Beyond,2015,Grzegorz Bancerek; Czesław Byliński; Adam Grabowski; Artur Korniłowicz; Roman Matuszewski; Adam Naumowicz,Lecture notes in computer science,H,snowball,L1,1,1,,,,,Mizar,no,,,
,10.1137/1.9781611974829,10.1137/1.9781611974829,,https://openalex.org/W2226462370,Model Reduction and Approximation,2017,,Society for Industrial and Applied Mathematics eBooks,A,snowball,L1,1,1,,,,,same broad field only,no,,,
,10.1137/0314056,10.1137/0314056,,https://openalex.org/W2038497950,Monotone Operators and the Proximal Point Algorithm,1976,R. T. Rockafellar,SIAM Journal on Control and Optimization,D,snowball,L1,1,1,,,,,proximal point algorithm,no,,,
,10.1364/josab.10.000524,10.1364/josab.10.000524,,https://openalex.org/W2006631910,Monte Carlo wave-function method in quantum optics,1993,Klaus Mølmer; Yvan Castin; Jean Dalibard,Journal of the Optical Society of America B,J,snowball,L1,1,1,,,,,Monte Carlo wave function,no,,,
,10.1109/lsp.2017.2687044,10.1109/lsp.2017.2687044,,https://openalex.org/W2600509566,Motion Capture Data Completion via Truncated Nuclear Norm Regularization,2017,Wenyu Hu; Zhao Wang; Shuang Liu; Xiaosong Yang; Gaohang Yu; Jianjun Zhang,IEEE Signal Processing Letters,M,harvest,L1,1,1,,,,,same broad field only,no,,,
,10.1090/s0025-5718-1977-0431719-x,10.1090/s0025-5718-1977-0431719-x,,https://openalex.org/W2151317657,Multi-level adaptive solutions to boundary-value problems,1977,Achi Brandt,Mathematics of Computation,G,harvest,L1,1,1,,,,,same broad field only,no,,,
,10.1090/s0894-0347-99-00309-4,10.1090/s0894-0347-99-00309-4,,https://openalex.org/W1602822892,Multidimensional van der Corput and sublevel set estimates,1999,Anthony Carbery; Michael Christ; James Wright,Journal of the American Mathematical Society,D,harvest,L1,1,1,,,,,same broad field only,no,,,
,10.1007/978-1-4613-9425-9,10.1007/978-1-4613-9425-9,,https://openalex.org/W4255801121,Multilinear Algebra,1978,Werner Greub,Universitext,A,snowball,L1,1,1,,,,R9,general tensor decomposition/network,no,,,
,10.48550/arxiv.1809.02449,10.48550/arxiv.1809.02449,,https://openalex.org/W2889924411,Multilinear Duality and Factorisation for Brascamp-Lieb-type Inequalities with applications,2018,Anthony Carbery; Timo S. Hänninen; Stefán Ingi Valdimarsson,arXiv (Cornell University),D,harvest,L1,1,1,,,,,multilinear harmonic analysis; different object,no,,,
,10.48550/arxiv.1311.6747,10.48550/arxiv.1311.6747,,https://openalex.org/W2273844257,Multilinear Embedding and Hardy's Inequality,2013,William Beckner,arXiv (Cornell University),D,harvest,L1,1,1,,,,,multilinear harmonic analysis; different object,no,,,
,10.4171/jems/1229,10.4171/jems/1229,,https://openalex.org/W4281254236,Multilinear duality and factorisation for Brascamp–Lieb-type inequalities,2022,Anthony Carbery; Timo S. Hänninen; Stefán Ingi Valdimarsson,Journal of the European Mathematical Society,D,harvest,L1,1,1,,,,,multilinear harmonic analysis; different object,no,,,
,10.1016/s0022-1236(03)00218-0,10.1016/s0022-1236(03)00218-0,,https://openalex.org/W2075677712,"Multilinear estimates for periodic KdV equations, and applications",2003,J. Colliander; M. Keel; Gigliola Staffilani; Hideo Takaoka; Terence Tao,Journal of Functional Analysis,D,harvest,L1,1,1,,,,,multilinear harmonic analysis; different object,no,,,
,10.1016/j.jmaa.2009.04.021,10.1016/j.jmaa.2009.04.021,,https://openalex.org/W1986007983,Multilinear extrapolation and applications to the bilinear Hilbert transform,2009,Marı́a J. Carro; Loukas Grafakos; José María Martell; Fernando Soria,Journal of Mathematical Analysis and Applications,D,harvest,L1,1,1,,,,,multilinear harmonic analysis; different object,no,,,
,10.1353/ajm.2001.0035,10.1353/ajm.2001.0035,,https://openalex.org/W2125279937,"Multilinear weighted convolution of L 2 functions, and applications to nonlinear dispersive equations",2001,Terence Tao,American Journal of Mathematics,D,harvest,L1,1,1,,,,,Sharp multilinear weighted L2 convolution estimates for dispersive PDE; different field,no,,,
,10.1063/1.2345196,10.1063/1.2345196,,https://openalex.org/W2037405141,Multireference correlation in long molecules with the quadratic scaling density matrix renormalization group,2006,Johannes Hachmann; Wim Cardoen; Garnet Kin‐Lic Chan,The Journal of Chemical Physics,M,harvest,L1,1,1,,,,,same broad field only,no,,,
,10.21468/scipostphys.19.4.111,10.21468/scipostphys.19.4.111,,https://openalex.org/W4415591058,Mutual multilinearity of nonequilibrium network currents,2025,Sara Dal Cengio; Pedro E. Harunari; Vivien Lecomte; Matteo Polettini,SciPost Physics,B,harvest,L1,1,1,,,,,multilinearity in network currents,no,,,
,10.1081/nfa-120003674,10.1081/nfa-120003674,,https://openalex.org/W2093425777,NON-STRICTLY CONVEX MINIMIZATION OVER THE FIXED POINT SET OF AN ASYMPTOTICALLY SHRINKING NONEXPANSIVE MAPPING,2002,Nobuhiko Ogura; Isao Yamada,Numerical Functional Analysis and Optimization,D,snowball,L1,1,1,,,,,fixed point minimization,no,,,
,10.1016/j.physrep.2020.05.004,10.1016/j.physrep.2020.05.004,,https://openalex.org/W3033513666,Networks beyond pairwise interactions: Structure and dynamics,2020,Federico Battiston; Giulia Cencetti; Iacopo Iacopini; Vito Latora; Maxime Lucas; Alice Patania,Physics Reports,F,harvest,L1,1,1,,,,,same broad field only,no,,,
,10.1017/s0962492921000052,10.1017/s0962492921000052,,https://openalex.org/W3115781672,Neural network approximation,2021,Ronald DeVore; Boris Hanin; Guergana Petrova,Acta Numerica,N,harvest,L1,1,1,,,,,same broad field only,no,,,
,10.1103/physrevx.8.011006,10.1103/physrevx.8.011006,,https://openalex.org/W2762549329,"Neural-Network Quantum States, String-Bond States, and Chiral Topological States",2018,Ivan Glasser; Nicola Pancotti; Moritz August; Ivan D. Rodriguez; J. Ignacio Cirac,Physical Review X,M,snowball,L1,1,1,,,,,same broad field only,no,,,
,10.48550/arxiv.2203.13522,10.48550/arxiv.2203.13522,,https://openalex.org/W4221156014,New Quantum Algorithms for Computing Quantum Entropies and Distances,2022,Qisheng Wang; Ji Guan; Junyi Liu; Zhicheng Zhang; Mingsheng Ying,arXiv (Cornell University),E,harvest,L1,1,1,,,,,quantum information context; no projection-error bound,no,,,
,10.1137/0322010,10.1137/0322010,,https://openalex.org/W2063361816,New Results on the Interpolation Problem for Continuous-Time Stationary Increments Processes,1984,Michele Pavon,SIAM Journal on Control and Optimization,I,snowball,L1,1,1,,,,,stationary process interpolation,no,,,
,10.1109/tit.2011.2162226,10.1109/tit.2011.2162226,,https://openalex.org/W2159351168,Noisy Channel Coding via Privacy Amplification and Information Reconciliation,2011,Joseph M. Renes; Renato Renner,IEEE Transactions on Information Theory,E,snowball,L1,1,1,,,,,same broad field only,no,,,
,10.1103/revmodphys.94.015004,10.1103/revmodphys.94.015004,,https://openalex.org/W4213212652,Noisy intermediate-scale quantum algorithms,2022,Kishor Bharti; Alba Cervera-Lierta; Thi Ha Kyaw; Tobias Haug; Sumner Alperin-Lea; Abhinav Anand,Reviews of Modern Physics,D,harvest,L1,1,1,,,,,same broad field only,no,,,
,10.1088/1751-8113/40/46/r01,10.1088/1751-8113/40/46/r01,,https://openalex.org/W1977046089,Nonequilibrium steady states of matrix-product form: a solver's guide,2007,Richard A. Blythe; M. R. Evans,Journal of Physics A Mathematical and Theoretical,M,snowball,L1,1,1,,,,,matrix product steady states,no,,,
,10.1090/memo/1270,10.1090/memo/1270,,https://openalex.org/W2994614884,Nonlinear Diffusion Equations and Curvature Conditions in Metric Measure Spaces,2019,Luigi Ambrosio; Andrea Mondino; Giuseppe Savaré,Memoirs of the American Mathematical Society,D,harvest,L1,1,1,,,,,same broad field only,no,,,
,10.1016/j.physrep.2012.07.001,10.1016/j.physrep.2012.07.001,,https://openalex.org/W2072381571,Nonperturbative theory of weak pre- and post-selected measurements,2012,Abraham G. Kofman; Sahel Ashhab; Franco Nori,Physics Reports,J,snowball,L1,1,1,,,,,weak pre/post-selected measurement,no,,,
,10.1103/physrevlett.133.010601,10.1103/physrevlett.133.010601,,https://openalex.org/W4391420775,Nonstabilizerness via Matrix Product States in the Pauli Basis,2024,Poetri Sonya Tarabunga; Emanuele Tirrito; Mari Carmen Bañuls; Marcello Dalmonte,Physical Review Letters,M,harvest,L1,1,1,,,,,same broad field only,no,,,
,10.1137/1.9780898717655,10.1137/1.9780898717655,,https://openalex.org/W1485446097,Numerical Linear Algebra and Applications,2010,Biswa Nath Datta,,L,harvest,L1,1,1,,,,,same broad field only,no,,,
,10.1103/physreva.109.022420,10.1103/physreva.109.022420,,https://openalex.org/W4391786941,Numerical simulation of long-range open quantum many-body dynamics with tree tensor networks,2024,Dominik Sulz; Christian Lubich; Gianluca Ceruti; Igor Lesanovsky; Federico Carollo,Physical Review A,A,harvest+snowball,L1,1,1,,,,R9,tensor network method/application; no error theorem,no,,,
,10.1007/s00365-011-9131-1,10.1007/s00365-011-9131-1,,https://openalex.org/W1967859589,O(dlog N)-Quantics Approximation of N-d Tensors in High-Dimensional Numerical Modeling,2011,Boris N. Khoromskij,Constructive Approximation,A,snowball,L1,1,1,,,,,same broad field only,no,,,
,10.1016/j.csda.2013.03.024,10.1016/j.csda.2013.03.024,,https://openalex.org/W2083592234,OLS with multiple high dimensional category variables,2013,Simen Gaure,Computational Statistics & Data Analysis,I,snowball,L1,1,1,,,,,OLS fixed effects computation,no,,,
,10.1007/bf02551360,10.1007/bf02551360,,https://openalex.org/W2048108175,"Oblique projections: Formulas, algorithms, and error bounds",1989,S. Kayalar; Howard L. Weinert,Mathematics of Control Signals and Systems,I,snowball,L2,1,3,1,ABSTRACT_ONLY,"Abstract and search snippets only (MCSS 2 (1989) 33-45; Springer paywall, DTIC copy returned 403): formulas, iterative algorithms and error bounds for oblique projections for distributed-sensor processing",none (adjacent to R1a;R6),"Extends the Kayalar-Weinert alternating-projection error bounds to oblique projections for distributed estimation; it concerns convergence of an iteration to a fixed projection, not the error of inserting projections into a product of bounded maps, so no Theorem R claim is implied.",no,,screening/level2_B1.csv,
,10.1088/1367-2630/17/6/063035,10.1088/1367-2630/17/6/063035,,https://openalex.org/W2150735352,Observation of quantum Zeno effect in a superconducting flux qubit,2015,Kosuke Kakuyanagi; Tatsuya Baba; Yuichiro Matsuzaki; Hideyuki Nakano; Shiro Saito; Kouichi Semba,New Journal of Physics,J,harvest,L1,1,1,,,,,quantum Zeno physics/experiment,no,,,
,10.1103/physrevlett.87.040402,10.1103/physrevlett.87.040402,,https://openalex.org/W2963501482,Observation of the Quantum Zeno and Anti-Zeno Effects in an Unstable System,2001,Martin C. Fischer; Braulio Gutiérrez–Medina; M. G. Raizen,Physical Review Letters,J,harvest+snowball,L1,1,1,,,,,same broad field only,no,,,
,10.1103/physrevlett.116.247204,10.1103/physrevlett.116.247204,,https://openalex.org/W2219591659,Obtaining Highly Excited Eigenstates of Many-Body Localized Hamiltonians by the Density Matrix Renormalization Group Approach,2016,Vedika Khemani; Frank Pollmann; S. L. Sondhi,Physical Review Letters,B,snowball,L1,1,1,,,,,same broad field only,no,,,
,10.4153/cjm-2011-007-5,10.4153/cjm-2011-007-5,,https://openalex.org/W2964329908,On Best Proximity Points in Metric and Banach Spaces,2011,Rafa Espínola; Aurora Fernández-León,Canadian Journal of Mathematics,E,harvest,L1,1,1,,,,,same broad field only,no,,,
,10.4230/lipics.mfcs.2016.19,10.4230/lipics.mfcs.2016.19,,https://openalex.org/W1529395041,On Degeneration of Tensors and Algebras,2016,"Bläser, Markus; Lysikov, Vladimir",arXiv (Cornell University),D,harvest,L1,1,1,,,,,same broad field only,no,,,
,10.48550/arxiv.1702.06980,10.48550/arxiv.1702.06980,,https://openalex.org/W2949291240,On Polynomial Time Methods for Exact Low Rank Tensor Completion,2017,Dong Xia; Ming Yuan,arXiv (Cornell University),D,harvest,L1,1,1,,,,R9,general tensor decomposition/network,no,,,
,10.2307/1968693,10.2307/1968693,,https://openalex.org/W2331578546,On Rings of Operators,1936,F. J. Murray; J. v. Neumann,Annals of Mathematics,I,snowball,L1,1,1,,,,,von Neumann operator rings,no,,,
,10.2307/1969463,10.2307/1969463,,https://openalex.org/W2312285547,On Rings of Operators. Reduction Theory,1949,John von Neumann,Annals of Mathematics,I,snowball,L1,1,1,,,,,operator rings reduction,no,,,
,10.1137/110859063,10.1137/110859063,,https://openalex.org/W2024356620,"On Tensors, Sparsity, and Nonnegative Factorizations",2012,Eric C. Chi; Tamara G. Kolda,SIAM Journal on Matrix Analysis and Applications,B;D;F,harvest,L1,1,1,,,,R9,general tensor decomposition/network,no,,,
,10.1214/14-aop919,10.1214/14-aop919,,https://openalex.org/W2144905577,On a functional contraction method,2015,Ralph Neininger; Henning Sulzbach,The Annals of Probability,B,harvest,L1,1,1,,,,,contraction method in probability,no,,,
,10.1016/j.laa.2020.05.023,10.1016/j.laa.2020.05.023,2004.07540,https://openalex.org/W3016335972,"On angles, projections and iterations",2020,"Bargetz, Christian; Klemenc, Jona; Reich, Simeon; Skorokhod, Natalia",Linear Algebra and its Applications,C;I,harvest,L2,1,3,1,FULL_TEXT,"Sec. 3.1-3.3 (principal angles determine MAP convergence for linear projections in dimension 2 but not beyond); Proposition 1; Propositions 3-4 and later sections (Oppenheim angle, consistency projections) (read via arXiv:2004.07540)",none (adjacent to R1a;R6),"Shows principal angles do not by themselves classify convergence of alternating (possibly oblique) linear projections beyond the plane and studies the Oppenheim angle; there is no sharp error constant and no projection-insertion bound, so no Theorem R claim is implied.",no,,screening/level2_B1.csv,
,10.1016/j.peva.2017.08.002,10.1016/j.peva.2017.08.002,,https://openalex.org/W2747448675,On compact solution vectors in Kronecker-based Markovian analysis,2017,Peter Buchholz; Tuǧrul Dayar; Jan Kriege; M. Can Orhan,Performance Evaluation,A,harvest,L1,1,1,,,,,same broad field only,no,,,
,10.1002/nla.2158,10.1002/nla.2158,,https://openalex.org/W2898784274,On compact vector formats in the solution of the chemical master equation with backward differentiation,2018,Tuǧrul Dayar; M. Can Orhan,Numerical Linear Algebra with Applications,A,harvest,L1,1,1,,,,R9,tensor network method/application; no error theorem,no,,,
,10.2140/pjm.1977.72.135,10.2140/pjm.1977.72.135,,https://openalex.org/W2041997520,On generalized resolvents andQ-functions of symmetric linear relations (subspaces) in Hilbert space,1977,Heinz Langer; Björn Textorius,Pacific Journal of Mathematics,G,harvest,L1,1,1,,,,,same broad field only,no,,,
,10.1090/s0002-9939-2010-10656-1,10.1090/s0002-9939-2010-10656-1,,https://openalex.org/W2141968995,On multilinear determinant functionals,2010,Philip T. Gressman,Proceedings of the American Mathematical Society,D,harvest,L1,1,1,,,,,multilinear harmonic analysis; different object,no,,,
,10.2140/pjm.1970.33.1,10.2140/pjm.1970.33.1,,https://openalex.org/W2025950735,On some extremal simplexes,1970,M. Masoom Ali,Pacific Journal of Mathematics,G,harvest,L1,1,1,,,,,Extremal simplex content via angle cosines; generic angle extremization only,no,,,
,10.1215/20088752-2018-0026,10.1215/20088752-2018-0026,,https://openalex.org/W2795797852,On summability of multilinear operators and applications,2018,Nacib Albuquerque; Gustavo Araújo; Wasthenny Cavalcante; Tony Nogueira; Daniel Núñez; Daniel Pellegrino,Annals of Functional Analysis,D,harvest,L1,1,1,,,,,multilinear harmonic analysis; different object,no,,,
,10.1007/bf01581204,10.1007/bf01581204,,https://openalex.org/W2058532290,On the Douglas—Rachford splitting method and the proximal point algorithm for maximal monotone operators,1992,Jonathan Eckstein; Dimitri P. Bertsekas,Mathematical Programming,D,snowball,L1,1,1,,,,,Douglas-Rachford splitting,no,,,
,10.48550/arxiv.1509.05009,10.48550/arxiv.1509.05009,,https://openalex.org/W1852909287,On the Expressive Power of Deep Learning: A Tensor Analysis,2015,Nadav Cohen; Or Sharir; Amnon Shashua,arXiv (Cornell University),A,harvest,L1,1,1,,,,R9,general tensor decomposition/network,no,,,
,10.1007/s10915-015-0048-x,10.1007/s10915-015-0048-x,,https://openalex.org/W1549918636,On the Global and Linear Convergence of the Generalized Alternating Direction Method of Multipliers,2015,Wei Deng; Wotao Yin,Journal of Scientific Computing,D,snowball,L1,1,1,,,,,ADMM linear convergence,no,,,
,10.1007/s00211-012-0512-6,10.1007/s00211-012-0512-6,,https://openalex.org/W2065791420,On the Meany inequality with applications to convergence analysis of several row-action iteration methods,2012,Zhong‐Zhi Bai; Xinguo Liu,Numerische Mathematik,I,snowball,L2,1,3,1,ABSTRACT_ONLY,"Bai-Liu, Numer. Math. 124 (2013) 215-236; abstract only: lower bound complementing Meany inequality, block Meany inequality, Kaczmarz/Householder-Bauer convergence theorems",R1a,"Bounds the norm of a product of (block) orthogonal projections complementary to hyperplanes via Gram-determinant (Meany-type) inequalities to analyze row-action methods; this controls the size of a projection product, not the discrepancy created by inserting projections into a contraction chain, and has no angle-sharp constant of R1b type.",no,,screening/level2_B2.csv,
,10.1137/s0097539796298637,10.1137/s0097539796298637,,https://openalex.org/W2117584890,On the Power of Quantum Computation,1997,Daniel Simón,SIAM Journal on Computing,K,snowball,L1,1,1,,,,,power of quantum computation,no,,,
,10.1090/s0002-9904-1975-13728-1,10.1090/s0002-9904-1975-13728-1,,https://openalex.org/W1970088012,On the approximation-solvability of equations involving 𝐴-proper and pseudo-𝐴-proper mappings,1975,W. V. Petryshyn,Bulletin of the American Mathematical Society,E,harvest,L1,1,1,,,,,same broad field only,no,,,
,10.1007/bf02564273,10.1007/bf02564273,,https://openalex.org/W2091889437,On the factorization of matrices,1955,Norbert Wiener,Commentarii Mathematici Helvetici,I,snowball,L1,1,1,,,,,matrix factorization,no,,,
,10.1007/s11511-006-0006-4,10.1007/s11511-006-0006-4,,https://openalex.org/W2164774824,On the multilinear restriction and Kakeya conjectures,2006,Jonathan Bennett; Anthony Carbery; Terence Tao,Acta Mathematica,D,harvest,L1,1,1,,,,,multilinear harmonic analysis; different object,no,,,
,10.1090/s0002-9947-1956-0084194-4,10.1090/s0002-9947-1956-0084194-4,,https://openalex.org/W2003372231,On the numerical solution of heat conduction problems in two and three space variables,1956,Jim Douglas; H.H. Rachford,Transactions of the American Mathematical Society,D,snowball,L1,1,1,,,,,ADI heat conduction,no,,,
,10.1109/sfcs.1994.365701,10.1109/sfcs.1994.365701,,https://openalex.org/W2137005141,On the power of quantum computation,2002,Damien Simon,,K,snowball,L1,1,1,,,,,power of quantum computation,no,,,
,10.1016/j.jmaa.2004.12.050,10.1016/j.jmaa.2004.12.050,,https://openalex.org/W2020004242,On the rate of convergence of the alternating projection method in finite dimensional spaces,2005,Aurél Galántai,Journal of Mathematical Analysis and Applications,I,snowball,L2,1,3,1,ABSTRACT_ONLY,"Galantai, J. Math. Anal. Appl. 310 (2005) 30-44; abstract only (cheap estimates replacing Smith-Solmon-Wagner / Nelson-Neumann bounds)",none,"Computable upper estimates for the convergence speed of (relaxed) alternating projections in finite dimensions derived from the Smith-Solmon-Wagner and Nelson-Neumann bounds; concerns iterate convergence to the intersection, no sharp constant of R1b type and no tree/defect structure.",no,,screening/level2_B2.csv,
,10.48550/arxiv.quant-ph/0603163,10.48550/arxiv.quant-ph/0603163,,https://openalex.org/W1535717167,On the simulation of quantum circuits,2006,Richard Jozsa,arXiv (Cornell University),B,snowball,L1,1,1,,,,,same broad field only,no,,,
,10.1214/19-ejp342,10.1214/19-ejp342,,https://openalex.org/W2885727792,On the stability of matrix-valued Riccati diffusions,2019,Adrian N. Bishop; Pierre Del Moral,Electronic Journal of Probability,D,harvest,L1,1,1,,,,,same broad field only,no,,,
,10.1016/0022-247x(86)90085-5,10.1016/0022-247x(86)90085-5,,https://openalex.org/W2045840720,On the von Neumann alternating algorithm in Hilbert space,1986,C. Franchetti; W. A. Light,Journal of Mathematical Analysis and Applications,I,snowball,L2,1,3,1,ABSTRACT_ONLY,"Franchetti-Light, J. Math. Anal. Appl. 114 (1986) 305-314; abstract/secondary only",none,"Analysis of Dykstra/von Neumann alternating algorithm for two closed convex sets, including arbitrarily slow convergence when the subspace sum is not closed; qualitative/rate-failure results, background only.",no,,screening/level2_B2.csv,
,10.1016/0022-247x(77)90152-4,10.1016/0022-247x(77)90152-4,,https://openalex.org/W2052769657,On the weak convergence of an ergodic iteration for the solution of variational inequalities for monotone operators in Hilbert space,1977,Ronald E. Bruck,Journal of Mathematical Analysis and Applications,D,snowball,L1,1,1,,,,,ergodic iteration monotone operators,no,,,
,10.1109/tit.2011.2177589,10.1109/tit.2011.2177589,,https://openalex.org/W2037670238,One-Shot Classical Data Compression With Quantum Side Information and the Distillation of Common Randomness or Secret Keys,2012,Joseph M. Renes; Renato Renner,IEEE Transactions on Information Theory,E,snowball,L1,1,1,,,,,same broad field only,no,,,
,10.1007/s00220-014-1990-4,10.1007/s00220-014-1990-4,,https://openalex.org/W2020582875,One-Shot Decoupling,2014,Frédéric Dupuis; Mario Berta; Jürg Wullschleger; Renato Renner,Communications in Mathematical Physics,E,harvest+snowball,L1,1,1,,,,,quantum information context; no projection-error bound,no,,,
,10.1007/s00220-021-04136-5,10.1007/s00220-021-04136-5,,https://openalex.org/W2920887943,One-Shot Randomized and Nonrandomized Partial Decoupling,2021,Eyuri Wakakuwa; Yoshifumi Nakata,Communications in Mathematical Physics,E,harvest,L1,1,1,,,,,same broad field only,no,,,
,10.1103/prxquantum.5.010314,10.1103/prxquantum.5.010314,,https://openalex.org/W4391450165,Operational Metric for Quantum Chaos and the Corresponding Spatiotemporal-Entanglement Structure,2024,Neil Dowling; Kavan Modi,PRX Quantum,E,harvest,L1,1,1,,,,,quantum information context; no projection-error bound,no,,,
,10.1007/s00365-009-9069-8,10.1007/s00365-009-9069-8,,https://openalex.org/W2164158544,Optimal Order of Convergence and (In)Tractability of Multivariate Approximation of Smooth Functions,2009,Erich Novak; Henryk Woźniakowski,Constructive Approximation,A,snowball,L1,1,1,,,,,multivariate approximation tractability,no,,,
,10.1016/j.jco.2009.10.002,10.1016/j.jco.2009.10.002,,https://openalex.org/W2020928358,Optimal approximation of elliptic problems by linear and nonlinear mappings IV: Errors in L2 and other norms,2009,Stephan Dahlke; Erich Novak; Winfried Sickel,Journal of Complexity,A,snowball,L1,1,1,,,,,optimal approximation elliptic problems,no,,,
,10.1007/s11075-018-0608-x,10.1007/s11075-018-0608-x,,https://openalex.org/W2769692372,Optimal rates of linear convergence of the averaged alternating modified reflections method for two subspaces,2018,Francisco J. Aragón Artacho; Rubén Campoy,Numerical Algorithms,I,harvest,L2,1,3,1,FULL_TEXT,"arXiv:1711.06521: Thm 3.1 (rate of AAMR operator vs Friedrichs angle), Thm 3.2 (optimal parameters, rate (1-sin)/(1+sin)), Cor 3.1, Thm 4.1",R6,"Optimal linear rates of the averaged alternating modified reflections method for two subspaces as explicit functions of the Friedrichs angle and parameters, via the same principal-angle block reduction as Bauschke et al.; adjacent, no implication for R1a-R12.",no,,screening/level2_B2.csv,
,10.1103/8993-8xn5,10.1103/8993-8xn5,,https://openalex.org/W4411178865,Optimal symbolic construction of matrix product operators and tree tensor network operators,2025,Hazar Çakır; Richard M. Milbradt; Christian B. Mendl,Physical review. B./Physical review. B,A,harvest,L1,1,1,,,,R9,tensor network method/application; no error theorem,no,,,
,10.1063/5.0218773,10.1063/5.0218773,,https://openalex.org/W4401366006,Optimal tree tensor network operators for tensor network simulations: Applications to open quantum systems,2024,Weitang Li; Jiajun Ren; Hengrui Yang; Haobin Wang; Zhigang Shuai,The Journal of Chemical Physics,A,harvest,L1,1,1,,,,R9,tensor network method/application; no error theorem,no,,,
,10.1137/1.9781611975482.87,10.1137/1.9781611975482.87,,https://openalex.org/W2766294686,Optimizing quantum optimization algorithms via faster quantum gradient computation,2019,András Gilyén; Srinivasan Arunachalam; Nathan Wiebe,Society for Industrial and Applied Mathematics eBooks,K,harvest,L1,1,1,,,,,same broad field only,no,,,
,overcomingthematrixproductstateencodingbarrierviadmrgguidedprobabilisticimaginarytimeevolution,,,https://openalex.org/W7162893142,Overcoming the Matrix-Product-State Encoding Barrier via DMRG-Guided Probabilistic Imaginary-Time Evolution,2026,Masari Watanabe; Hirofumi Nishi; Taichi Kosugi; Shinji Tsuneyuki; Yu-ichiro Matsushita,arXiv (Cornell University),M,harvest,L1,1,1,,,,R9,tensor network method/application; no error theorem,no,,,
,10.1214/09-aos709,10.1214/09-aos709,,https://openalex.org/W2078957532,"PCA consistency in high dimension, low sample size context",2009,Sungkyu Jung; J. S. Marron,The Annals of Statistics,C,harvest,L1,1,1,,,,,same broad field only,no,,,
,10.1016/j.aop.2010.05.008,10.1016/j.aop.2010.05.008,,https://openalex.org/W2049595458,PEPS as ground states: Degeneracy and topology,2010,Norbert Schuch; Ignacio Cirac; David Pérez-García,Annals of Physics,M,snowball,L1,1,1,,,,,PEPS ground states topology,no,,,
,10.1007/3-540-55602-8_217,10.1007/3-540-55602-8_217,,https://openalex.org/W1534850143,PVS: A prototype verification system,1992,Sam Owre; John Rushby; N. Shankar,Lecture notes in computer science,H,snowball,L1,1,1,,,,,PVS,no,,,
,10.1007/978-3-642-03359-9_23,10.1007/978-3-642-03359-9_23,,https://openalex.org/W1486558830,Packaging Mathematical Structures,2009,François Garillot; Georges Gonthier; Assia Mahboubi; Laurence Rideau,Lecture notes in computer science,H,snowball,L1,1,1,,,,,packaging structures,no,,,
,10.1109/ipdps.2016.67,10.1109/ipdps.2016.67,,https://openalex.org/W1823244711,Parallel Tensor Compression for Large-Scale Scientific Data,2016,W. W. Austin; Grey Ballard; Tamara G. Kolda,,A;B,harvest,L1,1,1,,,,,Parallel Tucker compression implementation; background,no,,,
,10.1016/j.jcp.2018.08.057,10.1016/j.jcp.2018.08.057,,https://openalex.org/W2794506364,Parallel tensor methods for high-dimensional linear PDEs,2018,Arnout Boelens; Daniele Venturi; Daniel M. Tartakovsky,Journal of Computational Physics,A,harvest,L1,1,1,,,,,same broad field only,no,,,
,10.1103/physrevb.101.235123,10.1103/physrevb.101.235123,,https://openalex.org/W3033248898,Parallel time-dependent variational principle algorithm for matrix product states,2020,Paul Secular; Nikita Gourianov; Michael Lubasch; Sergey Dolgov; Stephen R. L. Clark; Dieter Jaksch,Physical review. B./Physical review. B,M,harvest,L1,1,1,,,,,same broad field only,no,,,
,10.1007/978-3-0348-6253-0,10.1007/978-3-0348-6253-0,,https://openalex.org/W2499714488,Parametric Optimization and Approximation,1985,Bruno Brosowski; Frank Deutsch,International series of numerical mathematics,I,snowball,L1,1,1,,,,,parametric optimization,no,,,
,10.1093/imanum/drx052,10.1093/imanum/drx052,,https://openalex.org/W2515829451,Parametric PDEs: sparse or low-rank approximations?,2017,Markus Bachmayr; Albert Cohen; Wolfgang Dahmen,IMA Journal of Numerical Analysis,A,harvest,L1,1,1,,,,R9,tensor network method/application; no error theorem,no,,,
,10.48550/arxiv.quant-ph/9805022,10.48550/arxiv.quant-ph/9805022,,https://openalex.org/W30611419,Phase Information in Quantum Oracle Computing,1998,Jonathan Machta,arXiv (Cornell University),K,snowball,L1,1,1,,,,,quantum oracle phase,no,,,
,10.1007/978-3-642-22863-6_10,10.1007/978-3-642-22863-6_10,,https://openalex.org/W3888705,"Point-Free, Set-Free Concrete Linear Algebra",2011,Georges Gonthier,Lecture notes in computer science,H,snowball,L1,1,1,,,,,formal linear algebra,no,,,
,10.1109/tit.2012.2218792,10.1109/tit.2012.2218792,,https://openalex.org/W2094676669,Polar Codes for Classical-Quantum Channels,2012,Mark M. Wilde; Saikat Guha,IEEE Transactions on Information Theory,K,snowball,L1,1,1,,,,,same broad field only,no,,,
,10.1007/bf02392554,10.1007/bf02392554,,https://openalex.org/W2012239607,Polynomial growth estimates for multilinear singular integral operators,1987,Michael Christ; Jean-Lin Journé,Acta Mathematica,D,harvest,L1,1,1,,,,,multilinear harmonic analysis; different object,no,,,
,10.1016/0022-1236(67)90030-4,10.1016/0022-1236(67)90030-4,,https://openalex.org/W2032741283,Potential theory on Hilbert space,1967,Leonard Gross,Journal of Functional Analysis,D,harvest,L1,1,1,,,,,same broad field only,no,,,
,10.1038/s41467-017-02307-4,10.1038/s41467-017-02307-4,,https://openalex.org/W2785593271,Practical device-independent quantum cryptography via entropy accumulation,2018,Rotem Arnon-Friedman; Frédéric Dupuis; Omar Fawzi; Renato Renner; Thomas Vidick,Nature Communications,E;K,harvest+snowball,L1,1,1,,,,,same broad field only,no,,,
,10.2478/cmam-2011-0020,10.2478/cmam-2011-0020,,https://openalex.org/W1967402714,Preconditioned Low-Rank Methods for High-Dimensional Elliptic PDE Eigenvalue Problems,2011,Daniel Kreßner; Christine Tobler,Computational Methods in Applied Mathematics,A,harvest,L1,1,1,,,,R9,tensor network method/application; no error theorem,no,,,
,10.48550/arxiv.1908.08909,10.48550/arxiv.1908.08909,,https://openalex.org/W2991321267,Predicting Features of Quantum Systems from Very Few Measurements,2019,Hsin-Yuan Huang; Richard Kueng,arXiv (Cornell University),K,harvest,L1,1,1,,,,,same broad field only,no,,,
,10.1103/physrevresearch.5.013190,10.1103/physrevresearch.5.013190,,https://openalex.org/W4327941923,Preparing valence-bond-solid states on noisy intermediate-scale quantum computers,2023,Bruno Murta; Pedro M. Q. Cruz; J. Fernández‐Rossier,Physical Review Research,M,harvest,L1,1,1,,,,,same broad field only,no,,,
,10.1137/21m1402170,10.1137/21m1402170,,https://openalex.org/W3135196308,Pricing High-Dimensional Bermudan Options with Hierarchical Tensor Formats,2023,Christian Bayer; Martin Eigel; Leon Sallandt; Philipp Trunschke,SIAM Journal on Financial Mathematics,A,harvest,L1,1,1,,,,R9,tensor network method/application; no error theorem,no,,,
,10.48550/arxiv.2011.04672,10.48550/arxiv.2011.04672,,https://openalex.org/W3098995074,Principles of Quantum Communication Theory: A Modern Approach,2020,Sumeet Khatri; Ludovico Lami; Mark M. Wilde,arXiv (Cornell University),E,snowball,L1,1,1,,,,,same broad field only,no,,,
,10.1088/1751-8113/44/9/095305,10.1088/1751-8113/44/9/095305,,https://openalex.org/W2084499569,Private randomness expansion with untrusted devices,2011,Roger Colbeck; Adrian Kent,Journal of Physics A Mathematical and Theoretical,E,snowball,L1,1,1,,,,,same broad field only,no,,,
,10.1088/1367-2630/18/10/103049,10.1088/1367-2630/18/10/103049,,https://openalex.org/W2539573251,Probabilistic metrology or how some measurement outcomes render ultra-precise estimates,2016,J Calsamiglia; B Gendra; R Muñoz-Tapia; E Bagan,New Journal of Physics,K,harvest,L1,1,1,,,,,same broad field only,no,,,
,10.1137/1.9781611975031,10.1137/1.9781611975031,,,"Proceedings of the 29th annual ACM-SIAM symposium on discrete algorithms, SODA 2018, New Orleans, LA, USA, January 7--10, 2018",2018,,,F,harvest,L1,1,1,,,,,same broad field only,no,,,
,10.1137/1.9781611977554,10.1137/1.9781611977554,2203.11863,,"Proceedings of the 34th annual ACM-SIAM symposium on discrete algorithms, SODA 2023, Florence, Italy, January 22--25, 2023",2023,,,F,harvest,L1,1,1,,,,,same broad field only,no,,,
,10.1137/1.9781611978971,10.1137/1.9781611978971,,,"Proceedings of the 37th annual ACM-SIAM symposium on discrete algorithms, SODA 2026, Vancouver, Canada, January 11--14, 2026",2026,,,F,harvest,L1,1,1,,,,,same broad field only,no,,,
,10.1145/3313276,10.1145/3313276,,,"Proceedings of the 51st annual ACM SIGACT symposium on theory of computing, STOC '19, Phoenix, AZ, USA, June 23--26, 2019",2019,,,F,harvest,L1,1,1,,,,,same broad field only,no,,,
,10.1109/focs52979.2022,10.1109/FOCS52979.2022,,,"Proceedings of the 62nd annual IEEE symposium on foundations of computer science, FOCS 2021, virtual conference, February 7--10, 2022",2022,,,F,harvest,L1,1,1,,,,,same broad field only,no,,,
,10.1103/physrevb.86.245101,10.1103/physrevb.86.245101,,https://openalex.org/W2049415658,Projected entangled pair states at finite temperature: Imaginary time evolution with ancillas,2012,Piotr Czarnik; Łukasz Cincio; Jacek Dziarmaga,Physical Review B,B,snowball,L1,1,1,,,,R9,tensor network method/application; no error theorem,no,,,
,projectionalgorithmsandmonotoneoperators,,,https://openalex.org/W1557931734,Projection algorithms and monotone operators,1996,Jonathan M. Borwein; Heinz Hermann Bauschke,,I,snowball,L1,1,1,,,,,projection algorithm application,no,,,
,10.48550/arxiv.1901.10719,10.48550/arxiv.1901.10719,,https://openalex.org/W4297797119,Proper orthogonal decomposition (POD) combined with hierarchical tensor\n approximation (HTA) in the context of uncertain parameters,2019,Steffen Kastian; Dieter Moser; Stefanie Reese; Lars Grasedyck,arXiv (Cornell University),A,harvest,L1,1,1,,,,R9,tensor network method/application; no error theorem,no,,,
,10.1016/j.jmaa.2016.04.020,10.1016/j.jmaa.2016.04.020,,https://openalex.org/W2335983739,Properties of the star supremum for arbitrary Hilbert space operators,2016,Marko S. Djikić,Journal of Mathematical Analysis and Applications,D,harvest,L1,1,1,,,,,same broad field only,no,,,
,10.1103/physrevlett.100.090503,10.1103/physrevlett.100.090503,,https://openalex.org/W2007156591,Protecting Entanglement via the Quantum Zeno Effect,2008,Sabrina Maniscalco; Francesco Francica; Rosa Letizia Zaffino; N. Lo Gullo; Francesco Plastina,Physical Review Letters,J,snowball,L1,1,1,,,,,quantum Zeno physics/experiment,no,,,
,10.48550/arxiv.2101.09671,10.48550/arxiv.2101.09671,,https://openalex.org/W3122378989,Pruning and Quantization for Deep Neural Network Acceleration: A Survey,2021,"Tailin Liang; John Glossner; Lei Wang; Shi, Shaobo; Xiaotong Zhang",arXiv (Cornell University),N,harvest,L1,1,1,,,,,same broad field only,no,,,
,10.48550/arxiv.2307.02973,10.48550/arxiv.2307.02973,,https://openalex.org/W4383604976,Pruning vs Quantization: Which is Better?,2023,Andrey N. Kuzmin; Markus Nagel; Mart van Baalen; Arash Behboodi; Tijmen Blankevoort,arXiv (Cornell University),N,harvest,L1,1,1,,,,,same broad field only,no,,,
,10.48550/arxiv.2407.13249,10.48550/arxiv.2407.13249,,https://openalex.org/W4406059118,PyTreeNet: A Python Library for easy Utilisation of Tree Tensor Networks,2024,Richard M. Milbradt; Qunsheng Huang; Christian B. Mendl,arXiv (Cornell University),A,harvest,L1,1,1,,,,R9,tensor network method/application; no error theorem,no,,,
,10.1017/s1446181112000077,10.1017/s1446181112000077,,https://openalex.org/W2146736312,QUASI-MONTE CARLO METHODS FOR HIGH-DIMENSIONAL INTEGRATION: THE STANDARD (WEIGHTED HILBERT SPACE) SETTING AND BEYOND,2011,Frances Y. Kuo; Ch. Schwab; Ian H. Sloan,The ANZIAM Journal,D,harvest,L1,1,1,,,,,same broad field only,no,,,
,10.1080/01630569808816822,10.1080/01630569808816822,,https://openalex.org/W2014913012,Quadratic optimization of fixed points of nonexpansive mappings in hubert space,1998,Isao Yamada; Nobuhiko Ogura; Kohichi Sakaniwa,Numerical Functional Analysis and Optimization,I,snowball,L1,1,1,,,,,broad numerical/operator analysis,no,,,
,10.1007/s00208-019-01816-5,10.1007/s00208-019-01816-5,,https://openalex.org/W2887261285,Quantitative estimates and extrapolation for multilinear weight classes,2019,Zoe Nieraeth,Mathematische Annalen,D,harvest,L1,1,1,,,,,multilinear harmonic analysis; different object,no,,,
,10.2478/cmam-2011-0015,10.2478/cmam-2011-0015,,https://openalex.org/W2071386677,Quantized-TT-Cayley Transform for Computing the Dynamics and the Spectrum of High-Dimensional Hamiltonians,2011,I. P. Gavrilyuk; Boris N. Khoromskij,Computational Methods in Applied Mathematics,A,harvest,L1,1,1,,,,R9,tensor network method/application; no error theorem,no,,,
,10.1103/physrevlett.128.220502,10.1103/physrevlett.128.220502,,https://openalex.org/W3039791778,Quantum Algorithm for Petz Recovery Channels and Pretty Good Measurements,2022,András Gilyén; Seth Lloyd; Iman Marvian; Yihui Quek; Mark M. Wilde,Physical Review Letters,E,harvest,L1,1,1,,,,,same broad field only,no,,,
,10.1103/physrevlett.119.120506,10.1103/physrevlett.119.120506,,https://openalex.org/W2588904962,Quantum Communication Using Coherent Rejection Sampling,2017,Anurag Anshu; Vamsi Krishna Devabathini; Rahul Jain,Physical Review Letters,E,snowball,L1,1,1,,,,,same broad field only,no,,,
,10.1119/1.1463744,10.1119/1.1463744,,https://openalex.org/W1631356911,Quantum Computation and Quantum Information,2002,Michael A. Nielsen; Isaac L. Chuang; Lov K. Grover,American Journal of Physics,E,snowball,L1,1,1,,,,,Nielsen-Chuang review,no,,,
,10.1103/physrevlett.80.4329,10.1103/physrevlett.80.4329,,https://openalex.org/W1965765304,Quantum Computers Can Search Rapidly by Using Almost Any Transformation,1998,Lov K. Grover,Physical Review Letters,K,snowball,L1,1,1,,,,,generalized Grover search,no,,,
,10.1103/physrevlett.85.1762,10.1103/physrevlett.85.1762,,https://openalex.org/W2094146919,Quantum Computing Using Dissipation to Remain in a Decoherence-Free Subspace,2000,Almut Beige; Daniel Braun; Ben Tregenna; P. L. Knight,Physical Review Letters,J,snowball,L1,1,1,,,,,same broad field only,no,,,
,10.48550/arxiv.1907.09415,10.48550/arxiv.1907.09415,,https://openalex.org/W2963958487,Quantum Computing: Lecture Notes,2019,Ronald de Wolf,arXiv (Cornell University),B,harvest,L1,1,1,,,,,same broad field only,no,,,
,10.1109/tit.2023.3272904,10.1109/tit.2023.3272904,,https://openalex.org/W4372055232,Quantum Differential Privacy: An Information Theory Perspective,2023,Christoph Hirche; Cambyse Rouzé; Daniel Stilck França,IEEE Transactions on Information Theory,E,harvest,L1,1,1,,,,,same broad field only,no,,,
,10.1103/physrevx.7.021021,10.1103/physrevx.7.021021,,https://openalex.org/W2582157661,Quantum Entanglement in Neural Network States,2017,Dong-Ling Deng; Xiaopeng Li; S. Das Sarma,Physical Review X,M,snowball,L1,1,1,,,,,same broad field only,no,,,
,10.1017/cbo9781139525343,10.1017/cbo9781139525343,,https://openalex.org/W1409569118,Quantum Information Theory,2013,Mark M. Wilde,Cambridge University Press eBooks,E;K,snowball,L1,1,1,,,,,same broad field only,no,,,
,10.1109/9780470544907.ch24,10.1109/9780470544907.ch24,,https://openalex.org/W245337057,Quantum Information Theory,2009,Kazuyuki Fujii,,E;K,snowball,L1,1,1,,,,,same broad field only,no,,,
,10.1103/physreva.41.2295,10.1103/physreva.41.2295,,https://openalex.org/W2012595974,Quantum Zeno effect,1990,Wayne M. Itano; D. J. Heinzen; J. J. Bollinger; D. J. Wineland,Physical Review A,J,snowball,L1,1,1,,,,,same broad field only,no,,,
,10.1088/0305-4470/30/4/031,10.1088/0305-4470/30/4/031,,https://openalex.org/W2064406553,Quantum Zeno effect and light - dark periods for a single atom,1997,Almut Beige; Gerhard C Hegerfeldt,Journal of Physics A Mathematical and General,J,harvest,L1,1,1,,,,,same broad field only,no,,,
,10.1103/physrevb.98.205136,10.1103/physrevb.98.205136,,https://openalex.org/W2886712022,Quantum Zeno effect and the many-body entanglement transition,2018,Yaodong Li; Xiao Chen; Matthew P. A. Fisher,Physical review. B./Physical review. B,J,snowball,L1,1,1,,,,,quantum Zeno physics/experiment,no,,,
,10.1038/s41467-026-74332-1,10.1038/s41467-026-74332-1,,https://openalex.org/W4415336546,Quantum Zeno effect in the spatial evolution of a single atom,2026,Zheng-Yuan Zhang; Han-Chao Chen; Xin Liu; Lihua Zhang; Bang Liu; Shi-Yao Shao,Nature Communications,J,harvest,L1,1,1,,,,,same broad field only,no,,,
,10.1088/1367-2630/18/5/053031,10.1088/1367-2630/18/5/053031,,https://openalex.org/W2213361400,Quantum Zeno effect in the strong measurement regime of circuit quantum electrodynamics,2016,D H Slichter; C Müller; R Vijay; S J Weber; A Blais; I Siddiqi,New Journal of Physics,J,harvest,L1,1,1,,,,,quantum Zeno physics/experiment,no,,,
,10.1103/physrevresearch.2.033212,10.1103/physrevresearch.2.033212,,https://openalex.org/W2998262898,Quantum adversarial machine learning,2020,Sirui Lu; Lu-Ming Duan; Dong-Ling Deng,Physical Review Research,K,harvest,L1,1,1,,,,,same broad field only,no,,,
,10.1103/revmodphys.86.1203,10.1103/revmodphys.86.1203,,https://openalex.org/W2078199982,Quantum channels and memory effects,2014,Filippo Caruso; Vittorio Giovannetti; Cosmo Lupo; Stefano Mancini,Reviews of Modern Physics,J;K,snowball,L1,1,1,,,,,quantum channels memory,no,,,
,10.1088/0034-4885/75/4/046001,10.1088/0034-4885/75/4/046001,,https://openalex.org/W2118945164,Quantum channels and their entropic characteristics,2012,A. S. Holevo; Vittorio Giovannetti,Reports on Progress in Physics,K,snowball,L1,1,1,,,,,same broad field only,no,,,
,10.1109/sfcs.1993.366852,10.1109/sfcs.1993.366852,,https://openalex.org/W2160083149,Quantum circuit complexity,2002,Andrew Chi-Chih Yao,,K,snowball,L1,1,1,,,,,quantum circuit complexity,no,,,
,10.1103/physreva.51.2738,10.1103/physreva.51.2738,,https://openalex.org/W4231127907,Quantum coding,1995,Benjamin Schumacher,Physical Review A,K,snowball,L1,1,1,,,,,quantum information context; no projection-error bound,no,,,
,10.1038/ncomms11419,10.1038/ncomms11419,,https://openalex.org/W906791365,Quantum coding with finite resources,2016,Marco Tomamichel; Mario Berta; Joseph M. Renes,Nature Communications,E,snowball,L1,1,1,,,,,same broad field only,no,,,
,10.1145/167088.167097,10.1145/167088.167097,,https://openalex.org/W1993688167,Quantum complexity theory,1993,Ethan Bernstein; Umesh Vazirani,,K,snowball,L1,1,1,,,,,quantum complexity conference version,no,,,
,10.1080/17445760500355678,10.1080/17445760500355678,,https://openalex.org/W2046441464,Quantum computation and quantum information,2005,Marius Nagy; Selim G. Akl,International Journal of Parallel Emergent and Distributed Systems,K,snowball,L1,1,1,,,,,quantum computation text review,no,,,
,10.1145/505482.505499,10.1145/505482.505499,,https://openalex.org/W2764347725,Quantum computation and quantum information,2001,Jim Law,ACM SIGSOFT Software Engineering Notes,E,snowball,L1,1,1,,,,,Nielsen-Chuang review,no,,,
,10.1088/1361-6633/aa872f,10.1088/1361-6633/aa872f,,https://openalex.org/W2746329217,Quantum discord and its allies: a review of recent progress,2017,Anindita Bera; Tamoghna Das; Debasis Sadhukhan; Sudipto Singha Roy; Aditi Sen; Ujjwal Sen,Reports on Progress in Physics,K,harvest,L1,1,1,,,,,same broad field only,no,,,
,10.48550/arxiv.2302.03568,10.48550/arxiv.2302.03568,,https://openalex.org/W4319653990,Quantum dynamics of coupled excitons and phonons in chain-like systems: tensor train approaches and higher-order propagators,2023,Patrick Gelß; Sebastian Matera; Rupert Klein; Burkhard Schmidt,arXiv (Cornell University),A,harvest,L1,1,1,,,,R9,tensor network method/application; no error theorem,no,,,
,10.1088/0034-4885/76/7/076001,10.1088/0034-4885/76/7/076001,,https://openalex.org/W2097527197,Quantum error correction for beginners,2013,Simon J. Devitt; William J. Munro; Kae Nemoto,Reports on Progress in Physics,F;J,harvest,L1,1,1,,,,,same broad field only,no,,,
,10.4171/jems/458,10.4171/jems/458,,https://openalex.org/W2963433277,Quantum expanders and geometry of operator spaces,2014,Gilles Pisier,Journal of the European Mathematical Society,D,harvest,L1,1,1,,,,,operator spaces,no,,,
,10.3389/fcomp.2026.1879630,10.3389/fcomp.2026.1879630,,https://openalex.org/W7204466102,Quantum generative AI foundation models: integrating VQAs with fault-tolerant error correction,2026,Radhakrishnan Delhibabu,Frontiers in Computer Science,A,harvest,L1,1,1,,,,,Speculative quantum generative models with isometric tree tensor networks; background,no,,,
,10.1145/1008731.1008735,10.1145/1008731.1008735,,https://openalex.org/W2034038586,Quantum lower bounds for the collision and the element distinctness problems,2004,Scott Aaronson; Yaoyun Shi,Journal of the ACM,K,snowball,L1,1,1,,,,,collision lower bounds,no,,,
,10.1103/physreva.99.022339,10.1103/physreva.99.022339,,https://openalex.org/W2751437615,Quantum search with hybrid adiabatic–quantum-walk algorithms and realistic noise,2019,James G. Morley; Nicholas Chancellor; Sougato Bose; Viv Kendon,Physical Review A,K,harvest,L1,1,1,,,,,same broad field only,no,,,
,10.1098/rspa.2015.0301,10.1098/rspa.2015.0301,,https://openalex.org/W2164248509,Quantum speedup of Monte Carlo methods,2015,Ashley Montanaro,Proceedings of the Royal Society A Mathematical Physical and Engineering Sciences,K,snowball,L1,1,1,,,,,quantum Monte Carlo speedup,no,,,
,10.1038/s41534-024-00805-0,10.1038/s41534-024-00805-0,,https://openalex.org/W4391227260,Quantum state preparation of normal distributions using matrix product states,2024,Jason Iaconis; Sonika Johri; Elton Yechao Zhu,npj Quantum Information,M,harvest,L1,1,1,,,,,same broad field only,no,,,
,quantumtheoryofopensystems,,,https://openalex.org/W2124714273,Quantum theory of open systems,1976,E. B. Davies,,K,snowball,L1,1,1,,,,,open quantum systems,no,,,
,10.1080/00018732.2014.933502,10.1080/00018732.2014.933502,,https://openalex.org/W1972316072,Quantum trajectories and open many-body quantum systems,2014,Andrew J. Daley,Advances In Physics,J;K;M,harvest+snowball,L1,1,1,,,,,same broad field only,no,,,
,10.1007/s00023-023-01358-2,10.1007/s00023-023-01358-2,,https://openalex.org/W4283325020,Random Tensor Networks with Non-trivial Links,2023,Newton Cheng; Cécilia Lancien; Geoff Penington; Michael Walter; Freek Witteveen,Annales Henri Poincaré,E,harvest,L1,1,1,,,,R9,general tensor decomposition/network,no,,,
,10.1137/15m1044680,10.1137/15m1044680,,https://openalex.org/W2616932734,Randomized QR with Column Pivoting,2017,Jed A. Duersch; Ming Gu,SIAM Journal on Scientific Computing,M,harvest,L1,1,1,,,,,same broad field only,no,,,
,10.1007/s10444-018-9622-8,10.1007/s10444-018-9622-8,,https://openalex.org/W2852445398,Randomized algorithms for the approximations of Tucker and the tensor train decompositions,2018,Maolin Che; Yimin Wei,Advances in Computational Mathematics,A,snowball,L2,1,3,1,ABSTRACT_ONLY,Randomized Tucker/TT error bounds (in expectation),R9,Randomized range-finder Tucker/TT bounds in expectation; unrelated to deterministic accumulated projection defects.,no,,screening/level2_A.csv,
,10.1103/physrevx.11.041039,10.1103/physrevx.11.041039,,https://openalex.org/W3216902878,Randomized compiling for scalable quantum computing on a noisy superconducting quantum processor,2020,Akel Hashim; Ravi Naik; Alexis Morvan; Jean-Loup Ville; Bradley Mitchell; John Mark Kreikebaum,arXiv (Cornell University),K,harvest,L1,1,1,,,,,same broad field only,no,,,
,10.1007/s00220-004-1087-6,10.1007/s00220-004-1087-6,,https://openalex.org/W1980744208,Randomizing Quantum States: Constructions and Applications,2004,Patrick Hayden; Debbie Leung; Peter W. Shor; Andreas Winter,Communications in Mathematical Physics,M,snowball,L1,1,1,,,,,randomizing quantum states,no,,,
,ranknullitytheoreminlinearalgebra,,,https://openalex.org/W2404994878,Rank-Nullity Theorem in Linear Algebra.,2013,Jose Divasón; Jesús Aransay,,H,snowball,L1,1,1,,,,,formal rank-nullity,no,,,
,10.1007/978-3-0348-6253-0_7,10.1007/978-3-0348-6253-0_7,,https://openalex.org/W1577020372,Rate of Convergence of the Method of Alternating Projections,1984,Frank Deutsch,International series of numerical mathematics,I,snowball,L2,1,3,1,ABSTRACT_ONLY,"Deutsch, ISNM 72 (1984) 96-107, main rate theorem (seen only via abstract and restatements in Bauschke-Deutsch-Hundal arXiv:0710.2387 and Badea-Grivaux-Muller arXiv:1006.2047)",none,"Classical proof of the angle-based rate for von Neumann alternating projections (error of iterated two-projection products versus projection onto the intersection, governed by the Friedrichs angle); different quantity, no inserted projections, no defect constraint, background only.",no,,screening/level2_B2.csv,
,10.4208/cicp.oa-2017-0257,10.4208/cicp.oa-2017-0257,,https://openalex.org/W2911203136,Recursive POD Expansion for the Advection-Diffusion-Reaction Equation,2018,Mejdi Azaïez; Tomás Chacón Rebollo; Emma Perracchione; José M. Vega,Communications in Computational Physics,B,harvest,L1,1,1,,,,,broad numerical/operator analysis,no,,,
,10.1186/s40323-016-0060-1,10.1186/s40323-016-0060-1,,https://openalex.org/W2294031079,Recursive POD expansion for reaction-diffusion equation,2016,Mejdi Azaïez; Faker Ben Belgacem; Tomás Chacón Rebollo,Advanced Modeling and Simulation in Engineering Sciences,B,harvest,L1,1,1,,,,,broad numerical/operator analysis,no,,,
,10.1137/040607277,10.1137/040607277,,https://openalex.org/W1975714268,Recycling Krylov Subspaces for Sequences of Linear Systems,2006,Michael L. Parks; Eric de Sturler; Greg Mackey; D. D. Johnson; Spandan Maiti,SIAM Journal on Scientific Computing,G,harvest,L1,1,1,,,,,same broad field only,no,,,
,10.1007/s11831-008-9019-9,10.1007/s11831-008-9019-9,,https://openalex.org/W2052690618,Reduced Basis Approximation and a Posteriori Error Estimation for Affinely Parametrized Elliptic Coercive Partial Differential Equations,2008,Gianluigi Rozza; D.B.P. Huynh; A.T. Patera,Archives of Computational Methods in Engineering,C;F,harvest,L1,1,1,,,,,same broad field only,no,,,
,10.1023/b:svan.0000023394.19482.30,10.1023/b:svan.0000023394.19482.30,,https://openalex.org/W2033316062,Regularity and Conditioning of Solution Mappings in Variational Analysis,2004,Asen L. Dontchev; R. T. Rockafellar,Set-Valued Analysis,D,snowball,L1,1,1,,,,,variational analysis conditioning,no,,,
,10.1103/physrevlett.117.020402,10.1103/physrevlett.117.020402,,https://openalex.org/W1920749059,Relating the Resource Theories of Entanglement and Quantum Coherence,2016,Eric Chitambar; Min-Hsiu Hsieh,Physical Review Letters,K,snowball,L1,1,1,,,,,same broad field only,no,,,
,10.2140/pjm.1961.11.1315,10.2140/pjm.1961.11.1315,,https://openalex.org/W1990824892,Relative self-adjoint operators in Hilbert space,1961,Magnus R. Hestenes,Pacific Journal of Mathematics,G,harvest,L1,1,1,,,,,same broad field only,no,,,
,10.1103/physrevlett.109.120403,10.1103/physrevlett.109.120403,,https://openalex.org/W2029147467,Reliable Quantum State Tomography,2012,Matthias Christandl; Renato Renner,Physical Review Letters,E,snowball,L1,1,1,,,,,same broad field only,no,,,
,10.48550/arxiv.2202.01244,10.48550/arxiv.2202.01244,,https://openalex.org/W4221160560,Reliably assessing the electronic structure of cytochrome P450 on today's classical computers and tomorrow's quantum computers,2022,Joshua J. Goings; Alec F. White; Joonho Lee; Christofer S. Tautermann; Matthias Degroote; Craig Gidney,arXiv (Cornell University),M,harvest,L1,1,1,,,,,same broad field only,no,,,
,10.1109/tit.2004.839476,10.1109/tit.2004.839476,,https://openalex.org/W2119541346,Remote Preparation of Quantum States,2005,C.H. Bennett; P. Hayden; D.W. Leung; P.W. Shor; A. Winter,IEEE Transactions on Information Theory,K,snowball,L1,1,1,,,,,same broad field only,no,,,
,10.48550/arxiv.cond-mat/0407066,10.48550/arxiv.cond-mat/0407066,,https://openalex.org/W1570334424,Renormalization algorithms for Quantum-Many Body Systems in two and higher dimensions,2004,Frank Verstraete; J. I. Cirac,arXiv (Cornell University),B,snowball,L1,1,1,,,,,same broad field only,no,,,
,10.1088/1751-8113/42/50/504004,10.1088/1751-8113/42/50/504004,,https://openalex.org/W2165008728,Renormalization and tensor product states in spin chains and lattices,2009,J Ignacio Cirac; Frank Verstraete,Journal of Physics A Mathematical and Theoretical,F;M,harvest+snowball,L1,1,1,,,,,Review of tensor product states including tree tensor states; background,no,,,
,renormalizationandtensorproductstatesinspinchainsandlattices,,,https://openalex.org/W3099568394,Renormalization and tensor product states in spin chains and lattices,2009,"J. I. Cirac; Verstraete, F.",MPG.PuRe (Max Planck Society),M,snowball,L1,1,1,,,,,Review of tensor product states including tree tensor states; background,no,,,
,10.1103/physrevlett.94.140601,10.1103/physrevlett.94.140601,,https://openalex.org/W2063196329,Renormalization-Group Transformations on Quantum States,2005,Frank Verstraete; J. I. Cirac; José I. Latorre; E. Rico; M. M. Wolf,Physical Review Letters,M,snowball,L1,1,1,,,,,RG on quantum states,no,,,
,10.1016/j.jat.2016.02.001,10.1016/j.jat.2016.02.001,,https://openalex.org/W2207201412,Ritt operators and convergence in the method of alternating projections,2016,Cătălin Badea; David Seifert,Journal of Approximation Theory,I,harvest+snowball,L2,1,3,1,FULL_TEXT,Theorem 4.3 incl. Eq. (4.3) (non-sharp exponential rate in terms of c(M_1..M_N); unconditional series convergence; o(n^-alpha) on dense subspaces); Sec. 2 Ritt-operator results (read via arXiv:1510.04560v2),none (adjacent to R1b),"Ritt-operator approach giving a non-sharp geometric rate estimate and dense-set polynomial rates for cyclic alternating projections; convergence to the intersection only, with no projection-insertion error, so no Theorem R claim is implied.",no,,screening/level2_B1.csv,
,10.1109/tpami.2021.3072422,10.1109/tpami.2021.3072422,,https://openalex.org/W3168156488,Robust Differentiable SVD,2021,Wei Wang; Zheng Dang; Yinlin Hu; Pascal Fua; Mathieu Salzmann,IEEE Transactions on Pattern Analysis and Machine Intelligence,M,harvest,L1,1,1,,,,,same broad field only,no,,,
,10.1088/1367-2630/17/8/083040,10.1088/1367-2630/17/8/083040,,https://openalex.org/W2128966718,Robustness and device independence of verifiable blind quantum computing,2015,Alexandru Gheorghiu; Elham Kashefi; Petros Wallden,New Journal of Physics,K,harvest,L1,1,1,,,,,quantum information context; no projection-error bound,no,,,
,10.1615/int.j.uncertaintyquantification.2014010147,10.1615/int.j.uncertaintyquantification.2014010147,,https://openalex.org/W2074177179,SPARSE MULTIRESOLUTION REGRESSION FOR UNCERTAINTY PROPAGATION,2014,Daniele E. Schiavazzi; Alireza Doostan; Gianluca Iaccarino,International Journal for Uncertainty Quantification,B,harvest,L1,1,1,,,,,same broad field only,no,,,
,10.23919/ecc65951.2025.11187068,10.23919/ecc65951.2025.11187068,,https://openalex.org/W4415179431,Scaled Relative Graph Analysis of Lur’e Systems and the Generalized Circle Criterion,2025,Julius P. J. Krebbekx; Roland Tóth; Amritam Das,,D,snowball,L1,1,1,,,,,SRG Lur'e systems,no,,,
,10.1016/j.ejcon.2024.101050,10.1016/j.ejcon.2024.101050,,https://openalex.org/W4399715761,Scaled graphs for reset control system analysis,2024,Sebastiaan van den Eijnden; Thomas Chaffey; Tom Oomen; W.P.M.H. Heemels,European Journal of Control,D,snowball,L1,1,1,,,,,SRG reset control,no,,,
,10.1016/j.ejcon.2025.101335,10.1016/j.ejcon.2025.101335,,https://openalex.org/W4412983996,Scaled relative graphs for nonmonotone operators with applications in circuit theory,2025,Jan Quan; Brecht Evens; Rodolphe Sepulchre; Panagiotis Patrinos,European Journal of Control,D,snowball,L1,1,1,,,,,SRG circuit theory,no,,,
,10.1016/j.ejcon.2026.101576,10.1016/j.ejcon.2026.101576,,https://openalex.org/W7170392806,Scaled relative graphs for pairs of operators beyond classical monotonicity,2026,Jan Quan; Alexander Bodard; Konstantinos A. Oikonomidis; Panagiotis Patrinos,European Journal of Control,D,snowball,L1,1,1,,,,,SRG pairs of operators,no,,,
,10.3929/ethz-a-005115027,10.3929/ethz-a-005115027,,https://openalex.org/W2081349667,Security of quantum key distribution,2005,Renato Renner,Repository for Publications and Research Data (ETH Zurich),K,snowball,L1,1,1,,,,,QKD security thesis (purified distance),no,,,
,10.22331/q-2020-09-30-337,10.22331/q-2020-09-30-337,,https://openalex.org/W2942051472,Self-testing of quantum systems: a review,2020,Ivan Šupić; Joseph Bowles,Quantum,K,harvest,L1,1,1,,,,,same broad field only,no,,,
,10.1109/tsp.2014.2367460,10.1109/tsp.2014.2367460,,https://openalex.org/W2060198758,Sequential Matrix Diagonalization Algorithms for Polynomial EVD of Parahermitian Matrices,2014,Soydan Redif; Stephan Weiss; J.G. McWhirter,IEEE Transactions on Signal Processing,M,harvest,L1,1,1,,,,,same broad field only,no,,,
,10.1109/tsp.2009.2027740,10.1109/tsp.2009.2027740,,https://openalex.org/W2132970963,Sequential Unfolding SVD for Tensors With Applications in Array Signal Processing,2009,Jussi Salmi; Andreas Richter; V. Koivunen,IEEE Transactions on Signal Processing,A,snowball,L1,1,1,,,,,same broad field only,no,,,
,10.1137/24m1656530,10.1137/24m1656530,,https://openalex.org/W4407144813,Short Communication: FISTA Iterates Converge Linearly for Denoiser-Driven Regularization,2025,Arghya Sinha; Kunal N. Chaudhury,SIAM Journal on Imaging Sciences,D,snowball,L1,1,1,,,,,FISTA denoiser convergence,no,,,
,10.1007/11593447_11,10.1007/11593447_11,,https://openalex.org/W2150154572,Simple and Tight Bounds for Information Reconciliation and Privacy Amplification,2005,Renato Renner; Stefan Wolf,Lecture notes in computer science,E,snowball,L1,1,1,,,,,same broad field only,no,,,
,10.1137/18m1174726,10.1137/18m1174726,,https://openalex.org/W2494499351,Simple and Tight Device-Independent Security Proofs,2019,Rotem Arnon-Friedman; Renato Renner; Thomas Vidick,SIAM Journal on Computing,E,snowball,L1,1,1,,,,,same broad field only,no,,,
,10.1137/050644756,10.1137/050644756,,https://openalex.org/W2072969317,Simulating Quantum Computation by Contracting Tensor Networks,2008,Igor L. Markov; Yaoyun Shi,SIAM Journal on Computing,B,snowball,L1,1,1,,,,R9,tensor network method/application; no error theorem,no,,,
,10.1103/physrevb.82.205105,10.1103/physrevb.82.205105,,https://openalex.org/W1976879565,Simulating strongly correlated quantum systems with tree tensor networks,2010,V. Murg; Frank Verstraete; Örs Legeza; R. M. Noack,Physical Review B,M,snowball,L1,1,1,,,,R9,tensor network method/application; no error theorem,no,,,
,10.4171/zaa/1663,10.4171/zaa/1663,,https://openalex.org/W2995434321,Singular Value Decomposition in Sobolev Spaces: Part I,2020,Mazen Ali; Anthony Nouy,Zeitschrift für Analysis und ihre Anwendungen,A,snowball,L1,1,1,,,,,same broad field only,no,,,
,10.1016/j.jat.2010.05.002,10.1016/j.jat.2010.05.002,,https://openalex.org/W2059478119,Slow convergence of sequences of linear operators II: Arbitrarily slow convergence,2010,Frank Deutsch; Hein Hundal,Journal of Approximation Theory,I,snowball,L2,1,3,1,ABSTRACT_ONLY,"Deutsch-Hundal, J. Approx. Theory 162 (2010) 1717-1738; abstract only: Thm 3.3 (lethargy theorem), dichotomy theorem for powers of one operator",none,"Lethargy/dichotomy theorems showing pointwise convergence of operator sequences (e.g. projection products) is either linear or arbitrarily slow; qualitative rate theory with no sharp finite-k constant, background only.",no,,screening/level2_B2.csv,
,10.1109/tit.2009.2018340,10.1109/tit.2009.2018340,,https://openalex.org/W2043792910,Smooth Entropies and the Quantum Information Spectrum,2009,Nilanjana Datta; Renato Renner,IEEE Transactions on Information Theory,E,snowball,L1,1,1,,,,,smooth entropies,no,,,
,10.1109/tit.2013.2295314,10.1109/tit.2013.2295314,,https://openalex.org/W2112065886,Smooth Max-Information as One-Shot Generalization for Mutual Information,2014,Nikola Ciganović; Normand J. Beaudry; Renato Renner,IEEE Transactions on Information Theory,E,harvest,L1,1,1,,,,,same broad field only,no,,,
,10.1145/3293880.3294093,10.1145/3293880.3294093,,https://openalex.org/W2908479200,Smooth manifolds and types to sets for linear algebra in Isabelle/HOL,2019,Fabian Immler; Bohua Zhan,,H,snowball,L1,1,1,,,,,Isabelle manifolds linear algebra,no,,,
,10.1137/110833142,10.1137/110833142,,https://openalex.org/W1968119930,Solution of Linear Systems and Matrix Inversion in the TT-Format,2012,Ivan Oseledets; Sergey Dolgov,SIAM Journal on Scientific Computing,A;B,snowball,L1,1,1,,,,,same broad field only,no,,,
,10.1017/s0962492919000059,10.1017/s0962492919000059,,https://openalex.org/W2952020389,Solving inverse problems using data-driven models,2019,Simon Arridge; Peter Maaß; Ozan Öktem; Carola‐Bibiane Schönlieb,Acta Numerica,E,harvest,L1,1,1,,,,,same broad field only,no,,,
,10.1088/0266-5611/31/12/125008,10.1088/0266-5611/31/12/125008,,https://openalex.org/W2962761770,Solving systems of phaseless equations via Kaczmarz methods: a proof of concept study,2015,Ke Wei,Inverse Problems,I,snowball,L1,1,1,,,,,phaseless Kaczmarz application,no,,,
,10.1137/1002004,10.1137/1002004,,https://openalex.org/W2003912160,Some Applications of the Pseudoinverse of a Matrix,1960,T. N. E. Greville,SIAM Review,B,harvest,L1,1,1,,,,,same broad field only,no,,,
,10.1007/bfb0120929,10.1007/bfb0120929,,https://openalex.org/W1583089965,Some continuity properties of polyhedral multifunctions,1981,Stephen M. Robinson,Mathematical programming studies,D,snowball,L1,1,1,,,,,polyhedral multifunctions,no,,,
,10.1090/s0025-5718-1991-1066830-3,10.1090/s0025-5718-1991-1066830-3,,https://openalex.org/W2042732056,Some estimates for a weighted 𝐿² projection,1991,James H. Bramble; Jinchao Xu,Mathematics of Computation,C,harvest,L1,1,1,,,,,broad numerical/operator analysis,no,,,
,10.1109/78.324732,10.1109/78.324732,,https://openalex.org/W2161623414,Space-alternating generalized expectation-maximization algorithm,1994,Jeffrey A. Fessler; Alfred O. Hero,IEEE Transactions on Signal Processing,I,harvest+snowball,L1,1,1,,,,,same broad field only,no,,,
,sparselowrankapproximationofmultivariatefunctionsapplicationsinuncertaintyquantification,,,https://openalex.org/W2738242027,Sparse Low Rank Approximation of Multivariate Functions – Applications in Uncertainty Quantification,2014,Prashant Rai,HAL (Le Centre pour la Communication Scientifique Directe),A,harvest,L1,1,1,,,,,same broad field only,no,,,
,10.1017/s0962492911000055,10.1017/s0962492911000055,,https://openalex.org/W2083754610,Sparse tensor discretizations of high-dimensional parametric and stochastic PDEs,2011,Christoph Schwab; Claude Jeffrey Gittelson,Acta Numerica,A,harvest,L1,1,1,,,,R9,tensor network method/application; no error theorem,no,,,
,10.48550/arxiv.2102.00554,10.48550/arxiv.2102.00554,,https://openalex.org/W4287363917,Sparsity in Deep Learning: Pruning and growth for efficient inference\n and training in neural networks,2021,Torsten Hoefler; Dan Alistarh; Tal Ben‐Nun; Nikoli Dryden; Alexandra Peşte,arXiv (Cornell University),N,harvest,L1,1,1,,,,,same broad field only,no,,,
,10.1515/9780691213101,10.1515/9780691213101,,https://openalex.org/W149522324,Spectra and Pseudospectra,2005,Lloyd N. Trefethen; Mark Embree,Princeton University Press eBooks,D,snowball,L1,1,1,,,,,pseudospectra monograph,no,,,
,10.1137/15m1036919,10.1137/15m1036919,,https://openalex.org/W1858056047,Spectral Tensor-Train Decomposition,2016,Daniele Bigoni; Allan Peter Engsig‐Karup; Youssef Marzouk,SIAM Journal on Scientific Computing,A,harvest+snowball,L1,1,1,,,,,same broad field only,no,,,
,10.18311/jims/1960/16934,10.18311/jims/1960/16934,,https://openalex.org/W2944662566,Spectral Theory in Hilbert Space,1960,Mukundan Venkataraman,Journal of the Indian Mathematical Society,I,snowball,L1,1,1,,,,,Hilbert space spectral theory,no,,,
,spectraltheoryinthehilbertspace,,,https://openalex.org/W575396454,Spectral theory in the Hilbert space,1953,秀五郎 中野,Medical Entomology and Zoology,I,snowball,L1,1,1,,,,,Hilbert space spectral theory,no,,,
,10.1137/0716071,10.1137/0716071,,https://openalex.org/W2019569173,Splitting Algorithms for the Sum of Two Nonlinear Operators,1979,Pierre‐Louis Lions; Bertrand Mercier,SIAM Journal on Numerical Analysis,D,snowball,L1,1,1,,,,,splitting algorithms,no,,,
,10.1103/physrevresearch.2.013095,10.1103/physrevresearch.2.013095,,https://openalex.org/W2978274548,Stabilizing open quantum batteries by sequential measurements,2020,Stefano Gherardini; Francesco Campaioli; Filippo Caruso; Felix C. Binder,Physical Review Research,J,harvest,L1,1,1,,,,,same broad field only,no,,,
,10.48550/arxiv.1510.00504,10.48550/arxiv.1510.00504,,https://openalex.org/W2962684767,Stable recovery of low-dimensional cones in Hilbert spaces: One RIP to\n rule them all,2015,Yann Traonmilin; Rémi Gribonval,arXiv (Cornell University),G,harvest,L1,1,1,,,,,broad numerical/operator analysis,no,,,
,10.1137/16m1097638,10.1137/16m1097638,,https://openalex.org/W2529725405,Steady-State and Periodic Exponential Turnpike Property for Optimal Control Problems in Hilbert Spaces,2018,Emmanuel Trélat; Can Zhang; Enrique Zuazua,SIAM Journal on Control and Optimization,G,harvest,L1,1,1,,,,,same broad field only,no,,,
,10.1103/physrevlett.100.167202,10.1103/physrevlett.100.167202,,https://openalex.org/W2097903774,String Order and Symmetries in Quantum Spin Lattices,2008,David Pérez-Garcı́a; M. M. Wolf; Mikel Sanz; Frank Verstraete; J. I. Cirac,Physical Review Letters,M,snowball,L1,1,1,,,,,string order,no,,,
,10.1007/s00220-014-2122-x,10.1007/s00220-014-2122-x,,https://openalex.org/W2168792807,Strong Converse for the Classical Capacity of Entanglement-Breaking and Hadamard Channels via a Sandwiched Rényi Relative Entropy,2014,Mark M. Wilde; Andreas Winter; Dong Yang,Communications in Mathematical Physics,K,snowball,L1,1,1,,,,,same broad field only,no,,,
,10.1126/science.1155309,10.1126/science.1155309,,https://openalex.org/W2024927943,Strong Dissipation Inhibits Losses and Induces Correlations in Cold Molecular Gases,2008,N. Syassen; D. Bauer; Matthias Lettner; Thomas Volz; D. Dietze; Juan José García‐Ripoll,Science,J,snowball,L1,1,1,,,,,dissipation-induced Zeno in molecules,no,,,
,10.1109/18.796386,10.1109/18.796386,,https://openalex.org/W2115328106,Strong converse to the quantum channel coding theorem,1999,Tomohiro Ogawa; Hiroshi Nagaoka,IEEE Transactions on Information Theory,K,snowball,L1,1,1,,,,,strong converse quantum coding,no,,,
,10.21468/scipostphys.9.5.070,10.21468/scipostphys.9.5.070,,https://openalex.org/W3012661739,Studying dynamics in two-dimensional quantum lattices using tree tensor network states,2020,Benedikt Kloss; David Reichman; Yevgeny Bar Lev,SciPost Physics,A,harvest,L1,1,1,,,,R9,tensor network method/application; no error theorem,no,,,
,10.4310/jdg/1214440436,10.4310/jdg/1214440436,,https://openalex.org/W1512416545,Sub-Riemannian geometry,1986,Robert S. Strichartz,Journal of Differential Geometry,E,harvest,L1,1,1,,,,,same broad field only,no,,,
,10.1007/bf02392585,10.1007/bf02392585,,https://openalex.org/W2088225413,Subalgebras of C*-algebras III: Multivariable operator theory,1998,Whilliam Arveson,Acta Mathematica,G,harvest,L1,1,1,,,,,same broad field only,no,,,
,10.1109/lsp.2014.2303153,10.1109/lsp.2014.2303153,,https://openalex.org/W2111754487,Successive Projection Method for Well-Conditioned Matrix Approximation Problems,2014,Mirai Tanaka; Kazuhide Nakata,IEEE Signal Processing Letters,I,snowball,L1,1,1,,,,,projection algorithm application,no,,,
,10.1016/0010-4655(89)90147-1,10.1016/0010-4655(89)90147-1,,https://openalex.org/W2059238508,Super-matrix methods,1989,Ernest R. Davidson,Computer Physics Communications,B,snowball,L1,1,1,,,,,super-matrix methods,no,,,
,10.4064/fm-3-1-133-181,10.4064/fm-3-1-133-181,,https://openalex.org/W1458771408,Sur les opérations dans les ensembles abstraits et leur application aux équations intégrales,1922,Stefan Banach,Fundamenta Mathematicae,D,snowball,L1,1,1,,,,,Banach thesis; fixed point,no,,,
,10.1103/physrevlett.90.157903,10.1103/physrevlett.90.157903,,https://openalex.org/W2011013484,Symmetric Extensions of Quantum States and Local Hidden Variable Theories,2003,Barbara M. Terhal; Andrew C. Doherty; David Schwab,Physical Review Letters,M,snowball,L1,1,1,,,,,same broad field only,no,,,
,10.1016/s0375-9601(99)00365-5,10.1016/s0375-9601(99)00365-5,,https://openalex.org/W3037347557,Symmetrizing evolutions,1999,Paolo Zanardi,Physics Letters A,J,snowball,L1,1,1,,,,,symmetrizing evolutions,no,,,
,10.1090/s0002-9939-04-07245-4,10.1090/s0002-9939-04-07245-4,,https://openalex.org/W1831289021,Symmetry of extremal functions for the Caffarelli-Kohn-Nirenberg inequalities,2004,Chang‐Shou Lin; Zhi-Qiang Wang,Proceedings of the American Mathematical Society,G,harvest,L1,1,1,,,,,extremal-function symmetry; different inequality,no,,,
,10.48550/arxiv.2609.07319,10.48550/arxiv.2609.07319,,https://openalex.org/W7212020822,Symmetry-resolved tree tensor network analysis of Bell-state discrimination with ancilla-assisted passive linear optics,2026,Anand Kumar; Wojciech Roga; Devendra Kumar Mishra; Masahiro Takeoka,arXiv (Cornell University),A,harvest,L1,1,1,,,,R9,tensor network method/application; no error theorem,no,,,
,10.1007/s00037-006-0212-7,10.1007/s00037-006-0212-7,,https://openalex.org/W2123056342,THE QUANTUM ADVERSARY METHOD AND CLASSICAL FORMULA SIZE LOWER BOUNDS,2006,Sophie Laplante; Troy Lee; Márió Szegedy,Computational Complexity,K,harvest,L1,1,1,,,,,quantum adversary/hybrid-type lower bounds,no,,,
,10.1515/rnam-2013-0009,10.1515/rnam-2013-0009,,https://openalex.org/W2077817396,TT-GMRES: solution to a linear system in the structured tensor format,2013,Sergey Dolgov,Russian Journal of Numerical Analysis and Mathematical Modelling,A,harvest,L1,1,1,,,,R9,tensor network method/application; no error theorem,no,,,
,10.1016/j.laa.2009.07.024,10.1016/j.laa.2009.07.024,,https://openalex.org/W2001518794,TT-cross approximation for multidimensional arrays,2009,Ivan Oseledets; Eugene E. Tyrtyshnikov,Linear Algebra and its Applications,A;B,harvest+snowball,L1,1,1,,,,,same broad field only,no,,,
,10.1109/tvcg.2019.2904063,10.1109/tvcg.2019.2904063,,https://openalex.org/W2808348679,TTHRESH: Tensor Compression for Multidimensional Visual Data,2019,Rafael Ballester‐Ripoll; Peter Lindström; Renato Pajarola,IEEE Transactions on Visualization and Computer Graphics,A,harvest,L1,1,1,,,,,same broad field only,no,,,
,10.48550/arxiv.1706.05341,10.48550/arxiv.1706.05341,,https://openalex.org/W2962801599,Taylor Expansions of the Value Function Associated with a Bilinear\n Optimal Control Problem,2017,Tobias Breiten; Karl Kunisch; Laurent Pfeiffer,arXiv (Cornell University),B,harvest,L1,1,1,,,,,broad numerical/operator analysis,no,,,
,10.1145/3278607,10.1145/3278607,,https://openalex.org/W2963472624,Tensor Completion Algorithms in Big Data Analytics,2019,Qingquan Song; Hancheng Ge; James Caverlee; Xia Hu,ACM Transactions on Knowledge Discovery from Data,A;B,harvest,L1,1,1,,,,,same broad field only,no,,,
,10.48550/arxiv.1711.10105,10.48550/arxiv.1711.10105,,https://openalex.org/W2770071122,Tensor Completion Algorithms in Big Data Analytics,2017,Qingquan Song; Hancheng Ge; James Caverlee; Xia Hu,arXiv (Cornell University),A,harvest,L1,1,1,,,,,same broad field only,no,,,
,10.1109/tcad.2016.2618879,10.1109/tcad.2016.2618879,,https://openalex.org/W2532981702,Tensor Computation: A New Framework for High-Dimensional Problems in EDA,2016,Zheng Zhang; Kim Batselier; Haotian Liu; Luca Daniel; Ngai Wong,IEEE Transactions on Computer-Aided Design of Integrated Circuits and Systems,B,harvest,L1,1,1,,,,,same broad field only,no,,,
,10.1109/tsp.2017.2690524,10.1109/tsp.2017.2690524,,https://openalex.org/W2469230926,Tensor Decomposition for Signal Processing and Machine Learning,2017,Nicholas D. Sidiropoulos; Lieven De Lathauwer; Xiao Fu; Kejun Huang; Evangelos E. Papalexakis; Christos Faloutsos,IEEE Transactions on Signal Processing,A;B;F;H,harvest,L1,1,1,,,,R9,general tensor decomposition/network,no,,,
,10.1109/msp.2013.2297439,10.1109/msp.2013.2297439,,https://openalex.org/W2119412403,Tensor Decompositions for Signal Processing Applications: From two-way to multiway component analysis,2015,Andrzej Cichocki; Danilo P. Mandic; Lieven De Lathauwer; Guoxu Zhou; Qibin Zhao; César F. Caiafa,IEEE Signal Processing Magazine,A;C,harvest,L1,1,1,,,,R9,general tensor decomposition/network,no,,,
,10.1109/tsp.2015.2458785,10.1109/tsp.2015.2458785,,https://openalex.org/W1654951425,Tensor Deflation for CANDECOMP/PARAFAC— Part I: Alternating Subspace Update Algorithm,2015,Anh Huy Phan; Petr Tichavský; Andrzej Cichocki,IEEE Transactions on Signal Processing,D,harvest,L1,1,1,,,,R9,general tensor decomposition/network,no,,,
,10.1007/978-3-030-34489-4,10.1007/978-3-030-34489-4,,https://openalex.org/W2965088710,Tensor Network Contractions,2020,Shi-Ju Ran; Emanuele Tirrito; Peng Cheng; Xi Chen; Luca Tagliacozzo; Gang Su,Lecture notes in physics,F,harvest,L1,1,1,,,,R9,general tensor decomposition/network,no,,,
,10.48550/arxiv.1407.3124,10.48550/arxiv.1407.3124,,https://openalex.org/W1636040588,Tensor Networks for Big Data Analytics and Large-Scale Optimization Problems,2014,Andrzej Cichocki,arXiv (Cornell University),A;B,harvest,L1,1,1,,,,R9,general tensor decomposition/network,no,,,
,10.1561/2200000067,10.1561/2200000067,,https://openalex.org/W2617994470,Tensor Networks for Dimensionality Reduction and Large-Scale Optimizations Part 2 Applications and Future Perspectives,2017,Andrzej Cichocki; Anh-Huy Phan; Qibin Zhao; Namgil Lee; Ivan Oseledets; Masashi Sugiyama,Foundations and Trends® in Machine Learning,A,harvest+snowball,L1,1,1,,,,R9,general tensor decomposition/network,no,,,
,10.48550/arxiv.1707.08308,10.48550/arxiv.1707.08308,,https://openalex.org/W2738900641,Tensor Regression Networks,2017,"Jean Kossaifi; Zachary C. Lipton; Kolbeinsson, Arinbjorn; Aran Khanna; Tommaso Furlanello; Anima Anandkumar",arXiv (Cornell University),A,harvest,L1,1,1,,,,,Tensor contraction and regression layers in CNNs; background multilinear ML,no,,,
,10.48550/arxiv.1606.05535,10.48550/arxiv.1606.05535,,https://openalex.org/W2431890537,Tensor Ring Decomposition,2016,Qibin Zhao; Guoxu Zhou; Shengli Xie; Liqing Zhang; Andrzej Cichocki,arXiv (Cornell University),A;F;M,harvest+snowball,L1,1,1,,,,R9,general tensor decomposition/network,no,,,
,10.48550/arxiv.1801.02662,10.48550/arxiv.1801.02662,,https://openalex.org/W2783032531,Tensor network ranks,2018,Ke Ye; Lek‐Heng Lim,arXiv (Cornell University),B,snowball,L1,1,1,,,,R9,general tensor decomposition/network,no,,,
,10.1038/s41467-019-09039-7,10.1038/s41467-019-09039-7,,https://openalex.org/W2918753435,Tensor network simulation of multi-environmental open quantum dynamics via machine learning and entanglement renormalisation,2019,Florian A. Y. N. Schröder; David H. P. Turban; Andrew J. Musser; Nicholas D. M. Hine; Alex W. Chin,Nature Communications,A,snowball,L1,1,1,,,,R9,tensor network method/application; no error theorem,no,,,
,10.1098/rspa.2023.0218,10.1098/rspa.2023.0218,,https://openalex.org/W4384830735,Tensor networks for quantum machine learning,2023,Hans-Martin Rieser; Frank Köster; Arne Raulf,Proceedings of the Royal Society A Mathematical Physical and Engineering Sciences,A,harvest,L1,1,1,,,,,Review of tensor networks for quantum machine learning; background,no,,,
,10.1002/qua.24898,10.1002/qua.24898,,https://openalex.org/W1690544311,Tensor product methods and entanglement optimization forab initioquantum chemistry,2015,Szilárd Szalay; Max J. Pfeffer; V. Murg; Gergely Barcza; Frank Verstraete; Reinhold Schneider,International Journal of Quantum Chemistry,A;M,harvest+snowball,L1,1,1,,,,R9,tensor network method/application; no error theorem,no,,,
,tensorproductmethodsinnumericalsimulationofhighdimensionaldynamicalproblems,,,https://openalex.org/W2530898019,Tensor product methods in numerical simulation of high-dimensional dynamical problems,2014,Sergey Dolgov,Qucosa (Saxon State and University Library Dresden),A,harvest,L1,1,1,,,,R9,tensor network method/application; no error theorem,no,,,
,10.1016/0196-6774(90)90014-6,10.1016/0196-6774(90)90014-6,,https://openalex.org/W2106221905,Tensor rank is NP-complete,1990,Johan Håstad,Journal of Algorithms,A,snowball,L1,1,1,,,,,same broad field only,no,,,
,10.1109/access.2019.2908207,10.1109/access.2019.2908207,,https://openalex.org/W2933910221,Tensor-Based Channel Estimation for Massive MIMO-OFDM Systems,2019,Daniel Costa Araujo; André L. F. de Almeida; João Paulo C. L. da Costa; Rafael T. de Sousa,IEEE Access,A,harvest,L1,1,1,,,,,same broad field only,no,,,
,10.1137/100785715,10.1137/100785715,,https://openalex.org/W2084617396,Tensor-Structured Galerkin Approximation of Parametric and Stochastic Elliptic PDEs,2011,Boris N. Khoromskij; Christoph Schwab,SIAM Journal on Scientific Computing,A,snowball,L1,1,1,,,,,same broad field only,no,,,
,10.1073/pnas.2015851118,10.1073/pnas.2015851118,,https://openalex.org/W3179935684,Tensor-tensor algebra for optimal representation and compression of multiway data,2021,Misha E. Kilmer; Lior Horesh; Haim Avron; Elizabeth Newman,Proceedings of the National Academy of Sciences,A,snowball,L1,1,1,,,,R9,general tensor decomposition/network,no,,,
,10.1145/2432622.2432625,10.1145/2432622.2432625,,https://openalex.org/W2144362128,"Testing Product States, Quantum Merlin-Arthur Games and Tensor Optimization",2013,Aram W. Harrow; Ashley Montanaro,Journal of the ACM,K,snowball,L1,1,1,,,,,quantum information context; no projection-error bound,no,,,
,10.1137/100818893,10.1137/100818893,,https://openalex.org/W2031216664,The Alternating Linear Scheme for Tensor Optimization in the Tensor Train Format,2012,Sebastian Holtz; Thorsten Rohwedder; Reinhold Schneider,SIAM Journal on Scientific Computing,A;B,snowball,L1,1,1,,,,R9,tensor network method/application; no error theorem,no,,,
,10.5281/zenodo.20920816,10.5281/zenodo.20920816,,https://openalex.org/W7166012337,"The Bost-Connes Modular Generator as a candidate Hilbert-Pólya Operator, formalized in Lean 4",2026,G Six,Zenodo (CERN European Organization for Nuclear Research),H,harvest,L1,1,1,,,,,"Lean/formalization, unrelated result",no,,,
,10.5281/zenodo.20916427,10.5281/zenodo.20916427,,https://openalex.org/W7166140960,"The Bost-Connes Modular Generator as a candidate Hilbert-Pólya Operator, formalized in Lean 4",2026,G Six,Zenodo (CERN European Organization for Nuclear Research),H,harvest,L1,1,1,,,,,"Lean/formalization, unrelated result",no,,,
,10.5281/zenodo.20925877,10.5281/zenodo.20925877,,https://openalex.org/W7166018983,"The Bost-Connes Modular Generator as a candidate Hilbert-Pólya Operator, formalized in Lean 4",2026,G Six,Zenodo (CERN European Organization for Nuclear Research),H,harvest,L1,1,1,,,,,"Lean/formalization, unrelated result",no,,,
,10.5281/zenodo.20916426,10.5281/zenodo.20916426,,https://openalex.org/W7166126429,"The Bost-Connes Modular Generator as a candidate Hilbert-Pólya Operator, formalized in Lean 4",2026,G Six,Zenodo (CERN European Organization for Nuclear Research),H,harvest,L1,1,1,,,,,"Lean/formalization, unrelated result",no,,,
,10.1006/aima.1998.1728,10.1006/aima.1998.1728,,https://openalex.org/W2033041908,The Classical Moment Problem as a Self-Adjoint Finite Difference Operator,1998,Barry Simon,Advances in Mathematics,G,harvest,L1,1,1,,,,,same broad field only,no,,,
,10.1002/sapm192761164,10.1002/sapm192761164,,https://openalex.org/W2258054274,The Expression of a Tensor or a Polyadic as a Sum of Products,1927,Frank L. Hitchcock,Studies in Applied Mathematics,A,snowball,L1,1,1,,,,,same broad field only,no,,,
,10.1007/s10817-012-9250-9,10.1007/s10817-012-9250-9,,https://openalex.org/W2091456056,The HOL Light Theory of Euclidean Space,2012,John Harrison,Journal of Automated Reasoning,H,snowball,L1,1,1,,,,,HOL Light Euclidean space,no,,,
,10.1007/978-3-319-21401-6_26,10.1007/978-3-319-21401-6_26,,https://openalex.org/W1464569014,The Lean Theorem Prover (System Description),2015,Leonardo de Moura; Soonho Kong; Jeremy Avigad; Floris van Doorn; Jakob von Raumer,Lecture notes in computer science,H,snowball,L1,1,1,,,,R8,Lean prover description,no,,,
,10.1007/978-3-642-04458-8_2,10.1007/978-3-642-04458-8_2,,https://openalex.org/W2127143993,The Lyapunov Characteristic Exponents and Their Computation,2009,Ch. Skokos,Lecture notes in physics,B,harvest,L1,1,1,,,,,same broad field only,no,,,
,10.1145/125826.125848,10.1145/125826.125848,,https://openalex.org/W2097699872,The Omega test: a fast and practical integer programming algorithm for dependence analysis,1991,William Pugh,,H,snowball,L1,1,1,,,,,"Lean/formalization, unrelated result",no,,,
,10.1109/tit.2009.2025545,10.1109/tit.2009.2025545,,https://openalex.org/W2164253138,The Operational Meaning of Min- and Max-Entropy,2009,Robert König; Renato Renner; Christian Schaffner,IEEE Transactions on Information Theory,E,snowball,L1,1,1,,,,R6,fidelity/purified-distance context,no,,,
,10.5281/zenodo.19150956,10.5281/zenodo.19150956,,https://openalex.org/W7139973094,The Operator Derivative in Continuous Stochastic Calculus: A Hilbert Energy Space Framework,2026,Ramiro Fontes,Zenodo (CERN European Organization for Nuclear Research),H,harvest,L1,1,1,,,,,same broad field only,no,,,
,10.5281/zenodo.19140523,10.5281/zenodo.19140523,,https://openalex.org/W7139940953,The Operator Derivative in Continuous Stochastic Calculus: A Hilbert Energy Space Framework,2026,Ramiro Fontes,Zenodo (CERN European Organization for Nuclear Research),H,harvest,L1,1,1,,,,,same broad field only,no,,,
,10.5281/zenodo.19148304,10.5281/zenodo.19148304,,https://openalex.org/W7139970926,The Operator Derivative in Continuous Stochastic Calculus: A Hilbert Energy Space Framework,2026,Ramiro Fontes,Zenodo (CERN European Organization for Nuclear Research),H,harvest,L1,1,1,,,,,same broad field only,no,,,
,10.1109/tit.2004.839515,10.1109/tit.2004.839515,,https://openalex.org/W2141412822,The Private Classical Capacity and Quantum Capacity of a Quantum Channel,2005,Igor Devetak,IEEE Transactions on Information Theory,K,snowball,L1,1,1,,,,,same broad field only,no,,,
,10.1007/s00220-011-1309-7,10.1007/s00220-011-1309-7,,https://openalex.org/W1994811895,The Quantum Reverse Shannon Theorem Based on One-Shot Information Theory,2011,Mario Berta; Matthias Christandl; Renato Renner,Communications in Mathematical Physics,E,harvest+snowball,L1,1,1,,,,,quantum information context; no projection-error bound,no,,,
,10.3929/ethz-b-000038997,10.3929/ethz-b-000038997,,https://openalex.org/W3099674169,The Quantum Reverse Shannon Theorem Based on One-Shot Information Theory,2011,Mario Berta; Matthias Christandl; Renato Renner,reroDoc Digital Library,E,harvest+snowball,L1,1,1,,,,,same broad field only,no,,,
,10.1007/s10817-017-9440-6,10.1007/s10817-017-9440-6,,https://openalex.org/W2770430340,The Role of the Mizar Mathematical Library for Interactive Proof Development in Mizar,2017,Grzegorz Bancerek; Czesław Byliński; Adam Grabowski; Artur Korniłowicz; Roman Matuszewski; Adam Naumowicz,Journal of Automated Reasoning,H,snowball,L1,1,1,,,,,"Lean/formalization, unrelated result",no,,,
,10.22331/q-2025-05-28-1755,10.22331/q-2025-05-28-1755,,https://openalex.org/W4405561641,The State Preparation of Multivariate Normal Distributions using Tree Tensor Network,2025,Hidetaka Manabe; Yuichi Sano,Quantum,A,harvest,L1,1,1,,,,R9,tensor network method/application; no error theorem,no,,,
,10.1017/9781316848142,10.1017/9781316848142,,https://openalex.org/W2804172638,The Theory of Quantum Information,2018,John Watrous,Cambridge University Press eBooks,K,snowball,L1,1,1,,,,,quantum information theory text (fidelity),no,,,
,10.1007/s10589-021-00275-6,10.1007/s10589-021-00275-6,,https://openalex.org/W3046171782,The circumcentered-reflection method achieves better rates than alternating projections,2021,Reza Arefidamghani; Roger Behling; Yunier Bello-Cruz; Alfredo N. Iusem; Luiz-Rafael Santos,Computational Optimization and Applications,I,snowball,L2,1,3,1,FULL_TEXT,"arXiv:2007.14466: Prop 3.1, Cor 3.2, Prop 3.3, Thm 3.5, Section 4 examples (Props 4.1-4.10)",none,Compares asymptotic linear/superlinear constants of circumcentered-reflection versus alternating projections for a convex set and an affine subspace under error-bound assumptions; unrelated to inserted-projection discrepancy bounds.,no,,screening/level2_B2.csv,
,10.2140/apde.2011.4.499,10.2140/apde.2011.4.499,,https://openalex.org/W2148346199,The corona theorem for the Drury–Arveson Hardy space and other holomorphic Besov–Sobolev spaces on the unit ball in ℂn,2011,Şerban Costea; Eric Sawyer; Brett Wick,Analysis & PDE,E,harvest,L1,1,1,,,,,same broad field only,no,,,
,10.1216/rmj-1971-1-1-225,10.1216/rmj-1971-1-1-225,,https://openalex.org/W2079790441,The decay-scattering system,1971,L. P. Horwitz; Jean-Paul Marchand,Rocky Mountain Journal of Mathematics,J,snowball,L1,1,1,,,,,decay-scattering system,no,,,
,10.1109/5.214546,10.1109/5.214546,,https://openalex.org/W2019794334,The foundations of set theoretic estimation,1993,Patrick L. Combettes,Proceedings of the IEEE,I,snowball,L1,1,1,,,,,set theoretic estimation (POCS),no,,,
,10.1109/icassp.1991.151014,10.1109/icassp.1991.151014,,https://openalex.org/W2111823272,The foundations of set theoretic estimation,1991,Patrick L. Combettes; M. Reha Civanlar,,I,snowball,L1,1,1,,,,,set theoretic estimation,no,,,
,10.1088/1751-8113/45/45/453001,10.1088/1751-8113/45/45/453001,,https://openalex.org/W2005442500,The information-theoretic costs of simulating quantum measurements,2012,Mark M. Wilde; Patrick Hayden; Francesco Buscemi; Min-Hsiu Hsieh,Journal of Physics A Mathematical and Theoretical,K,harvest,L1,1,1,,,,,quantum information context; no projection-error bound,no,,,
,10.1098/rspa.2009.0202,10.1098/rspa.2009.0202,,https://openalex.org/W2146720213,The mother of all protocols: restructuring quantum information’s family tree,2009,Anura Abeyesinghe; Igor Devetak; Patrick Hayden; Andreas Winter,Proceedings of the Royal Society A Mathematical Physical and Engineering Sciences,K,snowball,L1,1,1,,,,,quantum information context; no projection-error bound,no,,,
,10.1016/s0370-1573(99)00047-2,10.1016/s0370-1573(99)00047-2,,https://openalex.org/W2125410420,The multiconfiguration time-dependent Hartree (MCTDH) method: a highly efficient algorithm for propagating wavepackets,2000,M. Beck,Physics Reports,A,snowball,L1,1,1,,,,,same broad field only,no,,,
,10.1145/1353445.1353446,10.1145/1353445.1353446,,https://openalex.org/W2130084210,The pitfalls of verifying floating-point computations,2008,David Monniaux,ACM Transactions on Programming Languages and Systems,H,harvest,L1,1,1,,,,,same broad field only,no,,,
,10.1103/revmodphys.70.101,10.1103/revmodphys.70.101,,https://openalex.org/W2019442644,The quantum-jump approach to dissipative dynamics in quantum optics,1998,Martin B. Plenio; P. L. Knight,Reviews of Modern Physics,J,snowball,L1,1,1,,,,,quantum jump approach,no,,,
,10.1016/j.jat.2006.02.005,10.1016/j.jat.2006.02.005,,https://openalex.org/W2100885264,The rate of convergence for the cyclic projections algorithm I: Angles between convex sets,2006,Frank Deutsch; Hein Hundal,Journal of Approximation Theory,C;E;I,harvest+snowball,L2,1,3,1,ABSTRACT_ONLY,Metadata and search snippets only (JAT 142 (2006) 36-55; ScienceDirect 403): defines angles between convex sets generalizing the subspace Friedrichs angle and expresses cyclic-projection rates through them,none (adjacent to R1a;R6),"Angle notions for convex sets used to bound the rate of the cyclic projections algorithm; adjacent angle-based rate theory for convergence to an intersection with no projection-insertion error or sharp defect constant, so R1a/R1b/R6 are not implied.",no,,screening/level2_B1.csv,
,10.1016/j.jat.2006.02.006,10.1016/j.jat.2006.02.006,,https://openalex.org/W1975567493,The rate of convergence for the cyclic projections algorithm II: Norms of nonlinear operators,2006,Frank Deutsch; Hein Hundal,Journal of Approximation Theory,C;I,harvest+snowball,L2,1,3,1,ABSTRACT_ONLY,Metadata and search snippets only (JAT 142 (2006) 56-82; ScienceDirect 403): norms of nonlinear operators used to bound cyclic-projection rates onto convex sets,none (adjacent to R1a;R1b;R6),"Introduces operator-norm-like quantities for nonlinear projection compositions to quantify cyclic-projection rates onto closed convex sets; an adjacent rate theory with no defect-constrained insertion error or sharp C_k-type constant, so no Theorem R claim is implied.",no,,screening/level2_B1.csv,
,10.1016/j.jat.2008.04.001,10.1016/j.jat.2008.04.001,,https://openalex.org/W2002110362,The rate of convergence for the cyclic projections algorithm III: Regularity of convex sets,2008,Frank Deutsch; Hein Hundal,Journal of Approximation Theory,I,harvest+snowball,L2,1,3,1,ABSTRACT_ONLY,"Metadata and search snippets only (JAT 155 (2008) 155-184; ScienceDirect 403): rate of cyclic projections related to linear regularity, normal property, strong CHIP and parallel projections",none (adjacent to R1a;R1b),"Characterizes linear convergence of cyclic projections through regularity properties of convex sets; qualitative regularity theory with no sharp insertion constant, so no Theorem R claim is implied.",no,,screening/level2_B1.csv,
,10.1080/01630569408816580,10.1080/01630569408816580,,https://openalex.org/W2047043241,The rate of convergence of dykstra's cyclic projections algorithm: The polyhedral case,1994,Frank Deutsch; Hein Hundal,Numerical Functional Analysis and Optimization,I,snowball,L2,1,3,1,ABSTRACT_ONLY,Abstract (via OpenAlex): linear rate for Dykstra's algorithm on finitely many half-spaces; for two half-spaces the rate c is the cosine of the angle between the defining functionals and is best possible,none (adjacent to R1b),"Best-possible cosine rate for Dykstra's cyclic projections onto two half-spaces is a convergence-to-intersection result for polyhedral convex sets with no inserted-projection error, multilinear structure or defect parameter, so no Theorem R claim is implied.",no,,screening/level2_B1.csv,
,10.1103/revmodphys.47.773,10.1103/revmodphys.47.773,,https://openalex.org/W2052810501,The renormalization group: Critical phenomena and the Kondo problem,1975,Kenneth G. Wilson,Reviews of Modern Physics,M,snowball,L1,1,1,,,,,Wilson RG,no,,,
,10.1103/revmodphys.74.197,10.1103/revmodphys.74.197,,https://openalex.org/W2151773880,The role of relative entropy in quantum information theory,2002,Vlatko Vedral,Reviews of Modern Physics,K,snowball,L1,1,1,,,,,relative entropy review,no,,,
,10.1184/r1/6492902.v1,10.1184/r1/6492902.v1,,https://openalex.org/W2230407200,Theorem Proving in Lean,2018,Jeremy Avigad; Leonardo de Moura; Soonho Kong,KiltHub Repository,H,snowball,L1,1,1,,,,R8,Lean formalization of unrelated content,no,,,
,10.1103/physrevb.101.104301,10.1103/physrevb.101.104301,,https://openalex.org/W2967300259,Theory of the phase transition in random unitary circuits with measurements,2020,Yimu Bao; Soonwon Choi; Ehud Altman,Physical review. B./Physical review. B,M,snowball,L1,1,1,,,,,same broad field only,no,,,
,10.1021/acs.jctc.9b00071,10.1021/acs.jctc.9b00071,,https://openalex.org/W2912386441,Three-Legged Tree Tensor Networks with SU(2) and Molecular Point Group Symmetry,2019,Klaas Gunst; Frank Verstraete; Dimitri Van Neck,Journal of Chemical Theory and Computation,A,harvest,L1,1,1,,,,,Three-legged tree tensor networks with symmetries for chemistry; background,no,,,
,10.1103/physrevresearch.3.023236,10.1103/physrevresearch.3.023236,,https://openalex.org/W3032718739,Three-dimensional isometric tensor networks,2021,Maurits S. J. Tepaske; David J. Luitz,Physical Review Research,A,harvest,L1,1,1,,,,R9,tensor network method/application; no error theorem,no,,,
,10.1109/tac.2018.2808442,10.1109/tac.2018.2808442,,https://openalex.org/W2793153125,Tight Global Linear Convergence Rate Bounds for Operator Splitting Methods,2018,Goran Banjac; Paul J. Goulart,IEEE Transactions on Automatic Control,D,snowball,L2,1,3,1,ABSTRACT_ONLY,"Banjac-Goulart, IEEE TAC 63(12) (2018) 4126-4139; abstract only (preprint link on author page did not resolve)",R6,"Necessary and sufficient conditions and tight global linear rate bounds for operator splitting methods whose fixed-point operator is averaged/strongly quasi-nonexpansive; iterate-rate results for convex optimization, not projection-insertion error constants.",no,,screening/level2_B2.csv,
,10.1103/physrevb.102.094315,10.1103/physrevb.102.094315,,https://openalex.org/W3025003171,Time-dependent variational principle with ancillary Krylov subspace,2020,Mingru Yang; Steven R. White,Physical review. B./Physical review. B,A,snowball,L1,1,1,,,,,same broad field only,no,,,
,10.48550/arxiv.2208.10972,10.48550/arxiv.2208.10972,,https://openalex.org/W4293250694,Time-dependent variational principle with controlled bond expansion for matrix product states,2022,Jheng-Wei Li; Andreas Gleis; Jan von Delft,arXiv (Cornell University),A;M,harvest,L1,1,1,,,,R9,tensor network method/application; no error theorem,no,,,
,10.1103/physrevb.91.165112,10.1103/physrevb.91.165112,,https://openalex.org/W2070162907,Time-evolving a matrix product state with long-ranged interactions,2015,Michael P. Zaletel; Roger S. K. Mong; Christoph Karrasch; Joel E. Moore; Frank Pollmann,Physical Review B,L,harvest,L1,1,1,,,,R9,tensor network method/application; no error theorem,no,,,
,10.1038/s41534-023-00682-z,10.1038/s41534-023-00682-z,,https://openalex.org/W4321615273,Time-series quantum reservoir computing with weak and projective measurements,2023,Pere Mujal; Rodrigo Martínez‐Peña; Gian Luca Giorgi; Miguel C. Soriano; Roberta Zambrini,npj Quantum Information,J,harvest,L1,1,1,,,,,same broad field only,no,,,
,10.48550/arxiv.0905.4482,10.48550/arxiv.0905.4482,,https://openalex.org/W2169904627,Topics in Compressed Sensing,2009,Deanna Needell,arXiv (Cornell University),I,snowball,L1,1,1,,,,,compressed sensing survey,no,,,
,topicsinsparseapproximation,,,https://openalex.org/W1904809838,Topics in sparse approximation,2004,Joel A. Tropp,Texas ScholarWorks (Texas Digital Library),B,harvest,L1,1,1,,,,,broad numerical/operator analysis,no,,,
,10.1088/2058-9565/aaea94,10.1088/2058-9565/aaea94,,https://openalex.org/W2794602324,Towards quantum machine learning with tensor networks,2018,William Huggins; Piyush Patil; Bradley Mitchell; K Birgitta Whaley; E Miles Stoudenmire,Quantum Science and Technology,F,harvest,L1,1,1,,,,R9,tensor network method/application; no error theorem,no,,,
,10.1103/physreva.96.062322,10.1103/physreva.96.062322,,https://openalex.org/W2611323852,Tree tensor network approach to simulating Shor's algorithm,2017,Eugene Dumitrescu,Physical Review A,A,harvest,L1,1,1,,,,,Tree tensor network simulation of Shor's algorithm; background,no,,,
,10.1103/ycty-d5f9,10.1103/ycty-d5f9,,https://openalex.org/W7155418686,Tree tensor network impurity solver based on Cayley-tree mapping,2026,Bo Zhan; Chen Jia-lin; Zhen Fan; Tao Xiang,Physical review. B./Physical review. B,A,harvest,L1,1,1,,,,,Tree tensor network impurity solver via Cayley-tree mapping; background,no,,,
,10.1063/5.0153870,10.1063/5.0153870,,https://openalex.org/W4378953160,Tree tensor network state approach for solving hierarchical equations of motion,2023,Yaling Ke,The Journal of Chemical Physics,A,snowball,L1,1,1,,,,R9,tensor network method/application; no error theorem,no,,,
,treetensornetworksinquantumchemistry,,,https://openalex.org/W3097117915,Tree tensor networks in quantum chemistry,2020,Klaas Gunst,Ghent University Academic Bibliography (Ghent University),A,harvest,L1,1,1,,,,R9,tensor network method/application; no error theorem,no,,,
,10.48550/arxiv.2004.01571,10.48550/arxiv.2004.01571,,https://openalex.org/W4206895473,Tree-AMP: Compositional Inference with Tree Approximate Message Passing,2020,Antoine Baker; Benjamin Aubin; Florent Krząkała; Lenka Zdeborová,Infoscience (Ecole Polytechnique Fédérale de Lausanne),A,harvest,L1,1,1,,,,,tree message-passing inference,no,,,
,10.1561/2500000034,10.1561/2500000034,,https://openalex.org/W2771629016,Tutorial on Static Inference of Numeric Invariants by Abstract Interpretation,2017,Antoine Miné,Foundations and Trends® in Programming Languages,H,harvest,L1,1,1,,,,,same broad field only,no,,,
,10.1143/ptp.105.409,10.1143/ptp.105.409,,https://openalex.org/W2038811478,Two-Dimensional Tensor Product Variational Formulation,2001,T. Nishino; Y. Hieida; K. Okunishi; N. Maeshima; Y. Akutsu; A. Gendiar,Progress of Theoretical Physics,M,snowball,L1,1,1,,,,,same broad field only,no,,,
,10.1103/physrevresearch.7.023087,10.1103/physrevresearch.7.023087,,https://openalex.org/W4409737204,Two-particle calculations with quantics tensor trains: Solving the parquet equations,2025,Stefan Rohshap; Marc K. Ritter; Hiroshi Shinaoka; Jan von Delft; Markus Wallerberger; Anna Kauch,Physical Review Research,A,harvest,L1,1,1,,,,,same broad field only,no,,,
,10.1017/s0960129511000119,10.1017/s0960129511000119,,https://openalex.org/W2164688709,Type classes for mathematics in type theory,2011,Bas Spitters; Eelis van der Weegen,Mathematical Structures in Computer Science,H,snowball,L1,1,1,,,,,"Lean/formalization, unrelated result",no,,,
,10.1007/s00220-008-0418-4,10.1007/s00220-008-0418-4,,https://openalex.org/W2096117628,Unbounded Violation of Tripartite Bell Inequalities,2008,David Pérez-Garcı́a; Michael M. Wolf; Carlos Palazuelos; Ignacio Villanueva; Marius Junge,Communications in Mathematical Physics,B;D;G,harvest,L1,1,1,,,,,Tripartite Bell violations via operator spaces and trilinear forms; background tensor norm theory,no,,,
,10.1103/physrevb.99.224307,10.1103/physrevb.99.224307,,https://openalex.org/W2888053895,Unitary-projective entanglement dynamics,2019,Amos Chan; Rahul Nandkishore; Michael Pretko; Graeme Smith,Physical review. B./Physical review. B,J,snowball,L1,1,1,,,,,quantum Zeno physics/experiment,no,,,
,10.1103/physrevlett.87.270405,10.1103/physrevlett.87.270405,,https://openalex.org/W1982793304,Universal Dynamical Control of Quantum Mechanical Decay: Modulation of the Coupling to the Continuum,2001,Abraham G. Kofman; Gershon Kurizki,Physical Review Letters,J,snowball,L1,1,1,,,,,dynamical decay control,no,,,
,10.1126/science.273.5278.1073,10.1126/science.273.5278.1073,,https://openalex.org/W2040792108,Universal Quantum Simulators,1996,Seth Lloyd,Science,M,snowball,L1,1,1,,,,,universal quantum simulators (Trotter),no,,,
,10.1090/s0273-0979-99-00788-0,10.1090/s0273-0979-99-00788-0,,https://openalex.org/W1992908827,Universal families and hypercyclic operators,1999,Karl-Goswin Grosse-Erdmann,Bulletin of the American Mathematical Society,G,harvest,L1,1,1,,,,,same broad field only,no,,,
,10.1007/978-3-540-30576-7_22,10.1007/978-3-540-30576-7_22,,https://openalex.org/W2114805880,Universally Composable Privacy Amplification Against Quantum Adversaries,2005,Renato Renner; Robert König,Lecture notes in computer science,E,snowball,L1,1,1,,,,,same broad field only,no,,,
,10.4230/lipics.itp.2021.8,10.4230/lipics.itp.2021.8,,https://openalex.org/W3158421118,Unsolvability of the Quintic Formalized in Dependent Type Theory,2021,Sophie Bernard; Cyril Cohen; Assia Mahboubi; Pierre-Yves Strub,VU Research Portal,H,harvest,L1,1,1,,,,,same broad field only,no,,,
,10.1103/physrevx.8.031012,10.1103/physrevx.8.031012,,https://openalex.org/W2753545915,Unsupervised Generative Modeling Using Matrix Product States,2018,Zhaoyu Han; Jun Wang; Heng Fan; Lei Wang; Pan Zhang,Physical Review X,M,harvest,L1,1,1,,,,,same broad field only,no,,,
,10.1103/physreva.104.052204,10.1103/physreva.104.052204,,https://openalex.org/W3213321237,Unveiling non-Markovian spacetime signaling in open quantum systems with long-range tensor network dynamics,2021,Thibaut Lacroix; Angus Dunnett; Dominic Gribben; Brendon W. Lovett; Alex W. Chin,Physical Review A,A,harvest,L1,1,1,,,,,same broad field only,no,,,
,10.1103/physreva.70.060302,10.1103/physreva.70.060302,,https://openalex.org/W2078330415,Valence-bond states for quantum computation,2004,Frank Verstraete; J. I. Cirac,Physical Review A,M,snowball,L1,1,1,,,,,same broad field only,no,,,
,10.1103/physrevlett.114.220601,10.1103/physrevlett.114.220601,,https://openalex.org/W1628518066,Variational Matrix Product Operators for the Steady State of Dissipative Quantum Systems,2015,Jian Cui; J. I. Cirac; Mari Carmen Bañuls,Physical Review Letters,M,snowball,L1,1,1,,,,,variational MPO steady state,no,,,
,10.1103/physrevb.94.035133,10.1103/physrevb.94.035133,,https://openalex.org/W2348656099,Variational optimization with infinite projected entangled-pair states,2016,Philippe Corboz,Physical review. B./Physical review. B,M,harvest,L1,1,1,,,,R9,tensor network method/application; no error theorem,no,,,
,10.1007/s00224-018-9872-3,10.1007/s00224-018-9872-3,,https://openalex.org/W2758002822,Verification of Quantum Computation: An Overview of Existing Approaches,2018,Alexandru Gheorghiu; Theodoros Kapourniotis; Elham Kashefi,Theory of Computing Systems,K,harvest,L1,1,1,,,,,same broad field only,no,,,
,verificationofsequentialimperativeprogramsinisabellehol,,,https://openalex.org/W14193191,Verification of Sequential Imperative Programs in Isabelle/HOL,2006,Norbert Schirmer,mediaTUM – the media and publications repository of the Technical University Munich (Technical University Munich),H,harvest,L1,1,1,,,,,same broad field only,no,,,
,10.1007/978-3-662-46681-0_3,10.1007/978-3-662-46681-0_3,,https://openalex.org/W622938260,Verified Reachability Analysis of Continuous Systems,2015,Fabian Immler,Lecture notes in computer science,H,harvest,L1,1,1,,,,,same broad field only,no,,,
,10.1002/cem.1231,10.1002/cem.1231,,https://openalex.org/W1969795764,Warped factor analysis,2009,Sungjin Hong,Journal of Chemometrics,F,harvest,L1,1,1,,,,,same broad field only,no,,,
,10.1007/s10817-012-9255-4,10.1007/s10817-012-9255-4,,https://openalex.org/W2147177731,Wave Equation Numerical Resolution: A Comprehensive Mechanized Proof of a C Program,2012,Sylvie Boldo; François Clément; Jean-Christophe Filliâtre; Micaela Mayero; Guillaume Melquiond; Pierre Weis,Journal of Automated Reasoning,H,harvest,L1,1,1,,,,,same broad field only,no,,,
,zenoassistedquantumheatengines,,,https://openalex.org/W7161916955,Zeno-Assisted Quantum Heat Engines,2026,Selma Memić; Rafael Wagner; Susana F. Huelga; Martin B. Plenio,arXiv (Cornell University),J,harvest,L1,1,1,,,,,same broad field only,no,,,
,10.1016/0021-9045(83)90039-4,10.1016/0021-9045(83)90039-4,,,\(L_\infty\)-upper bound of \(L_2\)-projections onto splines at a geometric mesh,1983,"Jia, Rong-Qing",Journal of Approximation Theory,C,harvest,L1,1,1,,,,,broad numerical/operator analysis,no,,,
,10.1007/978-3-031-98682-6_11,10.1007/978-3-031-98682-6_11,,https://openalex.org/W4412543529,lean-smt: An SMT Tactic for Discharging Proof Goals in Lean,2025,Abdalrhman Mohamed; Tomaz Mascarenhas; Harun Khan; Haniel Barbosa; Andrew Reynolds; Yicheng Qian,Lecture notes in computer science,H,harvest+snowball,L1,1,1,,,,,same broad field only,no,,,
,10.1063/5.0301775,10.1063/5.0301775,,https://openalex.org/W4416574822,pyTTN: An open-source toolbox for open and closed system quantum dynamics simulations using tree tensor networks,2025,Lachlan P. Lindoy; Daniel Rodrigo-Albert; Yannic Rath; Ivan Rungger,The Journal of Chemical Physics,A,snowball,L1,1,1,,,,R9,tensor network method/application; no error theorem,no,,,
lean4_2021,10.1007/978-3-030-79876-5_37,10.1007/978-3-030-79876-5_37,,https://openalex.org/W3178506813,The Lean 4 theorem prover and programming language,2021,Leonardo de Moura; Sebastian Ullrich,Lecture notes in computer science,H,snowball,repo,0,1,,,,R8,Formalization infrastructure.,yes,formalization,,
mathlib2020,adjudicated:mathlib2020,10.1145/3372885.3373824,,,The Lean mathematical library,2020,,,,adjudicated_only,repo,0,,,,,R8,Formalization infrastructure.,yes,formalization,,
,10.1515/9783110625097-001,10.1515/9783110625097-001,,https://openalex.org/W1996686235,1. Foundations of quantum mechanics,2019,Guozhen Wu,Vibrational Spectroscopy,J,snowball,L1,0,0,,,,,QM foundations chapter,no,,,
,10.1007/s10817-021-09611-1,10.1007/s10817-021-09611-1,,https://openalex.org/W3122538476,A Bi-Directional Extensible Interface Between Lean and Mathematica,2022,Robert Y. Lewis; Minchao Wu,Journal of Automated Reasoning,H,snowball,L1,0,0,,,,,Lean-Mathematica,no,,,
,10.1109/tbdata.2017.2757942,10.1109/tbdata.2017.2757942,,https://openalex.org/W2757727956,A Big Data-as-a-Service Framework: State-of-the-Art and Perspectives,2017,Xiaokang Wang; Laurence T. Yang; Huazhong Liu; M. Jamal Deen,IEEE Transactions on Big Data,A,snowball,L1,0,0,,,,,irrelevant,no,,,
,10.1158/0008-5472.can-04-3953,10.1158/0008-5472.can-04-3953,,https://openalex.org/W2135681892,A Cell Proliferation Signature Is a Marker of Extremely Poor Outcome in a Subpopulation of Breast Cancer Patients,2005,Hongyue Dai; Laura van’t Veer; John R. Lamb; Yudong D. He; Mao Mao; Bernard M. Fine,Cancer Research,J,harvest,L1,0,0,,,,,unrelated field,no,,,
,10.3390/electronics8121480,10.3390/electronics8121480,,https://openalex.org/W2992649753,A Comprehensive Review on a PV Based System to Harvest Maximum Power,2019,Muhammad Yaqoob Javed; Adeel Feroz Mirza; Ali N. Hasan; Syed Tahir Hussain Rizvi; Qiang Ling; Muhammad Majid Gulzar,Electronics,J,harvest,L1,0,0,,,,,unrelated field,no,,,
,10.48550/arxiv.1709.07604,10.48550/arxiv.1709.07604,,https://openalex.org/W2759045585,"A Comprehensive Survey of Graph Embedding: Problems, Techniques and Applications",2017,Hongyun Cai; Vincent W. Zheng; Kevin Chen–Chuan Chang,arXiv (Cornell University),B,harvest,L1,0,0,,,,,irrelevant,no,,,
,10.1142/s1230161208000043,10.1142/s1230161208000043,,https://openalex.org/W1975313455,A Decoupling Approach to the Quantum Capacity,2008,Patrick Hayden; Michał Horodecki; Andreas Winter; Jon Yard,Open Systems & Information Dynamics,K,snowball,L1,0,0,,,,,unrelated field,no,,,
,10.1109/tip.2015.2446191,10.1109/tip.2015.2446191,,https://openalex.org/W2156936307,A Fast Single Image Haze Removal Algorithm Using Color Attenuation Prior,2015,Qingsong Zhu; Jiaming Mai; Ling Shao,IEEE Transactions on Image Processing,C,harvest,L1,0,0,,,,,irrelevant,no,,,
,10.1007/s10817-022-09644-0,10.1007/s10817-022-09644-0,,https://openalex.org/W3128482940,A Formalization of Dedekind Domains and Class Groups of Global Fields,2022,Anne Baanen; Sander R. Dahmen; Ashvni Narayanan; Filippo Alberto Edoardo Nuccio Mortarino Majno Di Capriglio,Journal of Automated Reasoning,H,snowball,L1,0,0,,,,,Dedekind domains formal,no,,,
,10.1145/3573105.3575675,10.1145/3573105.3575675,,https://openalex.org/W4315630624,A Formalization of Doob’s Martingale Convergence Theorems in mathlib,2023,Kexing Ying; Rémy Degenne,,H,snowball,L1,0,0,,,,,martingale mathlib,no,,,
,10.4230/lipics.itp.2019.19,10.4230/lipics.itp.2019.19,,https://openalex.org/W2978554450,A Formalization of Forcing and the Unprovability of the Continuum Hypothesis,2019,"Jesse Michael Han; van Doorn, Floris",DROPS (Schloss Dagstuhl – Leibniz Center for Informatics),H,snowball,L1,0,0,,,,,forcing formalization,no,,,
,10.1145/3573105.3575669,10.1145/3573105.3575669,,https://openalex.org/W4315630258,A Formalized Reduction of Keller’s Conjecture,2023,Joshua Clune,,H,snowball,L1,0,0,,,,,Keller conjecture,no,,,
,10.1175/jpo-d-11-048.1,10.1175/jpo-d-11-048.1,,https://openalex.org/W2162091203,A Framework for Parameterizing Eddy Potential Vorticity Fluxes,2011,David P. Marshall; James R. Maddison; Pavel Berloff,Journal of Physical Oceanography,D,harvest,L1,0,0,,,,,irrelevant,no,,,
,10.1214/ss/1009213727,10.1214/ss/1009213727,,https://openalex.org/W1979378106,A General Projection Framework for Constrained Smoothing,2001,Enno Mammen; J. S. Marron; Berwin A. Turlach; M. P. Wand,Statistical Science,C,harvest,L1,0,0,,,,,unrelated field,no,,,
,10.1016/j.jfa.2004.09.014,10.1016/j.jfa.2004.09.014,,https://openalex.org/W1974524244,A Hardy inequality in the half-space,2004,Jesper Tidblom,Journal of Functional Analysis,G,harvest,L1,0,0,,,,,unrelated field,no,,,
,10.1016/j.aim.2011.12.001,10.1016/j.aim.2011.12.001,,https://openalex.org/W2143855626,A Hardy–Moser–Trudinger inequality,2011,Guofang Wang; Dong Ye,Advances in Mathematics,G,harvest,L1,0,0,,,,,unrelated field,no,,,
,10.1109/tit.2013.2276628,10.1109/tit.2013.2276628,,https://openalex.org/W1990187371,A Hierarchy of Information Quantities for Finite Block Length Analysis of Quantum Tasks,2013,Marco Tomamichel; Masahito Hayashi,IEEE Transactions on Information Theory,E,snowball,L1,0,0,,,,,finite blocklength quantities,no,,,
,10.1086/304897,10.1086/304897,,https://openalex.org/W2028855598,A High‐Resolution Study of Gas and Dust around Young Intermediate‐Mass Stars: Evidence for Circumstellar Disks in Herbig Ae Systems,1997,Vincent Mannings; Anneila I. Sargent,The Astrophysical Journal,L,harvest,L1,0,0,,,,,unrelated field,no,,,
,ahybriddynamicalsystemstheoryforleggedlocomotion,,,https://openalex.org/W2210170129,A Hybrid Dynamical Systems Theory for Legged Locomotion,2014,Samuel A. Burden,eScholarship (California Digital Library),J,harvest,L1,0,0,,,,,irrelevant,no,,,
,10.1109/models50736.2021.00028,10.1109/models50736.2021.00028,,https://openalex.org/W3211799410,A Lean Approach to Building Valid Model-Based Safety Arguments,2021,Torin Viger; Logan Murphy; Alessio Di Sandro; Ramy Shahin; Marsha Chećhik,,H,snowball,L1,0,0,,,,,Lean safety arguments,no,,,
,10.1137/s0363012998338806,10.1137/s0363012998338806,,https://openalex.org/W2055467852,A Modified Forward-Backward Splitting Method for Maximal Monotone Mappings,2000,Paul Tseng,SIAM Journal on Control and Optimization,D,snowball,L1,0,0,,,,,unrelated field,no,,,
,10.5465/annals.2016.0044,10.5465/annals.2016.0044,,https://openalex.org/W2748611186,A Multi-Level Process Model for Understanding Diversity Practice Effectiveness,2017,Lisa H. Nishii; Jasmien Khattab; Meir Shemla; Rebecca M. Paluch,Academy of Management Annals,H,harvest,L1,0,0,,,,,unrelated field,no,,,
,10.3847/2041-8213/ab481c,10.3847/2041-8213/ab481c,,https://openalex.org/W2995178730,A NICER View of PSR J0030+0451: Millisecond Pulsar Parameter Estimation,2019,T. E. Riley; A. L. Watts; S. Bogdanov; P. S. Ray; R. M. Ludlam; S. Guillot,The Astrophysical Journal Letters,G,harvest,L1,0,0,,,,,unrelated field,no,,,
,10.3390/app12020587,10.3390/app12020587,,https://openalex.org/W4206416231,A Novel Hybrid MPPT Technique to Maximize Power Harvesting from PV System under Partial and Complex Partial Shading,2022,Sajid Sarwar; Muhammad Yaqoob Javed; Mujtaba Hussain Jaffery; Jehangir Arshad; Ateeq Ur Rehman; Muhammad Shafiq,Applied Sciences,J,harvest,L1,0,0,,,,,unrelated field,no,,,
,10.1126/science.1057726,10.1126/science.1057726,,https://openalex.org/W2105614108,A Quantum Adiabatic Evolution Algorithm Applied to Random Instances of an NP-Complete Problem,2001,Edward Farhi; Jeffrey Goldstone; Sam Gutmann; Joshua M. Lapan; A. P. Lundgren; Daniel Preda,Science,K,snowball,L1,0,0,,,,,adiabatic algorithm NP-complete,no,,,
,10.4230/lipics.icalp.2019.8,10.4230/lipics.icalp.2019.8,,https://openalex.org/W2153887174,A Quantum Algorithm for Finding the Minimum,1996,"Gaspers, Serge; Li, Jerry Zirui",arXiv (Cornell University),K,snowball,L1,0,0,,,,,unrelated field,no,,,
,10.1103/physrevlett.103.070504,10.1103/physrevlett.103.070504,,https://openalex.org/W2090644485,A Strong Converse for Classical Channel Coding Using Entangled Inputs,2009,Robert König; Stephanie Wehner,Physical Review Letters,K,snowball,L1,0,0,,,,,Strong converse for classical capacity of quantum channels; irrelevant,no,,,
,10.1109/tnnls.2021.3084827,10.1109/tnnls.2021.3084827,,https://openalex.org/W3168997536,"A Survey of Convolutional Neural Networks: Analysis, Applications, and Prospects",2021,Zewen Li; Fan Liu; Wenjie Yang; Shouheng Peng; Jun Zhou,IEEE Transactions on Neural Networks and Learning Systems,F;N,harvest,L1,0,0,,,,,irrelevant,no,,,
,10.48550/arxiv.2004.02806,10.48550/arxiv.2004.02806,,https://openalex.org/W3014140399,"A Survey of Convolutional Neural Networks: Analysis, Applications, and Prospects",2020,Zewen Li; Wenjie Yang; Shouheng Peng; Fan Liu,arXiv (Cornell University),N,harvest,L1,0,0,,,,,unrelated field,no,,,
,10.48550/arxiv.2308.06767,10.48550/arxiv.2308.06767,,https://openalex.org/W4385848863,"A Survey on Deep Neural Network Pruning-Taxonomy, Comparison, Analysis, and Recommendations",2023,Hongrong Cheng; Miao Zhang; Qinfeng Shi,arXiv (Cornell University),N,harvest,L1,0,0,,,,,unrelated field,no,,,
,10.1145/3230633,10.1145/3230633,,https://openalex.org/W2896515397,A Survey on Gait Recognition,2018,Changsheng Wan; Li Wang; Vir V. Phoha,ACM Computing Surveys,B,harvest,L1,0,0,,,,,irrelevant,no,,,
,10.48550/arxiv.1707.08114,10.48550/arxiv.1707.08114,,https://openalex.org/W2742079690,A Survey on Multi-Task Learning,2017,Yu Zhang; Qiang Yang,arXiv (Cornell University),B,harvest,L1,0,0,,,,,irrelevant,no,,,
,10.1109/comst.2017.2786748,10.1109/comst.2017.2786748,,https://openalex.org/W2782413938,A Survey on Quantum Channel Capacities,2018,Laszlo Gyongyosi; Sandor Imre; Hung Viet Nguyen,IEEE Communications Surveys & Tutorials,K,snowball,L1,0,0,,,,,irrelevant,no,,,
,asurveyonquantumchannelcapacities,,,https://openalex.org/W3099164702,A Survey on Quantum Channel Capacities,2018,László Gyöngyösi; Sándor Imre; Hung Viet Nguyen,Surrey Research Insight Open Access (The University of Surrey),K,snowball,L1,0,0,,,,,irrelevant,no,,,
,10.1016/j.cosrev.2018.11.002,10.1016/j.cosrev.2018.11.002,,https://openalex.org/W2911423727,A Survey on quantum computing technology,2019,László Gyöngyösi; Sándor Imre,Computer Science Review,K,snowball,L1,0,0,,,,,quantum computing survey,no,,,
,10.3389/frobt.2015.00036,10.3389/frobt.2015.00036,,https://openalex.org/W2234163201,A Taxonomy of Deep Convolutional Neural Nets for Computer Vision,2016,Suraj Srinivas; Ravi Kiran Sarvadevabhatla; Konda Reddy Mopuri; Nikita Prabhu; Srinivas S. S. Kruthiventi; R. Venkatesh Babu,Frontiers in Robotics and AI,N,harvest,L1,0,0,,,,,unrelated field,no,,,
,10.1103/physrevx.9.031045,10.1103/physrevx.9.031045,,https://openalex.org/W2944288096,A Ten-Qubit Solid-State Spin Register with Quantum Memory up to One Minute,2019,C. E. Bradley; J. Randall; M. H. Abobeih; R. C. Berrevoets; M. J. Degen; M. A. Bakker,Physical Review X,J,harvest,L1,0,0,,,,,unrelated field,no,,,
,10.1103/physrevx.9.041017,10.1103/physrevx.9.041017,,https://openalex.org/W2904845127,A Universal Operator Growth Hypothesis,2019,Daniel E. Parker; Xiangyu Cao; Alexander Avdoshkin; Thomas Scaffidi; Ehud Altman,Physical Review X,G;L,harvest,L1,0,0,,,,,unrelated field,no,,,
,10.4310/jsg.250403021401,10.4310/jsg.250403021401,,https://openalex.org/W3197595227,A bordered $H F^{-}$algebra for the torus,2025,Robert Lipshitz; Peter Ozsváth; Dylan P. Thurston,Journal of Symplectic Geometry,F,harvest,L1,0,0,,,,,unrelated field,no,,,
,10.1007/bfb0092872,10.1007/bfb0092872,,https://openalex.org/W342302233,A categorical approach to probability theory,1982,Michèle Giry,Lecture notes in mathematics,H,snowball,L1,0,0,,,,,categorical probability,no,,,
,10.1038/s41467-020-20729-5,10.1038/s41467-020-20729-5,,https://openalex.org/W3084318570,A co-design framework of neural networks and quantum circuits towards quantum advantage,2021,Weiwen Jiang; Jinjun Xiong; Yiyu Shi,Nature Communications,A,harvest,L1,0,0,,,,,irrelevant,no,,,
,10.1186/s13174-018-0087-2,10.1186/s13174-018-0087-2,,https://openalex.org/W2809684781,"A comprehensive survey on machine learning for networking: evolution, applications and research opportunities",2018,Raouf Boutaba; Mohammad A. Salahuddin; Noura Limam; Sara Ayoubi; Nashid Shahriar; Felipe Estrada‐Solano,Journal of Internet Services and Applications,F,harvest,L1,0,0,,,,,unrelated field,no,,,
,10.1038/s41586-022-04891-y,10.1038/s41586-022-04891-y,,https://openalex.org/W4288052074,A device-independent quantum key distribution system for distant users,2022,Wei Zhang; Tim van Leent; Kai Redeker; Robert Garthoff; René Schwonnek; Florian Fertig,Nature,K,harvest,L1,0,0,,,,,unrelated field,no,,,
,10.1038/s41598-025-16905-6,10.1038/s41598-025-16905-6,,https://openalex.org/W7118952011,"A fast, accurate and oscillation-free spectral collocation solver for high-dimensional transport problems",2026,Nicola Cavallini; Gianmarco Manzini; Daniele Funaro; A. Favalli,Scientific Reports,A,harvest,L1,0,0,,,,,irrelevant,no,,,
,10.1002/(sici)1097-0207(19990910)46:1<131::aid-nme726>3.0.co;2-j,10.1002/(sici)1097-0207(19990910)46:1<131::aid-nme726>3.0.co;2-j,,https://openalex.org/W2142596047,A finite element method for crack growth without remeshing,1999,Nicolas Mo�s; John E. Dolbow; Ted Belytschko,International Journal for Numerical Methods in Engineering,L,harvest,L1,0,0,,,,,unrelated field,no,,,
,10.1145/3293880.3294089,10.1145/3293880.3294089,,https://openalex.org/W2907076653,A formal proof of Hensel's lemma over the p-adic integers,2019,Robert Y. Lewis,,H,snowball,L1,0,0,,,,,Hensel lemma formal,no,,,
,10.1145/3437992.3439917,10.1145/3437992.3439917,,https://openalex.org/W2987877727,A formal proof of PAC learnability for decision stumps,2021,Joseph Tassarotti; Koundinya Vajjha; Anindya Banerjee; Jean-Baptiste Tristan,,H,snowball,L1,0,0,,,,,PAC learnability formal,no,,,
,10.1145/3372885.3373826,10.1145/3372885.3373826,,https://openalex.org/W3001646502,A formal proof of the independence of the continuum hypothesis,2020,Jesse Michael Han; Floris van Doorn,,H,snowball,L1,0,0,,,,,Lean CH independence,no,,,
,10.2140/gt.2008.12.1091,10.2140/gt.2008.12.1091,,https://openalex.org/W2145832716,A functorial LMO invariant for Lagrangian cobordisms,2008,Dorin Cheptea; Kazuo Habiro; Gwénaël Massuyeau,Geometry & Topology,F,harvest,L1,0,0,,,,,unrelated field,no,,,
,ahierarchyofinformationquantitiesforfiniteblocklengthanalysisofquantumtasks,,,https://openalex.org/W3101044064,A hierarchy of information quantities for finite block length analysis of quantum tasks,2013,"Tomamichel, M; Hayashi, M",UTS ePRESS (University of Technology Sydney),E,snowball,L1,0,0,,,,,finite blocklength quantities,no,,,
,10.1038/s41598-018-37423-8,10.1038/s41598-018-37423-8,,https://openalex.org/W2912157499,A large-scale population study of early life factors influencing left-handedness,2019,Carolien G. F. de Kovel; Amaia Carrión-Castillo; Clyde Francks,Scientific Reports,J,harvest,L1,0,0,,,,,unrelated field,no,,,
,10.4171/rmi/470,10.4171/rmi/470,,https://openalex.org/W2069789834,A logarithmic Sobolev form of the Li-Yau parabolic inequality,2006,Dominique Bakry; Michel Ledoux,Revista Matemática Iberoamericana,G,harvest,L1,0,0,,,,,unrelated field,no,,,
,10.4310/jdg/1214457234,10.4310/jdg/1214457234,,https://openalex.org/W1916008908,A mathematical theory of quantum cohomology,1995,Yongbin Ruan; Gang Tian,Journal of Differential Geometry,B,harvest,L1,0,0,,,,,irrelevant,no,,,
,10.1007/3-540-58156-1_17,10.1007/3-540-58156-1_17,,https://openalex.org/W92896842,A mechanically proof-checked encyclopedia of mathematics: Should we build one? Can we?,1994,Robert S. Boyer,Lecture notes in computer science,H,snowball,L1,0,0,,,,,QED encyclopedia,no,,,
,10.1109/tit.1954.1057459,10.1109/tit.1954.1057459,,https://openalex.org/W2123485355,A new basic theorem of information theory,1954,Amiel Feinstein,Transactions of the IRE Professional Group on Information Theory,K,snowball,L1,0,0,,,,,information theory theorem,no,,,
,10.1016/j.apm.2017.07.012,10.1016/j.apm.2017.07.012,,https://openalex.org/W2734466471,A new centrality measure of nodes in multilayer networks under the framework of tensor computation,2017,Dingjie Wang; Xiufen Zou,Applied Mathematical Modelling,B,harvest,L1,0,0,,,,,irrelevant,no,,,
,10.1002/cem.1079,10.1002/cem.1079,,https://openalex.org/W2014124819,A new holistic exploratory approach to Systems Biology by Near Infrared Spectroscopy evaluated by chemometrics and data inspection,2007,L. Munck,Journal of Chemometrics,B,harvest,L1,0,0,,,,,irrelevant,no,,,
,10.1145/169627.169640,10.1145/169627.169640,,https://openalex.org/W2136770272,A parallel hashed Oct-Tree N-body algorithm,1993,Michael S. Warren; John K. Salmon,,F,harvest,L1,0,0,,,,,unrelated field,no,,,
,10.1016/j.jde.2005.10.005,10.1016/j.jde.2005.10.005,,https://openalex.org/W2080409870,A parameterization method for the computation of invariant tori and their whiskers in quasi-periodic maps: Rigorous results,2005,Àlex Haro; Rafael de la Llave,Journal of Differential Equations,B,harvest,L1,0,0,,,,,irrelevant,no,,,
,10.1214/19-aihp987,10.1214/19-aihp987,,https://openalex.org/W2756035573,A perturbation analysis of stochastic matrix Riccati diffusions,2020,Adrian N. Bishop; Pierre Del Moral; Angèle Niclas,Annales de l Institut Henri Poincaré Probabilités et Statistiques,B,harvest,L1,0,0,,,,,irrelevant,no,,,
,10.1088/1367-2630/12/5/055020,10.1088/1367-2630/12/5/055020,,https://openalex.org/W2021128311,A quantum central limit theorem for non-equilibrium systems: exact local relaxation of correlated states,2010,M. Cramer; Jens Eisert,New Journal of Physics,K,snowball,L1,0,0,,,,,quantum CLT,no,,,
,10.1007/s11749-016-0481-7,10.1007/s11749-016-0481-7,,https://openalex.org/W2216946510,A random forest guided tour,2016,Gérard Biau; Erwan Scornet,Test,N,harvest,L1,0,0,,,,,unrelated field,no,,,
,10.1002/2015wr016967,10.1002/2015wr016967,,https://openalex.org/W1935773568,A review of surrogate models and their application to groundwater modeling,2015,M. J. C. Asher; Barry Croke; Anthony J. Jakeman; Luk Peeters,Water Resources Research,A,harvest,L1,0,0,,,,,Review of groundwater surrogate models; irrelevant,no,,,
,10.1214/09-ss047,10.1214/09-ss047,,https://openalex.org/W2011186625,A review of survival trees,2011,Imad Bou-Hamad; Denis Larocque; Hatem Ben‐Ameur,Statistics Surveys,F,harvest,L1,0,0,,,,,unrelated field,no,,,
,10.1016/j.inffus.2021.05.008,10.1016/j.inffus.2021.05.008,,https://openalex.org/W3102100346,"A review of uncertainty quantification in deep learning: Techniques, applications and challenges",2021,Moloud Abdar; Farhad Pourpanah; Sadiq Hussain; Dana Rezazadegan; Li Liu; Mohammad Ghavamzadeh,Information Fusion,N,harvest,L1,0,0,,,,,unrelated field,no,,,
,10.1007/s10994-018-5746-9,10.1007/s10994-018-5746-9,,https://openalex.org/W2888136557,A scalable robust and automatic propositionalization approach for Bayesian classification of large mixed numerical and categorical data,2018,Marc Boullé; Clément Charnay; Nicolas Lachiche,Machine Learning,F,harvest,L1,0,0,,,,,unrelated field,no,,,
,10.65112/tcmis.10028,10.65112/tcmis.10028,,https://openalex.org/W7119520497,"A selective review of modern stochastic modeling: SDE/SPDE numerics, data-driven identification, and generative methods with applications in biomathematics",2026,Yassine Sabbar; Kottakkaran Sooppy Nisar,Transactions on Computational Modeling and Intelligent Systems,N,harvest,L1,0,0,,,,,unrelated field,no,,,
,10.1145/781131.781153,10.1145/781131.781153,,https://openalex.org/W3100198463,A static analyzer for large safety-critical software,2003,Bruno Blanchet; Patrick Cousot; Radhia Cousot; Jérôme Ferêt; Laurent Mauborgne; Antoine Miné,,H,harvest,L1,0,0,,,,,unrelated field,no,,,
,10.1007/s10462-024-10824-0,10.1007/s10462-024-10824-0,,https://openalex.org/W4399750638,A survey of safety and trustworthiness of large language models through the lens of verification and validation,2024,Xiaowei Huang; Wenjie Ruan; Wei Huang; Gaojie Jin; Yi Dong; Changshun Wu,Artificial Intelligence Review,H,harvest,L1,0,0,,,,,unrelated field,no,,,
,10.1186/s40537-016-0043-6,10.1186/s40537-016-0043-6,,https://openalex.org/W2395579298,A survey of transfer learning,2016,Karl R. Weiss; Taghi M. Khoshgoftaar; Dingding Wang,Journal Of Big Data,C,harvest,L1,0,0,,,,,irrelevant,no,,,
,10.1016/j.media.2017.07.005,10.1016/j.media.2017.07.005,,https://openalex.org/W2592929672,A survey on deep learning in medical image analysis,2017,Geert Litjens; Thijs Kooi; Babak Ehteshami Bejnordi; Arnaud A. A. Setio; Francesco Ciompi; Mohsen Ghafoorian,Medical Image Analysis,F,harvest,L1,0,0,,,,,unrelated field,no,,,
,10.1145/3497775.3503675,10.1145/3497775.3503675,,https://openalex.org/W3204514823,A verified algebraic representation of cairo program execution,2022,Jeremy Avigad; Lior Goldberg; David Levit; Yoav Seginer; Alon Titelman,,H,snowball,L1,0,0,,,,,Cairo verification,no,,,
,10.48550/arxiv.1601.04919,10.48550/arxiv.1601.04919,,https://openalex.org/W2328638109,A-infinity functors for Lagrangian correspondences,2016,S. Ma’u; Katrin Wehrheim; Chris Woodward,arXiv (Cornell University),F,harvest,L1,0,0,,,,,unrelated field,no,,,
,10.1029/2000rg000092,10.1029/2000rg000092,,https://openalex.org/W2166361350,ADVANCED SPECTRAL METHODS FOR CLIMATIC TIME SERIES,2002,Michael Ghil; M. R. Allen; Michael D. Dettinger; Kayo Ide; Dmitri Kondrashov; Michael Mann,Reviews of Geophysics,G,harvest,L1,0,0,,,,,unrelated field,no,,,
,10.1016/j.iot.2022.100514,10.1016/j.iot.2022.100514,,https://openalex.org/W4220966162,AI for next generation computing: Emerging trends and future directions,2022,Sukhpal Singh Gill; Minxian Xu; Carlo Ottaviani; Panos Patros; Rami Bahsoon; Arash Shaghaghi,Internet of Things,K,snowball,L1,0,0,,,,,AI computing trends,no,,,
,10.1007/s11786-008-0053-7,10.1007/s11786-008-0053-7,,https://openalex.org/W2066619351,"ATP-based Cross-Verification of Mizar Proofs: Method, Systems, and First Experiments",2008,Josef Urban; Geoff Sutcliffe,Mathematics in Computer Science,H,snowball,L1,0,0,,,,,Mizar ATP,no,,,
,10.1090/bull/1831,10.1090/bull/1831,,https://openalex.org/W4391839082,Abstraction boundaries and spec driven development in pure mathematics,2024,Johan Commelin; Adam Topaz,Bulletin of the American Mathematical Society,H,snowball,L1,0,0,,,,,spec driven math,no,,,
,10.1007/s00248-016-0748-2,10.1007/s00248-016-0748-2,,https://openalex.org/W2296506691,"Abundance and Diversity of Bacterial, Archaeal, and Fungal Communities Along an Altitudinal Gradient in Alpine Forest Soils: What Are the Driving Factors?",2016,José A. Siles; Rosa Margesin,Microbial Ecology,E,harvest,L1,0,0,,,,,unrelated field,no,,,
,10.3390/soilsystems3010011,10.3390/soilsystems3010011,,https://openalex.org/W2913854917,Accurate and Precise Prediction of Soil Properties from a Large Mid-Infrared Spectral Library,2019,Shree R. S. Dangal; Jonathan Sanderman; Skye Wills; Leonardo Ramírez-López,Soil Systems,B,harvest,L1,0,0,,,,,irrelevant,no,,,
,10.1038/s41524-025-01813-0,10.1038/s41524-025-01813-0,,https://openalex.org/W4416413010,Accurate and convergent energetics of color centers by wavefunction theory,2025,Zsolt Benedek; Ádám Ganyecz; Anton Pershin; Viktor Ivády; Gergely Barcza,npj Computational Materials,M,harvest,L1,0,0,,,,,unrelated field,no,,,
,10.1126/sciadv.adf0873,10.1126/sciadv.adf0873,,https://openalex.org/W4315631504,Accurate global machine learning force fields for molecules with hundreds of atoms,2023,Stefan Chmiela; Valentín Vassilev-Galindo; Oliver T. Unke; Adil Kabylda; Huziel E. Sauceda; Alexandre Tkatchenko,Science Advances,E,harvest,L1,0,0,,,,,unrelated field,no,,,
,10.1016/j.laa.2004.07.001,10.1016/j.laa.2004.07.001,,https://openalex.org/W2027215329,Action of the symmetric group on sets of skew-tableaux with prescribed matrix realization,2004,Olga Azenhas; Ricardo Mamede,Linear Algebra and its Applications,F,harvest,L1,0,0,,,,,unrelated field,no,,,
,10.1137/130916138,10.1137/130916138,,https://openalex.org/W2053469438,Active Subspace Methods in Theory and Practice: Applications to Kriging Surfaces,2014,Paul G. Constantine; Eric Dow; Qiqi Wang,SIAM Journal on Scientific Computing,G;M,harvest,L1,0,0,,,,,unrelated field,no,,,
,10.1007/s40747-021-00367-0,10.1007/s40747-021-00367-0,,https://openalex.org/W3156457190,Adaptive dynamic programming-based feature tracking control of visual servoing manipulators with unknown dynamics,2021,Xiaolin Ren; Hongwen Li,Complex & Intelligent Systems,N,harvest,L1,0,0,,,,,unrelated field,no,,,
,10.1007/s10444-010-9147-2,10.1007/s10444-010-9147-2,,https://openalex.org/W1968532092,Adaptive wavelet methods and sparsity reconstruction for inverse heat conduction problems,2010,Thomas Bonesky; Stephan Dahlke; Peter Maaß; Thorsten Raasch,Advances in Computational Mathematics,A,snowball,L1,0,0,,,,,adaptive wavelets heat inverse,no,,,
,10.1214/aos/1016218223,10.1214/aos/1016218223,,https://openalex.org/W2024046085,Additive logistic regression: a statistical view of boosting (With discussion and a rejoinder by the authors),2000,Jerome H. Friedman; Trevor Hastie; Robert Tibshirani,The Annals of Statistics,F,harvest,L1,0,0,,,,,unrelated field,no,,,
,10.1103/physreva.69.042320,10.1103/physreva.69.042320,,https://openalex.org/W2015980441,Adiabatic time evolution in spin systems,2004,V. Murg; J. I. Cirac,Physical Review A,M,snowball,L1,0,0,,,,,adiabatic spin evolution,no,,,
,10.1021/ct400934c,10.1021/ct400934c,,https://openalex.org/W2318724650,"Advanced Capabilities of the PYXAID Program: Integration Schemes, Decoherence Effects, Multiexcitonic States, and Field-Matter Interaction",2014,Alexey V. Akimov; Oleg V. Prezhdo,Journal of Chemical Theory and Computation,J,snowball,L1,0,0,,,,,PYXAID software,no,,,
,10.1109/access.2021.3106233,10.1109/access.2021.3106233,,https://openalex.org/W3195691816,Advanced Ensemble Model for Solar Radiation Forecasting Using Sine Cosine Algorithm and Newton’s Laws,2021,El‐Sayed M. El‐kenawy; Seyedali Mirjalili; Sherif S. M. Ghoneim; Marwa M. Eid; M. El-Said; Zeeshan Shafi Khan,IEEE Access,J,harvest,L1,0,0,,,,,irrelevant,no,,,
,10.1088/1361-648x/aa8f79,10.1088/1361-648x/aa8f79,,https://openalex.org/W2757803490,Advanced capabilities for materials modelling with Q uantum ESPRESSO,2017,P Giannozzi; O Andreussi; T Brumme; O Bunau; M Buongiorno Nardelli; M Calandra,Journal of Physics Condensed Matter,A,harvest,L1,0,0,,,,,unrelated field,no,,,
,10.5194/amt-12-169-2019,10.5194/amt-12-169-2019,,https://openalex.org/W2890236410,Advancements in the Aerosol Robotic Network (AERONET) Version 3 database – automated near-real-time quality control algorithm with improved cloud screening for Sun photometer aerosol optical depth (AOD) measurements,2019,D. M. Giles; A. Sinyuk; M. G. Sorokin; Joel S. Schafer; A. Smirnov; I. Slutsker,Atmospheric measurement techniques,G,harvest,L1,0,0,,,,,unrelated field,no,,,
,advancesinquantumcryptography,,,https://openalex.org/W3008629526,Advances in Quantum Cryptography,2019,Stefano Pirandola; Ulrik L. Andersen; Leonardo Banchi; Mario Berta; Darius Bunandar; Roger Colbeck,"White Rose Research Online (University of Leeds, The University of Sheffield, University of York)",K,harvest,L1,0,0,,,,,unrelated field,no,,,
,10.1038/s41534-023-00684-x,10.1038/s41534-023-00684-x,,https://openalex.org/W4321275966,Advances in device-independent quantum key distribution,2023,Víctor Zapatero; Tim van Leent; Rotem Arnon-Friedman; Wen‐Zhao Liu; Qiang Zhang; Harald Weinfurter,npj Quantum Information,E,snowball,L1,0,0,,,,,irrelevant,no,,,
,10.1364/aop.361502,10.1364/aop.361502,,https://openalex.org/W2948602808,Advances in quantum cryptography,2020,S. Pirandola; U. L. Andersen; L. Banchi; M. Berta; D. Bunandar; R. Colbeck,Advances in Optics and Photonics,K,harvest,L1,0,0,,,,,unrelated field,no,,,
,10.3390/e27090950,10.3390/e27090950,,https://openalex.org/W4414257690,Advances of Quantum Key Distribution and Network Nonlocality,2025,Minming Geng,Entropy,A,harvest,L1,0,0,,,,,irrelevant,no,,,
,10.5194/acp-24-10617-2024,10.5194/acp-24-10617-2024,,https://openalex.org/W4402748752,"Aerosol composition, air quality, and boundary layer dynamics in the urban background of Stuttgart in winter",2024,Hengheng Zhang; Wei Huang; Xiaoli Shen; Ramakrishna Ramisetty; Junwei Song; Olga Kiseleva,Atmospheric chemistry and physics,B,harvest,L1,0,0,,,,,irrelevant,no,,,
,10.3390/app10072401,10.3390/app10072401,,https://openalex.org/W3014687155,Air Quality Prediction in Smart Cities Using Machine Learning Technologies Based on Sensor Data: A Review,2020,Ditsuhi Iskandaryan; Francisco Ramos; Sergio Trilles,Applied Sciences,B,harvest,L1,0,0,,,,,irrelevant,no,,,
,10.1063/1.5020710,10.1063/1.5020710,,https://openalex.org/W2780173879,Alchemical and structural distribution based representation for universal quantum machine learning,2018,Felix A. Faber; Anders S. Christensen; Bing Huang; O. Anatole von Lilienfeld,The Journal of Chemical Physics,K,harvest,L1,0,0,,,,,unrelated field,no,,,
,10.1109/sfcs.1994.365700,10.1109/sfcs.1994.365700,,https://openalex.org/W2168676717,Algorithms for quantum computation: discrete logarithms and factoring,2002,Peter W. Shor,,K,snowball,L1,0,0,,,,,Shor factoring,no,,,
,10.1090/s0894-0347-03-00445-4,10.1090/s0894-0347-03-00445-4,,https://openalex.org/W1777148881,Almost optimal local well-posedness for the (3+1)-dimensional Maxwell–Klein–Gordon equations,2003,Matei Machedon; Jacob Sterbenz,Journal of the American Mathematical Society,D,harvest,L1,0,0,,,,,unrelated field,no,,,
,10.1111/j.1467-9868.2011.00777.x,10.1111/j.1467-9868.2011.00777.x,,https://openalex.org/W1837874438,An Explicit Link between Gaussian Fields and Gaussian Markov Random Fields: The Stochastic Partial Differential Equation Approach,2011,Finn Lindgren; Håvard Rue; Johan Lindström,Journal of the Royal Statistical Society Series B (Statistical Methodology),C;G;J,harvest,L1,0,0,,,,,irrelevant,no,,,
,10.5201/ipol.2012.llm-ksvd,10.5201/ipol.2012.llm-ksvd,,https://openalex.org/W2143023881,An Implementation and Detailed Analysis of the K-SVD Image Denoising Algorithm,2012,Marc Lebrun; Arthur Leclaire,Image Processing On Line,M,harvest,L1,0,0,,,,,unrelated field,no,,,
,10.1109/tcyb.2017.2771229,10.1109/tcyb.2017.2771229,,https://openalex.org/W2774636206,An Improved Mixture of Probabilistic PCA for Nonlinear Data-Driven Process Monitoring,2017,Jingxin Zhang; Hao Chen; Songhang Chen; Xia Hong,IEEE Transactions on Cybernetics,B,harvest,L1,0,0,,,,,irrelevant,no,,,
,10.1109/tit.2006.889463,10.1109/tit.2006.889463,,https://openalex.org/W2166827316,An Information-Spectrum Approach to Classical and Quantum Hypothesis Testing for Simple Hypotheses,2007,Hiroshi Nagaoka; Masahito Hayashi,IEEE Transactions on Information Theory,E,snowball,L1,0,0,,,,,hypothesis testing,no,,,
,10.1561/2200000071,10.1561/2200000071,,https://openalex.org/W3100366369,An Introduction to Deep Reinforcement Learning,2018,Vincent François-Lavet; Peter Henderson; Riashat Islam; Marc G. Bellemare; Joëlle Pineau,Foundations and Trends® in Machine Learning,B;D,harvest,L1,0,0,,,,,irrelevant,no,,,
,10.1063/1.458452,10.1063/1.458452,,https://openalex.org/W1965752441,An all-electron numerical method for solving the local density functional for polyatomic molecules,1990,B. Delley,The Journal of Chemical Physics,L,harvest,L1,0,0,,,,,unrelated field,no,,,
,10.1088/0031-9155/49/2/010,10.1088/0031-9155/49/2/010,,https://openalex.org/W2049466097,An alternative subspace approach to EEG dipole source localization,2004,Xiao-Liang Xu; Bobby Xu; Bin He,Physics in Medicine and Biology,C,harvest,L1,0,0,,,,,unrelated field,no,,,
,10.1016/j.ress.2015.05.025,10.1016/j.ress.2015.05.025,,https://openalex.org/W604737461,An angle-based subspace anomaly detection approach to high-dimensional data: With an application to industrial fault detection,2015,Liangwei Zhang; Jing Lin; Ramin Karim,Reliability Engineering & System Safety,C,harvest,L1,0,0,,,,,unrelated field,no,,,
,10.1007/bf00399761,10.1007/bf00399761,,https://openalex.org/W2046716184,An application of Bell's inequalities to a quantum state extension problem,1989,Reinhard F. Werner,Letters in Mathematical Physics,M,snowball,L1,0,0,,,,,Bell inequalities state extension,no,,,
,10.48550/arxiv.2105.13678,10.48550/arxiv.2105.13678,,https://openalex.org/W4287164562,An efficient hybrid hash based privacy amplification algorithm for quantum key distribution,2021,"Bingze, Yan; Qiong Li; Haokun, Mao; Nan Chen",arXiv (Cornell University),B,harvest,L1,0,0,,,,,unrelated field,no,,,
,10.1145/367701.367709,10.1145/367701.367709,,https://openalex.org/W1597479987,An introduction to quantum computing for non-physicists,2000,Eleanor Rieffel; Wolfgang Polak,ACM Computing Surveys,K,snowball,L1,0,0,,,,,QC introduction,no,,,
,10.6092/issn.1972-5787/1979,10.6092/issn.1972-5787/1979,,https://openalex.org/W1900292471,An introduction to small scale reflection in Coq,2010,Georges Gonthier; Assia Mahboubi,,H,snowball,L1,0,0,,,,,SSReflect,no,,,
,10.1088/0266-5611/28/7/075010,10.1088/0266-5611/28/7/075010,,https://openalex.org/W2065201216,An inverse problem for a one-dimensional time-fractional diffusion problem,2012,Bangti Jin; William Rundell,Inverse Problems,G,harvest,L1,0,0,,,,,unrelated field,no,,,
,anopenstringanalogueofviterbofunctoriality,,,https://openalex.org/W3102579050,An open String Analogue of Viterbo Functoriality,2009,Mohammed Abouzaid; Paul Seidel,DSpace@MIT (Massachusetts Institute of Technology),D,harvest,L1,0,0,,,,,unrelated field,no,,,
,10.1371/journal.pcbi.1008971,10.1371/journal.pcbi.1008971,,https://openalex.org/W3169547644,"Analogous computations in working memory input, output and motor gating: Electrophysiological and computational modeling evidence",2021,Rachel Rac-Lubashevsky; Michael J. Frank,PLoS Computational Biology,B,harvest,L1,0,0,,,,,unrelated field,no,,,
,10.1016/j.jmva.2018.03.008,10.1016/j.jmva.2018.03.008,,https://openalex.org/W2605944716,Angle-based joint and individual variation explained,2018,Qing Feng; Meilei Jiang; Jan Hannig; J. S. Marron,Journal of Multivariate Analysis,C,harvest,L1,0,0,,,,,unrelated field,no,,,
,10.1090/memo/0781,10.1090/memo/0781,,https://openalex.org/W1996068735,Anisotropic Hardy spaces and wavelets,2003,Marcin Bownik,Memoirs of the American Mathematical Society,D,harvest,L1,0,0,,,,,irrelevant,no,,,
,10.3390/app10082808,10.3390/app10082808,,https://openalex.org/W3020632263,Application of the Terrestrial Laser Scanning in Slope Deformation Monitoring: Taking a Highway Slope as an Example,2020,Chao Yin; Haoran Li; Zhinan Hu; Ying Li,Applied Sciences,A,harvest,L1,0,0,,,,,unrelated field,no,,,
,10.1007/s00365-017-9377-3,10.1007/s00365-017-9377-3,,https://openalex.org/W2963950291,Approximation and Orthogonality in Sobolev Spaces on a Triangle,2017,Yuan Xu,Constructive Approximation,C,harvest,L1,0,0,,,,,unrelated field,no,,,
,10.1016/s0370-1573(00)00047-8,10.1016/s0370-1573(00)00047-8,,https://openalex.org/W1990874006,Arrival time in quantum mechanics,2000,J. G. Muga; C.R. Leavens,Physics Reports,J,snowball,L1,0,0,,,,,arrival time QM,no,,,
,10.1016/0022-0000(88)90028-1,10.1016/0022-0000(88)90028-1,,https://openalex.org/W2148957455,"Arthur-Merlin games: A randomized proof system, and a hierarchy of complexity classes",1988,László Babai; Shlomo Moran,Journal of Computer and System Sciences,K,snowball,L1,0,0,,,,,Arthur-Merlin games,no,,,
,10.1080/19942060.2021.1984992,10.1080/19942060.2021.1984992,,https://openalex.org/W3210637362,"Artificial intelligence models for suspended river sediment prediction: state-of-the art, modeling framework appraisal, and proposed future research directions",2021,Tao Hai; Zainab Al-Khafaji; Chongchong Qi; Mohammad Zounemat‐Kermani; Özgür Kişi; Tiyasha Tiyasha,Engineering Applications of Computational Fluid Mechanics,B,harvest,L1,0,0,,,,,irrelevant,no,,,
,10.1038/s41598-023-46064-5,10.1038/s41598-023-46064-5,,https://openalex.org/W4388034500,Assessment of the ground vibration during blasting in mining projects using different computational approaches,2023,Shahab Hosseini; Jitendra Khatti; Blessing Olamide Taiwo; Yewuhalashet Fissha; Kamaldeep Singh Grover; Hajime Ikeda,Scientific Reports,B,harvest,L1,0,0,,,,,Machine learning prediction of blasting ground vibration; irrelevant,no,,,
,10.1103/revmodphys.81.163,10.1103/revmodphys.81.163,,https://openalex.org/W4211101250,Attosecond physics,2009,Ferenc Krausz; Misha Ivanov,Reviews of Modern Physics,G,harvest,L1,0,0,,,,,unrelated field,no,,,
,10.1007/11523468,10.1007/11523468,,,"Automata, languages and programming. 32nd international colloquium, ICALP 2005, Lisbon, Portugal, July 11--15, 2005. Proceedings.",2005,,Lecture Notes in Computer Science,K,harvest,L1,0,0,,,,,unrelated field,no,,,
,10.1016/s0022-0396(02)00037-2,10.1016/s0022-0396(02)00037-2,,https://openalex.org/W1988969484,Averaging theorems for conservative systems and the weakly compressible Euler equations,2002,Guy Métivier; Steven Schochet,Journal of Differential Equations,D,harvest,L1,0,0,,,,,unrelated field,no,,,
,10.1103/physrevlett.117.260601,10.1103/physrevlett.117.260601,,https://openalex.org/W1636030668,Axiomatic Relation between Thermodynamic and Information-Theoretic Entropies,2016,Mirjam Weilenmann; Lea Kraemer; Philippe Faist; Renato Renner,Physical Review Letters,E,snowball,L1,0,0,,,,,entropy axiomatics,no,,,
,10.1371/journal.pcbi.1006650,10.1371/journal.pcbi.1006650,,https://openalex.org/W2901954177,BEAST 2.5: An advanced software platform for Bayesian evolutionary analysis,2019,Remco Bouckaert; Timothy G. Vaughan; Joëlle Barido‐Sottani; Sebastián Duchêne; Mathieu Fourment; Alexandra Gavryushkina,PLoS Computational Biology,F,harvest,L1,0,0,,,,,unrelated field,no,,,
,10.1214/19-ba1195,10.1214/19-ba1195,,https://openalex.org/W3004404638,"Bayesian Regression Tree Models for Causal Inference: Regularization, Confounding, and Heterogeneous Effects (with Discussion)",2020,P. Richard Hahn; Jared S. Murray; Carlos M. Carvalho,Bayesian Analysis,F,harvest,L1,0,0,,,,,unrelated field,no,,,
,10.1214/ss/1009212519,10.1214/ss/1009212519,,https://openalex.org/W1603903339,"Bayesian model averaging: a tutorial (with comments by M. Clyde, David Draper and E. I. George, and a rejoinder by the authors",1999,Jennifer A. Hoeting; David Madigan; Adrian E. Raftery; Chris Volinsky,Statistical Science,H,harvest,L1,0,0,,,,,unrelated field,no,,,
,10.1609/aaai.v38i16.29722,10.1609/aaai.v38i16.29722,,https://openalex.org/W4393160131,Beyond Attention: Breaking the Limits of Transformer Context Length with Recurrent Memory,2024,Aydar Bulatov; Yuri Kuratov; Yermek Kapushev; Mikhail Burtsev,Proceedings of the AAAI Conference on Artificial Intelligence,H,snowball,L1,0,0,,,,,transformer memory,no,,,
,10.1146/annurev-psych-010213-115208,10.1146/annurev-psych-010213-115208,,https://openalex.org/W2121272057,"Beyond Motivation: Job and Work Design for Development, Health, Ambidexterity, and More",2013,Sharon K. Parker,Annual Review of Psychology,H,harvest,L1,0,0,,,,,unrelated field,no,,,
,10.1007/jhep07(2018)157,10.1007/jhep07(2018)157,,https://openalex.org/W2774062505,Beyond a = c : gravitational couplings to matter and the stress tensor OPE,2018,David Meltzer; Eric Perlmutter,Journal of High Energy Physics,D,harvest,L1,0,0,,,,,unrelated field,no,,,
,10.1007/s00397-017-0999-y,10.1007/s00397-017-0999-y,,https://openalex.org/W2589427356,Bingham’s model in the oil and gas industry,2017,I.A. Frigaard; Kristofer Paso; Paulo R. de Souza Mendes,Rheologica Acta,E,harvest,L1,0,0,,,,,unrelated field,no,,,
,10.1553/etna_vol53s113,10.1553/etna_vol53s113,,https://openalex.org/W2976817015,Block generalized locally Toeplitz sequences: theory and applications in the multidimensional case,2020,Giovanni Barbarino; Carlo Garoni; Stefano Serra‐Capizzano,ETNA - Electronic Transactions on Numerical Analysis,B,harvest,L1,0,0,,,,,irrelevant,no,,,
,10.1007/s00145-011-9105-2,10.1007/s00145-011-9105-2,,https://openalex.org/W1983370494,"Bonsai Trees, or How to Delegate a Lattice Basis",2011,David M. Cash; Dennis Hofheinz; Eike Kiltz; Chris Peikert,Journal of Cryptology,F,harvest,L1,0,0,,,,,unrelated field,no,,,
,10.1038/natrevmats.2016.48,10.1038/natrevmats.2016.48,,https://openalex.org/W2494235437,Bound states in the continuum,2016,Chia Wei Hsu; Bo Zhen; A. Douglas Stone; John D. Joannopoulos; Marin Soljačić,Nature Reviews Materials,L,harvest,L1,0,0,,,,,unrelated field,no,,,
,10.1088/1126-6708/2008/12/031,10.1088/1126-6708/2008/12/031,,https://openalex.org/W2142261062,Bounding scalar operator dimensions in 4DCFT,2008,Riccardo Rattazzi; Vyacheslav S Rychkov; Erik Tonni; Alessandro Vichi,Journal of High Energy Physics,L,harvest,L1,0,0,,,,,unrelated field,no,,,
,10.48550/arxiv.1412.8690,10.48550/arxiv.1412.8690,,https://openalex.org/W2107822587,Breaking the Curse of Dimensionality with Convex Neural Networks,2014,Francis Bach,arXiv (Cornell University),G,harvest,L1,0,0,,,,,unrelated field,no,,,
,10.1007/jhep04(2015)163,10.1007/jhep04(2015)163,,https://openalex.org/W2098838878,Bulk locality and quantum error correction in AdS/CFT,2015,Ahmed Almheiri; Xi Dong; Daniel Harlow,Journal of High Energy Physics,E,harvest,L1,0,0,,,,,unrelated field,no,,,
,10.1007/jhep10(2023)174,10.1007/jhep10(2023)174,,https://openalex.org/W4388074164,Burns space and holography,2023,Kevin Costello; Natalie M. Paquette; Atul Sharma,Journal of High Energy Physics,E,harvest,L1,0,0,,,,,unrelated field,no,,,
,10.1002/jcc.21287,10.1002/jcc.21287,,https://openalex.org/W2132262459,CHARMM: The biomolecular simulation program,2009,Bernard R. Brooks; Charles L. Brooks; Alexander D. MacKerell; Lennart Nilsson; Robert J. Petrella; Benoı̂t Roux,Journal of Computational Chemistry,K,harvest,L1,0,0,,,,,unrelated field,no,,,
,10.1088/0004-6256/140/5/1168,10.1088/0004-6256/140/5/1168,,https://openalex.org/W1966412445,CIRCUMPLANETARY DISK FORMATION,2010,William R. Ward; R. M. Canup,The Astronomical Journal,L,harvest,L1,0,0,,,,,irrelevant,no,,,
,10.1016/j.ocemod.2017.12.003,10.1016/j.ocemod.2017.12.003,,https://openalex.org/W2782235259,CMIP5-based global wave climate projections including the entire Arctic Ocean,2018,Mercè Casas‐Prat; X.L. Wang; Neil C. Swart,Ocean Modelling,C,harvest,L1,0,0,,,,,unrelated field,no,,,
,10.1109/tpami.2018.2837742,10.1109/tpami.2018.2837742,,https://openalex.org/W2803705807,CNN-Based Real-Time Dense Face Reconstruction with Inverse-Rendered Photo-Realistic Face Images,2018,Yudong Guo; Juyong Zhang; Jianfei Cai; Boyi Jiang; Jianmin Zheng,IEEE Transactions on Pattern Analysis and Machine Intelligence,B,harvest,L1,0,0,,,,,irrelevant,no,,,
,10.1063/5.0007045,10.1063/5.0007045,,https://openalex.org/W3027308092,CP2K: An electronic structure and molecular dynamics software package - Quickstep: Efficient and accurate electronic structure calculations,2020,Thomas D. Kühne; Marcella Iannuzzi; Mauro Del Ben; Vladimir V. Rybkin; Patrick Seewald; Frederick Stein,The Journal of Chemical Physics,D,harvest,L1,0,0,,,,,unrelated field,no,,,
,10.4007/annals.2006.163.265,10.4007/annals.2006.163.265,,https://openalex.org/W2154530595,Calderón’s inverse conductivity problem in the plane,2006,Kari Astala; Lassi Païvärinta,Annals of Mathematics,L,harvest,L1,0,0,,,,,unrelated field,no,,,
,10.1109/tit.2008.924665,10.1109/tit.2008.924665,,https://openalex.org/W2132333350,Capacity theorems for quantum multiple-access channels: classical-quantum and quantum-quantum capacity regions,2008,Jon Yard; Patrick Hayden; Igor Devetak,IEEE Transactions on Information Theory,K,snowball,L1,0,0,,,,,multiple-access channels,no,,,
,10.5194/hgss-5-11-2014,10.5194/hgss-5-11-2014,,https://openalex.org/W2063481184,Carl Friedrich Gauss – General Theory of Terrestrial Magnetism – a revised translation of the German text,2014,K.‐H. Glaßmeier; B. T. Tsurutani,History of geo- and space sciences,C,harvest,L1,0,0,,,,,irrelevant,no,,,
,10.1109/ojcoms.2024.3390000,10.1109/ojcoms.2024.3390000,,https://openalex.org/W4394863101,Channel Coding Toward 6G: Technical Overview and Outlook,2024,Mohammad Rowshan; Min Qiu; Yixuan Xie; Xinyi Gu; Jinhong Yuan,IEEE Open Journal of the Communications Society,B,harvest,L1,0,0,,,,,irrelevant,no,,,
,10.1143/ptps.62.11,10.1143/ptps.62.11,,https://openalex.org/W2027181842,"Chapter II. Theory of Resonating Group Method and Generator Coordinate Method, and Orthogonality Condition Model",1977,Sakae Saito,Progress of Theoretical Physics Supplement,C,harvest,L1,0,0,,,,,irrelevant,no,,,
,10.1002/minf.202000171,10.1002/minf.202000171,,https://openalex.org/W3045647619,Cheminformatics in Natural Product‐based Drug Discovery,2020,Ya Chen; Johannes Kirchmair,Molecular Informatics,C,harvest,L1,0,0,,,,,irrelevant,no,,,
,10.1103/physreva.68.042301,10.1103/physreva.68.042301,,https://openalex.org/W2000270505,Classical data compression with quantum side information,2003,Igor Devetak; Andreas Winter,Physical Review A,K,snowball,L1,0,0,,,,,data compression side info,no,,,
,10.1103/physreva.54.1869,10.1103/physreva.54.1869,,https://openalex.org/W2085163160,Classical information capacity of a quantum channel,1996,Paul Hausladen; Richard Jozsa; Benjamin Schumacher; Michael Westmoreland; William K. Wootters,Physical Review A,K,snowball,L1,0,0,,,,,classical capacity,no,,,
,10.1186/s13677-023-00586-5,10.1186/s13677-023-00586-5,,https://openalex.org/W4391102377,Cloud-SMPC: two-round multilinear maps secure multiparty computation based on LWE assumption,2024,Yun Luo; Yuling Chen; Tao Li; Chaoyue Tan; Hui Dou,Journal of Cloud Computing Advances Systems and Applications,B,harvest,L1,0,0,,,,,unrelated field,no,,,
,10.5555/1046920.1088718,10.5555/1046920.1088718,,https://openalex.org/W2145001205,Clustering on the Unit Hypersphere using von Mises-Fisher Distributions,2005,Arindam Banerjee; Inderjit S. Dhillon; Joydeep Ghosh; Suvrit Sra,MPG.PuRe (Max Planck Society),C;G,harvest,L1,0,0,,,,,irrelevant,no,,,
,10.5194/tc-5-271-2011,10.5194/tc-5-271-2011,,https://openalex.org/W2029153117,Co-registration and bias corrections of satellite elevation data sets for quantifying glacier thickness change,2011,Christopher Nuth; Andreas Kääb,The cryosphere,G,harvest,L1,0,0,,,,,unrelated field,no,,,
,10.48550/arxiv.quant-ph/9809023,10.48550/arxiv.quant-ph/9809023,,https://openalex.org/W3099330432,Coding Theorems for Quantum Channels,1998,A. S. Holevo,arXiv (Cornell University),K,snowball,L1,0,0,,,,,quantum coding theorems,no,,,
,10.1007/978-3-642-66822-7,10.1007/978-3-642-66822-7,,https://openalex.org/W1978910765,Coding Theorems of Information Theory,1978,J. Wolfowitz,,K,snowball,L1,0,0,,,,,coding theorems,no,,,
,10.1007/978-3-662-00237-7,10.1007/978-3-662-00237-7,,https://openalex.org/W4229962089,Coding Theorems of Information Theory,1964,J. Wolfowitz,,K,snowball,L1,0,0,,,,,coding theorems,no,,,
,10.48550/arxiv.quant-ph/9907077,10.48550/arxiv.quant-ph/9907077,,https://openalex.org/W1794253150,Coding Theorems of Quantum Information Theory,1999,Andreas Winter,arXiv (Cornell University),K,snowball,L1,0,0,,,,,quantum coding theorems,no,,,
,10.1109/isit.1998.708669,10.1109/isit.1998.708669,,https://openalex.org/W2119703904,Coding theorems for quantum communication channels,2002,A. S. Holevo,,K,snowball,L1,0,0,,,,,quantum coding theorems,no,,,
,10.1088/1367-2630/11/5/055049,10.1088/1367-2630/11/5/055049,,https://openalex.org/W2123148422,"Cold and ultracold molecules: science, technology and applications",2009,Lincoln D. Carr; David DeMille; Roman V. Krems; Jun Ye,New Journal of Physics,M,snowball,L1,0,0,,,,,ultracold molecules,no,,,
,10.1007/s42064-024-0227-3,10.1007/s42064-024-0227-3,,https://openalex.org/W4410138652,Collision avoidance maneuver optimization during low-thrust propelled trajectories,2025,Zeno Pavanello; Laura Pirovano; Roberto Armellin; Andrea De Vittori; Pierluigi Di Lizia,Astrodynamics,J,harvest,L1,0,0,,,,,unrelated field,no,,,
,10.1103/revmodphys.75.543,10.1103/revmodphys.75.543,,https://openalex.org/W2053914795,Colloquium : Aligning molecules with strong laser pulses,2003,Henrik Stapelfeldt; Tamar Seideman,Reviews of Modern Physics,C,harvest,L1,0,0,,,,,irrelevant,no,,,
,10.1103/revmodphys.96.031001,10.1103/revmodphys.96.031001,,https://openalex.org/W4400448230,Colloquium : Quantum batteries,2024,Francesco Campaioli; Stefano Gherardini; James Q. Quach; Marco Polini; Gian Marcello Andolina,Reviews of Modern Physics,J,harvest,L1,0,0,,,,,unrelated field,no,,,
,10.1103/revmodphys.90.031002,10.1103/revmodphys.90.031002,,https://openalex.org/W2887315593,Colloquium : Quantum matter built from nanoscopic lattices of atoms and photons,2018,Darrick E. Chang; James S. Douglas; Alejandro González-Tudela; Chen-Lung Hung; H. J. Kimble,Reviews of Modern Physics,J,snowball,L1,0,0,,,,,nanophotonic atom lattices,no,,,
,10.1103/revmodphys.88.041001,10.1103/revmodphys.88.041001,,https://openalex.org/W2530658632,Colloquium: Protecting quantum information against environmental noise,2016,Dieter Suter; Gonzalo A. Álvarez,Reviews of Modern Physics,J,snowball,L1,0,0,,,,,noise protection review,no,,,
,10.48550/arxiv.1710.03663,10.48550/arxiv.1710.03663,,https://openalex.org/W2763095486,Colored discrete spaces: higher dimensional combinatorial maps and quantum gravity,2017,Luca Lionni,arXiv (Cornell University),E,harvest,L1,0,0,,,,,unrelated field,no,,,
,10.1186/1471-2148-3-3,10.1186/1471-2148-3-3,,https://openalex.org/W2114252225,Compensatory mutations cause excess of antagonistic epistasis in RNA secondary structure folding,2003,Claus O. Wilke; Richard E. Lenski; Christoph Adami,BMC Evolutionary Biology,B,harvest,L1,0,0,,,,,irrelevant,no,,,
,10.1017/cbo9780511791246,10.1017/cbo9780511791246,,https://openalex.org/W4212793308,Complex Variables,2003,Mark J. Ablowitz; A. S. Fokas,Cambridge University Press eBooks,D,snowball,L1,0,0,,,,,complex variables textbook,no,,,
,10.1090/s0002-9947-05-03742-6,10.1090/s0002-9947-05-03742-6,,https://openalex.org/W2059597507,Complex symmetric operators and applications,2005,Stephan Ramon Garcia; Mihai Putinar,Transactions of the American Mathematical Society,B;D;E;G;L,harvest,L1,0,0,,,,,irrelevant,no,,,
,10.1186/cc2948,10.1186/cc2948,,https://openalex.org/W2139676856,Complex systems and the technology of variability analysis,2004,Andrew Seely; Peter T. Macklem,Critical Care,J,harvest,L1,0,0,,,,,unrelated field,no,,,
,10.1007/978-3-662-45608-8_22,10.1007/978-3-662-45608-8_22,,https://openalex.org/W2130618624,Composable Security of Delegated Quantum Computation,2014,Vedran Dunjko; Joseph F. Fitzsimons; Christopher Portmann; Renato Renner,Lecture notes in computer science,E,snowball,L1,0,0,,,,,delegated QC security,no,,,
,10.48550/arxiv.1802.10399,10.48550/arxiv.1802.10399,,https://openalex.org/W2788440360,Compressing Neural Networks using the Variational Information Bottleneck,2018,Bin Dai; Chen Zhu; David Wipf,arXiv (Cornell University),N,harvest,L1,0,0,,,,,unrelated field,no,,,
,10.1109/tip.2015.2508600,10.1109/tip.2015.2508600,,https://openalex.org/W2206638072,Compressive Sequential Learning for Action Similarity Labeling,2015,Jie Qin; Li Liu; Zhaoxiang Zhang; Yunhong Wang; Ling Shao,IEEE Transactions on Image Processing,K,harvest,L1,0,0,,,,,unrelated field,no,,,
,10.48550/arxiv.2210.06640,10.48550/arxiv.2210.06640,,https://openalex.org/W4306295041,Compute-Efficient Deep Learning: Algorithmic Trends and Opportunities,2022,Brian R. Bartoldson; Bhavya Kailkhura; Davis Blalock,arXiv (Cornell University),N,harvest,L1,0,0,,,,,unrelated field,no,,,
,10.1007/978-1-4757-3188-0,10.1007/978-1-4757-3188-0,,https://openalex.org/W2499439414,Computer-Aided Reasoning,2000,,Advances in formal methods,H,snowball,L1,0,0,,,,,ACL2,no,,,
,computeraidedreasoningacl2casestudies,,,https://openalex.org/W1558797637,Computer-aided reasoning : ACL2 case studies,2000,Matt Kaufmann; Panagiotis Manolios; J Strother Moore,Medical Entomology and Zoology,H,snowball,L1,0,0,,,,,ACL2,no,,,
,10.1023/a:1007612920971,10.1023/a:1007612920971,,https://openalex.org/W1790954942,Concept Decompositions for Large Sparse Text Data Using Clustering,2001,Inderjit S. Dhillon; Dharmendra S. Modha,Machine Learning,C,harvest,L1,0,0,,,,,irrelevant,no,,,
,10.1016/j.physleta.2003.12.018,10.1016/j.physleta.2003.12.018,,https://openalex.org/W2072741107,Concurrence in the two-dimensional XXZ- and transverse field Ising-models,2003,Olav F. Syljuåsen,Physics Letters A,M,snowball,L1,0,0,,,,,concurrence spin models,no,,,
,10.1088/1126-6708/2008/05/012,10.1088/1126-6708/2008/05/012,,https://openalex.org/W1970150431,Conformal collider physics: energy and charge correlations,2008,Diego M Hofman; Juan Maldacena,Journal of High Energy Physics,D,harvest,L1,0,0,,,,,unrelated field,no,,,
,10.1007/978-3-319-40229-1_8,10.1007/978-3-319-40229-1_8,,https://openalex.org/W2506025915,Congruence Closure in Intensional Type Theory,2016,Daniel Selsam; Leonardo de Moura,Lecture notes in computer science,H,snowball,L1,0,0,,,,,congruence closure,no,,,
,10.4310/jdg/1460463562,10.4310/jdg/1460463562,,https://openalex.org/W2963038406,Conic singularities metrics with prescribed Ricci curvature: General cone angles along normal crossing divisors,2016,Henri Guenancia; Mihai Păun,Journal of Differential Geometry,D,harvest,L1,0,0,,,,,unrelated field,no,,,
,10.1038/s42005-023-01331-9,10.1038/s42005-023-01331-9,,https://openalex.org/W4385987538,Constrained optimization via quantum Zeno dynamics,2023,Dylan Herman; Ruslan Shaydulin; Yue Sun; Shouvanik Chakrabarti; Shaohan Hu; Pierre Minssen,Communications Physics,J,harvest,L1,0,0,,,,,irrelevant,no,,,
,10.1007/978-3-540-74464-1_11,10.1007/978-3-540-74464-1_11,,https://openalex.org/W2146104088,Constructive Type Classes in Isabelle,2007,Florian Haftmann; Makarius Wenzel,Lecture notes in computer science,H,snowball,L1,0,0,,,,,Isabelle type classes,no,,,
,10.1007/s10994-018-5764-7,10.1007/s10994-018-5764-7,,https://openalex.org/W2897138161,Continuation methods for approximate large scale object sequencing,2018,Xenophon Evangelopoulos; Austin J. Brockmeier; Tingting Mu; John Y. Goulermas,Machine Learning,F,harvest,L1,0,0,,,,,unrelated field,no,,,
,10.1103/physrevb.60.5737,10.1103/physrevb.60.5737,,https://openalex.org/W1986264363,Continuous quantum measurement of a double dot,1999,Alexander N. Korotkov,"Physical review. B, Condensed matter",J,snowball,L1,0,0,,,,,irrelevant,no,,,
,10.5194/acp-19-6749-2019,10.5194/acp-19-6749-2019,,https://openalex.org/W2901603400,Contrasting physical properties of black carbon in urban Beijing between winter and summer,2019,Dantong Liu; Rutambhara Joshi; Junfeng Wang; Chenjie Yu; J. D. Allan; Hugh Coe,Atmospheric chemistry and physics,B,harvest,L1,0,0,,,,,irrelevant,no,,,
,10.1523/jneurosci.1278-13.2013,10.1523/jneurosci.1278-13.2013,,https://openalex.org/W1987953899,Control of Basal Ganglia Output by Direct and Indirect Pathway Projection Neurons,2013,Benjamin Freeze; Alexxai V. Kravitz; Nora Hammack; Joshua D. Berke; Anatol C. Kreitzer,Journal of Neuroscience,I,harvest,L1,0,0,,,,,unrelated field,no,,,
,10.5821/dissertation-2117-370853,10.5821/dissertation-2117-370853,,https://openalex.org/W4387655386,Controlling interactions in quantum materials : from a microscopic description to quantum simulation,2022,Sergi Julià Farré,,M,harvest,L1,0,0,,,,,unrelated field,no,,,
,10.1103/physreva.105.052426,10.1103/physreva.105.052426,,https://openalex.org/W4280633502,Controlling long ion strings for quantum simulation and precision measurements,2022,Florian Kranzl; Manoj K. Joshi; Christine Maier; Tiff Brydges; Johannes Franke; R. Blatt,Physical Review A,J,harvest,L1,0,0,,,,,unrelated field,no,,,
,10.1103/physrevlett.110.035302,10.1103/physrevlett.110.035302,,https://openalex.org/W2072467230,Controlling the Dynamics of an Open Many-Body Quantum System with Localized Dissipation,2013,Giovanni Barontini; Ralf Labouvie; Felix Stubenrauch; Andreas Vogler; Vera Guarrera; Herwig Ott,Physical Review Letters,J,snowball,L1,0,0,,,,,irrelevant,no,,,
,10.1109/access.2021.3117004,10.1109/access.2021.3117004,,https://openalex.org/W3203931613,Convergence of Photovoltaic Power Forecasting and Deep Learning: State-of-Art Review,2021,Mohamed Massaoudi; Inès Chihi; Haitham Abu‐Rub; Shady S. Refaat; Fakhreddine S. Oueslati,IEEE Access,J,harvest,L1,0,0,,,,,unrelated field,no,,,
,10.4310/jdg/1231856263,10.4310/jdg/1231856263,,https://openalex.org/W1809786681,"Convex functions on symmetric spaces, side lengths of polygons and the stability inequalities for weighted configurations at infinity",2009,Michael Kapovich; Bernhard Lee; John J. Millson,Journal of Differential Geometry,E,harvest,L1,0,0,,,,,unrelated field,no,,,
,10.1007/s12065-020-00540-3,10.1007/s12065-020-00540-3,,https://openalex.org/W3120795911,Convolutional neural networks in medical image understanding: a survey,2021,D. R. Sarvamangala; Raghavendra V. Kulkarni,Evolutionary Intelligence,F,harvest,L1,0,0,,,,,unrelated field,no,,,
,10.1016/j.arcontrol.2015.03.001,10.1016/j.arcontrol.2015.03.001,,https://openalex.org/W2951465500,Cooperative control in production and logistics,2015,László Monostori; Paul Valckenaers; Alexandre Dolgui; Hervé Panetto; Mietek A. Brdyś; Balázs Csanád Csáji,Annual Reviews in Control,N,harvest,L1,0,0,,,,,unrelated field,no,,,
,10.48550/arxiv.1801.09414,10.48550/arxiv.1801.09414,,https://openalex.org/W2786817236,CosFace: Large Margin Cosine Loss for Deep Face Recognition,2018,Hao Wang; Yitong Wang; Zheng Zhou; Xing Ji; Dihong Gong; Jingchao Zhou,arXiv (Cornell University),C;G,harvest,L1,0,0,,,,,irrelevant,no,,,
,10.1186/1742-4682-11-16,10.1186/1742-4682-11-16,,https://openalex.org/W2098342740,Cosinor-based rhythmometry,2014,Germaine Cornélissen,Theoretical Biology and Medical Modelling,J,harvest,L1,0,0,,,,,unrelated field,no,,,
,10.48550/arxiv.1908.05647,10.48550/arxiv.1908.05647,,https://openalex.org/W2968211634,Counting Immutable Beans: Reference Counting Optimized for Purely Functional Programming,2019,Sebastian Ullrich; Leonardo de Moura,arXiv (Cornell University),H,snowball,L1,0,0,,,,,reference counting,no,,,
,10.1090/s0894-0347-08-00600-0,10.1090/s0894-0347-08-00600-0,,https://openalex.org/W2115275122,Counting faces of randomly projected polytopes when the projection radically lowers dimension,2008,David L. Donoho; Jared Tanner,Journal of the American Mathematical Society,C,harvest,L1,0,0,,,,,unrelated field,no,,,
,10.1145/3412932.3412935,10.1145/3412932.3412935,,https://openalex.org/W3040288220,Counting immutable beans,2019,Sebastian Ullrich; Leonardo de Moura,,H,snowball,L1,0,0,,,,,Lean reference counting,no,,,
,10.1093/nar/gkaa133,10.1093/nar/gkaa133,,https://openalex.org/W3008012878,Cu2+-based distance measurements by pulsed EPR provide distance constraints for DNA backbone conformations in solution,2020,Shreya Ghosh; Matthew J. Lawless; Hanna J Brubaker; Kevin Singewald; Michael R. Kurpiewski; Linda Jen‐Jacobson,Nucleic Acids Research,E,harvest,L1,0,0,,,,,unrelated field,no,,,
,10.1007/bf02392711,10.1007/bf02392711,,https://openalex.org/W2018294758,Currents in metric spaces,2000,Luigi Ambrosio; Bernd Kirchheim,Acta Mathematica,D,harvest,L1,0,0,,,,,unrelated field,no,,,
,10.1007/s00778-025-00922-y,10.1007/s00778-025-00922-y,,https://openalex.org/W4410215342,DBSP: automatic incremental view maintenance for rich query languages,2025,Mihai Budiu; Mihai Budiu; Leonid Ryzhyk; Gerd Zellweger; Ben Pfaff; Lalith Suresh,The VLDB Journal,H,snowball,L1,0,0,,,,,DBSP view maintenance,no,,,
,10.1086/309175,10.1086/309175,,https://openalex.org/W2086089232,Dark Halo and Disk Galaxy Scaling Laws in Hierarchical Universes,2000,Julio F. Navarro; Matthias Steinmetz,The Astrophysical Journal,L,harvest,L1,0,0,,,,,unrelated field,no,,,
,10.1016/s0022-0000(03)00025-4,10.1016/s0022-0000(03)00025-4,,https://openalex.org/W2037757210,Database-friendly random projections: Johnson-Lindenstrauss with binary coins,2003,Dimitris Achlioptas,Journal of Computer and System Sciences,C,harvest,L1,0,0,,,,,unrelated field,no,,,
,10.1029/2021ms002621,10.1029/2021ms002621,,https://openalex.org/W3125872717,"Data‐Driven Inference of the Mechanics of Slip Along Glacier Beds Using Physics‐Informed Neural Networks: Case Study on Rutford Ice Stream, Antarctica",2021,Bryan Riel; Brent Minchew; Tobias Bischoff,Journal of Advances in Modeling Earth Systems,J,harvest,L1,0,0,,,,,unrelated field,no,,,
,10.1029/2000jb900094,10.1029/2000jb900094,,https://openalex.org/W2089635787,"Dating of major normal fault systems using thermochronology: An example from the Raft River detachment, Basin and Range, western United States",2000,Michael L. Wells; Lawrence W. Snee; Ann E. Blythe,Journal of Geophysical Research Atmospheres,E,harvest,L1,0,0,,,,,unrelated field,no,,,
,10.1111/mice.12263,10.1111/mice.12263,,https://openalex.org/W2598457882,Deep Learning‐Based Crack Damage Detection Using Convolutional Neural Networks,2017,Young‐Jin Cha; Wooram Choi; Oral Büyüköztürk,Computer-Aided Civil and Infrastructure Engineering,F,harvest,L1,0,0,,,,,unrelated field,no,,,
,10.1126/science.1252319,10.1126/science.1252319,,https://openalex.org/W2028918948,Defining and detecting quantum speedup,2014,Troels F. Rønnow; Zhihui Wang; Joshua Job; Sergio Boixo; Sergei V. Isakov; D. Wecker,Science,K,snowball,L1,0,0,,,,,quantum speedup detection,no,,,
,10.1007/s10240-003-0016-0,10.1007/s10240-003-0016-0,,https://openalex.org/W2040526835,Determinantal probability measures,2003,Russell Lyons,Publications mathématiques de l IHÉS,D,harvest,L1,0,0,,,,,unrelated field,no,,,
,10.1038/sj.neo.7900118,10.1038/sj.neo.7900118,,https://openalex.org/W2061782980,Developments Toward Diagnostic Breast Cancer Imaging Using Near-Infrared Optical Measurements and Fluorescent Contrast Agents1,2000,Daniel J. Hawrysz; Eva M. Sevick‐Muraca,Neoplasia,J,harvest,L1,0,0,,,,,irrelevant,no,,,
,10.1038/s41567-020-01147-2,10.1038/s41567-020-01147-2,,https://openalex.org/W2997720341,Device-independent randomness expansion against quantum side information,2021,Wen‐Zhao Liu; Minghan Li; Sammy Ragy; Si-Ran Zhao; Bing Bai; Yang Liu,Nature Physics,E,snowball,L1,0,0,,,,,DI randomness,no,,,
,10.1007/bf01491891,10.1007/bf01491891,,https://openalex.org/W2073384645,Die gegenw�rtige Situation in der Quantenmechanik,1935,E. Schr�dinger,Die Naturwissenschaften,J,snowball,L1,0,0,,,,,Schrodinger cat paper,no,,,
,10.1016/0029-5582(65)90598-5,10.1016/0029-5582(65)90598-5,,https://openalex.org/W1982574474,Differential equations of mathematical physics,1965,,Nuclear Physics,B;D;E,harvest,L1,0,0,,,,,irrelevant,no,,,
,10.1016/j.acha.2006.04.004,10.1016/j.acha.2006.04.004,,https://openalex.org/W4210770595,Diffusion wavelets,2006,Ronald R. Coifman; Mauro Maggioni,Applied and Computational Harmonic Analysis,B,harvest,L1,0,0,,,,,irrelevant,no,,,
,10.12942/lrr-1998-13,10.12942/lrr-1998-13,,https://openalex.org/W2168251042,Discrete Approaches to Quantum Gravity in Four Dimensions,1998,R. Loll,Living Reviews in Relativity,E,harvest,L1,0,0,,,,,unrelated field,no,,,
,10.1016/j.ijar.2011.07.006,10.1016/j.ijar.2011.07.006,,https://openalex.org/W2072348410,Distances in evidence theory: Comprehensive survey and generalizations,2011,Anne-Laure Jousselme; Patrick Maupin,International Journal of Approximate Reasoning,C,harvest,L1,0,0,,,,,irrelevant,no,,,
,10.1109/tit.2004.838115,10.1109/tit.2004.838115,,https://openalex.org/W2178293323,Distilling Common Randomness From Bipartite Quantum States,2004,Igor Devetak; Andreas Winter,IEEE Transactions on Information Theory,K,snowball,L1,0,0,,,,,unrelated field,no,,,
,10.1101/gr.3577405,10.1101/gr.3577405,,https://openalex.org/W2161978970,Distribution and intensity of constraint in mammalian genomic sequence,2005,Gregory M. Cooper; Eric A. Stone; George Asimenos; Eric D. Green; Serafim Batzoglou; Arend Sidow,Genome Research,E,harvest,L1,0,0,,,,,unrelated field,no,,,
,10.1103/physrevlett.116.150504,10.1103/physrevlett.116.150504,,https://openalex.org/W2271113564,Distribution of Quantum Coherence in Multipartite Systems,2016,Chandrashekar Radhakrishnan; Manikandan Parthasarathy; Segar Jambulingam; Tim Byrnes,Physical Review Letters,M,snowball,L1,0,0,,,,,quantum coherence,no,,,
,10.3390/electronics14163310,10.3390/electronics14163310,,https://openalex.org/W4413351171,Disturbance Observer-Based Saturation-Tolerant Prescribed Performance Control for Nonlinear Multi-Agent Systems,2025,Shijie Chang; Jiayu Bai; Haoxiang Wen; Shuokai Wei,Electronics,N,harvest,L1,0,0,,,,,unrelated field,no,,,
,10.48550/arxiv.1702.05374,10.48550/arxiv.1702.05374,,https://openalex.org/W2590953969,Domain Adaptation for Visual Applications: A Comprehensive Survey,2017,Gabriela Csurka,arXiv (Cornell University),B,harvest,L1,0,0,,,,,irrelevant,no,,,
,10.1007/s00780-010-0134-8,10.1007/s00780-010-0134-8,,https://openalex.org/W1972337987,Dual pricing of multi-exercise options under volume constraints,2010,Christian Bender,Finance and Stochastics,A,snowball,L1,0,0,,,,,option pricing,no,,,
,10.1088/1741-2560/13/3/036007,10.1088/1741-2560/13/3/036007,,https://openalex.org/W2320529444,Dual signal subspace projection (DSSP): a novel algorithm for removing large interference in biomagnetic measurements,2016,Kensuke Sekihara; Yuya Kawabata; Shuta Ushio; Satoshi Sumiya; Shigenori Kawabata; Yoshiaki Adachi,Journal of Neural Engineering,C,harvest,L1,0,0,,,,,unrelated field,no,,,
,10.1109/cvpr.2017.392,10.1109/cvpr.2017.392,,https://openalex.org/W2554268477,Dynamic Attention-Controlled Cascaded Shape Regression Exploiting Training Data Augmentation and Fuzzy-Set Sample Weighting,2017,Zhenhua Feng; Josef Kittler; William Christmas; Patrik Huber; Xiao‐Jun Wu,,B,harvest,L1,0,0,,,,,irrelevant,no,,,
,10.3390/aerospace12090803,10.3390/aerospace12090803,,https://openalex.org/W4414215141,Dynamic Event-Triggered Multi-Aircraft Collision Avoidance: A Reference Correction Method Based on APF-CBF,2025,Yadong Tang; Jiong Li; Jikun Ye; Xiangwei Bu; Changxin Luo,Aerospace,J,harvest,L1,0,0,,,,,irrelevant,no,,,
,10.1109/tnnls.2022.3176809,10.1109/tnnls.2022.3176809,,https://openalex.org/W3165464242,Dynamic Probabilistic Pruning: A General Framework for Hardware-Constrained Pruning at Different Granularities,2022,Lizeth Gonzalez-Carabarin; Iris A. M. Huijben; Bastian Veeling; Alexandre Schmid; Ruud J. G. van Sloun,IEEE Transactions on Neural Networks and Learning Systems,N,harvest,L1,0,0,,,,,unrelated field,no,,,
,10.1109/tsg.2016.2580584,10.1109/tsg.2016.2580584,,https://openalex.org/W2259547337,Dynamic State Estimation for Multi-Machine Power System by Unscented Kalman Filter With Enhanced Numerical Stability,2016,Junjian Qi; Kai Sun; Jianhui Wang; Hui Liu,IEEE Transactions on Smart Grid,I,snowball,L1,0,0,,,,,power system Kalman filtering,no,,,
,10.1103/physrevlett.74.2694,10.1103/physrevlett.74.2694,,https://openalex.org/W2056080528,Dynamical Ensembles in Nonequilibrium Statistical Mechanics,1995,Giovanni Gallavotti; E. G. D. Cohen,Physical Review Letters,D,harvest,L1,0,0,,,,,irrelevant,no,,,
,10.1038/s41578-022-00434-z,10.1038/s41578-022-00434-z,,https://openalex.org/W4225585995,Dynamical memristors for higher-complexity neuromorphic computing,2022,Suhas Kumar; Xinxin Wang; John Paul Strachan; Yuchao Yang; Wei Lü,Nature Reviews Materials,K,snowball,L1,0,0,,,,,memristors,no,,,
,10.2172/921803,10.2172/921803,,https://openalex.org/W1562045875,Dynamics Modeling and Loads Analysis of an Offshore Floating Wind Turbine,2007,Jason Jonkman,,G,harvest,L1,0,0,,,,,unrelated field,no,,,
,10.1175/1520-0485(2002)032<1460:dotdtb>2.0.co;2,10.1175/1520-0485(2002)032<1460:dotdtb>2.0.co;2,,https://openalex.org/W2143775138,Dynamics of Two-Dimensional Turbulent Bottom Gravity Currents,2002,Tamay M. Özgökmen; Eric P. Chassignet,Journal of Physical Oceanography,E,harvest,L1,0,0,,,,,unrelated field,no,,,
,10.1007/bf02392694,10.1007/bf02392694,,https://openalex.org/W2070904005,"Dynamics of quadratic polynomials, I–II",1997,Mikhail Lyubich,Acta Mathematica,E,harvest,L1,0,0,,,,,unrelated field,no,,,
,10.1088/0004-637x/690/1/69,10.1088/0004-637x/690/1/69,,https://openalex.org/W2055533090,EFFECTS OF RADIONUCLIDES ON THE IONIZATION STATE OF PROTOPLANETARY DISKS AND DENSE CLOUD CORES,2008,Toyoharu Umebayashi; Takenori Nakano,The Astrophysical Journal,L,harvest,L1,0,0,,,,,unrelated field,no,,,
,10.1103/physrevd.59.084006,10.1103/physrevd.59.084006,,https://openalex.org/W2148994792,Effective one-body approach to general relativistic two-body dynamics,1999,Alessandra Buonanno; Thibault Damour,"Physical review. D. Particles, fields, gravitation, and cosmology/Physical review. D. Particles and fields",G,harvest,L1,0,0,,,,,unrelated field,no,,,
,10.1088/0953-8984/17/15/r01,10.1088/0953-8984/17/15/r01,,https://openalex.org/W2092200943,Effects of confinement on material behaviour at the nanometre size scale,2005,Mataz Alcoutlabi; Gregory B. McKenna,Journal of Physics Condensed Matter,E,harvest,L1,0,0,,,,,unrelated field,no,,,
,10.1007/978-3-540-73595-3_13,10.1007/978-3-540-73595-3_13,,https://openalex.org/W1552077729,Efficient E-Matching for SMT Solvers,2007,Leonardo de Moura; Nikolaj Bjørner,Lecture notes in computer science,H,snowball,L1,0,0,,,,,SMT E-matching,no,,,
,10.1006/jcph.1996.0130,10.1006/jcph.1996.0130,,https://openalex.org/W2039150507,Efficient Implementation of Weighted ENO Schemes,1996,Guang-Shan Jiang; Chi‐Wang Shu,Journal of Computational Physics,C,harvest,L1,0,0,,,,,irrelevant,no,,,
,10.1007/978-1-4302-5990-9,10.1007/978-1-4302-5990-9,,https://openalex.org/W2473394283,"Efficient Learning Machines: Theories, Concepts, and Applications for Engineers and System Designers",2015,Mariette Awad; Rahul Khanna,Directory of Open access Books (OAPEN Foundation),B,harvest,L1,0,0,,,,,unrelated field,no,,,
,10.1109/dsn.2018.00039,10.1109/dsn.2018.00039,,https://openalex.org/W2883956444,Efficient Transient Analysis of a Class of Compositional Fluid Stochastic Petri Nets,2018,Peter Buchholz; Tuǧrul Dayar,,A,harvest,L1,0,0,,,,,unrelated field,no,,,
,10.4230/lipics.stacs.2010.2455,10.4230/lipics.stacs.2010.2455,,https://openalex.org/W2100855028,Efficient and Error-Correcting Data Structures for Membership and Polynomial Evaluation,2010,Victor Chen; Elena Grigorescu; Ronald de Wolf,DROPS (Schloss Dagstuhl – Leibniz Center for Informatics),B,harvest,L1,0,0,,,,,irrelevant,no,,,
,10.1103/revmodphys.74.601,10.1103/revmodphys.74.601,,https://openalex.org/W2053499780,Electronic excitations: density-functional versus many-body Green’s-function approaches,2002,Giovanni Onida; Lucia Reining; Ángel Rubio,Reviews of Modern Physics,L,harvest,L1,0,0,,,,,irrelevant,no,,,
,10.1103/revmodphys.74.1283,10.1103/revmodphys.74.1283,,https://openalex.org/W1998674391,Electronic structure of quantum dots,2002,S. M. Reimann; M. Manninen,Reviews of Modern Physics,K,harvest,L1,0,0,,,,,unrelated field,no,,,
,elementsofcausalinferencefoundationsandlearningalgorithms,,,https://openalex.org/W2801890059,Elements of Causal Inference: Foundations and Learning Algorithms,2017,Jonas Peters; Dominik Janzing; Bernhard Schölkopf,OAPEN (The OAPEN Foundation),K,harvest,L1,0,0,,,,,unrelated field,no,,,
,10.4310/jdg/1214456482,10.4310/jdg/1214456482,,https://openalex.org/W1569557141,Embedded surfaces and the structure of Donaldson's polynomial invariants,1995,P. B. Kronheimer; Tomasz Mrowka,Journal of Differential Geometry,D,harvest,L1,0,0,,,,,unrelated field,no,,,
,10.3386/w2893,10.3386/w2893,,https://openalex.org/W2071908546,Empirical Implications of Alternative Models of Firm Dynamics,1989,Ariel Pakes; Richard E. Ericson,National Bureau of Economic Research,H,harvest,L1,0,0,,,,,unrelated field,no,,,
,10.1109/36.79426,10.1109/36.79426,,https://openalex.org/W2155991715,Enhanced autoregressive moving average spectral estimation applied to the measurement of Doppler spectral width,1991,Robert D. Palmer; J.R. Cruz; D. S. Zrnić,IEEE Transactions on Geoscience and Remote Sensing,I,snowball,L1,0,0,,,,,Doppler spectral estimation,no,,,
,10.1109/tit.2013.2268533,10.1109/tit.2013.2268533,,https://openalex.org/W2175863477,Entanglement Cost of Quantum Channels,2013,Mario Berta; Fernando G. S. L. Brandão; Matthias Christandl; Stephanie Wehner,IEEE Transactions on Information Theory,E,snowball,L1,0,0,,,,,unrelated field,no,,,
,10.1103/physrevlett.122.201601,10.1103/physrevlett.122.201601,,https://openalex.org/W2912855427,Entanglement of Purification in Many Body Systems and Symmetry Breaking,2019,Arpan Bhattacharyya; A. Jahn; Tadashi Takayanagi; Koji Umemoto,Physical Review Letters,E,harvest,L1,0,0,,,,,unrelated field,no,,,
,10.1088/1367-2630/12/2/025007,10.1088/1367-2630/12/2/025007,,https://openalex.org/W1984300077,Entanglement renormalization in free bosonic systems: real-space versus momentum-space renormalization group transforms,2010,Glen Evenbly; Guifré Vidal,New Journal of Physics,A,harvest,L1,0,0,,,,,unrelated field,no,,,
,10.1007/s00550-020-00508-y,10.1007/s00550-020-00508-y,,https://openalex.org/W3121036855,Entrepreneurial lean thinking for sustainable business modeling: a workshop design for incumbent firms,2021,Erich J. Schwarz; Patrick Gregori; Ines Krajger; Małgorzata A. Wdowiak,NachhaltigkeitsManagementForum | Sustainability Management Forum,H,harvest,L1,0,0,,,,,unrelated field,no,,,
,10.1103/revmodphys.89.015002,10.1103/revmodphys.89.015002,,https://openalex.org/W2173401535,Entropic uncertainty relations and their applications,2017,Patrick J. Coles; Mario Berta; Marco Tomamichel; Stephanie Wehner,Reviews of Modern Physics,E;G,harvest+snowball,L1,0,0,,,,,unrelated field,no,,,
,environmentassistedquantumtransport,,,https://openalex.org/W3099964320,Environment-Assisted Quantum Transport,2008,Patrick Rebentrost; Masoud Mohseni; Ivan Kassal; Seth Lloyd; Alán Aspuru‐Guzik,Digital Access to Scholarship at Harvard (DASH) (Harvard University),J,snowball,L1,0,0,,,,,unrelated field,no,,,
,10.1088/1367-2630/11/3/033003,10.1088/1367-2630/11/3/033003,,https://openalex.org/W2099840417,Environment-assisted quantum transport,2009,Patrick Rebentrost; Masoud Mohseni; Ivan Kassal; Seth Lloyd; Alán Aspuru-Guzik,New Journal of Physics,J,snowball,L1,0,0,,,,,unrelated field,no,,,
,10.1088/0305-4470/24/16/012,10.1088/0305-4470/24/16/012,,https://openalex.org/W2006574499,Equivalence and solution of anisotropic spin-1 models and generalized t-J fermion models in one dimension,1991,Andreas Klümper; Andreas Schadschneider; J. Zittartz,Journal of Physics A Mathematical and General,M,snowball,L1,0,0,,,,,spin-1 models,no,,,
,10.1090/s0002-9947-1989-0983869-1,10.1090/s0002-9947-1989-0983869-1,,https://openalex.org/W4250293939,Ergodic attractors,1989,Charles Pugh; Michael Shub,Transactions of the American Mathematical Society,D,harvest,L1,0,0,,,,,irrelevant,no,,,
,10.1103/physreve.69.066138,10.1103/physreve.69.066138,,https://openalex.org/W2092939357,Estimating mutual information,2004,Alexander Kraskov; Harald Stögbauer; Peter Grassberger,Physical Review E,C,harvest,L1,0,0,,,,,irrelevant,no,,,
,10.1038/s41598-017-11873-y,10.1038/s41598-017-11873-y,,https://openalex.org/W2754478492,Estimating the intrinsic dimension of datasets by a minimal neighborhood information,2017,Elena Facco; Maria d’Errico; Álex Rodríguez; Alessandro Laio,Scientific Reports,C,harvest,L1,0,0,,,,,irrelevant,no,,,
,10.1016/j.aca.2018.03.044,10.1016/j.aca.2018.03.044,,https://openalex.org/W2796869941,Estimating the number of components and detecting outliers using Angle Distribution of Loading Subspaces (ADLS) in PCA analysis,2018,Yajuan Liu; Tuan Tran; Geert Postma; L.M.C. Buydens; Jeroen J. Jansen,Analytica Chimica Acta,C,harvest,L1,0,0,,,,,unrelated field,no,,,
,10.1103/physreva.63.032312,10.1103/physreva.63.032312,,https://openalex.org/W2128386771,Evaluating capacities of bosonic Gaussian channels,2001,A. S. Holevo; Reinhard F. Werner,Physical Review A,K,snowball,L1,0,0,,,,,unrelated field,no,,,
,10.1103/prxquantum.2.030305,10.1103/prxquantum.2.030305,,https://openalex.org/W3102161549,Even More Efficient Quantum Computations of Chemistry Through Tensor Hypercontraction,2021,Joonho Lee; Dominic W. Berry; Craig Gidney; William J. Huggins; Jarrod R. McClean; Nathan Wiebe,PRX Quantum,A;D;K,harvest,L1,0,0,,,,,unrelated field,no,,,
,10.1007/s10208-009-9045-5,10.1007/s10208-009-9045-5,,https://openalex.org/W2611328865,Exact Matrix Completion via Convex Optimization,2009,Emmanuel J. Candès; Benjamin Recht,Foundations of Computational Mathematics,C,harvest,L1,0,0,,,,,irrelevant,no,,,
,10.1103/physrevb.64.214411,10.1103/physrevb.64.214411,,https://openalex.org/W2072893233,Exact diagonalization and quantum Monte Carlo study of the spin- 12 XXZ model on the square lattice,2001,Hua Lin; James Flynn; D. D. Betts,"Physical review. B, Condensed matter",M,snowball,L1,0,0,,,,,QMC XXZ,no,,,
,10.1103/physrevb.98.235155,10.1103/physrevb.98.235155,,https://openalex.org/W2749443713,Exact excited states of nonintegrable models,2018,Sanjay Moudgalya; Stephan Rachel; B. Andrei Bernevig; Nicolas Regnault,Physical review. B./Physical review. B,M,snowball,L1,0,0,,,,,exact excited states,no,,,
,10.1103/physrevlett.126.050503,10.1103/physrevlett.126.050503,,https://openalex.org/W2915764789,Experimental Realization of Device-Independent Quantum Randomness Expansion,2021,Minghan Li; Xingjian Zhang; Wen‐Zhao Liu; Si-Ran Zhao; Bing Bai; Yang Liu,Physical Review Letters,E,snowball,L1,0,0,,,,,randomness expansion experiment,no,,,
,10.1038/nphys1641,10.1038/nphys1641,,https://openalex.org/W1992717068,Experimental violation of a Bell’s inequality in time with weak measurement,2010,Agustin Palacios-Laloy; F. Mallet; François Nguyen; Patrice Bertet; D. Vion; D. Estève,Nature Physics,J,snowball,L1,0,0,,,,,Leggett-Garg weak measurement,no,,,
,10.1109/jproc.2021.3060483,10.1109/jproc.2021.3060483,,https://openalex.org/W3132191748,Explaining Deep Neural Networks and Beyond: A Review of Methods and Applications,2021,Wojciech Samek; Grégoire Montavon; Sebastian Lapuschkin; Christopher J. Anders; Klaus‐Robert Müller,Proceedings of the IEEE,F,harvest,L1,0,0,,,,,unrelated field,no,,,
,explicitcapacityachievingreceiversforopticalcommunicationandquantumreading,,,https://openalex.org/W3106171322,Explicit capacity-achieving receivers for optical communication and quantum reading,2012,"Mark M. Wilde; Saikat Guha; Tan, Si Hui; Seth Lloyd",DSpace@MIT (Massachusetts Institute of Technology),K,harvest,L1,0,0,,,,,irrelevant,no,,,
,10.5194/acp-19-11235-2019,10.5194/acp-19-11235-2019,,https://openalex.org/W2920873127,Exploiting multi-wavelength aerosol absorption coefficients in a multi-time resolution source apportionment study to retrieve source-dependent absorption parameters,2019,Alice Corina Forello; Vera Bernardoni; Giulia Calzolai; F. Lucarelli; Dario Massabò; S. Nava,Atmospheric chemistry and physics,B,harvest,L1,0,0,,,,,unrelated field,no,,,
,10.1109/78.533723,10.1109/78.533723,,https://openalex.org/W2036200304,Exploring estimator bias-variance tradeoffs using the uniform CR bound,1996,Alfred O. Hero; Jeffrey A. Fessler; Mustofa Usman,IEEE Transactions on Signal Processing,C,harvest,L1,0,0,,,,,irrelevant,no,,,
,10.1088/0022-3727/44/47/475304,10.1088/0022-3727/44/47/475304,,https://openalex.org/W1977332343,Exploring the doping effects of Ag in p-type PbSe compounds with enhanced thermoelectric performance,2011,Shanyu Wang; Gang Zheng; Tingting Luo; Xiaoyu She; Han Li; Xinfeng Tang,Journal of Physics D Applied Physics,E,harvest,L1,0,0,,,,,unrelated field,no,,,
,10.1016/j.compind.2020.103308,10.1016/j.compind.2020.103308,,https://openalex.org/W3091344058,Exploring the use of AR technology for co-creative product and packaging design,2020,Gaetano Cascini; Jamie O’Hare; Elies Dekoninck; Niccolò Becattini; Jean-François Boujut; Fatma Ben Guefrache,Computers in Industry,C,harvest,L1,0,0,,,,,irrelevant,no,,,
,10.1186/1471-2229-8-112,10.1186/1471-2229-8-112,,https://openalex.org/W2113113354,Exploring valid reference genes for gene expression studies in Brachypodium distachyonby real-time PCR,2008,Shin‐Young Hong; Pil Joon Seo; Moon‐Sik Yang; Fengning Xiang; Chung‐Mo Park,BMC Plant Biology,K,harvest,L1,0,0,,,,,unrelated field,no,,,
,10.1007/s10817-013-9278-5,10.1007/s10817-013-9278-5,,https://openalex.org/W2022589543,Extending Sledgehammer with SMT Solvers,2013,Jasmin Christian Blanchette; Sascha Böhme; Lawrence C. Paulson,Journal of Automated Reasoning,H,snowball,L1,0,0,,,,,Sledgehammer SMT,no,,,
,10.1007/bf02404474,10.1007/bf02404474,,https://openalex.org/W2041961197,Extremal length and functional completion,1957,Bent Fuglede,Acta Mathematica,G,harvest,L1,0,0,,,,,unrelated field,no,,,
,10.1215/s0012-7094-96-08310-6,10.1215/s0012-7094-96-08310-6,,https://openalex.org/W1609757298,Extremal length estimates and product regions in Teichmüller space,1996,Yair N. Minsky,Duke Mathematical Journal,G,harvest,L1,0,0,,,,,unrelated field,no,,,
,10.5772/61471,10.5772/61471,,https://openalex.org/W2495332154,"Face Recognition - Semisupervised Classification, Subspace Projection and Evaluation Methods",2016,S. Ramakrishnan,InTech eBooks,B,harvest,L1,0,0,,,,,unrelated field,no,,,
,10.1049/iet-cvi.2014.0084,10.1049/iet-cvi.2014.0084,,https://openalex.org/W2057925440,"Face recognition: challenges, achievements and future directions",2015,M. Hassaballah; Saleh Aly,IET Computer Vision,B,harvest,L1,0,0,,,,,irrelevant,no,,,
,10.4230/lipics.icalp.2022.28,10.4230/lipics.icalp.2022.28,,https://openalex.org/W3091449757,Factoring and Pairings Are Not Necessary for IO: Circular-Secure LWE Suffices,2022,Zvika Brakerski; Nico Döttling; Sanjam Garg; Giulio Malavolta,DROPS (Schloss Dagstuhl – Leibniz Center for Informatics),B,harvest,L1,0,0,,,,,irrelevant,no,,,
,10.1103/physreva.104.032422,10.1103/physreva.104.032422,,https://openalex.org/W3082879362,"Fast inversion, preconditioned quantum linear system solvers, fast Green's-function computation, and fast evaluation of matrix functions",2021,Yu Tong; Dong An; Nathan Wiebe; Lin Lin,Physical Review A,B;E,harvest,L1,0,0,,,,,irrelevant,no,,,
,10.1101/gr.094052.109,10.1101/gr.094052.109,,https://openalex.org/W2119444539,Fast model-based estimation of ancestry in unrelated individuals,2009,David H. Alexander; John Novembre; Kenneth Lange,Genome Research,I,harvest,L1,0,0,,,,,unrelated field,no,,,
,10.1109/78.700968,10.1109/78.700968,,https://openalex.org/W2036492187,Fast subspace tracking and neural network learning by a novel information criterion,1998,Yandong Miao; Yingbo Hua,IEEE Transactions on Signal Processing,C,harvest,L1,0,0,,,,,irrelevant,no,,,
,10.1016/j.neuroimage.2016.05.068,10.1016/j.neuroimage.2016.05.068,,https://openalex.org/W2418410189,Faster permutation inference in brain imaging,2016,Anderson M. Winkler; Gerard R. Ridgway; Gwenaëlle Douaud; Thomas E. Nichols; Stephen M. Smith,NeuroImage,M,harvest,L1,0,0,,,,,unrelated field,no,,,
,10.1016/s0140-6736(20)30677-2,10.1016/s0140-6736(20)30677-2,,https://openalex.org/W3043365850,"Fertility, mortality, migration, and population scenarios for 195 countries and territories from 2017 to 2100: a forecasting analysis for the Global Burden of Disease Study",2020,Stein Emil Vollset; Emily Goren; Chun-Wei Yuan; Jackie Cao; Amanda Smith; Thomas Hsiao,The Lancet,I,harvest,L1,0,0,,,,,unrelated field,no,,,
,10.1609/aaai.v34i04.5718,10.1609/aaai.v34i04.5718,,https://openalex.org/W2997336365,Few Shot Network Compression via Cross Distillation,2020,Haoli Bai; Jiaxiang Wu; Irwin King; Michael R. Lyu,Proceedings of the AAAI Conference on Artificial Intelligence,N,harvest,L1,0,0,,,,,irrelevant,no,,,
,10.3390/rs12030361,10.3390/rs12030361,,https://openalex.org/W3002472908,Filling Gaps of Monthly Terra/MODIS Daytime Land Surface Temperature Using Discrete Cosine Transform Method,2020,Hengzi Liu; Ning Lu; Hou Jiang; Jun Qin; Ling Yao,Remote Sensing,G,harvest,L1,0,0,,,,,irrelevant,no,,,
,10.1007/s00199-009-0447-z,10.1007/s00199-009-0447-z,,https://openalex.org/W2102920598,Finding all Nash equilibria of a finite game using polynomial algebra,2009,Ruchira S. Datta,Economic Theory,F,harvest,L1,0,0,,,,,unrelated field,no,,,
,10.1371/journal.pone.0062184,10.1371/journal.pone.0062184,,https://openalex.org/W1998985122,Fine-Scale Habitat Associations of a Terrestrial Salamander: The Role of Environmental Gradients and Implications for Population Dynamics,2013,William E. Peterman; Raymond D. Semlitsch,PLoS ONE,J,harvest,L1,0,0,,,,,unrelated field,no,,,
,10.48550/arxiv.2306.03698,10.48550/arxiv.2306.03698,,https://openalex.org/W4379924905,Fine-grained Expressivity of Graph Neural Networks,2023,Jan Böker; Ron Levie; Ningyuan Huang; Soledad Villar; Christopher G. Morris,arXiv (Cornell University),N,harvest,L1,0,0,,,,,unrelated field,no,,,
,10.3390/ijfs6010026,10.3390/ijfs6010026,,https://openalex.org/W2793441883,Finite Difference Methods for the BSDEs in Finance,2018,Guangbao Guo,International Journal of Financial Studies,N,harvest,L1,0,0,,,,,unrelated field,no,,,
,10.1561/2600000026,10.1561/2600000026,,https://openalex.org/W4205174486,Finite-Time Stability Tools for Control and Estimation,2021,Denis Efimov; Andrey Polyakov,Foundations and Trends® in Systems and Control,J,harvest,L1,0,0,,,,,unrelated field,no,,,
,10.1007/s11063-024-11700-2,10.1007/s11063-024-11700-2,,https://openalex.org/W4404566279,Finite-Time Synchronization of Memristive Neural Networks with Uncertainties and External Disturbances,2024,Shaofu Wang,Neural Processing Letters,N,harvest,L1,0,0,,,,,unrelated field,no,,,
,10.1038/ncomms4732,10.1038/ncomms4732,,https://openalex.org/W2014048641,Finite-key analysis for measurement-device-independent quantum key distribution,2014,Marcos Curty; Feihu Xu; Wei Cui; Charles Ci Wen Lim; Kiyoshi Tamaki; Hoi‐Kwong Lo,Nature Communications,E,snowball,L1,0,0,,,,,MDI QKD,no,,,
,10.1088/0953-8984/14/11/301,10.1088/0953-8984/14/11/301,,https://openalex.org/W2166244948,"First-principles simulation: ideas, illustrations and the CASTEP code",2002,Matthew Segall; Philip J. D. Lindan; Matt Probert; Chris J. Pickard; P. J. Hasnip; Stewart J. Clark,Journal of Physics Condensed Matter,C;L,harvest,L1,0,0,,,,,irrelevant,no,,,
,10.1002/hbm.20076,10.1002/hbm.20076,,https://openalex.org/W2146684591,Formal characterization and extension of the linearized diffusion tensor model,2004,Raymond Salvador; Alonso Peña; David Menon; T. Adrian Carpenter; John D. Pickard; Edward T. Bullmore,Human Brain Mapping,D,harvest,L1,0,0,,,,,irrelevant,no,,,
,10.1007/s00165-012-0269-9,10.1007/s00165-012-0269-9,,https://openalex.org/W2072309970,Formal verification of security protocol implementations: a survey,2012,Matteo Avalle; A. Pironti; Riccardo Sisto,Formal Aspects of Computing,H,harvest,L1,0,0,,,,,unrelated field,no,,,
,10.1145/3497775.3503672,10.1145/3497775.3503672,,https://openalex.org/W4205415623,Formalising lie algebras,2022,Oliver Nash,,H,snowball,L1,0,0,,,,,Lie algebras formal,no,,,
,10.1007/978-3-031-16681-5_5,10.1007/978-3-031-16681-5_5,,https://openalex.org/W4296050175,Formalising the Kruskal-Katona Theorem in Lean,2022,Bhavik Mehta,Lecture notes in computer science,H,snowball,L1,0,0,,,,,Kruskal-Katona Lean,no,,,
,10.1145/3573105.3575688,10.1145/3573105.3575688,,https://openalex.org/W4315630308,Formalising the h-Principle and Sphere Eversion,2023,Floris van Doorn; Patrick Massot; Oliver Nash,,H,snowball,L1,0,0,,,,,sphere eversion formal,no,,,
,10.1007/s10817-021-09593-0,10.1007/s10817-021-09593-0,,https://openalex.org/W3163136021,Formalization of Ring Theory in PVS,2021,Thaynara Arielly de Lima; André Luiz Galdino; Andréia Borges Avelar; Maurício Ayala-Rincón,Journal of Automated Reasoning,H,snowball,L1,0,0,,,,,PVS ring theory,no,,,
,10.1145/3573105.3575682,10.1145/3573105.3575682,,https://openalex.org/W4312205633,Formalized Class Group Computations and Integral Points on Mordell Elliptic Curves,2023,Anne Baanen; Alex J. Best; Nirvana Coppola; Sander R. Dahmen,,H,snowball,L1,0,0,,,,,class groups formal,no,,,
,10.4230/lipics.itp.2019.12,10.4230/lipics.itp.2019.12,,https://openalex.org/W2978345188,Formalizing Computability Theory via Partial Recursive Functions,2019,Mario Carneiro,DROPS (Schloss Dagstuhl – Leibniz Center for Informatics),H,snowball,L1,0,0,,,,,computability formalization,no,,,
,10.1145/3437992.3439922,10.1145/3437992.3439922,,https://openalex.org/W3118363023,Formalizing category theory in Agda,2021,Jason Z. S. Hu; Jacques Carette,,H,snowball,L1,0,0,,,,,Agda category theory,no,,,
,10.1145/2103621.2103709,10.1145/2103621.2103709,,https://openalex.org/W2167029843,Formalizing the LLVM intermediate representation for verified program transformations,2012,Yun Zhao; Santosh Nagarakatte; Milo M. K. Martin; Steve Zdancewic,ACM SIGPLAN Notices,H,harvest,L1,0,0,,,,,unrelated field,no,,,
,10.1145/3437992.3439919,10.1145/3437992.3439919,,https://openalex.org/W3091891409,Formalizing the ring of Witt vectors,2021,Johan Commelin; Robert Y. Lewis,,H,snowball,L1,0,0,,,,,Witt vectors,no,,,
,10.1103/physreva.74.052101,10.1103/physreva.74.052101,,https://openalex.org/W2118932052,Formulation of the uncertainty relations in terms of the Rényi entropies,2006,Iwo Białynicki‐Birula,Physical Review A,M,snowball,L1,0,0,,,,,irrelevant,no,,,
,10.1145/3776719,10.1145/3776719,,https://openalex.org/W7119483861,Foundational Multi-Modal Program Verifiers,2026,Vladimir Gladshtein; George Pîrlea; Qiyuan Zhao; Vitaly Kurin; Ilya Sergey,Proceedings of the ACM on Programming Languages,H,snowball,L1,0,0,,,,,multi-modal verifiers,no,,,
,10.1007/978-3-319-96145-3_4,10.1007/978-3-319-96145-3_4,,https://openalex.org/W2884898944,Foundations and Tools for the Static Analysis of Ethereum Smart Contracts,2018,Ilya Grishchenko; Matteo Maffei; Clara Schneidewind,Lecture notes in computer science,H,harvest,L1,0,0,,,,,unrelated field,no,,,
,10.2307/2322281,10.2307/2322281,,https://openalex.org/W4244671708,Fourier's Method of Linear Programming and Its Dual,1986,H. P. Williams,American Mathematical Monthly,H,snowball,L1,0,0,,,,,Fourier-Motzkin,no,,,
,10.1080/00029890.1986.11971923,10.1080/00029890.1986.11971923,,https://openalex.org/W2143693303,Fourier's Method of Linear Programming and its Dual,1986,H. P. Williams,American Mathematical Monthly,H,snowball,L1,0,0,,,,,Fourier-Motzkin,no,,,
,10.2969/jmsj/01330246,10.2969/jmsj/01330246,,https://openalex.org/W2027392793,Fractional powers of dissipative operators,1961,Tosio Kato,Journal of the Mathematical Society of Japan,L,harvest,L1,0,0,,,,,unrelated field,no,,,
,10.1007/s00165-014-0326-7,10.1007/s00165-014-0326-7,,https://openalex.org/W1993255342,Frama-C: A software analysis perspective,2015,Florent Kirchner; Nikolaï Kosmatov; Virgile Prévosto; Julien Signoles; Boris Yakobowski,Formal Aspects of Computing,H,harvest,L1,0,0,,,,,unrelated field,no,,,
,10.1613/jair.2934,10.1613/jair.2934,,https://openalex.org/W1662133657,From Frequency to Meaning: Vector Space Models of Semantics,2010,Peter D. Turney; Patrick Pantel,Journal of Artificial Intelligence Research,C,harvest,L1,0,0,,,,,irrelevant,no,,,
,10.1109/jiot.2019.2958788,10.1109/jiot.2019.2958788,,https://openalex.org/W2995835799,From Pre-Quantum to Post-Quantum IoT Security: A Survey on Quantum-Resistant Cryptosystems for the Internet of Things,2019,Tiago M. Fernández‐Caramés,IEEE Internet of Things Journal,K,snowball,L1,0,0,,,,,IoT post-quantum security,no,,,
,10.3389/fphy.2017.00063,10.3389/fphy.2017.00063,,https://openalex.org/W2731276465,From the Trees to the Forest: A Review of Radiative Neutrino Mass Models,2017,Yi Cai; Juan Herrero-García; Michael A. Schmidt; Avelino Vicente; Raymond R. Volkas,Frontiers in Physics,F,harvest,L1,0,0,,,,,unrelated field,no,,,
,10.1038/ncomms6235,10.1038/ncomms6235,,https://openalex.org/W2087526127,Fundamental rate-loss tradeoff for optical quantum key distribution,2014,Masahiro Takeoka; Saikat Guha; Mark M. Wilde,Nature Communications,E;K,harvest+snowball,L1,0,0,,,,,unrelated field,no,,,
,gpubasedimplementationofrealtimesystemforspikingneuralnetworks,,,https://openalex.org/W641299116,GPU-based implementation of real-time system for spiking neural networks,2009,Dmitri Yudanov,RIT Scholar Works (Rochester Institute of Technology),N,harvest,L1,0,0,,,,,unrelated field,no,,,
,10.1086/376392,10.1086/376392,,https://openalex.org/W2163197622,Galactic Stellar and Substellar Initial Mass Function,2003,Gilles Chabrier,Publications of the Astronomical Society of the Pacific,L,harvest,L1,0,0,,,,,unrelated field,no,,,
,10.1201/9780203755082,10.1201/9780203755082,,https://openalex.org/W1984795402,Gauge Fields and Strings,2018,A. M. Polyakov,,D,harvest,L1,0,0,,,,,unrelated field,no,,,
,10.1007/s10472-021-09780-0,10.1007/s10472-021-09780-0,,https://openalex.org/W3094334035,Gaussoids are two-antecedental approximations of Gaussian conditional independence structures,2021,Tobias Boege,Annals of Mathematics and Artificial Intelligence,F,harvest,L1,0,0,,,,,unrelated field,no,,,
,10.4310/jdg/1253804349,10.4310/jdg/1253804349,,https://openalex.org/W1480789516,General $L_p$ affine isoperimetric inequalities,2009,Christoph Haberl; Franz E. Schuster,Journal of Differential Geometry,G,harvest,L1,0,0,,,,,Lp affine isoperimetric inequalities for projection bodies; irrelevant,no,,,
,10.1109/tit.2003.813556,10.1109/tit.2003.813556,,https://openalex.org/W2167830490,General formulas for capacity of classical-quantum channels,2003,Masahito Hayashi; Hiroshi Nagaoka,IEEE Transactions on Information Theory,E;K,snowball,L1,0,0,,,,,cq capacity formulas,no,,,
,generalizeddescentmethodsforasymmetricsystemsofequationsandvariationalinequalities,,,https://openalex.org/W1590836091,Generalized Descent Methods for Asymmetric Systems of Equations and Variational Inequalities,1985,Janice H. Hammond; Thomas L. Magnanti,DSpace@MIT (Massachusetts Institute of Technology),D,harvest,L1,0,0,,,,,irrelevant,no,,,
,10.1103/physreva.104.062602,10.1103/physreva.104.062602,,https://openalex.org/W3091901908,Generalized measure of quantum Fisher information,2021,Akira Sone; M. Cerezo; Jacob L. Beckey; Patrick J. Coles,Physical Review A,E,harvest,L1,0,0,,,,,irrelevant,no,,,
,10.1038/ncomms8908,10.1038/ncomms8908,,https://openalex.org/W1906108628,Generic emergence of classical features in quantum Darwinism,2015,Fernando G. S. L. Brandão; Marco Piani; Paweł Horodecki,Nature Communications,K,snowball,L1,0,0,,,,,quantum Darwinism,no,,,
,10.1371/journal.pbio.1000595,10.1371/journal.pbio.1000595,,https://openalex.org/W2150076905,Genome-Wide and Phase-Specific DNA-Binding Rhythms of BMAL1 Control Circadian Output Functions in Mouse Liver,2011,Guillaume Rey; François Cesbron; Jacques Rougemont; Hans Reinke; Michael Brunner; Félix Naef,PLoS Biology,B,harvest,L1,0,0,,,,,irrelevant,no,,,
,10.48550/arxiv.1409.2155,10.48550/arxiv.1409.2155,,https://openalex.org/W2116947282,Geometry and dynamics in Gromov hyperbolic metric spaces: With an emphasis on non-proper settings,2014,Tushar Das; David Simmons; Mariusz Urbański,"White Rose Research Online (University of Leeds, The University of Sheffield, University of York)",E,harvest,L1,0,0,,,,,unrelated field,no,,,
,10.1093/gji/ggv326,10.1093/gji/ggv326,,https://openalex.org/W2288220947,Geophysical imaging using trans-dimensional trees,2015,Rhys Hawkins; Malcolm Sambridge,Geophysical Journal International,F,harvest,L1,0,0,,,,,unrelated field,no,,,
,10.5195/jwsr.2011.423,10.5195/jwsr.2011.423,,https://openalex.org/W2182447592,Global Commodity Chains & World Income Inequalities: The Missing Link of Inequality and the Upgrading Paradox,2011,Benjamin D. Brewer,Journal of World-Systems Research,H,harvest,L1,0,0,,,,,unrelated field,no,,,
,10.1088/1748-9326/abd1a0,10.1088/1748-9326/abd1a0,,https://openalex.org/W3112321130,Globally prevalent land nitrogen memory amplifies water pollution following drought years,2020,Minjin Lee; Charles A. Stock; Elena Shevliakova; Sergey Malyshev; P. C. D. Milly,Environmental Research Letters,B,harvest,L1,0,0,,,,,irrelevant,no,,,
,10.12942/lrr-2014-2,10.12942/lrr-2014-2,,https://openalex.org/W2153135464,Gravitational Radiation from Post-Newtonian Sources and Inspiralling Compact Binaries,2014,Luc Blanchet,Living Reviews in Relativity,B,harvest,L1,0,0,,,,,irrelevant,no,,,
,10.12942/lrr-2006-4,10.12942/lrr-2006-4,,https://openalex.org/W4241741064,Gravitational Radiation from Post-Newtonian Sources and Inspiralling Compact Binaries,2006,Luc Blanchet,Living Reviews in Relativity,B,harvest,L1,0,0,,,,,irrelevant,no,,,
,10.48550/arxiv.1812.11446,10.48550/arxiv.1812.11446,,https://openalex.org/W2907407288,Greedy Layerwise Learning Can Scale to ImageNet,2018,Eugene Belilovsky; Michael Eickenberg; Edouard Oyallon,arXiv (Cornell University),N,harvest,L1,0,0,,,,,unrelated field,no,,,
,10.1145/2491533.2491549,10.1145/2491533.2491549,,https://openalex.org/W2146443256,Guest column,2013,Dorit Aharonov; Itai Arad; Thomas Vidick,ACM SIGACT News,B,harvest,L1,0,0,,,,,unrelated field,no,,,
,10.1088/0004-637x/691/2/1168,10.1088/0004-637x/691/2/1168,,https://openalex.org/W1966228328,HOW DO DISKS SURVIVE MERGERS?,2009,Philip F. Hopkins; Thomas J. Cox; Joshua D. Younger; Lars Hernquist,The Astrophysical Journal,L,harvest,L1,0,0,,,,,unrelated field,no,,,
,10.6092/issn.1972-5787/4593,10.6092/issn.1972-5787/4593,,https://openalex.org/W2262606152,Hammering towards QED,2014,Jasmin Christian Blanchette; Cezary Kaliszyk; Lawrence C. Paulson; Josef Urban,Radboud Repository (Radboud University),H,snowball,L1,0,0,,,,,hammers,no,,,
,10.1214/ecp.v18-2865,10.1214/ecp.v18-2865,,https://openalex.org/W2032291279,Hanson-Wright inequality and sub-gaussian concentration,2013,Mark Rudelson; Roman Vershynin,Electronic Communications in Probability,B,snowball,L1,0,0,,,,,Hanson-Wright concentration,no,,,
,10.48550/arxiv.1311.1616,10.48550/arxiv.1311.1616,,https://openalex.org/W2408374232,Hardness Amplification and the Approximate Degree of Constant-Depth Circuits,2013,Mark Bun; Justin Thaler,arXiv (Cornell University),B,harvest,L1,0,0,,,,,unrelated field,no,,,
,10.2140/jomms.2007.2.1019,10.2140/jomms.2007.2.1019,,https://openalex.org/W2052216401,"Hierarchical chemo-nanomechanics of proteins: entropic elasticity, protein unfolding and molecular fracture",2007,Markus J. Buehler,Journal of mechanics of materials and structures,B,harvest,L1,0,0,,,,,unrelated field,no,,,
,10.1103/prxlife.3.013003,10.1103/prxlife.3.013003,,https://openalex.org/W4406348349,High Ground State Overlap via Quantum Embedding Methods,2025,Mihael Eraković; Freek Witteveen; Dylan Harley; Jakob Günther; Moritz Bensberg; Oinam Romesh Meitei,PRX Life,M,harvest,L1,0,0,,,,,unrelated field,no,,,
,10.1038/s41586-023-06481-y,10.1038/s41586-023-06481-y,,https://openalex.org/W4387542025,High-fidelity parallel entangling gates on a neutral-atom quantum computer,2023,Simon J. Evered; Dolev Bluvstein; M. W. Kalinowski; Sepehr Ebadi; Tom Manovitz; Hengyun Zhou,Nature,K,harvest,L1,0,0,,,,,irrelevant,no,,,
,10.1038/s41566-023-01166-4,10.1038/s41566-023-01166-4,,https://openalex.org/W4360977772,High-rate quantum key distribution exceeding 110 Mb s–1,2023,Wei Li; Likang Zhang; Hao Tan; Yichen Lu; Sheng‐Kai Liao; Jia Huang,Nature Photonics,K,harvest,L1,0,0,,,,,unrelated field,no,,,
,10.1038/s41586-021-03819-2,10.1038/s41586-021-03819-2,,https://openalex.org/W3177828909,Highly accurate protein structure prediction with AlphaFold,2021,John Jumper; Richard Evans; Alexander Pritzel; Tim Green; Michael Figurnov; Olaf Ronneberger,Nature,F,harvest,L1,0,0,,,,,unrelated field,no,,,
,10.1111/j.1574-6941.2006.00104.x,10.1111/j.1574-6941.2006.00104.x,,https://openalex.org/W2140043307,Highly diverse community structure in a remote central Tibetan geothermal spring does not display monotonic variation to thermal stress,2006,Lau Chui Yim; Jing Hongmei; Jonathan C. Aitchison; Stephen B. Pointing,FEMS Microbiology Ecology,E,harvest,L1,0,0,,,,,unrelated field,no,,,
,10.1007/978-3-642-03359-9_8,10.1007/978-3-642-03359-9_8,,https://openalex.org/W2144645833,Hints in Unification,2009,Andrea Asperti; Wilmer Ricciotti; Claudio Sacerdoti Coen; E. ̃Tassi,Lecture notes in computer science,H,snowball,L1,0,0,,,,,unification hints,no,,,
,10.1101/lm.73504,10.1101/lm.73504,,https://openalex.org/W1986823100,Hippocampal sharp wave bursts coincide with neocortical “up-state” transitions,2004,Francesco P. Battaglia; Gary R. Sutherland; Bruce L. McNaughton,Learning & Memory,I,harvest,L1,0,0,,,,,unrelated field,no,,,
,10.1002/hipo.22488,10.1002/hipo.22488,,https://openalex.org/W1770958704,Hippocampal sharp wave‐ripple: A cognitive biomarker for episodic memory and planning,2015,György Buzsáki,Hippocampus,I,harvest,L1,0,0,,,,,unrelated field,no,,,
,10.4007/annals.2003.158.635,10.4007/annals.2003.158.635,,https://openalex.org/W2095654197,Hochschild cohomology of factors with property Γ,2003,Erik Christensen; Florin Pop; Allan M. Sinclair; Roger R. Smith,Annals of Mathematics,B,harvest,L1,0,0,,,,,unrelated field,no,,,
,10.1155/2010/723105,10.1155/2010/723105,,https://openalex.org/W2112531055,Holographic Duality with a View Toward Many‐Body Physics,2010,John McGreevy,Advances in High Energy Physics,E,harvest,L1,0,0,,,,,unrelated field,no,,,
,10.1007/jhep06(2015)149,10.1007/jhep06(2015)149,,https://openalex.org/W1934222401,Holographic quantum error-correcting codes: toy models for the bulk/boundary correspondence,2015,Fernando Pastawski; Beni Yoshida; Daniel Harlow; John Preskill,Journal of High Energy Physics,F,harvest,L1,0,0,,,,,unrelated field,no,,,
,10.4007/annals.2004.159.1027,10.4007/annals.2004.159.1027,,https://openalex.org/W2053508424,Holomorphic disks and topological invariants for closed three-manifolds,2004,Peter Ozsváth; Zoltán Szabó,Annals of Mathematics,L,harvest,L1,0,0,,,,,unrelated field,no,,,
,10.1103/physrevlett.105.130401,10.1103/physrevlett.105.130401,,https://openalex.org/W2027891048,How Small Can Thermal Machines Be? The Smallest Possible Refrigerator,2010,Noah Linden; Sandu Popescu; Paul Skrzypczyk,Physical Review Letters,J,snowball,L1,0,0,,,,,small thermal machines,no,,,
,10.1145/75277.75283,10.1145/75277.75283,,https://openalex.org/W2059895047,How to make ad-hoc polymorphism less ad hoc,1989,Philip Wadler; Stephen Blott,,H,snowball,L1,0,0,,,,,type classes,no,,,
,10.3390/rs10020180,10.3390/rs10020180,,https://openalex.org/W2793497657,Hue-Angle Product for Low to Medium Spatial Resolution Optical Satellite Sensors,2018,H.J. van der Woerd; Marcel Robert Wernand,Remote Sensing,C,harvest,L1,0,0,,,,,unrelated field,no,,,
,10.1016/j.physrep.2018.01.001,10.1016/j.physrep.2018.01.001,,https://openalex.org/W2760942449,Human mobility: Models and applications,2018,Hugo Barbosa; Marc Barthélemy; Gourab Ghoshal; Charlotte James; Maxime Lenormand; Thomas Louail,Physics Reports,J,harvest,L1,0,0,,,,,unrelated field,no,,,
,10.1103/75x7-5ysv,10.1103/75x7-5ysv,,https://openalex.org/W4404346595,"Hybrid Cat-Transmon Architecture for Scalable, Hardware-Efficient Quantum Error Correction",2025,Connor T. Hann; Kyungjoo Noh; Harald Putterman; Matthew H. Matheny; Joseph K. Iverson; Michael T. Fang,PRX Quantum,J,harvest,L1,0,0,,,,,irrelevant,no,,,
,10.1063/1.4811489,10.1063/1.4811489,,https://openalex.org/W2143592395,Identification of slow molecular order parameters for Markov model construction,2013,Guillermo Pérez-Hernández; Fabian Paul; Toni Giorgino; Gianni De Fabritiis; Frank Noé,The Journal of Chemical Physics,G,harvest,L1,0,0,,,,,unrelated field,no,,,
,10.1002/ldr.3332,10.1002/ldr.3332,,https://openalex.org/W2942588871,Identifying erosion hotspots in Lake Tana Basin from a multisite Soil and Water Assessment Tool validation: Opportunity for land managers,2019,Hanibal Lemma; Amaury Frankl; Ann van Griensven; Jean Poesen; Enyew Adgo; Jan Nyssen,Land Degradation and Development,K,harvest,L1,0,0,,,,,unrelated field,no,,,
,10.1016/j.jalgebra.2004.03.001,10.1016/j.jalgebra.2004.03.001,,https://openalex.org/W2148472635,Identities for algebras of matrices over the octonions,2004,Murray R. Bremner; Irvin Roy Hentzel,Journal of Algebra,F,harvest,L1,0,0,,,,,unrelated field,no,,,
,ignoranceanduncertaintyregionsasinferentialtoolsinasensitivityanalysis,,,https://openalex.org/W1604153205,Ignorance and uncertainty regions as inferential tools in a sensitivity analysis,2006,Stijn Vansteelandt; Els Goetghebeur; Michael G. Kenward; Geert Molenberghs,Lirias,H,harvest,L1,0,0,,,,,unrelated field,no,,,
,10.1038/s42254-019-0056-0,10.1038/s42254-019-0056-0,,https://openalex.org/W2947424375,Imaging with quantum states of light,2019,Paul-Antoine Moreau; Ermes Toninelli; Thomas Gregory; Miles J. Padgett,Nature Reviews Physics,J,snowball,L1,0,0,,,,,quantum imaging,no,,,
,10.1109/acssc.2015.7421170,10.1109/acssc.2015.7421170,,https://openalex.org/W1880866422,Implementation of Fog computing for reliable E-health applications,2015,Răzvan Crăciunescu; Albena Mihovska; Mihail Mihaylov; Sofoklis Kyriazakos; Ramjee Prasad; Simona Halunga,,N,harvest,L1,0,0,,,,,unrelated field,no,,,
,10.1002/nme.7423,10.1002/nme.7423,,https://openalex.org/W4390664924,Imposing different boundary conditions for thermal computational homogenization problems with FFT‐ and tensor‐train‐based Green's operator methods,2024,Lennart Risthaus; Matti Schneider,International Journal for Numerical Methods in Engineering,A,harvest,L1,0,0,,,,,unrelated field,no,,,
,10.1021/ct400219n,10.1021/ct400219n,,https://openalex.org/W2024849029,Improved Angle Potentials for Coarse-Grained Molecular Dynamics Simulations,2013,Monica Bulacu; Nicolae Goga; Wei Zhao; Giulia Rossi; Luca Monticelli; Xavier Périole,Journal of Chemical Theory and Computation,C,harvest,L1,0,0,,,,,unrelated field,no,,,
,10.1145/3243734.3243805,10.1145/3243734.3243805,,https://openalex.org/W2891063150,Improved Non-Interactive Zero Knowledge with Applications to Post-Quantum Signatures,2018,Jonathan Katz; Vladimir Kolesnikov; Xiao Wang,,K,harvest,L1,0,0,,,,,unrelated field,no,,,
,10.1002/mrm.26701,10.1002/mrm.26701,,https://openalex.org/W2606182999,Improved magnetic resonance fingerprinting reconstruction with low‐rank and subspace modeling,2017,Bo Zhao; Kawin Setsompop; Elfar Adalsteinsson; Borjan Gagoski; Huihui Ye; Dan Ma,Magnetic Resonance in Medicine,C,harvest,L1,0,0,,,,,irrelevant,no,,,
,10.1016/j.jrmge.2020.05.011,10.1016/j.jrmge.2020.05.011,,https://openalex.org/W3109662912,Improved prediction of slope stability using a hybrid stacking ensemble method based on finite element analysis and field data,2020,Navid Kardani; Annan Zhou; Majidreza Nazem; Shui‐Long Shen,Journal of Rock Mechanics and Geotechnical Engineering,B,harvest,L1,0,0,,,,,irrelevant,no,,,
,10.1109/access.2024.3383782,10.1109/access.2024.3383782,,https://openalex.org/W4393372101,In-Depth Review of Advanced Control Strategies and Cutting-Edge Trends in Robot Manipulators: Analyzing the Latest Developments and Techniques,2024,Sherif I. Abdelmaksoud; Mohammed H. Al-Mola; Ghulam E Mustafa Abro; Vijanth Sagayan Asirvadam,IEEE Access,N,harvest,L1,0,0,,,,,unrelated field,no,,,
,10.3390/s23146325,10.3390/s23146325,,https://openalex.org/W4384202675,In-Water Fish Body-Length Measurement System Based on Stereo Vision,2023,Minggang Zhou; Pingfeng Shen; Hao Zhu; Yang Shen,Sensors,J,harvest,L1,0,0,,,,,unrelated field,no,,,
,10.1080/19452820903481483,10.1080/19452820903481483,,https://openalex.org/W2082480712,Income Distribution under Latin America’s New Left Regimes,2010,Giovanni Andrea Cornia,Journal of Human Development and Capabilities,H,harvest,L1,0,0,,,,,unrelated field,no,,,
,10.48550/arxiv.1107.0805,10.48550/arxiv.1107.0805,,https://openalex.org/W1607248772,Index theory for locally compact noncommutative geometries,2011,Alan L. Carey; Victor Gayral; Adam Rennie; Fedor Sukochev,arXiv (Cornell University),B,harvest,L1,0,0,,,,,irrelevant,no,,,
,10.4007/annals.2019.190.3.6,10.4007/annals.2019.190.3.6,,https://openalex.org/W2982703414,Induced subgraphs of hypercubes and a proof of the Sensitivity Conjecture,2019,Hao Huang,Annals of Mathematics,H,snowball,L1,0,0,,,,,sensitivity conjecture,no,,,
,10.4230/lipics.itcs.2020.56,10.4230/lipics.itcs.2020.56,,https://openalex.org/W2954672346,Induced subgraphs of hypercubes and a proof of the Sensitivity Conjecture,2019,"Grossman, Tomer; Komargodski, Ilan; Naor, Moni",arXiv (Cornell University),H,snowball,L1,0,0,,,,,sensitivity conjecture,no,,,
,10.1016/0743-1066(94)90035-3,10.1016/0743-1066(94)90035-3,,https://openalex.org/W1987902506,Inductive Logic Programming: Theory and methods,1994,Stephen Muggleton; Luc De Raedt,The Journal of Logic Programming,H,harvest,L1,0,0,,,,,unrelated field,no,,,
,10.1007/bfb0040259,10.1007/bfb0040259,,https://openalex.org/W1852211073,Inductively defined types in the Calculus of Constructions,1990,Frank Pfenning; Christine Paulin-Mohring,Lecture notes in computer science,H,snowball,L1,0,0,,,,,inductive types CoC,no,,,
,10.3390/su6096362,10.3390/su6096362,,https://openalex.org/W2131670365,Industrial Ecology and Environmental Lean Management: Lights and Shadows,2014,Giuseppe Ioppolo; Stefano Cucurachi; Roberta Salomone; Giuseppe Saija; Luigi Ciraolo,Sustainability,H,harvest,L1,0,0,,,,,unrelated field,no,,,
,10.1029/2017jb015223,10.1029/2017jb015223,,https://openalex.org/W2802975535,"Inferring Geothermal Reservoir Processes at the Raft River Geothermal Field, Idaho, USA, Through Modeling InSAR ‐Measured Surface Deformation",2018,Fang Liu; Pengcheng Fu; R. J. Mellors; Mitchell A. Plummer; Syed Tabrez Ali; Elena C. Reinisch,Journal of Geophysical Research Solid Earth,E,harvest,L1,0,0,,,,,unrelated field,no,,,
,10.1038/s41598-020-58634-y,10.1038/s41598-020-58634-y,,https://openalex.org/W3004489919,Inferring quantity and qualities of superimposed reaction rates from single molecule survival time distributions,2020,Matthias Reisser; Johannes Hettich; Timo Kühn; Achim P. Popp; Andreas Große-Berkenbusch; J. Christof M. Gebhardt,Scientific Reports,J,harvest,L1,0,0,,,,,unrelated field,no,,,
,10.1093/mnras/stt1121,10.1093/mnras/stt1121,,https://openalex.org/W2119392926,Inferring the Andromeda Galaxy's mass from its giant southern stream with Bayesian simulation sampling,2013,Mark A. Fardal; Martin D. Weinberg; Arif Babul; Mike J. Irwin; Puragra Guhathakurta; Karoline M. Gilbert,Monthly Notices of the Royal Astronomical Society,J,harvest,L1,0,0,,,,,unrelated field,no,,,
,10.1073/pnas.1804015115,10.1073/pnas.1804015115,,https://openalex.org/W2790509526,Inferring the shape of global epistasis,2018,Jakub Otwinowski; David M. McCandlish; Joshua B. Plotkin,Proceedings of the National Academy of Sciences,E,harvest,L1,0,0,,,,,unrelated field,no,,,
,informationtheorycodingtheoremsfordiscretememorylesssystems,,,https://openalex.org/W1549664537,Information Theory: Coding Theorems for Discrete Memoryless Systems,2014,Imre Csiszár; János Körner,REAL-EOD (Library of the Hungarian Academy of Sciences and the Information Center Oriental Collection),K,snowball,L1,0,0,,,,,irrelevant,no,,,
,10.1103/revmodphys.74.347,10.1103/revmodphys.74.347,,https://openalex.org/W2006575921,Information and computation: Classical and quantum aspects,2002,Alberto Galindo; M. A. Martín-Delgado,Reviews of Modern Physics,K,snowball,L1,0,0,,,,,information and computation review,no,,,
,10.1007/978-3-662-12066-8,10.1007/978-3-662-12066-8,,https://openalex.org/W4251984466,Information-Spectrum Methods in Information Theory,2003,Te Sun Han,Applications of mathematics,E,snowball,L1,0,0,,,,,information spectrum,no,,,
,informationspectrummethodsininformationtheory,,,https://openalex.org/W79265410,Information-Spectrum Methods in Information Theory,2002,太舜 韓; Hiroki Koga,Medical Entomology and Zoology,E,snowball,L1,0,0,,,,,information spectrum,no,,,
,10.3390/rs11040382,10.3390/rs11040382,,https://openalex.org/W2912919760,Infrared Small Target Detection Based on Partial Sum of the Tensor Nuclear Norm,2019,Landan Zhang; Zhenming Peng,Remote Sensing,G,harvest,L1,0,0,,,,,irrelevant,no,,,
,10.1103/physrevphyseducres.13.010109,10.1103/physrevphyseducres.13.010109,,https://openalex.org/W2588853009,Insights into teaching quantum mechanics in secondary and lower undergraduate education,2017,K. Krijtenburg-Lewerissa; Hendrik Jan Pol; Alexander Brinkman; Wouter van Joolingen,Physical Review Physics Education Research,K,harvest,L1,0,0,,,,,unrelated field,no,,,
,10.1145/3763167,10.1145/3763167,,https://openalex.org/W4414988634,Interactive Bitvector Reasoning using Verified Bit-Blasting,2025,Henrik Böving; Siddharth Bhat; Luisa Cicolini; Alex Keizer; Léon Frenot; Abdalrhman Mohamed,Proceedings of the ACM on Programming Languages,H,snowball,L1,0,0,,,,,bitvector reasoning,no,,,
,10.1038/s41534-017-0038-y,10.1038/s41534-017-0038-y,,https://openalex.org/W2591036338,"Interfacing spin qubits in quantum dots and donors—hot, dense, and coherent",2017,Lieven M. K. Vandersypen; Hendrik Bluhm; James S. Clarke; Andrew S. Dzurak; Ryoichi Ishihara; Andrea Morello,npj Quantum Information,K,harvest,L1,0,0,,,,,unrelated field,no,,,
,10.1002/(issn)1097-0207,10.1002/(issn)1097-0207,,https://openalex.org/W4214568587,International Journal for Numerical Methods in Engineering,2006,W. Aquino; J. C. Brigham; C. J. Earls; N. Sukumar,International Journal for Numerical Methods in Engineering,F,harvest,L1,0,0,,,,,unrelated field,no,,,
,10.1007/978-1-4612-1494-6,10.1007/978-1-4612-1494-6,,https://openalex.org/W55912154,Interpolation of Spatial Data,1999,Michael L. Stein,Springer series in statistics,G,harvest,L1,0,0,,,,,unrelated field,no,,,
,10.1137/16m1074941,10.1137/16m1074941,,https://openalex.org/W2385566491,Interpolative Butterfly Factorization,2017,Yingzhou Li; Haizhao Yang,SIAM Journal on Scientific Computing,B,harvest,L1,0,0,,,,,irrelevant,no,,,
,10.2172/5005529,10.2172/5005529,,https://openalex.org/W3037652308,Interpretable projection pursuit,1989,Sally C. Morton; DOE/ER,,C,harvest,L1,0,0,,,,,unrelated field,no,,,
,10.1017/9781009398671.002,10.1017/9781009398671.002,,https://openalex.org/W4392176207,Introduction,2023,Tao Xiang,Cambridge University Press eBooks,M,harvest,L1,0,0,,,,,irrelevant,no,,,
,10.1088/0022-3719/6/15/009,10.1088/0022-3719/6/15/009,,https://openalex.org/W2057688160,Ising model in a transverse field. I. Basic theory,1973,R B Stinchcombe,Journal of Physics C Solid State Physics,A,snowball,L1,0,0,,,,,transverse Ising,no,,,
,10.1109/tcomm.2020.2973976,10.1109/tcomm.2020.2973976,,https://openalex.org/W3006143078,"Joint Radar and Communication Design: Applications, State-of-the-Art, and the Road Ahead",2020,Fan Liu; Christos Masouros; Athina P. Petropulu; Hugh Griffiths; Lajos Hanzo,IEEE Transactions on Communications,C,harvest,L1,0,0,,,,,irrelevant,no,,,
,10.1137/090769570,10.1137/090769570,,https://openalex.org/W2052272109,Kernel Approximation on Manifolds I: Bounding the Lebesgue Constant,2010,Thomas Hangelbroek; F. J. Narcowich; J. D. Ward,SIAM Journal on Mathematical Analysis,B,harvest,L1,0,0,,,,,irrelevant,no,,,
,10.1090/s0894-0347-2014-00801-8,10.1090/s0894-0347-2014-00801-8,,https://openalex.org/W2962932885,Kähler-Einstein metrics on Fano manifolds. III: Limits as cone angle approaches \boldmath2𝜋 and completion of the main proof,2014,Xiuxiong Chen; Simon Donaldson; Song Sun,Journal of the American Mathematical Society,D,harvest,L1,0,0,,,,,unrelated field,no,,,
,10.3233/com-220416,10.3233/com-220416,,https://openalex.org/W4324138504,L2-Betti numbers and computability of reals,2023,Clara Löh; Matthias Uschold; Matthias Uschold,Computability,H,snowball,L1,0,0,,,,,L2-Betti computability,no,,,
,10.1016/j.cpc.2021.108171,10.1016/j.cpc.2021.108171,,https://openalex.org/W3201073812,"LAMMPS - a flexible simulation tool for particle-based materials modeling at the atomic, meso, and continuum scales",2021,Aidan P. Thompson; Hasan Metin Aktulga; Richard A. Berger; Dan Bolintineanu; William M. Brown; Paul Crozier,Computer Physics Communications,K;L,harvest,L1,0,0,,,,,irrelevant,no,,,
,10.7146/sss.v11i1.121362,10.7146/sss.v11i1.121362,,https://openalex.org/W3041684088,"LEAN diversity management in practice: The multi-functionality of questions as a resource to ensure understanding, participation and procedural compliance in a diverse workplace",2020,Louise Tranekjær,Scandinavian Studies in Language,H,harvest,L1,0,0,,,,,unrelated field,no,,,
,10.2140/apde.2023.16.1133,10.2140/apde.2023.16.1133,,https://openalex.org/W4288973303,LONG TIME SOLUTIONS FOR QUASILINEAR HAMILTONIAN PERTURBATIONS OF SCHRODINGER AND KLEIN–GORDON EQUATIONS ON TORI,2023,Roberto Feola; Benoît Grébert; Felice Iandoli,Iris (Roma Tre University),B,harvest,L1,0,0,,,,,irrelevant,no,,,
,10.48550/arxiv.quant-ph/9807008,10.48550/arxiv.quant-ph/9807008,,https://openalex.org/W1615876464,Languages of Quantum Information Theory,1998,Andreas Winter,arXiv (Cornell University),K,snowball,L1,0,0,,,,,QI languages,no,,,
,10.1111/rssb.12016,10.1111/rssb.12016,,https://openalex.org/W2040373108,Large Covariance Estimation by Thresholding Principal Orthogonal Complements,2013,Jianqing Fan; Yuan Liao; Martina Mincheva,Journal of the Royal Statistical Society Series B (Statistical Methodology),C;I,harvest,L1,0,0,,,,,irrelevant,no,,,
,largemarginmethodsforstructuredandinterdependentoutputvariables,,,https://openalex.org/W2105842272,Large Margin Methods for Structured and Interdependent Output Variables,2005,Ioannis Tsochantaridis; Thorsten Joachims; Thomas Hofmann; Yasemin Altün,MPG.PuRe (Max Planck Society),F,harvest,L1,0,0,,,,,unrelated field,no,,,
,10.1038/nature10874,10.1038/nature10874,,https://openalex.org/W2005751229,Large-scale vortex lattice emerging from collectively moving microtubules,2012,Yutaka Sumino; Ken Nagai; Y. Shitaka; Dan Tanaka; Kenichi Yoshikawa; Hugues Chaté,Nature,E,harvest,L1,0,0,,,,,unrelated field,no,,,
,10.1111/ele.14215,10.1111/ele.14215,,https://openalex.org/W4366463827,Leaf angle as a leaf and canopy trait: Rejuvenating its role in ecology with new technology,2023,Xi Yang; Rong Li; A. Jablonski; Atticus Stovall; Jongmin Kim; K. Yi,Ecology Letters,G,harvest,L1,0,0,,,,,unrelated field,no,,,
,10.1007/s10696-023-09503-z,10.1007/s10696-023-09503-z,,https://openalex.org/W4385430232,Lean and Industry 4.0 mitigating common losses in Engineer-to-Order theory and practice: an exploratory study,2023,Felix Schulze; Patrick Dallasega,Flexible Services and Manufacturing Journal,H,harvest,L1,0,0,,,,,unrelated field,no,,,
,10.1007/978-3-031-98682-6_10,10.1007/978-3-031-98682-6_10,,https://openalex.org/W4412543539,Lean-Auto: An Interface Between Lean 4 and Automated Theorem Provers,2025,Yicheng Qian; Joshua Clune; Clark Barrett; Jeremy Avigad,Lecture notes in computer science,H,snowball,L1,0,0,,,,,Lean-Auto,no,,,
,10.18653/v1/n18-1135,10.18653/v1/n18-1135,,https://openalex.org/W2963851958,Learning Joint Semantic Parsers from Disjoint Data,2018,Hao Peng; Sam Thomson; Swabha Swayamdipta; Noah A. Smith,,F,harvest,L1,0,0,,,,,unrelated field,no,,,
,10.48550/arxiv.1804.05990,10.48550/arxiv.1804.05990,,https://openalex.org/W2797849802,Learning Joint Semantic Parsers from Disjoint Data,2018,Hao Peng; Sam Thomson; Swabha Swayamdipta; Noah A. Smith,arXiv (Cornell University),F,harvest,L1,0,0,,,,,unrelated field,no,,,
,10.1109/cvpr.2019.00448,10.1109/cvpr.2019.00448,,https://openalex.org/W2954582488,Learning to Quantize Deep Networks by Optimizing Quantization Intervals With Task Loss,2019,Sangil Jung; Changyong Son; Seohyung Lee; Jinwoo Son; Jae‐Joon Han; Youngjun Kwak,,N,harvest,L1,0,0,,,,,unrelated field,no,,,
,10.1214/009053604000000067,10.1214/009053604000000067,,https://openalex.org/W2063978378,Least angle regression,2004,Bradley Efron; Trevor Hastie; Iain M. Johnstone; Robert Tibshirani,The Annals of Statistics,C;F,harvest,L1,0,0,,,,,unrelated field,no,,,
,10.1109/tit.2011.2158473,10.1109/tit.2011.2158473,,https://openalex.org/W2180630352,Leftover Hashing Against Quantum Side Information,2011,Marco Tomamichel; Christian Schaffner; Adam Smith; Renato Renner,IEEE Transactions on Information Theory,E,snowball,L1,0,0,,,,,leftover hashing,no,,,
,10.1007/978-3-030-53518-6_4,10.1007/978-3-030-53518-6_4,,https://openalex.org/W3035513392,Leveraging the Information Contained in Theory Presentations,2020,Jacques Carette; William M. Farmer; Yasmine Sharoda,Lecture notes in computer science,H,snowball,L1,0,0,,,,,theory presentations,no,,,
,10.1109/access.2020.3002270,10.1109/access.2020.3002270,,https://openalex.org/W3035145558,LinCos-Softmax: Learning Angle-Discriminative Face Representations With Linearity-Enhanced Cosine Logits,2020,Weifeng Ou; Lai-Man Po; Chang Zhou; Yujia Zhang; Litong Feng; Yasar Abbas Ur Rehman,IEEE Access,G,harvest,L1,0,0,,,,,unrelated field,no,,,
,10.1016/j.laa.2007.07.005,10.1016/j.laa.2007.07.005,,https://openalex.org/W2070577936,Linear maps on Mn(C) preserving the local spectrum,2007,Manuel González; Mostafa Mbekhta,Linear Algebra and its Applications,B,harvest,L1,0,0,,,,,irrelevant,no,,,
,10.57262/die/1356060724,10.57262/die/1356060724,,https://openalex.org/W2244713963,Local well-posedness of the generalized Korteweg-de Vries equation in spaces of analytic functions,2002,Zoran Grujić; Henrik Kalisch,Differential and Integral Equations,D,harvest,L1,0,0,,,,,irrelevant,no,,,
,10.1007/3-540-48256-3_11,10.1007/3-540-48256-3_11,,https://openalex.org/W1579218062,Locales A Sectioning Concept for Isabelle,1999,Florian Kammüller; Markus Wenzel; Lawrence C. Paulson,Lecture notes in computer science,H,snowball,L1,0,0,,,,,Isabelle locales,no,,,
,10.1007/978-3-540-24849-1_3,10.1007/978-3-540-24849-1_3,,https://openalex.org/W1881794246,Locales and Locale Expressions in Isabelle/Isar,2004,Clemens Ballarin,Lecture notes in computer science,H,snowball,L1,0,0,,,,,Isabelle locales,no,,,
,10.1214/aos/1176324636,10.1214/aos/1176324636,,https://openalex.org/W2063827883,Log-Periodogram Regression of Time Series with Long Range Dependence,1995,Peter M. Robinson,The Annals of Statistics,B,harvest,L1,0,0,,,,,irrelevant,no,,,
,10.1214/aoap/1034968224,10.1214/aoap/1034968224,,https://openalex.org/W2077810240,Logarithmic Sobolev inequalities for finite Markov chains,1996,Persi Diaconis; Laurent Saloff‐Coste,The Annals of Applied Probability,G,harvest,L1,0,0,,,,,unrelated field,no,,,
,10.1147/rd.176.0525,10.1147/rd.176.0525,,https://openalex.org/W2105259569,Logical Reversibility of Computation,1973,C. H. Bennett,IBM Journal of Research and Development,K,snowball,L1,0,0,,,,,reversible computation,no,,,
,10.4171/mems/1,10.4171/mems/1,,https://openalex.org/W3047686350,Long-Time Dispersive Estimates for Perturbations of a Kink Solution of One-Dimensional Cubic Wave Equations,2022,Nader Masmoudi; Jean-Marc Delort,Memoirs of the European Mathematical Society,B,harvest,L1,0,0,,,,,irrelevant,no,,,
,10.1523/jneurosci.2059-10.2010,10.1523/jneurosci.2059-10.2010,,https://openalex.org/W2140398789,Low-Intensity Electrical Stimulation Affects Network Dynamics by Modulating Population Rate and Spike Timing,2010,Davide Reato; Asif Rahman; Marom Bikson; Lucas C. Parra,Journal of Neuroscience,I,harvest,L1,0,0,,,,,unrelated field,no,,,
,10.1021/acs.chemrev.3c00189,10.1021/acs.chemrev.3c00189,,https://openalex.org/W4382516982,Machine Learning Methods for Small Data Challenges in Molecular Science,2023,Bozheng Dou; Zailiang Zhu; Ekaterina Merkurjev; Ke Lü; Long Chen; Jiang Jian,Chemical Reviews,B,harvest,L1,0,0,,,,,unrelated field,no,,,
,10.1090/bull/1839,10.1090/bull/1839,,https://openalex.org/W4398767262,Machine Learning and Information Theory Concepts towards an AI Mathematician,2024,Yoshua Bengio; Nikolay Malkin,Bulletin of the American Mathematical Society,H,snowball,L1,0,0,,,,,AI mathematician,no,,,
,10.3389/fceng.2021.665415,10.3389/fceng.2021.665415,,https://openalex.org/W3160946652,Machine Learning and Metaheuristic Methods for Renewable Power Forecasting: A Recent Review,2021,Hanin Alkabbani; Ali Ahmadian; Qinqin Zhu; Ali Elkamel,Frontiers in Chemical Engineering,B,harvest,L1,0,0,,,,,irrelevant,no,,,
,10.1088/1361-6633/aab406,10.1088/1361-6633/aab406,,https://openalex.org/W2792315573,Machine learning & artificial intelligence in the quantum domain: a review of recent progress,2018,Vedran Dunjko; Hans J. Briegel,Reports on Progress in Physics,K,harvest,L1,0,0,,,,,unrelated field,no,,,
,10.1002/wcms.1183,10.1002/wcms.1183,,https://openalex.org/W2171830166,Machine learning methods in chemoinformatics,2014,John B. O. Mitchell,Wiley Interdisciplinary Reviews Computational Molecular Science,B,harvest,L1,0,0,,,,,irrelevant,no,,,
,10.1007/978-3-031-43513-3_10,10.1007/978-3-031-43513-3_10,,https://openalex.org/W4386711366,Machine-Learned Premise Selection for Lean,2023,Bartosz Piotrowski; Ramon Fernández Mir; Edward L. Ayers,Lecture notes in computer science,H,snowball,L1,0,0,,,,,Lean premise selection,no,,,
,10.1002/adfm.202005137,10.1002/adfm.202005137,,https://openalex.org/W3115599775,Magnetic Actuation Methods in Bio/Soft Robotics,2020,Nafiseh Ebrahimi; Chenghao Bi; David J. Cappelleri; Gastone Ciuti; Andrew T. Conn; Damien Faivre,Advanced Functional Materials,I,harvest,L1,0,0,,,,,unrelated field,no,,,
,10.1086/587542,10.1086/587542,,https://openalex.org/W1979440291,Magnetic Braking and Protostellar Disk Formation: The Ideal MHD Limit,2008,Richard R. Mellon; Zhi‐Yun Li,The Astrophysical Journal,L,harvest,L1,0,0,,,,,irrelevant,no,,,
,10.1523/jneurosci.3481-07.2007,10.1523/jneurosci.3481-07.2007,,https://openalex.org/W2051674195,Magnocellular Projections as the Trigger of Top-Down Facilitation in Recognition,2007,Kestutis Kveraga; Jasmine Boshyan; Moshe Bar,Journal of Neuroscience,I,harvest,L1,0,0,,,,,unrelated field,no,,,
,10.48550/arxiv.1607.06520,10.48550/arxiv.1607.06520,,https://openalex.org/W2483215953,Man is to Computer Programmer as Woman is to Homemaker? Debiasing Word Embeddings,2016,Tolga Bolukbasi; Kai-Wei Chang; James Zou; Venkatesh Saligrama; Adam Tauman Kalai,arXiv (Cornell University),G,harvest,L1,0,0,,,,,irrelevant,no,,,
,10.1090/s0002-9947-1969-0251664-4,10.1090/s0002-9947-1969-0251664-4,,https://openalex.org/W2062346296,Manifolds of negative curvature,1969,Richard L. Bishop; Barrett O’Neill,Transactions of the American Mathematical Society,D,harvest,L1,0,0,,,,,unrelated field,no,,,
,10.3133/b1532,10.3133/b1532,,https://openalex.org/W72240683,Map projections used by the U.S. Geological Survey,1982,John P. Snyder,,C,harvest,L1,0,0,,,,,unrelated field,no,,,
,10.1186/s13059-016-0997-x,10.1186/s13059-016-0997-x,,https://openalex.org/W2950150251,Mash: fast genome and metagenome distance estimation using MinHash,2016,Brian Ondov; Todd J. Treangen; Páll Melsted; Adam B. Mallonee; Nicholas H. Bergman; Sergey Koren,Genome biology,F,harvest,L1,0,0,,,,,unrelated field,no,,,
,10.1007/s00706-009-0153-3,10.1007/s00706-009-0153-3,,https://openalex.org/W1976568090,Materials design for perovskite SOFC cathodes,2009,J. Richter; Peter Holtappels; Thomas Graule; Tetsurō Nakamura; Ludwig J. Gauckler,Monatshefte für Chemie - Chemical Monthly,E,harvest,L1,0,0,,,,,unrelated field,no,,,
,10.5281/zenodo.7118596,10.5281/zenodo.7118596,,https://openalex.org/W4297448175,Mathematical Components,2022,"Assia Mahboubi; Tassi, Enrico",Zenodo (CERN European Organization for Nuclear Research),H,snowball,L1,0,0,,,,,Mathematical Components,no,,,
,10.1017/cbo9780511810763,10.1017/cbo9780511810763,,https://openalex.org/W2004566760,Mathematical Methods for Physics and Engineering,2006,K. F. Riley; M. P. Hobson; S. J. Bence,Cambridge University Press eBooks,D,snowball,L1,0,0,,,,,physics methods textbook,no,,,
,mathematicalmodelingofquantumdotswithgeneralizedenvelopefunctionsapproximationsandcoupledpartialdifferentialequations,,,https://openalex.org/W1492725662,Mathematical Modeling of Quantum Dots with Generalized Envelope Functions Approximations and Coupled Partial Differential Equations,2009,Dmytro Sytnyk,Scholars Commons (Wilfrid Laurier University),N,harvest,L1,0,0,,,,,unrelated field,no,,,
,10.1016/j.pbiomolbio.2004.04.002,10.1016/j.pbiomolbio.2004.04.002,,https://openalex.org/W2149325066,Mathematical and computational techniques to deduce complex biochemical reaction mechanisms,2004,Edmund J. Crampin; Santiago Schnell; Patrick McSharry,Progress in Biophysics and Molecular Biology,B,harvest,L1,0,0,,,,,irrelevant,no,,,
,10.1090/bull/1832,10.1090/bull/1832,,https://openalex.org/W4391839106,Mathematics and the formal turn,2024,Jeremy Avigad,Bulletin of the American Mathematical Society,H,snowball,L1,0,0,,,,,formal turn essay,no,,,
,10.4036/iis.2010.139,10.4036/iis.2010.139,,https://openalex.org/W2077741783,"Matrix Analysis: Matrix Monotone Functions, Matrix Means, and Majorization",2010,Fumio Hiai,Interdisciplinary Information Sciences,D,harvest,L1,0,0,,,,,irrelevant,no,,,
,10.2307/1996344,10.2307/1996344,,https://openalex.org/W4254347872,Matrix Rings Over Polynomial Identity Rings,1972,Elizabeth Berman,Transactions of the American Mathematical Society,F,harvest,L1,0,0,,,,,unrelated field,no,,,
,10.2140/apde.2010.3.359,10.2140/apde.2010.3.359,,https://openalex.org/W2031557308,Mean curvature motion of graphs with constant contact angle at a free boundary,2010,Alexandre Freire,Analysis & PDE,D,harvest,L1,0,0,,,,,unrelated field,no,,,
,10.1103/physreva.47.4616,10.1103/physreva.47.4616,,https://openalex.org/W2041599892,Meaning of the wave function,1993,Yakir Aharonov; J. Anandan; Lev Vaidman,Physical Review A,J,snowball,L1,0,0,,,,,wave function meaning,no,,,
,10.1103/physrevb.102.035119,10.1103/physrevb.102.035119,,https://openalex.org/W3003376113,Measurement-induced dynamics of many-body systems at quantum criticality,2020,Davide Rossini; Ettore Vicari,Physical review. B./Physical review. B,J,harvest,L1,0,0,,,,,unrelated field,no,,,
,10.7907/z9bg2kx1,10.7907/z9bg2kx1,,https://openalex.org/W344266340,Measurements of critical shear stress for entraining fine sediments in a boundary layer,1964,Vito A. Vanoni,CaltechAUTHORS (California Institute of Technology),E,harvest,L1,0,0,,,,,unrelated field,no,,,
,10.1103/physrevb.56.15215,10.1103/physrevb.56.15215,,https://openalex.org/W2065175659,Measurements with a noninvasive detector and dephasing mechanism,1997,S. A. Gurvitz,"Physical review. B, Condensed matter",J,snowball,L1,0,0,,,,,irrelevant,no,,,
,10.1016/j.knosys.2023.110907,10.1016/j.knosys.2023.110907,,https://openalex.org/W4385988903,Medical image retrieval via nearest neighbor search on pre-trained image features,2023,Deepak Gupta; Russell F. Loane; Soumya Gayen; Dina Demner‐Fushman,Knowledge-Based Systems,N,harvest,L1,0,0,,,,,unrelated field,no,,,
,10.1103/physrevlett.110.010503,10.1103/physrevlett.110.010503,,https://openalex.org/W2045580047,Memory Attacks on Device-Independent Quantum Cryptography,2013,Jonathan Barrett; Roger Colbeck; Adrian Kent,Physical Review Letters,E,snowball,L1,0,0,,,,,DI memory attacks,no,,,
,10.1109/tpami.2021.3079209,10.1109/tpami.2021.3079209,,https://openalex.org/W3015606043,Meta-Learning in Neural Networks: A Survey,2021,Timothy M. Hospedales; Antreas Antoniou; Paul Micaelli; Amos Storkey,IEEE Transactions on Pattern Analysis and Machine Intelligence,N,harvest,L1,0,0,,,,,unrelated field,no,,,
,10.1371/journal.pone.0004525,10.1371/journal.pone.0004525,,https://openalex.org/W2074399756,Metabolic Profiling of the Response to an Oral Glucose Tolerance Test Detects Subtle Metabolic Changes,2009,Suzan Wopereis; Carina M. Rubingh; Marjan J. van Erk; Elwin Verheij; Trinette van Vliet; Nicole H.P. Cnubben,PLoS ONE,B,harvest,L1,0,0,,,,,irrelevant,no,,,
,10.48550/arxiv.1104.4879,10.48550/arxiv.1104.4879,,https://openalex.org/W2963748543,Metrics with cone singularities along normal crossing divisors and\n holomorphic tensor fields,2011,"F. Campana; Henri Guenancia; Păun, Mihai",arXiv (Cornell University),D,harvest,L1,0,0,,,,,unrelated field,no,,,
,microphysicalretrievalofnonsphericalaerosolparticlesusingregularizedinversionofmultiwavelengthlidardata,,,https://openalex.org/W3163577165,Microphysical retrieval of non-spherical aerosol particles using regularized inversion of multi-wavelength lidar data,2016,Stefanos Samaras,,F,harvest,L1,0,0,,,,,unrelated field,no,,,
,10.1016/j.neuroimage.2018.02.055,10.1016/j.neuroimage.2018.02.055,,https://openalex.org/W2793130635,Microstructural imaging of human neocortex in vivo,2018,Luke Edwards; Evgeniya Kirilina; Siawoosh Mohammadi; Nikolaus Weiskopf,NeuroImage,B,harvest,L1,0,0,,,,,irrelevant,no,,,
,10.48550/arxiv.2109.00110,10.48550/arxiv.2109.00110,,https://openalex.org/W3197040007,MiniF2F: a cross-system benchmark for formal Olympiad-level mathematics,2021,"Zheng, Kunhao; Jesse Michael Han; Stanislas Polu",arXiv (Cornell University),H,snowball,L1,0,0,,,,,MiniF2F benchmark,no,,,
,10.1088/1367-2630/12/5/055026,10.1088/1367-2630/12/5/055026,,https://openalex.org/W2042184282,Minimally entangled typical thermal state algorithms,2010,E M Stoudenmire; Steven R White,New Journal of Physics,M,harvest,L1,0,0,,,,,unrelated field,no,,,
,10.1007/978-3-319-20615-8_1,10.1007/978-3-319-20615-8_1,,https://openalex.org/W1910466616,Mining the Archive of Formal Proofs,2015,Jasmin Christian Blanchette; Max W. Haslbeck; Daniel Matichuk; Tobias Nipkow,Lecture notes in computer science,H,snowball,L1,0,0,,,,,AFP mining,no,,,
,10.4007/annals.2008.167.867,10.4007/annals.2008.167.867,,https://openalex.org/W2016792663,Mirror symmetry for weighted projective planes and their noncommutative deformations,2008,Denis Auroux; Ludmil Katzarkov; Dmitri Olegovich Orlov,Annals of Mathematics,D,harvest,L1,0,0,,,,,unrelated field,no,,,
,10.1109/jproc.2020.2976475,10.1109/jproc.2020.2976475,,https://openalex.org/W3012561096,Model Compression and Hardware Acceleration for Neural Networks: A Comprehensive Survey,2020,Lei Deng; Guoqi Li; Song Han; Luping Shi; Yuan Xie,Proceedings of the IEEE,A,snowball,L1,0,0,,,,,irrelevant,no,,,
,10.1017/fmp.2015.5,10.1017/fmp.2015.5,,https://openalex.org/W2963594978,Modified scattering for the cubic Schrdinger equation on product spaces and applications,2015,Nikolay Tzvetkov; Zaher Hani; Benoit Pausader; Nicola Visciglia,HAL (Le Centre pour la Communication Scientifique Directe),D,harvest,L1,0,0,,,,,unrelated field,no,,,
,10.1145/3607844,10.1145/3607844,,https://openalex.org/W4386317219,"Modularity, Code Specialization, and Zero-Cost Abstractions for Program Verification",2023,Son Ho; Aymeric Fromherz; Jonathan Protzenko,Proceedings of the ACM on Programming Languages,H,snowball,L1,0,0,,,,,program verification abstractions,no,,,
,10.1007/s10240-006-0039-4,10.1007/s10240-006-0039-4,,https://openalex.org/W1977026965,Moduli spaces of local systems and higher Teichmüller theory,2006,V. V. Fock; A. B. Goncharov,Publications mathématiques de l IHÉS,E,harvest,L1,0,0,,,,,unrelated field,no,,,
,10.1074/jbc.m200827200,10.1074/jbc.m200827200,,https://openalex.org/W2066948618,Molecular and Biochemical Characterization of a Highly Stable Bacterial Laccase That Occurs as a Structural Component of the Bacillus subtilis Endospore Coat,2002,Lı́gia O. Martins; Cláudio M. Soares; Manuela M. Pereira; Miguel Teixeira; Teresa Costa; George H. Jones,Journal of Biological Chemistry,E,harvest,L1,0,0,,,,,unrelated field,no,,,
,10.1038/s41598-021-83269-y,10.1038/s41598-021-83269-y,,https://openalex.org/W3131879928,Molecular function recognition by supervised projection pursuit machine learning,2021,Tyler Grear; Chris Avery; John A. Patterson; Donald J. Jacobs,Scientific Reports,B,harvest,L1,0,0,,,,,unrelated field,no,,,
,10.1109/tac.2023.3274690,10.1109/tac.2023.3274690,,https://openalex.org/W3216707186,Monotone One-Port Circuits,2023,Thomas Chaffey; Rodolphe Sepulchre,IEEE Transactions on Automatic Control,D,snowball,L1,0,0,,,,,monotone circuits,no,,,
,10.1088/0031-9155/57/12/3759,10.1088/0031-9155/57/12/3759,,https://openalex.org/W2077172984,Monte Carlo simulations to support start-up and treatment planning of scanned proton and carbon ion therapy at a synchrotron-based facility,2012,Katia Parodi; A. Mairani; Stephan Brons; B.G. Hasch; Florian Sommerer; J. Naumann,Physics in Medicine and Biology,J,harvest,L1,0,0,,,,,unrelated field,no,,,
,10.4007/annals.2013.177.1.1,10.4007/annals.2013.177.1.1,,https://openalex.org/W2155767029,Moser-Trudinger and Beckner-Onofri's inequalities on the CR sphere,2012,Thomas Branson; Luigi Fontana; Carlo Morpurgo,Annals of Mathematics,G,harvest,L1,0,0,,,,,unrelated field,no,,,
,10.1145/197938.197956,10.1145/197938.197956,,https://openalex.org/W2143278541,Multi-dimensional trees for controlled volume rendering and compression,1994,Jane Wilhelms; Allen Van Gelder,,F,harvest,L1,0,0,,,,,unrelated field,no,,,
,10.1007/978-3-031-48621-0_14,10.1007/978-3-031-48621-0_14,,https://openalex.org/W4389011127,Multilinear Schwartz-Zippel Mod N and Lattice-Based Succinct Arguments,2023,Benedikt Bünz; Ben Fisch,Lecture notes in computer science,B,harvest,L1,0,0,,,,,unrelated field,no,,,
,10.4319/lo.2005.50.4.1025,10.4319/lo.2005.50.4.1025,,https://openalex.org/W1967509215,Multiple scattering on coral skeletons enhances light absorption by symbiotic algae,2005,Susana Enríquez; Eugenio R. Méndez; Roberto Iglesias Prieto,Limnology and Oceanography,J,harvest,L1,0,0,,,,,unrelated field,no,,,
,10.1016/j.neuroimage.2007.09.048,10.1016/j.neuroimage.2007.09.048,,https://openalex.org/W1980405727,Multiple sparse priors for the M/EEG inverse problem,2007,Karl Friston; Lee Harrison; Jean Daunizeau; Stefan J. Kiebel; Christophe Phillips; Nelson J. Trujillo‐Barreto,NeuroImage,G,harvest,L1,0,0,,,,,unrelated field,no,,,
,10.1214/aos/1176347963,10.1214/aos/1176347963,,https://openalex.org/W2102201073,Multivariate Adaptive Regression Splines,1991,Jerome H. Friedman,The Annals of Statistics,A;C;F;G;I;K,harvest,L1,0,0,,,,,irrelevant,no,,,
,10.1214/09-aos729,10.1214/09-aos729,,https://openalex.org/W1965125844,Nearly unbiased variable selection under minimax concave penalty,2010,Cun‐Hui Zhang,The Annals of Statistics,C,harvest,L1,0,0,,,,,irrelevant,no,,,
,10.1051/0004-6361:20020173/pdf,10.1051/0004-6361:20020173/pdf,,https://openalex.org/W3098041279,Nested Grid Calculations of Disk-Planet Interaction,2002,Gennaro D’Angelo; Thomas Henning; W. Kley,Springer Link (Chiba Institute of Technology),L,harvest,L1,0,0,,,,,unrelated field,no,,,
,10.1051/0004-6361:20020173,10.1051/0004-6361:20020173,,https://openalex.org/W2136204221,Nested-grid calculations of disk-planet interaction,2002,G. D'Angelo; T. Henning; W. Kley,Astronomy and Astrophysics,L,harvest,L1,0,0,,,,,unrelated field,no,,,
,neuralandmechanicalresponsestoelectricstimulationofthecatsinnerear,,,https://openalex.org/W1490311173,Neural and mechanical responses to electric stimulation of the cat's inner ear.,1971,E. C. Moxon,DSpace@MIT (Massachusetts Institute of Technology),E,harvest,L1,0,0,,,,,unrelated field,no,,,
,neuralnetworkquantumstatesstringbondstatesandchiraltopologicalstates,,,https://openalex.org/W3101214870,"Neural-Network Quantum States, String-Bond States, and Chiral Topological States",2018,"Glasser, I.; Pancotti, N.; August, M.; Rodríguez, I.; J. I. Cirac",Max Planck Digital Library,M,snowball,L1,0,0,,,,,unrelated field,no,,,
,10.1063/1.1712500,10.1063/1.1712500,,https://openalex.org/W1976493614,New Frontiers in Quantum Information With Atoms and Ions,2004,J. I. Cirac; P. Zoller,Physics Today,M,snowball,L1,0,0,,,,,atoms ions QI article,no,,,
,10.1111/2041-210x.12865,10.1111/2041-210x.12865,,https://openalex.org/W2742650136,New approaches for delineating n ‐dimensional hypervolumes,2017,Benjamin Blonder; Cecina Babich Morrow; Brian Maitner; David J. Harris; Christine Lamanna; Cyrille Violle,Methods in Ecology and Evolution,F,harvest,L1,0,0,,,,,unrelated field,no,,,
,newproceduresfordataminingandmeasurementerrormodelswithmedicalimagingapplications,,,https://openalex.org/W2472503648,New procedures for data mining and measurement error models with medical imaging applications.,2005,Xiaofeng Wang,OhioLink ETD Center (Ohio Library and Information Network),K,harvest,L1,0,0,,,,,unrelated field,no,,,
,10.1002/jcc.23899,10.1002/jcc.23899,,https://openalex.org/W1963514652,New ways to boost molecular dynamics simulations,2015,Elmar Krieger; Gert Vriend,Journal of Computational Chemistry,C,harvest,L1,0,0,,,,,unrelated field,no,,,
,nonequilibriumdynamicsofquantumisingchainsinthepresenceoftransverseandlongitudinalmagneticfields,,,https://openalex.org/W1619665136,Non equilibrium dynamics of quantum Ising chains in the presence of transverse and longitudinal magnetic fields,2013,Zahra Mokhtari,Summit (Simon Fraser University),M,harvest,L1,0,0,,,,,unrelated field,no,,,
,10.53846/goediss-10292,10.53846/goediss-10292,,https://openalex.org/W4391099156,Non-Equilibrium Dynamics of Photoexcited Correlated Quantum Matter,2024,Alexander Osterkorn,,M,harvest,L1,0,0,,,,,unrelated field,no,,,
,10.1080/00018732.2021.1876991,10.1080/00018732.2021.1876991,,https://openalex.org/W3034071862,Non-Hermitian physics,2020,Yuto Ashida; Zongping Gong; Masahito Ueda,Advances In Physics,M,snowball,L1,0,0,,,,,unrelated field,no,,,
,10.1103/physreva.42.10,10.1103/physreva.42.10,,https://openalex.org/W1972553995,Non-Hermitian quantum dynamics,1990,Howard C. Baker; Robert L. Singleton,Physical Review A,J,snowball,L1,0,0,,,,,non-Hermitian dynamics,no,,,
,10.1016/s0304-3932(03)00003-5,10.1016/s0304-3932(03)00003-5,,https://openalex.org/W2171228580,Nonconvex factor adjustments in equilibrium business cycle models: do nonlinearities matter?,2003,Aubhik Khan; Julia K. Thomas,Journal of Monetary Economics,B,harvest,L1,0,0,,,,,irrelevant,no,,,
,10.1109/cdc57313.2025.11312491,10.1109/cdc57313.2025.11312491,,https://openalex.org/W7123342971,Nonlinear Bandwidth and Bode Diagrams based on Scaled Relative Graphs,2025,Julius P. J. Krebbekx; Roland Tóth; Amritam Das,,D,snowball,L1,0,0,,,,,SRG Bode diagrams,no,,,
,10.1088/2040-8978/18/12/123002,10.1088/2040-8978/18/12/123002,,https://openalex.org/W1553980249,Nonlinear and quantum optics with whispering gallery resonators,2016,Dmitry Strekalov; Christoph Marquardt; Andrey B. Matsko; Harald G. L. Schwefel; Gerd Leuchs,Journal of Optics,J,snowball,L1,0,0,,,,,whispering gallery optics,no,,,
,10.1002/lpor.201500227,10.1002/lpor.201500227,,https://openalex.org/W2224612148,Nonlinear switching and solitons in PT‐symmetric photonic systems,2016,Sergey V. Suchkov; Andrey A. Sukhorukov; Jiahao Huang; Sergey V. Dmitriev; Chaohong Lee; Yuri S. Kivshar,Laser & Photonics Review,J,snowball,L1,0,0,,,,,PT-symmetric photonics,no,,,
,10.1371/journal.pcbi.1000029,10.1371/journal.pcbi.1000029,,https://openalex.org/W2132692097,Nonnegative Matrix Factorization: An Analytical and Interpretive Tool in Computational Biology,2008,Karthik Devarajan,PLoS Computational Biology,B,harvest,L1,0,0,,,,,irrelevant,no,,,
,10.1109/tgrs.2015.2503737,10.1109/tgrs.2015.2503737,,https://openalex.org/W2324784787,Nonnegative Tensor CP Decomposition of Hyperspectral Data,2015,Miguel A. Veganzones; Jérémy E. Cohen; Rodrigo Cabral Farias; Jocelyn Chanussot; Pierre Comon,IEEE Transactions on Geoscience and Remote Sensing,D,harvest,L1,0,0,,,,,unrelated field,no,,,
,10.1145/3297858.3304007,10.1145/3297858.3304007,,https://openalex.org/W2930242962,Not All Qubits Are Created Equal,2019,Swamit Tannu; Moinuddin K. Qureshi,,K,snowball,L1,0,0,,,,,unrelated field,no,,,
,10.4171/jems/100,10.4171/jems/100,,https://openalex.org/W2001465794,Null structure and almost optimal local regularity for the Dirac-Klein-Gordon system,2007,Piero DʼAncona; Damiano Foschi; Sigmund Selberg,Journal of the European Mathematical Society,D,harvest,L1,0,0,,,,,irrelevant,no,,,
,10.1007/978-3-642-61370-8,10.1007/978-3-642-61370-8,,https://openalex.org/W2118152326,Numerical Techniques for Stochastic Optimization,1988,"Y. Ermoliev; Wets, R.J.-B.",Springer series in computational mathematics,L,harvest,L1,0,0,,,,,unrelated field,no,,,
,10.1098/rsta.2019.0066,10.1098/rsta.2019.0066,,https://openalex.org/W2997728548,Numerical algorithms for high-performance computational science,2020,Jack Dongarra; Laura Grigori; Nicholas J. Higham,Philosophical Transactions of the Royal Society A Mathematical Physical and Engineering Sciences,B,harvest,L1,0,0,,,,,irrelevant,no,,,
,10.1016/j.dark.2012.10.002,10.1016/j.dark.2012.10.002,,https://openalex.org/W2038989249,Numerical simulations of the dark universe: State of the art and the next decade,2012,M. Kuhlen; Mark Vogelsberger; Raúl E. Angulo,Physics of the Dark Universe,L,harvest,L1,0,0,,,,,unrelated field,no,,,
,10.1007/s00466-022-02261-z,10.1007/s00466-022-02261-z,,https://openalex.org/W4313256501,Numerical upscaling of parametric microstructures in a possibilistic uncertainty framework with tensor trains,2022,Martin Eigel; Robert Gruhlke; Dieter Moser; Lars Grasedyck,Computational Mechanics,A,harvest,L1,0,0,,,,,unrelated field,no,,,
,10.3847/0004-637x/833/1/3,10.3847/0004-637x/833/1/3,,https://openalex.org/W2496932746,OBSERVATION AND CHARACTERIZATION OF A COSMIC MUON NEUTRINO FLUX FROM THE NORTHERN HEMISPHERE USING SIX YEARS OF ICECUBE DATA,2016,M. G. Aartsen; K. Abraham; M. Ackermann; J. Adams; J. A. Aguilar; M. Ahlers,The Astrophysical Journal,G,harvest,L1,0,0,,,,,unrelated field,no,,,
,10.1126/science.aav9105,10.1126/science.aav9105,,https://openalex.org/W2966018830,Observation of a symmetry-protected topological phase of interacting bosons with Rydberg atoms,2019,Sylvain de Léséleuc; Vincent Lienhard; Pascal Scholl; Daniel Barredo; Sebastian Weber; Nicolai Lang,Science,M,snowball,L1,0,0,,,,,SPT Rydberg experiment,no,,,
,10.48550/arxiv.quant-ph/9705054,10.48550/arxiv.quant-ph/9705054,,https://openalex.org/W1679133476,On Quantum Communication Channels with Constrained Inputs,1997,A. S. Holevo,arXiv (Cornell University),K,snowball,L1,0,0,,,,,constrained quantum channels,no,,,
,10.48550/arxiv.1512.01247,10.48550/arxiv.1512.01247,,https://openalex.org/W2189034515,On Rings of Differential Rota-Baxter Operators,2015,Xing Gao; Li Guo; Markus Rosenkranz,arXiv (Cornell University),F,harvest,L1,0,0,,,,,unrelated field,no,,,
,10.15439/2016f520,10.15439/2016f520,,https://openalex.org/W2526342011,On algebraic hierarchies in mathematical repository of Mizar,2016,Adam Grabowski; Artur Korniłowicz; Christoph Schwarzweller,Annals of Computer Science and Information Systems,H,snowball,L1,0,0,,,,,Mizar hierarchies,no,,,
,10.4007/annals.2017.185.1.8,10.4007/annals.2017.185.1.8,,https://openalex.org/W2963631653,On large subsets of $\mathbb{F}_q^n$ with no three-term arithmetic progression,2016,Jordan S. Ellenberg; Dion Gijswijt,Annals of Mathematics,H,snowball,L1,0,0,,,,,cap set,no,,,
,10.1086/306136,10.1086/306136,,https://openalex.org/W1966186756,On the Formation and Evolution of Disk Galaxies: Cosmological Initial Conditions and the Gravitational Collapse,1998,Vladimir Avila‐Reese; C. Firmani; X. Hernández,The Astrophysical Journal,L,harvest,L1,0,0,,,,,unrelated field,no,,,
,10.1073/pnas.38.8.716,10.1073/pnas.38.8.716,,https://openalex.org/W2056653303,On the Theory of Dynamic Programming,1952,Richard Bellman,Proceedings of the National Academy of Sciences,D,snowball,L1,0,0,,,,,dynamic programming,no,,,
,10.1017/jfm.2023.687,10.1017/jfm.2023.687,,https://openalex.org/W4386850248,On the low-frequency unsteadiness in shock wave–turbulent boundary layer interactions,2023,Jiaao Hao,Journal of Fluid Mechanics,E,harvest,L1,0,0,,,,,unrelated field,no,,,
,10.1553/etna_vol54s610,10.1553/etna_vol54s610,,https://openalex.org/W3202832451,On the regularization effect of stochastic gradient descent applied to least-squares. ETNA - Electronic Transactions on Numerical Analysis,2021,Stefan Steinerberger,Oesterreichisches Musiklexikon online (Institut für kunst- und musikhistorische Forschungen der  Österreichischen Akademie der Wissenschaften),I,snowball,L1,0,0,,,,,unrelated field,no,,,
,10.1016/0305-750x(93)90048-e,10.1016/0305-750x(93)90048-e,,https://openalex.org/W1978745651,"On the state, democratization and some conceptual problems: A Latin American view with glances at some postcommunist countries",1993,Guillermo O’Donnell,World Development,H,harvest,L1,0,0,,,,,unrelated field,no,,,
,10.1093/gji/ggw084,10.1093/gji/ggw084,,https://openalex.org/W2296199152,On the use of sensitivity tests in seismic tomography,2016,Nicholas Rawlinson; Wim Spakman,Geophysical Journal International,A,harvest,L1,0,0,,,,,irrelevant,no,,,
,10.1103/physrev.150.321,10.1103/physrev.150.321,,https://openalex.org/W2223883879,One-Dimensional Chain of Anisotropic Spin-Spin Interactions. I. Proof of Bethe's Hypothesis for Ground State in a Finite System,1966,Chongming Yang; Chuan‐Zhang Yang,Physical Review,M,snowball,L1,0,0,,,,,Bethe ansatz XXZ,no,,,
,10.1103/physrev.150.327,10.1103/physrev.150.327,,https://openalex.org/W2094264521,One-Dimensional Chain of Anisotropic Spin-Spin Interactions. II. Properties of the Ground-State Energy Per Lattice Site for an Infinite System,1966,Chongming Yang; Chuan‐Zhang Yang,Physical Review,M,snowball,L1,0,0,,,,,Bethe ansatz XXZ,no,,,
,10.1103/physreva.85.010301,10.1103/physreva.85.010301,,https://openalex.org/W2082249447,"One-sided device-independent quantum key distribution: Security, feasibility, and the connection with steering",2012,Cyril Branciard; Eric G. Cavalcanti; S. P. Walborn; Valerio Scarani; Howard M. Wiseman,Physical Review A,E,snowball,L1,0,0,,,,,1sDI QKD,no,,,
,10.1016/j.camwa.2020.04.033,10.1016/j.camwa.2020.04.033,,https://openalex.org/W3030255514,OpenLB—Open source lattice Boltzmann code,2020,Mathias J. Krause; Adrian Kummerländer; Samuel J. Avis; Halim Kusumaatmaja; Davide Dapelo; Fabian Klemens,Computers & Mathematics with Applications,B,harvest,L1,0,0,,,,,irrelevant,no,,,
,10.1109/18.669165,10.1109/18.669165,,https://openalex.org/W2167074728,Operational capacity and pseudoclassicality of a quantum channel,1998,Akio Fujiwara; Hiroshi Nagaoka,IEEE Transactions on Information Theory,K,snowball,L1,0,0,,,,,channel pseudoclassicality,no,,,
,10.1103/physrevx.8.021014,10.1103/physrevx.8.021014,,https://openalex.org/W2620407091,Operator Spreading in Random Unitary Circuits,2018,Adam Nahum; Sagar Vijay; Jeongwan Haah,Physical Review X,G,harvest,L1,0,0,,,,,unrelated field,no,,,
,10.1029/2005jd006687,10.1029/2005jd006687,,https://openalex.org/W2102653958,Optical properties of deep glacial ice at the South Pole,2006,M. Ackermann; J. Ahrens; X. Bai; M. Bartelt; S. W. Barwick; Ryan Bay,Journal of Geophysical Research Atmospheres,J,harvest,L1,0,0,,,,,unrelated field,no,,,
,10.1109/tr.2012.2194351,10.1109/tr.2012.2194351,,https://openalex.org/W2069719474,Optimal Design for Degradation Tests Based on Gamma Processes With Random Effects,2012,Chih‐Chun Tsai; Sheng‐Tsaing Tseng; N. Balakrishnan,IEEE Transactions on Reliability,J,harvest,L1,0,0,,,,,unrelated field,no,,,
,10.1007/s11263-011-0468-5,10.1007/s11263-011-0468-5,,https://openalex.org/W2122995085,Optimal Metric Projections for Deformable and Articulated Structure-from-Motion,2011,Marco Paladini; Alessio Del Bue; João Xavier; Lourdes Agapito; Marko Stošić; Marija Dodig,International Journal of Computer Vision,C,harvest,L1,0,0,,,,,unrelated field,no,,,
,10.1017/s0962492924000023,10.1017/s0962492924000023,,https://openalex.org/W4402229381,Optimal experimental design: Formulations and computations,2024,Xun Huan; Jayanth Jagalur; Youssef Marzouk,Acta Numerica,B,harvest,L1,0,0,,,,,irrelevant,no,,,
,10.48550/arxiv.1912.08957,10.48550/arxiv.1912.08957,,https://openalex.org/W2994927236,Optimization for deep learning: theory and algorithms,2019,Ruoyu Sun,arXiv (Cornell University),B;N,harvest,L1,0,0,,,,,irrelevant,no,,,
,10.1007/s40072-015-0049-7,10.1007/s40072-015-0049-7,,https://openalex.org/W2106605796,Optimization of mesh hierarchies in multilevel Monte Carlo samplers,2015,Abdul-Lateef Haji-Ali; Fabio Nobile; Erik von Schwerin; Raúl Tempone,Stochastic Partial Differential Equations Analysis and Computations,B,harvest,L1,0,0,,,,,irrelevant,no,,,
,10.1145/3297858.3304018,10.1145/3297858.3304018,,https://openalex.org/W2913384061,Optimized Compilation of Aggregated Instructions for Realistic Quantum Computers,2019,Yunong Shi; Nelson L. C. Leung; Pranav Gokhale; Zane M. Rossi; David Schuster; Henry Hoffmann,,E,harvest,L1,0,0,,,,,unrelated field,no,,,
,10.1080/09500349414552351,10.1080/09500349414552351,,https://openalex.org/W2079429651,Oracle Quantum Computing,1994,André Berthiaume; Gilles Brassard,Journal of Modern Optics,K,snowball,L1,0,0,,,,,unrelated field,no,,,
,10.1109/tnnls.2024.3443814,10.1109/tnnls.2024.3443814,,https://openalex.org/W4403061079,Orthogonal Capsule Networks With Positional Information Preservation and Lightweight Feature Learning,2024,Yuerong Xue,IEEE Transactions on Neural Networks and Learning Systems,B,snowball,L1,0,0,,,,,capsule networks,no,,,
,10.3310/hta4240,10.3310/hta4240,,https://openalex.org/W2096499823,Outcome measures for adult critical care: a systematic review.,2000,Hayes; Black; Jenkinson; Duncan Young; Neil J. Rowan; Daniel Daly,Health Technology Assessment,J,harvest,L1,0,0,,,,,unrelated field,no,,,
,10.48550/arxiv.2210.10524,10.48550/arxiv.2210.10524,,https://openalex.org/W4307010681,"Over-the-Air Computation for 6G: Foundations, Technologies, and Applications",2022,Zhibin Wang; Yapeng Zhao; Yong Zhou; Yuanming Shi; Chunxiao Jiang; Khaled B. Letaief,arXiv (Cornell University),N,harvest,L1,0,0,,,,,unrelated field,no,,,
,10.5194/bg-10-1849-2013,10.5194/bg-10-1849-2013,,https://openalex.org/W2058648791,Oxygen and indicators of stress for marine life in multi-model global warming projections,2013,V. Cocco; Fortunat Joos; M. Steinacher; Thomas L. Frölicher; Laurent Bopp; John P. Dunne,Biogeosciences,C,harvest,L1,0,0,,,,,unrelated field,no,,,
,10.1088/0004-637x/804/1/35,10.1088/0004-637x/804/1/35,,https://openalex.org/W1531817302,PARTICLE TRAPPING AND STREAMING INSTABILITY IN VORTICES IN PROTOPLANETARY DISKS,2015,Natalie Raettig; Hubert Klahr; Wladimir Lyra,The Astrophysical Journal,L,harvest,L1,0,0,,,,,unrelated field,no,,,
,10.33084/anterior.v23i2.5954,10.33084/anterior.v23i2.5954,,https://openalex.org/W4397011663,PEMAHAMAN KONSEP GEOMETRI DASAR MAHASISWA PENDIDIKAN MATEMATIKA,2024,Muhammad Hamdani; Sry Rita Puspitasari; Putri Sasalia S,Anterior Jurnal,D,snowball,L1,0,0,,,,,geometry education,no,,,
,10.12681/eadd/3778,10.12681/eadd/3778,,https://openalex.org/W1547358136,PROBLEMS IN DECENTRALIZED DECISION MAKING AND COMPUTATION,1984,Ιωάννης Τσιτσικλής,,G,harvest,L1,0,0,,,,,unrelated field,no,,,
,10.1088/0004-637x/773/2/168,10.1088/0004-637x/773/2/168,,https://openalex.org/W2053660869,PROTOPLANETARY DISK MASSES FROM STARS TO BROWN DWARFS,2013,Subhanjoy Mohanty; Jane Greaves; Daniel Mortlock; Ilaria Pascucci; Aleks Scholz; Mark Thompson,The Astrophysical Journal,L,harvest,L1,0,0,,,,,unrelated field,no,,,
,10.1002/bip.22372,10.1002/bip.22372,,https://openalex.org/W2149695969,Particle tracking microrheology of purified gastrointestinal mucins,2013,Pantelis Georgiades; Paul D. A. Pudney; David J. Thornton; Thomas Andrew Waigh,Biopolymers,E,harvest,L1,0,0,,,,,unrelated field,no,,,
,10.3390/math10244730,10.3390/math10244730,,https://openalex.org/W4311350769,"Perceptron: Learning, Generalization, Model Selection, Fault Tolerance, and Role in the Deep Learning Era",2022,Ke-Lin Du; Chi-Sing Leung; Wai Ho Mow; M. N. S. Swamy,Mathematics,N,harvest,L1,0,0,,,,,irrelevant,no,,,
,10.1107/s0021889807021206,10.1107/s0021889807021206,,https://openalex.org/W2163341755,Phaser crystallographic software,2007,Airlie J. McCoy; Ralf W. Grosse‐Kunstleve; Paul D. Adams; Martyn Winn; Laurent C. Storoni; Randy J. Read,Journal of Applied Crystallography,C;F,harvest,L1,0,0,,,,,irrelevant,no,,,
,10.1038/s43586-022-00125-7,10.1038/s43586-022-00125-7,,https://openalex.org/W4281719784,Piecewise linear neural networks and deep learning,2022,Qinghua Tao; Li Li; Xiaolin Huang; Xiangming Xi; Shuning Wang; Johan A. K. Suykens,Nature Reviews Methods Primers,N,harvest,L1,0,0,,,,,unrelated field,no,,,
,10.1029/2006je002825,10.1029/2006je002825,,https://openalex.org/W2007878675,"PlanetWRF: A general purpose, local to global numerical model for planetary atmospheric and climate dynamics",2007,M. I. Richardson; A. D. Toigo; Claire Newman,Journal of Geophysical Research Atmospheres,I,harvest,L1,0,0,,,,,unrelated field,no,,,
,10.1007/s11831-016-9206-z,10.1007/s11831-016-9206-z,,https://openalex.org/W2568155635,Plant Species Identification Using Computer Vision Techniques: A Systematic Literature Review,2017,Jana Wäldchen; Patrick Mäder,Archives of Computational Methods in Engineering,B,harvest,L1,0,0,,,,,irrelevant,no,,,
,10.1103/physrevd.24.1516,10.1103/physrevd.24.1516,,https://openalex.org/W2032207635,Pointer basis of quantum apparatus: Into what mixture does the wave packet collapse?,1981,Wojciech H. Zurek,"Physical review. D. Particles, fields, gravitation, and cosmology/Physical review. D. Particles and fields",J,snowball,L1,0,0,,,,,pointer basis decoherence,no,,,
,10.5075/epfl-thesis-4461,10.5075/epfl-thesis-4461,,https://openalex.org/W2139784773,Polar codes for channel and source coding,2009,Satish Babu Korada,Infoscience (Ecole Polytechnique Fédérale de Lausanne),N,harvest,L1,0,0,,,,,unrelated field,no,,,
,10.1175/1520-0469(1999)056<1197:peaeca>2.0.co;2,10.1175/1520-0469(1999)056<1197:peaeca>2.0.co;2,,https://openalex.org/W2148075058,"Polygonal Eyewalls, Asymmetric Eye Contraction, and Potential Vorticity Mixing in Hurricanes",1999,Wayne H. Schubert; Michael T. Montgomery; Richard K. Taft; Thomas A. Guinn; Scott R. Fulton; James P. Kossin,Journal of the Atmospheric Sciences,L,harvest,L1,0,0,,,,,unrelated field,no,,,
,10.1214/aos/1031594728,10.1214/aos/1031594728,,https://openalex.org/W2002869784,Polynomial splines and their tensor products in extended linear modeling: 1994 Wald memorial lecture,1997,Charles J. Stone; Mark Hansen; Charles Kooperberg; Young K. Truong,The Annals of Statistics,F,harvest,L1,0,0,,,,,irrelevant,no,,,
,10.1137/s0097539795293172,10.1137/s0097539795293172,,https://openalex.org/W3023478445,Polynomial-Time Algorithms for Prime Factorization and Discrete Logarithms on a Quantum Computer,1997,Peter W. Shor,SIAM Journal on Computing,K,snowball,L1,0,0,,,,,Shor factoring,no,,,
,10.1137/s0036144598347011,10.1137/s0036144598347011,,https://openalex.org/W2137147061,Polynomial-Time Algorithms for Prime Factorization and Discrete Logarithms on a Quantum Computer,1999,Peter W. Shor,SIAM Review,K,snowball,L1,0,0,,,,,Shor factoring reprint,no,,,
,10.1371/journal.pgen.0020190,10.1371/journal.pgen.0020190,,https://openalex.org/W2108169091,Population Structure and Eigenanalysis,2006,Nick Patterson; Alkes L. Price; David Reich,PLoS Genetics,G,harvest,L1,0,0,,,,,unrelated field,no,,,
,10.1088/1367-2630/7/1/034,10.1088/1367-2630/7/1/034,,https://openalex.org/W2011189520,Position-dependent diffusion coefficients and free energies from Bayesian analysis of equilibrium and replica molecular dynamics simulations,2005,Gerhard Hummer,New Journal of Physics,C,harvest,L1,0,0,,,,,unrelated field,no,,,
,10.1063/1.4903989,10.1063/1.4903989,,https://openalex.org/W2065092908,Position-momentum uncertainty relations in the presence of quantum memory,2014,Fabian Furrer; Mario Berta; Marco Tomamichel; Volkher B. Scholz; Matthias Christandl,Journal of Mathematical Physics,E,harvest,L1,0,0,,,,,unrelated field,no,,,
,10.1103/physrevlett.107.210404,10.1103/physrevlett.107.210404,,https://openalex.org/W2072878982,Practical Characterization of Quantum Devices without Tomography,2011,Marcus P. da Silva; Olivier Landon-Cardinal; David Poulin,Physical Review Letters,M,snowball,L1,0,0,,,,,irrelevant,no,,,
,10.1038/s41467-018-04559-0,10.1038/s41467-018-04559-0,,https://openalex.org/W2790599046,Precise temporal regulation of alternative splicing during neural development,2018,Sebastien M. Weyn‐Vanhentenryck; Huijuan Feng; Dmytro Ustianenko; Rachel Duffié; Qinghong Yan; Martin Jacko,Nature Communications,E,harvest,L1,0,0,,,,,unrelated field,no,,,
,10.4064/sm218-2-1,10.4064/sm218-2-1,,https://openalex.org/W2034012288,Preconditioners and Korovkin-type theorems for infinite-dimensional bounded linear operators via completely positive maps,2013,V. B. Kiran Kumar; M. N. N. Namboodiri; Stefano Serra‐Capizzano,Studia Mathematica,B,harvest,L1,0,0,,,,,irrelevant,no,,,
,10.1017/9781316809976.001,10.1017/9781316809976.001,,https://openalex.org/W1785526227,Preface to the Second Edition,2016,Mark M. Wilde,Cambridge University Press eBooks,K,snowball,L1,0,0,,,,,book preface,no,,,
,10.3386/w14825,10.3386/w14825,,https://openalex.org/W3125994124,Preferences for Redistribution,2009,Alberto Alesina; Paola Giuliano,National Bureau of Economic Research,H,harvest,L1,0,0,,,,,unrelated field,no,,,
,10.1111/j.1564-913x.2014.00014.x,10.1111/j.1564-913x.2014.00014.x,,https://openalex.org/W2264159412,Pressures towards and against formalization: Regulation and informal employment in Mozambique,2014,Pauline Dibben; Geoffrey Wood; Colin C. Williams,International Labour Review,H,harvest,L1,0,0,,,,,unrelated field,no,,,
,10.1086/308158,10.1086/308158,,https://openalex.org/W2077310516,Presupernova Evolution of Rotating Massive Stars. I. Numerical Method and Evolution of the Internal Stellar Structure,2000,Alexander Heger; N. Langer; S. E. Woosley,The Astrophysical Journal,L,harvest,L1,0,0,,,,,unrelated field,no,,,
,10.1515/nanoph-2019-0209,10.1515/nanoph-2019-0209,,https://openalex.org/W2974418385,Principles and techniques of the quantum diamond microscope,2018,Edlyn V. Levine; Matthew Turner; Pauli Kehayias; Connor Hart; Nicholas Langellier; Raisa Trubko,Nanophotonics,K,harvest,L1,0,0,,,,,unrelated field,no,,,
,10.1145/3776651,10.1145/3776651,,https://openalex.org/W7119497464,"Probabilistic Concurrent Reasoning in Outcome Logic: Independence, Conditioning, and Invariants",2026,Noam Zilberstein; Alexandra Silva; Joseph Tassarotti,Proceedings of the ACM on Programming Languages,H,snowball,L1,0,0,,,,,outcome logic,no,,,
,10.1145/273865.273901,10.1145/273865.273901,,https://openalex.org/W2019578639,Probabilistic checking of proofs,1998,Sanjeev Arora; Muli Safra,Journal of the ACM,B,harvest,L1,0,0,,,,,irrelevant,no,,,
,10.1016/0034-4877(77)90010-6,10.1016/0034-4877(77)90010-6,,https://openalex.org/W2075761101,Problems in the mathematical theory of quantum communication channels,1977,A. S. Holevo,Reports on Mathematical Physics,K,snowball,L1,0,0,,,,,quantum channel problems,no,,,
,10.18653/v1/2022.acl-short.45,10.18653/v1/2022.acl-short.45,,https://openalex.org/W4280612849,Problems with Cosine as a Measure of Embedding Similarity for High Frequency Words,2022,Kaitlyn Zhou; Kawin Ethayarajh; Dallas Card; Dan Jurafsky,,C,harvest,L1,0,0,,,,,irrelevant,no,,,
,10.1007/978-3-030-99461-7_4,10.1007/978-3-030-99461-7_4,,https://openalex.org/W4285158717,Program Logic for Higher-Order Probabilistic Programs in Isabelle/HOL,2022,Michikazu Hirata; Yasuhiko Minamide; Tetsuya Sato,Lecture notes in computer science,H,snowball,L1,0,0,,,,,probabilistic program logic,no,,,
,10.15439/2017f289,10.15439/2017f289,,https://openalex.org/W2758106854,Progress in the Independent Certiﬁcation of Mizar Mathematical Library in Isabelle,2017,Cezary Kaliszyk; Karol Pąk,Annals of Computer Science and Information Systems,H,snowball,L1,0,0,,,,,Mizar certification,no,,,
,10.1063/1.869686,10.1063/1.869686,,https://openalex.org/W2033068209,Proper orthogonal decomposition and low-dimensional models for driven cavity flows,1998,W. Cazemier; Roel Verstappen; A.E.P. Veldman,Physics of Fluids,C,harvest,L1,0,0,,,,,irrelevant,no,,,
,10.14722/ndss.2025.241357,10.14722/ndss.2025.241357,,https://openalex.org/W4408749890,PropertyGPT: LLM-driven Formal Verification of Smart Contracts through Retrieval-Augmented Property Generation,2025,Ye Liu; Yue Xue; Daoyuan Wu; Yuqiang Sun; Yi Li; Miaolei Shi,,H,harvest,L1,0,0,,,,,unrelated field,no,,,
,10.25675/3.021826,10.25675/3.021826,,https://openalex.org/W2751808960,Protein interface prediction using graph convolutional networks,2017,"Alex Fout; Asa Ben‐Hur; Anderson, Chuck; Chitsaz, Hamidreza; Zhou, Wen",Digital Collections of Colorado (Colorado State University),F;N,harvest,L1,0,0,,,,,unrelated field,no,,,
,10.1146/annurev-astro-022823-040820,10.1146/annurev-astro-022823-040820,,https://openalex.org/W4379618690,Protoplanetary Disk Chemistry,2023,"Karin I. \""Oberg; Stefano Facchini; D. E. Anderson",arXiv (Cornell University),L,harvest,L1,0,0,,,,,unrelated field,no,,,
,10.1007/11541868_7,10.1007/11541868_7,,https://openalex.org/W1567380020,Proving Equalities in a Commutative Ring Done Right in Coq,2005,Benjamin Grégoire; Assia Mahboubi,Lecture notes in computer science,H,snowball,L1,0,0,,,,,Coq ring tactic,no,,,
,10.48550/arxiv.2006.05467,10.48550/arxiv.2006.05467,,https://openalex.org/W3104688113,Pruning neural networks without any data by iteratively conserving\n synaptic flow,2020,Hidenori Tanaka; Daniel Kunin; Daniel Yamins; Surya Ganguli,arXiv (Cornell University),N,harvest,L1,0,0,,,,,unrelated field,no,,,
,10.1016/s0166-218x(01)00341-9,10.1016/s0166-218x(01)00341-9,,https://openalex.org/W2074078071,Pseudo-Boolean optimization,2002,Endre Boros; Peter L. Hammer,Discrete Applied Mathematics,B,harvest,L1,0,0,,,,,irrelevant,no,,,
,10.1016/j.tcs.2010.12.059,10.1016/j.tcs.2010.12.059,,https://openalex.org/W2108794978,Pure exploration in finitely-armed and continuous-armed bandits,2010,Sébastien Bubeck; Rémi Munos; Gilles Stoltz,Theoretical Computer Science,K,harvest,L1,0,0,,,,,unrelated field,no,,,
,10.1093/molbev/msu249,10.1093/molbev/msu249,,https://openalex.org/W2167807908,"Purifying Selection on Splice-Related Motifs, Not Expression Level nor RNA Folding, Explains Nearly All Constraint on Human lincRNAs",2014,Andreas Schüler; Avazeh T. Ghanbarian; Laurence D. Hurst,Molecular Biology and Evolution,E,harvest,L1,0,0,,,,,unrelated field,no,,,
,10.1088/0953-8984/21/39/395502,10.1088/0953-8984/21/39/395502,,https://openalex.org/W2120145199,QUANTUM ESPRESSO: a modular and open-source software project for quantum simulations of materials,2009,Paolo Giannozzi; Stefano Baroni; Nicola Bonini; Matteo Calandra; Roberto Car; Carlo Cavazzoni,Journal of Physics Condensed Matter,A;F;L,harvest,L1,0,0,,,,,unrelated field,no,,,
,10.1142/s0219749903000383,10.1142/s0219749903000383,,https://openalex.org/W2020750044,QUANTUM WALKS AND THEIR ALGORITHMIC APPLICATIONS,2003,Andris Ambainis,International Journal of Quantum Information,K,snowball,L1,0,0,,,,,quantum walks review,no,,,
,10.1184/r1/6721193,10.1184/r1/6721193,,https://openalex.org/W2138707442,Quadric-Based Polygonal Surface Simplification,1999,Michael Garland,KiltHub Repository,E,harvest,L1,0,0,,,,,irrelevant,no,,,
,quantifyingtheinformativenessofsimilaritymeasurements,,,https://openalex.org/W2741401375,Quantifying the Informativeness of Similarity Measurements,2017,Austin J. Brockmeier; Tingting Mu; Sophia Ananiadou; John Y. Goulermas,Research Explorer (The University of Manchester),E,harvest,L1,0,0,,,,,irrelevant,no,,,
,10.1016/j.jeconom.2019.04.009,10.1016/j.jeconom.2019.04.009,,https://openalex.org/W2906202305,Quantiles via moments,2019,José A. F. Machado; João Santos Silva,Journal of Econometrics,K,harvest,L1,0,0,,,,,unrelated field,no,,,
,10.1021/acs.chemrev.9b00829,10.1021/acs.chemrev.9b00829,,https://openalex.org/W2999629616,Quantum Algorithms for Quantum Chemistry and Quantum Materials Science,2020,Bela Bauer; Sergey Bravyi; Mario Motta; Garnet Kin-Lic Chan,Chemical Reviews,A,snowball,L1,0,0,,,,,quantum chemistry algorithms,no,,,
,10.1021/acs.chemrev.5b00700,10.1021/acs.chemrev.5b00700,,https://openalex.org/W2294641594,Quantum Chemical Studies of Light Harvesting,2016,Carles Curutchet; Benedetta Mennucci,Chemical Reviews,K,harvest,L1,0,0,,,,,unrelated field,no,,,
,10.48550/arxiv.quant-ph/0001106,10.48550/arxiv.quant-ph/0001106,,https://openalex.org/W1508413598,Quantum Computation by Adiabatic Evolution,2000,Edward Farhi; Jeffrey Goldstone; Sam Gutmann; Michael Sipser,arXiv (Cornell University),K,snowball,L1,0,0,,,,,adiabatic quantum computation,no,,,
,10.1103/physrevlett.98.110503,10.1103/physrevlett.98.110503,,https://openalex.org/W2994531541,Quantum Computational Complexity of the N -Representability Problem: QMA Complete,2007,Yi-Kai Liu; Matthias Christandl; Frank Verstraete,Physical Review Letters,M,snowball,L1,0,0,,,,,N-representability QMA,no,,,
,10.1103/physrevlett.79.4709,10.1103/physrevlett.79.4709,,https://openalex.org/W1993118579,Quantum Computers Can Search Arbitrarily Large Databases by a Single Query,1997,Lov K. Grover,Physical Review Letters,K,snowball,L1,0,0,,,,,single-query search,no,,,
,10.48550/arxiv.2402.06455,10.48550/arxiv.2402.06455,,https://openalex.org/W4391766789,Quantum Computing and Tensor Networks for Laminate Design: A Novel Approach to Stacking Sequence Retrieval,2024,Arne Wulff; Boyang Chen; Matthew P. Steinberg; Yinglu Tang; Matthias Möller; Sebastian Feld,arXiv (Cornell University),M,harvest,L1,0,0,,,,,irrelevant,no,,,
,10.22331/q-2018-08-06-79,10.22331/q-2018-08-06-79,,https://openalex.org/W2781738013,Quantum Computing in the NISQ era and beyond,2018,John Preskill,Quantum,K,snowball,L1,0,0,,,,,NISQ perspective,no,,,
,10.1103/prxquantum.2.030322,10.1103/prxquantum.2.030322,,https://openalex.org/W3136025248,Quantum Computing with Circular Rydberg Atoms,2021,Sam R. Cohen; Jeff D. Thompson,PRX Quantum,J,harvest,L1,0,0,,,,,unrelated field,no,,,
,quantummachinelearningwhatquantumcomputingmeanstodatamining,,,https://openalex.org/W118877790,Quantum Machine Learning: What Quantum Computing Means to Data Mining,2014,Péter Wittek,,K,snowball,L1,0,0,,,,,quantum ML book,no,,,
,10.48550/arxiv.1806.04553,10.48550/arxiv.1806.04553,,https://openalex.org/W2807976428,Quantum Probability Estimation for Randomness with Quantum Side Information,2018,Emanuel Knill; Yanbao Zhang; Honghao Fu,arXiv (Cornell University),B,harvest,L1,0,0,,,,,unrelated field,no,,,
,10.48550/arxiv.0912.5537,10.48550/arxiv.0912.5537,,https://openalex.org/W1642488513,Quantum Reverse Shannon Theorem,2009,Charles H. Bennett; Igor Devetak; Aram W. Harrow; Peter W. Shor; Andreas Winter,arXiv (Cornell University),K,snowball,L1,0,0,,,,,unrelated field,no,,,
,10.1109/comst.2018.2882385,10.1109/comst.2018.2882385,,https://openalex.org/W2947173962,Quantum Search Algorithms for Wireless Communications,2018,Panagiotis Botsinis; Dimitrios Alanis; Zunaira Babar; Hung Viet Nguyen; Daryus Chandra; Soon Xin Ng,IEEE Communications Surveys & Tutorials,K,harvest,L1,0,0,,,,,unrelated field,no,,,
,10.1023/b:joss.0000037230.37166.42,10.1023/b:joss.0000037230.37166.42,,https://openalex.org/W2032269342,"Quantum Spin Chain, Toeplitz Determinants and the Fisher—Hartwig Conjecture",2004,Bai-Qi Jin; V. E. Korepin,Journal of Statistical Physics,M,snowball,L1,0,0,,,,,Toeplitz determinants spin chain,no,,,
,10.1007/s00220-006-0118-x,10.1007/s00220-006-0118-x,,https://openalex.org/W2005952170,Quantum State Merging and Negative Information,2006,Michał Horodecki; Jonathan Oppenheim; Andreas Winter,Communications in Mathematical Physics,K,snowball,L1,0,0,,,,,state merging,no,,,
,10.1137/s0097539705447311,10.1137/s0097539705447311,,https://openalex.org/W2058286540,Quantum Walk Algorithm for Element Distinctness,2007,Andris Ambainis,SIAM Journal on Computing,K,snowball,L1,0,0,,,,,element distinctness walk,no,,,
,10.1088/1475-7516/2007/03/012,10.1088/1475-7516/2007/03/012,,https://openalex.org/W2094165272,Quantum Zeno effect and the impact of flavour in leptogenesis,2007,Steve Blanchet; Pasquale Di Bari; Georg G. Raffelt,Journal of Cosmology and Astroparticle Physics,J,harvest,L1,0,0,,,,,irrelevant,no,,,
,10.1103/revmodphys.82.1,10.1103/revmodphys.82.1,,https://openalex.org/W1972883454,Quantum algorithms for algebraic problems,2010,Andrew M. Childs; Wim van Dam,Reviews of Modern Physics,K,snowball,L1,0,0,,,,,algebraic quantum algorithms,no,,,
,10.1103/physreva.68.042319,10.1103/physreva.68.042319,,https://openalex.org/W2963360541,Quantum computation with optical coherent states,2003,Timothy C. Ralph; Alexei Gilchrist; G. J. Milburn; William J. Munro; Scott Glancy,Physical Review A,J,snowball,L1,0,0,,,,,optical coherent state QC,no,,,
,10.1038/s41586-022-04725-x,10.1038/s41586-022-04725-x,,https://openalex.org/W4281891658,Quantum computational advantage with a programmable photonic processor,2022,Lars S. Madsen; Fabian Laudenbach; Mohsen Falamarzi. Askarani; Fabien Rortais; Trevor Vincent; Jacob F. F. Bulmer,Nature,K,harvest,L1,0,0,,,,,unrelated field,no,,,
,10.1098/rspa.1989.0099,10.1098/rspa.1989.0099,,https://openalex.org/W2101088258,Quantum computational networks,1989,David Deutsch,Proceedings of the Royal Society of London A Mathematical and Physical Sciences,K,snowball,L1,0,0,,,,,quantum networks,no,,,
,10.1088/0034-4885/61/2/002,10.1088/0034-4885/61/2/002,,https://openalex.org/W3037315640,Quantum computing,1998,Andrew Steane,Reports on Progress in Physics,K,harvest+snowball,L1,0,0,,,,,unrelated field,no,,,
,10.1007/jhep01(2015)073,10.1007/jhep01(2015)073,,https://openalex.org/W2037688119,Quantum extremal surfaces: holographic entanglement entropy beyond the classical regime,2015,Netta Engelhardt; Aron C. Wall,Journal of High Energy Physics,G,harvest,L1,0,0,,,,,unrelated field,no,,,
,10.4310/atmp.2000.v4.n1.a1,10.4310/atmp.2000.v4.n1.a1,,https://openalex.org/W2150054850,Quantum geometry of isolated horizons and black hole entropy,2000,Abhay Ashtekar; John C. Baez; Kirill Krasnov,Advances in Theoretical and Mathematical Physics,E,harvest,L1,0,0,,,,,unrelated field,no,,,
,10.1038/s41578-021-00306-y,10.1038/s41578-021-00306-y,,https://openalex.org/W3157873136,Quantum guidelines for solid-state spin defects,2021,Gary Wolfowicz; F. Joseph Heremans; Christopher P. Anderson; Shun Kanai; Hosung Seo; Ádám Gali,Nature Reviews Materials,K,harvest,L1,0,0,,,,,unrelated field,no,,,
,10.1145/502090.502097,10.1145/502090.502097,,https://openalex.org/W2122780600,Quantum lower bounds by polynomials,2001,Robert Beals; Harry Buhrman; Richard Cleve; Michele Mosca; Ronald de Wolf,Journal of the ACM,K,snowball,L1,0,0,,,,,unrelated field,no,,,
,10.1039/d2cs00203e,10.1039/d2cs00203e,,https://openalex.org/W4285802213,Quantum machine learning for chemistry and physics,2022,Manas Sajjan; Junxu Li; Raja Selvarajan; Shree Hari Sureshbabu; Sumit Suresh Kale; Rishabh Gupta,Chemical Society Reviews,K,harvest,L1,0,0,,,,,unrelated field,no,,,
,10.1098/rspa.2017.0551,10.1098/rspa.2017.0551,,https://openalex.org/W2736592352,Quantum machine learning: a classical perspective,2018,Carlo Ciliberto; Mark Herbster; Alessandro Davide Ialongo; Massimiliano Pontil; Andrea Rocchetto; Simone Severini,Proceedings of the Royal Society A Mathematical Physical and Engineering Sciences,K,snowball,L1,0,0,,,,,quantum machine learning,no,,,
,10.21468/scipostphys.12.5.157,10.21468/scipostphys.12.5.157,,https://openalex.org/W3202447927,Quantum minimal surfaces from quantum error correction,2022,Christopher Nelson Akers; Geoff Penington,SciPost Physics,E,harvest,L1,0,0,,,,,unrelated field,no,,,
,10.1103/physrevresearch.3.023153,10.1103/physrevresearch.3.023153,,https://openalex.org/W3012697779,Quantum noise protects quantum classifiers against adversaries,2021,Yuxuan Du; Min-Hsiu Hsieh; Tongliang Liu; Dacheng Tao; Nana Liu,Physical Review Research,K,harvest,L1,0,0,,,,,unrelated field,no,,,
,10.1103/physrevlett.65.976,10.1103/physrevlett.65.976,,https://openalex.org/W2046543975,Quantum nondemolition measurement of small photon numbers by Rydberg-atom phase-sensitive detection,1990,M. Brune; S. Haroche; Victor Lefèvre; J. M. Raimond; N. Zagury,Physical Review Letters,J,snowball,L1,0,0,,,,,QND photon counting,no,,,
,10.1103/physreva.59.1070,10.1103/physreva.59.1070,,https://openalex.org/W1974293884,Quantum nonlocality without entanglement,1999,Charles H. Bennett; David P. DiVincenzo; Christopher A. Fuchs; Tal Mor; Eric M. Rains; Peter W. Shor,Physical Review A,K,snowball,L1,0,0,,,,,irrelevant,no,,,
,10.1098/rstb.2004.1598,10.1098/rstb.2004.1598,,https://openalex.org/W2150075151,Quantum physics in neuroscience and psychology: a neurophysical model of mind–brain interaction,2005,Jeffrey M. Schwartz; Henry P. Stapp; Mario Beauregard,Philosophical Transactions of the Royal Society B Biological Sciences,J,snowball,L1,0,0,,,,,quantum mind model,no,,,
,10.1007/s11122-005-0002-x,10.1007/s11122-005-0002-x,,https://openalex.org/W2040211109,Quantum privacy and quantum wiretap channels,2004,Ning Cai; Andreas Winter; Raymond W. Yeung,Problems of Information Transmission,K,snowball,L1,0,0,,,,,wiretap channels,no,,,
,10.1103/physreva.67.052307,10.1103/physreva.67.052307,,https://openalex.org/W2025956887,Quantum random-walk search algorithm,2003,Neil Shenvi; Julia Kempe; K. Birgitta Whaley,Physical Review A,K,snowball,L1,0,0,,,,,quantum walk search,no,,,
,10.1103/revmodphys.95.045006,10.1103/revmodphys.95.045006,,https://openalex.org/W4389990376,Quantum repeaters: From quantum networks to the quantum internet,2023,Koji Azuma; Sophia E. Economou; David Elkouss; Paul Hilaire; Liang Jiang; Hoi‐Kwong Lo,Reviews of Modern Physics,J,harvest,L1,0,0,,,,,unrelated field,no,,,
,10.1103/revmodphys.91.025001,10.1103/revmodphys.91.025001,,https://openalex.org/W2808319042,Quantum resource theories,2019,Eric Chitambar; Gilad Gour,Reviews of Modern Physics,E,snowball,L1,0,0,,,,,resource theories,no,,,
,10.1007/s10994-012-5316-5,10.1007/s10994-012-5316-5,,https://openalex.org/W2031056773,Quantum speed-up for unsupervised learning,2012,Esma Aı̈meur; Gilles Brassard; Sébastien Gambs,Machine Learning,K,harvest,L1,0,0,,,,,unrelated field,no,,,
,10.1103/revmodphys.89.025003,10.1103/revmodphys.89.025003,,https://openalex.org/W2479153330,Quantum spin liquid states,2017,Yi Zhou; Kazushi Kanoda; Tai-Kai Ng,Reviews of Modern Physics,M,snowball,L1,0,0,,,,,spin liquids,no,,,
,10.1103/physreva.40.4277,10.1103/physreva.40.4277,,https://openalex.org/W2062292260,Quantum states with Einstein-Podolsky-Rosen correlations admitting a hidden-variable model,1989,Reinhard F. Werner,Physical Review A,M,snowball,L1,0,0,,,,,Werner states,no,,,
,10.1098/rspa.1985.0070,10.1098/rspa.1985.0070,,https://openalex.org/W2148132004,"Quantum theory, the Church–Turing principle and the universal quantum computer",1985,David Deutsch,Proceedings of the Royal Society of London A Mathematical and Physical Sciences,K,snowball,L1,0,0,,,,,universal quantum computer,no,,,
,10.1080/00107514.2016.1201896,10.1080/00107514.2016.1201896,,https://openalex.org/W3037464230,Quantum thermodynamics,2016,Sai Vinjanampathy; Janet Anders,Contemporary Physics,E,snowball,L1,0,0,,,,,quantum thermodynamics,no,,,
,quantumtransportandcontrolofatomicmotionwithlight,,,https://openalex.org/W1736169078,Quantum transport and control of atomic motion with light,2004,Braulio Gutiérrez–Medina,Texas ScholarWorks (Texas Digital Library),J,harvest,L1,0,0,,,,,irrelevant,no,,,
,10.1145/276698.276713,10.1145/276698.276713,,https://openalex.org/W2086290259,Quantum vs. classical communication and computation,1998,Harry Buhrman; Richard Cleve; Avi Wigderson,,K,snowball,L1,0,0,,,,,quantum communication complexity,no,,,
,10.1103/physreva.72.032317,10.1103/physreva.72.032317,,https://openalex.org/W1970986702,"Quantum, classical, and total amount of correlations in a quantum state",2005,Berry Groisman; Sandu Popescu; Andreas Winter,Physical Review A,K,snowball,L1,0,0,,,,,correlations in states,no,,,
,10.1103/physrevresearch.5.033141,10.1103/physrevresearch.5.033141,,https://openalex.org/W4386284671,Quantum-classical eigensolver using multiscale entanglement renormalization,2023,Qiang Miao; Thomas Barthel,Physical Review Research,A,harvest,L1,0,0,,,,,unrelated field,no,,,
,10.1103/revmodphys.90.035006,10.1103/revmodphys.90.035006,,https://openalex.org/W2582012066,Quantum-enhanced measurements without entanglement,2018,Daniel Braun; Gerardo Adesso; Fabio Benatti; Roberto Floreanini; Ugo Marzolino; Morgan W. Mitchell,Reviews of Modern Physics,K,harvest,L1,0,0,,,,,unrelated field,no,,,
,10.1038/s41534-021-00443-w,10.1038/s41534-021-00443-w,,https://openalex.org/W3137771865,Quantum-inspired machine learning on high-energy physics data,2021,Timo Felser; Marco Trenti; L. Sestini; A. Gianelle; D. Zuliani; D. Lucchesi,Padua Research Archive (University of Padova),A,harvest,L1,0,0,,,,,unrelated field,no,,,
,10.1103/physreve.106.035208,10.1103/physreve.106.035208,,https://openalex.org/W4281569467,Quantum-inspired method for solving the Vlasov-Poisson equations,2022,Erika Ye; Nuno Loureiro,Physical review. E,A,harvest,L1,0,0,,,,,irrelevant,no,,,
,10.1002/lpor.200810055,10.1002/lpor.200810055,,https://openalex.org/W2065499715,Quantum‐optical analogies using photonic structures,2008,Stefano Longhi,Laser & Photonics Review,J,snowball,L1,0,0,,,,,irrelevant,no,,,
,10.1090/s0894-0347-97-00238-5,10.1090/s0894-0347-97-00238-5,,https://openalex.org/W1599824202,Quasi-flats and rigidity in higher rank symmetric spaces,1997,Alex Eskin; Benson Farb,Journal of the American Mathematical Society,E,harvest,L1,0,0,,,,,unrelated field,no,,,
,10.48550/arxiv.2205.11693,10.48550/arxiv.2205.11693,,https://openalex.org/W4281564670,RCC-GAN: Regularized Compound Conditional GAN for Large-Scale Tabular Data Synthesis,2022,Mohammad Esmaeilpour; Nourhene Chaalia; Adel Abusitta; François-Xavier Devailly; Wissem Maazoun; Patrick Cardinal,arXiv (Cornell University),N,harvest,L1,0,0,,,,,unrelated field,no,,,
,10.7275/1670203,10.7275/1670203,,https://openalex.org/W1495005639,Racial Inequality and Affirmative Action in Malaysia and South Africa,2022,Hwok‐Aun Lee,Scholarworks (University of Massachusetts Amherst),H,harvest,L1,0,0,,,,,unrelated field,no,,,
,10.1007/978-3-642-25385-0_3,10.1007/978-3-642-25385-0_3,,https://openalex.org/W1480477462,Random Oracles in a Quantum World,2011,Dan Boneh; Özgür Dagdelen; Marc Fischlin; Anja Lehmann; Christian Schaffner; Mark Zhandry,Lecture notes in computer science,K,snowball,L1,0,0,,,,,quantum random oracles,no,,,
,10.1111/rssb.12228,10.1111/rssb.12228,,https://openalex.org/W2105234758,Random-projection Ensemble Classification,2017,Timothy I. Cannings; Richard J. Samworth,Journal of the Royal Statistical Society Series B (Statistical Methodology),C;I,harvest,L1,0,0,,,,,unrelated field,no,,,
,10.1098/rspa.1992.0167,10.1098/rspa.1992.0167,,https://openalex.org/W2050334794,Rapid solution of problems by quantum computation,1992,David Deutsch; Richard Jozsa,Proceedings of the Royal Society of London Series A Mathematical and Physical Sciences,K,snowball,L1,0,0,,,,,Deutsch-Jozsa,no,,,
,reachabilityanalysisanditsapplicationtothesafetyassessmentofautonomouscars,,,https://openalex.org/W2750147881,Reachability Analysis and its Application to the Safety Assessment of Autonomous Cars,2010,Matthias Althoff,mediaTUM – the media and publications repository of the Technical University Munich (Technical University Munich),H,harvest,L1,0,0,,,,,unrelated field,no,,,
,10.1103/revmodphys.62.251,10.1103/revmodphys.62.251,,https://openalex.org/W2092144432,Reaction-rate theory: fifty years after Kramers,1990,Peter Hänggi; Peter Talkner; Michal Borkovec,Reviews of Modern Physics,C,harvest,L1,0,0,,,,,irrelevant,no,,,
,10.22028/d291-25990,10.22028/d291-25990,,https://openalex.org/W1511166374,Real root isolation for exact and approximate polynomials using descartes' rule of signs,2008,Arno Eigenwillig,Max Planck Institute for Plasma Physics,B,harvest,L1,0,0,,,,,unrelated field,no,,,
,10.48550/arxiv.2004.10977,10.48550/arxiv.2004.10977,,https://openalex.org/W3018934906,Real-time Detection of Clustered Events in Video-imaging data with Applications to Additive Manufacturing,2020,Hao Yan; Marco Grasso; Kamran Paynabar; Bianca Maria Colosimo,arXiv (Cornell University),B,harvest,L1,0,0,,,,,irrelevant,no,,,
,10.1126/science.abg1919,10.1126/science.abg1919,,https://openalex.org/W3127491185,Realization of a multinode quantum network of remote solid-state qubits,2021,M. Pompili; S. L. N. Hermans; S. Baier; H. K. C. Beukers; P. C. Humphreys; R. N. Schouten,Science,K,harvest,L1,0,0,,,,,unrelated field,no,,,
,10.1016/j.ast.2025.110102,10.1016/j.ast.2025.110102,,https://openalex.org/W4407959015,"Recent advancements in morphing applications: Architecture, artificial intelligence integration, challenges, and future trends-a comprehensive survey",2025,Md. Najmul Mowla; Davood Asadi; Tahir Durhasan; Javad Rashid Jafari; Mohammadreza Amoozgar,Aerospace Science and Technology,J,harvest,L1,0,0,,,,,unrelated field,no,,,
,10.1038/s41524-019-0221-0,10.1038/s41524-019-0221-0,,https://openalex.org/W2968923792,Recent advances and applications of machine learning in solid-state materials science,2019,Jonathan Schmidt; Mário R. G. Marques; Silvana Botti; Miguel A. L. Marques,npj Computational Materials,G,harvest,L1,0,0,,,,,unrelated field,no,,,
,10.1088/0031-9155/50/4/r01,10.1088/0031-9155/50/4/r01,,https://openalex.org/W2069009977,Recent advances in diffuse optical imaging,2005,Adam Gibson; Jeremy C. Hebden; Simon Arridge,Physics in Medicine and Biology,J,harvest,L1,0,0,,,,,unrelated field,no,,,
,10.1002/mrm.22365,10.1002/mrm.22365,,https://openalex.org/W2019737946,Reconstruction of the orientation distribution function in single‐ and multiple‐shell q‐ball imaging within constant solid angle,2010,Iman Aganj; Christophe Lenglet; Guillermo Sapiro; Essa Yacoub; Kǎmil Uǧurbil; Noam Harel,Magnetic Resonance in Medicine,C;D,harvest,L1,0,0,,,,,Diffusion MRI orientation distribution reconstruction; irrelevant,no,,,
,10.1007/978-3-662-49896-5_20,10.1007/978-3-662-49896-5_20,,https://openalex.org/W2480523195,Recovering Short Generators of Principal Ideals in Cyclotomic Rings,2016,Ronald Cramer; Léo Ducas; Chris Peikert; Oded Regev,Lecture notes in computer science,B,harvest,L1,0,0,,,,,irrelevant,no,,,
,10.31083/j.fbl2704128,10.31083/j.fbl2704128,,https://openalex.org/W4224228352,Recruitment: A Problem of Entangled Temporal Parts,2022,Gustavo Caetano‐Anollés; M. Fayez Aziz; Fizza Mughal; İbrahim Koç; Kelsey Caetano-Anollés; Derek Caetano-Anollés,Frontiers in Bioscience-Landmark,A,harvest,L1,0,0,,,,,unrelated field,no,,,
,10.48550/arxiv.math/0408171,10.48550/arxiv.math/0408171,,https://openalex.org/W2952277453,Reductions of Young tableau bijections,2004,Igor Pak; Ernesto Vallejo,arXiv (Cornell University),F,harvest,L1,0,0,,,,,unrelated field,no,,,
,10.1088/0266-5611/25/8/085011,10.1088/0266-5611/25/8/085011,,https://openalex.org/W2026132654,Regularization with non-convex separable constraints,2009,Kristian Bredies; Dirk A. Lorenz,Inverse Problems,A,snowball,L1,0,0,,,,,unrelated field,no,,,
,10.1613/jair.301,10.1613/jair.301,,https://openalex.org/W2107726111,Reinforcement Learning: A Survey,1996,Leslie Pack Kaelbling; Michael L. Littman; Andrew Moore,Journal of Artificial Intelligence Research,F,harvest,L1,0,0,,,,,unrelated field,no,,,
,10.1029/1999tc001141,10.1029/1999tc001141,,https://openalex.org/W2134314564,"Relations between hinterland and foreland shortening: Sevier orogeny, central North American Cordillera",2000,Wanda J. Taylor; John M. Bartley; Mark W. Martin; J. W. Geissman; J. Douglas Walker; Phillip A. Armstrong,Tectonics,E,harvest,L1,0,0,,,,,irrelevant,no,,,
,10.1137/0210008,10.1137/0210008,,https://openalex.org/W2062767125,"Relative to a Random Oracle A , ${\bf P}^A \ne {\bf NP}^A \ne \text{co-}{\bf NP}^A $ with Probability 1",1981,Charles H. Bennett; John Gill,SIAM Journal on Computing,K,snowball,L1,0,0,,,,,random oracle separation,no,,,
,10.1016/j.neuroimage.2011.07.072,10.1016/j.neuroimage.2011.07.072,,https://openalex.org/W1994316175,Remembering forward: Neural correlates of memory and prediction in human motor adaptation,2011,Robert A. Scheidt; Janice L. Zimbelman; Nicole Salowitz; Aaron J. Suminski; Kristine M. Mosier; J Houk,NeuroImage,B,harvest,L1,0,0,,,,,irrelevant,no,,,
,10.6028/nist.ir.8105,10.6028/nist.ir.8105,,https://openalex.org/W2895182117,Report on Post-Quantum Cryptography,2016,Lily Chen; Stephen P. Jordan; Yi-Kai Liu; Dustin Moody; René Peralta; Ray Perlner,,K,snowball,L1,0,0,,,,,post-quantum crypto,no,,,
,10.1145/3588433,10.1145/3588433,,https://openalex.org/W4327743697,Representation Bias in Data: A Survey on Identification and Resolution Techniques,2023,Nima Shahbazi; Lin Yin; Abolfazl Asudeh; H. V. Jagadish,ACM Computing Surveys,B,harvest,L1,0,0,,,,,irrelevant,no,,,
,10.1016/j.acha.2021.02.004,10.1016/j.acha.2021.02.004,,https://openalex.org/W2887603774,Reproducing kernel Hilbert space compactification of unitary evolution groups,2021,Suddhasattwa Das; Dimitrios Giannakis; Joanna Slawinska,Applied and Computational Harmonic Analysis,E,harvest,L1,0,0,,,,,unrelated field,no,,,
,10.1038/nature10942,10.1038/nature10942,,https://openalex.org/W2122172939,Resonant quantum transitions in trapped antihydrogen atoms,2012,C. Amole; M. D. Ashkezari; M. Baquero-Ruiz; W. Bertsche; P. D. Bowe; E. Butler,Nature,J,harvest,L1,0,0,,,,,unrelated field,no,,,
,10.1086/424914,10.1086/424914,,https://openalex.org/W1970170972,Response of Dark Matter Halos to Condensation of Baryons: Cosmological Simulations and Improved Adiabatic Contraction Model,2004,Oleg Y. Gnedin; Andrey V. Kravtsov; Anatoly Klypin; Daisuke Nagai,The Astrophysical Journal,L,harvest,L1,0,0,,,,,unrelated field,no,,,
,10.1371/journal.pone.0241364,10.1371/journal.pone.0241364,,https://openalex.org/W3095898357,Restricted cubic splines for modelling periodic data,2020,Lara Lusa; Črt Ahlin,PLoS ONE,J,harvest,L1,0,0,,,,,unrelated field,no,,,
,10.1007/s42064-022-0142-4,10.1007/s42064-022-0142-4,,https://openalex.org/W4284958490,Review of attitude consensus of multiple spacecraft,2022,Ti Chen; Jinjun Shan; Hao Wen; Shidong Xu,Astrodynamics,J,harvest,L1,0,0,,,,,unrelated field,no,,,
,10.1186/s40537-021-00444-8,10.1186/s40537-021-00444-8,,https://openalex.org/W3140854437,"Review of deep learning: concepts, CNN architectures, challenges, applications, future directions",2021,Laith Alzubaidi; Jinglan Zhang; Amjad J. Humaidi; Ayad Q. Al-Dujaili; Ye Duan; Omran Al-Shamma,Journal Of Big Data,F,harvest,L1,0,0,,,,,unrelated field,no,,,
,10.1186/1743-0003-5-25,10.1186/1743-0003-5-25,,https://openalex.org/W2127786259,Review on solving the inverse problem in EEG source analysis,2008,Roberta Grech; Tracey Cassar; Joseph Muscat; Kenneth P Camilleri; Simon G. Fabri; Michalis Zervakis,Journal of NeuroEngineering and Rehabilitation,C;M,harvest,L1,0,0,,,,,irrelevant,no,,,
,10.1093/rof/rfv018,10.1093/rof/rfv018,,https://openalex.org/W2311049100,Revisiting the Risk-Neutral Approach to Optimal Policyholder Behavior: A Study of Withdrawal Guarantees in Variable Annuities,2015,Thorsten Moenig; Daniel J. Bauer,European Finance Review,B,harvest,L1,0,0,,,,,irrelevant,no,,,
,10.4007/annals.2009.169.903,10.4007/annals.2009.169.903,,https://openalex.org/W1968781546,Ricci curvature for metric-measure spaces via optimal transport,2009,John Lott; Cédric Villani,Annals of Mathematics,E,harvest,L1,0,0,,,,,unrelated field,no,,,
,10.1088/1367-2630/aa5cff,10.1088/1367-2630/aa5cff,,https://openalex.org/W2234783196,Rigidity of quantum steering and one-sided device-independent verifiable quantum computation,2017,Alexandru Gheorghiu; Petros Wallden; Elham Kashefi,New Journal of Physics,K,harvest,L1,0,0,,,,,unrelated field,no,,,
,10.1145/2885493,10.1145/2885493,,https://openalex.org/W2535210057,Robust Protocols for Securely Expanding Randomness and Distributing Keys Using Untrusted Quantum Devices,2016,Carl A. Miller; Yaoyun Shi,Journal of the ACM,E,snowball,L1,0,0,,,,,randomness expansion,no,,,
,10.1126/science.add2187,10.1126/science.add2187,,https://openalex.org/W4296032638,Robust deep learning–based protein sequence design using ProteinMPNN,2022,Justas Dauparas; Ivan Anishchenko; Nathaniel R. Bennett; Hua Bai; Robert J. Ragotte; Lukas F. Milles,Science,E,harvest,L1,0,0,,,,,unrelated field,no,,,
,10.1145/2591796.2591843,10.1145/2591796.2591843,,https://openalex.org/W2149974280,Robust protocols for securely expanding randomness and distributing keys using untrusted quantum devices,2014,Carl A. Miller; Yaoyun Shi,,E,snowball,L1,0,0,,,,,randomness expansion,no,,,
,10.1038/s41565-020-0719-0,10.1038/s41565-020-0719-0,,https://openalex.org/W3037346400,Role of nanoscale antigen organization on B-cell activation probed using DNA origami,2020,Rémi Veneziano; Tyson J. Moyer; Matthew B. Stone; Eike‐Christian Wamhoff; Benjamin J. Read; Sayak Mukherjee,Nature Nanotechnology,E,harvest,L1,0,0,,,,,unrelated field,no,,,
,10.14288/1.0343418,10.14288/1.0343418,,https://openalex.org/W2399087627,SAT modulo monotonic theories,2017,Sam Bayless,cIRcle (University of British Columbia),E,harvest,L1,0,0,,,,,unrelated field,no,,,
,10.1107/s1600576716008074,10.1107/s1600576716008074,,https://openalex.org/W2223956994,SHARP: a distributed GPU-based ptychographic solver,2016,Stefano Marchesini; Hari Krishnan; Benedikt J. Daurer; David A. Shapiro; Talita Perciano; James A. Sethian,Journal of Applied Crystallography,I,harvest,L1,0,0,,,,,unrelated field,no,,,
,10.1016/j.cja.2021.10.024,10.1016/j.cja.2021.10.024,,https://openalex.org/W3215652957,SINS/GNSS integrated navigation system based on maximum versoria filter,2021,Chunhui Zhao; Zhenyu Yang; Xiaoran Cheng; Jinwen Hu; Xiaolei Hou,Chinese Journal of Aeronautics,K,harvest,L1,0,0,,,,,unrelated field,no,,,
,10.3390/app16042113,10.3390/app16042113,,https://openalex.org/W7130942809,SQ-LoRA: Memory-Efficient Language Model Compression Through Stable-Rank-Guided Quantization for Edge Computing Applications,2026,Bayat Toksöz; Gültekin Işık,Applied Sciences,N,harvest,L1,0,0,,,,,unrelated field,no,,,
,10.1088/0004-637x/695/2/1210,10.1088/0004-637x/695/2/1210,,https://openalex.org/W2092432865,STELLAR MASS DEPENDENT DISK DISPERSAL,2009,Grant M. Kennedy; Scott J. Kenyon,The Astrophysical Journal,L,harvest,L1,0,0,,,,,unrelated field,no,,,
,10.1080/01431168608948944,10.1080/01431168608948944,,https://openalex.org/W2141720560,Satellite remote sensing of primary production,1986,Compton J. Tucker; P. J. Sellers,International Journal of Remote Sensing,G,harvest,L1,0,0,,,,,unrelated field,no,,,
,10.1080/10586458.2021.1983489,10.1080/10586458.2021.1983489,,https://openalex.org/W3217786894,Schemes in Lean,2021,Kevin Buzzard; Chris Hughes; Kenny Lau; Amelia Livingston; Ramon Fernández Mir; Scott Morrison,Experimental Mathematics,H,snowball,L1,0,0,,,,,Lean schemes,no,,,
,10.48550/arxiv.2305.17118,10.48550/arxiv.2305.17118,,https://openalex.org/W4378718572,Scissorhands: Exploiting the Persistence of Importance Hypothesis for LLM KV Cache Compression at Test Time,2023,Zichang Liu; Aditya Desai; Fangshuo Liao; Weitao Wang; Victor Xie; Zhaozhuo Xu,arXiv (Cornell University),N,harvest,L1,0,0,,,,,unrelated field,no,,,
,10.1137/090745854,10.1137/090745854,,https://openalex.org/W2006096862,Search via Quantum Walk,2011,Frédéric Magniez; Ashwin Nayak; Jérémie Roland; Miklós Sántha,SIAM Journal on Computing,K,snowball,L1,0,0,,,,,irrelevant,no,,,
,10.1109/proc.1986.13459,10.1109/proc.1986.13459,,https://openalex.org/W2048951487,Seismic borehole tomography—Theory and computational methods,1986,Sven Ivansson,Proceedings of the IEEE,I,snowball,L1,0,0,,,,,seismic tomography,no,,,
,10.1016/j.engstruct.2018.02.024,10.1016/j.engstruct.2018.02.024,,https://openalex.org/W2789135478,Seismic fragility analysis with artificial neural networks: Application to nuclear power plant equipment,2018,Zhiyi Wang; Nicola Pedroni; Irmela Zentner; Enrico Zio,Engineering Structures,C,harvest,L1,0,0,,,,,irrelevant,no,,,
,10.7551/mitpress/9780262033589.001.0001,10.7551/mitpress/9780262033589.001.0001,,https://openalex.org/W1479807131,Semi-Supervised Learning,2006,"Olivier Chapelle; Schölkopf, Bernhard 1968-; Alexander Zien",The MIT Press eBooks,C;G,harvest,L1,0,0,,,,,irrelevant,no,,,
,10.1214/aos/1176325382,10.1214/aos/1176325382,,https://openalex.org/W2086736386,Semiparametric Analysis of Long-Memory Time Series,1994,Peter M. Robinson,The Annals of Statistics,B,harvest,L1,0,0,,,,,irrelevant,no,,,
,10.1103/physreva.56.131,10.1103/physreva.56.131,,https://openalex.org/W2001619599,Sending classical information via noisy quantum channels,1997,Benjamin Schumacher; Michael Westmoreland,Physical Review A,K,snowball,L1,0,0,,,,,classical capacity,no,,,
,10.1016/j.cma.2019.112762,10.1016/j.cma.2019.112762,,https://openalex.org/W2994823220,Sensitivity analysis of a strongly-coupled human-based electromechanical cardiac model: Effect of mechanical parameters on physiologically relevant biomarkers,2019,Francesc Levrero-Florencio; Francesca Margara; Ernesto Zacur; Alfonso Bueno‐Orovio; Zhinuo Jenny Wang; Alfonso Santiago,Computer Methods in Applied Mechanics and Engineering,E,harvest,L1,0,0,,,,,unrelated field,no,,,
,10.18653/v1/p19-2057,10.18653/v1/p19-2057,,https://openalex.org/W2950856799,Sentiment Classification Using Document Embeddings Trained with Cosine Similarity,2019,Tan Thongtan; Tanasanee Phienthrakul,,C,harvest,L1,0,0,,,,,irrelevant,no,,,
,settheoryandlogic,,,https://openalex.org/W1492228160,Set theory and logic,1963,R. R. Stoll,CERN Document Server (European Organization for Nuclear Research),I,snowball,L1,0,0,,,,,set theory text,no,,,
,10.1007/s43684-023-00060-8,10.1007/s43684-023-00060-8,,https://openalex.org/W4391685200,Shapley value: from cooperative game to explainable artificial intelligence,2024,Meng Li; Hengyang Sun; Yanjun Huang; Hong Chen,Autonomous Intelligent Systems,B,harvest,L1,0,0,,,,,irrelevant,no,,,
,10.2307/2155203,10.2307/2155203,,https://openalex.org/W4234158012,"Sharp Inequalities, the Functional Determinant, and the Complementary Series",1995,Thomas Branson,Transactions of the American Mathematical Society,D,harvest,L1,0,0,,,,,Functional determinants and sharp conformal inequalities on manifolds; irrelevant,no,,,
,10.1090/s0894-0347-03-00421-1,10.1090/s0894-0347-03-00421-1,,https://openalex.org/W1612143154,Sharp global well-posedness for KdV and modified KdV on ℝ and 𝕋,2003,J. Colliander; M. Keel; Gigliola Staffilani; Hideo Takaoka; Terence Tao,Journal of the American Mathematical Society,D,harvest,L1,0,0,,,,,Global well-posedness of KdV via multilinear harmonic analysis; irrelevant,no,,,
,10.1090/s0002-9947-1995-1316845-2,10.1090/s0002-9947-1995-1316845-2,,https://openalex.org/W2015075433,"Sharp inequalities, the functional determinant, and the complementary series",1995,Thomas Branson,Transactions of the American Mathematical Society,C,harvest,L1,0,0,,,,,Functional determinants and sharp conformal inequalities on manifolds; irrelevant,no,,,
,10.1523/jneurosci.15-01-00030.1995,10.1523/jneurosci.15-01-00030.1995,,https://openalex.org/W1955575446,Sharp wave-associated high-frequency oscillation (200 Hz) in the intact hippocampus: network and intracellular mechanisms,1995,Aarne Ylinen; Anatol Bragin; Zoltán Nádasdy; Gábor Jandó; Imre Szabó; Attila Sı́k,Journal of Neuroscience,I,harvest,L1,0,0,,,,,unrelated field,no,,,
,10.1103/physrevmaterials.4.113802,10.1103/physrevmaterials.4.113802,,https://openalex.org/W3095420496,Short-range order in face-centered cubic VCoNi alloys,2020,Tatiana Kostiuchenko; A. V. Ruban; Jörg Neugebauer; Alexander V. Shapeev; Fritz Körmann,Physical Review Materials,A,snowball,L1,0,0,,,,,alloy short-range order,no,,,
,10.1140/epjd/e2020-100571-8,10.1140/epjd/e2020-100571-8,,https://openalex.org/W2989469896,Simulating lattice gauge theories within quantum technologies,2020,Mari Carmen Bañuls; Rainer Blatt; Jacopo Catani; Alessio Celi; Juan Ignacio Cirac; Marcello Dalmonte,The European Physical Journal D,J,harvest,L1,0,0,,,,,irrelevant,no,,,
,simulatingnonmarkovianopenquantumdynamicsbyexploitingphysicsinformedneuralnetwork,,,https://openalex.org/W7134860341,Simulating non-Markovian open quantum dynamics by exploiting physics-informed neural network,2026,Long Cao; Liwei Ge; Daochi Zhang; Yao Wang; Rui-Xue Xu; YiJing Yan,arXiv (Cornell University),A,harvest,L1,0,0,,,,,unrelated field,no,,,
,10.1007/bf02650179,10.1007/bf02650179,,https://openalex.org/W2179731956,Simulating physics with computers,1982,Richard P. Feynman,International Journal of Theoretical Physics,K,snowball,L1,0,0,,,,,Feynman simulation,no,,,
,10.1103/x5xg-whh1,10.1103/x5xg-whh1,,https://openalex.org/W7155168584,Simulating quantum turbulence with matrix-product states,2026,Felipe Gómez-Lozada; Nicolas Perico-García; Nikita Gourianov; Hayder Salman; J. J. Mendoza‐Arenas,Physical Review Applied,M,harvest,L1,0,0,,,,,irrelevant,no,,,
,10.1155/2008/823695,10.1155/2008/823695,,https://openalex.org/W2025451117,Simultaneous Eye Tracking and Blink Detection with Interactive Particle Filters,2007,Junwen Wu; Mohan M. Trivedi,EURASIP Journal on Advances in Signal Processing,B,harvest,L1,0,0,,,,,irrelevant,no,,,
,10.1007/978-981-19-9722-8,10.1007/978-981-19-9722-8,,https://openalex.org/W4318483302,Sine Cosine Algorithm for Optimization,2023,Jagdish Chand Bansal; Prathu Bajpai; Anjali Rawat; Atulya K. Nagar,SpringerBriefs in applied sciences and technology,G,harvest,L1,0,0,,,,,irrelevant,no,,,
,10.7554/elife.49424,10.7554/elife.49424,,https://openalex.org/W2982239238,Single-cell transcriptomes and whole-brain projections of serotonin neurons in the mouse dorsal and median raphe nuclei,2019,Jing Ren; Alina Isakova; Drew Friedmann; Jiawei Zeng; Sophie M. Grutzner; Albert Pun,eLife,C,harvest,L1,0,0,,,,,unrelated field,no,,,
,10.1073/pnas.96.7.3670,10.1073/pnas.96.7.3670,,https://openalex.org/W1964790454,Single-pair fluorescence resonance energy transfer on freely diffusing molecules: Observation of Förster distance dependence and subpopulations,1999,Ashok A. Deniz; Maxime Dahan; Jocelyn R. Grunwell; Taekjip Ha; Ann Elise Faulhaber; Daniel S. Chemla,Proceedings of the National Academy of Sciences,E,harvest,L1,0,0,,,,,unrelated field,no,,,
,10.48550/arxiv.0912.4495,10.48550/arxiv.0912.4495,,https://openalex.org/W1539221996,Single-shot Quantum State Merging,2009,Mario Berta,arXiv (Cornell University),E,snowball,L1,0,0,,,,,one-shot state merging,no,,,
,10.1002/mrm.21391,10.1002/mrm.21391,,https://openalex.org/W2101675075,Sparse MRI: The application of compressed sensing for rapid MR imaging,2007,Michael Lustig; David L. Donoho; John M. Pauly,Magnetic Resonance in Medicine,C,harvest,L1,0,0,,,,,irrelevant,no,,,
,10.1103/physreva.70.022314,10.1103/physreva.70.022314,,https://openalex.org/W2040927484,Spatial search by quantum walk,2004,Andrew M. Childs; Jeffrey Goldstone,Physical Review A,K,snowball,L1,0,0,,,,,quantum walk spatial search,no,,,
,10.1016/j.crmeth.2022.100243,10.1016/j.crmeth.2022.100243,,https://openalex.org/W4286884886,Spectral fiber photometry derives hemoglobin concentration changes for accurate measurement of fluorescent sensor activity,2022,Weiting Zhang; Tzu-Hao Harry Chao; Yue Yang; Tzu‐Wen Wang; Sung-Ho Lee; Esteban A. Oyarzabal,Cell Reports Methods,J,harvest,L1,0,0,,,,,unrelated field,no,,,
,10.1088/0034-4885/78/10/104501,10.1088/0034-4885/78/10/104501,,https://openalex.org/W2104281856,Spin-polarized supercurrents for spintronics: a review of current progress,2015,Matthias Eschrig,Reports on Progress in Physics,G,harvest,L1,0,0,,,,,unrelated field,no,,,
,10.1109/tpwrs.2026.3674752,10.1109/tpwrs.2026.3674752,,https://openalex.org/W7137810766,Stability Analysis of Power-Electronics-Dominated Grids Using Scaled Relative Graphs,2026,Eder Baron-Prada; Adolfo Anta; Florian Dörfler,IEEE Transactions on Power Systems,D,snowball,L1,0,0,,,,,power grid stability,no,,,
,10.7907/rzr7-dt72.,10.7907/rzr7-dt72.,,https://openalex.org/W1839785972,Stabilizer Codes and Quantum Error Correction,1997,Daniel Gottesman,,K,snowball,L1,0,0,,,,,unrelated field,no,,,
,10.48550/arxiv.2207.08243,10.48550/arxiv.2207.08243,,https://openalex.org/W4286233399,Stable bipolarons in open quantum systems,2022,Mattia Moroder; M. Grundner; François Damanet; Ulrich Schollwöck; Sam Mardazad; Stuart Flannigan,arXiv (Cornell University),M,harvest,L1,0,0,,,,,unrelated field,no,,,
,10.6028/nist.ir.8413,10.6028/nist.ir.8413,,https://openalex.org/W4226075590,Status report on the third round of the NIST Post-Quantum Cryptography Standardization process,2022,Gorjan Alagic; Daniel Apon; David A. Cooper; Quynh Dang; Thinh Dang; John Kelsey,,K,harvest,L1,0,0,,,,,unrelated field,no,,,
,10.6028/nist.ir.8413-upd1,10.6028/nist.ir.8413-upd1,,https://openalex.org/W4296842505,Status report on the third round of the NIST Post-Quantum Cryptography Standardization process,2022,Gorjan Alagic; Daniel Apon; David A. Cooper; Quynh Dang; Thinh Dang; John Kelsey,,K,harvest,L1,0,0,,,,,unrelated field,no,,,
,10.1103/physrevb.88.045132,10.1103/physrevb.88.045132,,https://openalex.org/W1966101125,Steady-state and quench-dependent relaxation of a quantum dot coupled to one-dimensional leads,2013,M. C. Nuss; Martin Ganahl; Hans Gerd Evertz; Enrico Arrigoni; Wolfgang von der Linden,Physical Review B,M,harvest,L1,0,0,,,,,unrelated field,no,,,
,10.1038/ncomms6757,10.1038/ncomms6757,,https://openalex.org/W2013152100,Steric engineering of metal-halide perovskites with tunable optical band gaps,2014,Marina R. Filip; Giles E. Eperon; Henry J. Snaith; Feliciano Giustino,Nature Communications,D,harvest,L1,0,0,,,,,unrelated field,no,,,
,10.1103/physrevd.64.023501,10.1103/physrevd.64.023501,,https://openalex.org/W2020336568,"Sterile neutrino hot, warm, and cold dark matter",2001,Kevork N. Abazajian; George M. Fuller; Mitesh Patel,"Physical review. D. Particles, fields, gravitation, and cosmology/Physical review. D. Particles and fields",J,snowball,L1,0,0,,,,,unrelated field,no,,,
,10.48550/arxiv.2305.08842,10.48550/arxiv.2305.08842,,https://openalex.org/W4376654479,Straightening Out the Straight-Through Estimator: Overcoming Optimization Challenges in Vector Quantized Networks,2023,Minyoung Huh; Brian Cheung; Pulkit Agrawal; Phillip Isola,arXiv (Cornell University),N,harvest,L1,0,0,,,,,unrelated field,no,,,
,10.22331/q-2019-03-11-129,10.22331/q-2019-03-11-129,,https://openalex.org/W2796615720,Strawberry Fields: A Software Platform for Photonic Quantum Computing,2019,Nathan Killoran; Josh Izaac; Nicolás Quesada; Ville Bergholm; Matthew Amy; Christian Weedbrook,Quantum,K,harvest,L1,0,0,,,,,irrelevant,no,,,
,10.1007/s00220-017-2928-4,10.1007/s00220-017-2928-4,,https://openalex.org/W1776233866,Strong Converse Exponent for Classical-Quantum Channel Coding,2017,Milán Mosonyi; Tomohiro Ogawa,Communications in Mathematical Physics,K,snowball,L1,0,0,,,,,strong converse exponent,no,,,
,10.1371/journal.pgen.1003527,10.1371/journal.pgen.1003527,,https://openalex.org/W1969541700,Strong Purifying Selection at Synonymous Sites in D. melanogaster,2013,David S. Lawrie; Philipp W. Messer; Ruth Hershberg; Dmitri A. Petrov,PLoS Genetics,E,harvest,L1,0,0,,,,,unrelated field,no,,,
,10.1109/18.985947,10.1109/18.985947,,https://openalex.org/W2134348739,Strong converse for identification via quantum channels,2002,Rudolf Ahlswede; Andreas Winter,IEEE Transactions on Information Theory,K,snowball,L1,0,0,,,,,identification strong converse,no,,,
,10.1016/j.laa.2003.04.001,10.1016/j.laa.2003.04.001,,https://openalex.org/W1999976206,"Stronger-than-Lyapunov notions of matrix stability, or how “flowers” help solve problems in mathematical ecology",2004,Dmitrii O. Logofet,Linear Algebra and its Applications,B,harvest,L1,0,0,,,,,irrelevant,no,,,
,10.1088/0953-4075/49/15/152002,10.1088/0953-4075/49/15/152002,,https://openalex.org/W2466420547,Strongly interacting ultracold polar molecules,2016,Bryce Gadway; Bo Yan,Journal of Physics B Atomic Molecular and Optical Physics,J,harvest,L1,0,0,,,,,unrelated field,no,,,
,10.3390/math14081251,10.3390/math14081251,,https://openalex.org/W7152957386,Structure and Enumeration of Constacyclic Codes over Cube-Zero Local Rings of Order q5,2026,Sami Saif; Shayea Aldossari,Mathematics,F,harvest,L1,0,0,,,,,unrelated field,no,,,
,10.48550/arxiv.0904.3523,10.48550/arxiv.0904.3523,,https://openalex.org/W2108687351,Structured Variable Selection with Sparsity-Inducing Norms,2009,Rodolphe Jenatton; Jean-Yves Audibert; Francis Bach,arXiv (Cornell University),C;G,harvest,L1,0,0,,,,,irrelevant,no,,,
,10.1088/1126-6708/2007/12/006,10.1088/1126-6708/2007/12/006,,https://openalex.org/W2161718349,Supersymmetric states of 𝒩 = 4 Yang-Mills from giant gravitons,2007,Indranil Biswas; Davide Gaiotto; Subhaneil Lahiri; Shiraz Minwalla,Journal of High Energy Physics,E,harvest,L1,0,0,,,,,unrelated field,no,,,
,10.1145/1015330.1015341,10.1145/1015330.1015341,,https://openalex.org/W2429914308,Support vector machine learning for interdependent and structured output spaces,2004,Ioannis Tsochantaridis; Thomas Hofmann; Thorsten Joachims; Yasemin Altün,,F,harvest,L1,0,0,,,,,unrelated field,no,,,
,10.1016/j.compbiomed.2023.106668,10.1016/j.compbiomed.2023.106668,,https://openalex.org/W4321350922,Survey of explainable artificial intelligence techniques for biomedical imaging with deep neural networks,2023,Sajid Nazir; Diane M. Dickson; Muhammad Usman Akram,Computers in Biology and Medicine,N,harvest,L1,0,0,,,,,unrelated field,no,,,
,10.1090/s0894-0347-2012-00758-9,10.1090/s0894-0347-2012-00758-9,,https://openalex.org/W1989181805,Symbolic dynamics for surface diffeomorphisms with positive entropy,2012,Omri Sarig,Journal of the American Mathematical Society,E,harvest,L1,0,0,,,,,unrelated field,no,,,
,10.1016/j.neunet.2020.08.017,10.1016/j.neunet.2020.08.017,,https://openalex.org/W3081814969,SympNets: Intrinsic structure-preserving symplectic networks for identifying Hamiltonian systems,2020,Pengzhan Jin; Zhen Zhang; Aiqing Zhu; Yifa Tang; George Em Karniadakis,Neural Networks,B,harvest,L1,0,0,,,,,irrelevant,no,,,
,10.1088/0266-5611/14/4/001,10.1088/0266-5611/14/4/001,,https://openalex.org/W2061577342,Synthetic aperture radar interferometry,1998,Richard Bamler; Philipp Hartl,Inverse Problems,C,harvest,L1,0,0,,,,,unrelated field,no,,,
,systemdynamicssystemsthinkingandmodelingforacomplexworld,,,https://openalex.org/W2167989376,System Dynamics: Systems Thinking and Modeling for a Complex World,2002,John D. Sterman,DSpace@MIT (Massachusetts Institute of Technology),L,harvest,L1,0,0,,,,,unrelated field,no,,,
,10.48550/arxiv.1905.06549,10.48550/arxiv.1905.06549,,https://openalex.org/W2946584829,TapNet: Neural Network Augmented with Task-Adaptive Projection for Few-Shot Learning,2019,S.W. Yoon; Jun Seo; Jaekyun Moon,arXiv (Cornell University),C,harvest,L1,0,0,,,,,unrelated field,no,,,
,10.1371/journal.pone.0105302,10.1371/journal.pone.0105302,,https://openalex.org/W1998661549,Tea Derived Galloylated Polyphenols Cross-Link Purified Gastrointestinal Mucins,2014,Pantelis Georgiades; Paul D. A. Pudney; Sarah E. Rogers; David J. Thornton; Thomas Andrew Waigh,PLoS ONE,E,harvest,L1,0,0,,,,,unrelated field,no,,,
,10.4204/eptcs.290.6,10.4204/eptcs.290.6,,https://openalex.org/W2922662715,"Technologies for ""Complete, Transparent & Interactive Models of Math"" in Education",2019,Walther Neuper,Electronic Proceedings in Theoretical Computer Science,H,snowball,L1,0,0,,,,,math education models,no,,,
,10.1038/nature09594,10.1038/nature09594,,https://openalex.org/W2022046477,Tension directly stabilizes reconstituted kinetochore-microtubule attachments,2010,Bungo Akiyoshi; Krishna K. Sarangapani; Andrew F. Powers; Christian R. Nelson; Steve Reichow; Hugo Arellano-Santoyo,Nature,E,harvest,L1,0,0,,,,,unrelated field,no,,,
,10.1145/2915921,10.1145/2915921,,https://openalex.org/W2528907418,Tensors for Data Mining and Data Fusion,2016,Evangelos E. Papalexakis; Christos Faloutsos; Nicholas D. Sidiropoulos,ACM Transactions on Intelligent Systems and Technology,A,snowball,L1,0,0,,,,,irrelevant,no,,,
,10.1103/physrevx.14.021022,10.1103/physrevx.14.021022,,https://openalex.org/W4396545919,Testing the Quantumness of Gravity without Entanglement,2024,Ludovico Lami; Julen S. Pedernales; Martin B. Plenio,Physical Review X,J,harvest,L1,0,0,,,,,unrelated field,no,,,
,10.1016/s0140-6736(20)32290-x,10.1016/s0140-6736(20)32290-x,,https://openalex.org/W3110437710,The 2020 report of The Lancet Countdown on health and climate change: responding to converging crises,2020,Nick Watts; Markus Amann; Nigel W. Arnell; Sonja Ayeb‐Karlsson; Jessica Beagley; Kristine Belesova,The Lancet,I,harvest,L1,0,0,,,,,unrelated field,no,,,
,10.1046/j.1365-8711.2001.04902.x,10.1046/j.1365-8711.2001.04902.x,,https://openalex.org/W2170689655,The 2dF Galaxy Redshift Survey: spectra and redshifts,2001,Matthew Colless; Gavin Dalton; S. Maddox; William J. Sutherland; P. Norberg; Shaun Cole,Monthly Notices of the Royal Astronomical Society,G,harvest,L1,0,0,,,,,unrelated field,no,,,
,10.1016/j.nima.2010.04.042,10.1016/j.nima.2010.04.042,,https://openalex.org/W2060270573,"The ALICE TPC, a large 3-dimensional tracking device with fast readout for ultra-high multiplicity events",2010,J. Alme; Y. Andres; H. Appelshäuser; S. Bablok; N. Bialas; R. Bolgen,Nuclear Instruments and Methods in Physics Research Section A Accelerators Spectrometers Detectors and Associated Equipment,F,harvest,L1,0,0,,,,,unrelated field,no,,,
,10.1007/s00220-005-1317-6,10.1007/s00220-005-1317-6,,https://openalex.org/W2594901681,The Capacity of a Quantum Channel for Simultaneous Transmission of Classical and Quantum Information,2005,Igor Devetak; Peter W. Shor,Communications in Mathematical Physics,K,snowball,L1,0,0,,,,,simultaneous capacity,no,,,
,10.1137/080719248,10.1137/080719248,,https://openalex.org/W2083484777,The Easy Path Wavelet Transform: A New Adaptive Wavelet Transform for Sparse Representation of Two-Dimensional Data,2009,Gerlind Plonka,Multiscale Modeling and Simulation,A,snowball,L1,0,0,,,,,wavelet transform,no,,,
,10.1145/3597428,10.1145/3597428,,https://openalex.org/W4377099260,The Evolution of Distributed Systems for Graph Neural Networks and Their Origin in Graph Processing and Deep Learning: A Survey,2023,Jana Vatter; Ruben Mayer; Hans‐Arno Jacobsen,ACM Computing Surveys,N,harvest,L1,0,0,,,,,unrelated field,no,,,
,10.1007/s10270-022-01063-4,10.1007/s10270-022-01063-4,,https://openalex.org/W4310996198,The ForeMoSt approach to building valid model-based safety arguments,2022,Torin Viger; Logan Murphy; Alessio Di Sandro; Claudio Menghi; Ramy Shahin; Marsha Chećhik,Software & Systems Modeling,H,snowball,L1,0,0,,,,,safety arguments,no,,,
,10.1007/s11207-014-0516-8,10.1007/s11207-014-0516-8,,https://openalex.org/W1999016464,The Helioseismic and Magnetic Imager (HMI) Vector Magnetic Field Pipeline: Overview and Performance,2014,J. T. Hoeksema; Yang Liu; Keiji Hayashi; Xudong Sun; J. Schou; Sébastien Couvidat,Solar Physics,L,harvest,L1,0,0,,,,,unrelated field,no,,,
,10.4310/jdg/1090349447,10.4310/jdg/1090349447,,https://openalex.org/W2122833107,The Inverse Mean Curvature Flow and the Riemannian Penrose Inequality,2001,Gerhard Huisken; Tom Ilmanen,Journal of Differential Geometry,D,harvest,L1,0,0,,,,,unrelated field,no,,,
,10.5281/zenodo.35392,10.5281/zenodo.35392,,https://openalex.org/W2212378026,The Mercator Projections,2013,Peter Osborne,Zenodo (CERN European Organization for Nuclear Research),C,harvest,L1,0,0,,,,,unrelated field,no,,,
,10.48550/arxiv.hep-th/9607134,10.48550/arxiv.hep-th/9607134,,https://openalex.org/W1527331653,The Metric on the Space of Yang-Mills Configurations,1996,Peter Orland,arXiv (Cornell University),E,harvest,L1,0,0,,,,,irrelevant,no,,,
,10.1007/978-3-540-73086-6_12,10.1007/978-3-540-73086-6_12,,https://openalex.org/W2126209209,The On-Line Encyclopedia of Integer Sequences,2007,N. J. A. Sloane,Lecture notes in computer science,M,snowball,L1,0,0,,,,,OEIS,no,,,
,10.5281/zenodo.19154258,10.5281/zenodo.19154258,,https://openalex.org/W7139984737,The Operator Derivative in Continuous Stochastic Calculus: A Hilbert Energy Space Framework,2026,Ramiro Fontes,Zenodo (CERN European Organization for Nuclear Research),H,harvest,L1,0,0,,,,,unrelated field,no,,,
,10.1001/jama.1950.02910470083028,10.1001/jama.1950.02910470083028,,https://openalex.org/W2994602346,The Organization of Behavior: A Neuropsychological Theory,1950,,JAMA,I,harvest,L1,0,0,,,,,unrelated field,no,,,
,10.1371/journal.pbio.0030196,10.1371/journal.pbio.0030196,,https://openalex.org/W2008147924,The Pattern of Polymorphism in Arabidopsis thaliana,2005,Magnus Nordborg; Tina T. Hu; Yoko Ishino; Jinal Jhaveri; Christopher Toomajian; Honggang Zheng,PLoS Biology,E,harvest,L1,0,0,,,,,unrelated field,no,,,
,10.1007/978-3-662-04209-0,10.1007/978-3-662-04209-0,,https://openalex.org/W101435204,The Physics of Quantum Information,2000,Dirk Bouwmeester; Artur Ekert; Anton Zeilinger,,K,snowball,L1,0,0,,,,,QI physics book,no,,,
,10.1109/tit.2009.2039166,10.1109/tit.2009.2039166,,https://openalex.org/W2148725952,The Quantum Capacity of Channels With Arbitrarily Correlated Noise,2010,Francesco Buscemi; Nilanjana Datta,IEEE Transactions on Information Theory,E;K,snowball,L1,0,0,,,,,correlated noise capacity,no,,,
,10.1109/tit.2014.2309968,10.1109/tit.2014.2309968,,https://openalex.org/W3103182327,The Quantum Reverse Shannon Theorem and Resource Tradeoffs for Simulating Quantum Channels,2014,Charles H. Bennett; Igor Devetak; Aram W. Harrow; Peter W. Shor; Andreas Winter,IEEE Transactions on Information Theory,K,snowball,L1,0,0,,,,,unrelated field,no,,,
,10.1175/1520-0469(1998)055<0429:tshdom>2.0.co;2,10.1175/1520-0469(1998)055<0429:tshdom>2.0.co;2,,https://openalex.org/W2095969845,The Spherical Harmonics Discrete Ordinate Method for Three-Dimensional Atmospheric Radiative Transfer,1998,K. Franklin Evans,Journal of the Atmospheric Sciences,F,harvest,L1,0,0,,,,,unrelated field,no,,,
,10.1016/j.physrep.2022.08.003,10.1016/j.physrep.2022.08.003,,https://openalex.org/W3212169067,The Variational Quantum Eigensolver: A review of methods and best practices,2022,Jules Tilly; Hongxiang Chen; Shuxiang Cao; Dario Picozzi; Kanav Setia; Ying Li,Physics Reports,K,snowball,L1,0,0,,,,,VQE review,no,,,
,10.1007/jhep07(2014)079,10.1007/jhep07(2014)079,,https://openalex.org/W2110999179,"The automated computation of tree-level and next-to-leading order differential cross sections, and their matching to parton shower simulations",2014,Johan Alwall; Rikkert Frederix; Stefano Frixione; Valentin Hirschi; Fabio Maltoni; Olivier Mattelaer,Journal of High Energy Physics,F,harvest,L1,0,0,,,,,unrelated field,no,,,
,10.1109/18.651037,10.1109/18.651037,,https://openalex.org/W2154564336,The capacity of the quantum channel with general signal states,1998,A. S. Holevo,IEEE Transactions on Information Theory,K,snowball,L1,0,0,,,,,channel capacity,no,,,
,10.1103/revmodphys.84.1655,10.1103/revmodphys.84.1655,,https://openalex.org/W2082014836,The classical-quantum boundary for correlations: Discord and related measures,2012,Kavan Modi; Aharon Brodutch; Hugo Cable; Tomasz Paterek; Vlatko Vedral,Reviews of Modern Physics,E,harvest,L1,0,0,,,,,unrelated field,no,,,
,10.1016/j.neucom.2023.02.040,10.1016/j.neucom.2023.02.040,,https://openalex.org/W4322754167,The coming of age of interpretable and explainable machine learning models,2023,Paulo Lisböa; Sascha Saralajew; Alfredo Vellido; R. Fernández-Domenech; Thomas Villmann,Neurocomputing,N,harvest,L1,0,0,,,,,unrelated field,no,,,
,10.1103/revmodphys.91.015002,10.1103/revmodphys.91.015002,,https://openalex.org/W2807652398,"The conformal bootstrap: Theory, numerical techniques, and applications",2019,David Poland; Slava Rychkov; Alessandro Vichi,Reviews of Modern Physics,L,harvest,L1,0,0,,,,,unrelated field,no,,,
,10.1242/bio.20133830,10.1242/bio.20133830,,https://openalex.org/W2102121146,The constant beat: cardiomyocytes adapt their forces by equal contraction upon environmental stiffening,2013,Nils Hersch; Benjamin Wolters; Georg Dreissen; Ronald Springer; Norbert Kirchgeßner; Rudolf Merkel,Biology Open,L,harvest,L1,0,0,,,,,irrelevant,no,,,
,10.1103/revmodphys.81.109,10.1103/revmodphys.81.109,,https://openalex.org/W2105685140,The electronic properties of graphene,2009,A. H. Castro Neto; F. Guinea; N. M. R. Peres; Kostya S. Novoselov; A. K. Geǐm,Reviews of Modern Physics,I,harvest,L1,0,0,,,,,unrelated field,no,,,
,10.1007/bf01725541,10.1007/bf01725541,,https://openalex.org/W2296615904,The emergence of classical properties through interaction with the environment,1985,Erich Joos; H. D. Zeh,The European Physical Journal B,J,snowball,L1,0,0,,,,,decoherence classicality,no,,,
,10.1088/1367-2630/18/2/023045,10.1088/1367-2630/18/2/023045,,https://openalex.org/W1166788151,The extraction of work from quantum coherence,2016,Kamil Korzekwa; Matteo Lostaglio; Jonathan Oppenheim; David Jennings,New Journal of Physics,K,snowball,L1,0,0,,,,,work from coherence,no,,,
,10.4310/acta.2023.v231.n1.a3,10.4310/acta.2023.v231.n1.a3,,https://openalex.org/W3102424757,The extremals of the Alexandrov–Fenchel inequality for convex polytopes,2023,Yair Shenfeld; Ramon van Handel,Acta Mathematica,D,harvest,L1,0,0,,,,,unrelated field,no,,,
,10.1111/j.1365-2966.2008.14244.x,10.1111/j.1365-2966.2008.14244.x,,https://openalex.org/W2132932168,The fully connectedN-dimensional skeleton: probing the evolution of the cosmic web,2009,T. Sousbie; S. Colombi; Christophe Pichon,Monthly Notices of the Royal Astronomical Society,B,harvest,L1,0,0,,,,,irrelevant,no,,,
,10.1038/s41578-020-00262-z,10.1038/s41578-020-00262-z,,https://openalex.org/W3017117414,The germanium quantum information route,2020,Giordano Scappucci; Christoph Kloeffel; Floris A. Zwanenburg; Daniel Loss; Maksym Myronov; Jian-Jun Zhang,Nature Reviews Materials,K,harvest,L1,0,0,,,,,unrelated field,no,,,
,10.1088/0264-9381/26/6/063001,10.1088/0264-9381/26/6/063001,,https://openalex.org/W3005669794,The gravitational-wave signature of core-collaps supernovae,2009,Christian D. Ott,Research at the University of Copenhagen (University of Copenhagen),E,harvest,L1,0,0,,,,,unrelated field,no,,,
,10.1016/j.plrev.2020.05.004,10.1016/j.plrev.2020.05.004,,https://openalex.org/W3033402698,The growth of cognition: Free energy minimization and the embryogenesis of cortical computation,2020,J. J. Wright; Paul Bourke,Physics of Life Reviews,B,harvest,L1,0,0,,,,,irrelevant,no,,,
,10.1111/j.1475-6765.2004.00166.x,10.1111/j.1475-6765.2004.00166.x,,https://openalex.org/W2095086442,The metamorphoses of corporatism: From classical to lean patterns,2004,Franz Traxler,European Journal of Political Research,H,harvest,L1,0,0,,,,,unrelated field,no,,,
,10.1016/j.aim.2012.11.018,10.1016/j.aim.2012.11.018,,https://openalex.org/W2963596328,The minimal model program for the Hilbert scheme of points on P2 and Bridgeland stability,2013,Daniele Arcara; Aaron Bertram; İzzet Coşkun; Jack Huizenga,Advances in Mathematics,G,harvest,L1,0,0,,,,,unrelated field,no,,,
,10.1016/j.jde.2004.12.003,10.1016/j.jde.2004.12.003,,https://openalex.org/W2036319645,The parameterization method for invariant manifolds III: overview and applications,2005,Xavier Cabré; Ernest Fontich; Rafael de la Llave,Journal of Differential Equations,B;D,harvest,L1,0,0,,,,,irrelevant,no,,,
,10.1088/0031-9155/53/9/r01,10.1088/0031-9155/53/9/r01,,https://openalex.org/W2050050256,"The physics, biophysics and technology of photodynamic therapy",2008,Brian C. Wilson; Michael S. Patterson,Physics in Medicine and Biology,J,harvest,L1,0,0,,,,,unrelated field,no,,,
,10.1109/sct.1992.215388,10.1109/sct.1992.215388,,https://openalex.org/W2156313614,The quantum challenge to structural complexity theory,2003,André Berthiaume; Gilles Brassard,,K,snowball,L1,0,0,,,,,quantum structural complexity,no,,,
,10.1145/301250.301349,10.1145/301250.301349,,https://openalex.org/W2029029634,The quantum query complexity of approximating the median and related statistics,1999,Ashwin Nayak; Felix Wu,,K,harvest,L1,0,0,,,,,Quantum query complexity of approximate median; irrelevant,no,,,
,10.1088/1475-7516/2004/08/009,10.1088/1475-7516/2004/08/009,,https://openalex.org/W2032844501,The shape of non-Gaussianities,2004,Daniel Babich; Paolo Creminelli; Matias Zaldarriaga,Journal of Cosmology and Astroparticle Physics,C,harvest,L1,0,0,,,,,unrelated field,no,,,
,10.48550/arxiv.1302.5555,10.48550/arxiv.1302.5555,,https://openalex.org/W2102144526,The splitting theorem in non-smooth context,2013,Nicola Gigli,arXiv (Cornell University),E,harvest,L1,0,0,,,,,unrelated field,no,,,
,10.1088/1126-6708/2007/06/060,10.1088/1126-6708/2007/06/060,,https://openalex.org/W2136697405,"The string landscape, black holes and gravity as the weakest force",2007,Nima Arkani–Hamed; Luboš Motl; Alberto Nicolis; Cumrun Vafa,Journal of High Energy Physics,G,harvest,L1,0,0,,,,,unrelated field,no,,,
,10.1002/mrm.21852,10.1002/mrm.21852,,https://openalex.org/W2103536416,The tensor distribution function,2008,Alex Leow; Siwei Zhu; L. Zhan; Katie L. McMahon; Greig I. de Zubicaray; Matthew Meredith,Magnetic Resonance in Medicine,D,harvest,L1,0,0,,,,,irrelevant,no,,,
,10.1038/nature10123,10.1038/nature10123,,https://openalex.org/W2094545983,The thermodynamic meaning of negative entropy,2011,Lídia del Rio; Johan Åberg; Renato Renner; Oscar Dahlsten; Vlatko Vedral,Nature,E;K,snowball,L1,0,0,,,,,negative entropy thermodynamics,no,,,
,10.1038/nphys1734,10.1038/nphys1734,,https://openalex.org/W2040362900,The uncertainty principle in the presence of quantum memory,2010,Mario Berta; Matthias Christandl; Roger Colbeck; Joseph M. Renes; Renato Renner,Nature Physics,E,snowball,L1,0,0,,,,,entropic uncertainty,no,,,
,10.1007/978-3-031-17244-1_16,10.1007/978-3-031-17244-1_16,,https://openalex.org/W4313025747,Theorem Proving for Maude Specifications Using Lean,2022,Rubén Rubio; Adrián Riesco,Lecture notes in computer science,H,snowball,L1,0,0,,,,,Maude in Lean,no,,,
,10.2307/1990404,10.2307/1990404,,https://openalex.org/W4251085907,Theory of Reproducing Kernels,1950,N. Aronszajn,Transactions of the American Mathematical Society,C,harvest,L1,0,0,,,,,unrelated field,no,,,
,10.1103/physrev.108.1175,10.1103/physrev.108.1175,,https://openalex.org/W2014437371,Theory of Superconductivity,1957,J. Bardeen; Leon N. Cooper; J. R. Schrieffer,Physical Review,I;L,harvest,L1,0,0,,,,,irrelevant,no,,,
,10.1090/s0002-9947-1950-0051437-7,10.1090/s0002-9947-1950-0051437-7,,https://openalex.org/W1986280275,Theory of reproducing kernels,1950,N. Aronszajn,Transactions of the American Mathematical Society,C;I,harvest+snowball,L1,0,0,,,,,unrelated field,no,,,
,10.1111/jace.12110,10.1111/jace.12110,,https://openalex.org/W2167446660,Thermomechanical Modeling of Laser‐Induced Structural Relaxation and Deformation of Glass: Volume Changes in Fused Silica at High Temperatures,2012,Ryan Vignes; Thomas F. Soules; J. S. Stölken; Randolph R. Settgast; Selim Elhadj; Manyalibo J. Matthews,Journal of the American Ceramic Society,E,harvest,L1,0,0,,,,,unrelated field,no,,,
,10.3109/02656736.2015.1009180,10.3109/02656736.2015.1009180,,https://openalex.org/W1964221192,Thermometry and ablation monitoring with ultrasound,2015,Matthew A. Lewis; Robert Staruch; Rajiv Chopra,International Journal of Hyperthermia,E,harvest,L1,0,0,,,,,unrelated field,no,,,
,10.22331/q-2025-02-18-1636,10.22331/q-2025-02-18-1636,,https://openalex.org/W4407694785,Tight Bounds on the Spooky Pebble Game: Recycling Qubits with Measurements,2025,Niels Kornerup; Jonathan Sadun; David Soloveichik,Quantum,K,harvest,L1,0,0,,,,,unrelated field,no,,,
,10.48550/arxiv.2110.08973,10.48550/arxiv.2110.08973,,https://openalex.org/W4300816543,Tight Bounds on the Spooky Pebble Game: Recycling Qubits with Measurements,2021,Niels Kornerup; Jonathan Sadun; David Soloveichik,arXiv (Cornell University),K,harvest,L1,0,0,,,,,unrelated field,no,,,
,10.1038/ncomms1631,10.1038/ncomms1631,,https://openalex.org/W2170240091,Tight finite-key analysis for quantum cryptography,2012,Marco Tomamichel; Charles Ci Wen Lim; Nicolas Gisin; Renato Renner,Nature Communications,E,snowball,L1,0,0,,,,,finite-key QKD,no,,,
,10.3389/neuro.01.1.1.016.2007,10.3389/neuro.01.1.1.016.2007,,https://openalex.org/W2100869553,Topography of the complete corticopontine projection: From experiments to principal maps,2007,Trygve B. Leergaard,Frontiers in Neuroscience,C,harvest,L1,0,0,,,,,unrelated field,no,,,
,topologicalfoundationsforaformaltheoryofmanifolds,,,https://openalex.org/W2583529866,Topological Foundations for a Formal Theory of Manifolds.,2016,Karol Pąk,Conference on Information and Knowledge Management,H,snowball,L1,0,0,,,,,formal manifolds,no,,,
,10.1007/jhep01(2019)026,10.1007/jhep01(2019)026,,https://openalex.org/W2786370293,Topological defect lines and renormalization group flows in two dimensions,2019,Chi‐Ming Chang; Ying-Hsuan Lin; Shu-Heng Shao; Yifan Wang; Xi Yin,Journal of High Energy Physics,B,harvest,L1,0,0,,,,,irrelevant,no,,,
,10.1093/imrn/rnaf121,10.1093/imrn/rnaf121,,https://openalex.org/W4410562645,Torsion in the Cokernels of the Johnson Homomorphisms,2025,Quentin Faes,International Mathematics Research Notices,F,harvest,L1,0,0,,,,,unrelated field,no,,,
,10.1137/120867172,10.1137/120867172,,https://openalex.org/W1974666774,Total Generalized Variation in Diffusion Tensor Imaging,2013,Tuomo Valkonen; Kristian Bredies; Florian Knöll,SIAM Journal on Imaging Sciences,D,harvest,L1,0,0,,,,,unrelated field,no,,,
,10.3389/fnins.2020.00653,10.3389/fnins.2020.00653,,https://openalex.org/W3038819247,"Toward Scalable, Efficient, and Accurate Deep Spiking Neural Networks With Backward Residual Connections, Stochastic Softmax, and Hybridization",2020,Priyadarshini Panda; Sai Aparna Aketi; Kaushik Roy,Frontiers in Neuroscience,N,harvest,L1,0,0,,,,,unrelated field,no,,,
,10.1109/icse55347.2025.00002,10.1109/icse55347.2025.00002,,https://openalex.org/W4411552778,Towards Neural Synthesis for SMT-Assisted Proof-Oriented Programming,2025,Saikat Chakraborty; Gabriel Ebner; S. Bhat; Sarah Fakhoury; Sakina Fatima; Shuvendu K. Lahiri,,H,snowball,L1,0,0,,,,,proof-oriented programming synthesis,no,,,
,10.1109/access.2020.2968985,10.1109/access.2020.2968985,,https://openalex.org/W3000833961,Towards Post-Quantum Blockchain: A Review on Blockchain Cryptography Resistant to Quantum Computing Attacks,2020,Tiago M. Fernández‐Caramés; Paula Fraga‐Lamas,IEEE Access,K,snowball,L1,0,0,,,,,post-quantum blockchain,no,,,
,10.1145/2854065.2854070,10.1145/2854065.2854070,,https://openalex.org/W2293613288,Towards a Mizar environment for Isabelle: foundations and language,2016,Cezary Kaliszyk; Karol Pąk; Josef Urban,,H,snowball,L1,0,0,,,,,Mizar in Isabelle,no,,,
,10.5194/bg-6-2001-2009,10.5194/bg-6-2001-2009,,https://openalex.org/W2131372757,Towards global empirical upscaling of FLUXNET eddy covariance observations: validation of a model tree ensemble approach using a biosphere model,2009,Martin Jung; Markus Reichstein; Alberte Bondeau,Biogeosciences,F,harvest,L1,0,0,,,,,unrelated field,no,,,
,10.1088/1361-6463/aac816,10.1088/1361-6463/aac816,,https://openalex.org/W2803863842,Towards high throughput plasma based water purifiers: design considerations and the pathway towards practical application,2018,John E. Foster; Selman Mujovic; Joseph Groele; Isaiah Blankson,Journal of Physics D Applied Physics,E,harvest,L1,0,0,,,,,unrelated field,no,,,
,10.1038/s41377-022-00897-3,10.1038/s41377-022-00897-3,,https://openalex.org/W4283803826,Towards higher-dimensional structured light,2022,Chao He; Yijie Shen; Andrew Forbes,Light Science & Applications,G,harvest,L1,0,0,,,,,unrelated field,no,,,
,10.1007/s10640-021-00627-0,10.1007/s10640-021-00627-0,,https://openalex.org/W3215888496,Trade Openness and Environmental Emissions: Evidence from a Meta-Analysis,2021,Sylvanus Kwaku Afesorgbor; Binyam Afewerk Demena,Environmental and Resource Economics,H,harvest,L1,0,0,,,,,unrelated field,no,,,
,10.1140/epjd/e2015-60464-1,10.1140/epjd/e2015-60464-1,,https://openalex.org/W1985601705,Training Schrödinger’s cat: quantum optimal control,2015,Steffen J. Glaser; Ugo Boscain; Tommaso Calarco; Christiane P. Koch; Walter Köckenberger; Ronnie Kosloff,The European Physical Journal D,J,harvest,L1,0,0,,,,,unrelated field,no,,,
,10.53846/goediss-8867,10.53846/goediss-8867,,https://openalex.org/W4212881290,Transport and nonequilibrium dynamics in 1d many-body systems with bosonic degrees of freedom,2021,Jan Stolpp,,M,harvest,L1,0,0,,,,,unrelated field,no,,,
,10.1137/100813683,10.1137/100813683,,https://openalex.org/W1508777461,Trevisan's Extractor in the Presence of Quantum Side Information,2012,Anindya De; Christopher Portmann; Thomas Vidick; Renato Renner,SIAM Journal on Computing,E,snowball,L1,0,0,,,,,Trevisan extractor,no,,,
,10.1007/978-3-031-57262-3_10,10.1007/978-3-031-57262-3_10,,https://openalex.org/W4386613842,"Trocq: Proof Transfer for Free, With or Without Univalence",2024,Cyril Cohen; Enzo Crance; Assia Mahboubi,Lecture notes in computer science,H,snowball,L1,0,0,,,,,Coq proof transfer,no,,,
,10.1016/j.techsoc.2024.102471,10.1016/j.techsoc.2024.102471,,https://openalex.org/W4391265239,Trustworthy AI in the public sector: An empirical analysis of a Swedish labor market decision-support system,2024,Alexander Berman; Karl de Fine Licht; Vanja Carlsson,Technology in Society,H,harvest,L1,0,0,,,,,unrelated field,no,,,
,10.5802/aif.1125,10.5802/aif.1125,,https://openalex.org/W2030863889,Two problems of Calderón-Zygmund theory on product-spaces,1988,Jean-Lin Journé,Annales de l’institut Fourier,D,harvest,L1,0,0,,,,,Calderon-Zygmund theory on product spaces; irrelevant,no,,,
,10.1103/physrevx.10.041040,10.1103/physrevx.10.041040,,https://openalex.org/W2991608830,Two-Dimensional Quantum-Link Lattice Quantum Electrodynamics at Finite Density,2020,Timo Felser; Pietro Silvi; Mario Collura; Simone Montangero,Physical Review X,A,harvest,L1,0,0,,,,,unrelated field,no,,,
,10.1103/physreva.51.1015,10.1103/physreva.51.1015,,https://openalex.org/W1993248778,Two-bit gates are universal for quantum computation,1995,David P. DiVincenzo,Physical Review A,K,snowball,L1,0,0,,,,,unrelated field,no,,,
,10.1016/j.euromechsol.2017.11.007,10.1016/j.euromechsol.2017.11.007,,https://openalex.org/W2771368987,Two-stage data-driven homogenization for nonlinear solids using a reduced order model,2017,Felix Fritzen; Oliver Kunc,European Journal of Mechanics - A/Solids,A,snowball,L1,0,0,,,,,homogenization ROM,no,,,
,10.1007/bfb0028402,10.1007/bfb0028402,,https://openalex.org/W1755481569,Type classes and overloading in higher-order logic,1997,Markus Wenzel,Lecture notes in computer science,H,snowball,L1,0,0,,,,,type classes HOL,no,,,
,10.1021/cr300092g,10.1021/cr300092g,,https://openalex.org/W2319943484,Ultracold Molecules under Control!,2012,Goulven Quéméner; Paul S. Julienne,Chemical Reviews,J,snowball,L1,0,0,,,,,ultracold molecules,no,,,
,10.1080/00018730701223200,10.1080/00018730701223200,,https://openalex.org/W1963988846,Ultracold atomic gases in optical lattices: mimicking condensed matter physics and beyond,2007,Maciej Lewenstein; Anna Sanpera; V. Ahufinger; Bogdan Damski; Aditi Sen; Ujjwal Sen,Advances In Physics,M,snowball,L1,0,0,,,,,optical lattices,no,,,
,10.1103/physrevd.95.043541,10.1103/physrevd.95.043541,,https://openalex.org/W2594838509,Ultralight scalars as cosmological dark matter,2017,Lam Hui; Jeremiah P. Ostriker; Scott Tremaine; Edward Witten,Physical review. D/Physical review. D.,L,harvest,L1,0,0,,,,,unrelated field,no,,,
,10.1039/c9sm01221d,10.1039/c9sm01221d,,https://openalex.org/W2969702135,Uncertainties in contact angle goniometry,2019,Maja Vuckovac; Mika Latikka; Kai Liu; Tommi Huhtamäki; Robin H. A. Ras,Soft Matter,G,harvest,L1,0,0,,,,,unrelated field,no,,,
,10.1103/physrevlett.106.110506,10.1103/physrevlett.106.110506,,https://openalex.org/W2056086109,Uncertainty Relation for Smooth Entropies,2011,Marco Tomamichel; Renato Renner,Physical Review Letters,E,snowball,L1,0,0,,,,,smooth entropy uncertainty,no,,,
,10.1103/physrevapplied.12.024061,10.1103/physrevapplied.12.024061,,https://openalex.org/W2928179339,Unconditional Security of Sending or Not Sending Twin-Field Quantum Key Distribution with Finite Pulses,2019,Cong Jiang; Zong‐Wen Yu; Xiao‐Long Hu; Xiang‐Bin Wang,Physical Review Applied,E,snowball,L1,0,0,,,,,twin-field QKD,no,,,
,10.3390/math13030451,10.3390/math13030451,,https://openalex.org/W4406932322,"Understanding Machine Learning Principles: Learning, Inference, Generalization, and Computational Learning Theory",2025,Ke-Lin Du; Rengong Zhang; Bingchun Jiang; Jie Zeng; Jiabin Lu,Mathematics,B,harvest,L1,0,0,,,,,unrelated field,no,,,
,10.62056/angy4fe-3,10.62056/angy4fe-3,,https://openalex.org/W4394595451,Understanding binary-Goppa decoding,2024,Daniel Bernstein,IACR Communications in Cryptology,H,snowball,L1,0,0,,,,,Goppa decoding,no,,,
,10.1007/jhep08(2014)145,10.1007/jhep08(2014)145,,https://openalex.org/W2088509356,Universality of long-distance AdS physics from the CFT bootstrap,2014,A. Liam Fitzpatrick; Jared Kaplan; Matthew T. Walters,Journal of High Energy Physics,E,harvest,L1,0,0,,,,,unrelated field,no,,,
,10.46328/ijonses.106,10.46328/ijonses.106,,https://openalex.org/W3118686835,Usage of Digital Comics in Distance Learning During COVID-19,2021,Genç Osman İlhan; Gamze Kaba; Maide Şin,International Journal on Social and Education Sciences,E,harvest,L1,0,0,,,,,unrelated field,no,,,
,10.1007/978-3-030-51054-1_8,10.1007/978-3-030-51054-1_8,,https://openalex.org/W3003196619,Validating Mathematical Structures,2020,Kazuhiko Sakaguchi,Lecture notes in computer science,H,snowball,L1,0,0,,,,,validating structures,no,,,
,10.1109/tac.2016.2605741,10.1109/tac.2016.2605741,,https://openalex.org/W2508898866,Variable Selection and Identification of High-Dimensional Nonparametric Additive Nonlinear Systems,2016,Biqiang Mu; Wei Xing Zheng; Er‐Wei Bai,IEEE Transactions on Automatic Control,I,snowball,L1,0,0,,,,,nonparametric system identification,no,,,
,10.1007/978-981-19-5607-2,10.1007/978-981-19-5607-2,,https://openalex.org/W4310864354,Vector Semantics,2022,András Kornai,Cognitive technologies,F,harvest,L1,0,0,,,,,unrelated field,no,,,
,10.4230/lipics.itp.2019.31,10.4230/lipics.itp.2019.31,,https://openalex.org/W2978361984,Verified Decision Procedures for Modal Logics.,2019,Minchao Wu; Rajeev Goré,DROPS (Schloss Dagstuhl – Leibniz Center for Informatics),H,snowball,L1,0,0,,,,,modal logic decision procedures,no,,,
,10.1007/s11831-018-9301-4,10.1007/s11831-018-9301-4,,https://openalex.org/W2902710430,"Virtual, Digital and Hybrid Twins: A New Paradigm in Data-Based Engineering and Engineered Data",2018,Francisco Chinesta; Elías Cueto; Emmanuelle Abisset‐Chavanne; Jean Louis Duval; Fouad Khaldi,Archives of Computational Methods in Engineering,B,harvest,L1,0,0,,,,,irrelevant,no,,,
,10.1117/1.oe.61.8.081808,10.1117/1.oe.61.8.081808,,https://openalex.org/W4283373975,Visualizing quantum mechanics in an interactive simulation -- Virtual Lab by Quantum Flytrap,2022,"Migda{\l}, Piotr; Klementyna Jankiewicz; Paweł Grabarz; Chiara Decaroli; Philippe Cochin",arXiv (Cornell University),J,harvest,L1,0,0,,,,,unrelated field,no,,,
,10.1295/polymj.23.7,10.1295/polymj.23.7,,https://openalex.org/W2088069540,"Volume Contraction on Mixing in Poly(vinyl ethylene-co-1,4-butadiene)/Polyisoprene Blends",1991,Seiichi Kawahara; Saburo Akiyama,Polymer Journal,E,harvest,L1,0,0,,,,,irrelevant,no,,,
,10.1145/3807780,10.1145/3807780,,https://openalex.org/W7153573215,Vy ZX: Formal Verification of a Graphical Quantum Language,2026,Adrian Lehmann; Ben Caldwell; Bhakti Shah; W. Dean Spencer; Robert W. Rand,ACM Transactions on Programming Languages and Systems,H,snowball,L1,0,0,,,,,ZX verification,no,,,
,waveletsandsubbandcoding,,,https://openalex.org/W2101789093,Wavelets and Subband Coding,1995,Martin Vetterli; Jelena Kovačević,Infoscience (Ecole Polytechnique Fédérale de Lausanne),C;D,harvest,L1,0,0,,,,,irrelevant,no,,,
,10.1016/j.nuclphysb.2017.10.012,10.1016/j.nuclphysb.2017.10.012,,https://openalex.org/W2754631049,What is an integrable quench?,2017,Lorenzo Piroli; Balázs Pozsgay; Eric Vernier,Nuclear Physics B,M,snowball,L1,0,0,,,,,integrable quench,no,,,
,10.1017/s0140525x12000477,10.1017/s0140525x12000477,,https://openalex.org/W2153791616,"Whatever next? Predictive brains, situated agents, and the future of cognitive science",2013,Andy Clark,Behavioral and Brain Sciences,I,harvest,L1,0,0,,,,,unrelated field,no,,,
,10.1111/j.1469-8137.2007.02288.x,10.1111/j.1469-8137.2007.02288.x,,https://openalex.org/W2150042423,"Whole‐plant mineral partitioning throughout the life cycle in Arabidopsis thaliana ecotypes Columbia, Landsberg erecta, Cape Verde Islands, and the mutant line ysl1ysl3",2007,Brian M. Waters; Michael A. Grusak,New Phytologist,K,harvest,L1,0,0,,,,,unrelated field,no,,,
,10.1038/s41593-018-0287-x,10.1038/s41593-018-0287-x,,https://openalex.org/W2905504964,Widespread RNA editing dysregulation in brains from autistic individuals,2018,Stephen Tran; Hyun-Ik Jun; Jae Hoon Bahn; Adel Azghadi; Gokul Ramaswami; Eric L. Van Nostrand,Nature Neuroscience,B,harvest,L1,0,0,,,,,irrelevant,no,,,
,10.3386/w22367,10.3386/w22367,,https://openalex.org/W2461047340,Willingness to Pay for Clean Air: Evidence from Air Purifier Markets in China,2016,Koichiro Ito; Shuang Zhang,National Bureau of Economic Research,E,harvest,L1,0,0,,,,,unrelated field,no,,,
,10.2172/968212,10.2172/968212,,https://openalex.org/W1501916037,Wind power forecasting : state-of-the-art 2009.,2009,Cláudio Monteiro; Ricardo J. Bessa; Vladimiro Miranda; Audun Botterud; J. Wang; Guenter Conzelmann,,B,harvest,L1,0,0,,,,,irrelevant,no,,,
,10.5465/annals.2014.0054,10.5465/annals.2014.0054,,https://openalex.org/W2551784562,Work Design Influences: A Synthesis of Multilevel Factors that Affect the Design of Jobs,2017,Sharon K. Parker; Anja Van den Broeck; David Holman,Academy of Management Annals,H,harvest,L1,0,0,,,,,unrelated field,no,,,
,10.1107/s0907444909047337,10.1107/s0907444909047337,,https://openalex.org/W4248872320,XDS,2010,Wolfgang Kabsch,Acta Crystallographica Section D Biological Crystallography,F,harvest,L1,0,0,,,,,unrelated field,no,,,
,10.18637/jss.v080.i01,10.18637/jss.v080.i01,,https://openalex.org/W2749069611,brms : An R Package for Bayesian Multilevel Models Using Stan,2017,Paul‐Christian Bürkner,Journal of Statistical Software,F,harvest,L1,0,0,,,,,unrelated field,no,,,
,10.48550/arxiv.1705.01598,10.48550/arxiv.1705.01598,,https://openalex.org/W4293777437,cuTT: A High-Performance Tensor Transpose Library for CUDA Compatible\n GPUs,2017,Antti‐Pekka Hynninen; Dmitry I. Lyakh,arXiv (Cornell University),A,harvest,L1,0,0,,,,,unrelated field,no,,,
,10.32614/rj-2013-031,10.32614/rj-2013-031,,https://openalex.org/W2788641888,lfe: Linear Group Fixed Effects,2013,Simen Gaure,The R Journal,I,harvest+snowball,L1,0,0,,,,,unrelated field,no,,,
,10.14279/depositonce-2978,10.14279/depositonce-2978,,https://openalex.org/W2171188027,lp-Norm Multiple Kernel Learning,2011,Marius Kloft,DepositOnce,C;D,harvest,L1,0,0,,,,,irrelevant,no,,,
,10.1371/journal.pone.0061217,10.1371/journal.pone.0061217,,https://openalex.org/W2056279562,phyloseq: An R Package for Reproducible Interactive Analysis and Graphics of Microbiome Census Data,2013,Paul J. McMurdie; Susan Holmes,PLoS ONE,F,harvest,L1,0,0,,,,,unrelated field,no,,,
,10.5281/zenodo.21894523,10.5281/zenodo.21894523,,https://openalex.org/W7202159356,thiagomassensini/native-carry-spectral-weyl: v0.39.0 — Canonical camera completion,2026,Thiago Motta,Zenodo (CERN European Organization for Nuclear Research),H,harvest,L1,0,0,,,,,unrelated field,no,,,
,10.1145/3658644.3670322,10.1145/3658644.3670322,,https://openalex.org/W4405181095,zkPi: Proving Lean Theorems in Zero-Knowledge,2024,Evan Laufer; Alex Ozdemir; Dan Boneh,,H,snowball,L1,0,0,,,,,zk Lean proofs,no,,,
,10.1080/09515070.2021.1954881,10.1080/09515070.2021.1954881,,https://openalex.org/W3184607905,"“A gentle balance of pushing, pulling and sitting with”: An interpretative phenomenological analysis of psychological therapists’ experiences of working with goals in adult pluralistic private practice",2021,Christopher E. M. Lloyd; Raffaello Antonino,Counselling Psychology Quarterly,K,harvest,L1,0,0,,,,,unrelated field,no,,,
