error_type,certified_lower_bound,certified_upper_bound,absolute_gap,relative_gap,optimality_class
ambient,1.0,1.0,1.1102230246251563e-16,1.1102230246251563e-16,EXACTLY_DETERMINED_POSITIVE
projected,0.0,0.0,0.0,0.0,EXACTLY_ZERO_BY_THEOREM
normal,1.0,1.0,1.1102230246251563e-16,1.1102230246251563e-16,EXACTLY_DETERMINED_POSITIVE
ambient,1.0,1.0,1.1102230246251563e-16,1.1102230246251563e-16,EXACTLY_DETERMINED_POSITIVE
projected,0.0,0.0,0.0,0.0,EXACTLY_ZERO_BY_THEOREM
normal,1.0,1.0,1.1102230246251563e-16,1.1102230246251563e-16,EXACTLY_DETERMINED_POSITIVE
ambient,1.0,1.0,1.1102230246251563e-16,1.1102230246251563e-16,EXACTLY_DETERMINED_POSITIVE
projected,0.0,0.0,0.0,0.0,EXACTLY_ZERO_BY_THEOREM
normal,1.0,1.0,1.1102230246251563e-16,1.1102230246251563e-16,EXACTLY_DETERMINED_POSITIVE
ambient,1.0,1.0,1.1102230246251563e-16,1.1102230246251563e-16,EXACTLY_DETERMINED_POSITIVE
projected,0.0,0.0,0.0,0.0,EXACTLY_ZERO_BY_THEOREM
normal,1.0,1.0,1.1102230246251563e-16,1.1102230246251563e-16,EXACTLY_DETERMINED_POSITIVE
ambient,1.0,1.0,1.1102230246251563e-16,1.1102230246251563e-16,EXACTLY_DETERMINED_POSITIVE
projected,0.0,0.0,0.0,0.0,EXACTLY_ZERO_BY_THEOREM
normal,1.0,1.0,1.1102230246251563e-16,1.1102230246251563e-16,EXACTLY_DETERMINED_POSITIVE
ambient,1.0,1.0,1.1102230246251563e-16,1.1102230246251563e-16,EXACTLY_DETERMINED_POSITIVE
projected,0.0,0.0,0.0,0.0,EXACTLY_ZERO_BY_THEOREM
normal,1.0,1.0,1.1102230246251563e-16,1.1102230246251563e-16,EXACTLY_DETERMINED_POSITIVE
ambient,1.0,1.0,1.1102230246251563e-16,1.1102230246251563e-16,EXACTLY_DETERMINED_POSITIVE
projected,0.0,0.0,0.0,0.0,EXACTLY_ZERO_BY_THEOREM
normal,1.0,1.0,1.1102230246251563e-16,1.1102230246251563e-16,EXACTLY_DETERMINED_POSITIVE
ambient,1.0,1.0,1.1102230246251563e-16,1.1102230246251563e-16,EXACTLY_DETERMINED_POSITIVE
projected,0.0,0.0,0.0,0.0,EXACTLY_ZERO_BY_THEOREM
normal,1.0,1.0,1.1102230246251563e-16,1.1102230246251563e-16,EXACTLY_DETERMINED_POSITIVE
ambient,1.0,1.0,1.1102230246251563e-16,1.1102230246251563e-16,EXACTLY_DETERMINED_POSITIVE
projected,0.0,0.0,0.0,0.0,EXACTLY_ZERO_BY_THEOREM
normal,1.0,1.0,1.1102230246251563e-16,1.1102230246251563e-16,EXACTLY_DETERMINED_POSITIVE
ambient,1.0,1.0,0.0,0.0,EXACTLY_DETERMINED_POSITIVE
projected,0.0,0.0,0.0,0.0,EXACTLY_ZERO_BY_THEOREM
normal,1.0,1.0,0.0,0.0,EXACTLY_DETERMINED_POSITIVE
ambient,1.0,1.0,0.0,0.0,EXACTLY_DETERMINED_POSITIVE
projected,0.0,0.0,0.0,0.0,EXACTLY_ZERO_BY_THEOREM
normal,1.0,1.0,0.0,0.0,EXACTLY_DETERMINED_POSITIVE
ambient,1.0,1.0,0.0,0.0,EXACTLY_DETERMINED_POSITIVE
projected,0.0,0.0,0.0,0.0,EXACTLY_ZERO_BY_THEOREM
normal,1.0,1.0,0.0,0.0,EXACTLY_DETERMINED_POSITIVE
ambient,1.0,1.0,0.0,0.0,EXACTLY_DETERMINED_POSITIVE
projected,0.0,0.0,0.0,0.0,EXACTLY_ZERO_BY_THEOREM
normal,1.0,1.0,0.0,0.0,EXACTLY_DETERMINED_POSITIVE
ambient,1.0,1.0,0.0,0.0,EXACTLY_DETERMINED_POSITIVE
projected,0.0,0.0,0.0,0.0,EXACTLY_ZERO_BY_THEOREM
normal,1.0,1.0,0.0,0.0,EXACTLY_DETERMINED_POSITIVE
ambient,1.0,1.0,0.0,0.0,EXACTLY_DETERMINED_POSITIVE
projected,0.0,0.0,0.0,0.0,EXACTLY_ZERO_BY_THEOREM
normal,1.0,1.0,0.0,0.0,EXACTLY_DETERMINED_POSITIVE
ambient,0.9999994999998748,2.0,1.000000500000125,0.5000002500000625,POSITIVE_LOWER_BOUND_WITH_NONZERO_GAP
projected,0.0,1.0,1.0,1.0,NO_POSITIVE_LOWER_BOUND_OBTAINED
normal,0.9999994999998748,2.0,1.000000500000125,0.5000002500000625,POSITIVE_LOWER_BOUND_WITH_NONZERO_GAP
ambient,0.9999994999998748,2.0,1.000000500000125,0.5000002500000625,POSITIVE_LOWER_BOUND_WITH_NONZERO_GAP
projected,0.0,1.0,1.0,1.0,NO_POSITIVE_LOWER_BOUND_OBTAINED
normal,0.9999994999998748,2.0,1.000000500000125,0.5000002500000625,POSITIVE_LOWER_BOUND_WITH_NONZERO_GAP
ambient,0.9999994999998748,2.0,1.000000500000125,0.5000002500000625,POSITIVE_LOWER_BOUND_WITH_NONZERO_GAP
projected,0.0,1.0,1.0,1.0,NO_POSITIVE_LOWER_BOUND_OBTAINED
normal,0.9999994999998748,2.0,1.000000500000125,0.5000002500000625,POSITIVE_LOWER_BOUND_WITH_NONZERO_GAP
ambient,0.9999499987499374,2.0,1.0000500012500626,0.5000250006250313,POSITIVE_LOWER_BOUND_WITH_NONZERO_GAP
projected,0.0,1.0,1.0,1.0,NO_POSITIVE_LOWER_BOUND_OBTAINED
normal,0.9999499987499374,2.0,1.0000500012500626,0.5000250006250313,POSITIVE_LOWER_BOUND_WITH_NONZERO_GAP
ambient,0.9999499987499374,2.0,1.0000500012500626,0.5000250006250313,POSITIVE_LOWER_BOUND_WITH_NONZERO_GAP
projected,0.0,1.0,1.0,1.0,NO_POSITIVE_LOWER_BOUND_OBTAINED
normal,0.9999499987499374,2.0,1.0000500012500626,0.5000250006250313,POSITIVE_LOWER_BOUND_WITH_NONZERO_GAP
ambient,0.9999499987499374,2.0,1.0000500012500626,0.5000250006250313,POSITIVE_LOWER_BOUND_WITH_NONZERO_GAP
projected,0.0,1.0,1.0,1.0,NO_POSITIVE_LOWER_BOUND_OBTAINED
normal,0.9999499987499374,2.0,1.0000500012500626,0.5000250006250313,POSITIVE_LOWER_BOUND_WITH_NONZERO_GAP
ambient,0.99498743710662,2.0,1.00501256289338,0.5025062814466901,POSITIVE_LOWER_BOUND_WITH_NONZERO_GAP
projected,0.0,1.0,1.0,1.0,NO_POSITIVE_LOWER_BOUND_OBTAINED
normal,0.99498743710662,2.0,1.00501256289338,0.5025062814466901,POSITIVE_LOWER_BOUND_WITH_NONZERO_GAP
ambient,0.99498743710662,2.0,1.00501256289338,0.5025062814466901,POSITIVE_LOWER_BOUND_WITH_NONZERO_GAP
projected,0.0,1.0,1.0,1.0,NO_POSITIVE_LOWER_BOUND_OBTAINED
normal,0.99498743710662,2.0,1.00501256289338,0.5025062814466901,POSITIVE_LOWER_BOUND_WITH_NONZERO_GAP
ambient,0.99498743710662,2.0,1.00501256289338,0.5025062814466901,POSITIVE_LOWER_BOUND_WITH_NONZERO_GAP
projected,0.0,1.0,1.0,1.0,NO_POSITIVE_LOWER_BOUND_OBTAINED
normal,0.99498743710662,2.0,1.00501256289338,0.5025062814466901,POSITIVE_LOWER_BOUND_WITH_NONZERO_GAP
ambient,0.8660254037844386,2.0,1.1339745962155614,0.5669872981077807,POSITIVE_LOWER_BOUND_WITH_NONZERO_GAP
projected,0.0,1.0,1.0,1.0,NO_POSITIVE_LOWER_BOUND_OBTAINED
normal,0.8660254037844386,2.0,1.1339745962155614,0.5669872981077807,POSITIVE_LOWER_BOUND_WITH_NONZERO_GAP
ambient,0.8660254037844386,2.0,1.1339745962155614,0.5669872981077807,POSITIVE_LOWER_BOUND_WITH_NONZERO_GAP
projected,0.0,1.0,1.0,1.0,NO_POSITIVE_LOWER_BOUND_OBTAINED
normal,0.8660254037844386,2.0,1.1339745962155614,0.5669872981077807,POSITIVE_LOWER_BOUND_WITH_NONZERO_GAP
ambient,0.8660254037844386,2.0,1.1339745962155614,0.5669872981077807,POSITIVE_LOWER_BOUND_WITH_NONZERO_GAP
projected,0.0,1.0,1.0,1.0,NO_POSITIVE_LOWER_BOUND_OBTAINED
normal,0.8660254037844386,2.0,1.1339745962155614,0.5669872981077807,POSITIVE_LOWER_BOUND_WITH_NONZERO_GAP
ambient,0.0,2.0,2.0,1.0,NO_POSITIVE_LOWER_BOUND_OBTAINED
projected,0.0,1.0,1.0,1.0,NO_POSITIVE_LOWER_BOUND_OBTAINED
normal,0.0,2.0,2.0,1.0,NO_POSITIVE_LOWER_BOUND_OBTAINED
ambient,0.0,2.0,2.0,1.0,NO_POSITIVE_LOWER_BOUND_OBTAINED
projected,0.0,1.0,1.0,1.0,NO_POSITIVE_LOWER_BOUND_OBTAINED
normal,0.0,2.0,2.0,1.0,NO_POSITIVE_LOWER_BOUND_OBTAINED
ambient,0.0,2.0,2.0,1.0,NO_POSITIVE_LOWER_BOUND_OBTAINED
projected,0.0,1.0,1.0,1.0,NO_POSITIVE_LOWER_BOUND_OBTAINED
normal,0.0,2.0,2.0,1.0,NO_POSITIVE_LOWER_BOUND_OBTAINED
ambient,1.9999992499998596,2.0,7.500001406590684e-07,3.750000703295342e-07,POSITIVE_LOWER_BOUND_WITH_NONZERO_GAP
projected,0.0009999999999999,1.0,0.999,0.999,POSITIVE_LOWER_BOUND_WITH_NONZERO_GAP
normal,1.9999989999997496,2.0,1.0000002501620031e-06,5.000001250810016e-07,POSITIVE_LOWER_BOUND_WITH_NONZERO_GAP
ambient,1.9999992499998596,2.0,7.500001406590684e-07,3.750000703295342e-07,POSITIVE_LOWER_BOUND_WITH_NONZERO_GAP
projected,0.0009999999999999,1.0,0.999,0.999,POSITIVE_LOWER_BOUND_WITH_NONZERO_GAP
normal,1.9999989999997496,2.0,1.0000002501620031e-06,5.000001250810016e-07,POSITIVE_LOWER_BOUND_WITH_NONZERO_GAP
ambient,1.9999992499998596,2.0,7.500001406590684e-07,3.750000703295342e-07,POSITIVE_LOWER_BOUND_WITH_NONZERO_GAP
projected,0.0009999999999999,1.0,0.999,0.999,POSITIVE_LOWER_BOUND_WITH_NONZERO_GAP
normal,1.9999989999997496,2.0,1.0000002501620031e-06,5.000001250810016e-07,POSITIVE_LOWER_BOUND_WITH_NONZERO_GAP
ambient,1.999924998593697,2.0,7.50014063028992e-05,3.75007031514496e-05,POSITIVE_LOWER_BOUND_WITH_NONZERO_GAP
projected,0.0099999999999999,1.0,0.99,0.99,POSITIVE_LOWER_BOUND_WITH_NONZERO_GAP
normal,1.9998999974998748,2.0,0.0001000025001252,5.000125006260348e-05,POSITIVE_LOWER_BOUND_WITH_NONZERO_GAP
ambient,1.999924998593697,2.0,7.50014063028992e-05,3.75007031514496e-05,POSITIVE_LOWER_BOUND_WITH_NONZERO_GAP
projected,0.0099999999999999,1.0,0.99,0.99,POSITIVE_LOWER_BOUND_WITH_NONZERO_GAP
normal,1.9998999974998748,2.0,0.0001000025001252,5.000125006260348e-05,POSITIVE_LOWER_BOUND_WITH_NONZERO_GAP
ambient,1.999924998593697,2.0,7.50014063028992e-05,3.75007031514496e-05,POSITIVE_LOWER_BOUND_WITH_NONZERO_GAP
projected,0.0099999999999999,1.0,0.99,0.99,POSITIVE_LOWER_BOUND_WITH_NONZERO_GAP
normal,1.9998999974998748,2.0,0.0001000025001252,5.000125006260348e-05,POSITIVE_LOWER_BOUND_WITH_NONZERO_GAP
ambient,1.9924858845171276,2.0,0.0075141154828726,0.0037570577414363,POSITIVE_LOWER_BOUND_WITH_NONZERO_GAP
projected,0.0999999999999999,1.0,0.9,0.9,POSITIVE_LOWER_BOUND_WITH_NONZERO_GAP
normal,1.98997487421324,2.0,0.0100251257867602,0.0050125628933801,POSITIVE_LOWER_BOUND_WITH_NONZERO_GAP
ambient,1.9924858845171276,2.0,0.0075141154828726,0.0037570577414363,POSITIVE_LOWER_BOUND_WITH_NONZERO_GAP
projected,0.0999999999999999,1.0,0.9,0.9,POSITIVE_LOWER_BOUND_WITH_NONZERO_GAP
normal,1.98997487421324,2.0,0.0100251257867602,0.0050125628933801,POSITIVE_LOWER_BOUND_WITH_NONZERO_GAP
ambient,1.9924858845171276,2.0,0.0075141154828726,0.0037570577414363,POSITIVE_LOWER_BOUND_WITH_NONZERO_GAP
projected,0.0999999999999999,1.0,0.9,0.9,POSITIVE_LOWER_BOUND_WITH_NONZERO_GAP
normal,1.98997487421324,2.0,0.0100251257867602,0.0050125628933801,POSITIVE_LOWER_BOUND_WITH_NONZERO_GAP
ambient,1.8027756377319943,2.0,0.1972243622680054,0.0986121811340027,POSITIVE_LOWER_BOUND_WITH_NONZERO_GAP
projected,0.4999999999999999,1.0,0.5,0.5,POSITIVE_LOWER_BOUND_WITH_NONZERO_GAP
normal,1.7320508075688772,2.0,0.2679491924311228,0.1339745962155614,POSITIVE_LOWER_BOUND_WITH_NONZERO_GAP
ambient,1.8027756377319943,2.0,0.1972243622680054,0.0986121811340027,POSITIVE_LOWER_BOUND_WITH_NONZERO_GAP
projected,0.4999999999999999,1.0,0.5,0.5,POSITIVE_LOWER_BOUND_WITH_NONZERO_GAP
normal,1.7320508075688772,2.0,0.2679491924311228,0.1339745962155614,POSITIVE_LOWER_BOUND_WITH_NONZERO_GAP
ambient,1.8027756377319943,2.0,0.1972243622680054,0.0986121811340027,POSITIVE_LOWER_BOUND_WITH_NONZERO_GAP
projected,0.4999999999999999,1.0,0.5,0.5,POSITIVE_LOWER_BOUND_WITH_NONZERO_GAP
normal,1.7320508075688772,2.0,0.2679491924311228,0.1339745962155614,POSITIVE_LOWER_BOUND_WITH_NONZERO_GAP
ambient,1.0,2.0,1.0,0.5,POSITIVE_LOWER_BOUND_WITH_NONZERO_GAP
projected,1.0,1.0,0.0,0.0,EXACTLY_DETERMINED_POSITIVE
normal,0.0,2.0,2.0,1.0,NO_POSITIVE_LOWER_BOUND_OBTAINED
ambient,1.0,2.0,1.0,0.5,POSITIVE_LOWER_BOUND_WITH_NONZERO_GAP
projected,1.0,1.0,0.0,0.0,EXACTLY_DETERMINED_POSITIVE
normal,0.0,2.0,2.0,1.0,NO_POSITIVE_LOWER_BOUND_OBTAINED
ambient,1.0,2.0,1.0,0.5,POSITIVE_LOWER_BOUND_WITH_NONZERO_GAP
projected,1.0,1.0,0.0,0.0,EXACTLY_DETERMINED_POSITIVE
normal,0.0,2.0,2.0,1.0,NO_POSITIVE_LOWER_BOUND_OBTAINED
ambient,0.999999,3.0,2.000001,0.666667,POSITIVE_LOWER_BOUND_WITH_NONZERO_GAP
projected,0.0,2.0,2.0,1.0,NO_POSITIVE_LOWER_BOUND_OBTAINED
normal,0.999999,3.0,2.000001,0.666667,POSITIVE_LOWER_BOUND_WITH_NONZERO_GAP
ambient,0.999999,3.0,2.000001,0.666667,POSITIVE_LOWER_BOUND_WITH_NONZERO_GAP
projected,0.0,2.0,2.0,1.0,NO_POSITIVE_LOWER_BOUND_OBTAINED
normal,0.999999,3.0,2.000001,0.666667,POSITIVE_LOWER_BOUND_WITH_NONZERO_GAP
ambient,0.999999,3.0,2.000001,0.666667,POSITIVE_LOWER_BOUND_WITH_NONZERO_GAP
projected,0.0,2.0,2.0,1.0,NO_POSITIVE_LOWER_BOUND_OBTAINED
normal,0.999999,3.0,2.000001,0.666667,POSITIVE_LOWER_BOUND_WITH_NONZERO_GAP
ambient,0.9999,3.0,2.0001,0.6667000000000001,POSITIVE_LOWER_BOUND_WITH_NONZERO_GAP
projected,0.0,2.0,2.0,1.0,NO_POSITIVE_LOWER_BOUND_OBTAINED
normal,0.9999,3.0,2.0001,0.6667000000000001,POSITIVE_LOWER_BOUND_WITH_NONZERO_GAP
ambient,0.9999,3.0,2.0001,0.6667000000000001,POSITIVE_LOWER_BOUND_WITH_NONZERO_GAP
projected,0.0,2.0,2.0,1.0,NO_POSITIVE_LOWER_BOUND_OBTAINED
normal,0.9999,3.0,2.0001,0.6667000000000001,POSITIVE_LOWER_BOUND_WITH_NONZERO_GAP
ambient,0.9999,3.0,2.0001,0.6667000000000001,POSITIVE_LOWER_BOUND_WITH_NONZERO_GAP
projected,0.0,2.0,2.0,1.0,NO_POSITIVE_LOWER_BOUND_OBTAINED
normal,0.9999,3.0,2.0001,0.6667000000000001,POSITIVE_LOWER_BOUND_WITH_NONZERO_GAP
ambient,0.99,3.0,2.01,0.6699999999999999,POSITIVE_LOWER_BOUND_WITH_NONZERO_GAP
projected,0.0,2.0,2.0,1.0,NO_POSITIVE_LOWER_BOUND_OBTAINED
normal,0.99,3.0,2.01,0.6699999999999999,POSITIVE_LOWER_BOUND_WITH_NONZERO_GAP
ambient,0.99,3.0,2.01,0.6699999999999999,POSITIVE_LOWER_BOUND_WITH_NONZERO_GAP
projected,0.0,2.0,2.0,1.0,NO_POSITIVE_LOWER_BOUND_OBTAINED
normal,0.99,3.0,2.01,0.6699999999999999,POSITIVE_LOWER_BOUND_WITH_NONZERO_GAP
ambient,0.99,3.0,2.01,0.6699999999999999,POSITIVE_LOWER_BOUND_WITH_NONZERO_GAP
projected,0.0,2.0,2.0,1.0,NO_POSITIVE_LOWER_BOUND_OBTAINED
normal,0.99,3.0,2.01,0.6699999999999999,POSITIVE_LOWER_BOUND_WITH_NONZERO_GAP
ambient,0.7499999999999999,3.0,2.25,0.75,POSITIVE_LOWER_BOUND_WITH_NONZERO_GAP
projected,0.0,2.0,2.0,1.0,NO_POSITIVE_LOWER_BOUND_OBTAINED
normal,0.7499999999999999,3.0,2.25,0.75,POSITIVE_LOWER_BOUND_WITH_NONZERO_GAP
ambient,0.7499999999999999,3.0,2.25,0.75,POSITIVE_LOWER_BOUND_WITH_NONZERO_GAP
projected,0.0,2.0,2.0,1.0,NO_POSITIVE_LOWER_BOUND_OBTAINED
normal,0.7499999999999999,3.0,2.25,0.75,POSITIVE_LOWER_BOUND_WITH_NONZERO_GAP
ambient,0.7499999999999999,3.0,2.25,0.75,POSITIVE_LOWER_BOUND_WITH_NONZERO_GAP
projected,0.0,2.0,2.0,1.0,NO_POSITIVE_LOWER_BOUND_OBTAINED
normal,0.7499999999999999,3.0,2.25,0.75,POSITIVE_LOWER_BOUND_WITH_NONZERO_GAP
ambient,0.0,3.0,3.0,1.0,NO_POSITIVE_LOWER_BOUND_OBTAINED
projected,0.0,2.0,2.0,1.0,NO_POSITIVE_LOWER_BOUND_OBTAINED
normal,0.0,3.0,3.0,1.0,NO_POSITIVE_LOWER_BOUND_OBTAINED
ambient,0.0,3.0,3.0,1.0,NO_POSITIVE_LOWER_BOUND_OBTAINED
projected,0.0,2.0,2.0,1.0,NO_POSITIVE_LOWER_BOUND_OBTAINED
normal,0.0,3.0,3.0,1.0,NO_POSITIVE_LOWER_BOUND_OBTAINED
ambient,0.0,3.0,3.0,1.0,NO_POSITIVE_LOWER_BOUND_OBTAINED
projected,0.0,2.0,2.0,1.0,NO_POSITIVE_LOWER_BOUND_OBTAINED
normal,0.0,3.0,3.0,1.0,NO_POSITIVE_LOWER_BOUND_OBTAINED
ambient,0.9999985000003748,3.0,2.000001499999625,0.6666671666665417,POSITIVE_LOWER_BOUND_WITH_NONZERO_GAP
projected,0.0009999994999998,2.0,1.9990000005,0.99950000025,POSITIVE_LOWER_BOUND_WITH_NONZERO_GAP
normal,0.999998,3.0,2.0000020000000003,0.6666673333333334,POSITIVE_LOWER_BOUND_WITH_NONZERO_GAP
ambient,0.9999985000003748,3.0,2.000001499999625,0.6666671666665417,POSITIVE_LOWER_BOUND_WITH_NONZERO_GAP
projected,0.0009999994999998,2.0,1.9990000005,0.99950000025,POSITIVE_LOWER_BOUND_WITH_NONZERO_GAP
normal,0.999998,3.0,2.0000020000000003,0.6666673333333334,POSITIVE_LOWER_BOUND_WITH_NONZERO_GAP
ambient,0.9999985000003748,3.0,2.000001499999625,0.6666671666665417,POSITIVE_LOWER_BOUND_WITH_NONZERO_GAP
projected,0.0009999994999998,2.0,1.9990000005,0.99950000025,POSITIVE_LOWER_BOUND_WITH_NONZERO_GAP
normal,0.999998,3.0,2.0000020000000003,0.6666673333333334,POSITIVE_LOWER_BOUND_WITH_NONZERO_GAP
ambient,0.9998500037505624,3.0,2.0001499962494376,0.6667166654164792,POSITIVE_LOWER_BOUND_WITH_NONZERO_GAP
projected,0.0099994999874993,2.0,1.9900005000125007,0.9950002500062504,POSITIVE_LOWER_BOUND_WITH_NONZERO_GAP
normal,0.9998,3.0,2.0002,0.6667333333333333,POSITIVE_LOWER_BOUND_WITH_NONZERO_GAP
ambient,0.9998500037505624,3.0,2.0001499962494376,0.6667166654164792,POSITIVE_LOWER_BOUND_WITH_NONZERO_GAP
projected,0.0099994999874993,2.0,1.9900005000125007,0.9950002500062504,POSITIVE_LOWER_BOUND_WITH_NONZERO_GAP
normal,0.9998,3.0,2.0002,0.6667333333333333,POSITIVE_LOWER_BOUND_WITH_NONZERO_GAP
ambient,0.9998500037505624,3.0,2.0001499962494376,0.6667166654164792,POSITIVE_LOWER_BOUND_WITH_NONZERO_GAP
projected,0.0099994999874993,2.0,1.9900005000125007,0.9950002500062504,POSITIVE_LOWER_BOUND_WITH_NONZERO_GAP
normal,0.9998,3.0,2.0002,0.6667333333333333,POSITIVE_LOWER_BOUND_WITH_NONZERO_GAP
ambient,0.9850380703302792,3.0,2.0149619296697208,0.6716539765565736,POSITIVE_LOWER_BOUND_WITH_NONZERO_GAP
projected,0.0994987437106619,2.0,1.900501256289338,0.950250628144669,POSITIVE_LOWER_BOUND_WITH_NONZERO_GAP
normal,0.98,3.0,2.02,0.6733333333333333,POSITIVE_LOWER_BOUND_WITH_NONZERO_GAP
ambient,0.9850380703302792,3.0,2.0149619296697208,0.6716539765565736,POSITIVE_LOWER_BOUND_WITH_NONZERO_GAP
projected,0.0994987437106619,2.0,1.900501256289338,0.950250628144669,POSITIVE_LOWER_BOUND_WITH_NONZERO_GAP
normal,0.98,3.0,2.02,0.6733333333333333,POSITIVE_LOWER_BOUND_WITH_NONZERO_GAP
ambient,0.9850380703302792,3.0,2.0149619296697208,0.6716539765565736,POSITIVE_LOWER_BOUND_WITH_NONZERO_GAP
projected,0.0994987437106619,2.0,1.900501256289338,0.950250628144669,POSITIVE_LOWER_BOUND_WITH_NONZERO_GAP
normal,0.98,3.0,2.02,0.6733333333333333,POSITIVE_LOWER_BOUND_WITH_NONZERO_GAP
ambient,0.6614378277661476,3.0,2.3385621722338525,0.7795207240779508,POSITIVE_LOWER_BOUND_WITH_NONZERO_GAP
projected,0.4330127018922193,2.0,1.5669872981077808,0.7834936490538904,POSITIVE_LOWER_BOUND_WITH_NONZERO_GAP
normal,0.4999999999999999,3.0,2.5,0.8333333333333334,POSITIVE_LOWER_BOUND_WITH_NONZERO_GAP
ambient,0.6614378277661476,3.0,2.3385621722338525,0.7795207240779508,POSITIVE_LOWER_BOUND_WITH_NONZERO_GAP
projected,0.4330127018922193,2.0,1.5669872981077808,0.7834936490538904,POSITIVE_LOWER_BOUND_WITH_NONZERO_GAP
normal,0.4999999999999999,3.0,2.5,0.8333333333333334,POSITIVE_LOWER_BOUND_WITH_NONZERO_GAP
ambient,0.6614378277661476,3.0,2.3385621722338525,0.7795207240779508,POSITIVE_LOWER_BOUND_WITH_NONZERO_GAP
projected,0.4330127018922193,2.0,1.5669872981077808,0.7834936490538904,POSITIVE_LOWER_BOUND_WITH_NONZERO_GAP
normal,0.4999999999999999,3.0,2.5,0.8333333333333334,POSITIVE_LOWER_BOUND_WITH_NONZERO_GAP
ambient,1.0,3.0,2.0,0.6666666666666666,POSITIVE_LOWER_BOUND_WITH_NONZERO_GAP
projected,0.0,2.0,2.0,1.0,NO_POSITIVE_LOWER_BOUND_OBTAINED
normal,1.0,3.0,2.0,0.6666666666666666,POSITIVE_LOWER_BOUND_WITH_NONZERO_GAP
ambient,1.0,3.0,2.0,0.6666666666666666,POSITIVE_LOWER_BOUND_WITH_NONZERO_GAP
projected,0.0,2.0,2.0,1.0,NO_POSITIVE_LOWER_BOUND_OBTAINED
normal,1.0,3.0,2.0,0.6666666666666666,POSITIVE_LOWER_BOUND_WITH_NONZERO_GAP
ambient,1.0,3.0,2.0,0.6666666666666666,POSITIVE_LOWER_BOUND_WITH_NONZERO_GAP
projected,0.0,2.0,2.0,1.0,NO_POSITIVE_LOWER_BOUND_OBTAINED
normal,1.0,3.0,2.0,0.6666666666666666,POSITIVE_LOWER_BOUND_WITH_NONZERO_GAP
ambient,1.999998249999984,3.0,1.0000017500000158,0.3333339166666719,POSITIVE_LOWER_BOUND_WITH_NONZERO_GAP
projected,0.0009999994999998,2.0,1.9990000005,0.99950000025,POSITIVE_LOWER_BOUND_WITH_NONZERO_GAP
normal,1.999998,3.0,1.000002,0.333334,POSITIVE_LOWER_BOUND_WITH_NONZERO_GAP
ambient,1.999998249999984,3.0,1.0000017500000158,0.3333339166666719,POSITIVE_LOWER_BOUND_WITH_NONZERO_GAP
projected,0.0009999994999998,2.0,1.9990000005,0.99950000025,POSITIVE_LOWER_BOUND_WITH_NONZERO_GAP
normal,1.999998,3.0,1.000002,0.333334,POSITIVE_LOWER_BOUND_WITH_NONZERO_GAP
ambient,1.999998249999984,3.0,1.0000017500000158,0.3333339166666719,POSITIVE_LOWER_BOUND_WITH_NONZERO_GAP
projected,0.0009999994999998,2.0,1.9990000005,0.99950000025,POSITIVE_LOWER_BOUND_WITH_NONZERO_GAP
normal,1.999998,3.0,1.000002,0.333334,POSITIVE_LOWER_BOUND_WITH_NONZERO_GAP
ambient,1.9998249998437363,3.0,1.0001750001562637,0.3333916667187546,POSITIVE_LOWER_BOUND_WITH_NONZERO_GAP
projected,0.0099994999874993,2.0,1.9900005000125007,0.9950002500062504,POSITIVE_LOWER_BOUND_WITH_NONZERO_GAP
normal,1.9998,3.0,1.0002000000000002,0.3334000000000001,POSITIVE_LOWER_BOUND_WITH_NONZERO_GAP
ambient,1.9998249998437363,3.0,1.0001750001562637,0.3333916667187546,POSITIVE_LOWER_BOUND_WITH_NONZERO_GAP
projected,0.0099994999874993,2.0,1.9900005000125007,0.9950002500062504,POSITIVE_LOWER_BOUND_WITH_NONZERO_GAP
normal,1.9998,3.0,1.0002000000000002,0.3334000000000001,POSITIVE_LOWER_BOUND_WITH_NONZERO_GAP
ambient,1.9998249998437363,3.0,1.0001750001562637,0.3333916667187546,POSITIVE_LOWER_BOUND_WITH_NONZERO_GAP
projected,0.0099994999874993,2.0,1.9900005000125007,0.9950002500062504,POSITIVE_LOWER_BOUND_WITH_NONZERO_GAP
normal,1.9998,3.0,1.0002000000000002,0.3334000000000001,POSITIVE_LOWER_BOUND_WITH_NONZERO_GAP
ambient,1.9824984237068133,3.0,1.0175015762931867,0.3391671920977289,POSITIVE_LOWER_BOUND_WITH_NONZERO_GAP
projected,0.0994987437106619,2.0,1.900501256289338,0.950250628144669,POSITIVE_LOWER_BOUND_WITH_NONZERO_GAP
normal,1.98,3.0,1.02,0.34,POSITIVE_LOWER_BOUND_WITH_NONZERO_GAP
ambient,1.9824984237068133,3.0,1.0175015762931867,0.3391671920977289,POSITIVE_LOWER_BOUND_WITH_NONZERO_GAP
projected,0.0994987437106619,2.0,1.900501256289338,0.950250628144669,POSITIVE_LOWER_BOUND_WITH_NONZERO_GAP
normal,1.98,3.0,1.02,0.34,POSITIVE_LOWER_BOUND_WITH_NONZERO_GAP
ambient,1.9824984237068133,3.0,1.0175015762931867,0.3391671920977289,POSITIVE_LOWER_BOUND_WITH_NONZERO_GAP
projected,0.0994987437106619,2.0,1.900501256289338,0.950250628144669,POSITIVE_LOWER_BOUND_WITH_NONZERO_GAP
normal,1.98,3.0,1.02,0.34,POSITIVE_LOWER_BOUND_WITH_NONZERO_GAP
ambient,1.5612494995995994,3.0,1.4387505004004006,0.4795835001334669,POSITIVE_LOWER_BOUND_WITH_NONZERO_GAP
projected,0.4330127018922193,2.0,1.5669872981077808,0.7834936490538904,POSITIVE_LOWER_BOUND_WITH_NONZERO_GAP
normal,1.4999999999999998,3.0,1.5000000000000002,0.5000000000000001,POSITIVE_LOWER_BOUND_WITH_NONZERO_GAP
ambient,1.5612494995995994,3.0,1.4387505004004006,0.4795835001334669,POSITIVE_LOWER_BOUND_WITH_NONZERO_GAP
projected,0.4330127018922193,2.0,1.5669872981077808,0.7834936490538904,POSITIVE_LOWER_BOUND_WITH_NONZERO_GAP
normal,1.4999999999999998,3.0,1.5000000000000002,0.5000000000000001,POSITIVE_LOWER_BOUND_WITH_NONZERO_GAP
ambient,1.5612494995995994,3.0,1.4387505004004006,0.4795835001334669,POSITIVE_LOWER_BOUND_WITH_NONZERO_GAP
projected,0.4330127018922193,2.0,1.5669872981077808,0.7834936490538904,POSITIVE_LOWER_BOUND_WITH_NONZERO_GAP
normal,1.4999999999999998,3.0,1.5000000000000002,0.5000000000000001,POSITIVE_LOWER_BOUND_WITH_NONZERO_GAP
ambient,0.0,3.0,3.0,1.0,NO_POSITIVE_LOWER_BOUND_OBTAINED
projected,0.0,2.0,2.0,1.0,NO_POSITIVE_LOWER_BOUND_OBTAINED
normal,0.0,3.0,3.0,1.0,NO_POSITIVE_LOWER_BOUND_OBTAINED
ambient,0.0,3.0,3.0,1.0,NO_POSITIVE_LOWER_BOUND_OBTAINED
projected,0.0,2.0,2.0,1.0,NO_POSITIVE_LOWER_BOUND_OBTAINED
normal,0.0,3.0,3.0,1.0,NO_POSITIVE_LOWER_BOUND_OBTAINED
ambient,0.0,3.0,3.0,1.0,NO_POSITIVE_LOWER_BOUND_OBTAINED
projected,0.0,2.0,2.0,1.0,NO_POSITIVE_LOWER_BOUND_OBTAINED
normal,0.0,3.0,3.0,1.0,NO_POSITIVE_LOWER_BOUND_OBTAINED
ambient,1.999998249999984,3.0,1.0000017500000158,0.3333339166666719,POSITIVE_LOWER_BOUND_WITH_NONZERO_GAP
projected,0.0009999994999998,2.0,1.9990000005,0.99950000025,POSITIVE_LOWER_BOUND_WITH_NONZERO_GAP
normal,1.999998,3.0,1.000002,0.333334,POSITIVE_LOWER_BOUND_WITH_NONZERO_GAP
ambient,1.999998249999984,3.0,1.0000017500000158,0.3333339166666719,POSITIVE_LOWER_BOUND_WITH_NONZERO_GAP
projected,0.0009999994999998,2.0,1.9990000005,0.99950000025,POSITIVE_LOWER_BOUND_WITH_NONZERO_GAP
normal,1.999998,3.0,1.000002,0.333334,POSITIVE_LOWER_BOUND_WITH_NONZERO_GAP
ambient,1.999998249999984,3.0,1.0000017500000158,0.3333339166666719,POSITIVE_LOWER_BOUND_WITH_NONZERO_GAP
projected,0.0009999994999998,2.0,1.9990000005,0.99950000025,POSITIVE_LOWER_BOUND_WITH_NONZERO_GAP
normal,1.999998,3.0,1.000002,0.333334,POSITIVE_LOWER_BOUND_WITH_NONZERO_GAP
ambient,1.9998249998437363,3.0,1.0001750001562637,0.3333916667187546,POSITIVE_LOWER_BOUND_WITH_NONZERO_GAP
projected,0.0099994999874993,2.0,1.9900005000125007,0.9950002500062504,POSITIVE_LOWER_BOUND_WITH_NONZERO_GAP
normal,1.9998,3.0,1.0002000000000002,0.3334000000000001,POSITIVE_LOWER_BOUND_WITH_NONZERO_GAP
ambient,1.9998249998437363,3.0,1.0001750001562637,0.3333916667187546,POSITIVE_LOWER_BOUND_WITH_NONZERO_GAP
projected,0.0099994999874993,2.0,1.9900005000125007,0.9950002500062504,POSITIVE_LOWER_BOUND_WITH_NONZERO_GAP
normal,1.9998,3.0,1.0002000000000002,0.3334000000000001,POSITIVE_LOWER_BOUND_WITH_NONZERO_GAP
ambient,1.9998249998437363,3.0,1.0001750001562637,0.3333916667187546,POSITIVE_LOWER_BOUND_WITH_NONZERO_GAP
projected,0.0099994999874993,2.0,1.9900005000125007,0.9950002500062504,POSITIVE_LOWER_BOUND_WITH_NONZERO_GAP
normal,1.9998,3.0,1.0002000000000002,0.3334000000000001,POSITIVE_LOWER_BOUND_WITH_NONZERO_GAP
ambient,1.9824984237068133,3.0,1.0175015762931867,0.3391671920977289,POSITIVE_LOWER_BOUND_WITH_NONZERO_GAP
projected,0.0994987437106619,2.0,1.900501256289338,0.950250628144669,POSITIVE_LOWER_BOUND_WITH_NONZERO_GAP
normal,1.98,3.0,1.02,0.34,POSITIVE_LOWER_BOUND_WITH_NONZERO_GAP
ambient,1.9824984237068133,3.0,1.0175015762931867,0.3391671920977289,POSITIVE_LOWER_BOUND_WITH_NONZERO_GAP
projected,0.0994987437106619,2.0,1.900501256289338,0.950250628144669,POSITIVE_LOWER_BOUND_WITH_NONZERO_GAP
normal,1.98,3.0,1.02,0.34,POSITIVE_LOWER_BOUND_WITH_NONZERO_GAP
ambient,1.9824984237068133,3.0,1.0175015762931867,0.3391671920977289,POSITIVE_LOWER_BOUND_WITH_NONZERO_GAP
projected,0.0994987437106619,2.0,1.900501256289338,0.950250628144669,POSITIVE_LOWER_BOUND_WITH_NONZERO_GAP
normal,1.98,3.0,1.02,0.34,POSITIVE_LOWER_BOUND_WITH_NONZERO_GAP
ambient,1.5612494995995994,3.0,1.4387505004004006,0.4795835001334669,POSITIVE_LOWER_BOUND_WITH_NONZERO_GAP
projected,0.4330127018922193,2.0,1.5669872981077808,0.7834936490538904,POSITIVE_LOWER_BOUND_WITH_NONZERO_GAP
normal,1.4999999999999998,3.0,1.5000000000000002,0.5000000000000001,POSITIVE_LOWER_BOUND_WITH_NONZERO_GAP
ambient,1.5612494995995994,3.0,1.4387505004004006,0.4795835001334669,POSITIVE_LOWER_BOUND_WITH_NONZERO_GAP
projected,0.4330127018922193,2.0,1.5669872981077808,0.7834936490538904,POSITIVE_LOWER_BOUND_WITH_NONZERO_GAP
normal,1.4999999999999998,3.0,1.5000000000000002,0.5000000000000001,POSITIVE_LOWER_BOUND_WITH_NONZERO_GAP
ambient,1.5612494995995994,3.0,1.4387505004004006,0.4795835001334669,POSITIVE_LOWER_BOUND_WITH_NONZERO_GAP
projected,0.4330127018922193,2.0,1.5669872981077808,0.7834936490538904,POSITIVE_LOWER_BOUND_WITH_NONZERO_GAP
normal,1.4999999999999998,3.0,1.5000000000000002,0.5000000000000001,POSITIVE_LOWER_BOUND_WITH_NONZERO_GAP
ambient,0.0,3.0,3.0,1.0,NO_POSITIVE_LOWER_BOUND_OBTAINED
projected,0.0,2.0,2.0,1.0,NO_POSITIVE_LOWER_BOUND_OBTAINED
normal,0.0,3.0,3.0,1.0,NO_POSITIVE_LOWER_BOUND_OBTAINED
ambient,0.0,3.0,3.0,1.0,NO_POSITIVE_LOWER_BOUND_OBTAINED
projected,0.0,2.0,2.0,1.0,NO_POSITIVE_LOWER_BOUND_OBTAINED
normal,0.0,3.0,3.0,1.0,NO_POSITIVE_LOWER_BOUND_OBTAINED
ambient,0.0,3.0,3.0,1.0,NO_POSITIVE_LOWER_BOUND_OBTAINED
projected,0.0,2.0,2.0,1.0,NO_POSITIVE_LOWER_BOUND_OBTAINED
normal,0.0,3.0,3.0,1.0,NO_POSITIVE_LOWER_BOUND_OBTAINED
ambient,2.999997500000125,3.0,2.499999875116288e-06,8.333332917054292e-07,POSITIVE_LOWER_BOUND_WITH_NONZERO_GAP
projected,0.0029999984999996,2.0,1.9970000015000005,0.9985000007500002,POSITIVE_LOWER_BOUND_WITH_NONZERO_GAP
normal,2.999996,3.0,4.000000000115023e-06,1.333333333371674e-06,POSITIVE_LOWER_BOUND_WITH_NONZERO_GAP
ambient,2.999997500000125,3.0,2.499999875116288e-06,8.333332917054292e-07,POSITIVE_LOWER_BOUND_WITH_NONZERO_GAP
projected,0.0029999984999996,2.0,1.9970000015000005,0.9985000007500002,POSITIVE_LOWER_BOUND_WITH_NONZERO_GAP
normal,2.999996,3.0,4.000000000115023e-06,1.333333333371674e-06,POSITIVE_LOWER_BOUND_WITH_NONZERO_GAP
ambient,2.999997500000125,3.0,2.499999875116288e-06,8.333332917054292e-07,POSITIVE_LOWER_BOUND_WITH_NONZERO_GAP
projected,0.0029999984999996,2.0,1.9970000015000005,0.9985000007500002,POSITIVE_LOWER_BOUND_WITH_NONZERO_GAP
normal,2.999996,3.0,4.000000000115023e-06,1.333333333371674e-06,POSITIVE_LOWER_BOUND_WITH_NONZERO_GAP
ambient,2.999750001250104,3.0,0.0002499987498958,8.333291663194704e-05,POSITIVE_LOWER_BOUND_WITH_NONZERO_GAP
projected,0.0299984999624981,2.0,1.970001500037502,0.985000750018751,POSITIVE_LOWER_BOUND_WITH_NONZERO_GAP
normal,2.9996,3.0,0.0004000000000004,0.0001333333333334,POSITIVE_LOWER_BOUND_WITH_NONZERO_GAP
ambient,2.999750001250104,3.0,0.0002499987498958,8.333291663194704e-05,POSITIVE_LOWER_BOUND_WITH_NONZERO_GAP
projected,0.0299984999624981,2.0,1.970001500037502,0.985000750018751,POSITIVE_LOWER_BOUND_WITH_NONZERO_GAP
normal,2.9996,3.0,0.0004000000000004,0.0001333333333334,POSITIVE_LOWER_BOUND_WITH_NONZERO_GAP
ambient,2.999750001250104,3.0,0.0002499987498958,8.333291663194704e-05,POSITIVE_LOWER_BOUND_WITH_NONZERO_GAP
projected,0.0299984999624981,2.0,1.970001500037502,0.985000750018751,POSITIVE_LOWER_BOUND_WITH_NONZERO_GAP
normal,2.9996,3.0,0.0004000000000004,0.0001333333333334,POSITIVE_LOWER_BOUND_WITH_NONZERO_GAP
ambient,2.975012605015313,3.0,0.024987394984687,0.0083291316615623,POSITIVE_LOWER_BOUND_WITH_NONZERO_GAP
projected,0.298496231131986,2.0,1.701503768868014,0.850751884434007,POSITIVE_LOWER_BOUND_WITH_NONZERO_GAP
normal,2.96,3.0,0.04,0.0133333333333333,POSITIVE_LOWER_BOUND_WITH_NONZERO_GAP
ambient,2.975012605015313,3.0,0.024987394984687,0.0083291316615623,POSITIVE_LOWER_BOUND_WITH_NONZERO_GAP
projected,0.298496231131986,2.0,1.701503768868014,0.850751884434007,POSITIVE_LOWER_BOUND_WITH_NONZERO_GAP
normal,2.96,3.0,0.04,0.0133333333333333,POSITIVE_LOWER_BOUND_WITH_NONZERO_GAP
ambient,2.975012605015313,3.0,0.024987394984687,0.0083291316615623,POSITIVE_LOWER_BOUND_WITH_NONZERO_GAP
projected,0.298496231131986,2.0,1.701503768868014,0.850751884434007,POSITIVE_LOWER_BOUND_WITH_NONZERO_GAP
normal,2.96,3.0,0.04,0.0133333333333333,POSITIVE_LOWER_BOUND_WITH_NONZERO_GAP
ambient,2.384848003542364,3.0,0.615151996457636,0.2050506654858786,POSITIVE_LOWER_BOUND_WITH_NONZERO_GAP
projected,1.2990381056766578,2.0,0.7009618943233422,0.3504809471616711,POSITIVE_LOWER_BOUND_WITH_NONZERO_GAP
normal,2.0,3.0,1.0000000000000002,0.3333333333333334,POSITIVE_LOWER_BOUND_WITH_NONZERO_GAP
ambient,2.384848003542364,3.0,0.615151996457636,0.2050506654858786,POSITIVE_LOWER_BOUND_WITH_NONZERO_GAP
projected,1.2990381056766578,2.0,0.7009618943233422,0.3504809471616711,POSITIVE_LOWER_BOUND_WITH_NONZERO_GAP
normal,2.0,3.0,1.0000000000000002,0.3333333333333334,POSITIVE_LOWER_BOUND_WITH_NONZERO_GAP
ambient,2.384848003542364,3.0,0.615151996457636,0.2050506654858786,POSITIVE_LOWER_BOUND_WITH_NONZERO_GAP
projected,1.2990381056766578,2.0,0.7009618943233422,0.3504809471616711,POSITIVE_LOWER_BOUND_WITH_NONZERO_GAP
normal,2.0,3.0,1.0000000000000002,0.3333333333333334,POSITIVE_LOWER_BOUND_WITH_NONZERO_GAP
ambient,1.0,3.0,2.0,0.6666666666666666,POSITIVE_LOWER_BOUND_WITH_NONZERO_GAP
projected,0.0,2.0,2.0,1.0,NO_POSITIVE_LOWER_BOUND_OBTAINED
normal,1.0,3.0,2.0,0.6666666666666666,POSITIVE_LOWER_BOUND_WITH_NONZERO_GAP
ambient,1.0,3.0,2.0,0.6666666666666666,POSITIVE_LOWER_BOUND_WITH_NONZERO_GAP
projected,0.0,2.0,2.0,1.0,NO_POSITIVE_LOWER_BOUND_OBTAINED
normal,1.0,3.0,2.0,0.6666666666666666,POSITIVE_LOWER_BOUND_WITH_NONZERO_GAP
ambient,1.0,3.0,2.0,0.6666666666666666,POSITIVE_LOWER_BOUND_WITH_NONZERO_GAP
projected,0.0,2.0,2.0,1.0,NO_POSITIVE_LOWER_BOUND_OBTAINED
normal,1.0,3.0,2.0,0.6666666666666666,POSITIVE_LOWER_BOUND_WITH_NONZERO_GAP
ambient,0.9999985000003748,4.0,3.000001499999625,0.7500003749999062,POSITIVE_LOWER_BOUND_WITH_NONZERO_GAP
projected,0.0,3.0,3.0,1.0,NO_POSITIVE_LOWER_BOUND_OBTAINED
normal,0.9999985000003748,4.0,3.000001499999625,0.7500003749999062,POSITIVE_LOWER_BOUND_WITH_NONZERO_GAP
ambient,0.9999985000003748,4.0,3.000001499999625,0.7500003749999062,POSITIVE_LOWER_BOUND_WITH_NONZERO_GAP
projected,0.0,3.0,3.0,1.0,NO_POSITIVE_LOWER_BOUND_OBTAINED
normal,0.9999985000003748,4.0,3.000001499999625,0.7500003749999062,POSITIVE_LOWER_BOUND_WITH_NONZERO_GAP
ambient,0.9999985000003748,4.0,3.000001499999625,0.7500003749999062,POSITIVE_LOWER_BOUND_WITH_NONZERO_GAP
projected,0.0,3.0,3.0,1.0,NO_POSITIVE_LOWER_BOUND_OBTAINED
normal,0.9999985000003748,4.0,3.000001499999625,0.7500003749999062,POSITIVE_LOWER_BOUND_WITH_NONZERO_GAP
ambient,0.9998500037500624,4.0,3.0001499962499376,0.7500374990624844,POSITIVE_LOWER_BOUND_WITH_NONZERO_GAP
projected,0.0,3.0,3.0,1.0,NO_POSITIVE_LOWER_BOUND_OBTAINED
normal,0.9998500037500624,4.0,3.0001499962499376,0.7500374990624844,POSITIVE_LOWER_BOUND_WITH_NONZERO_GAP
ambient,0.9998500037500624,4.0,3.0001499962499376,0.7500374990624844,POSITIVE_LOWER_BOUND_WITH_NONZERO_GAP
projected,0.0,3.0,3.0,1.0,NO_POSITIVE_LOWER_BOUND_OBTAINED
normal,0.9998500037500624,4.0,3.0001499962499376,0.7500374990624844,POSITIVE_LOWER_BOUND_WITH_NONZERO_GAP
ambient,0.9998500037500624,4.0,3.0001499962499376,0.7500374990624844,POSITIVE_LOWER_BOUND_WITH_NONZERO_GAP
projected,0.0,3.0,3.0,1.0,NO_POSITIVE_LOWER_BOUND_OBTAINED
normal,0.9998500037500624,4.0,3.0001499962499376,0.7500374990624844,POSITIVE_LOWER_BOUND_WITH_NONZERO_GAP
ambient,0.9850375627355537,4.0,3.0149624372644466,0.7537406093161116,POSITIVE_LOWER_BOUND_WITH_NONZERO_GAP
projected,0.0,3.0,3.0,1.0,NO_POSITIVE_LOWER_BOUND_OBTAINED
normal,0.9850375627355537,4.0,3.0149624372644466,0.7537406093161116,POSITIVE_LOWER_BOUND_WITH_NONZERO_GAP
ambient,0.9850375627355537,4.0,3.0149624372644466,0.7537406093161116,POSITIVE_LOWER_BOUND_WITH_NONZERO_GAP
projected,0.0,3.0,3.0,1.0,NO_POSITIVE_LOWER_BOUND_OBTAINED
normal,0.9850375627355537,4.0,3.0149624372644466,0.7537406093161116,POSITIVE_LOWER_BOUND_WITH_NONZERO_GAP
ambient,0.9850375627355537,4.0,3.0149624372644466,0.7537406093161116,POSITIVE_LOWER_BOUND_WITH_NONZERO_GAP
projected,0.0,3.0,3.0,1.0,NO_POSITIVE_LOWER_BOUND_OBTAINED
normal,0.9850375627355537,4.0,3.0149624372644466,0.7537406093161116,POSITIVE_LOWER_BOUND_WITH_NONZERO_GAP
ambient,0.6495190528383289,4.0,3.350480947161671,0.8376202367904177,POSITIVE_LOWER_BOUND_WITH_NONZERO_GAP
projected,0.0,3.0,3.0,1.0,NO_POSITIVE_LOWER_BOUND_OBTAINED
normal,0.6495190528383289,4.0,3.350480947161671,0.8376202367904177,POSITIVE_LOWER_BOUND_WITH_NONZERO_GAP
ambient,0.6495190528383289,4.0,3.350480947161671,0.8376202367904177,POSITIVE_LOWER_BOUND_WITH_NONZERO_GAP
projected,0.0,3.0,3.0,1.0,NO_POSITIVE_LOWER_BOUND_OBTAINED
normal,0.6495190528383289,4.0,3.350480947161671,0.8376202367904177,POSITIVE_LOWER_BOUND_WITH_NONZERO_GAP
ambient,0.6495190528383289,4.0,3.350480947161671,0.8376202367904177,POSITIVE_LOWER_BOUND_WITH_NONZERO_GAP
projected,0.0,3.0,3.0,1.0,NO_POSITIVE_LOWER_BOUND_OBTAINED
normal,0.6495190528383289,4.0,3.350480947161671,0.8376202367904177,POSITIVE_LOWER_BOUND_WITH_NONZERO_GAP
ambient,0.0,4.0,4.0,1.0,NO_POSITIVE_LOWER_BOUND_OBTAINED
projected,0.0,3.0,3.0,1.0,NO_POSITIVE_LOWER_BOUND_OBTAINED
normal,0.0,4.0,4.0,1.0,NO_POSITIVE_LOWER_BOUND_OBTAINED
ambient,0.0,4.0,4.0,1.0,NO_POSITIVE_LOWER_BOUND_OBTAINED
projected,0.0,3.0,3.0,1.0,NO_POSITIVE_LOWER_BOUND_OBTAINED
normal,0.0,4.0,4.0,1.0,NO_POSITIVE_LOWER_BOUND_OBTAINED
ambient,0.0,4.0,4.0,1.0,NO_POSITIVE_LOWER_BOUND_OBTAINED
projected,0.0,3.0,3.0,1.0,NO_POSITIVE_LOWER_BOUND_OBTAINED
normal,0.0,4.0,4.0,1.0,NO_POSITIVE_LOWER_BOUND_OBTAINED
ambient,0.999998000001,4.0,3.000001999999,0.75000049999975,POSITIVE_LOWER_BOUND_WITH_NONZERO_GAP
projected,0.000999999,3.0,2.999000001,0.999666667,POSITIVE_LOWER_BOUND_WITH_NONZERO_GAP
normal,0.999997500000875,4.0,3.000002499999125,0.7500006249997813,POSITIVE_LOWER_BOUND_WITH_NONZERO_GAP
ambient,0.999998000001,4.0,3.000001999999,0.75000049999975,POSITIVE_LOWER_BOUND_WITH_NONZERO_GAP
projected,0.000999999,3.0,2.999000001,0.999666667,POSITIVE_LOWER_BOUND_WITH_NONZERO_GAP
normal,0.999997500000875,4.0,3.000002499999125,0.7500006249997813,POSITIVE_LOWER_BOUND_WITH_NONZERO_GAP
ambient,0.999998000001,4.0,3.000001999999,0.75000049999975,POSITIVE_LOWER_BOUND_WITH_NONZERO_GAP
projected,0.000999999,3.0,2.999000001,0.999666667,POSITIVE_LOWER_BOUND_WITH_NONZERO_GAP
normal,0.999997500000875,4.0,3.000002499999125,0.7500006249997813,POSITIVE_LOWER_BOUND_WITH_NONZERO_GAP
ambient,0.9998000100005,4.0,3.0001999899995,0.750049997499875,POSITIVE_LOWER_BOUND_WITH_NONZERO_GAP
projected,0.009999,3.0,2.990001,0.996667,POSITIVE_LOWER_BOUND_WITH_NONZERO_GAP
normal,0.9997500087501876,4.0,3.0002499912498126,0.7500624978124532,POSITIVE_LOWER_BOUND_WITH_NONZERO_GAP
ambient,0.9998000100005,4.0,3.0001999899995,0.750049997499875,POSITIVE_LOWER_BOUND_WITH_NONZERO_GAP
projected,0.009999,3.0,2.990001,0.996667,POSITIVE_LOWER_BOUND_WITH_NONZERO_GAP
normal,0.9997500087501876,4.0,3.0002499912498126,0.7500624978124532,POSITIVE_LOWER_BOUND_WITH_NONZERO_GAP
ambient,0.9998000100005,4.0,3.0001999899995,0.750049997499875,POSITIVE_LOWER_BOUND_WITH_NONZERO_GAP
projected,0.009999,3.0,2.990001,0.996667,POSITIVE_LOWER_BOUND_WITH_NONZERO_GAP
normal,0.9997500087501876,4.0,3.0002499912498126,0.7500624978124532,POSITIVE_LOWER_BOUND_WITH_NONZERO_GAP
ambient,0.9801005050503748,4.0,3.019899494949625,0.7549748737374062,POSITIVE_LOWER_BOUND_WITH_NONZERO_GAP
projected,0.0989999999999999,3.0,2.901,0.967,POSITIVE_LOWER_BOUND_WITH_NONZERO_GAP
normal,0.9750876883644874,4.0,3.024912311635513,0.7562280779088781,POSITIVE_LOWER_BOUND_WITH_NONZERO_GAP
ambient,0.9801005050503748,4.0,3.019899494949625,0.7549748737374062,POSITIVE_LOWER_BOUND_WITH_NONZERO_GAP
projected,0.0989999999999999,3.0,2.901,0.967,POSITIVE_LOWER_BOUND_WITH_NONZERO_GAP
normal,0.9750876883644874,4.0,3.024912311635513,0.7562280779088781,POSITIVE_LOWER_BOUND_WITH_NONZERO_GAP
ambient,0.9801005050503748,4.0,3.019899494949625,0.7549748737374062,POSITIVE_LOWER_BOUND_WITH_NONZERO_GAP
projected,0.0989999999999999,3.0,2.901,0.967,POSITIVE_LOWER_BOUND_WITH_NONZERO_GAP
normal,0.9750876883644874,4.0,3.024912311635513,0.7562280779088781,POSITIVE_LOWER_BOUND_WITH_NONZERO_GAP
ambient,0.57282196186948,4.0,3.42717803813052,0.85679450953263,POSITIVE_LOWER_BOUND_WITH_NONZERO_GAP
projected,0.3749999999999999,3.0,2.625,0.875,POSITIVE_LOWER_BOUND_WITH_NONZERO_GAP
normal,0.4330127018922193,4.0,3.566987298107781,0.8917468245269452,POSITIVE_LOWER_BOUND_WITH_NONZERO_GAP
ambient,0.57282196186948,4.0,3.42717803813052,0.85679450953263,POSITIVE_LOWER_BOUND_WITH_NONZERO_GAP
projected,0.3749999999999999,3.0,2.625,0.875,POSITIVE_LOWER_BOUND_WITH_NONZERO_GAP
normal,0.4330127018922193,4.0,3.566987298107781,0.8917468245269452,POSITIVE_LOWER_BOUND_WITH_NONZERO_GAP
ambient,0.57282196186948,4.0,3.42717803813052,0.85679450953263,POSITIVE_LOWER_BOUND_WITH_NONZERO_GAP
projected,0.3749999999999999,3.0,2.625,0.875,POSITIVE_LOWER_BOUND_WITH_NONZERO_GAP
normal,0.4330127018922193,4.0,3.566987298107781,0.8917468245269452,POSITIVE_LOWER_BOUND_WITH_NONZERO_GAP
ambient,0.0,4.0,4.0,1.0,NO_POSITIVE_LOWER_BOUND_OBTAINED
projected,0.0,3.0,3.0,1.0,NO_POSITIVE_LOWER_BOUND_OBTAINED
normal,0.0,4.0,4.0,1.0,NO_POSITIVE_LOWER_BOUND_OBTAINED
ambient,0.0,4.0,4.0,1.0,NO_POSITIVE_LOWER_BOUND_OBTAINED
projected,0.0,3.0,3.0,1.0,NO_POSITIVE_LOWER_BOUND_OBTAINED
normal,0.0,4.0,4.0,1.0,NO_POSITIVE_LOWER_BOUND_OBTAINED
ambient,0.0,4.0,4.0,1.0,NO_POSITIVE_LOWER_BOUND_OBTAINED
projected,0.0,3.0,3.0,1.0,NO_POSITIVE_LOWER_BOUND_OBTAINED
normal,0.0,4.0,4.0,1.0,NO_POSITIVE_LOWER_BOUND_OBTAINED
ambient,0.999998000001,4.0,3.000001999999,0.75000049999975,POSITIVE_LOWER_BOUND_WITH_NONZERO_GAP
projected,0.000999999,3.0,2.999000001,0.999666667,POSITIVE_LOWER_BOUND_WITH_NONZERO_GAP
normal,0.999997500000875,4.0,3.000002499999125,0.7500006249997813,POSITIVE_LOWER_BOUND_WITH_NONZERO_GAP
ambient,0.999998000001,4.0,3.000001999999,0.75000049999975,POSITIVE_LOWER_BOUND_WITH_NONZERO_GAP
projected,0.000999999,3.0,2.999000001,0.999666667,POSITIVE_LOWER_BOUND_WITH_NONZERO_GAP
normal,0.999997500000875,4.0,3.000002499999125,0.7500006249997813,POSITIVE_LOWER_BOUND_WITH_NONZERO_GAP
ambient,0.999998000001,4.0,3.000001999999,0.75000049999975,POSITIVE_LOWER_BOUND_WITH_NONZERO_GAP
projected,0.000999999,3.0,2.999000001,0.999666667,POSITIVE_LOWER_BOUND_WITH_NONZERO_GAP
normal,0.999997500000875,4.0,3.000002499999125,0.7500006249997813,POSITIVE_LOWER_BOUND_WITH_NONZERO_GAP
ambient,0.9998000100005,4.0,3.0001999899995,0.750049997499875,POSITIVE_LOWER_BOUND_WITH_NONZERO_GAP
projected,0.009999,3.0,2.990001,0.996667,POSITIVE_LOWER_BOUND_WITH_NONZERO_GAP
normal,0.9997500087501876,4.0,3.0002499912498126,0.7500624978124532,POSITIVE_LOWER_BOUND_WITH_NONZERO_GAP
ambient,0.9998000100005,4.0,3.0001999899995,0.750049997499875,POSITIVE_LOWER_BOUND_WITH_NONZERO_GAP
projected,0.009999,3.0,2.990001,0.996667,POSITIVE_LOWER_BOUND_WITH_NONZERO_GAP
normal,0.9997500087501876,4.0,3.0002499912498126,0.7500624978124532,POSITIVE_LOWER_BOUND_WITH_NONZERO_GAP
ambient,0.9998000100005,4.0,3.0001999899995,0.750049997499875,POSITIVE_LOWER_BOUND_WITH_NONZERO_GAP
projected,0.009999,3.0,2.990001,0.996667,POSITIVE_LOWER_BOUND_WITH_NONZERO_GAP
normal,0.9997500087501876,4.0,3.0002499912498126,0.7500624978124532,POSITIVE_LOWER_BOUND_WITH_NONZERO_GAP
ambient,0.9801005050503748,4.0,3.019899494949625,0.7549748737374062,POSITIVE_LOWER_BOUND_WITH_NONZERO_GAP
projected,0.0989999999999999,3.0,2.901,0.967,POSITIVE_LOWER_BOUND_WITH_NONZERO_GAP
normal,0.9750876883644874,4.0,3.024912311635513,0.7562280779088781,POSITIVE_LOWER_BOUND_WITH_NONZERO_GAP
ambient,0.9801005050503748,4.0,3.019899494949625,0.7549748737374062,POSITIVE_LOWER_BOUND_WITH_NONZERO_GAP
projected,0.0989999999999999,3.0,2.901,0.967,POSITIVE_LOWER_BOUND_WITH_NONZERO_GAP
normal,0.9750876883644874,4.0,3.024912311635513,0.7562280779088781,POSITIVE_LOWER_BOUND_WITH_NONZERO_GAP
ambient,0.9801005050503748,4.0,3.019899494949625,0.7549748737374062,POSITIVE_LOWER_BOUND_WITH_NONZERO_GAP
projected,0.0989999999999999,3.0,2.901,0.967,POSITIVE_LOWER_BOUND_WITH_NONZERO_GAP
normal,0.9750876883644874,4.0,3.024912311635513,0.7562280779088781,POSITIVE_LOWER_BOUND_WITH_NONZERO_GAP
ambient,0.57282196186948,4.0,3.42717803813052,0.85679450953263,POSITIVE_LOWER_BOUND_WITH_NONZERO_GAP
projected,0.3749999999999999,3.0,2.625,0.875,POSITIVE_LOWER_BOUND_WITH_NONZERO_GAP
normal,0.4330127018922193,4.0,3.566987298107781,0.8917468245269452,POSITIVE_LOWER_BOUND_WITH_NONZERO_GAP
ambient,0.57282196186948,4.0,3.42717803813052,0.85679450953263,POSITIVE_LOWER_BOUND_WITH_NONZERO_GAP
projected,0.3749999999999999,3.0,2.625,0.875,POSITIVE_LOWER_BOUND_WITH_NONZERO_GAP
normal,0.4330127018922193,4.0,3.566987298107781,0.8917468245269452,POSITIVE_LOWER_BOUND_WITH_NONZERO_GAP
ambient,0.57282196186948,4.0,3.42717803813052,0.85679450953263,POSITIVE_LOWER_BOUND_WITH_NONZERO_GAP
projected,0.3749999999999999,3.0,2.625,0.875,POSITIVE_LOWER_BOUND_WITH_NONZERO_GAP
normal,0.4330127018922193,4.0,3.566987298107781,0.8917468245269452,POSITIVE_LOWER_BOUND_WITH_NONZERO_GAP
ambient,0.0,4.0,4.0,1.0,NO_POSITIVE_LOWER_BOUND_OBTAINED
projected,0.0,3.0,3.0,1.0,NO_POSITIVE_LOWER_BOUND_OBTAINED
normal,0.0,4.0,4.0,1.0,NO_POSITIVE_LOWER_BOUND_OBTAINED
ambient,0.0,4.0,4.0,1.0,NO_POSITIVE_LOWER_BOUND_OBTAINED
projected,0.0,3.0,3.0,1.0,NO_POSITIVE_LOWER_BOUND_OBTAINED
normal,0.0,4.0,4.0,1.0,NO_POSITIVE_LOWER_BOUND_OBTAINED
ambient,0.0,4.0,4.0,1.0,NO_POSITIVE_LOWER_BOUND_OBTAINED
projected,0.0,3.0,3.0,1.0,NO_POSITIVE_LOWER_BOUND_OBTAINED
normal,0.0,4.0,4.0,1.0,NO_POSITIVE_LOWER_BOUND_OBTAINED
ambient,0.999998000001,4.0,3.000001999999,0.75000049999975,POSITIVE_LOWER_BOUND_WITH_NONZERO_GAP
projected,0.000999999,3.0,2.999000001,0.999666667,POSITIVE_LOWER_BOUND_WITH_NONZERO_GAP
normal,0.999997500000875,4.0,3.000002499999125,0.7500006249997813,POSITIVE_LOWER_BOUND_WITH_NONZERO_GAP
ambient,0.999998000001,4.0,3.000001999999,0.75000049999975,POSITIVE_LOWER_BOUND_WITH_NONZERO_GAP
projected,0.000999999,3.0,2.999000001,0.999666667,POSITIVE_LOWER_BOUND_WITH_NONZERO_GAP
normal,0.999997500000875,4.0,3.000002499999125,0.7500006249997813,POSITIVE_LOWER_BOUND_WITH_NONZERO_GAP
ambient,0.999998000001,4.0,3.000001999999,0.75000049999975,POSITIVE_LOWER_BOUND_WITH_NONZERO_GAP
projected,0.000999999,3.0,2.999000001,0.999666667,POSITIVE_LOWER_BOUND_WITH_NONZERO_GAP
normal,0.999997500000875,4.0,3.000002499999125,0.7500006249997813,POSITIVE_LOWER_BOUND_WITH_NONZERO_GAP
ambient,0.9998000100005,4.0,3.0001999899995,0.750049997499875,POSITIVE_LOWER_BOUND_WITH_NONZERO_GAP
projected,0.009999,3.0,2.990001,0.996667,POSITIVE_LOWER_BOUND_WITH_NONZERO_GAP
normal,0.9997500087501876,4.0,3.0002499912498126,0.7500624978124532,POSITIVE_LOWER_BOUND_WITH_NONZERO_GAP
ambient,0.9998000100005,4.0,3.0001999899995,0.750049997499875,POSITIVE_LOWER_BOUND_WITH_NONZERO_GAP
projected,0.009999,3.0,2.990001,0.996667,POSITIVE_LOWER_BOUND_WITH_NONZERO_GAP
normal,0.9997500087501876,4.0,3.0002499912498126,0.7500624978124532,POSITIVE_LOWER_BOUND_WITH_NONZERO_GAP
ambient,0.9998000100005,4.0,3.0001999899995,0.750049997499875,POSITIVE_LOWER_BOUND_WITH_NONZERO_GAP
projected,0.009999,3.0,2.990001,0.996667,POSITIVE_LOWER_BOUND_WITH_NONZERO_GAP
normal,0.9997500087501876,4.0,3.0002499912498126,0.7500624978124532,POSITIVE_LOWER_BOUND_WITH_NONZERO_GAP
ambient,0.9801005050503748,4.0,3.019899494949625,0.7549748737374062,POSITIVE_LOWER_BOUND_WITH_NONZERO_GAP
projected,0.0989999999999999,3.0,2.901,0.967,POSITIVE_LOWER_BOUND_WITH_NONZERO_GAP
normal,0.9750876883644874,4.0,3.024912311635513,0.7562280779088781,POSITIVE_LOWER_BOUND_WITH_NONZERO_GAP
ambient,0.9801005050503748,4.0,3.019899494949625,0.7549748737374062,POSITIVE_LOWER_BOUND_WITH_NONZERO_GAP
projected,0.0989999999999999,3.0,2.901,0.967,POSITIVE_LOWER_BOUND_WITH_NONZERO_GAP
normal,0.9750876883644874,4.0,3.024912311635513,0.7562280779088781,POSITIVE_LOWER_BOUND_WITH_NONZERO_GAP
ambient,0.9801005050503748,4.0,3.019899494949625,0.7549748737374062,POSITIVE_LOWER_BOUND_WITH_NONZERO_GAP
projected,0.0989999999999999,3.0,2.901,0.967,POSITIVE_LOWER_BOUND_WITH_NONZERO_GAP
normal,0.9750876883644874,4.0,3.024912311635513,0.7562280779088781,POSITIVE_LOWER_BOUND_WITH_NONZERO_GAP
ambient,0.57282196186948,4.0,3.42717803813052,0.85679450953263,POSITIVE_LOWER_BOUND_WITH_NONZERO_GAP
projected,0.3749999999999999,3.0,2.625,0.875,POSITIVE_LOWER_BOUND_WITH_NONZERO_GAP
normal,0.4330127018922193,4.0,3.566987298107781,0.8917468245269452,POSITIVE_LOWER_BOUND_WITH_NONZERO_GAP
ambient,0.57282196186948,4.0,3.42717803813052,0.85679450953263,POSITIVE_LOWER_BOUND_WITH_NONZERO_GAP
projected,0.3749999999999999,3.0,2.625,0.875,POSITIVE_LOWER_BOUND_WITH_NONZERO_GAP
normal,0.4330127018922193,4.0,3.566987298107781,0.8917468245269452,POSITIVE_LOWER_BOUND_WITH_NONZERO_GAP
ambient,0.57282196186948,4.0,3.42717803813052,0.85679450953263,POSITIVE_LOWER_BOUND_WITH_NONZERO_GAP
projected,0.3749999999999999,3.0,2.625,0.875,POSITIVE_LOWER_BOUND_WITH_NONZERO_GAP
normal,0.4330127018922193,4.0,3.566987298107781,0.8917468245269452,POSITIVE_LOWER_BOUND_WITH_NONZERO_GAP
ambient,0.0,4.0,4.0,1.0,NO_POSITIVE_LOWER_BOUND_OBTAINED
projected,0.0,3.0,3.0,1.0,NO_POSITIVE_LOWER_BOUND_OBTAINED
normal,0.0,4.0,4.0,1.0,NO_POSITIVE_LOWER_BOUND_OBTAINED
ambient,0.0,4.0,4.0,1.0,NO_POSITIVE_LOWER_BOUND_OBTAINED
projected,0.0,3.0,3.0,1.0,NO_POSITIVE_LOWER_BOUND_OBTAINED
normal,0.0,4.0,4.0,1.0,NO_POSITIVE_LOWER_BOUND_OBTAINED
ambient,0.0,4.0,4.0,1.0,NO_POSITIVE_LOWER_BOUND_OBTAINED
projected,0.0,3.0,3.0,1.0,NO_POSITIVE_LOWER_BOUND_OBTAINED
normal,0.0,4.0,4.0,1.0,NO_POSITIVE_LOWER_BOUND_OBTAINED
ambient,1.0000000000029998,4.0,2.999999999997,0.74999999999925,POSITIVE_LOWER_BOUND_WITH_NONZERO_GAP
projected,0.002999997,3.0,2.997000003,0.999000001,POSITIVE_LOWER_BOUND_WITH_NONZERO_GAP
normal,0.999995500001875,4.0,3.000004499998125,0.7500011249995313,POSITIVE_LOWER_BOUND_WITH_NONZERO_GAP
ambient,1.0000000000029998,4.0,2.999999999997,0.74999999999925,POSITIVE_LOWER_BOUND_WITH_NONZERO_GAP
projected,0.002999997,3.0,2.997000003,0.999000001,POSITIVE_LOWER_BOUND_WITH_NONZERO_GAP
normal,0.999995500001875,4.0,3.000004499998125,0.7500011249995313,POSITIVE_LOWER_BOUND_WITH_NONZERO_GAP
ambient,1.0000000000029998,4.0,2.999999999997,0.74999999999925,POSITIVE_LOWER_BOUND_WITH_NONZERO_GAP
projected,0.002999997,3.0,2.997000003,0.999000001,POSITIVE_LOWER_BOUND_WITH_NONZERO_GAP
normal,0.999995500001875,4.0,3.000004499998125,0.7500011249995313,POSITIVE_LOWER_BOUND_WITH_NONZERO_GAP
ambient,1.0000000299964995,4.0,2.9999999700035005,0.7499999925008751,POSITIVE_LOWER_BOUND_WITH_NONZERO_GAP
projected,0.029997,3.0,2.970003,0.990001,POSITIVE_LOWER_BOUND_WITH_NONZERO_GAP
normal,0.9995500187504376,4.0,3.000449981249562,0.7501124953123907,POSITIVE_LOWER_BOUND_WITH_NONZERO_GAP
ambient,1.0000000299964995,4.0,2.9999999700035005,0.7499999925008751,POSITIVE_LOWER_BOUND_WITH_NONZERO_GAP
projected,0.029997,3.0,2.970003,0.990001,POSITIVE_LOWER_BOUND_WITH_NONZERO_GAP
normal,0.9995500187504376,4.0,3.000449981249562,0.7501124953123907,POSITIVE_LOWER_BOUND_WITH_NONZERO_GAP
ambient,1.0000000299964995,4.0,2.9999999700035005,0.7499999925008751,POSITIVE_LOWER_BOUND_WITH_NONZERO_GAP
projected,0.029997,3.0,2.970003,0.990001,POSITIVE_LOWER_BOUND_WITH_NONZERO_GAP
normal,0.9995500187504376,4.0,3.000449981249562,0.7501124953123907,POSITIVE_LOWER_BOUND_WITH_NONZERO_GAP
ambient,1.000296456056903,4.0,2.999703543943097,0.7499258859857743,POSITIVE_LOWER_BOUND_WITH_NONZERO_GAP
projected,0.297,3.0,2.703,0.901,POSITIVE_LOWER_BOUND_WITH_NONZERO_GAP
normal,0.9551879396223552,4.0,3.044812060377645,0.7612030150944112,POSITIVE_LOWER_BOUND_WITH_NONZERO_GAP
ambient,1.000296456056903,4.0,2.999703543943097,0.7499258859857743,POSITIVE_LOWER_BOUND_WITH_NONZERO_GAP
projected,0.297,3.0,2.703,0.901,POSITIVE_LOWER_BOUND_WITH_NONZERO_GAP
normal,0.9551879396223552,4.0,3.044812060377645,0.7612030150944112,POSITIVE_LOWER_BOUND_WITH_NONZERO_GAP
ambient,1.000296456056903,4.0,2.999703543943097,0.7499258859857743,POSITIVE_LOWER_BOUND_WITH_NONZERO_GAP
projected,0.297,3.0,2.703,0.901,POSITIVE_LOWER_BOUND_WITH_NONZERO_GAP
normal,0.9551879396223552,4.0,3.044812060377645,0.7612030150944112,POSITIVE_LOWER_BOUND_WITH_NONZERO_GAP
ambient,1.1249999999999998,4.0,2.875,0.71875,POSITIVE_LOWER_BOUND_WITH_NONZERO_GAP
projected,1.1249999999999998,3.0,1.875,0.6250000000000001,POSITIVE_LOWER_BOUND_WITH_NONZERO_GAP
normal,0.0,4.0,4.0,1.0,NO_POSITIVE_LOWER_BOUND_OBTAINED
ambient,1.1249999999999998,4.0,2.875,0.71875,POSITIVE_LOWER_BOUND_WITH_NONZERO_GAP
projected,1.1249999999999998,3.0,1.875,0.6250000000000001,POSITIVE_LOWER_BOUND_WITH_NONZERO_GAP
normal,0.0,4.0,4.0,1.0,NO_POSITIVE_LOWER_BOUND_OBTAINED
ambient,1.1249999999999998,4.0,2.875,0.71875,POSITIVE_LOWER_BOUND_WITH_NONZERO_GAP
projected,1.1249999999999998,3.0,1.875,0.6250000000000001,POSITIVE_LOWER_BOUND_WITH_NONZERO_GAP
normal,0.0,4.0,4.0,1.0,NO_POSITIVE_LOWER_BOUND_OBTAINED
ambient,0.0,4.0,4.0,1.0,NO_POSITIVE_LOWER_BOUND_OBTAINED
projected,0.0,3.0,3.0,1.0,NO_POSITIVE_LOWER_BOUND_OBTAINED
normal,0.0,4.0,4.0,1.0,NO_POSITIVE_LOWER_BOUND_OBTAINED
ambient,0.0,4.0,4.0,1.0,NO_POSITIVE_LOWER_BOUND_OBTAINED
projected,0.0,3.0,3.0,1.0,NO_POSITIVE_LOWER_BOUND_OBTAINED
normal,0.0,4.0,4.0,1.0,NO_POSITIVE_LOWER_BOUND_OBTAINED
ambient,0.0,4.0,4.0,1.0,NO_POSITIVE_LOWER_BOUND_OBTAINED
projected,0.0,3.0,3.0,1.0,NO_POSITIVE_LOWER_BOUND_OBTAINED
normal,0.0,4.0,4.0,1.0,NO_POSITIVE_LOWER_BOUND_OBTAINED
ambient,1.9999972500006091,4.0,2.000002749999391,0.5000006874998477,POSITIVE_LOWER_BOUND_WITH_NONZERO_GAP
projected,0.000999999,3.0,2.999000001,0.999666667,POSITIVE_LOWER_BOUND_WITH_NONZERO_GAP
normal,1.9999970000007496,4.0,2.00000299999925,0.5000007499998125,POSITIVE_LOWER_BOUND_WITH_NONZERO_GAP
ambient,1.9999972500006091,4.0,2.000002749999391,0.5000006874998477,POSITIVE_LOWER_BOUND_WITH_NONZERO_GAP
projected,0.000999999,3.0,2.999000001,0.999666667,POSITIVE_LOWER_BOUND_WITH_NONZERO_GAP
normal,1.9999970000007496,4.0,2.00000299999925,0.5000007499998125,POSITIVE_LOWER_BOUND_WITH_NONZERO_GAP
ambient,1.9999972500006091,4.0,2.000002749999391,0.5000006874998477,POSITIVE_LOWER_BOUND_WITH_NONZERO_GAP
projected,0.000999999,3.0,2.999000001,0.999666667,POSITIVE_LOWER_BOUND_WITH_NONZERO_GAP
normal,1.9999970000007496,4.0,2.00000299999925,0.5000007499998125,POSITIVE_LOWER_BOUND_WITH_NONZERO_GAP
ambient,1.9997250060938376,4.0,2.000274993906162,0.5000687484765405,POSITIVE_LOWER_BOUND_WITH_NONZERO_GAP
projected,0.009999,3.0,2.990001,0.996667,POSITIVE_LOWER_BOUND_WITH_NONZERO_GAP
normal,1.999700007500125,4.0,2.0002999924998752,0.5000749981249688,POSITIVE_LOWER_BOUND_WITH_NONZERO_GAP
ambient,1.9997250060938376,4.0,2.000274993906162,0.5000687484765405,POSITIVE_LOWER_BOUND_WITH_NONZERO_GAP
projected,0.009999,3.0,2.990001,0.996667,POSITIVE_LOWER_BOUND_WITH_NONZERO_GAP
normal,1.999700007500125,4.0,2.0002999924998752,0.5000749981249688,POSITIVE_LOWER_BOUND_WITH_NONZERO_GAP
ambient,1.9997250060938376,4.0,2.000274993906162,0.5000687484765405,POSITIVE_LOWER_BOUND_WITH_NONZERO_GAP
projected,0.009999,3.0,2.990001,0.996667,POSITIVE_LOWER_BOUND_WITH_NONZERO_GAP
normal,1.999700007500125,4.0,2.0002999924998752,0.5000749981249688,POSITIVE_LOWER_BOUND_WITH_NONZERO_GAP
ambient,1.972561025671956,4.0,2.027438974328044,0.506859743582011,POSITIVE_LOWER_BOUND_WITH_NONZERO_GAP
projected,0.0989999999999999,3.0,2.901,0.967,POSITIVE_LOWER_BOUND_WITH_NONZERO_GAP
normal,1.9700751254711075,4.0,2.0299248745288927,0.5074812186322232,POSITIVE_LOWER_BOUND_WITH_NONZERO_GAP
ambient,1.972561025671956,4.0,2.027438974328044,0.506859743582011,POSITIVE_LOWER_BOUND_WITH_NONZERO_GAP
projected,0.0989999999999999,3.0,2.901,0.967,POSITIVE_LOWER_BOUND_WITH_NONZERO_GAP
normal,1.9700751254711075,4.0,2.0299248745288927,0.5074812186322232,POSITIVE_LOWER_BOUND_WITH_NONZERO_GAP
ambient,1.972561025671956,4.0,2.027438974328044,0.506859743582011,POSITIVE_LOWER_BOUND_WITH_NONZERO_GAP
projected,0.0989999999999999,3.0,2.901,0.967,POSITIVE_LOWER_BOUND_WITH_NONZERO_GAP
normal,1.9700751254711075,4.0,2.0299248745288927,0.5074812186322232,POSITIVE_LOWER_BOUND_WITH_NONZERO_GAP
ambient,1.352081728298996,4.0,2.647918271701004,0.661979567925251,POSITIVE_LOWER_BOUND_WITH_NONZERO_GAP
projected,0.3749999999999999,3.0,2.625,0.875,POSITIVE_LOWER_BOUND_WITH_NONZERO_GAP
normal,1.2990381056766578,4.0,2.700961894323342,0.6752404735808355,POSITIVE_LOWER_BOUND_WITH_NONZERO_GAP
ambient,1.352081728298996,4.0,2.647918271701004,0.661979567925251,POSITIVE_LOWER_BOUND_WITH_NONZERO_GAP
projected,0.3749999999999999,3.0,2.625,0.875,POSITIVE_LOWER_BOUND_WITH_NONZERO_GAP
normal,1.2990381056766578,4.0,2.700961894323342,0.6752404735808355,POSITIVE_LOWER_BOUND_WITH_NONZERO_GAP
ambient,1.352081728298996,4.0,2.647918271701004,0.661979567925251,POSITIVE_LOWER_BOUND_WITH_NONZERO_GAP
projected,0.3749999999999999,3.0,2.625,0.875,POSITIVE_LOWER_BOUND_WITH_NONZERO_GAP
normal,1.2990381056766578,4.0,2.700961894323342,0.6752404735808355,POSITIVE_LOWER_BOUND_WITH_NONZERO_GAP
ambient,0.0,4.0,4.0,1.0,NO_POSITIVE_LOWER_BOUND_OBTAINED
projected,0.0,3.0,3.0,1.0,NO_POSITIVE_LOWER_BOUND_OBTAINED
normal,0.0,4.0,4.0,1.0,NO_POSITIVE_LOWER_BOUND_OBTAINED
ambient,0.0,4.0,4.0,1.0,NO_POSITIVE_LOWER_BOUND_OBTAINED
projected,0.0,3.0,3.0,1.0,NO_POSITIVE_LOWER_BOUND_OBTAINED
normal,0.0,4.0,4.0,1.0,NO_POSITIVE_LOWER_BOUND_OBTAINED
ambient,0.0,4.0,4.0,1.0,NO_POSITIVE_LOWER_BOUND_OBTAINED
projected,0.0,3.0,3.0,1.0,NO_POSITIVE_LOWER_BOUND_OBTAINED
normal,0.0,4.0,4.0,1.0,NO_POSITIVE_LOWER_BOUND_OBTAINED
ambient,1.999996000001,4.0,2.000003999999,0.50000099999975,POSITIVE_LOWER_BOUND_WITH_NONZERO_GAP
projected,0.001999997,3.0,2.998000003,0.9993333343333334,POSITIVE_LOWER_BOUND_WITH_NONZERO_GAP
normal,1.99999500000175,4.0,2.00000499999825,0.5000012499995625,POSITIVE_LOWER_BOUND_WITH_NONZERO_GAP
ambient,1.999996000001,4.0,2.000003999999,0.50000099999975,POSITIVE_LOWER_BOUND_WITH_NONZERO_GAP
projected,0.001999997,3.0,2.998000003,0.9993333343333334,POSITIVE_LOWER_BOUND_WITH_NONZERO_GAP
normal,1.99999500000175,4.0,2.00000499999825,0.5000012499995625,POSITIVE_LOWER_BOUND_WITH_NONZERO_GAP
ambient,1.999996000001,4.0,2.000003999999,0.50000099999975,POSITIVE_LOWER_BOUND_WITH_NONZERO_GAP
projected,0.001999997,3.0,2.998000003,0.9993333343333334,POSITIVE_LOWER_BOUND_WITH_NONZERO_GAP
normal,1.99999500000175,4.0,2.00000499999825,0.5000012499995625,POSITIVE_LOWER_BOUND_WITH_NONZERO_GAP
ambient,1.99960001000025,4.0,2.00039998999975,0.5000999974999375,POSITIVE_LOWER_BOUND_WITH_NONZERO_GAP
projected,0.0199969999999999,3.0,2.980003,0.9933343333333332,POSITIVE_LOWER_BOUND_WITH_NONZERO_GAP
normal,1.999500017500375,4.0,2.000499982499625,0.5001249956249063,POSITIVE_LOWER_BOUND_WITH_NONZERO_GAP
ambient,1.99960001000025,4.0,2.00039998999975,0.5000999974999375,POSITIVE_LOWER_BOUND_WITH_NONZERO_GAP
projected,0.0199969999999999,3.0,2.980003,0.9933343333333332,POSITIVE_LOWER_BOUND_WITH_NONZERO_GAP
normal,1.999500017500375,4.0,2.000499982499625,0.5001249956249063,POSITIVE_LOWER_BOUND_WITH_NONZERO_GAP
ambient,1.99960001000025,4.0,2.00039998999975,0.5000999974999375,POSITIVE_LOWER_BOUND_WITH_NONZERO_GAP
projected,0.0199969999999999,3.0,2.980003,0.9933343333333332,POSITIVE_LOWER_BOUND_WITH_NONZERO_GAP
normal,1.999500017500375,4.0,2.000499982499625,0.5001249956249063,POSITIVE_LOWER_BOUND_WITH_NONZERO_GAP
ambient,1.9601002525381197,4.0,2.0398997474618805,0.5099749368654701,POSITIVE_LOWER_BOUND_WITH_NONZERO_GAP
projected,0.1969999999999999,3.0,2.803,0.9343333333333332,POSITIVE_LOWER_BOUND_WITH_NONZERO_GAP
normal,1.950175376728975,4.0,2.049824623271025,0.5124561558177563,POSITIVE_LOWER_BOUND_WITH_NONZERO_GAP
ambient,1.9601002525381197,4.0,2.0398997474618805,0.5099749368654701,POSITIVE_LOWER_BOUND_WITH_NONZERO_GAP
projected,0.1969999999999999,3.0,2.803,0.9343333333333332,POSITIVE_LOWER_BOUND_WITH_NONZERO_GAP
normal,1.950175376728975,4.0,2.049824623271025,0.5124561558177563,POSITIVE_LOWER_BOUND_WITH_NONZERO_GAP
ambient,1.9601002525381197,4.0,2.0398997474618805,0.5099749368654701,POSITIVE_LOWER_BOUND_WITH_NONZERO_GAP
projected,0.1969999999999999,3.0,2.803,0.9343333333333332,POSITIVE_LOWER_BOUND_WITH_NONZERO_GAP
normal,1.950175376728975,4.0,2.049824623271025,0.5124561558177563,POSITIVE_LOWER_BOUND_WITH_NONZERO_GAP
ambient,1.0680004681646913,4.0,2.9319995318353085,0.7329998829588271,POSITIVE_LOWER_BOUND_WITH_NONZERO_GAP
projected,0.6249999999999999,3.0,2.375,0.7916666666666666,POSITIVE_LOWER_BOUND_WITH_NONZERO_GAP
normal,0.8660254037844386,4.0,3.1339745962155616,0.7834936490538904,POSITIVE_LOWER_BOUND_WITH_NONZERO_GAP
ambient,1.0680004681646913,4.0,2.9319995318353085,0.7329998829588271,POSITIVE_LOWER_BOUND_WITH_NONZERO_GAP
projected,0.6249999999999999,3.0,2.375,0.7916666666666666,POSITIVE_LOWER_BOUND_WITH_NONZERO_GAP
normal,0.8660254037844386,4.0,3.1339745962155616,0.7834936490538904,POSITIVE_LOWER_BOUND_WITH_NONZERO_GAP
ambient,1.0680004681646913,4.0,2.9319995318353085,0.7329998829588271,POSITIVE_LOWER_BOUND_WITH_NONZERO_GAP
projected,0.6249999999999999,3.0,2.375,0.7916666666666666,POSITIVE_LOWER_BOUND_WITH_NONZERO_GAP
normal,0.8660254037844386,4.0,3.1339745962155616,0.7834936490538904,POSITIVE_LOWER_BOUND_WITH_NONZERO_GAP
ambient,1.0,4.0,3.0,0.75,POSITIVE_LOWER_BOUND_WITH_NONZERO_GAP
projected,1.0,3.0,2.0,0.6666666666666666,POSITIVE_LOWER_BOUND_WITH_NONZERO_GAP
normal,0.0,4.0,4.0,1.0,NO_POSITIVE_LOWER_BOUND_OBTAINED
ambient,1.0,4.0,3.0,0.75,POSITIVE_LOWER_BOUND_WITH_NONZERO_GAP
projected,1.0,3.0,2.0,0.6666666666666666,POSITIVE_LOWER_BOUND_WITH_NONZERO_GAP
normal,0.0,4.0,4.0,1.0,NO_POSITIVE_LOWER_BOUND_OBTAINED
ambient,1.0,4.0,3.0,0.75,POSITIVE_LOWER_BOUND_WITH_NONZERO_GAP
projected,1.0,3.0,2.0,0.6666666666666666,POSITIVE_LOWER_BOUND_WITH_NONZERO_GAP
normal,0.0,4.0,4.0,1.0,NO_POSITIVE_LOWER_BOUND_OBTAINED
ambient,1.9999972500006091,4.0,2.000002749999391,0.5000006874998477,POSITIVE_LOWER_BOUND_WITH_NONZERO_GAP
projected,0.000999999,3.0,2.999000001,0.999666667,POSITIVE_LOWER_BOUND_WITH_NONZERO_GAP
normal,1.9999970000007496,4.0,2.00000299999925,0.5000007499998125,POSITIVE_LOWER_BOUND_WITH_NONZERO_GAP
ambient,1.9999972500006091,4.0,2.000002749999391,0.5000006874998477,POSITIVE_LOWER_BOUND_WITH_NONZERO_GAP
projected,0.000999999,3.0,2.999000001,0.999666667,POSITIVE_LOWER_BOUND_WITH_NONZERO_GAP
normal,1.9999970000007496,4.0,2.00000299999925,0.5000007499998125,POSITIVE_LOWER_BOUND_WITH_NONZERO_GAP
ambient,1.9999972500006091,4.0,2.000002749999391,0.5000006874998477,POSITIVE_LOWER_BOUND_WITH_NONZERO_GAP
projected,0.000999999,3.0,2.999000001,0.999666667,POSITIVE_LOWER_BOUND_WITH_NONZERO_GAP
normal,1.9999970000007496,4.0,2.00000299999925,0.5000007499998125,POSITIVE_LOWER_BOUND_WITH_NONZERO_GAP
ambient,1.9997250060938376,4.0,2.000274993906162,0.5000687484765405,POSITIVE_LOWER_BOUND_WITH_NONZERO_GAP
projected,0.009999,3.0,2.990001,0.996667,POSITIVE_LOWER_BOUND_WITH_NONZERO_GAP
normal,1.999700007500125,4.0,2.0002999924998752,0.5000749981249688,POSITIVE_LOWER_BOUND_WITH_NONZERO_GAP
ambient,1.9997250060938376,4.0,2.000274993906162,0.5000687484765405,POSITIVE_LOWER_BOUND_WITH_NONZERO_GAP
projected,0.009999,3.0,2.990001,0.996667,POSITIVE_LOWER_BOUND_WITH_NONZERO_GAP
normal,1.999700007500125,4.0,2.0002999924998752,0.5000749981249688,POSITIVE_LOWER_BOUND_WITH_NONZERO_GAP
ambient,1.9997250060938376,4.0,2.000274993906162,0.5000687484765405,POSITIVE_LOWER_BOUND_WITH_NONZERO_GAP
projected,0.009999,3.0,2.990001,0.996667,POSITIVE_LOWER_BOUND_WITH_NONZERO_GAP
normal,1.999700007500125,4.0,2.0002999924998752,0.5000749981249688,POSITIVE_LOWER_BOUND_WITH_NONZERO_GAP
ambient,1.972561025671956,4.0,2.027438974328044,0.506859743582011,POSITIVE_LOWER_BOUND_WITH_NONZERO_GAP
projected,0.0989999999999999,3.0,2.901,0.967,POSITIVE_LOWER_BOUND_WITH_NONZERO_GAP
normal,1.9700751254711075,4.0,2.0299248745288927,0.5074812186322232,POSITIVE_LOWER_BOUND_WITH_NONZERO_GAP
ambient,1.972561025671956,4.0,2.027438974328044,0.506859743582011,POSITIVE_LOWER_BOUND_WITH_NONZERO_GAP
projected,0.0989999999999999,3.0,2.901,0.967,POSITIVE_LOWER_BOUND_WITH_NONZERO_GAP
normal,1.9700751254711075,4.0,2.0299248745288927,0.5074812186322232,POSITIVE_LOWER_BOUND_WITH_NONZERO_GAP
ambient,1.972561025671956,4.0,2.027438974328044,0.506859743582011,POSITIVE_LOWER_BOUND_WITH_NONZERO_GAP
projected,0.0989999999999999,3.0,2.901,0.967,POSITIVE_LOWER_BOUND_WITH_NONZERO_GAP
normal,1.9700751254711075,4.0,2.0299248745288927,0.5074812186322232,POSITIVE_LOWER_BOUND_WITH_NONZERO_GAP
ambient,1.352081728298996,4.0,2.647918271701004,0.661979567925251,POSITIVE_LOWER_BOUND_WITH_NONZERO_GAP
projected,0.3749999999999999,3.0,2.625,0.875,POSITIVE_LOWER_BOUND_WITH_NONZERO_GAP
normal,1.2990381056766578,4.0,2.700961894323342,0.6752404735808355,POSITIVE_LOWER_BOUND_WITH_NONZERO_GAP
ambient,1.352081728298996,4.0,2.647918271701004,0.661979567925251,POSITIVE_LOWER_BOUND_WITH_NONZERO_GAP
projected,0.3749999999999999,3.0,2.625,0.875,POSITIVE_LOWER_BOUND_WITH_NONZERO_GAP
normal,1.2990381056766578,4.0,2.700961894323342,0.6752404735808355,POSITIVE_LOWER_BOUND_WITH_NONZERO_GAP
ambient,1.352081728298996,4.0,2.647918271701004,0.661979567925251,POSITIVE_LOWER_BOUND_WITH_NONZERO_GAP
projected,0.3749999999999999,3.0,2.625,0.875,POSITIVE_LOWER_BOUND_WITH_NONZERO_GAP
normal,1.2990381056766578,4.0,2.700961894323342,0.6752404735808355,POSITIVE_LOWER_BOUND_WITH_NONZERO_GAP
ambient,0.0,4.0,4.0,1.0,NO_POSITIVE_LOWER_BOUND_OBTAINED
projected,0.0,3.0,3.0,1.0,NO_POSITIVE_LOWER_BOUND_OBTAINED
normal,0.0,4.0,4.0,1.0,NO_POSITIVE_LOWER_BOUND_OBTAINED
ambient,0.0,4.0,4.0,1.0,NO_POSITIVE_LOWER_BOUND_OBTAINED
projected,0.0,3.0,3.0,1.0,NO_POSITIVE_LOWER_BOUND_OBTAINED
normal,0.0,4.0,4.0,1.0,NO_POSITIVE_LOWER_BOUND_OBTAINED
ambient,0.0,4.0,4.0,1.0,NO_POSITIVE_LOWER_BOUND_OBTAINED
projected,0.0,3.0,3.0,1.0,NO_POSITIVE_LOWER_BOUND_OBTAINED
normal,0.0,4.0,4.0,1.0,NO_POSITIVE_LOWER_BOUND_OBTAINED
ambient,2.999996000001,4.0,1.000003999999,0.25000099999975,POSITIVE_LOWER_BOUND_WITH_NONZERO_GAP
projected,0.002999997,3.0,2.997000003,0.999000001,POSITIVE_LOWER_BOUND_WITH_NONZERO_GAP
normal,2.9999945000016246,4.0,1.0000054999983754,0.2500013749995938,POSITIVE_LOWER_BOUND_WITH_NONZERO_GAP
ambient,2.999996000001,4.0,1.000003999999,0.25000099999975,POSITIVE_LOWER_BOUND_WITH_NONZERO_GAP
projected,0.002999997,3.0,2.997000003,0.999000001,POSITIVE_LOWER_BOUND_WITH_NONZERO_GAP
normal,2.9999945000016246,4.0,1.0000054999983754,0.2500013749995938,POSITIVE_LOWER_BOUND_WITH_NONZERO_GAP
ambient,2.999996000001,4.0,1.000003999999,0.25000099999975,POSITIVE_LOWER_BOUND_WITH_NONZERO_GAP
projected,0.002999997,3.0,2.997000003,0.999000001,POSITIVE_LOWER_BOUND_WITH_NONZERO_GAP
normal,2.9999945000016246,4.0,1.0000054999983754,0.2500013749995938,POSITIVE_LOWER_BOUND_WITH_NONZERO_GAP
ambient,2.9996000100001665,4.0,1.0003999899998337,0.2500999974999583,POSITIVE_LOWER_BOUND_WITH_NONZERO_GAP
projected,0.029997,3.0,2.970003,0.990001,POSITIVE_LOWER_BOUND_WITH_NONZERO_GAP
normal,2.999450016250312,4.0,1.0005499837496878,0.2501374959374219,POSITIVE_LOWER_BOUND_WITH_NONZERO_GAP
ambient,2.9996000100001665,4.0,1.0003999899998337,0.2500999974999583,POSITIVE_LOWER_BOUND_WITH_NONZERO_GAP
projected,0.029997,3.0,2.970003,0.990001,POSITIVE_LOWER_BOUND_WITH_NONZERO_GAP
normal,2.999450016250312,4.0,1.0005499837496878,0.2501374959374219,POSITIVE_LOWER_BOUND_WITH_NONZERO_GAP
ambient,2.9996000100001665,4.0,1.0003999899998337,0.2500999974999583,POSITIVE_LOWER_BOUND_WITH_NONZERO_GAP
projected,0.029997,3.0,2.970003,0.990001,POSITIVE_LOWER_BOUND_WITH_NONZERO_GAP
normal,2.999450016250312,4.0,1.0005499837496878,0.2501374959374219,POSITIVE_LOWER_BOUND_WITH_NONZERO_GAP
ambient,2.960100167224075,4.0,1.0398998327759248,0.2599749581939812,POSITIVE_LOWER_BOUND_WITH_NONZERO_GAP
projected,0.297,3.0,2.703,0.901,POSITIVE_LOWER_BOUND_WITH_NONZERO_GAP
normal,2.9451628138355948,4.0,1.0548371861644052,0.2637092965411013,POSITIVE_LOWER_BOUND_WITH_NONZERO_GAP
ambient,2.960100167224075,4.0,1.0398998327759248,0.2599749581939812,POSITIVE_LOWER_BOUND_WITH_NONZERO_GAP
projected,0.297,3.0,2.703,0.901,POSITIVE_LOWER_BOUND_WITH_NONZERO_GAP
normal,2.9451628138355948,4.0,1.0548371861644052,0.2637092965411013,POSITIVE_LOWER_BOUND_WITH_NONZERO_GAP
ambient,2.960100167224075,4.0,1.0398998327759248,0.2599749581939812,POSITIVE_LOWER_BOUND_WITH_NONZERO_GAP
projected,0.297,3.0,2.703,0.901,POSITIVE_LOWER_BOUND_WITH_NONZERO_GAP
normal,2.9451628138355948,4.0,1.0548371861644052,0.2637092965411013,POSITIVE_LOWER_BOUND_WITH_NONZERO_GAP
ambient,2.065338955232288,4.0,1.934661044767712,0.483665261191928,POSITIVE_LOWER_BOUND_WITH_NONZERO_GAP
projected,1.1249999999999998,3.0,1.875,0.6250000000000001,POSITIVE_LOWER_BOUND_WITH_NONZERO_GAP
normal,1.7320508075688772,4.0,2.267949192431123,0.5669872981077807,POSITIVE_LOWER_BOUND_WITH_NONZERO_GAP
ambient,2.065338955232288,4.0,1.934661044767712,0.483665261191928,POSITIVE_LOWER_BOUND_WITH_NONZERO_GAP
projected,1.1249999999999998,3.0,1.875,0.6250000000000001,POSITIVE_LOWER_BOUND_WITH_NONZERO_GAP
normal,1.7320508075688772,4.0,2.267949192431123,0.5669872981077807,POSITIVE_LOWER_BOUND_WITH_NONZERO_GAP
ambient,2.065338955232288,4.0,1.934661044767712,0.483665261191928,POSITIVE_LOWER_BOUND_WITH_NONZERO_GAP
projected,1.1249999999999998,3.0,1.875,0.6250000000000001,POSITIVE_LOWER_BOUND_WITH_NONZERO_GAP
normal,1.7320508075688772,4.0,2.267949192431123,0.5669872981077807,POSITIVE_LOWER_BOUND_WITH_NONZERO_GAP
ambient,0.0,4.0,4.0,1.0,NO_POSITIVE_LOWER_BOUND_OBTAINED
projected,0.0,3.0,3.0,1.0,NO_POSITIVE_LOWER_BOUND_OBTAINED
normal,0.0,4.0,4.0,1.0,NO_POSITIVE_LOWER_BOUND_OBTAINED
ambient,0.0,4.0,4.0,1.0,NO_POSITIVE_LOWER_BOUND_OBTAINED
projected,0.0,3.0,3.0,1.0,NO_POSITIVE_LOWER_BOUND_OBTAINED
normal,0.0,4.0,4.0,1.0,NO_POSITIVE_LOWER_BOUND_OBTAINED
ambient,0.0,4.0,4.0,1.0,NO_POSITIVE_LOWER_BOUND_OBTAINED
projected,0.0,3.0,3.0,1.0,NO_POSITIVE_LOWER_BOUND_OBTAINED
normal,0.0,4.0,4.0,1.0,NO_POSITIVE_LOWER_BOUND_OBTAINED
ambient,1.9999972500006091,4.0,2.000002749999391,0.5000006874998477,POSITIVE_LOWER_BOUND_WITH_NONZERO_GAP
projected,0.000999999,3.0,2.999000001,0.999666667,POSITIVE_LOWER_BOUND_WITH_NONZERO_GAP
normal,1.9999970000007496,4.0,2.00000299999925,0.5000007499998125,POSITIVE_LOWER_BOUND_WITH_NONZERO_GAP
ambient,1.9999972500006091,4.0,2.000002749999391,0.5000006874998477,POSITIVE_LOWER_BOUND_WITH_NONZERO_GAP
projected,0.000999999,3.0,2.999000001,0.999666667,POSITIVE_LOWER_BOUND_WITH_NONZERO_GAP
normal,1.9999970000007496,4.0,2.00000299999925,0.5000007499998125,POSITIVE_LOWER_BOUND_WITH_NONZERO_GAP
ambient,1.9999972500006091,4.0,2.000002749999391,0.5000006874998477,POSITIVE_LOWER_BOUND_WITH_NONZERO_GAP
projected,0.000999999,3.0,2.999000001,0.999666667,POSITIVE_LOWER_BOUND_WITH_NONZERO_GAP
normal,1.9999970000007496,4.0,2.00000299999925,0.5000007499998125,POSITIVE_LOWER_BOUND_WITH_NONZERO_GAP
ambient,1.9997250060938376,4.0,2.000274993906162,0.5000687484765405,POSITIVE_LOWER_BOUND_WITH_NONZERO_GAP
projected,0.009999,3.0,2.990001,0.996667,POSITIVE_LOWER_BOUND_WITH_NONZERO_GAP
normal,1.999700007500125,4.0,2.0002999924998752,0.5000749981249688,POSITIVE_LOWER_BOUND_WITH_NONZERO_GAP
ambient,1.9997250060938376,4.0,2.000274993906162,0.5000687484765405,POSITIVE_LOWER_BOUND_WITH_NONZERO_GAP
projected,0.009999,3.0,2.990001,0.996667,POSITIVE_LOWER_BOUND_WITH_NONZERO_GAP
normal,1.999700007500125,4.0,2.0002999924998752,0.5000749981249688,POSITIVE_LOWER_BOUND_WITH_NONZERO_GAP
ambient,1.9997250060938376,4.0,2.000274993906162,0.5000687484765405,POSITIVE_LOWER_BOUND_WITH_NONZERO_GAP
projected,0.009999,3.0,2.990001,0.996667,POSITIVE_LOWER_BOUND_WITH_NONZERO_GAP
normal,1.999700007500125,4.0,2.0002999924998752,0.5000749981249688,POSITIVE_LOWER_BOUND_WITH_NONZERO_GAP
ambient,1.972561025671956,4.0,2.027438974328044,0.506859743582011,POSITIVE_LOWER_BOUND_WITH_NONZERO_GAP
projected,0.0989999999999999,3.0,2.901,0.967,POSITIVE_LOWER_BOUND_WITH_NONZERO_GAP
normal,1.9700751254711075,4.0,2.0299248745288927,0.5074812186322232,POSITIVE_LOWER_BOUND_WITH_NONZERO_GAP
ambient,1.972561025671956,4.0,2.027438974328044,0.506859743582011,POSITIVE_LOWER_BOUND_WITH_NONZERO_GAP
projected,0.0989999999999999,3.0,2.901,0.967,POSITIVE_LOWER_BOUND_WITH_NONZERO_GAP
normal,1.9700751254711075,4.0,2.0299248745288927,0.5074812186322232,POSITIVE_LOWER_BOUND_WITH_NONZERO_GAP
ambient,1.972561025671956,4.0,2.027438974328044,0.506859743582011,POSITIVE_LOWER_BOUND_WITH_NONZERO_GAP
projected,0.0989999999999999,3.0,2.901,0.967,POSITIVE_LOWER_BOUND_WITH_NONZERO_GAP
normal,1.9700751254711075,4.0,2.0299248745288927,0.5074812186322232,POSITIVE_LOWER_BOUND_WITH_NONZERO_GAP
ambient,1.352081728298996,4.0,2.647918271701004,0.661979567925251,POSITIVE_LOWER_BOUND_WITH_NONZERO_GAP
projected,0.3749999999999999,3.0,2.625,0.875,POSITIVE_LOWER_BOUND_WITH_NONZERO_GAP
normal,1.2990381056766578,4.0,2.700961894323342,0.6752404735808355,POSITIVE_LOWER_BOUND_WITH_NONZERO_GAP
ambient,1.352081728298996,4.0,2.647918271701004,0.661979567925251,POSITIVE_LOWER_BOUND_WITH_NONZERO_GAP
projected,0.3749999999999999,3.0,2.625,0.875,POSITIVE_LOWER_BOUND_WITH_NONZERO_GAP
normal,1.2990381056766578,4.0,2.700961894323342,0.6752404735808355,POSITIVE_LOWER_BOUND_WITH_NONZERO_GAP
ambient,1.352081728298996,4.0,2.647918271701004,0.661979567925251,POSITIVE_LOWER_BOUND_WITH_NONZERO_GAP
projected,0.3749999999999999,3.0,2.625,0.875,POSITIVE_LOWER_BOUND_WITH_NONZERO_GAP
normal,1.2990381056766578,4.0,2.700961894323342,0.6752404735808355,POSITIVE_LOWER_BOUND_WITH_NONZERO_GAP
ambient,0.0,4.0,4.0,1.0,NO_POSITIVE_LOWER_BOUND_OBTAINED
projected,0.0,3.0,3.0,1.0,NO_POSITIVE_LOWER_BOUND_OBTAINED
normal,0.0,4.0,4.0,1.0,NO_POSITIVE_LOWER_BOUND_OBTAINED
ambient,0.0,4.0,4.0,1.0,NO_POSITIVE_LOWER_BOUND_OBTAINED
projected,0.0,3.0,3.0,1.0,NO_POSITIVE_LOWER_BOUND_OBTAINED
normal,0.0,4.0,4.0,1.0,NO_POSITIVE_LOWER_BOUND_OBTAINED
ambient,0.0,4.0,4.0,1.0,NO_POSITIVE_LOWER_BOUND_OBTAINED
projected,0.0,3.0,3.0,1.0,NO_POSITIVE_LOWER_BOUND_OBTAINED
normal,0.0,4.0,4.0,1.0,NO_POSITIVE_LOWER_BOUND_OBTAINED
ambient,1.999996000001,4.0,2.000003999999,0.50000099999975,POSITIVE_LOWER_BOUND_WITH_NONZERO_GAP
projected,0.001999997,3.0,2.998000003,0.9993333343333334,POSITIVE_LOWER_BOUND_WITH_NONZERO_GAP
normal,1.99999500000175,4.0,2.00000499999825,0.5000012499995625,POSITIVE_LOWER_BOUND_WITH_NONZERO_GAP
ambient,1.999996000001,4.0,2.000003999999,0.50000099999975,POSITIVE_LOWER_BOUND_WITH_NONZERO_GAP
projected,0.001999997,3.0,2.998000003,0.9993333343333334,POSITIVE_LOWER_BOUND_WITH_NONZERO_GAP
normal,1.99999500000175,4.0,2.00000499999825,0.5000012499995625,POSITIVE_LOWER_BOUND_WITH_NONZERO_GAP
ambient,1.999996000001,4.0,2.000003999999,0.50000099999975,POSITIVE_LOWER_BOUND_WITH_NONZERO_GAP
projected,0.001999997,3.0,2.998000003,0.9993333343333334,POSITIVE_LOWER_BOUND_WITH_NONZERO_GAP
normal,1.99999500000175,4.0,2.00000499999825,0.5000012499995625,POSITIVE_LOWER_BOUND_WITH_NONZERO_GAP
ambient,1.99960001000025,4.0,2.00039998999975,0.5000999974999375,POSITIVE_LOWER_BOUND_WITH_NONZERO_GAP
projected,0.0199969999999999,3.0,2.980003,0.9933343333333332,POSITIVE_LOWER_BOUND_WITH_NONZERO_GAP
normal,1.999500017500375,4.0,2.000499982499625,0.5001249956249063,POSITIVE_LOWER_BOUND_WITH_NONZERO_GAP
ambient,1.99960001000025,4.0,2.00039998999975,0.5000999974999375,POSITIVE_LOWER_BOUND_WITH_NONZERO_GAP
projected,0.0199969999999999,3.0,2.980003,0.9933343333333332,POSITIVE_LOWER_BOUND_WITH_NONZERO_GAP
normal,1.999500017500375,4.0,2.000499982499625,0.5001249956249063,POSITIVE_LOWER_BOUND_WITH_NONZERO_GAP
ambient,1.99960001000025,4.0,2.00039998999975,0.5000999974999375,POSITIVE_LOWER_BOUND_WITH_NONZERO_GAP
projected,0.0199969999999999,3.0,2.980003,0.9933343333333332,POSITIVE_LOWER_BOUND_WITH_NONZERO_GAP
normal,1.999500017500375,4.0,2.000499982499625,0.5001249956249063,POSITIVE_LOWER_BOUND_WITH_NONZERO_GAP
ambient,1.9601002525381197,4.0,2.0398997474618805,0.5099749368654701,POSITIVE_LOWER_BOUND_WITH_NONZERO_GAP
projected,0.1969999999999999,3.0,2.803,0.9343333333333332,POSITIVE_LOWER_BOUND_WITH_NONZERO_GAP
normal,1.950175376728975,4.0,2.049824623271025,0.5124561558177563,POSITIVE_LOWER_BOUND_WITH_NONZERO_GAP
ambient,1.9601002525381197,4.0,2.0398997474618805,0.5099749368654701,POSITIVE_LOWER_BOUND_WITH_NONZERO_GAP
projected,0.1969999999999999,3.0,2.803,0.9343333333333332,POSITIVE_LOWER_BOUND_WITH_NONZERO_GAP
normal,1.950175376728975,4.0,2.049824623271025,0.5124561558177563,POSITIVE_LOWER_BOUND_WITH_NONZERO_GAP
ambient,1.9601002525381197,4.0,2.0398997474618805,0.5099749368654701,POSITIVE_LOWER_BOUND_WITH_NONZERO_GAP
projected,0.1969999999999999,3.0,2.803,0.9343333333333332,POSITIVE_LOWER_BOUND_WITH_NONZERO_GAP
normal,1.950175376728975,4.0,2.049824623271025,0.5124561558177563,POSITIVE_LOWER_BOUND_WITH_NONZERO_GAP
ambient,1.0680004681646913,4.0,2.9319995318353085,0.7329998829588271,POSITIVE_LOWER_BOUND_WITH_NONZERO_GAP
projected,0.6249999999999999,3.0,2.375,0.7916666666666666,POSITIVE_LOWER_BOUND_WITH_NONZERO_GAP
normal,0.8660254037844386,4.0,3.1339745962155616,0.7834936490538904,POSITIVE_LOWER_BOUND_WITH_NONZERO_GAP
ambient,1.0680004681646913,4.0,2.9319995318353085,0.7329998829588271,POSITIVE_LOWER_BOUND_WITH_NONZERO_GAP
projected,0.6249999999999999,3.0,2.375,0.7916666666666666,POSITIVE_LOWER_BOUND_WITH_NONZERO_GAP
normal,0.8660254037844386,4.0,3.1339745962155616,0.7834936490538904,POSITIVE_LOWER_BOUND_WITH_NONZERO_GAP
ambient,1.0680004681646913,4.0,2.9319995318353085,0.7329998829588271,POSITIVE_LOWER_BOUND_WITH_NONZERO_GAP
projected,0.6249999999999999,3.0,2.375,0.7916666666666666,POSITIVE_LOWER_BOUND_WITH_NONZERO_GAP
normal,0.8660254037844386,4.0,3.1339745962155616,0.7834936490538904,POSITIVE_LOWER_BOUND_WITH_NONZERO_GAP
ambient,1.0,4.0,3.0,0.75,POSITIVE_LOWER_BOUND_WITH_NONZERO_GAP
projected,1.0,3.0,2.0,0.6666666666666666,POSITIVE_LOWER_BOUND_WITH_NONZERO_GAP
normal,0.0,4.0,4.0,1.0,NO_POSITIVE_LOWER_BOUND_OBTAINED
ambient,1.0,4.0,3.0,0.75,POSITIVE_LOWER_BOUND_WITH_NONZERO_GAP
projected,1.0,3.0,2.0,0.6666666666666666,POSITIVE_LOWER_BOUND_WITH_NONZERO_GAP
normal,0.0,4.0,4.0,1.0,NO_POSITIVE_LOWER_BOUND_OBTAINED
ambient,1.0,4.0,3.0,0.75,POSITIVE_LOWER_BOUND_WITH_NONZERO_GAP
projected,1.0,3.0,2.0,0.6666666666666666,POSITIVE_LOWER_BOUND_WITH_NONZERO_GAP
normal,0.0,4.0,4.0,1.0,NO_POSITIVE_LOWER_BOUND_OBTAINED
ambient,2.999996000001,4.0,1.000003999999,0.25000099999975,POSITIVE_LOWER_BOUND_WITH_NONZERO_GAP
projected,0.002999997,3.0,2.997000003,0.999000001,POSITIVE_LOWER_BOUND_WITH_NONZERO_GAP
normal,2.9999945000016246,4.0,1.0000054999983754,0.2500013749995938,POSITIVE_LOWER_BOUND_WITH_NONZERO_GAP
ambient,2.999996000001,4.0,1.000003999999,0.25000099999975,POSITIVE_LOWER_BOUND_WITH_NONZERO_GAP
projected,0.002999997,3.0,2.997000003,0.999000001,POSITIVE_LOWER_BOUND_WITH_NONZERO_GAP
normal,2.9999945000016246,4.0,1.0000054999983754,0.2500013749995938,POSITIVE_LOWER_BOUND_WITH_NONZERO_GAP
ambient,2.999996000001,4.0,1.000003999999,0.25000099999975,POSITIVE_LOWER_BOUND_WITH_NONZERO_GAP
projected,0.002999997,3.0,2.997000003,0.999000001,POSITIVE_LOWER_BOUND_WITH_NONZERO_GAP
normal,2.9999945000016246,4.0,1.0000054999983754,0.2500013749995938,POSITIVE_LOWER_BOUND_WITH_NONZERO_GAP
ambient,2.9996000100001665,4.0,1.0003999899998337,0.2500999974999583,POSITIVE_LOWER_BOUND_WITH_NONZERO_GAP
projected,0.029997,3.0,2.970003,0.990001,POSITIVE_LOWER_BOUND_WITH_NONZERO_GAP
normal,2.999450016250312,4.0,1.0005499837496878,0.2501374959374219,POSITIVE_LOWER_BOUND_WITH_NONZERO_GAP
ambient,2.9996000100001665,4.0,1.0003999899998337,0.2500999974999583,POSITIVE_LOWER_BOUND_WITH_NONZERO_GAP
projected,0.029997,3.0,2.970003,0.990001,POSITIVE_LOWER_BOUND_WITH_NONZERO_GAP
normal,2.999450016250312,4.0,1.0005499837496878,0.2501374959374219,POSITIVE_LOWER_BOUND_WITH_NONZERO_GAP
ambient,2.9996000100001665,4.0,1.0003999899998337,0.2500999974999583,POSITIVE_LOWER_BOUND_WITH_NONZERO_GAP
projected,0.029997,3.0,2.970003,0.990001,POSITIVE_LOWER_BOUND_WITH_NONZERO_GAP
normal,2.999450016250312,4.0,1.0005499837496878,0.2501374959374219,POSITIVE_LOWER_BOUND_WITH_NONZERO_GAP
ambient,2.960100167224075,4.0,1.0398998327759248,0.2599749581939812,POSITIVE_LOWER_BOUND_WITH_NONZERO_GAP
projected,0.297,3.0,2.703,0.901,POSITIVE_LOWER_BOUND_WITH_NONZERO_GAP
normal,2.9451628138355948,4.0,1.0548371861644052,0.2637092965411013,POSITIVE_LOWER_BOUND_WITH_NONZERO_GAP
ambient,2.960100167224075,4.0,1.0398998327759248,0.2599749581939812,POSITIVE_LOWER_BOUND_WITH_NONZERO_GAP
projected,0.297,3.0,2.703,0.901,POSITIVE_LOWER_BOUND_WITH_NONZERO_GAP
normal,2.9451628138355948,4.0,1.0548371861644052,0.2637092965411013,POSITIVE_LOWER_BOUND_WITH_NONZERO_GAP
ambient,2.960100167224075,4.0,1.0398998327759248,0.2599749581939812,POSITIVE_LOWER_BOUND_WITH_NONZERO_GAP
projected,0.297,3.0,2.703,0.901,POSITIVE_LOWER_BOUND_WITH_NONZERO_GAP
normal,2.9451628138355948,4.0,1.0548371861644052,0.2637092965411013,POSITIVE_LOWER_BOUND_WITH_NONZERO_GAP
ambient,2.065338955232288,4.0,1.934661044767712,0.483665261191928,POSITIVE_LOWER_BOUND_WITH_NONZERO_GAP
projected,1.1249999999999998,3.0,1.875,0.6250000000000001,POSITIVE_LOWER_BOUND_WITH_NONZERO_GAP
normal,1.7320508075688772,4.0,2.267949192431123,0.5669872981077807,POSITIVE_LOWER_BOUND_WITH_NONZERO_GAP
ambient,2.065338955232288,4.0,1.934661044767712,0.483665261191928,POSITIVE_LOWER_BOUND_WITH_NONZERO_GAP
projected,1.1249999999999998,3.0,1.875,0.6250000000000001,POSITIVE_LOWER_BOUND_WITH_NONZERO_GAP
normal,1.7320508075688772,4.0,2.267949192431123,0.5669872981077807,POSITIVE_LOWER_BOUND_WITH_NONZERO_GAP
ambient,2.065338955232288,4.0,1.934661044767712,0.483665261191928,POSITIVE_LOWER_BOUND_WITH_NONZERO_GAP
projected,1.1249999999999998,3.0,1.875,0.6250000000000001,POSITIVE_LOWER_BOUND_WITH_NONZERO_GAP
normal,1.7320508075688772,4.0,2.267949192431123,0.5669872981077807,POSITIVE_LOWER_BOUND_WITH_NONZERO_GAP
ambient,0.0,4.0,4.0,1.0,NO_POSITIVE_LOWER_BOUND_OBTAINED
projected,0.0,3.0,3.0,1.0,NO_POSITIVE_LOWER_BOUND_OBTAINED
normal,0.0,4.0,4.0,1.0,NO_POSITIVE_LOWER_BOUND_OBTAINED
ambient,0.0,4.0,4.0,1.0,NO_POSITIVE_LOWER_BOUND_OBTAINED
projected,0.0,3.0,3.0,1.0,NO_POSITIVE_LOWER_BOUND_OBTAINED
normal,0.0,4.0,4.0,1.0,NO_POSITIVE_LOWER_BOUND_OBTAINED
ambient,0.0,4.0,4.0,1.0,NO_POSITIVE_LOWER_BOUND_OBTAINED
projected,0.0,3.0,3.0,1.0,NO_POSITIVE_LOWER_BOUND_OBTAINED
normal,0.0,4.0,4.0,1.0,NO_POSITIVE_LOWER_BOUND_OBTAINED
ambient,2.999996000001,4.0,1.000003999999,0.25000099999975,POSITIVE_LOWER_BOUND_WITH_NONZERO_GAP
projected,0.002999997,3.0,2.997000003,0.999000001,POSITIVE_LOWER_BOUND_WITH_NONZERO_GAP
normal,2.9999945000016246,4.0,1.0000054999983754,0.2500013749995938,POSITIVE_LOWER_BOUND_WITH_NONZERO_GAP
ambient,2.999996000001,4.0,1.000003999999,0.25000099999975,POSITIVE_LOWER_BOUND_WITH_NONZERO_GAP
projected,0.002999997,3.0,2.997000003,0.999000001,POSITIVE_LOWER_BOUND_WITH_NONZERO_GAP
normal,2.9999945000016246,4.0,1.0000054999983754,0.2500013749995938,POSITIVE_LOWER_BOUND_WITH_NONZERO_GAP
ambient,2.999996000001,4.0,1.000003999999,0.25000099999975,POSITIVE_LOWER_BOUND_WITH_NONZERO_GAP
projected,0.002999997,3.0,2.997000003,0.999000001,POSITIVE_LOWER_BOUND_WITH_NONZERO_GAP
normal,2.9999945000016246,4.0,1.0000054999983754,0.2500013749995938,POSITIVE_LOWER_BOUND_WITH_NONZERO_GAP
ambient,2.9996000100001665,4.0,1.0003999899998337,0.2500999974999583,POSITIVE_LOWER_BOUND_WITH_NONZERO_GAP
projected,0.029997,3.0,2.970003,0.990001,POSITIVE_LOWER_BOUND_WITH_NONZERO_GAP
normal,2.999450016250312,4.0,1.0005499837496878,0.2501374959374219,POSITIVE_LOWER_BOUND_WITH_NONZERO_GAP
ambient,2.9996000100001665,4.0,1.0003999899998337,0.2500999974999583,POSITIVE_LOWER_BOUND_WITH_NONZERO_GAP
projected,0.029997,3.0,2.970003,0.990001,POSITIVE_LOWER_BOUND_WITH_NONZERO_GAP
normal,2.999450016250312,4.0,1.0005499837496878,0.2501374959374219,POSITIVE_LOWER_BOUND_WITH_NONZERO_GAP
ambient,2.9996000100001665,4.0,1.0003999899998337,0.2500999974999583,POSITIVE_LOWER_BOUND_WITH_NONZERO_GAP
projected,0.029997,3.0,2.970003,0.990001,POSITIVE_LOWER_BOUND_WITH_NONZERO_GAP
normal,2.999450016250312,4.0,1.0005499837496878,0.2501374959374219,POSITIVE_LOWER_BOUND_WITH_NONZERO_GAP
ambient,2.960100167224075,4.0,1.0398998327759248,0.2599749581939812,POSITIVE_LOWER_BOUND_WITH_NONZERO_GAP
projected,0.297,3.0,2.703,0.901,POSITIVE_LOWER_BOUND_WITH_NONZERO_GAP
normal,2.9451628138355948,4.0,1.0548371861644052,0.2637092965411013,POSITIVE_LOWER_BOUND_WITH_NONZERO_GAP
ambient,2.960100167224075,4.0,1.0398998327759248,0.2599749581939812,POSITIVE_LOWER_BOUND_WITH_NONZERO_GAP
projected,0.297,3.0,2.703,0.901,POSITIVE_LOWER_BOUND_WITH_NONZERO_GAP
normal,2.9451628138355948,4.0,1.0548371861644052,0.2637092965411013,POSITIVE_LOWER_BOUND_WITH_NONZERO_GAP
ambient,2.960100167224075,4.0,1.0398998327759248,0.2599749581939812,POSITIVE_LOWER_BOUND_WITH_NONZERO_GAP
projected,0.297,3.0,2.703,0.901,POSITIVE_LOWER_BOUND_WITH_NONZERO_GAP
normal,2.9451628138355948,4.0,1.0548371861644052,0.2637092965411013,POSITIVE_LOWER_BOUND_WITH_NONZERO_GAP
ambient,2.065338955232288,4.0,1.934661044767712,0.483665261191928,POSITIVE_LOWER_BOUND_WITH_NONZERO_GAP
projected,1.1249999999999998,3.0,1.875,0.6250000000000001,POSITIVE_LOWER_BOUND_WITH_NONZERO_GAP
normal,1.7320508075688772,4.0,2.267949192431123,0.5669872981077807,POSITIVE_LOWER_BOUND_WITH_NONZERO_GAP
ambient,2.065338955232288,4.0,1.934661044767712,0.483665261191928,POSITIVE_LOWER_BOUND_WITH_NONZERO_GAP
projected,1.1249999999999998,3.0,1.875,0.6250000000000001,POSITIVE_LOWER_BOUND_WITH_NONZERO_GAP
normal,1.7320508075688772,4.0,2.267949192431123,0.5669872981077807,POSITIVE_LOWER_BOUND_WITH_NONZERO_GAP
ambient,2.065338955232288,4.0,1.934661044767712,0.483665261191928,POSITIVE_LOWER_BOUND_WITH_NONZERO_GAP
projected,1.1249999999999998,3.0,1.875,0.6250000000000001,POSITIVE_LOWER_BOUND_WITH_NONZERO_GAP
normal,1.7320508075688772,4.0,2.267949192431123,0.5669872981077807,POSITIVE_LOWER_BOUND_WITH_NONZERO_GAP
ambient,0.0,4.0,4.0,1.0,NO_POSITIVE_LOWER_BOUND_OBTAINED
projected,0.0,3.0,3.0,1.0,NO_POSITIVE_LOWER_BOUND_OBTAINED
normal,0.0,4.0,4.0,1.0,NO_POSITIVE_LOWER_BOUND_OBTAINED
ambient,0.0,4.0,4.0,1.0,NO_POSITIVE_LOWER_BOUND_OBTAINED
projected,0.0,3.0,3.0,1.0,NO_POSITIVE_LOWER_BOUND_OBTAINED
normal,0.0,4.0,4.0,1.0,NO_POSITIVE_LOWER_BOUND_OBTAINED
ambient,0.0,4.0,4.0,1.0,NO_POSITIVE_LOWER_BOUND_OBTAINED
projected,0.0,3.0,3.0,1.0,NO_POSITIVE_LOWER_BOUND_OBTAINED
normal,0.0,4.0,4.0,1.0,NO_POSITIVE_LOWER_BOUND_OBTAINED
ambient,3.999994500001719,4.0,5.499998281255358e-06,1.3749995703138396e-06,POSITIVE_LOWER_BOUND_WITH_NONZERO_GAP
projected,0.0059999929999999,3.0,2.994000007,0.9980000023333332,POSITIVE_LOWER_BOUND_WITH_NONZERO_GAP
normal,3.9999900000035,4.0,9.99999650019845e-06,2.4999991250496123e-06,POSITIVE_LOWER_BOUND_WITH_NONZERO_GAP
ambient,3.999994500001719,4.0,5.499998281255358e-06,1.3749995703138396e-06,POSITIVE_LOWER_BOUND_WITH_NONZERO_GAP
projected,0.0059999929999999,3.0,2.994000007,0.9980000023333332,POSITIVE_LOWER_BOUND_WITH_NONZERO_GAP
normal,3.9999900000035,4.0,9.99999650019845e-06,2.4999991250496123e-06,POSITIVE_LOWER_BOUND_WITH_NONZERO_GAP
ambient,3.999994500001719,4.0,5.499998281255358e-06,1.3749995703138396e-06,POSITIVE_LOWER_BOUND_WITH_NONZERO_GAP
projected,0.0059999929999999,3.0,2.994000007,0.9980000023333332,POSITIVE_LOWER_BOUND_WITH_NONZERO_GAP
normal,3.9999900000035,4.0,9.99999650019845e-06,2.4999991250496123e-06,POSITIVE_LOWER_BOUND_WITH_NONZERO_GAP
ambient,3.999450017187988,4.0,0.0005499828120121,0.000137495703003,POSITIVE_LOWER_BOUND_WITH_NONZERO_GAP
projected,0.059993,3.0,2.940007,0.9800023333333332,POSITIVE_LOWER_BOUND_WITH_NONZERO_GAP
normal,3.99900003500075,4.0,0.00099996499925,0.0002499912498125,POSITIVE_LOWER_BOUND_WITH_NONZERO_GAP
ambient,3.999450017187988,4.0,0.0005499828120121,0.000137495703003,POSITIVE_LOWER_BOUND_WITH_NONZERO_GAP
projected,0.059993,3.0,2.940007,0.9800023333333332,POSITIVE_LOWER_BOUND_WITH_NONZERO_GAP
normal,3.99900003500075,4.0,0.00099996499925,0.0002499912498125,POSITIVE_LOWER_BOUND_WITH_NONZERO_GAP
ambient,3.999450017187988,4.0,0.0005499828120121,0.000137495703003,POSITIVE_LOWER_BOUND_WITH_NONZERO_GAP
projected,0.059993,3.0,2.940007,0.9800023333333332,POSITIVE_LOWER_BOUND_WITH_NONZERO_GAP
normal,3.99900003500075,4.0,0.00099996499925,0.0002499912498125,POSITIVE_LOWER_BOUND_WITH_NONZERO_GAP
ambient,3.945172366323175,4.0,0.0548276336768251,0.0137069084192062,POSITIVE_LOWER_BOUND_WITH_NONZERO_GAP
projected,0.593,3.0,2.407,0.8023333333333333,POSITIVE_LOWER_BOUND_WITH_NONZERO_GAP
normal,3.90035075345795,4.0,0.0996492465420502,0.0249123116355125,POSITIVE_LOWER_BOUND_WITH_NONZERO_GAP
ambient,3.945172366323175,4.0,0.0548276336768251,0.0137069084192062,POSITIVE_LOWER_BOUND_WITH_NONZERO_GAP
projected,0.593,3.0,2.407,0.8023333333333333,POSITIVE_LOWER_BOUND_WITH_NONZERO_GAP
normal,3.90035075345795,4.0,0.0996492465420502,0.0249123116355125,POSITIVE_LOWER_BOUND_WITH_NONZERO_GAP
ambient,3.945172366323175,4.0,0.0548276336768251,0.0137069084192062,POSITIVE_LOWER_BOUND_WITH_NONZERO_GAP
projected,0.593,3.0,2.407,0.8023333333333333,POSITIVE_LOWER_BOUND_WITH_NONZERO_GAP
normal,3.90035075345795,4.0,0.0996492465420502,0.0249123116355125,POSITIVE_LOWER_BOUND_WITH_NONZERO_GAP
ambient,2.741464024932663,4.0,1.2585359750673368,0.3146339937668342,POSITIVE_LOWER_BOUND_WITH_NONZERO_GAP
projected,2.125,3.0,0.8750000000000004,0.2916666666666668,POSITIVE_LOWER_BOUND_WITH_NONZERO_GAP
normal,1.7320508075688772,4.0,2.267949192431123,0.5669872981077807,POSITIVE_LOWER_BOUND_WITH_NONZERO_GAP
ambient,2.741464024932663,4.0,1.2585359750673368,0.3146339937668342,POSITIVE_LOWER_BOUND_WITH_NONZERO_GAP
projected,2.125,3.0,0.8750000000000004,0.2916666666666668,POSITIVE_LOWER_BOUND_WITH_NONZERO_GAP
normal,1.7320508075688772,4.0,2.267949192431123,0.5669872981077807,POSITIVE_LOWER_BOUND_WITH_NONZERO_GAP
ambient,2.741464024932663,4.0,1.2585359750673368,0.3146339937668342,POSITIVE_LOWER_BOUND_WITH_NONZERO_GAP
projected,2.125,3.0,0.8750000000000004,0.2916666666666668,POSITIVE_LOWER_BOUND_WITH_NONZERO_GAP
normal,1.7320508075688772,4.0,2.267949192431123,0.5669872981077807,POSITIVE_LOWER_BOUND_WITH_NONZERO_GAP
ambient,1.0,4.0,3.0,0.75,POSITIVE_LOWER_BOUND_WITH_NONZERO_GAP
projected,1.0,3.0,2.0,0.6666666666666666,POSITIVE_LOWER_BOUND_WITH_NONZERO_GAP
normal,0.0,4.0,4.0,1.0,NO_POSITIVE_LOWER_BOUND_OBTAINED
ambient,1.0,4.0,3.0,0.75,POSITIVE_LOWER_BOUND_WITH_NONZERO_GAP
projected,1.0,3.0,2.0,0.6666666666666666,POSITIVE_LOWER_BOUND_WITH_NONZERO_GAP
normal,0.0,4.0,4.0,1.0,NO_POSITIVE_LOWER_BOUND_OBTAINED
ambient,1.0,4.0,3.0,0.75,POSITIVE_LOWER_BOUND_WITH_NONZERO_GAP
projected,1.0,3.0,2.0,0.6666666666666666,POSITIVE_LOWER_BOUND_WITH_NONZERO_GAP
normal,0.0,4.0,4.0,1.0,NO_POSITIVE_LOWER_BOUND_OBTAINED
ambient,1.0,1.0,1.1102230246251563e-16,1.1102230246251563e-16,EXACTLY_DETERMINED_POSITIVE
projected,0.0,0.0,0.0,0.0,EXACTLY_ZERO_BY_THEOREM
normal,1.0,1.0,1.1102230246251563e-16,1.1102230246251563e-16,EXACTLY_DETERMINED_POSITIVE
ambient,1.0,1.0,1.1102230246251563e-16,1.1102230246251563e-16,EXACTLY_DETERMINED_POSITIVE
projected,0.0,0.0,0.0,0.0,EXACTLY_ZERO_BY_THEOREM
normal,1.0,1.0,1.1102230246251563e-16,1.1102230246251563e-16,EXACTLY_DETERMINED_POSITIVE
ambient,1.0,1.0,1.1102230246251563e-16,1.1102230246251563e-16,EXACTLY_DETERMINED_POSITIVE
projected,0.0,0.0,0.0,0.0,EXACTLY_ZERO_BY_THEOREM
normal,1.0,1.0,1.1102230246251563e-16,1.1102230246251563e-16,EXACTLY_DETERMINED_POSITIVE
ambient,1.0,1.0,1.1102230246251563e-16,1.1102230246251563e-16,EXACTLY_DETERMINED_POSITIVE
projected,0.0,0.0,0.0,0.0,EXACTLY_ZERO_BY_THEOREM
normal,1.0,1.0,1.1102230246251563e-16,1.1102230246251563e-16,EXACTLY_DETERMINED_POSITIVE
ambient,1.0,1.0,1.1102230246251563e-16,1.1102230246251563e-16,EXACTLY_DETERMINED_POSITIVE
projected,0.0,0.0,0.0,0.0,EXACTLY_ZERO_BY_THEOREM
normal,1.0,1.0,1.1102230246251563e-16,1.1102230246251563e-16,EXACTLY_DETERMINED_POSITIVE
ambient,1.0,1.0,1.1102230246251563e-16,1.1102230246251563e-16,EXACTLY_DETERMINED_POSITIVE
projected,0.0,0.0,0.0,0.0,EXACTLY_ZERO_BY_THEOREM
normal,1.0,1.0,1.1102230246251563e-16,1.1102230246251563e-16,EXACTLY_DETERMINED_POSITIVE
ambient,1.0,1.0,1.1102230246251563e-16,1.1102230246251563e-16,EXACTLY_DETERMINED_POSITIVE
projected,0.0,0.0,0.0,0.0,EXACTLY_ZERO_BY_THEOREM
normal,1.0,1.0,1.1102230246251563e-16,1.1102230246251563e-16,EXACTLY_DETERMINED_POSITIVE
ambient,1.0,1.0,1.1102230246251563e-16,1.1102230246251563e-16,EXACTLY_DETERMINED_POSITIVE
projected,0.0,0.0,0.0,0.0,EXACTLY_ZERO_BY_THEOREM
normal,1.0,1.0,1.1102230246251563e-16,1.1102230246251563e-16,EXACTLY_DETERMINED_POSITIVE
ambient,1.0,1.0,1.1102230246251563e-16,1.1102230246251563e-16,EXACTLY_DETERMINED_POSITIVE
projected,0.0,0.0,0.0,0.0,EXACTLY_ZERO_BY_THEOREM
normal,1.0,1.0,1.1102230246251563e-16,1.1102230246251563e-16,EXACTLY_DETERMINED_POSITIVE
ambient,1.0,1.0,0.0,0.0,EXACTLY_DETERMINED_POSITIVE
projected,0.0,0.0,0.0,0.0,EXACTLY_ZERO_BY_THEOREM
normal,1.0,1.0,0.0,0.0,EXACTLY_DETERMINED_POSITIVE
ambient,1.0,1.0,0.0,0.0,EXACTLY_DETERMINED_POSITIVE
projected,0.0,0.0,0.0,0.0,EXACTLY_ZERO_BY_THEOREM
normal,1.0,1.0,0.0,0.0,EXACTLY_DETERMINED_POSITIVE
ambient,1.0,1.0,0.0,0.0,EXACTLY_DETERMINED_POSITIVE
projected,0.0,0.0,0.0,0.0,EXACTLY_ZERO_BY_THEOREM
normal,1.0,1.0,0.0,0.0,EXACTLY_DETERMINED_POSITIVE
ambient,1.0,1.0,0.0,0.0,EXACTLY_DETERMINED_POSITIVE
projected,0.0,0.0,0.0,0.0,EXACTLY_ZERO_BY_THEOREM
normal,1.0,1.0,0.0,0.0,EXACTLY_DETERMINED_POSITIVE
ambient,1.0,1.0,0.0,0.0,EXACTLY_DETERMINED_POSITIVE
projected,0.0,0.0,0.0,0.0,EXACTLY_ZERO_BY_THEOREM
normal,1.0,1.0,0.0,0.0,EXACTLY_DETERMINED_POSITIVE
ambient,1.0,1.0,0.0,0.0,EXACTLY_DETERMINED_POSITIVE
projected,0.0,0.0,0.0,0.0,EXACTLY_ZERO_BY_THEOREM
normal,1.0,1.0,0.0,0.0,EXACTLY_DETERMINED_POSITIVE
ambient,0.9999994999998748,2.0,1.000000500000125,0.5000002500000625,POSITIVE_LOWER_BOUND_WITH_NONZERO_GAP
projected,0.0,1.0,1.0,1.0,NO_POSITIVE_LOWER_BOUND_OBTAINED
normal,0.9999994999998748,2.0,1.000000500000125,0.5000002500000625,POSITIVE_LOWER_BOUND_WITH_NONZERO_GAP
ambient,0.9999994999998748,2.0,1.000000500000125,0.5000002500000625,POSITIVE_LOWER_BOUND_WITH_NONZERO_GAP
projected,0.0,1.0,1.0,1.0,NO_POSITIVE_LOWER_BOUND_OBTAINED
normal,0.9999994999998748,2.0,1.000000500000125,0.5000002500000625,POSITIVE_LOWER_BOUND_WITH_NONZERO_GAP
ambient,0.9999994999998748,2.0,1.000000500000125,0.5000002500000625,POSITIVE_LOWER_BOUND_WITH_NONZERO_GAP
projected,0.0,1.0,1.0,1.0,NO_POSITIVE_LOWER_BOUND_OBTAINED
normal,0.9999994999998748,2.0,1.000000500000125,0.5000002500000625,POSITIVE_LOWER_BOUND_WITH_NONZERO_GAP
ambient,0.9999499987499374,2.0,1.0000500012500626,0.5000250006250313,POSITIVE_LOWER_BOUND_WITH_NONZERO_GAP
projected,0.0,1.0,1.0,1.0,NO_POSITIVE_LOWER_BOUND_OBTAINED
normal,0.9999499987499374,2.0,1.0000500012500626,0.5000250006250313,POSITIVE_LOWER_BOUND_WITH_NONZERO_GAP
ambient,0.9999499987499374,2.0,1.0000500012500626,0.5000250006250313,POSITIVE_LOWER_BOUND_WITH_NONZERO_GAP
projected,0.0,1.0,1.0,1.0,NO_POSITIVE_LOWER_BOUND_OBTAINED
normal,0.9999499987499374,2.0,1.0000500012500626,0.5000250006250313,POSITIVE_LOWER_BOUND_WITH_NONZERO_GAP
ambient,0.9999499987499374,2.0,1.0000500012500626,0.5000250006250313,POSITIVE_LOWER_BOUND_WITH_NONZERO_GAP
projected,0.0,1.0,1.0,1.0,NO_POSITIVE_LOWER_BOUND_OBTAINED
normal,0.9999499987499374,2.0,1.0000500012500626,0.5000250006250313,POSITIVE_LOWER_BOUND_WITH_NONZERO_GAP
ambient,0.99498743710662,2.0,1.00501256289338,0.5025062814466901,POSITIVE_LOWER_BOUND_WITH_NONZERO_GAP
projected,0.0,1.0,1.0,1.0,NO_POSITIVE_LOWER_BOUND_OBTAINED
normal,0.99498743710662,2.0,1.00501256289338,0.5025062814466901,POSITIVE_LOWER_BOUND_WITH_NONZERO_GAP
ambient,0.99498743710662,2.0,1.00501256289338,0.5025062814466901,POSITIVE_LOWER_BOUND_WITH_NONZERO_GAP
projected,0.0,1.0,1.0,1.0,NO_POSITIVE_LOWER_BOUND_OBTAINED
normal,0.99498743710662,2.0,1.00501256289338,0.5025062814466901,POSITIVE_LOWER_BOUND_WITH_NONZERO_GAP
ambient,0.99498743710662,2.0,1.00501256289338,0.5025062814466901,POSITIVE_LOWER_BOUND_WITH_NONZERO_GAP
projected,0.0,1.0,1.0,1.0,NO_POSITIVE_LOWER_BOUND_OBTAINED
normal,0.99498743710662,2.0,1.00501256289338,0.5025062814466901,POSITIVE_LOWER_BOUND_WITH_NONZERO_GAP
ambient,0.8660254037844386,2.0,1.1339745962155614,0.5669872981077807,POSITIVE_LOWER_BOUND_WITH_NONZERO_GAP
projected,0.0,1.0,1.0,1.0,NO_POSITIVE_LOWER_BOUND_OBTAINED
normal,0.8660254037844386,2.0,1.1339745962155614,0.5669872981077807,POSITIVE_LOWER_BOUND_WITH_NONZERO_GAP
ambient,0.8660254037844386,2.0,1.1339745962155614,0.5669872981077807,POSITIVE_LOWER_BOUND_WITH_NONZERO_GAP
projected,0.0,1.0,1.0,1.0,NO_POSITIVE_LOWER_BOUND_OBTAINED
normal,0.8660254037844386,2.0,1.1339745962155614,0.5669872981077807,POSITIVE_LOWER_BOUND_WITH_NONZERO_GAP
ambient,0.8660254037844386,2.0,1.1339745962155614,0.5669872981077807,POSITIVE_LOWER_BOUND_WITH_NONZERO_GAP
projected,0.0,1.0,1.0,1.0,NO_POSITIVE_LOWER_BOUND_OBTAINED
normal,0.8660254037844386,2.0,1.1339745962155614,0.5669872981077807,POSITIVE_LOWER_BOUND_WITH_NONZERO_GAP
ambient,0.0,2.0,2.0,1.0,NO_POSITIVE_LOWER_BOUND_OBTAINED
projected,0.0,1.0,1.0,1.0,NO_POSITIVE_LOWER_BOUND_OBTAINED
normal,0.0,2.0,2.0,1.0,NO_POSITIVE_LOWER_BOUND_OBTAINED
ambient,0.0,2.0,2.0,1.0,NO_POSITIVE_LOWER_BOUND_OBTAINED
projected,0.0,1.0,1.0,1.0,NO_POSITIVE_LOWER_BOUND_OBTAINED
normal,0.0,2.0,2.0,1.0,NO_POSITIVE_LOWER_BOUND_OBTAINED
ambient,0.0,2.0,2.0,1.0,NO_POSITIVE_LOWER_BOUND_OBTAINED
projected,0.0,1.0,1.0,1.0,NO_POSITIVE_LOWER_BOUND_OBTAINED
normal,0.0,2.0,2.0,1.0,NO_POSITIVE_LOWER_BOUND_OBTAINED
ambient,0.9999994999998748,2.0,1.000000500000125,0.5000002500000625,POSITIVE_LOWER_BOUND_WITH_NONZERO_GAP
projected,0.0,1.0,1.0,1.0,NO_POSITIVE_LOWER_BOUND_OBTAINED
normal,0.9999994999998748,2.0,1.000000500000125,0.5000002500000625,POSITIVE_LOWER_BOUND_WITH_NONZERO_GAP
ambient,0.9999994999998748,2.0,1.000000500000125,0.5000002500000625,POSITIVE_LOWER_BOUND_WITH_NONZERO_GAP
projected,0.0,1.0,1.0,1.0,NO_POSITIVE_LOWER_BOUND_OBTAINED
normal,0.9999994999998748,2.0,1.000000500000125,0.5000002500000625,POSITIVE_LOWER_BOUND_WITH_NONZERO_GAP
ambient,0.9999994999998748,2.0,1.000000500000125,0.5000002500000625,POSITIVE_LOWER_BOUND_WITH_NONZERO_GAP
projected,0.0,1.0,1.0,1.0,NO_POSITIVE_LOWER_BOUND_OBTAINED
normal,0.9999994999998748,2.0,1.000000500000125,0.5000002500000625,POSITIVE_LOWER_BOUND_WITH_NONZERO_GAP
ambient,0.9999499987499374,2.0,1.0000500012500626,0.5000250006250313,POSITIVE_LOWER_BOUND_WITH_NONZERO_GAP
projected,0.0,1.0,1.0,1.0,NO_POSITIVE_LOWER_BOUND_OBTAINED
normal,0.9999499987499374,2.0,1.0000500012500626,0.5000250006250313,POSITIVE_LOWER_BOUND_WITH_NONZERO_GAP
ambient,0.9999499987499374,2.0,1.0000500012500626,0.5000250006250313,POSITIVE_LOWER_BOUND_WITH_NONZERO_GAP
projected,0.0,1.0,1.0,1.0,NO_POSITIVE_LOWER_BOUND_OBTAINED
normal,0.9999499987499374,2.0,1.0000500012500626,0.5000250006250313,POSITIVE_LOWER_BOUND_WITH_NONZERO_GAP
ambient,0.9999499987499374,2.0,1.0000500012500626,0.5000250006250313,POSITIVE_LOWER_BOUND_WITH_NONZERO_GAP
projected,0.0,1.0,1.0,1.0,NO_POSITIVE_LOWER_BOUND_OBTAINED
normal,0.9999499987499374,2.0,1.0000500012500626,0.5000250006250313,POSITIVE_LOWER_BOUND_WITH_NONZERO_GAP
ambient,0.99498743710662,2.0,1.00501256289338,0.5025062814466901,POSITIVE_LOWER_BOUND_WITH_NONZERO_GAP
projected,0.0,1.0,1.0,1.0,NO_POSITIVE_LOWER_BOUND_OBTAINED
normal,0.99498743710662,2.0,1.00501256289338,0.5025062814466901,POSITIVE_LOWER_BOUND_WITH_NONZERO_GAP
ambient,0.99498743710662,2.0,1.00501256289338,0.5025062814466901,POSITIVE_LOWER_BOUND_WITH_NONZERO_GAP
projected,0.0,1.0,1.0,1.0,NO_POSITIVE_LOWER_BOUND_OBTAINED
normal,0.99498743710662,2.0,1.00501256289338,0.5025062814466901,POSITIVE_LOWER_BOUND_WITH_NONZERO_GAP
ambient,0.99498743710662,2.0,1.00501256289338,0.5025062814466901,POSITIVE_LOWER_BOUND_WITH_NONZERO_GAP
projected,0.0,1.0,1.0,1.0,NO_POSITIVE_LOWER_BOUND_OBTAINED
normal,0.99498743710662,2.0,1.00501256289338,0.5025062814466901,POSITIVE_LOWER_BOUND_WITH_NONZERO_GAP
ambient,0.8660254037844386,2.0,1.1339745962155614,0.5669872981077807,POSITIVE_LOWER_BOUND_WITH_NONZERO_GAP
projected,0.0,1.0,1.0,1.0,NO_POSITIVE_LOWER_BOUND_OBTAINED
normal,0.8660254037844386,2.0,1.1339745962155614,0.5669872981077807,POSITIVE_LOWER_BOUND_WITH_NONZERO_GAP
ambient,0.8660254037844386,2.0,1.1339745962155614,0.5669872981077807,POSITIVE_LOWER_BOUND_WITH_NONZERO_GAP
projected,0.0,1.0,1.0,1.0,NO_POSITIVE_LOWER_BOUND_OBTAINED
normal,0.8660254037844386,2.0,1.1339745962155614,0.5669872981077807,POSITIVE_LOWER_BOUND_WITH_NONZERO_GAP
ambient,0.8660254037844386,2.0,1.1339745962155614,0.5669872981077807,POSITIVE_LOWER_BOUND_WITH_NONZERO_GAP
projected,0.0,1.0,1.0,1.0,NO_POSITIVE_LOWER_BOUND_OBTAINED
normal,0.8660254037844386,2.0,1.1339745962155614,0.5669872981077807,POSITIVE_LOWER_BOUND_WITH_NONZERO_GAP
ambient,0.0,2.0,2.0,1.0,NO_POSITIVE_LOWER_BOUND_OBTAINED
projected,0.0,1.0,1.0,1.0,NO_POSITIVE_LOWER_BOUND_OBTAINED
normal,0.0,2.0,2.0,1.0,NO_POSITIVE_LOWER_BOUND_OBTAINED
ambient,0.0,2.0,2.0,1.0,NO_POSITIVE_LOWER_BOUND_OBTAINED
projected,0.0,1.0,1.0,1.0,NO_POSITIVE_LOWER_BOUND_OBTAINED
normal,0.0,2.0,2.0,1.0,NO_POSITIVE_LOWER_BOUND_OBTAINED
ambient,0.0,2.0,2.0,1.0,NO_POSITIVE_LOWER_BOUND_OBTAINED
projected,0.0,1.0,1.0,1.0,NO_POSITIVE_LOWER_BOUND_OBTAINED
normal,0.0,2.0,2.0,1.0,NO_POSITIVE_LOWER_BOUND_OBTAINED
ambient,1.9999992499998596,2.0,7.500001406590684e-07,3.750000703295342e-07,POSITIVE_LOWER_BOUND_WITH_NONZERO_GAP
projected,0.0009999999999999,1.0,0.999,0.999,POSITIVE_LOWER_BOUND_WITH_NONZERO_GAP
normal,1.9999989999997496,2.0,1.0000002501620031e-06,5.000001250810016e-07,POSITIVE_LOWER_BOUND_WITH_NONZERO_GAP
ambient,1.9999992499998596,2.0,7.500001406590684e-07,3.750000703295342e-07,POSITIVE_LOWER_BOUND_WITH_NONZERO_GAP
projected,0.0009999999999999,1.0,0.999,0.999,POSITIVE_LOWER_BOUND_WITH_NONZERO_GAP
normal,1.9999989999997496,2.0,1.0000002501620031e-06,5.000001250810016e-07,POSITIVE_LOWER_BOUND_WITH_NONZERO_GAP
ambient,1.9999992499998596,2.0,7.500001406590684e-07,3.750000703295342e-07,POSITIVE_LOWER_BOUND_WITH_NONZERO_GAP
projected,0.0009999999999999,1.0,0.999,0.999,POSITIVE_LOWER_BOUND_WITH_NONZERO_GAP
normal,1.9999989999997496,2.0,1.0000002501620031e-06,5.000001250810016e-07,POSITIVE_LOWER_BOUND_WITH_NONZERO_GAP
ambient,1.999924998593697,2.0,7.50014063028992e-05,3.75007031514496e-05,POSITIVE_LOWER_BOUND_WITH_NONZERO_GAP
projected,0.0099999999999999,1.0,0.99,0.99,POSITIVE_LOWER_BOUND_WITH_NONZERO_GAP
normal,1.9998999974998748,2.0,0.0001000025001252,5.000125006260348e-05,POSITIVE_LOWER_BOUND_WITH_NONZERO_GAP
ambient,1.999924998593697,2.0,7.50014063028992e-05,3.75007031514496e-05,POSITIVE_LOWER_BOUND_WITH_NONZERO_GAP
projected,0.0099999999999999,1.0,0.99,0.99,POSITIVE_LOWER_BOUND_WITH_NONZERO_GAP
normal,1.9998999974998748,2.0,0.0001000025001252,5.000125006260348e-05,POSITIVE_LOWER_BOUND_WITH_NONZERO_GAP
ambient,1.999924998593697,2.0,7.50014063028992e-05,3.75007031514496e-05,POSITIVE_LOWER_BOUND_WITH_NONZERO_GAP
projected,0.0099999999999999,1.0,0.99,0.99,POSITIVE_LOWER_BOUND_WITH_NONZERO_GAP
normal,1.9998999974998748,2.0,0.0001000025001252,5.000125006260348e-05,POSITIVE_LOWER_BOUND_WITH_NONZERO_GAP
ambient,1.9924858845171276,2.0,0.0075141154828726,0.0037570577414363,POSITIVE_LOWER_BOUND_WITH_NONZERO_GAP
projected,0.0999999999999999,1.0,0.9,0.9,POSITIVE_LOWER_BOUND_WITH_NONZERO_GAP
normal,1.98997487421324,2.0,0.0100251257867602,0.0050125628933801,POSITIVE_LOWER_BOUND_WITH_NONZERO_GAP
ambient,1.9924858845171276,2.0,0.0075141154828726,0.0037570577414363,POSITIVE_LOWER_BOUND_WITH_NONZERO_GAP
projected,0.0999999999999999,1.0,0.9,0.9,POSITIVE_LOWER_BOUND_WITH_NONZERO_GAP
normal,1.98997487421324,2.0,0.0100251257867602,0.0050125628933801,POSITIVE_LOWER_BOUND_WITH_NONZERO_GAP
ambient,1.9924858845171276,2.0,0.0075141154828726,0.0037570577414363,POSITIVE_LOWER_BOUND_WITH_NONZERO_GAP
projected,0.0999999999999999,1.0,0.9,0.9,POSITIVE_LOWER_BOUND_WITH_NONZERO_GAP
normal,1.98997487421324,2.0,0.0100251257867602,0.0050125628933801,POSITIVE_LOWER_BOUND_WITH_NONZERO_GAP
ambient,1.8027756377319943,2.0,0.1972243622680054,0.0986121811340027,POSITIVE_LOWER_BOUND_WITH_NONZERO_GAP
projected,0.4999999999999999,1.0,0.5,0.5,POSITIVE_LOWER_BOUND_WITH_NONZERO_GAP
normal,1.7320508075688772,2.0,0.2679491924311228,0.1339745962155614,POSITIVE_LOWER_BOUND_WITH_NONZERO_GAP
ambient,1.8027756377319943,2.0,0.1972243622680054,0.0986121811340027,POSITIVE_LOWER_BOUND_WITH_NONZERO_GAP
projected,0.4999999999999999,1.0,0.5,0.5,POSITIVE_LOWER_BOUND_WITH_NONZERO_GAP
normal,1.7320508075688772,2.0,0.2679491924311228,0.1339745962155614,POSITIVE_LOWER_BOUND_WITH_NONZERO_GAP
ambient,1.8027756377319943,2.0,0.1972243622680054,0.0986121811340027,POSITIVE_LOWER_BOUND_WITH_NONZERO_GAP
projected,0.4999999999999999,1.0,0.5,0.5,POSITIVE_LOWER_BOUND_WITH_NONZERO_GAP
normal,1.7320508075688772,2.0,0.2679491924311228,0.1339745962155614,POSITIVE_LOWER_BOUND_WITH_NONZERO_GAP
ambient,1.0,2.0,1.0,0.5,POSITIVE_LOWER_BOUND_WITH_NONZERO_GAP
projected,1.0,1.0,0.0,0.0,EXACTLY_DETERMINED_POSITIVE
normal,0.0,2.0,2.0,1.0,NO_POSITIVE_LOWER_BOUND_OBTAINED
ambient,1.0,2.0,1.0,0.5,POSITIVE_LOWER_BOUND_WITH_NONZERO_GAP
projected,1.0,1.0,0.0,0.0,EXACTLY_DETERMINED_POSITIVE
normal,0.0,2.0,2.0,1.0,NO_POSITIVE_LOWER_BOUND_OBTAINED
ambient,1.0,2.0,1.0,0.5,POSITIVE_LOWER_BOUND_WITH_NONZERO_GAP
projected,1.0,1.0,0.0,0.0,EXACTLY_DETERMINED_POSITIVE
normal,0.0,2.0,2.0,1.0,NO_POSITIVE_LOWER_BOUND_OBTAINED
ambient,0.999999,3.0,2.000001,0.666667,POSITIVE_LOWER_BOUND_WITH_NONZERO_GAP
projected,0.0,2.0,2.0,1.0,NO_POSITIVE_LOWER_BOUND_OBTAINED
normal,0.999999,3.0,2.000001,0.666667,POSITIVE_LOWER_BOUND_WITH_NONZERO_GAP
ambient,0.999999,3.0,2.000001,0.666667,POSITIVE_LOWER_BOUND_WITH_NONZERO_GAP
projected,0.0,2.0,2.0,1.0,NO_POSITIVE_LOWER_BOUND_OBTAINED
normal,0.999999,3.0,2.000001,0.666667,POSITIVE_LOWER_BOUND_WITH_NONZERO_GAP
ambient,0.999999,3.0,2.000001,0.666667,POSITIVE_LOWER_BOUND_WITH_NONZERO_GAP
projected,0.0,2.0,2.0,1.0,NO_POSITIVE_LOWER_BOUND_OBTAINED
normal,0.999999,3.0,2.000001,0.666667,POSITIVE_LOWER_BOUND_WITH_NONZERO_GAP
ambient,0.9999,3.0,2.0001,0.6667000000000001,POSITIVE_LOWER_BOUND_WITH_NONZERO_GAP
projected,0.0,2.0,2.0,1.0,NO_POSITIVE_LOWER_BOUND_OBTAINED
normal,0.9999,3.0,2.0001,0.6667000000000001,POSITIVE_LOWER_BOUND_WITH_NONZERO_GAP
ambient,0.9999,3.0,2.0001,0.6667000000000001,POSITIVE_LOWER_BOUND_WITH_NONZERO_GAP
projected,0.0,2.0,2.0,1.0,NO_POSITIVE_LOWER_BOUND_OBTAINED
normal,0.9999,3.0,2.0001,0.6667000000000001,POSITIVE_LOWER_BOUND_WITH_NONZERO_GAP
ambient,0.9999,3.0,2.0001,0.6667000000000001,POSITIVE_LOWER_BOUND_WITH_NONZERO_GAP
projected,0.0,2.0,2.0,1.0,NO_POSITIVE_LOWER_BOUND_OBTAINED
normal,0.9999,3.0,2.0001,0.6667000000000001,POSITIVE_LOWER_BOUND_WITH_NONZERO_GAP
ambient,0.99,3.0,2.01,0.6699999999999999,POSITIVE_LOWER_BOUND_WITH_NONZERO_GAP
projected,0.0,2.0,2.0,1.0,NO_POSITIVE_LOWER_BOUND_OBTAINED
normal,0.99,3.0,2.01,0.6699999999999999,POSITIVE_LOWER_BOUND_WITH_NONZERO_GAP
ambient,0.99,3.0,2.01,0.6699999999999999,POSITIVE_LOWER_BOUND_WITH_NONZERO_GAP
projected,0.0,2.0,2.0,1.0,NO_POSITIVE_LOWER_BOUND_OBTAINED
normal,0.99,3.0,2.01,0.6699999999999999,POSITIVE_LOWER_BOUND_WITH_NONZERO_GAP
ambient,0.99,3.0,2.01,0.6699999999999999,POSITIVE_LOWER_BOUND_WITH_NONZERO_GAP
projected,0.0,2.0,2.0,1.0,NO_POSITIVE_LOWER_BOUND_OBTAINED
normal,0.99,3.0,2.01,0.6699999999999999,POSITIVE_LOWER_BOUND_WITH_NONZERO_GAP
ambient,0.7499999999999999,3.0,2.25,0.75,POSITIVE_LOWER_BOUND_WITH_NONZERO_GAP
projected,0.0,2.0,2.0,1.0,NO_POSITIVE_LOWER_BOUND_OBTAINED
normal,0.7499999999999999,3.0,2.25,0.75,POSITIVE_LOWER_BOUND_WITH_NONZERO_GAP
ambient,0.7499999999999999,3.0,2.25,0.75,POSITIVE_LOWER_BOUND_WITH_NONZERO_GAP
projected,0.0,2.0,2.0,1.0,NO_POSITIVE_LOWER_BOUND_OBTAINED
normal,0.7499999999999999,3.0,2.25,0.75,POSITIVE_LOWER_BOUND_WITH_NONZERO_GAP
ambient,0.7499999999999999,3.0,2.25,0.75,POSITIVE_LOWER_BOUND_WITH_NONZERO_GAP
projected,0.0,2.0,2.0,1.0,NO_POSITIVE_LOWER_BOUND_OBTAINED
normal,0.7499999999999999,3.0,2.25,0.75,POSITIVE_LOWER_BOUND_WITH_NONZERO_GAP
ambient,0.0,3.0,3.0,1.0,NO_POSITIVE_LOWER_BOUND_OBTAINED
projected,0.0,2.0,2.0,1.0,NO_POSITIVE_LOWER_BOUND_OBTAINED
normal,0.0,3.0,3.0,1.0,NO_POSITIVE_LOWER_BOUND_OBTAINED
ambient,0.0,3.0,3.0,1.0,NO_POSITIVE_LOWER_BOUND_OBTAINED
projected,0.0,2.0,2.0,1.0,NO_POSITIVE_LOWER_BOUND_OBTAINED
normal,0.0,3.0,3.0,1.0,NO_POSITIVE_LOWER_BOUND_OBTAINED
ambient,0.0,3.0,3.0,1.0,NO_POSITIVE_LOWER_BOUND_OBTAINED
projected,0.0,2.0,2.0,1.0,NO_POSITIVE_LOWER_BOUND_OBTAINED
normal,0.0,3.0,3.0,1.0,NO_POSITIVE_LOWER_BOUND_OBTAINED
ambient,0.999999,3.0,2.000001,0.666667,POSITIVE_LOWER_BOUND_WITH_NONZERO_GAP
projected,0.0,2.0,2.0,1.0,NO_POSITIVE_LOWER_BOUND_OBTAINED
normal,0.999999,3.0,2.000001,0.666667,POSITIVE_LOWER_BOUND_WITH_NONZERO_GAP
ambient,0.999999,3.0,2.000001,0.666667,POSITIVE_LOWER_BOUND_WITH_NONZERO_GAP
projected,0.0,2.0,2.0,1.0,NO_POSITIVE_LOWER_BOUND_OBTAINED
normal,0.999999,3.0,2.000001,0.666667,POSITIVE_LOWER_BOUND_WITH_NONZERO_GAP
ambient,0.999999,3.0,2.000001,0.666667,POSITIVE_LOWER_BOUND_WITH_NONZERO_GAP
projected,0.0,2.0,2.0,1.0,NO_POSITIVE_LOWER_BOUND_OBTAINED
normal,0.999999,3.0,2.000001,0.666667,POSITIVE_LOWER_BOUND_WITH_NONZERO_GAP
ambient,0.9999,3.0,2.0001,0.6667000000000001,POSITIVE_LOWER_BOUND_WITH_NONZERO_GAP
projected,0.0,2.0,2.0,1.0,NO_POSITIVE_LOWER_BOUND_OBTAINED
normal,0.9999,3.0,2.0001,0.6667000000000001,POSITIVE_LOWER_BOUND_WITH_NONZERO_GAP
ambient,0.9999,3.0,2.0001,0.6667000000000001,POSITIVE_LOWER_BOUND_WITH_NONZERO_GAP
projected,0.0,2.0,2.0,1.0,NO_POSITIVE_LOWER_BOUND_OBTAINED
normal,0.9999,3.0,2.0001,0.6667000000000001,POSITIVE_LOWER_BOUND_WITH_NONZERO_GAP
ambient,0.9999,3.0,2.0001,0.6667000000000001,POSITIVE_LOWER_BOUND_WITH_NONZERO_GAP
projected,0.0,2.0,2.0,1.0,NO_POSITIVE_LOWER_BOUND_OBTAINED
normal,0.9999,3.0,2.0001,0.6667000000000001,POSITIVE_LOWER_BOUND_WITH_NONZERO_GAP
ambient,0.99,3.0,2.01,0.6699999999999999,POSITIVE_LOWER_BOUND_WITH_NONZERO_GAP
projected,0.0,2.0,2.0,1.0,NO_POSITIVE_LOWER_BOUND_OBTAINED
normal,0.99,3.0,2.01,0.6699999999999999,POSITIVE_LOWER_BOUND_WITH_NONZERO_GAP
ambient,0.99,3.0,2.01,0.6699999999999999,POSITIVE_LOWER_BOUND_WITH_NONZERO_GAP
projected,0.0,2.0,2.0,1.0,NO_POSITIVE_LOWER_BOUND_OBTAINED
normal,0.99,3.0,2.01,0.6699999999999999,POSITIVE_LOWER_BOUND_WITH_NONZERO_GAP
ambient,0.99,3.0,2.01,0.6699999999999999,POSITIVE_LOWER_BOUND_WITH_NONZERO_GAP
projected,0.0,2.0,2.0,1.0,NO_POSITIVE_LOWER_BOUND_OBTAINED
normal,0.99,3.0,2.01,0.6699999999999999,POSITIVE_LOWER_BOUND_WITH_NONZERO_GAP
ambient,0.7499999999999999,3.0,2.25,0.75,POSITIVE_LOWER_BOUND_WITH_NONZERO_GAP
projected,0.0,2.0,2.0,1.0,NO_POSITIVE_LOWER_BOUND_OBTAINED
normal,0.7499999999999999,3.0,2.25,0.75,POSITIVE_LOWER_BOUND_WITH_NONZERO_GAP
ambient,0.7499999999999999,3.0,2.25,0.75,POSITIVE_LOWER_BOUND_WITH_NONZERO_GAP
projected,0.0,2.0,2.0,1.0,NO_POSITIVE_LOWER_BOUND_OBTAINED
normal,0.7499999999999999,3.0,2.25,0.75,POSITIVE_LOWER_BOUND_WITH_NONZERO_GAP
ambient,0.7499999999999999,3.0,2.25,0.75,POSITIVE_LOWER_BOUND_WITH_NONZERO_GAP
projected,0.0,2.0,2.0,1.0,NO_POSITIVE_LOWER_BOUND_OBTAINED
normal,0.7499999999999999,3.0,2.25,0.75,POSITIVE_LOWER_BOUND_WITH_NONZERO_GAP
ambient,0.0,3.0,3.0,1.0,NO_POSITIVE_LOWER_BOUND_OBTAINED
projected,0.0,2.0,2.0,1.0,NO_POSITIVE_LOWER_BOUND_OBTAINED
normal,0.0,3.0,3.0,1.0,NO_POSITIVE_LOWER_BOUND_OBTAINED
ambient,0.0,3.0,3.0,1.0,NO_POSITIVE_LOWER_BOUND_OBTAINED
projected,0.0,2.0,2.0,1.0,NO_POSITIVE_LOWER_BOUND_OBTAINED
normal,0.0,3.0,3.0,1.0,NO_POSITIVE_LOWER_BOUND_OBTAINED
ambient,0.0,3.0,3.0,1.0,NO_POSITIVE_LOWER_BOUND_OBTAINED
projected,0.0,2.0,2.0,1.0,NO_POSITIVE_LOWER_BOUND_OBTAINED
normal,0.0,3.0,3.0,1.0,NO_POSITIVE_LOWER_BOUND_OBTAINED
ambient,0.9999985000003748,3.0,2.000001499999625,0.6666671666665417,POSITIVE_LOWER_BOUND_WITH_NONZERO_GAP
projected,0.0009999994999998,2.0,1.9990000005,0.99950000025,POSITIVE_LOWER_BOUND_WITH_NONZERO_GAP
normal,0.999998,3.0,2.0000020000000003,0.6666673333333334,POSITIVE_LOWER_BOUND_WITH_NONZERO_GAP
ambient,0.9999985000003748,3.0,2.000001499999625,0.6666671666665417,POSITIVE_LOWER_BOUND_WITH_NONZERO_GAP
projected,0.0009999994999998,2.0,1.9990000005,0.99950000025,POSITIVE_LOWER_BOUND_WITH_NONZERO_GAP
normal,0.999998,3.0,2.0000020000000003,0.6666673333333334,POSITIVE_LOWER_BOUND_WITH_NONZERO_GAP
ambient,0.9999985000003748,3.0,2.000001499999625,0.6666671666665417,POSITIVE_LOWER_BOUND_WITH_NONZERO_GAP
projected,0.0009999994999998,2.0,1.9990000005,0.99950000025,POSITIVE_LOWER_BOUND_WITH_NONZERO_GAP
normal,0.999998,3.0,2.0000020000000003,0.6666673333333334,POSITIVE_LOWER_BOUND_WITH_NONZERO_GAP
ambient,0.9998500037505624,3.0,2.0001499962494376,0.6667166654164792,POSITIVE_LOWER_BOUND_WITH_NONZERO_GAP
projected,0.0099994999874993,2.0,1.9900005000125007,0.9950002500062504,POSITIVE_LOWER_BOUND_WITH_NONZERO_GAP
normal,0.9998,3.0,2.0002,0.6667333333333333,POSITIVE_LOWER_BOUND_WITH_NONZERO_GAP
ambient,0.9998500037505624,3.0,2.0001499962494376,0.6667166654164792,POSITIVE_LOWER_BOUND_WITH_NONZERO_GAP
projected,0.0099994999874993,2.0,1.9900005000125007,0.9950002500062504,POSITIVE_LOWER_BOUND_WITH_NONZERO_GAP
normal,0.9998,3.0,2.0002,0.6667333333333333,POSITIVE_LOWER_BOUND_WITH_NONZERO_GAP
ambient,0.9998500037505624,3.0,2.0001499962494376,0.6667166654164792,POSITIVE_LOWER_BOUND_WITH_NONZERO_GAP
projected,0.0099994999874993,2.0,1.9900005000125007,0.9950002500062504,POSITIVE_LOWER_BOUND_WITH_NONZERO_GAP
normal,0.9998,3.0,2.0002,0.6667333333333333,POSITIVE_LOWER_BOUND_WITH_NONZERO_GAP
ambient,0.9850380703302792,3.0,2.0149619296697208,0.6716539765565736,POSITIVE_LOWER_BOUND_WITH_NONZERO_GAP
projected,0.0994987437106619,2.0,1.900501256289338,0.950250628144669,POSITIVE_LOWER_BOUND_WITH_NONZERO_GAP
normal,0.98,3.0,2.02,0.6733333333333333,POSITIVE_LOWER_BOUND_WITH_NONZERO_GAP
ambient,0.9850380703302792,3.0,2.0149619296697208,0.6716539765565736,POSITIVE_LOWER_BOUND_WITH_NONZERO_GAP
projected,0.0994987437106619,2.0,1.900501256289338,0.950250628144669,POSITIVE_LOWER_BOUND_WITH_NONZERO_GAP
normal,0.98,3.0,2.02,0.6733333333333333,POSITIVE_LOWER_BOUND_WITH_NONZERO_GAP
ambient,0.9850380703302792,3.0,2.0149619296697208,0.6716539765565736,POSITIVE_LOWER_BOUND_WITH_NONZERO_GAP
projected,0.0994987437106619,2.0,1.900501256289338,0.950250628144669,POSITIVE_LOWER_BOUND_WITH_NONZERO_GAP
normal,0.98,3.0,2.02,0.6733333333333333,POSITIVE_LOWER_BOUND_WITH_NONZERO_GAP
ambient,0.6614378277661476,3.0,2.3385621722338525,0.7795207240779508,POSITIVE_LOWER_BOUND_WITH_NONZERO_GAP
projected,0.4330127018922193,2.0,1.5669872981077808,0.7834936490538904,POSITIVE_LOWER_BOUND_WITH_NONZERO_GAP
normal,0.4999999999999999,3.0,2.5,0.8333333333333334,POSITIVE_LOWER_BOUND_WITH_NONZERO_GAP
ambient,0.6614378277661476,3.0,2.3385621722338525,0.7795207240779508,POSITIVE_LOWER_BOUND_WITH_NONZERO_GAP
projected,0.4330127018922193,2.0,1.5669872981077808,0.7834936490538904,POSITIVE_LOWER_BOUND_WITH_NONZERO_GAP
normal,0.4999999999999999,3.0,2.5,0.8333333333333334,POSITIVE_LOWER_BOUND_WITH_NONZERO_GAP
ambient,0.6614378277661476,3.0,2.3385621722338525,0.7795207240779508,POSITIVE_LOWER_BOUND_WITH_NONZERO_GAP
projected,0.4330127018922193,2.0,1.5669872981077808,0.7834936490538904,POSITIVE_LOWER_BOUND_WITH_NONZERO_GAP
normal,0.4999999999999999,3.0,2.5,0.8333333333333334,POSITIVE_LOWER_BOUND_WITH_NONZERO_GAP
ambient,1.0,3.0,2.0,0.6666666666666666,POSITIVE_LOWER_BOUND_WITH_NONZERO_GAP
projected,0.0,2.0,2.0,1.0,NO_POSITIVE_LOWER_BOUND_OBTAINED
normal,1.0,3.0,2.0,0.6666666666666666,POSITIVE_LOWER_BOUND_WITH_NONZERO_GAP
ambient,1.0,3.0,2.0,0.6666666666666666,POSITIVE_LOWER_BOUND_WITH_NONZERO_GAP
projected,0.0,2.0,2.0,1.0,NO_POSITIVE_LOWER_BOUND_OBTAINED
normal,1.0,3.0,2.0,0.6666666666666666,POSITIVE_LOWER_BOUND_WITH_NONZERO_GAP
ambient,1.0,3.0,2.0,0.6666666666666666,POSITIVE_LOWER_BOUND_WITH_NONZERO_GAP
projected,0.0,2.0,2.0,1.0,NO_POSITIVE_LOWER_BOUND_OBTAINED
normal,1.0,3.0,2.0,0.6666666666666666,POSITIVE_LOWER_BOUND_WITH_NONZERO_GAP
ambient,0.999999,3.0,2.000001,0.666667,POSITIVE_LOWER_BOUND_WITH_NONZERO_GAP
projected,0.0,2.0,2.0,1.0,NO_POSITIVE_LOWER_BOUND_OBTAINED
normal,0.999999,3.0,2.000001,0.666667,POSITIVE_LOWER_BOUND_WITH_NONZERO_GAP
ambient,0.999999,3.0,2.000001,0.666667,POSITIVE_LOWER_BOUND_WITH_NONZERO_GAP
projected,0.0,2.0,2.0,1.0,NO_POSITIVE_LOWER_BOUND_OBTAINED
normal,0.999999,3.0,2.000001,0.666667,POSITIVE_LOWER_BOUND_WITH_NONZERO_GAP
ambient,0.999999,3.0,2.000001,0.666667,POSITIVE_LOWER_BOUND_WITH_NONZERO_GAP
projected,0.0,2.0,2.0,1.0,NO_POSITIVE_LOWER_BOUND_OBTAINED
normal,0.999999,3.0,2.000001,0.666667,POSITIVE_LOWER_BOUND_WITH_NONZERO_GAP
ambient,0.9999,3.0,2.0001,0.6667000000000001,POSITIVE_LOWER_BOUND_WITH_NONZERO_GAP
projected,0.0,2.0,2.0,1.0,NO_POSITIVE_LOWER_BOUND_OBTAINED
normal,0.9999,3.0,2.0001,0.6667000000000001,POSITIVE_LOWER_BOUND_WITH_NONZERO_GAP
ambient,0.9999,3.0,2.0001,0.6667000000000001,POSITIVE_LOWER_BOUND_WITH_NONZERO_GAP
projected,0.0,2.0,2.0,1.0,NO_POSITIVE_LOWER_BOUND_OBTAINED
normal,0.9999,3.0,2.0001,0.6667000000000001,POSITIVE_LOWER_BOUND_WITH_NONZERO_GAP
ambient,0.9999,3.0,2.0001,0.6667000000000001,POSITIVE_LOWER_BOUND_WITH_NONZERO_GAP
projected,0.0,2.0,2.0,1.0,NO_POSITIVE_LOWER_BOUND_OBTAINED
normal,0.9999,3.0,2.0001,0.6667000000000001,POSITIVE_LOWER_BOUND_WITH_NONZERO_GAP
ambient,0.99,3.0,2.01,0.6699999999999999,POSITIVE_LOWER_BOUND_WITH_NONZERO_GAP
projected,0.0,2.0,2.0,1.0,NO_POSITIVE_LOWER_BOUND_OBTAINED
normal,0.99,3.0,2.01,0.6699999999999999,POSITIVE_LOWER_BOUND_WITH_NONZERO_GAP
ambient,0.99,3.0,2.01,0.6699999999999999,POSITIVE_LOWER_BOUND_WITH_NONZERO_GAP
projected,0.0,2.0,2.0,1.0,NO_POSITIVE_LOWER_BOUND_OBTAINED
normal,0.99,3.0,2.01,0.6699999999999999,POSITIVE_LOWER_BOUND_WITH_NONZERO_GAP
ambient,0.99,3.0,2.01,0.6699999999999999,POSITIVE_LOWER_BOUND_WITH_NONZERO_GAP
projected,0.0,2.0,2.0,1.0,NO_POSITIVE_LOWER_BOUND_OBTAINED
normal,0.99,3.0,2.01,0.6699999999999999,POSITIVE_LOWER_BOUND_WITH_NONZERO_GAP
ambient,0.7499999999999999,3.0,2.25,0.75,POSITIVE_LOWER_BOUND_WITH_NONZERO_GAP
projected,0.0,2.0,2.0,1.0,NO_POSITIVE_LOWER_BOUND_OBTAINED
normal,0.7499999999999999,3.0,2.25,0.75,POSITIVE_LOWER_BOUND_WITH_NONZERO_GAP
ambient,0.7499999999999999,3.0,2.25,0.75,POSITIVE_LOWER_BOUND_WITH_NONZERO_GAP
projected,0.0,2.0,2.0,1.0,NO_POSITIVE_LOWER_BOUND_OBTAINED
normal,0.7499999999999999,3.0,2.25,0.75,POSITIVE_LOWER_BOUND_WITH_NONZERO_GAP
ambient,0.7499999999999999,3.0,2.25,0.75,POSITIVE_LOWER_BOUND_WITH_NONZERO_GAP
projected,0.0,2.0,2.0,1.0,NO_POSITIVE_LOWER_BOUND_OBTAINED
normal,0.7499999999999999,3.0,2.25,0.75,POSITIVE_LOWER_BOUND_WITH_NONZERO_GAP
ambient,0.0,3.0,3.0,1.0,NO_POSITIVE_LOWER_BOUND_OBTAINED
projected,0.0,2.0,2.0,1.0,NO_POSITIVE_LOWER_BOUND_OBTAINED
normal,0.0,3.0,3.0,1.0,NO_POSITIVE_LOWER_BOUND_OBTAINED
ambient,0.0,3.0,3.0,1.0,NO_POSITIVE_LOWER_BOUND_OBTAINED
projected,0.0,2.0,2.0,1.0,NO_POSITIVE_LOWER_BOUND_OBTAINED
normal,0.0,3.0,3.0,1.0,NO_POSITIVE_LOWER_BOUND_OBTAINED
ambient,0.0,3.0,3.0,1.0,NO_POSITIVE_LOWER_BOUND_OBTAINED
projected,0.0,2.0,2.0,1.0,NO_POSITIVE_LOWER_BOUND_OBTAINED
normal,0.0,3.0,3.0,1.0,NO_POSITIVE_LOWER_BOUND_OBTAINED
ambient,0.999999,3.0,2.000001,0.666667,POSITIVE_LOWER_BOUND_WITH_NONZERO_GAP
projected,0.0,2.0,2.0,1.0,NO_POSITIVE_LOWER_BOUND_OBTAINED
normal,0.999999,3.0,2.000001,0.666667,POSITIVE_LOWER_BOUND_WITH_NONZERO_GAP
ambient,0.999999,3.0,2.000001,0.666667,POSITIVE_LOWER_BOUND_WITH_NONZERO_GAP
projected,0.0,2.0,2.0,1.0,NO_POSITIVE_LOWER_BOUND_OBTAINED
normal,0.999999,3.0,2.000001,0.666667,POSITIVE_LOWER_BOUND_WITH_NONZERO_GAP
ambient,0.999999,3.0,2.000001,0.666667,POSITIVE_LOWER_BOUND_WITH_NONZERO_GAP
projected,0.0,2.0,2.0,1.0,NO_POSITIVE_LOWER_BOUND_OBTAINED
normal,0.999999,3.0,2.000001,0.666667,POSITIVE_LOWER_BOUND_WITH_NONZERO_GAP
ambient,0.9999,3.0,2.0001,0.6667000000000001,POSITIVE_LOWER_BOUND_WITH_NONZERO_GAP
projected,0.0,2.0,2.0,1.0,NO_POSITIVE_LOWER_BOUND_OBTAINED
normal,0.9999,3.0,2.0001,0.6667000000000001,POSITIVE_LOWER_BOUND_WITH_NONZERO_GAP
ambient,0.9999,3.0,2.0001,0.6667000000000001,POSITIVE_LOWER_BOUND_WITH_NONZERO_GAP
projected,0.0,2.0,2.0,1.0,NO_POSITIVE_LOWER_BOUND_OBTAINED
normal,0.9999,3.0,2.0001,0.6667000000000001,POSITIVE_LOWER_BOUND_WITH_NONZERO_GAP
ambient,0.9999,3.0,2.0001,0.6667000000000001,POSITIVE_LOWER_BOUND_WITH_NONZERO_GAP
projected,0.0,2.0,2.0,1.0,NO_POSITIVE_LOWER_BOUND_OBTAINED
normal,0.9999,3.0,2.0001,0.6667000000000001,POSITIVE_LOWER_BOUND_WITH_NONZERO_GAP
ambient,0.99,3.0,2.01,0.6699999999999999,POSITIVE_LOWER_BOUND_WITH_NONZERO_GAP
projected,0.0,2.0,2.0,1.0,NO_POSITIVE_LOWER_BOUND_OBTAINED
normal,0.99,3.0,2.01,0.6699999999999999,POSITIVE_LOWER_BOUND_WITH_NONZERO_GAP
ambient,0.99,3.0,2.01,0.6699999999999999,POSITIVE_LOWER_BOUND_WITH_NONZERO_GAP
projected,0.0,2.0,2.0,1.0,NO_POSITIVE_LOWER_BOUND_OBTAINED
normal,0.99,3.0,2.01,0.6699999999999999,POSITIVE_LOWER_BOUND_WITH_NONZERO_GAP
ambient,0.99,3.0,2.01,0.6699999999999999,POSITIVE_LOWER_BOUND_WITH_NONZERO_GAP
projected,0.0,2.0,2.0,1.0,NO_POSITIVE_LOWER_BOUND_OBTAINED
normal,0.99,3.0,2.01,0.6699999999999999,POSITIVE_LOWER_BOUND_WITH_NONZERO_GAP
ambient,0.7499999999999999,3.0,2.25,0.75,POSITIVE_LOWER_BOUND_WITH_NONZERO_GAP
projected,0.0,2.0,2.0,1.0,NO_POSITIVE_LOWER_BOUND_OBTAINED
normal,0.7499999999999999,3.0,2.25,0.75,POSITIVE_LOWER_BOUND_WITH_NONZERO_GAP
ambient,0.7499999999999999,3.0,2.25,0.75,POSITIVE_LOWER_BOUND_WITH_NONZERO_GAP
projected,0.0,2.0,2.0,1.0,NO_POSITIVE_LOWER_BOUND_OBTAINED
normal,0.7499999999999999,3.0,2.25,0.75,POSITIVE_LOWER_BOUND_WITH_NONZERO_GAP
ambient,0.7499999999999999,3.0,2.25,0.75,POSITIVE_LOWER_BOUND_WITH_NONZERO_GAP
projected,0.0,2.0,2.0,1.0,NO_POSITIVE_LOWER_BOUND_OBTAINED
normal,0.7499999999999999,3.0,2.25,0.75,POSITIVE_LOWER_BOUND_WITH_NONZERO_GAP
ambient,0.0,3.0,3.0,1.0,NO_POSITIVE_LOWER_BOUND_OBTAINED
projected,0.0,2.0,2.0,1.0,NO_POSITIVE_LOWER_BOUND_OBTAINED
normal,0.0,3.0,3.0,1.0,NO_POSITIVE_LOWER_BOUND_OBTAINED
ambient,0.0,3.0,3.0,1.0,NO_POSITIVE_LOWER_BOUND_OBTAINED
projected,0.0,2.0,2.0,1.0,NO_POSITIVE_LOWER_BOUND_OBTAINED
normal,0.0,3.0,3.0,1.0,NO_POSITIVE_LOWER_BOUND_OBTAINED
ambient,0.0,3.0,3.0,1.0,NO_POSITIVE_LOWER_BOUND_OBTAINED
projected,0.0,2.0,2.0,1.0,NO_POSITIVE_LOWER_BOUND_OBTAINED
normal,0.0,3.0,3.0,1.0,NO_POSITIVE_LOWER_BOUND_OBTAINED
ambient,0.999999,3.0,2.000001,0.666667,POSITIVE_LOWER_BOUND_WITH_NONZERO_GAP
projected,0.0,2.0,2.0,1.0,NO_POSITIVE_LOWER_BOUND_OBTAINED
normal,0.999999,3.0,2.000001,0.666667,POSITIVE_LOWER_BOUND_WITH_NONZERO_GAP
ambient,0.999999,3.0,2.000001,0.666667,POSITIVE_LOWER_BOUND_WITH_NONZERO_GAP
projected,0.0,2.0,2.0,1.0,NO_POSITIVE_LOWER_BOUND_OBTAINED
normal,0.999999,3.0,2.000001,0.666667,POSITIVE_LOWER_BOUND_WITH_NONZERO_GAP
ambient,0.999999,3.0,2.000001,0.666667,POSITIVE_LOWER_BOUND_WITH_NONZERO_GAP
projected,0.0,2.0,2.0,1.0,NO_POSITIVE_LOWER_BOUND_OBTAINED
normal,0.999999,3.0,2.000001,0.666667,POSITIVE_LOWER_BOUND_WITH_NONZERO_GAP
ambient,0.9999,3.0,2.0001,0.6667000000000001,POSITIVE_LOWER_BOUND_WITH_NONZERO_GAP
projected,0.0,2.0,2.0,1.0,NO_POSITIVE_LOWER_BOUND_OBTAINED
normal,0.9999,3.0,2.0001,0.6667000000000001,POSITIVE_LOWER_BOUND_WITH_NONZERO_GAP
ambient,0.9999,3.0,2.0001,0.6667000000000001,POSITIVE_LOWER_BOUND_WITH_NONZERO_GAP
projected,0.0,2.0,2.0,1.0,NO_POSITIVE_LOWER_BOUND_OBTAINED
normal,0.9999,3.0,2.0001,0.6667000000000001,POSITIVE_LOWER_BOUND_WITH_NONZERO_GAP
ambient,0.9999,3.0,2.0001,0.6667000000000001,POSITIVE_LOWER_BOUND_WITH_NONZERO_GAP
projected,0.0,2.0,2.0,1.0,NO_POSITIVE_LOWER_BOUND_OBTAINED
normal,0.9999,3.0,2.0001,0.6667000000000001,POSITIVE_LOWER_BOUND_WITH_NONZERO_GAP
ambient,0.99,3.0,2.01,0.6699999999999999,POSITIVE_LOWER_BOUND_WITH_NONZERO_GAP
projected,0.0,2.0,2.0,1.0,NO_POSITIVE_LOWER_BOUND_OBTAINED
normal,0.99,3.0,2.01,0.6699999999999999,POSITIVE_LOWER_BOUND_WITH_NONZERO_GAP
ambient,0.99,3.0,2.01,0.6699999999999999,POSITIVE_LOWER_BOUND_WITH_NONZERO_GAP
projected,0.0,2.0,2.0,1.0,NO_POSITIVE_LOWER_BOUND_OBTAINED
normal,0.99,3.0,2.01,0.6699999999999999,POSITIVE_LOWER_BOUND_WITH_NONZERO_GAP
ambient,0.99,3.0,2.01,0.6699999999999999,POSITIVE_LOWER_BOUND_WITH_NONZERO_GAP
projected,0.0,2.0,2.0,1.0,NO_POSITIVE_LOWER_BOUND_OBTAINED
normal,0.99,3.0,2.01,0.6699999999999999,POSITIVE_LOWER_BOUND_WITH_NONZERO_GAP
ambient,0.7499999999999999,3.0,2.25,0.75,POSITIVE_LOWER_BOUND_WITH_NONZERO_GAP
projected,0.0,2.0,2.0,1.0,NO_POSITIVE_LOWER_BOUND_OBTAINED
normal,0.7499999999999999,3.0,2.25,0.75,POSITIVE_LOWER_BOUND_WITH_NONZERO_GAP
ambient,0.7499999999999999,3.0,2.25,0.75,POSITIVE_LOWER_BOUND_WITH_NONZERO_GAP
projected,0.0,2.0,2.0,1.0,NO_POSITIVE_LOWER_BOUND_OBTAINED
normal,0.7499999999999999,3.0,2.25,0.75,POSITIVE_LOWER_BOUND_WITH_NONZERO_GAP
ambient,0.7499999999999999,3.0,2.25,0.75,POSITIVE_LOWER_BOUND_WITH_NONZERO_GAP
projected,0.0,2.0,2.0,1.0,NO_POSITIVE_LOWER_BOUND_OBTAINED
normal,0.7499999999999999,3.0,2.25,0.75,POSITIVE_LOWER_BOUND_WITH_NONZERO_GAP
ambient,0.0,3.0,3.0,1.0,NO_POSITIVE_LOWER_BOUND_OBTAINED
projected,0.0,2.0,2.0,1.0,NO_POSITIVE_LOWER_BOUND_OBTAINED
normal,0.0,3.0,3.0,1.0,NO_POSITIVE_LOWER_BOUND_OBTAINED
ambient,0.0,3.0,3.0,1.0,NO_POSITIVE_LOWER_BOUND_OBTAINED
projected,0.0,2.0,2.0,1.0,NO_POSITIVE_LOWER_BOUND_OBTAINED
normal,0.0,3.0,3.0,1.0,NO_POSITIVE_LOWER_BOUND_OBTAINED
ambient,0.0,3.0,3.0,1.0,NO_POSITIVE_LOWER_BOUND_OBTAINED
projected,0.0,2.0,2.0,1.0,NO_POSITIVE_LOWER_BOUND_OBTAINED
normal,0.0,3.0,3.0,1.0,NO_POSITIVE_LOWER_BOUND_OBTAINED
ambient,0.9999985000003748,3.0,2.000001499999625,0.6666671666665417,POSITIVE_LOWER_BOUND_WITH_NONZERO_GAP
projected,0.0009999994999998,2.0,1.9990000005,0.99950000025,POSITIVE_LOWER_BOUND_WITH_NONZERO_GAP
normal,0.999998,3.0,2.0000020000000003,0.6666673333333334,POSITIVE_LOWER_BOUND_WITH_NONZERO_GAP
ambient,0.9999985000003748,3.0,2.000001499999625,0.6666671666665417,POSITIVE_LOWER_BOUND_WITH_NONZERO_GAP
projected,0.0009999994999998,2.0,1.9990000005,0.99950000025,POSITIVE_LOWER_BOUND_WITH_NONZERO_GAP
normal,0.999998,3.0,2.0000020000000003,0.6666673333333334,POSITIVE_LOWER_BOUND_WITH_NONZERO_GAP
ambient,0.9999985000003748,3.0,2.000001499999625,0.6666671666665417,POSITIVE_LOWER_BOUND_WITH_NONZERO_GAP
projected,0.0009999994999998,2.0,1.9990000005,0.99950000025,POSITIVE_LOWER_BOUND_WITH_NONZERO_GAP
normal,0.999998,3.0,2.0000020000000003,0.6666673333333334,POSITIVE_LOWER_BOUND_WITH_NONZERO_GAP
ambient,0.9998500037505624,3.0,2.0001499962494376,0.6667166654164792,POSITIVE_LOWER_BOUND_WITH_NONZERO_GAP
projected,0.0099994999874993,2.0,1.9900005000125007,0.9950002500062504,POSITIVE_LOWER_BOUND_WITH_NONZERO_GAP
normal,0.9998,3.0,2.0002,0.6667333333333333,POSITIVE_LOWER_BOUND_WITH_NONZERO_GAP
ambient,0.9998500037505624,3.0,2.0001499962494376,0.6667166654164792,POSITIVE_LOWER_BOUND_WITH_NONZERO_GAP
projected,0.0099994999874993,2.0,1.9900005000125007,0.9950002500062504,POSITIVE_LOWER_BOUND_WITH_NONZERO_GAP
normal,0.9998,3.0,2.0002,0.6667333333333333,POSITIVE_LOWER_BOUND_WITH_NONZERO_GAP
ambient,0.9998500037505624,3.0,2.0001499962494376,0.6667166654164792,POSITIVE_LOWER_BOUND_WITH_NONZERO_GAP
projected,0.0099994999874993,2.0,1.9900005000125007,0.9950002500062504,POSITIVE_LOWER_BOUND_WITH_NONZERO_GAP
normal,0.9998,3.0,2.0002,0.6667333333333333,POSITIVE_LOWER_BOUND_WITH_NONZERO_GAP
ambient,0.9850380703302792,3.0,2.0149619296697208,0.6716539765565736,POSITIVE_LOWER_BOUND_WITH_NONZERO_GAP
projected,0.0994987437106619,2.0,1.900501256289338,0.950250628144669,POSITIVE_LOWER_BOUND_WITH_NONZERO_GAP
normal,0.98,3.0,2.02,0.6733333333333333,POSITIVE_LOWER_BOUND_WITH_NONZERO_GAP
ambient,0.9850380703302792,3.0,2.0149619296697208,0.6716539765565736,POSITIVE_LOWER_BOUND_WITH_NONZERO_GAP
projected,0.0994987437106619,2.0,1.900501256289338,0.950250628144669,POSITIVE_LOWER_BOUND_WITH_NONZERO_GAP
normal,0.98,3.0,2.02,0.6733333333333333,POSITIVE_LOWER_BOUND_WITH_NONZERO_GAP
ambient,0.9850380703302792,3.0,2.0149619296697208,0.6716539765565736,POSITIVE_LOWER_BOUND_WITH_NONZERO_GAP
projected,0.0994987437106619,2.0,1.900501256289338,0.950250628144669,POSITIVE_LOWER_BOUND_WITH_NONZERO_GAP
normal,0.98,3.0,2.02,0.6733333333333333,POSITIVE_LOWER_BOUND_WITH_NONZERO_GAP
ambient,0.6614378277661476,3.0,2.3385621722338525,0.7795207240779508,POSITIVE_LOWER_BOUND_WITH_NONZERO_GAP
projected,0.4330127018922193,2.0,1.5669872981077808,0.7834936490538904,POSITIVE_LOWER_BOUND_WITH_NONZERO_GAP
normal,0.4999999999999999,3.0,2.5,0.8333333333333334,POSITIVE_LOWER_BOUND_WITH_NONZERO_GAP
ambient,0.6614378277661476,3.0,2.3385621722338525,0.7795207240779508,POSITIVE_LOWER_BOUND_WITH_NONZERO_GAP
projected,0.4330127018922193,2.0,1.5669872981077808,0.7834936490538904,POSITIVE_LOWER_BOUND_WITH_NONZERO_GAP
normal,0.4999999999999999,3.0,2.5,0.8333333333333334,POSITIVE_LOWER_BOUND_WITH_NONZERO_GAP
ambient,0.6614378277661476,3.0,2.3385621722338525,0.7795207240779508,POSITIVE_LOWER_BOUND_WITH_NONZERO_GAP
projected,0.4330127018922193,2.0,1.5669872981077808,0.7834936490538904,POSITIVE_LOWER_BOUND_WITH_NONZERO_GAP
normal,0.4999999999999999,3.0,2.5,0.8333333333333334,POSITIVE_LOWER_BOUND_WITH_NONZERO_GAP
ambient,1.0,3.0,2.0,0.6666666666666666,POSITIVE_LOWER_BOUND_WITH_NONZERO_GAP
projected,0.0,2.0,2.0,1.0,NO_POSITIVE_LOWER_BOUND_OBTAINED
normal,1.0,3.0,2.0,0.6666666666666666,POSITIVE_LOWER_BOUND_WITH_NONZERO_GAP
ambient,1.0,3.0,2.0,0.6666666666666666,POSITIVE_LOWER_BOUND_WITH_NONZERO_GAP
projected,0.0,2.0,2.0,1.0,NO_POSITIVE_LOWER_BOUND_OBTAINED
normal,1.0,3.0,2.0,0.6666666666666666,POSITIVE_LOWER_BOUND_WITH_NONZERO_GAP
ambient,1.0,3.0,2.0,0.6666666666666666,POSITIVE_LOWER_BOUND_WITH_NONZERO_GAP
projected,0.0,2.0,2.0,1.0,NO_POSITIVE_LOWER_BOUND_OBTAINED
normal,1.0,3.0,2.0,0.6666666666666666,POSITIVE_LOWER_BOUND_WITH_NONZERO_GAP
ambient,1.999998249999984,3.0,1.0000017500000158,0.3333339166666719,POSITIVE_LOWER_BOUND_WITH_NONZERO_GAP
projected,0.0009999994999998,2.0,1.9990000005,0.99950000025,POSITIVE_LOWER_BOUND_WITH_NONZERO_GAP
normal,1.999998,3.0,1.000002,0.333334,POSITIVE_LOWER_BOUND_WITH_NONZERO_GAP
ambient,1.999998249999984,3.0,1.0000017500000158,0.3333339166666719,POSITIVE_LOWER_BOUND_WITH_NONZERO_GAP
projected,0.0009999994999998,2.0,1.9990000005,0.99950000025,POSITIVE_LOWER_BOUND_WITH_NONZERO_GAP
normal,1.999998,3.0,1.000002,0.333334,POSITIVE_LOWER_BOUND_WITH_NONZERO_GAP
ambient,1.999998249999984,3.0,1.0000017500000158,0.3333339166666719,POSITIVE_LOWER_BOUND_WITH_NONZERO_GAP
projected,0.0009999994999998,2.0,1.9990000005,0.99950000025,POSITIVE_LOWER_BOUND_WITH_NONZERO_GAP
normal,1.999998,3.0,1.000002,0.333334,POSITIVE_LOWER_BOUND_WITH_NONZERO_GAP
ambient,1.9998249998437363,3.0,1.0001750001562637,0.3333916667187546,POSITIVE_LOWER_BOUND_WITH_NONZERO_GAP
projected,0.0099994999874993,2.0,1.9900005000125007,0.9950002500062504,POSITIVE_LOWER_BOUND_WITH_NONZERO_GAP
normal,1.9998,3.0,1.0002000000000002,0.3334000000000001,POSITIVE_LOWER_BOUND_WITH_NONZERO_GAP
ambient,1.9998249998437363,3.0,1.0001750001562637,0.3333916667187546,POSITIVE_LOWER_BOUND_WITH_NONZERO_GAP
projected,0.0099994999874993,2.0,1.9900005000125007,0.9950002500062504,POSITIVE_LOWER_BOUND_WITH_NONZERO_GAP
normal,1.9998,3.0,1.0002000000000002,0.3334000000000001,POSITIVE_LOWER_BOUND_WITH_NONZERO_GAP
ambient,1.9998249998437363,3.0,1.0001750001562637,0.3333916667187546,POSITIVE_LOWER_BOUND_WITH_NONZERO_GAP
projected,0.0099994999874993,2.0,1.9900005000125007,0.9950002500062504,POSITIVE_LOWER_BOUND_WITH_NONZERO_GAP
normal,1.9998,3.0,1.0002000000000002,0.3334000000000001,POSITIVE_LOWER_BOUND_WITH_NONZERO_GAP
ambient,1.9824984237068133,3.0,1.0175015762931867,0.3391671920977289,POSITIVE_LOWER_BOUND_WITH_NONZERO_GAP
projected,0.0994987437106619,2.0,1.900501256289338,0.950250628144669,POSITIVE_LOWER_BOUND_WITH_NONZERO_GAP
normal,1.98,3.0,1.02,0.34,POSITIVE_LOWER_BOUND_WITH_NONZERO_GAP
ambient,1.9824984237068133,3.0,1.0175015762931867,0.3391671920977289,POSITIVE_LOWER_BOUND_WITH_NONZERO_GAP
projected,0.0994987437106619,2.0,1.900501256289338,0.950250628144669,POSITIVE_LOWER_BOUND_WITH_NONZERO_GAP
normal,1.98,3.0,1.02,0.34,POSITIVE_LOWER_BOUND_WITH_NONZERO_GAP
ambient,1.9824984237068133,3.0,1.0175015762931867,0.3391671920977289,POSITIVE_LOWER_BOUND_WITH_NONZERO_GAP
projected,0.0994987437106619,2.0,1.900501256289338,0.950250628144669,POSITIVE_LOWER_BOUND_WITH_NONZERO_GAP
normal,1.98,3.0,1.02,0.34,POSITIVE_LOWER_BOUND_WITH_NONZERO_GAP
ambient,1.5612494995995994,3.0,1.4387505004004006,0.4795835001334669,POSITIVE_LOWER_BOUND_WITH_NONZERO_GAP
projected,0.4330127018922193,2.0,1.5669872981077808,0.7834936490538904,POSITIVE_LOWER_BOUND_WITH_NONZERO_GAP
normal,1.4999999999999998,3.0,1.5000000000000002,0.5000000000000001,POSITIVE_LOWER_BOUND_WITH_NONZERO_GAP
ambient,1.5612494995995994,3.0,1.4387505004004006,0.4795835001334669,POSITIVE_LOWER_BOUND_WITH_NONZERO_GAP
projected,0.4330127018922193,2.0,1.5669872981077808,0.7834936490538904,POSITIVE_LOWER_BOUND_WITH_NONZERO_GAP
normal,1.4999999999999998,3.0,1.5000000000000002,0.5000000000000001,POSITIVE_LOWER_BOUND_WITH_NONZERO_GAP
ambient,1.5612494995995994,3.0,1.4387505004004006,0.4795835001334669,POSITIVE_LOWER_BOUND_WITH_NONZERO_GAP
projected,0.4330127018922193,2.0,1.5669872981077808,0.7834936490538904,POSITIVE_LOWER_BOUND_WITH_NONZERO_GAP
normal,1.4999999999999998,3.0,1.5000000000000002,0.5000000000000001,POSITIVE_LOWER_BOUND_WITH_NONZERO_GAP
ambient,0.0,3.0,3.0,1.0,NO_POSITIVE_LOWER_BOUND_OBTAINED
projected,0.0,2.0,2.0,1.0,NO_POSITIVE_LOWER_BOUND_OBTAINED
normal,0.0,3.0,3.0,1.0,NO_POSITIVE_LOWER_BOUND_OBTAINED
ambient,0.0,3.0,3.0,1.0,NO_POSITIVE_LOWER_BOUND_OBTAINED
projected,0.0,2.0,2.0,1.0,NO_POSITIVE_LOWER_BOUND_OBTAINED
normal,0.0,3.0,3.0,1.0,NO_POSITIVE_LOWER_BOUND_OBTAINED
ambient,0.0,3.0,3.0,1.0,NO_POSITIVE_LOWER_BOUND_OBTAINED
projected,0.0,2.0,2.0,1.0,NO_POSITIVE_LOWER_BOUND_OBTAINED
normal,0.0,3.0,3.0,1.0,NO_POSITIVE_LOWER_BOUND_OBTAINED
ambient,1.999998249999984,3.0,1.0000017500000158,0.3333339166666719,POSITIVE_LOWER_BOUND_WITH_NONZERO_GAP
projected,0.0009999994999998,2.0,1.9990000005,0.99950000025,POSITIVE_LOWER_BOUND_WITH_NONZERO_GAP
normal,1.999998,3.0,1.000002,0.333334,POSITIVE_LOWER_BOUND_WITH_NONZERO_GAP
ambient,1.999998249999984,3.0,1.0000017500000158,0.3333339166666719,POSITIVE_LOWER_BOUND_WITH_NONZERO_GAP
projected,0.0009999994999998,2.0,1.9990000005,0.99950000025,POSITIVE_LOWER_BOUND_WITH_NONZERO_GAP
normal,1.999998,3.0,1.000002,0.333334,POSITIVE_LOWER_BOUND_WITH_NONZERO_GAP
ambient,1.999998249999984,3.0,1.0000017500000158,0.3333339166666719,POSITIVE_LOWER_BOUND_WITH_NONZERO_GAP
projected,0.0009999994999998,2.0,1.9990000005,0.99950000025,POSITIVE_LOWER_BOUND_WITH_NONZERO_GAP
normal,1.999998,3.0,1.000002,0.333334,POSITIVE_LOWER_BOUND_WITH_NONZERO_GAP
ambient,1.9998249998437363,3.0,1.0001750001562637,0.3333916667187546,POSITIVE_LOWER_BOUND_WITH_NONZERO_GAP
projected,0.0099994999874993,2.0,1.9900005000125007,0.9950002500062504,POSITIVE_LOWER_BOUND_WITH_NONZERO_GAP
normal,1.9998,3.0,1.0002000000000002,0.3334000000000001,POSITIVE_LOWER_BOUND_WITH_NONZERO_GAP
ambient,1.9998249998437363,3.0,1.0001750001562637,0.3333916667187546,POSITIVE_LOWER_BOUND_WITH_NONZERO_GAP
projected,0.0099994999874993,2.0,1.9900005000125007,0.9950002500062504,POSITIVE_LOWER_BOUND_WITH_NONZERO_GAP
normal,1.9998,3.0,1.0002000000000002,0.3334000000000001,POSITIVE_LOWER_BOUND_WITH_NONZERO_GAP
ambient,1.9998249998437363,3.0,1.0001750001562637,0.3333916667187546,POSITIVE_LOWER_BOUND_WITH_NONZERO_GAP
projected,0.0099994999874993,2.0,1.9900005000125007,0.9950002500062504,POSITIVE_LOWER_BOUND_WITH_NONZERO_GAP
normal,1.9998,3.0,1.0002000000000002,0.3334000000000001,POSITIVE_LOWER_BOUND_WITH_NONZERO_GAP
ambient,1.9824984237068133,3.0,1.0175015762931867,0.3391671920977289,POSITIVE_LOWER_BOUND_WITH_NONZERO_GAP
projected,0.0994987437106619,2.0,1.900501256289338,0.950250628144669,POSITIVE_LOWER_BOUND_WITH_NONZERO_GAP
normal,1.98,3.0,1.02,0.34,POSITIVE_LOWER_BOUND_WITH_NONZERO_GAP
ambient,1.9824984237068133,3.0,1.0175015762931867,0.3391671920977289,POSITIVE_LOWER_BOUND_WITH_NONZERO_GAP
projected,0.0994987437106619,2.0,1.900501256289338,0.950250628144669,POSITIVE_LOWER_BOUND_WITH_NONZERO_GAP
normal,1.98,3.0,1.02,0.34,POSITIVE_LOWER_BOUND_WITH_NONZERO_GAP
ambient,1.9824984237068133,3.0,1.0175015762931867,0.3391671920977289,POSITIVE_LOWER_BOUND_WITH_NONZERO_GAP
projected,0.0994987437106619,2.0,1.900501256289338,0.950250628144669,POSITIVE_LOWER_BOUND_WITH_NONZERO_GAP
normal,1.98,3.0,1.02,0.34,POSITIVE_LOWER_BOUND_WITH_NONZERO_GAP
ambient,1.5612494995995994,3.0,1.4387505004004006,0.4795835001334669,POSITIVE_LOWER_BOUND_WITH_NONZERO_GAP
projected,0.4330127018922193,2.0,1.5669872981077808,0.7834936490538904,POSITIVE_LOWER_BOUND_WITH_NONZERO_GAP
normal,1.4999999999999998,3.0,1.5000000000000002,0.5000000000000001,POSITIVE_LOWER_BOUND_WITH_NONZERO_GAP
ambient,1.5612494995995994,3.0,1.4387505004004006,0.4795835001334669,POSITIVE_LOWER_BOUND_WITH_NONZERO_GAP
projected,0.4330127018922193,2.0,1.5669872981077808,0.7834936490538904,POSITIVE_LOWER_BOUND_WITH_NONZERO_GAP
normal,1.4999999999999998,3.0,1.5000000000000002,0.5000000000000001,POSITIVE_LOWER_BOUND_WITH_NONZERO_GAP
ambient,1.5612494995995994,3.0,1.4387505004004006,0.4795835001334669,POSITIVE_LOWER_BOUND_WITH_NONZERO_GAP
projected,0.4330127018922193,2.0,1.5669872981077808,0.7834936490538904,POSITIVE_LOWER_BOUND_WITH_NONZERO_GAP
normal,1.4999999999999998,3.0,1.5000000000000002,0.5000000000000001,POSITIVE_LOWER_BOUND_WITH_NONZERO_GAP
ambient,0.0,3.0,3.0,1.0,NO_POSITIVE_LOWER_BOUND_OBTAINED
projected,0.0,2.0,2.0,1.0,NO_POSITIVE_LOWER_BOUND_OBTAINED
normal,0.0,3.0,3.0,1.0,NO_POSITIVE_LOWER_BOUND_OBTAINED
ambient,0.0,3.0,3.0,1.0,NO_POSITIVE_LOWER_BOUND_OBTAINED
projected,0.0,2.0,2.0,1.0,NO_POSITIVE_LOWER_BOUND_OBTAINED
normal,0.0,3.0,3.0,1.0,NO_POSITIVE_LOWER_BOUND_OBTAINED
ambient,0.0,3.0,3.0,1.0,NO_POSITIVE_LOWER_BOUND_OBTAINED
projected,0.0,2.0,2.0,1.0,NO_POSITIVE_LOWER_BOUND_OBTAINED
normal,0.0,3.0,3.0,1.0,NO_POSITIVE_LOWER_BOUND_OBTAINED
ambient,1.999998249999984,3.0,1.0000017500000158,0.3333339166666719,POSITIVE_LOWER_BOUND_WITH_NONZERO_GAP
projected,0.0009999994999998,2.0,1.9990000005,0.99950000025,POSITIVE_LOWER_BOUND_WITH_NONZERO_GAP
normal,1.999998,3.0,1.000002,0.333334,POSITIVE_LOWER_BOUND_WITH_NONZERO_GAP
ambient,1.999998249999984,3.0,1.0000017500000158,0.3333339166666719,POSITIVE_LOWER_BOUND_WITH_NONZERO_GAP
projected,0.0009999994999998,2.0,1.9990000005,0.99950000025,POSITIVE_LOWER_BOUND_WITH_NONZERO_GAP
normal,1.999998,3.0,1.000002,0.333334,POSITIVE_LOWER_BOUND_WITH_NONZERO_GAP
ambient,1.999998249999984,3.0,1.0000017500000158,0.3333339166666719,POSITIVE_LOWER_BOUND_WITH_NONZERO_GAP
projected,0.0009999994999998,2.0,1.9990000005,0.99950000025,POSITIVE_LOWER_BOUND_WITH_NONZERO_GAP
normal,1.999998,3.0,1.000002,0.333334,POSITIVE_LOWER_BOUND_WITH_NONZERO_GAP
ambient,1.9998249998437363,3.0,1.0001750001562637,0.3333916667187546,POSITIVE_LOWER_BOUND_WITH_NONZERO_GAP
projected,0.0099994999874993,2.0,1.9900005000125007,0.9950002500062504,POSITIVE_LOWER_BOUND_WITH_NONZERO_GAP
normal,1.9998,3.0,1.0002000000000002,0.3334000000000001,POSITIVE_LOWER_BOUND_WITH_NONZERO_GAP
ambient,1.9998249998437363,3.0,1.0001750001562637,0.3333916667187546,POSITIVE_LOWER_BOUND_WITH_NONZERO_GAP
projected,0.0099994999874993,2.0,1.9900005000125007,0.9950002500062504,POSITIVE_LOWER_BOUND_WITH_NONZERO_GAP
normal,1.9998,3.0,1.0002000000000002,0.3334000000000001,POSITIVE_LOWER_BOUND_WITH_NONZERO_GAP
ambient,1.9998249998437363,3.0,1.0001750001562637,0.3333916667187546,POSITIVE_LOWER_BOUND_WITH_NONZERO_GAP
projected,0.0099994999874993,2.0,1.9900005000125007,0.9950002500062504,POSITIVE_LOWER_BOUND_WITH_NONZERO_GAP
normal,1.9998,3.0,1.0002000000000002,0.3334000000000001,POSITIVE_LOWER_BOUND_WITH_NONZERO_GAP
ambient,1.9824984237068133,3.0,1.0175015762931867,0.3391671920977289,POSITIVE_LOWER_BOUND_WITH_NONZERO_GAP
projected,0.0994987437106619,2.0,1.900501256289338,0.950250628144669,POSITIVE_LOWER_BOUND_WITH_NONZERO_GAP
normal,1.98,3.0,1.02,0.34,POSITIVE_LOWER_BOUND_WITH_NONZERO_GAP
ambient,1.9824984237068133,3.0,1.0175015762931867,0.3391671920977289,POSITIVE_LOWER_BOUND_WITH_NONZERO_GAP
projected,0.0994987437106619,2.0,1.900501256289338,0.950250628144669,POSITIVE_LOWER_BOUND_WITH_NONZERO_GAP
normal,1.98,3.0,1.02,0.34,POSITIVE_LOWER_BOUND_WITH_NONZERO_GAP
ambient,1.9824984237068133,3.0,1.0175015762931867,0.3391671920977289,POSITIVE_LOWER_BOUND_WITH_NONZERO_GAP
projected,0.0994987437106619,2.0,1.900501256289338,0.950250628144669,POSITIVE_LOWER_BOUND_WITH_NONZERO_GAP
normal,1.98,3.0,1.02,0.34,POSITIVE_LOWER_BOUND_WITH_NONZERO_GAP
ambient,1.5612494995995994,3.0,1.4387505004004006,0.4795835001334669,POSITIVE_LOWER_BOUND_WITH_NONZERO_GAP
projected,0.4330127018922193,2.0,1.5669872981077808,0.7834936490538904,POSITIVE_LOWER_BOUND_WITH_NONZERO_GAP
normal,1.4999999999999998,3.0,1.5000000000000002,0.5000000000000001,POSITIVE_LOWER_BOUND_WITH_NONZERO_GAP
ambient,1.5612494995995994,3.0,1.4387505004004006,0.4795835001334669,POSITIVE_LOWER_BOUND_WITH_NONZERO_GAP
projected,0.4330127018922193,2.0,1.5669872981077808,0.7834936490538904,POSITIVE_LOWER_BOUND_WITH_NONZERO_GAP
normal,1.4999999999999998,3.0,1.5000000000000002,0.5000000000000001,POSITIVE_LOWER_BOUND_WITH_NONZERO_GAP
ambient,1.5612494995995994,3.0,1.4387505004004006,0.4795835001334669,POSITIVE_LOWER_BOUND_WITH_NONZERO_GAP
projected,0.4330127018922193,2.0,1.5669872981077808,0.7834936490538904,POSITIVE_LOWER_BOUND_WITH_NONZERO_GAP
normal,1.4999999999999998,3.0,1.5000000000000002,0.5000000000000001,POSITIVE_LOWER_BOUND_WITH_NONZERO_GAP
ambient,0.0,3.0,3.0,1.0,NO_POSITIVE_LOWER_BOUND_OBTAINED
projected,0.0,2.0,2.0,1.0,NO_POSITIVE_LOWER_BOUND_OBTAINED
normal,0.0,3.0,3.0,1.0,NO_POSITIVE_LOWER_BOUND_OBTAINED
ambient,0.0,3.0,3.0,1.0,NO_POSITIVE_LOWER_BOUND_OBTAINED
projected,0.0,2.0,2.0,1.0,NO_POSITIVE_LOWER_BOUND_OBTAINED
normal,0.0,3.0,3.0,1.0,NO_POSITIVE_LOWER_BOUND_OBTAINED
ambient,0.0,3.0,3.0,1.0,NO_POSITIVE_LOWER_BOUND_OBTAINED
projected,0.0,2.0,2.0,1.0,NO_POSITIVE_LOWER_BOUND_OBTAINED
normal,0.0,3.0,3.0,1.0,NO_POSITIVE_LOWER_BOUND_OBTAINED
ambient,1.999998249999984,3.0,1.0000017500000158,0.3333339166666719,POSITIVE_LOWER_BOUND_WITH_NONZERO_GAP
projected,0.0009999994999998,2.0,1.9990000005,0.99950000025,POSITIVE_LOWER_BOUND_WITH_NONZERO_GAP
normal,1.999998,3.0,1.000002,0.333334,POSITIVE_LOWER_BOUND_WITH_NONZERO_GAP
ambient,1.999998249999984,3.0,1.0000017500000158,0.3333339166666719,POSITIVE_LOWER_BOUND_WITH_NONZERO_GAP
projected,0.0009999994999998,2.0,1.9990000005,0.99950000025,POSITIVE_LOWER_BOUND_WITH_NONZERO_GAP
normal,1.999998,3.0,1.000002,0.333334,POSITIVE_LOWER_BOUND_WITH_NONZERO_GAP
ambient,1.999998249999984,3.0,1.0000017500000158,0.3333339166666719,POSITIVE_LOWER_BOUND_WITH_NONZERO_GAP
projected,0.0009999994999998,2.0,1.9990000005,0.99950000025,POSITIVE_LOWER_BOUND_WITH_NONZERO_GAP
normal,1.999998,3.0,1.000002,0.333334,POSITIVE_LOWER_BOUND_WITH_NONZERO_GAP
ambient,1.9998249998437363,3.0,1.0001750001562637,0.3333916667187546,POSITIVE_LOWER_BOUND_WITH_NONZERO_GAP
projected,0.0099994999874993,2.0,1.9900005000125007,0.9950002500062504,POSITIVE_LOWER_BOUND_WITH_NONZERO_GAP
normal,1.9998,3.0,1.0002000000000002,0.3334000000000001,POSITIVE_LOWER_BOUND_WITH_NONZERO_GAP
ambient,1.9998249998437363,3.0,1.0001750001562637,0.3333916667187546,POSITIVE_LOWER_BOUND_WITH_NONZERO_GAP
projected,0.0099994999874993,2.0,1.9900005000125007,0.9950002500062504,POSITIVE_LOWER_BOUND_WITH_NONZERO_GAP
normal,1.9998,3.0,1.0002000000000002,0.3334000000000001,POSITIVE_LOWER_BOUND_WITH_NONZERO_GAP
ambient,1.9998249998437363,3.0,1.0001750001562637,0.3333916667187546,POSITIVE_LOWER_BOUND_WITH_NONZERO_GAP
projected,0.0099994999874993,2.0,1.9900005000125007,0.9950002500062504,POSITIVE_LOWER_BOUND_WITH_NONZERO_GAP
normal,1.9998,3.0,1.0002000000000002,0.3334000000000001,POSITIVE_LOWER_BOUND_WITH_NONZERO_GAP
ambient,1.9824984237068133,3.0,1.0175015762931867,0.3391671920977289,POSITIVE_LOWER_BOUND_WITH_NONZERO_GAP
projected,0.0994987437106619,2.0,1.900501256289338,0.950250628144669,POSITIVE_LOWER_BOUND_WITH_NONZERO_GAP
normal,1.98,3.0,1.02,0.34,POSITIVE_LOWER_BOUND_WITH_NONZERO_GAP
ambient,1.9824984237068133,3.0,1.0175015762931867,0.3391671920977289,POSITIVE_LOWER_BOUND_WITH_NONZERO_GAP
projected,0.0994987437106619,2.0,1.900501256289338,0.950250628144669,POSITIVE_LOWER_BOUND_WITH_NONZERO_GAP
normal,1.98,3.0,1.02,0.34,POSITIVE_LOWER_BOUND_WITH_NONZERO_GAP
ambient,1.9824984237068133,3.0,1.0175015762931867,0.3391671920977289,POSITIVE_LOWER_BOUND_WITH_NONZERO_GAP
projected,0.0994987437106619,2.0,1.900501256289338,0.950250628144669,POSITIVE_LOWER_BOUND_WITH_NONZERO_GAP
normal,1.98,3.0,1.02,0.34,POSITIVE_LOWER_BOUND_WITH_NONZERO_GAP
ambient,1.5612494995995994,3.0,1.4387505004004006,0.4795835001334669,POSITIVE_LOWER_BOUND_WITH_NONZERO_GAP
projected,0.4330127018922193,2.0,1.5669872981077808,0.7834936490538904,POSITIVE_LOWER_BOUND_WITH_NONZERO_GAP
normal,1.4999999999999998,3.0,1.5000000000000002,0.5000000000000001,POSITIVE_LOWER_BOUND_WITH_NONZERO_GAP
ambient,1.5612494995995994,3.0,1.4387505004004006,0.4795835001334669,POSITIVE_LOWER_BOUND_WITH_NONZERO_GAP
projected,0.4330127018922193,2.0,1.5669872981077808,0.7834936490538904,POSITIVE_LOWER_BOUND_WITH_NONZERO_GAP
normal,1.4999999999999998,3.0,1.5000000000000002,0.5000000000000001,POSITIVE_LOWER_BOUND_WITH_NONZERO_GAP
ambient,1.5612494995995994,3.0,1.4387505004004006,0.4795835001334669,POSITIVE_LOWER_BOUND_WITH_NONZERO_GAP
projected,0.4330127018922193,2.0,1.5669872981077808,0.7834936490538904,POSITIVE_LOWER_BOUND_WITH_NONZERO_GAP
normal,1.4999999999999998,3.0,1.5000000000000002,0.5000000000000001,POSITIVE_LOWER_BOUND_WITH_NONZERO_GAP
ambient,0.0,3.0,3.0,1.0,NO_POSITIVE_LOWER_BOUND_OBTAINED
projected,0.0,2.0,2.0,1.0,NO_POSITIVE_LOWER_BOUND_OBTAINED
normal,0.0,3.0,3.0,1.0,NO_POSITIVE_LOWER_BOUND_OBTAINED
ambient,0.0,3.0,3.0,1.0,NO_POSITIVE_LOWER_BOUND_OBTAINED
projected,0.0,2.0,2.0,1.0,NO_POSITIVE_LOWER_BOUND_OBTAINED
normal,0.0,3.0,3.0,1.0,NO_POSITIVE_LOWER_BOUND_OBTAINED
ambient,0.0,3.0,3.0,1.0,NO_POSITIVE_LOWER_BOUND_OBTAINED
projected,0.0,2.0,2.0,1.0,NO_POSITIVE_LOWER_BOUND_OBTAINED
normal,0.0,3.0,3.0,1.0,NO_POSITIVE_LOWER_BOUND_OBTAINED
ambient,2.999997500000125,3.0,2.499999875116288e-06,8.333332917054292e-07,POSITIVE_LOWER_BOUND_WITH_NONZERO_GAP
projected,0.0029999984999996,2.0,1.9970000015000005,0.9985000007500002,POSITIVE_LOWER_BOUND_WITH_NONZERO_GAP
normal,2.999996,3.0,4.000000000115023e-06,1.333333333371674e-06,POSITIVE_LOWER_BOUND_WITH_NONZERO_GAP
ambient,2.999997500000125,3.0,2.499999875116288e-06,8.333332917054292e-07,POSITIVE_LOWER_BOUND_WITH_NONZERO_GAP
projected,0.0029999984999996,2.0,1.9970000015000005,0.9985000007500002,POSITIVE_LOWER_BOUND_WITH_NONZERO_GAP
normal,2.999996,3.0,4.000000000115023e-06,1.333333333371674e-06,POSITIVE_LOWER_BOUND_WITH_NONZERO_GAP
ambient,2.999997500000125,3.0,2.499999875116288e-06,8.333332917054292e-07,POSITIVE_LOWER_BOUND_WITH_NONZERO_GAP
projected,0.0029999984999996,2.0,1.9970000015000005,0.9985000007500002,POSITIVE_LOWER_BOUND_WITH_NONZERO_GAP
normal,2.999996,3.0,4.000000000115023e-06,1.333333333371674e-06,POSITIVE_LOWER_BOUND_WITH_NONZERO_GAP
ambient,2.999750001250104,3.0,0.0002499987498958,8.333291663194704e-05,POSITIVE_LOWER_BOUND_WITH_NONZERO_GAP
projected,0.0299984999624981,2.0,1.970001500037502,0.985000750018751,POSITIVE_LOWER_BOUND_WITH_NONZERO_GAP
normal,2.9996,3.0,0.0004000000000004,0.0001333333333334,POSITIVE_LOWER_BOUND_WITH_NONZERO_GAP
ambient,2.999750001250104,3.0,0.0002499987498958,8.333291663194704e-05,POSITIVE_LOWER_BOUND_WITH_NONZERO_GAP
projected,0.0299984999624981,2.0,1.970001500037502,0.985000750018751,POSITIVE_LOWER_BOUND_WITH_NONZERO_GAP
normal,2.9996,3.0,0.0004000000000004,0.0001333333333334,POSITIVE_LOWER_BOUND_WITH_NONZERO_GAP
ambient,2.999750001250104,3.0,0.0002499987498958,8.333291663194704e-05,POSITIVE_LOWER_BOUND_WITH_NONZERO_GAP
projected,0.0299984999624981,2.0,1.970001500037502,0.985000750018751,POSITIVE_LOWER_BOUND_WITH_NONZERO_GAP
normal,2.9996,3.0,0.0004000000000004,0.0001333333333334,POSITIVE_LOWER_BOUND_WITH_NONZERO_GAP
ambient,2.975012605015313,3.0,0.024987394984687,0.0083291316615623,POSITIVE_LOWER_BOUND_WITH_NONZERO_GAP
projected,0.298496231131986,2.0,1.701503768868014,0.850751884434007,POSITIVE_LOWER_BOUND_WITH_NONZERO_GAP
normal,2.96,3.0,0.04,0.0133333333333333,POSITIVE_LOWER_BOUND_WITH_NONZERO_GAP
ambient,2.975012605015313,3.0,0.024987394984687,0.0083291316615623,POSITIVE_LOWER_BOUND_WITH_NONZERO_GAP
projected,0.298496231131986,2.0,1.701503768868014,0.850751884434007,POSITIVE_LOWER_BOUND_WITH_NONZERO_GAP
normal,2.96,3.0,0.04,0.0133333333333333,POSITIVE_LOWER_BOUND_WITH_NONZERO_GAP
ambient,2.975012605015313,3.0,0.024987394984687,0.0083291316615623,POSITIVE_LOWER_BOUND_WITH_NONZERO_GAP
projected,0.298496231131986,2.0,1.701503768868014,0.850751884434007,POSITIVE_LOWER_BOUND_WITH_NONZERO_GAP
normal,2.96,3.0,0.04,0.0133333333333333,POSITIVE_LOWER_BOUND_WITH_NONZERO_GAP
ambient,2.384848003542364,3.0,0.615151996457636,0.2050506654858786,POSITIVE_LOWER_BOUND_WITH_NONZERO_GAP
projected,1.2990381056766578,2.0,0.7009618943233422,0.3504809471616711,POSITIVE_LOWER_BOUND_WITH_NONZERO_GAP
normal,2.0,3.0,1.0000000000000002,0.3333333333333334,POSITIVE_LOWER_BOUND_WITH_NONZERO_GAP
ambient,2.384848003542364,3.0,0.615151996457636,0.2050506654858786,POSITIVE_LOWER_BOUND_WITH_NONZERO_GAP
projected,1.2990381056766578,2.0,0.7009618943233422,0.3504809471616711,POSITIVE_LOWER_BOUND_WITH_NONZERO_GAP
normal,2.0,3.0,1.0000000000000002,0.3333333333333334,POSITIVE_LOWER_BOUND_WITH_NONZERO_GAP
ambient,2.384848003542364,3.0,0.615151996457636,0.2050506654858786,POSITIVE_LOWER_BOUND_WITH_NONZERO_GAP
projected,1.2990381056766578,2.0,0.7009618943233422,0.3504809471616711,POSITIVE_LOWER_BOUND_WITH_NONZERO_GAP
normal,2.0,3.0,1.0000000000000002,0.3333333333333334,POSITIVE_LOWER_BOUND_WITH_NONZERO_GAP
ambient,1.0,3.0,2.0,0.6666666666666666,POSITIVE_LOWER_BOUND_WITH_NONZERO_GAP
projected,0.0,2.0,2.0,1.0,NO_POSITIVE_LOWER_BOUND_OBTAINED
normal,1.0,3.0,2.0,0.6666666666666666,POSITIVE_LOWER_BOUND_WITH_NONZERO_GAP
ambient,1.0,3.0,2.0,0.6666666666666666,POSITIVE_LOWER_BOUND_WITH_NONZERO_GAP
projected,0.0,2.0,2.0,1.0,NO_POSITIVE_LOWER_BOUND_OBTAINED
normal,1.0,3.0,2.0,0.6666666666666666,POSITIVE_LOWER_BOUND_WITH_NONZERO_GAP
ambient,1.0,3.0,2.0,0.6666666666666666,POSITIVE_LOWER_BOUND_WITH_NONZERO_GAP
projected,0.0,2.0,2.0,1.0,NO_POSITIVE_LOWER_BOUND_OBTAINED
normal,1.0,3.0,2.0,0.6666666666666666,POSITIVE_LOWER_BOUND_WITH_NONZERO_GAP
ambient,0.9999985000003748,4.0,3.000001499999625,0.7500003749999062,POSITIVE_LOWER_BOUND_WITH_NONZERO_GAP
projected,0.0,3.0,3.0,1.0,NO_POSITIVE_LOWER_BOUND_OBTAINED
normal,0.9999985000003748,4.0,3.000001499999625,0.7500003749999062,POSITIVE_LOWER_BOUND_WITH_NONZERO_GAP
ambient,0.9999985000003748,4.0,3.000001499999625,0.7500003749999062,POSITIVE_LOWER_BOUND_WITH_NONZERO_GAP
projected,0.0,3.0,3.0,1.0,NO_POSITIVE_LOWER_BOUND_OBTAINED
normal,0.9999985000003748,4.0,3.000001499999625,0.7500003749999062,POSITIVE_LOWER_BOUND_WITH_NONZERO_GAP
ambient,0.9999985000003748,4.0,3.000001499999625,0.7500003749999062,POSITIVE_LOWER_BOUND_WITH_NONZERO_GAP
projected,0.0,3.0,3.0,1.0,NO_POSITIVE_LOWER_BOUND_OBTAINED
normal,0.9999985000003748,4.0,3.000001499999625,0.7500003749999062,POSITIVE_LOWER_BOUND_WITH_NONZERO_GAP
ambient,0.9998500037500624,4.0,3.0001499962499376,0.7500374990624844,POSITIVE_LOWER_BOUND_WITH_NONZERO_GAP
projected,0.0,3.0,3.0,1.0,NO_POSITIVE_LOWER_BOUND_OBTAINED
normal,0.9998500037500624,4.0,3.0001499962499376,0.7500374990624844,POSITIVE_LOWER_BOUND_WITH_NONZERO_GAP
ambient,0.9998500037500624,4.0,3.0001499962499376,0.7500374990624844,POSITIVE_LOWER_BOUND_WITH_NONZERO_GAP
projected,0.0,3.0,3.0,1.0,NO_POSITIVE_LOWER_BOUND_OBTAINED
normal,0.9998500037500624,4.0,3.0001499962499376,0.7500374990624844,POSITIVE_LOWER_BOUND_WITH_NONZERO_GAP
ambient,0.9998500037500624,4.0,3.0001499962499376,0.7500374990624844,POSITIVE_LOWER_BOUND_WITH_NONZERO_GAP
projected,0.0,3.0,3.0,1.0,NO_POSITIVE_LOWER_BOUND_OBTAINED
normal,0.9998500037500624,4.0,3.0001499962499376,0.7500374990624844,POSITIVE_LOWER_BOUND_WITH_NONZERO_GAP
ambient,0.9850375627355537,4.0,3.0149624372644466,0.7537406093161116,POSITIVE_LOWER_BOUND_WITH_NONZERO_GAP
projected,0.0,3.0,3.0,1.0,NO_POSITIVE_LOWER_BOUND_OBTAINED
normal,0.9850375627355537,4.0,3.0149624372644466,0.7537406093161116,POSITIVE_LOWER_BOUND_WITH_NONZERO_GAP
ambient,0.9850375627355537,4.0,3.0149624372644466,0.7537406093161116,POSITIVE_LOWER_BOUND_WITH_NONZERO_GAP
projected,0.0,3.0,3.0,1.0,NO_POSITIVE_LOWER_BOUND_OBTAINED
normal,0.9850375627355537,4.0,3.0149624372644466,0.7537406093161116,POSITIVE_LOWER_BOUND_WITH_NONZERO_GAP
ambient,0.9850375627355537,4.0,3.0149624372644466,0.7537406093161116,POSITIVE_LOWER_BOUND_WITH_NONZERO_GAP
projected,0.0,3.0,3.0,1.0,NO_POSITIVE_LOWER_BOUND_OBTAINED
normal,0.9850375627355537,4.0,3.0149624372644466,0.7537406093161116,POSITIVE_LOWER_BOUND_WITH_NONZERO_GAP
ambient,0.6495190528383289,4.0,3.350480947161671,0.8376202367904177,POSITIVE_LOWER_BOUND_WITH_NONZERO_GAP
projected,0.0,3.0,3.0,1.0,NO_POSITIVE_LOWER_BOUND_OBTAINED
normal,0.6495190528383289,4.0,3.350480947161671,0.8376202367904177,POSITIVE_LOWER_BOUND_WITH_NONZERO_GAP
ambient,0.6495190528383289,4.0,3.350480947161671,0.8376202367904177,POSITIVE_LOWER_BOUND_WITH_NONZERO_GAP
projected,0.0,3.0,3.0,1.0,NO_POSITIVE_LOWER_BOUND_OBTAINED
normal,0.6495190528383289,4.0,3.350480947161671,0.8376202367904177,POSITIVE_LOWER_BOUND_WITH_NONZERO_GAP
ambient,0.6495190528383289,4.0,3.350480947161671,0.8376202367904177,POSITIVE_LOWER_BOUND_WITH_NONZERO_GAP
projected,0.0,3.0,3.0,1.0,NO_POSITIVE_LOWER_BOUND_OBTAINED
normal,0.6495190528383289,4.0,3.350480947161671,0.8376202367904177,POSITIVE_LOWER_BOUND_WITH_NONZERO_GAP
ambient,0.0,4.0,4.0,1.0,NO_POSITIVE_LOWER_BOUND_OBTAINED
projected,0.0,3.0,3.0,1.0,NO_POSITIVE_LOWER_BOUND_OBTAINED
normal,0.0,4.0,4.0,1.0,NO_POSITIVE_LOWER_BOUND_OBTAINED
ambient,0.0,4.0,4.0,1.0,NO_POSITIVE_LOWER_BOUND_OBTAINED
projected,0.0,3.0,3.0,1.0,NO_POSITIVE_LOWER_BOUND_OBTAINED
normal,0.0,4.0,4.0,1.0,NO_POSITIVE_LOWER_BOUND_OBTAINED
ambient,0.0,4.0,4.0,1.0,NO_POSITIVE_LOWER_BOUND_OBTAINED
projected,0.0,3.0,3.0,1.0,NO_POSITIVE_LOWER_BOUND_OBTAINED
normal,0.0,4.0,4.0,1.0,NO_POSITIVE_LOWER_BOUND_OBTAINED
ambient,0.9999985000003748,4.0,3.000001499999625,0.7500003749999062,POSITIVE_LOWER_BOUND_WITH_NONZERO_GAP
projected,0.0,3.0,3.0,1.0,NO_POSITIVE_LOWER_BOUND_OBTAINED
normal,0.9999985000003748,4.0,3.000001499999625,0.7500003749999062,POSITIVE_LOWER_BOUND_WITH_NONZERO_GAP
ambient,0.9999985000003748,4.0,3.000001499999625,0.7500003749999062,POSITIVE_LOWER_BOUND_WITH_NONZERO_GAP
projected,0.0,3.0,3.0,1.0,NO_POSITIVE_LOWER_BOUND_OBTAINED
normal,0.9999985000003748,4.0,3.000001499999625,0.7500003749999062,POSITIVE_LOWER_BOUND_WITH_NONZERO_GAP
ambient,0.9999985000003748,4.0,3.000001499999625,0.7500003749999062,POSITIVE_LOWER_BOUND_WITH_NONZERO_GAP
projected,0.0,3.0,3.0,1.0,NO_POSITIVE_LOWER_BOUND_OBTAINED
normal,0.9999985000003748,4.0,3.000001499999625,0.7500003749999062,POSITIVE_LOWER_BOUND_WITH_NONZERO_GAP
ambient,0.9998500037500624,4.0,3.0001499962499376,0.7500374990624844,POSITIVE_LOWER_BOUND_WITH_NONZERO_GAP
projected,0.0,3.0,3.0,1.0,NO_POSITIVE_LOWER_BOUND_OBTAINED
normal,0.9998500037500624,4.0,3.0001499962499376,0.7500374990624844,POSITIVE_LOWER_BOUND_WITH_NONZERO_GAP
ambient,0.9998500037500624,4.0,3.0001499962499376,0.7500374990624844,POSITIVE_LOWER_BOUND_WITH_NONZERO_GAP
projected,0.0,3.0,3.0,1.0,NO_POSITIVE_LOWER_BOUND_OBTAINED
normal,0.9998500037500624,4.0,3.0001499962499376,0.7500374990624844,POSITIVE_LOWER_BOUND_WITH_NONZERO_GAP
ambient,0.9998500037500624,4.0,3.0001499962499376,0.7500374990624844,POSITIVE_LOWER_BOUND_WITH_NONZERO_GAP
projected,0.0,3.0,3.0,1.0,NO_POSITIVE_LOWER_BOUND_OBTAINED
normal,0.9998500037500624,4.0,3.0001499962499376,0.7500374990624844,POSITIVE_LOWER_BOUND_WITH_NONZERO_GAP
ambient,0.9850375627355537,4.0,3.0149624372644466,0.7537406093161116,POSITIVE_LOWER_BOUND_WITH_NONZERO_GAP
projected,0.0,3.0,3.0,1.0,NO_POSITIVE_LOWER_BOUND_OBTAINED
normal,0.9850375627355537,4.0,3.0149624372644466,0.7537406093161116,POSITIVE_LOWER_BOUND_WITH_NONZERO_GAP
ambient,0.9850375627355537,4.0,3.0149624372644466,0.7537406093161116,POSITIVE_LOWER_BOUND_WITH_NONZERO_GAP
projected,0.0,3.0,3.0,1.0,NO_POSITIVE_LOWER_BOUND_OBTAINED
normal,0.9850375627355537,4.0,3.0149624372644466,0.7537406093161116,POSITIVE_LOWER_BOUND_WITH_NONZERO_GAP
ambient,0.9850375627355537,4.0,3.0149624372644466,0.7537406093161116,POSITIVE_LOWER_BOUND_WITH_NONZERO_GAP
projected,0.0,3.0,3.0,1.0,NO_POSITIVE_LOWER_BOUND_OBTAINED
normal,0.9850375627355537,4.0,3.0149624372644466,0.7537406093161116,POSITIVE_LOWER_BOUND_WITH_NONZERO_GAP
ambient,0.6495190528383289,4.0,3.350480947161671,0.8376202367904177,POSITIVE_LOWER_BOUND_WITH_NONZERO_GAP
projected,0.0,3.0,3.0,1.0,NO_POSITIVE_LOWER_BOUND_OBTAINED
normal,0.6495190528383289,4.0,3.350480947161671,0.8376202367904177,POSITIVE_LOWER_BOUND_WITH_NONZERO_GAP
ambient,0.6495190528383289,4.0,3.350480947161671,0.8376202367904177,POSITIVE_LOWER_BOUND_WITH_NONZERO_GAP
projected,0.0,3.0,3.0,1.0,NO_POSITIVE_LOWER_BOUND_OBTAINED
normal,0.6495190528383289,4.0,3.350480947161671,0.8376202367904177,POSITIVE_LOWER_BOUND_WITH_NONZERO_GAP
ambient,0.6495190528383289,4.0,3.350480947161671,0.8376202367904177,POSITIVE_LOWER_BOUND_WITH_NONZERO_GAP
projected,0.0,3.0,3.0,1.0,NO_POSITIVE_LOWER_BOUND_OBTAINED
normal,0.6495190528383289,4.0,3.350480947161671,0.8376202367904177,POSITIVE_LOWER_BOUND_WITH_NONZERO_GAP
ambient,0.0,4.0,4.0,1.0,NO_POSITIVE_LOWER_BOUND_OBTAINED
projected,0.0,3.0,3.0,1.0,NO_POSITIVE_LOWER_BOUND_OBTAINED
normal,0.0,4.0,4.0,1.0,NO_POSITIVE_LOWER_BOUND_OBTAINED
ambient,0.0,4.0,4.0,1.0,NO_POSITIVE_LOWER_BOUND_OBTAINED
projected,0.0,3.0,3.0,1.0,NO_POSITIVE_LOWER_BOUND_OBTAINED
normal,0.0,4.0,4.0,1.0,NO_POSITIVE_LOWER_BOUND_OBTAINED
ambient,0.0,4.0,4.0,1.0,NO_POSITIVE_LOWER_BOUND_OBTAINED
projected,0.0,3.0,3.0,1.0,NO_POSITIVE_LOWER_BOUND_OBTAINED
normal,0.0,4.0,4.0,1.0,NO_POSITIVE_LOWER_BOUND_OBTAINED
ambient,0.999998000001,4.0,3.000001999999,0.75000049999975,POSITIVE_LOWER_BOUND_WITH_NONZERO_GAP
projected,0.000999999,3.0,2.999000001,0.999666667,POSITIVE_LOWER_BOUND_WITH_NONZERO_GAP
normal,0.999997500000875,4.0,3.000002499999125,0.7500006249997813,POSITIVE_LOWER_BOUND_WITH_NONZERO_GAP
ambient,0.999998000001,4.0,3.000001999999,0.75000049999975,POSITIVE_LOWER_BOUND_WITH_NONZERO_GAP
projected,0.000999999,3.0,2.999000001,0.999666667,POSITIVE_LOWER_BOUND_WITH_NONZERO_GAP
normal,0.999997500000875,4.0,3.000002499999125,0.7500006249997813,POSITIVE_LOWER_BOUND_WITH_NONZERO_GAP
ambient,0.999998000001,4.0,3.000001999999,0.75000049999975,POSITIVE_LOWER_BOUND_WITH_NONZERO_GAP
projected,0.000999999,3.0,2.999000001,0.999666667,POSITIVE_LOWER_BOUND_WITH_NONZERO_GAP
normal,0.999997500000875,4.0,3.000002499999125,0.7500006249997813,POSITIVE_LOWER_BOUND_WITH_NONZERO_GAP
ambient,0.9998000100005,4.0,3.0001999899995,0.750049997499875,POSITIVE_LOWER_BOUND_WITH_NONZERO_GAP
projected,0.009999,3.0,2.990001,0.996667,POSITIVE_LOWER_BOUND_WITH_NONZERO_GAP
normal,0.9997500087501876,4.0,3.0002499912498126,0.7500624978124532,POSITIVE_LOWER_BOUND_WITH_NONZERO_GAP
ambient,0.9998000100005,4.0,3.0001999899995,0.750049997499875,POSITIVE_LOWER_BOUND_WITH_NONZERO_GAP
projected,0.009999,3.0,2.990001,0.996667,POSITIVE_LOWER_BOUND_WITH_NONZERO_GAP
normal,0.9997500087501876,4.0,3.0002499912498126,0.7500624978124532,POSITIVE_LOWER_BOUND_WITH_NONZERO_GAP
ambient,0.9998000100005,4.0,3.0001999899995,0.750049997499875,POSITIVE_LOWER_BOUND_WITH_NONZERO_GAP
projected,0.009999,3.0,2.990001,0.996667,POSITIVE_LOWER_BOUND_WITH_NONZERO_GAP
normal,0.9997500087501876,4.0,3.0002499912498126,0.7500624978124532,POSITIVE_LOWER_BOUND_WITH_NONZERO_GAP
ambient,0.9801005050503748,4.0,3.019899494949625,0.7549748737374062,POSITIVE_LOWER_BOUND_WITH_NONZERO_GAP
projected,0.0989999999999999,3.0,2.901,0.967,POSITIVE_LOWER_BOUND_WITH_NONZERO_GAP
normal,0.9750876883644874,4.0,3.024912311635513,0.7562280779088781,POSITIVE_LOWER_BOUND_WITH_NONZERO_GAP
ambient,0.9801005050503748,4.0,3.019899494949625,0.7549748737374062,POSITIVE_LOWER_BOUND_WITH_NONZERO_GAP
projected,0.0989999999999999,3.0,2.901,0.967,POSITIVE_LOWER_BOUND_WITH_NONZERO_GAP
normal,0.9750876883644874,4.0,3.024912311635513,0.7562280779088781,POSITIVE_LOWER_BOUND_WITH_NONZERO_GAP
ambient,0.9801005050503748,4.0,3.019899494949625,0.7549748737374062,POSITIVE_LOWER_BOUND_WITH_NONZERO_GAP
projected,0.0989999999999999,3.0,2.901,0.967,POSITIVE_LOWER_BOUND_WITH_NONZERO_GAP
normal,0.9750876883644874,4.0,3.024912311635513,0.7562280779088781,POSITIVE_LOWER_BOUND_WITH_NONZERO_GAP
ambient,0.57282196186948,4.0,3.42717803813052,0.85679450953263,POSITIVE_LOWER_BOUND_WITH_NONZERO_GAP
projected,0.3749999999999999,3.0,2.625,0.875,POSITIVE_LOWER_BOUND_WITH_NONZERO_GAP
normal,0.4330127018922193,4.0,3.566987298107781,0.8917468245269452,POSITIVE_LOWER_BOUND_WITH_NONZERO_GAP
ambient,0.57282196186948,4.0,3.42717803813052,0.85679450953263,POSITIVE_LOWER_BOUND_WITH_NONZERO_GAP
projected,0.3749999999999999,3.0,2.625,0.875,POSITIVE_LOWER_BOUND_WITH_NONZERO_GAP
normal,0.4330127018922193,4.0,3.566987298107781,0.8917468245269452,POSITIVE_LOWER_BOUND_WITH_NONZERO_GAP
ambient,0.57282196186948,4.0,3.42717803813052,0.85679450953263,POSITIVE_LOWER_BOUND_WITH_NONZERO_GAP
projected,0.3749999999999999,3.0,2.625,0.875,POSITIVE_LOWER_BOUND_WITH_NONZERO_GAP
normal,0.4330127018922193,4.0,3.566987298107781,0.8917468245269452,POSITIVE_LOWER_BOUND_WITH_NONZERO_GAP
ambient,0.0,4.0,4.0,1.0,NO_POSITIVE_LOWER_BOUND_OBTAINED
projected,0.0,3.0,3.0,1.0,NO_POSITIVE_LOWER_BOUND_OBTAINED
normal,0.0,4.0,4.0,1.0,NO_POSITIVE_LOWER_BOUND_OBTAINED
ambient,0.0,4.0,4.0,1.0,NO_POSITIVE_LOWER_BOUND_OBTAINED
projected,0.0,3.0,3.0,1.0,NO_POSITIVE_LOWER_BOUND_OBTAINED
normal,0.0,4.0,4.0,1.0,NO_POSITIVE_LOWER_BOUND_OBTAINED
ambient,0.0,4.0,4.0,1.0,NO_POSITIVE_LOWER_BOUND_OBTAINED
projected,0.0,3.0,3.0,1.0,NO_POSITIVE_LOWER_BOUND_OBTAINED
normal,0.0,4.0,4.0,1.0,NO_POSITIVE_LOWER_BOUND_OBTAINED
ambient,0.9999985000003748,4.0,3.000001499999625,0.7500003749999062,POSITIVE_LOWER_BOUND_WITH_NONZERO_GAP
projected,0.0,3.0,3.0,1.0,NO_POSITIVE_LOWER_BOUND_OBTAINED
normal,0.9999985000003748,4.0,3.000001499999625,0.7500003749999062,POSITIVE_LOWER_BOUND_WITH_NONZERO_GAP
ambient,0.9999985000003748,4.0,3.000001499999625,0.7500003749999062,POSITIVE_LOWER_BOUND_WITH_NONZERO_GAP
projected,0.0,3.0,3.0,1.0,NO_POSITIVE_LOWER_BOUND_OBTAINED
normal,0.9999985000003748,4.0,3.000001499999625,0.7500003749999062,POSITIVE_LOWER_BOUND_WITH_NONZERO_GAP
ambient,0.9999985000003748,4.0,3.000001499999625,0.7500003749999062,POSITIVE_LOWER_BOUND_WITH_NONZERO_GAP
projected,0.0,3.0,3.0,1.0,NO_POSITIVE_LOWER_BOUND_OBTAINED
normal,0.9999985000003748,4.0,3.000001499999625,0.7500003749999062,POSITIVE_LOWER_BOUND_WITH_NONZERO_GAP
ambient,0.9998500037500624,4.0,3.0001499962499376,0.7500374990624844,POSITIVE_LOWER_BOUND_WITH_NONZERO_GAP
projected,0.0,3.0,3.0,1.0,NO_POSITIVE_LOWER_BOUND_OBTAINED
normal,0.9998500037500624,4.0,3.0001499962499376,0.7500374990624844,POSITIVE_LOWER_BOUND_WITH_NONZERO_GAP
ambient,0.9998500037500624,4.0,3.0001499962499376,0.7500374990624844,POSITIVE_LOWER_BOUND_WITH_NONZERO_GAP
projected,0.0,3.0,3.0,1.0,NO_POSITIVE_LOWER_BOUND_OBTAINED
normal,0.9998500037500624,4.0,3.0001499962499376,0.7500374990624844,POSITIVE_LOWER_BOUND_WITH_NONZERO_GAP
ambient,0.9998500037500624,4.0,3.0001499962499376,0.7500374990624844,POSITIVE_LOWER_BOUND_WITH_NONZERO_GAP
projected,0.0,3.0,3.0,1.0,NO_POSITIVE_LOWER_BOUND_OBTAINED
normal,0.9998500037500624,4.0,3.0001499962499376,0.7500374990624844,POSITIVE_LOWER_BOUND_WITH_NONZERO_GAP
ambient,0.9850375627355537,4.0,3.0149624372644466,0.7537406093161116,POSITIVE_LOWER_BOUND_WITH_NONZERO_GAP
projected,0.0,3.0,3.0,1.0,NO_POSITIVE_LOWER_BOUND_OBTAINED
normal,0.9850375627355537,4.0,3.0149624372644466,0.7537406093161116,POSITIVE_LOWER_BOUND_WITH_NONZERO_GAP
ambient,0.9850375627355537,4.0,3.0149624372644466,0.7537406093161116,POSITIVE_LOWER_BOUND_WITH_NONZERO_GAP
projected,0.0,3.0,3.0,1.0,NO_POSITIVE_LOWER_BOUND_OBTAINED
normal,0.9850375627355537,4.0,3.0149624372644466,0.7537406093161116,POSITIVE_LOWER_BOUND_WITH_NONZERO_GAP
ambient,0.9850375627355537,4.0,3.0149624372644466,0.7537406093161116,POSITIVE_LOWER_BOUND_WITH_NONZERO_GAP
projected,0.0,3.0,3.0,1.0,NO_POSITIVE_LOWER_BOUND_OBTAINED
normal,0.9850375627355537,4.0,3.0149624372644466,0.7537406093161116,POSITIVE_LOWER_BOUND_WITH_NONZERO_GAP
ambient,0.6495190528383289,4.0,3.350480947161671,0.8376202367904177,POSITIVE_LOWER_BOUND_WITH_NONZERO_GAP
projected,0.0,3.0,3.0,1.0,NO_POSITIVE_LOWER_BOUND_OBTAINED
normal,0.6495190528383289,4.0,3.350480947161671,0.8376202367904177,POSITIVE_LOWER_BOUND_WITH_NONZERO_GAP
ambient,0.6495190528383289,4.0,3.350480947161671,0.8376202367904177,POSITIVE_LOWER_BOUND_WITH_NONZERO_GAP
projected,0.0,3.0,3.0,1.0,NO_POSITIVE_LOWER_BOUND_OBTAINED
normal,0.6495190528383289,4.0,3.350480947161671,0.8376202367904177,POSITIVE_LOWER_BOUND_WITH_NONZERO_GAP
ambient,0.6495190528383289,4.0,3.350480947161671,0.8376202367904177,POSITIVE_LOWER_BOUND_WITH_NONZERO_GAP
projected,0.0,3.0,3.0,1.0,NO_POSITIVE_LOWER_BOUND_OBTAINED
normal,0.6495190528383289,4.0,3.350480947161671,0.8376202367904177,POSITIVE_LOWER_BOUND_WITH_NONZERO_GAP
ambient,0.0,4.0,4.0,1.0,NO_POSITIVE_LOWER_BOUND_OBTAINED
projected,0.0,3.0,3.0,1.0,NO_POSITIVE_LOWER_BOUND_OBTAINED
normal,0.0,4.0,4.0,1.0,NO_POSITIVE_LOWER_BOUND_OBTAINED
ambient,0.0,4.0,4.0,1.0,NO_POSITIVE_LOWER_BOUND_OBTAINED
projected,0.0,3.0,3.0,1.0,NO_POSITIVE_LOWER_BOUND_OBTAINED
normal,0.0,4.0,4.0,1.0,NO_POSITIVE_LOWER_BOUND_OBTAINED
ambient,0.0,4.0,4.0,1.0,NO_POSITIVE_LOWER_BOUND_OBTAINED
projected,0.0,3.0,3.0,1.0,NO_POSITIVE_LOWER_BOUND_OBTAINED
normal,0.0,4.0,4.0,1.0,NO_POSITIVE_LOWER_BOUND_OBTAINED
ambient,0.9999985000003748,4.0,3.000001499999625,0.7500003749999062,POSITIVE_LOWER_BOUND_WITH_NONZERO_GAP
projected,0.0,3.0,3.0,1.0,NO_POSITIVE_LOWER_BOUND_OBTAINED
normal,0.9999985000003748,4.0,3.000001499999625,0.7500003749999062,POSITIVE_LOWER_BOUND_WITH_NONZERO_GAP
ambient,0.9999985000003748,4.0,3.000001499999625,0.7500003749999062,POSITIVE_LOWER_BOUND_WITH_NONZERO_GAP
projected,0.0,3.0,3.0,1.0,NO_POSITIVE_LOWER_BOUND_OBTAINED
normal,0.9999985000003748,4.0,3.000001499999625,0.7500003749999062,POSITIVE_LOWER_BOUND_WITH_NONZERO_GAP
ambient,0.9999985000003748,4.0,3.000001499999625,0.7500003749999062,POSITIVE_LOWER_BOUND_WITH_NONZERO_GAP
projected,0.0,3.0,3.0,1.0,NO_POSITIVE_LOWER_BOUND_OBTAINED
normal,0.9999985000003748,4.0,3.000001499999625,0.7500003749999062,POSITIVE_LOWER_BOUND_WITH_NONZERO_GAP
ambient,0.9998500037500624,4.0,3.0001499962499376,0.7500374990624844,POSITIVE_LOWER_BOUND_WITH_NONZERO_GAP
projected,0.0,3.0,3.0,1.0,NO_POSITIVE_LOWER_BOUND_OBTAINED
normal,0.9998500037500624,4.0,3.0001499962499376,0.7500374990624844,POSITIVE_LOWER_BOUND_WITH_NONZERO_GAP
ambient,0.9998500037500624,4.0,3.0001499962499376,0.7500374990624844,POSITIVE_LOWER_BOUND_WITH_NONZERO_GAP
projected,0.0,3.0,3.0,1.0,NO_POSITIVE_LOWER_BOUND_OBTAINED
normal,0.9998500037500624,4.0,3.0001499962499376,0.7500374990624844,POSITIVE_LOWER_BOUND_WITH_NONZERO_GAP
ambient,0.9998500037500624,4.0,3.0001499962499376,0.7500374990624844,POSITIVE_LOWER_BOUND_WITH_NONZERO_GAP
projected,0.0,3.0,3.0,1.0,NO_POSITIVE_LOWER_BOUND_OBTAINED
normal,0.9998500037500624,4.0,3.0001499962499376,0.7500374990624844,POSITIVE_LOWER_BOUND_WITH_NONZERO_GAP
ambient,0.9850375627355537,4.0,3.0149624372644466,0.7537406093161116,POSITIVE_LOWER_BOUND_WITH_NONZERO_GAP
projected,0.0,3.0,3.0,1.0,NO_POSITIVE_LOWER_BOUND_OBTAINED
normal,0.9850375627355537,4.0,3.0149624372644466,0.7537406093161116,POSITIVE_LOWER_BOUND_WITH_NONZERO_GAP
ambient,0.9850375627355537,4.0,3.0149624372644466,0.7537406093161116,POSITIVE_LOWER_BOUND_WITH_NONZERO_GAP
projected,0.0,3.0,3.0,1.0,NO_POSITIVE_LOWER_BOUND_OBTAINED
normal,0.9850375627355537,4.0,3.0149624372644466,0.7537406093161116,POSITIVE_LOWER_BOUND_WITH_NONZERO_GAP
ambient,0.9850375627355537,4.0,3.0149624372644466,0.7537406093161116,POSITIVE_LOWER_BOUND_WITH_NONZERO_GAP
projected,0.0,3.0,3.0,1.0,NO_POSITIVE_LOWER_BOUND_OBTAINED
normal,0.9850375627355537,4.0,3.0149624372644466,0.7537406093161116,POSITIVE_LOWER_BOUND_WITH_NONZERO_GAP
ambient,0.6495190528383289,4.0,3.350480947161671,0.8376202367904177,POSITIVE_LOWER_BOUND_WITH_NONZERO_GAP
projected,0.0,3.0,3.0,1.0,NO_POSITIVE_LOWER_BOUND_OBTAINED
normal,0.6495190528383289,4.0,3.350480947161671,0.8376202367904177,POSITIVE_LOWER_BOUND_WITH_NONZERO_GAP
ambient,0.6495190528383289,4.0,3.350480947161671,0.8376202367904177,POSITIVE_LOWER_BOUND_WITH_NONZERO_GAP
projected,0.0,3.0,3.0,1.0,NO_POSITIVE_LOWER_BOUND_OBTAINED
normal,0.6495190528383289,4.0,3.350480947161671,0.8376202367904177,POSITIVE_LOWER_BOUND_WITH_NONZERO_GAP
ambient,0.6495190528383289,4.0,3.350480947161671,0.8376202367904177,POSITIVE_LOWER_BOUND_WITH_NONZERO_GAP
projected,0.0,3.0,3.0,1.0,NO_POSITIVE_LOWER_BOUND_OBTAINED
normal,0.6495190528383289,4.0,3.350480947161671,0.8376202367904177,POSITIVE_LOWER_BOUND_WITH_NONZERO_GAP
ambient,0.0,4.0,4.0,1.0,NO_POSITIVE_LOWER_BOUND_OBTAINED
projected,0.0,3.0,3.0,1.0,NO_POSITIVE_LOWER_BOUND_OBTAINED
normal,0.0,4.0,4.0,1.0,NO_POSITIVE_LOWER_BOUND_OBTAINED
ambient,0.0,4.0,4.0,1.0,NO_POSITIVE_LOWER_BOUND_OBTAINED
projected,0.0,3.0,3.0,1.0,NO_POSITIVE_LOWER_BOUND_OBTAINED
normal,0.0,4.0,4.0,1.0,NO_POSITIVE_LOWER_BOUND_OBTAINED
ambient,0.0,4.0,4.0,1.0,NO_POSITIVE_LOWER_BOUND_OBTAINED
projected,0.0,3.0,3.0,1.0,NO_POSITIVE_LOWER_BOUND_OBTAINED
normal,0.0,4.0,4.0,1.0,NO_POSITIVE_LOWER_BOUND_OBTAINED
ambient,0.9999985000003748,4.0,3.000001499999625,0.7500003749999062,POSITIVE_LOWER_BOUND_WITH_NONZERO_GAP
projected,0.0,3.0,3.0,1.0,NO_POSITIVE_LOWER_BOUND_OBTAINED
normal,0.9999985000003748,4.0,3.000001499999625,0.7500003749999062,POSITIVE_LOWER_BOUND_WITH_NONZERO_GAP
ambient,0.9999985000003748,4.0,3.000001499999625,0.7500003749999062,POSITIVE_LOWER_BOUND_WITH_NONZERO_GAP
projected,0.0,3.0,3.0,1.0,NO_POSITIVE_LOWER_BOUND_OBTAINED
normal,0.9999985000003748,4.0,3.000001499999625,0.7500003749999062,POSITIVE_LOWER_BOUND_WITH_NONZERO_GAP
ambient,0.9999985000003748,4.0,3.000001499999625,0.7500003749999062,POSITIVE_LOWER_BOUND_WITH_NONZERO_GAP
projected,0.0,3.0,3.0,1.0,NO_POSITIVE_LOWER_BOUND_OBTAINED
normal,0.9999985000003748,4.0,3.000001499999625,0.7500003749999062,POSITIVE_LOWER_BOUND_WITH_NONZERO_GAP
ambient,0.9998500037500624,4.0,3.0001499962499376,0.7500374990624844,POSITIVE_LOWER_BOUND_WITH_NONZERO_GAP
projected,0.0,3.0,3.0,1.0,NO_POSITIVE_LOWER_BOUND_OBTAINED
normal,0.9998500037500624,4.0,3.0001499962499376,0.7500374990624844,POSITIVE_LOWER_BOUND_WITH_NONZERO_GAP
ambient,0.9998500037500624,4.0,3.0001499962499376,0.7500374990624844,POSITIVE_LOWER_BOUND_WITH_NONZERO_GAP
projected,0.0,3.0,3.0,1.0,NO_POSITIVE_LOWER_BOUND_OBTAINED
normal,0.9998500037500624,4.0,3.0001499962499376,0.7500374990624844,POSITIVE_LOWER_BOUND_WITH_NONZERO_GAP
ambient,0.9998500037500624,4.0,3.0001499962499376,0.7500374990624844,POSITIVE_LOWER_BOUND_WITH_NONZERO_GAP
projected,0.0,3.0,3.0,1.0,NO_POSITIVE_LOWER_BOUND_OBTAINED
normal,0.9998500037500624,4.0,3.0001499962499376,0.7500374990624844,POSITIVE_LOWER_BOUND_WITH_NONZERO_GAP
ambient,0.9850375627355537,4.0,3.0149624372644466,0.7537406093161116,POSITIVE_LOWER_BOUND_WITH_NONZERO_GAP
projected,0.0,3.0,3.0,1.0,NO_POSITIVE_LOWER_BOUND_OBTAINED
normal,0.9850375627355537,4.0,3.0149624372644466,0.7537406093161116,POSITIVE_LOWER_BOUND_WITH_NONZERO_GAP
ambient,0.9850375627355537,4.0,3.0149624372644466,0.7537406093161116,POSITIVE_LOWER_BOUND_WITH_NONZERO_GAP
projected,0.0,3.0,3.0,1.0,NO_POSITIVE_LOWER_BOUND_OBTAINED
normal,0.9850375627355537,4.0,3.0149624372644466,0.7537406093161116,POSITIVE_LOWER_BOUND_WITH_NONZERO_GAP
ambient,0.9850375627355537,4.0,3.0149624372644466,0.7537406093161116,POSITIVE_LOWER_BOUND_WITH_NONZERO_GAP
projected,0.0,3.0,3.0,1.0,NO_POSITIVE_LOWER_BOUND_OBTAINED
normal,0.9850375627355537,4.0,3.0149624372644466,0.7537406093161116,POSITIVE_LOWER_BOUND_WITH_NONZERO_GAP
ambient,0.6495190528383289,4.0,3.350480947161671,0.8376202367904177,POSITIVE_LOWER_BOUND_WITH_NONZERO_GAP
projected,0.0,3.0,3.0,1.0,NO_POSITIVE_LOWER_BOUND_OBTAINED
normal,0.6495190528383289,4.0,3.350480947161671,0.8376202367904177,POSITIVE_LOWER_BOUND_WITH_NONZERO_GAP
ambient,0.6495190528383289,4.0,3.350480947161671,0.8376202367904177,POSITIVE_LOWER_BOUND_WITH_NONZERO_GAP
projected,0.0,3.0,3.0,1.0,NO_POSITIVE_LOWER_BOUND_OBTAINED
normal,0.6495190528383289,4.0,3.350480947161671,0.8376202367904177,POSITIVE_LOWER_BOUND_WITH_NONZERO_GAP
ambient,0.6495190528383289,4.0,3.350480947161671,0.8376202367904177,POSITIVE_LOWER_BOUND_WITH_NONZERO_GAP
projected,0.0,3.0,3.0,1.0,NO_POSITIVE_LOWER_BOUND_OBTAINED
normal,0.6495190528383289,4.0,3.350480947161671,0.8376202367904177,POSITIVE_LOWER_BOUND_WITH_NONZERO_GAP
ambient,0.0,4.0,4.0,1.0,NO_POSITIVE_LOWER_BOUND_OBTAINED
projected,0.0,3.0,3.0,1.0,NO_POSITIVE_LOWER_BOUND_OBTAINED
normal,0.0,4.0,4.0,1.0,NO_POSITIVE_LOWER_BOUND_OBTAINED
ambient,0.0,4.0,4.0,1.0,NO_POSITIVE_LOWER_BOUND_OBTAINED
projected,0.0,3.0,3.0,1.0,NO_POSITIVE_LOWER_BOUND_OBTAINED
normal,0.0,4.0,4.0,1.0,NO_POSITIVE_LOWER_BOUND_OBTAINED
ambient,0.0,4.0,4.0,1.0,NO_POSITIVE_LOWER_BOUND_OBTAINED
projected,0.0,3.0,3.0,1.0,NO_POSITIVE_LOWER_BOUND_OBTAINED
normal,0.0,4.0,4.0,1.0,NO_POSITIVE_LOWER_BOUND_OBTAINED
ambient,0.999998000001,4.0,3.000001999999,0.75000049999975,POSITIVE_LOWER_BOUND_WITH_NONZERO_GAP
projected,0.000999999,3.0,2.999000001,0.999666667,POSITIVE_LOWER_BOUND_WITH_NONZERO_GAP
normal,0.999997500000875,4.0,3.000002499999125,0.7500006249997813,POSITIVE_LOWER_BOUND_WITH_NONZERO_GAP
ambient,0.999998000001,4.0,3.000001999999,0.75000049999975,POSITIVE_LOWER_BOUND_WITH_NONZERO_GAP
projected,0.000999999,3.0,2.999000001,0.999666667,POSITIVE_LOWER_BOUND_WITH_NONZERO_GAP
normal,0.999997500000875,4.0,3.000002499999125,0.7500006249997813,POSITIVE_LOWER_BOUND_WITH_NONZERO_GAP
ambient,0.999998000001,4.0,3.000001999999,0.75000049999975,POSITIVE_LOWER_BOUND_WITH_NONZERO_GAP
projected,0.000999999,3.0,2.999000001,0.999666667,POSITIVE_LOWER_BOUND_WITH_NONZERO_GAP
normal,0.999997500000875,4.0,3.000002499999125,0.7500006249997813,POSITIVE_LOWER_BOUND_WITH_NONZERO_GAP
ambient,0.9998000100005,4.0,3.0001999899995,0.750049997499875,POSITIVE_LOWER_BOUND_WITH_NONZERO_GAP
projected,0.009999,3.0,2.990001,0.996667,POSITIVE_LOWER_BOUND_WITH_NONZERO_GAP
normal,0.9997500087501876,4.0,3.0002499912498126,0.7500624978124532,POSITIVE_LOWER_BOUND_WITH_NONZERO_GAP
ambient,0.9998000100005,4.0,3.0001999899995,0.750049997499875,POSITIVE_LOWER_BOUND_WITH_NONZERO_GAP
projected,0.009999,3.0,2.990001,0.996667,POSITIVE_LOWER_BOUND_WITH_NONZERO_GAP
normal,0.9997500087501876,4.0,3.0002499912498126,0.7500624978124532,POSITIVE_LOWER_BOUND_WITH_NONZERO_GAP
ambient,0.9998000100005,4.0,3.0001999899995,0.750049997499875,POSITIVE_LOWER_BOUND_WITH_NONZERO_GAP
projected,0.009999,3.0,2.990001,0.996667,POSITIVE_LOWER_BOUND_WITH_NONZERO_GAP
normal,0.9997500087501876,4.0,3.0002499912498126,0.7500624978124532,POSITIVE_LOWER_BOUND_WITH_NONZERO_GAP
ambient,0.9801005050503748,4.0,3.019899494949625,0.7549748737374062,POSITIVE_LOWER_BOUND_WITH_NONZERO_GAP
projected,0.0989999999999999,3.0,2.901,0.967,POSITIVE_LOWER_BOUND_WITH_NONZERO_GAP
normal,0.9750876883644874,4.0,3.024912311635513,0.7562280779088781,POSITIVE_LOWER_BOUND_WITH_NONZERO_GAP
ambient,0.9801005050503748,4.0,3.019899494949625,0.7549748737374062,POSITIVE_LOWER_BOUND_WITH_NONZERO_GAP
projected,0.0989999999999999,3.0,2.901,0.967,POSITIVE_LOWER_BOUND_WITH_NONZERO_GAP
normal,0.9750876883644874,4.0,3.024912311635513,0.7562280779088781,POSITIVE_LOWER_BOUND_WITH_NONZERO_GAP
ambient,0.9801005050503748,4.0,3.019899494949625,0.7549748737374062,POSITIVE_LOWER_BOUND_WITH_NONZERO_GAP
projected,0.0989999999999999,3.0,2.901,0.967,POSITIVE_LOWER_BOUND_WITH_NONZERO_GAP
normal,0.9750876883644874,4.0,3.024912311635513,0.7562280779088781,POSITIVE_LOWER_BOUND_WITH_NONZERO_GAP
ambient,0.57282196186948,4.0,3.42717803813052,0.85679450953263,POSITIVE_LOWER_BOUND_WITH_NONZERO_GAP
projected,0.3749999999999999,3.0,2.625,0.875,POSITIVE_LOWER_BOUND_WITH_NONZERO_GAP
normal,0.4330127018922193,4.0,3.566987298107781,0.8917468245269452,POSITIVE_LOWER_BOUND_WITH_NONZERO_GAP
ambient,0.57282196186948,4.0,3.42717803813052,0.85679450953263,POSITIVE_LOWER_BOUND_WITH_NONZERO_GAP
projected,0.3749999999999999,3.0,2.625,0.875,POSITIVE_LOWER_BOUND_WITH_NONZERO_GAP
normal,0.4330127018922193,4.0,3.566987298107781,0.8917468245269452,POSITIVE_LOWER_BOUND_WITH_NONZERO_GAP
ambient,0.57282196186948,4.0,3.42717803813052,0.85679450953263,POSITIVE_LOWER_BOUND_WITH_NONZERO_GAP
projected,0.3749999999999999,3.0,2.625,0.875,POSITIVE_LOWER_BOUND_WITH_NONZERO_GAP
normal,0.4330127018922193,4.0,3.566987298107781,0.8917468245269452,POSITIVE_LOWER_BOUND_WITH_NONZERO_GAP
ambient,0.0,4.0,4.0,1.0,NO_POSITIVE_LOWER_BOUND_OBTAINED
projected,0.0,3.0,3.0,1.0,NO_POSITIVE_LOWER_BOUND_OBTAINED
normal,0.0,4.0,4.0,1.0,NO_POSITIVE_LOWER_BOUND_OBTAINED
ambient,0.0,4.0,4.0,1.0,NO_POSITIVE_LOWER_BOUND_OBTAINED
projected,0.0,3.0,3.0,1.0,NO_POSITIVE_LOWER_BOUND_OBTAINED
normal,0.0,4.0,4.0,1.0,NO_POSITIVE_LOWER_BOUND_OBTAINED
ambient,0.0,4.0,4.0,1.0,NO_POSITIVE_LOWER_BOUND_OBTAINED
projected,0.0,3.0,3.0,1.0,NO_POSITIVE_LOWER_BOUND_OBTAINED
normal,0.0,4.0,4.0,1.0,NO_POSITIVE_LOWER_BOUND_OBTAINED
ambient,0.999998000001,4.0,3.000001999999,0.75000049999975,POSITIVE_LOWER_BOUND_WITH_NONZERO_GAP
projected,0.000999999,3.0,2.999000001,0.999666667,POSITIVE_LOWER_BOUND_WITH_NONZERO_GAP
normal,0.999997500000875,4.0,3.000002499999125,0.7500006249997813,POSITIVE_LOWER_BOUND_WITH_NONZERO_GAP
ambient,0.999998000001,4.0,3.000001999999,0.75000049999975,POSITIVE_LOWER_BOUND_WITH_NONZERO_GAP
projected,0.000999999,3.0,2.999000001,0.999666667,POSITIVE_LOWER_BOUND_WITH_NONZERO_GAP
normal,0.999997500000875,4.0,3.000002499999125,0.7500006249997813,POSITIVE_LOWER_BOUND_WITH_NONZERO_GAP
ambient,0.999998000001,4.0,3.000001999999,0.75000049999975,POSITIVE_LOWER_BOUND_WITH_NONZERO_GAP
projected,0.000999999,3.0,2.999000001,0.999666667,POSITIVE_LOWER_BOUND_WITH_NONZERO_GAP
normal,0.999997500000875,4.0,3.000002499999125,0.7500006249997813,POSITIVE_LOWER_BOUND_WITH_NONZERO_GAP
ambient,0.9998000100005,4.0,3.0001999899995,0.750049997499875,POSITIVE_LOWER_BOUND_WITH_NONZERO_GAP
projected,0.009999,3.0,2.990001,0.996667,POSITIVE_LOWER_BOUND_WITH_NONZERO_GAP
normal,0.9997500087501876,4.0,3.0002499912498126,0.7500624978124532,POSITIVE_LOWER_BOUND_WITH_NONZERO_GAP
ambient,0.9998000100005,4.0,3.0001999899995,0.750049997499875,POSITIVE_LOWER_BOUND_WITH_NONZERO_GAP
projected,0.009999,3.0,2.990001,0.996667,POSITIVE_LOWER_BOUND_WITH_NONZERO_GAP
normal,0.9997500087501876,4.0,3.0002499912498126,0.7500624978124532,POSITIVE_LOWER_BOUND_WITH_NONZERO_GAP
ambient,0.9998000100005,4.0,3.0001999899995,0.750049997499875,POSITIVE_LOWER_BOUND_WITH_NONZERO_GAP
projected,0.009999,3.0,2.990001,0.996667,POSITIVE_LOWER_BOUND_WITH_NONZERO_GAP
normal,0.9997500087501876,4.0,3.0002499912498126,0.7500624978124532,POSITIVE_LOWER_BOUND_WITH_NONZERO_GAP
ambient,0.9801005050503748,4.0,3.019899494949625,0.7549748737374062,POSITIVE_LOWER_BOUND_WITH_NONZERO_GAP
projected,0.0989999999999999,3.0,2.901,0.967,POSITIVE_LOWER_BOUND_WITH_NONZERO_GAP
normal,0.9750876883644874,4.0,3.024912311635513,0.7562280779088781,POSITIVE_LOWER_BOUND_WITH_NONZERO_GAP
ambient,0.9801005050503748,4.0,3.019899494949625,0.7549748737374062,POSITIVE_LOWER_BOUND_WITH_NONZERO_GAP
projected,0.0989999999999999,3.0,2.901,0.967,POSITIVE_LOWER_BOUND_WITH_NONZERO_GAP
normal,0.9750876883644874,4.0,3.024912311635513,0.7562280779088781,POSITIVE_LOWER_BOUND_WITH_NONZERO_GAP
ambient,0.9801005050503748,4.0,3.019899494949625,0.7549748737374062,POSITIVE_LOWER_BOUND_WITH_NONZERO_GAP
projected,0.0989999999999999,3.0,2.901,0.967,POSITIVE_LOWER_BOUND_WITH_NONZERO_GAP
normal,0.9750876883644874,4.0,3.024912311635513,0.7562280779088781,POSITIVE_LOWER_BOUND_WITH_NONZERO_GAP
ambient,0.57282196186948,4.0,3.42717803813052,0.85679450953263,POSITIVE_LOWER_BOUND_WITH_NONZERO_GAP
projected,0.3749999999999999,3.0,2.625,0.875,POSITIVE_LOWER_BOUND_WITH_NONZERO_GAP
normal,0.4330127018922193,4.0,3.566987298107781,0.8917468245269452,POSITIVE_LOWER_BOUND_WITH_NONZERO_GAP
ambient,0.57282196186948,4.0,3.42717803813052,0.85679450953263,POSITIVE_LOWER_BOUND_WITH_NONZERO_GAP
projected,0.3749999999999999,3.0,2.625,0.875,POSITIVE_LOWER_BOUND_WITH_NONZERO_GAP
normal,0.4330127018922193,4.0,3.566987298107781,0.8917468245269452,POSITIVE_LOWER_BOUND_WITH_NONZERO_GAP
ambient,0.57282196186948,4.0,3.42717803813052,0.85679450953263,POSITIVE_LOWER_BOUND_WITH_NONZERO_GAP
projected,0.3749999999999999,3.0,2.625,0.875,POSITIVE_LOWER_BOUND_WITH_NONZERO_GAP
normal,0.4330127018922193,4.0,3.566987298107781,0.8917468245269452,POSITIVE_LOWER_BOUND_WITH_NONZERO_GAP
ambient,0.0,4.0,4.0,1.0,NO_POSITIVE_LOWER_BOUND_OBTAINED
projected,0.0,3.0,3.0,1.0,NO_POSITIVE_LOWER_BOUND_OBTAINED
normal,0.0,4.0,4.0,1.0,NO_POSITIVE_LOWER_BOUND_OBTAINED
ambient,0.0,4.0,4.0,1.0,NO_POSITIVE_LOWER_BOUND_OBTAINED
projected,0.0,3.0,3.0,1.0,NO_POSITIVE_LOWER_BOUND_OBTAINED
normal,0.0,4.0,4.0,1.0,NO_POSITIVE_LOWER_BOUND_OBTAINED
ambient,0.0,4.0,4.0,1.0,NO_POSITIVE_LOWER_BOUND_OBTAINED
projected,0.0,3.0,3.0,1.0,NO_POSITIVE_LOWER_BOUND_OBTAINED
normal,0.0,4.0,4.0,1.0,NO_POSITIVE_LOWER_BOUND_OBTAINED
ambient,0.999998000001,4.0,3.000001999999,0.75000049999975,POSITIVE_LOWER_BOUND_WITH_NONZERO_GAP
projected,0.000999999,3.0,2.999000001,0.999666667,POSITIVE_LOWER_BOUND_WITH_NONZERO_GAP
normal,0.999997500000875,4.0,3.000002499999125,0.7500006249997813,POSITIVE_LOWER_BOUND_WITH_NONZERO_GAP
ambient,0.999998000001,4.0,3.000001999999,0.75000049999975,POSITIVE_LOWER_BOUND_WITH_NONZERO_GAP
projected,0.000999999,3.0,2.999000001,0.999666667,POSITIVE_LOWER_BOUND_WITH_NONZERO_GAP
normal,0.999997500000875,4.0,3.000002499999125,0.7500006249997813,POSITIVE_LOWER_BOUND_WITH_NONZERO_GAP
ambient,0.999998000001,4.0,3.000001999999,0.75000049999975,POSITIVE_LOWER_BOUND_WITH_NONZERO_GAP
projected,0.000999999,3.0,2.999000001,0.999666667,POSITIVE_LOWER_BOUND_WITH_NONZERO_GAP
normal,0.999997500000875,4.0,3.000002499999125,0.7500006249997813,POSITIVE_LOWER_BOUND_WITH_NONZERO_GAP
ambient,0.9998000100005,4.0,3.0001999899995,0.750049997499875,POSITIVE_LOWER_BOUND_WITH_NONZERO_GAP
projected,0.009999,3.0,2.990001,0.996667,POSITIVE_LOWER_BOUND_WITH_NONZERO_GAP
normal,0.9997500087501876,4.0,3.0002499912498126,0.7500624978124532,POSITIVE_LOWER_BOUND_WITH_NONZERO_GAP
ambient,0.9998000100005,4.0,3.0001999899995,0.750049997499875,POSITIVE_LOWER_BOUND_WITH_NONZERO_GAP
projected,0.009999,3.0,2.990001,0.996667,POSITIVE_LOWER_BOUND_WITH_NONZERO_GAP
normal,0.9997500087501876,4.0,3.0002499912498126,0.7500624978124532,POSITIVE_LOWER_BOUND_WITH_NONZERO_GAP
ambient,0.9998000100005,4.0,3.0001999899995,0.750049997499875,POSITIVE_LOWER_BOUND_WITH_NONZERO_GAP
projected,0.009999,3.0,2.990001,0.996667,POSITIVE_LOWER_BOUND_WITH_NONZERO_GAP
normal,0.9997500087501876,4.0,3.0002499912498126,0.7500624978124532,POSITIVE_LOWER_BOUND_WITH_NONZERO_GAP
ambient,0.9801005050503748,4.0,3.019899494949625,0.7549748737374062,POSITIVE_LOWER_BOUND_WITH_NONZERO_GAP
projected,0.0989999999999999,3.0,2.901,0.967,POSITIVE_LOWER_BOUND_WITH_NONZERO_GAP
normal,0.9750876883644874,4.0,3.024912311635513,0.7562280779088781,POSITIVE_LOWER_BOUND_WITH_NONZERO_GAP
ambient,0.9801005050503748,4.0,3.019899494949625,0.7549748737374062,POSITIVE_LOWER_BOUND_WITH_NONZERO_GAP
projected,0.0989999999999999,3.0,2.901,0.967,POSITIVE_LOWER_BOUND_WITH_NONZERO_GAP
normal,0.9750876883644874,4.0,3.024912311635513,0.7562280779088781,POSITIVE_LOWER_BOUND_WITH_NONZERO_GAP
ambient,0.9801005050503748,4.0,3.019899494949625,0.7549748737374062,POSITIVE_LOWER_BOUND_WITH_NONZERO_GAP
projected,0.0989999999999999,3.0,2.901,0.967,POSITIVE_LOWER_BOUND_WITH_NONZERO_GAP
normal,0.9750876883644874,4.0,3.024912311635513,0.7562280779088781,POSITIVE_LOWER_BOUND_WITH_NONZERO_GAP
ambient,0.57282196186948,4.0,3.42717803813052,0.85679450953263,POSITIVE_LOWER_BOUND_WITH_NONZERO_GAP
projected,0.3749999999999999,3.0,2.625,0.875,POSITIVE_LOWER_BOUND_WITH_NONZERO_GAP
normal,0.4330127018922193,4.0,3.566987298107781,0.8917468245269452,POSITIVE_LOWER_BOUND_WITH_NONZERO_GAP
ambient,0.57282196186948,4.0,3.42717803813052,0.85679450953263,POSITIVE_LOWER_BOUND_WITH_NONZERO_GAP
projected,0.3749999999999999,3.0,2.625,0.875,POSITIVE_LOWER_BOUND_WITH_NONZERO_GAP
normal,0.4330127018922193,4.0,3.566987298107781,0.8917468245269452,POSITIVE_LOWER_BOUND_WITH_NONZERO_GAP
ambient,0.57282196186948,4.0,3.42717803813052,0.85679450953263,POSITIVE_LOWER_BOUND_WITH_NONZERO_GAP
projected,0.3749999999999999,3.0,2.625,0.875,POSITIVE_LOWER_BOUND_WITH_NONZERO_GAP
normal,0.4330127018922193,4.0,3.566987298107781,0.8917468245269452,POSITIVE_LOWER_BOUND_WITH_NONZERO_GAP
ambient,0.0,4.0,4.0,1.0,NO_POSITIVE_LOWER_BOUND_OBTAINED
projected,0.0,3.0,3.0,1.0,NO_POSITIVE_LOWER_BOUND_OBTAINED
normal,0.0,4.0,4.0,1.0,NO_POSITIVE_LOWER_BOUND_OBTAINED
ambient,0.0,4.0,4.0,1.0,NO_POSITIVE_LOWER_BOUND_OBTAINED
projected,0.0,3.0,3.0,1.0,NO_POSITIVE_LOWER_BOUND_OBTAINED
normal,0.0,4.0,4.0,1.0,NO_POSITIVE_LOWER_BOUND_OBTAINED
ambient,0.0,4.0,4.0,1.0,NO_POSITIVE_LOWER_BOUND_OBTAINED
projected,0.0,3.0,3.0,1.0,NO_POSITIVE_LOWER_BOUND_OBTAINED
normal,0.0,4.0,4.0,1.0,NO_POSITIVE_LOWER_BOUND_OBTAINED
ambient,0.999998000001,4.0,3.000001999999,0.75000049999975,POSITIVE_LOWER_BOUND_WITH_NONZERO_GAP
projected,0.000999999,3.0,2.999000001,0.999666667,POSITIVE_LOWER_BOUND_WITH_NONZERO_GAP
normal,0.999997500000875,4.0,3.000002499999125,0.7500006249997813,POSITIVE_LOWER_BOUND_WITH_NONZERO_GAP
ambient,0.999998000001,4.0,3.000001999999,0.75000049999975,POSITIVE_LOWER_BOUND_WITH_NONZERO_GAP
projected,0.000999999,3.0,2.999000001,0.999666667,POSITIVE_LOWER_BOUND_WITH_NONZERO_GAP
normal,0.999997500000875,4.0,3.000002499999125,0.7500006249997813,POSITIVE_LOWER_BOUND_WITH_NONZERO_GAP
ambient,0.999998000001,4.0,3.000001999999,0.75000049999975,POSITIVE_LOWER_BOUND_WITH_NONZERO_GAP
projected,0.000999999,3.0,2.999000001,0.999666667,POSITIVE_LOWER_BOUND_WITH_NONZERO_GAP
normal,0.999997500000875,4.0,3.000002499999125,0.7500006249997813,POSITIVE_LOWER_BOUND_WITH_NONZERO_GAP
ambient,0.9998000100005,4.0,3.0001999899995,0.750049997499875,POSITIVE_LOWER_BOUND_WITH_NONZERO_GAP
projected,0.009999,3.0,2.990001,0.996667,POSITIVE_LOWER_BOUND_WITH_NONZERO_GAP
normal,0.9997500087501876,4.0,3.0002499912498126,0.7500624978124532,POSITIVE_LOWER_BOUND_WITH_NONZERO_GAP
ambient,0.9998000100005,4.0,3.0001999899995,0.750049997499875,POSITIVE_LOWER_BOUND_WITH_NONZERO_GAP
projected,0.009999,3.0,2.990001,0.996667,POSITIVE_LOWER_BOUND_WITH_NONZERO_GAP
normal,0.9997500087501876,4.0,3.0002499912498126,0.7500624978124532,POSITIVE_LOWER_BOUND_WITH_NONZERO_GAP
ambient,0.9998000100005,4.0,3.0001999899995,0.750049997499875,POSITIVE_LOWER_BOUND_WITH_NONZERO_GAP
projected,0.009999,3.0,2.990001,0.996667,POSITIVE_LOWER_BOUND_WITH_NONZERO_GAP
normal,0.9997500087501876,4.0,3.0002499912498126,0.7500624978124532,POSITIVE_LOWER_BOUND_WITH_NONZERO_GAP
ambient,0.9801005050503748,4.0,3.019899494949625,0.7549748737374062,POSITIVE_LOWER_BOUND_WITH_NONZERO_GAP
projected,0.0989999999999999,3.0,2.901,0.967,POSITIVE_LOWER_BOUND_WITH_NONZERO_GAP
normal,0.9750876883644874,4.0,3.024912311635513,0.7562280779088781,POSITIVE_LOWER_BOUND_WITH_NONZERO_GAP
ambient,0.9801005050503748,4.0,3.019899494949625,0.7549748737374062,POSITIVE_LOWER_BOUND_WITH_NONZERO_GAP
projected,0.0989999999999999,3.0,2.901,0.967,POSITIVE_LOWER_BOUND_WITH_NONZERO_GAP
normal,0.9750876883644874,4.0,3.024912311635513,0.7562280779088781,POSITIVE_LOWER_BOUND_WITH_NONZERO_GAP
ambient,0.9801005050503748,4.0,3.019899494949625,0.7549748737374062,POSITIVE_LOWER_BOUND_WITH_NONZERO_GAP
projected,0.0989999999999999,3.0,2.901,0.967,POSITIVE_LOWER_BOUND_WITH_NONZERO_GAP
normal,0.9750876883644874,4.0,3.024912311635513,0.7562280779088781,POSITIVE_LOWER_BOUND_WITH_NONZERO_GAP
ambient,0.57282196186948,4.0,3.42717803813052,0.85679450953263,POSITIVE_LOWER_BOUND_WITH_NONZERO_GAP
projected,0.3749999999999999,3.0,2.625,0.875,POSITIVE_LOWER_BOUND_WITH_NONZERO_GAP
normal,0.4330127018922193,4.0,3.566987298107781,0.8917468245269452,POSITIVE_LOWER_BOUND_WITH_NONZERO_GAP
ambient,0.57282196186948,4.0,3.42717803813052,0.85679450953263,POSITIVE_LOWER_BOUND_WITH_NONZERO_GAP
projected,0.3749999999999999,3.0,2.625,0.875,POSITIVE_LOWER_BOUND_WITH_NONZERO_GAP
normal,0.4330127018922193,4.0,3.566987298107781,0.8917468245269452,POSITIVE_LOWER_BOUND_WITH_NONZERO_GAP
ambient,0.57282196186948,4.0,3.42717803813052,0.85679450953263,POSITIVE_LOWER_BOUND_WITH_NONZERO_GAP
projected,0.3749999999999999,3.0,2.625,0.875,POSITIVE_LOWER_BOUND_WITH_NONZERO_GAP
normal,0.4330127018922193,4.0,3.566987298107781,0.8917468245269452,POSITIVE_LOWER_BOUND_WITH_NONZERO_GAP
ambient,0.0,4.0,4.0,1.0,NO_POSITIVE_LOWER_BOUND_OBTAINED
projected,0.0,3.0,3.0,1.0,NO_POSITIVE_LOWER_BOUND_OBTAINED
normal,0.0,4.0,4.0,1.0,NO_POSITIVE_LOWER_BOUND_OBTAINED
ambient,0.0,4.0,4.0,1.0,NO_POSITIVE_LOWER_BOUND_OBTAINED
projected,0.0,3.0,3.0,1.0,NO_POSITIVE_LOWER_BOUND_OBTAINED
normal,0.0,4.0,4.0,1.0,NO_POSITIVE_LOWER_BOUND_OBTAINED
ambient,0.0,4.0,4.0,1.0,NO_POSITIVE_LOWER_BOUND_OBTAINED
projected,0.0,3.0,3.0,1.0,NO_POSITIVE_LOWER_BOUND_OBTAINED
normal,0.0,4.0,4.0,1.0,NO_POSITIVE_LOWER_BOUND_OBTAINED
ambient,0.999998000001,4.0,3.000001999999,0.75000049999975,POSITIVE_LOWER_BOUND_WITH_NONZERO_GAP
projected,0.000999999,3.0,2.999000001,0.999666667,POSITIVE_LOWER_BOUND_WITH_NONZERO_GAP
normal,0.999997500000875,4.0,3.000002499999125,0.7500006249997813,POSITIVE_LOWER_BOUND_WITH_NONZERO_GAP
ambient,0.999998000001,4.0,3.000001999999,0.75000049999975,POSITIVE_LOWER_BOUND_WITH_NONZERO_GAP
projected,0.000999999,3.0,2.999000001,0.999666667,POSITIVE_LOWER_BOUND_WITH_NONZERO_GAP
normal,0.999997500000875,4.0,3.000002499999125,0.7500006249997813,POSITIVE_LOWER_BOUND_WITH_NONZERO_GAP
ambient,0.999998000001,4.0,3.000001999999,0.75000049999975,POSITIVE_LOWER_BOUND_WITH_NONZERO_GAP
projected,0.000999999,3.0,2.999000001,0.999666667,POSITIVE_LOWER_BOUND_WITH_NONZERO_GAP
normal,0.999997500000875,4.0,3.000002499999125,0.7500006249997813,POSITIVE_LOWER_BOUND_WITH_NONZERO_GAP
ambient,0.9998000100005,4.0,3.0001999899995,0.750049997499875,POSITIVE_LOWER_BOUND_WITH_NONZERO_GAP
projected,0.009999,3.0,2.990001,0.996667,POSITIVE_LOWER_BOUND_WITH_NONZERO_GAP
normal,0.9997500087501876,4.0,3.0002499912498126,0.7500624978124532,POSITIVE_LOWER_BOUND_WITH_NONZERO_GAP
ambient,0.9998000100005,4.0,3.0001999899995,0.750049997499875,POSITIVE_LOWER_BOUND_WITH_NONZERO_GAP
projected,0.009999,3.0,2.990001,0.996667,POSITIVE_LOWER_BOUND_WITH_NONZERO_GAP
normal,0.9997500087501876,4.0,3.0002499912498126,0.7500624978124532,POSITIVE_LOWER_BOUND_WITH_NONZERO_GAP
ambient,0.9998000100005,4.0,3.0001999899995,0.750049997499875,POSITIVE_LOWER_BOUND_WITH_NONZERO_GAP
projected,0.009999,3.0,2.990001,0.996667,POSITIVE_LOWER_BOUND_WITH_NONZERO_GAP
normal,0.9997500087501876,4.0,3.0002499912498126,0.7500624978124532,POSITIVE_LOWER_BOUND_WITH_NONZERO_GAP
ambient,0.9801005050503748,4.0,3.019899494949625,0.7549748737374062,POSITIVE_LOWER_BOUND_WITH_NONZERO_GAP
projected,0.0989999999999999,3.0,2.901,0.967,POSITIVE_LOWER_BOUND_WITH_NONZERO_GAP
normal,0.9750876883644874,4.0,3.024912311635513,0.7562280779088781,POSITIVE_LOWER_BOUND_WITH_NONZERO_GAP
ambient,0.9801005050503748,4.0,3.019899494949625,0.7549748737374062,POSITIVE_LOWER_BOUND_WITH_NONZERO_GAP
projected,0.0989999999999999,3.0,2.901,0.967,POSITIVE_LOWER_BOUND_WITH_NONZERO_GAP
normal,0.9750876883644874,4.0,3.024912311635513,0.7562280779088781,POSITIVE_LOWER_BOUND_WITH_NONZERO_GAP
ambient,0.9801005050503748,4.0,3.019899494949625,0.7549748737374062,POSITIVE_LOWER_BOUND_WITH_NONZERO_GAP
projected,0.0989999999999999,3.0,2.901,0.967,POSITIVE_LOWER_BOUND_WITH_NONZERO_GAP
normal,0.9750876883644874,4.0,3.024912311635513,0.7562280779088781,POSITIVE_LOWER_BOUND_WITH_NONZERO_GAP
ambient,0.57282196186948,4.0,3.42717803813052,0.85679450953263,POSITIVE_LOWER_BOUND_WITH_NONZERO_GAP
projected,0.3749999999999999,3.0,2.625,0.875,POSITIVE_LOWER_BOUND_WITH_NONZERO_GAP
normal,0.4330127018922193,4.0,3.566987298107781,0.8917468245269452,POSITIVE_LOWER_BOUND_WITH_NONZERO_GAP
ambient,0.57282196186948,4.0,3.42717803813052,0.85679450953263,POSITIVE_LOWER_BOUND_WITH_NONZERO_GAP
projected,0.3749999999999999,3.0,2.625,0.875,POSITIVE_LOWER_BOUND_WITH_NONZERO_GAP
normal,0.4330127018922193,4.0,3.566987298107781,0.8917468245269452,POSITIVE_LOWER_BOUND_WITH_NONZERO_GAP
ambient,0.57282196186948,4.0,3.42717803813052,0.85679450953263,POSITIVE_LOWER_BOUND_WITH_NONZERO_GAP
projected,0.3749999999999999,3.0,2.625,0.875,POSITIVE_LOWER_BOUND_WITH_NONZERO_GAP
normal,0.4330127018922193,4.0,3.566987298107781,0.8917468245269452,POSITIVE_LOWER_BOUND_WITH_NONZERO_GAP
ambient,0.0,4.0,4.0,1.0,NO_POSITIVE_LOWER_BOUND_OBTAINED
projected,0.0,3.0,3.0,1.0,NO_POSITIVE_LOWER_BOUND_OBTAINED
normal,0.0,4.0,4.0,1.0,NO_POSITIVE_LOWER_BOUND_OBTAINED
ambient,0.0,4.0,4.0,1.0,NO_POSITIVE_LOWER_BOUND_OBTAINED
projected,0.0,3.0,3.0,1.0,NO_POSITIVE_LOWER_BOUND_OBTAINED
normal,0.0,4.0,4.0,1.0,NO_POSITIVE_LOWER_BOUND_OBTAINED
ambient,0.0,4.0,4.0,1.0,NO_POSITIVE_LOWER_BOUND_OBTAINED
projected,0.0,3.0,3.0,1.0,NO_POSITIVE_LOWER_BOUND_OBTAINED
normal,0.0,4.0,4.0,1.0,NO_POSITIVE_LOWER_BOUND_OBTAINED
ambient,1.0000000000029998,4.0,2.999999999997,0.74999999999925,POSITIVE_LOWER_BOUND_WITH_NONZERO_GAP
projected,0.002999997,3.0,2.997000003,0.999000001,POSITIVE_LOWER_BOUND_WITH_NONZERO_GAP
normal,0.999995500001875,4.0,3.000004499998125,0.7500011249995313,POSITIVE_LOWER_BOUND_WITH_NONZERO_GAP
ambient,1.0000000000029998,4.0,2.999999999997,0.74999999999925,POSITIVE_LOWER_BOUND_WITH_NONZERO_GAP
projected,0.002999997,3.0,2.997000003,0.999000001,POSITIVE_LOWER_BOUND_WITH_NONZERO_GAP
normal,0.999995500001875,4.0,3.000004499998125,0.7500011249995313,POSITIVE_LOWER_BOUND_WITH_NONZERO_GAP
ambient,1.0000000000029998,4.0,2.999999999997,0.74999999999925,POSITIVE_LOWER_BOUND_WITH_NONZERO_GAP
projected,0.002999997,3.0,2.997000003,0.999000001,POSITIVE_LOWER_BOUND_WITH_NONZERO_GAP
normal,0.999995500001875,4.0,3.000004499998125,0.7500011249995313,POSITIVE_LOWER_BOUND_WITH_NONZERO_GAP
ambient,1.0000000299964995,4.0,2.9999999700035005,0.7499999925008751,POSITIVE_LOWER_BOUND_WITH_NONZERO_GAP
projected,0.029997,3.0,2.970003,0.990001,POSITIVE_LOWER_BOUND_WITH_NONZERO_GAP
normal,0.9995500187504376,4.0,3.000449981249562,0.7501124953123907,POSITIVE_LOWER_BOUND_WITH_NONZERO_GAP
ambient,1.0000000299964995,4.0,2.9999999700035005,0.7499999925008751,POSITIVE_LOWER_BOUND_WITH_NONZERO_GAP
projected,0.029997,3.0,2.970003,0.990001,POSITIVE_LOWER_BOUND_WITH_NONZERO_GAP
normal,0.9995500187504376,4.0,3.000449981249562,0.7501124953123907,POSITIVE_LOWER_BOUND_WITH_NONZERO_GAP
ambient,1.0000000299964995,4.0,2.9999999700035005,0.7499999925008751,POSITIVE_LOWER_BOUND_WITH_NONZERO_GAP
projected,0.029997,3.0,2.970003,0.990001,POSITIVE_LOWER_BOUND_WITH_NONZERO_GAP
normal,0.9995500187504376,4.0,3.000449981249562,0.7501124953123907,POSITIVE_LOWER_BOUND_WITH_NONZERO_GAP
ambient,1.000296456056903,4.0,2.999703543943097,0.7499258859857743,POSITIVE_LOWER_BOUND_WITH_NONZERO_GAP
projected,0.297,3.0,2.703,0.901,POSITIVE_LOWER_BOUND_WITH_NONZERO_GAP
normal,0.9551879396223552,4.0,3.044812060377645,0.7612030150944112,POSITIVE_LOWER_BOUND_WITH_NONZERO_GAP
ambient,1.000296456056903,4.0,2.999703543943097,0.7499258859857743,POSITIVE_LOWER_BOUND_WITH_NONZERO_GAP
projected,0.297,3.0,2.703,0.901,POSITIVE_LOWER_BOUND_WITH_NONZERO_GAP
normal,0.9551879396223552,4.0,3.044812060377645,0.7612030150944112,POSITIVE_LOWER_BOUND_WITH_NONZERO_GAP
ambient,1.000296456056903,4.0,2.999703543943097,0.7499258859857743,POSITIVE_LOWER_BOUND_WITH_NONZERO_GAP
projected,0.297,3.0,2.703,0.901,POSITIVE_LOWER_BOUND_WITH_NONZERO_GAP
normal,0.9551879396223552,4.0,3.044812060377645,0.7612030150944112,POSITIVE_LOWER_BOUND_WITH_NONZERO_GAP
ambient,1.1249999999999998,4.0,2.875,0.71875,POSITIVE_LOWER_BOUND_WITH_NONZERO_GAP
projected,1.1249999999999998,3.0,1.875,0.6250000000000001,POSITIVE_LOWER_BOUND_WITH_NONZERO_GAP
normal,0.0,4.0,4.0,1.0,NO_POSITIVE_LOWER_BOUND_OBTAINED
ambient,1.1249999999999998,4.0,2.875,0.71875,POSITIVE_LOWER_BOUND_WITH_NONZERO_GAP
projected,1.1249999999999998,3.0,1.875,0.6250000000000001,POSITIVE_LOWER_BOUND_WITH_NONZERO_GAP
normal,0.0,4.0,4.0,1.0,NO_POSITIVE_LOWER_BOUND_OBTAINED
ambient,1.1249999999999998,4.0,2.875,0.71875,POSITIVE_LOWER_BOUND_WITH_NONZERO_GAP
projected,1.1249999999999998,3.0,1.875,0.6250000000000001,POSITIVE_LOWER_BOUND_WITH_NONZERO_GAP
normal,0.0,4.0,4.0,1.0,NO_POSITIVE_LOWER_BOUND_OBTAINED
ambient,0.0,4.0,4.0,1.0,NO_POSITIVE_LOWER_BOUND_OBTAINED
projected,0.0,3.0,3.0,1.0,NO_POSITIVE_LOWER_BOUND_OBTAINED
normal,0.0,4.0,4.0,1.0,NO_POSITIVE_LOWER_BOUND_OBTAINED
ambient,0.0,4.0,4.0,1.0,NO_POSITIVE_LOWER_BOUND_OBTAINED
projected,0.0,3.0,3.0,1.0,NO_POSITIVE_LOWER_BOUND_OBTAINED
normal,0.0,4.0,4.0,1.0,NO_POSITIVE_LOWER_BOUND_OBTAINED
ambient,0.0,4.0,4.0,1.0,NO_POSITIVE_LOWER_BOUND_OBTAINED
projected,0.0,3.0,3.0,1.0,NO_POSITIVE_LOWER_BOUND_OBTAINED
normal,0.0,4.0,4.0,1.0,NO_POSITIVE_LOWER_BOUND_OBTAINED
ambient,0.9999985000003748,4.0,3.000001499999625,0.7500003749999062,POSITIVE_LOWER_BOUND_WITH_NONZERO_GAP
projected,0.0,3.0,3.0,1.0,NO_POSITIVE_LOWER_BOUND_OBTAINED
normal,0.9999985000003748,4.0,3.000001499999625,0.7500003749999062,POSITIVE_LOWER_BOUND_WITH_NONZERO_GAP
ambient,0.9999985000003748,4.0,3.000001499999625,0.7500003749999062,POSITIVE_LOWER_BOUND_WITH_NONZERO_GAP
projected,0.0,3.0,3.0,1.0,NO_POSITIVE_LOWER_BOUND_OBTAINED
normal,0.9999985000003748,4.0,3.000001499999625,0.7500003749999062,POSITIVE_LOWER_BOUND_WITH_NONZERO_GAP
ambient,0.9999985000003748,4.0,3.000001499999625,0.7500003749999062,POSITIVE_LOWER_BOUND_WITH_NONZERO_GAP
projected,0.0,3.0,3.0,1.0,NO_POSITIVE_LOWER_BOUND_OBTAINED
normal,0.9999985000003748,4.0,3.000001499999625,0.7500003749999062,POSITIVE_LOWER_BOUND_WITH_NONZERO_GAP
ambient,0.9998500037500624,4.0,3.0001499962499376,0.7500374990624844,POSITIVE_LOWER_BOUND_WITH_NONZERO_GAP
projected,0.0,3.0,3.0,1.0,NO_POSITIVE_LOWER_BOUND_OBTAINED
normal,0.9998500037500624,4.0,3.0001499962499376,0.7500374990624844,POSITIVE_LOWER_BOUND_WITH_NONZERO_GAP
ambient,0.9998500037500624,4.0,3.0001499962499376,0.7500374990624844,POSITIVE_LOWER_BOUND_WITH_NONZERO_GAP
projected,0.0,3.0,3.0,1.0,NO_POSITIVE_LOWER_BOUND_OBTAINED
normal,0.9998500037500624,4.0,3.0001499962499376,0.7500374990624844,POSITIVE_LOWER_BOUND_WITH_NONZERO_GAP
ambient,0.9998500037500624,4.0,3.0001499962499376,0.7500374990624844,POSITIVE_LOWER_BOUND_WITH_NONZERO_GAP
projected,0.0,3.0,3.0,1.0,NO_POSITIVE_LOWER_BOUND_OBTAINED
normal,0.9998500037500624,4.0,3.0001499962499376,0.7500374990624844,POSITIVE_LOWER_BOUND_WITH_NONZERO_GAP
ambient,0.9850375627355537,4.0,3.0149624372644466,0.7537406093161116,POSITIVE_LOWER_BOUND_WITH_NONZERO_GAP
projected,0.0,3.0,3.0,1.0,NO_POSITIVE_LOWER_BOUND_OBTAINED
normal,0.9850375627355537,4.0,3.0149624372644466,0.7537406093161116,POSITIVE_LOWER_BOUND_WITH_NONZERO_GAP
ambient,0.9850375627355537,4.0,3.0149624372644466,0.7537406093161116,POSITIVE_LOWER_BOUND_WITH_NONZERO_GAP
projected,0.0,3.0,3.0,1.0,NO_POSITIVE_LOWER_BOUND_OBTAINED
normal,0.9850375627355537,4.0,3.0149624372644466,0.7537406093161116,POSITIVE_LOWER_BOUND_WITH_NONZERO_GAP
ambient,0.9850375627355537,4.0,3.0149624372644466,0.7537406093161116,POSITIVE_LOWER_BOUND_WITH_NONZERO_GAP
projected,0.0,3.0,3.0,1.0,NO_POSITIVE_LOWER_BOUND_OBTAINED
normal,0.9850375627355537,4.0,3.0149624372644466,0.7537406093161116,POSITIVE_LOWER_BOUND_WITH_NONZERO_GAP
ambient,0.6495190528383289,4.0,3.350480947161671,0.8376202367904177,POSITIVE_LOWER_BOUND_WITH_NONZERO_GAP
projected,0.0,3.0,3.0,1.0,NO_POSITIVE_LOWER_BOUND_OBTAINED
normal,0.6495190528383289,4.0,3.350480947161671,0.8376202367904177,POSITIVE_LOWER_BOUND_WITH_NONZERO_GAP
ambient,0.6495190528383289,4.0,3.350480947161671,0.8376202367904177,POSITIVE_LOWER_BOUND_WITH_NONZERO_GAP
projected,0.0,3.0,3.0,1.0,NO_POSITIVE_LOWER_BOUND_OBTAINED
normal,0.6495190528383289,4.0,3.350480947161671,0.8376202367904177,POSITIVE_LOWER_BOUND_WITH_NONZERO_GAP
ambient,0.6495190528383289,4.0,3.350480947161671,0.8376202367904177,POSITIVE_LOWER_BOUND_WITH_NONZERO_GAP
projected,0.0,3.0,3.0,1.0,NO_POSITIVE_LOWER_BOUND_OBTAINED
normal,0.6495190528383289,4.0,3.350480947161671,0.8376202367904177,POSITIVE_LOWER_BOUND_WITH_NONZERO_GAP
ambient,0.0,4.0,4.0,1.0,NO_POSITIVE_LOWER_BOUND_OBTAINED
projected,0.0,3.0,3.0,1.0,NO_POSITIVE_LOWER_BOUND_OBTAINED
normal,0.0,4.0,4.0,1.0,NO_POSITIVE_LOWER_BOUND_OBTAINED
ambient,0.0,4.0,4.0,1.0,NO_POSITIVE_LOWER_BOUND_OBTAINED
projected,0.0,3.0,3.0,1.0,NO_POSITIVE_LOWER_BOUND_OBTAINED
normal,0.0,4.0,4.0,1.0,NO_POSITIVE_LOWER_BOUND_OBTAINED
ambient,0.0,4.0,4.0,1.0,NO_POSITIVE_LOWER_BOUND_OBTAINED
projected,0.0,3.0,3.0,1.0,NO_POSITIVE_LOWER_BOUND_OBTAINED
normal,0.0,4.0,4.0,1.0,NO_POSITIVE_LOWER_BOUND_OBTAINED
ambient,0.9999985000003748,4.0,3.000001499999625,0.7500003749999062,POSITIVE_LOWER_BOUND_WITH_NONZERO_GAP
projected,0.0,3.0,3.0,1.0,NO_POSITIVE_LOWER_BOUND_OBTAINED
normal,0.9999985000003748,4.0,3.000001499999625,0.7500003749999062,POSITIVE_LOWER_BOUND_WITH_NONZERO_GAP
ambient,0.9999985000003748,4.0,3.000001499999625,0.7500003749999062,POSITIVE_LOWER_BOUND_WITH_NONZERO_GAP
projected,0.0,3.0,3.0,1.0,NO_POSITIVE_LOWER_BOUND_OBTAINED
normal,0.9999985000003748,4.0,3.000001499999625,0.7500003749999062,POSITIVE_LOWER_BOUND_WITH_NONZERO_GAP
ambient,0.9999985000003748,4.0,3.000001499999625,0.7500003749999062,POSITIVE_LOWER_BOUND_WITH_NONZERO_GAP
projected,0.0,3.0,3.0,1.0,NO_POSITIVE_LOWER_BOUND_OBTAINED
normal,0.9999985000003748,4.0,3.000001499999625,0.7500003749999062,POSITIVE_LOWER_BOUND_WITH_NONZERO_GAP
ambient,0.9998500037500624,4.0,3.0001499962499376,0.7500374990624844,POSITIVE_LOWER_BOUND_WITH_NONZERO_GAP
projected,0.0,3.0,3.0,1.0,NO_POSITIVE_LOWER_BOUND_OBTAINED
normal,0.9998500037500624,4.0,3.0001499962499376,0.7500374990624844,POSITIVE_LOWER_BOUND_WITH_NONZERO_GAP
ambient,0.9998500037500624,4.0,3.0001499962499376,0.7500374990624844,POSITIVE_LOWER_BOUND_WITH_NONZERO_GAP
projected,0.0,3.0,3.0,1.0,NO_POSITIVE_LOWER_BOUND_OBTAINED
normal,0.9998500037500624,4.0,3.0001499962499376,0.7500374990624844,POSITIVE_LOWER_BOUND_WITH_NONZERO_GAP
ambient,0.9998500037500624,4.0,3.0001499962499376,0.7500374990624844,POSITIVE_LOWER_BOUND_WITH_NONZERO_GAP
projected,0.0,3.0,3.0,1.0,NO_POSITIVE_LOWER_BOUND_OBTAINED
normal,0.9998500037500624,4.0,3.0001499962499376,0.7500374990624844,POSITIVE_LOWER_BOUND_WITH_NONZERO_GAP
ambient,0.9850375627355537,4.0,3.0149624372644466,0.7537406093161116,POSITIVE_LOWER_BOUND_WITH_NONZERO_GAP
projected,0.0,3.0,3.0,1.0,NO_POSITIVE_LOWER_BOUND_OBTAINED
normal,0.9850375627355537,4.0,3.0149624372644466,0.7537406093161116,POSITIVE_LOWER_BOUND_WITH_NONZERO_GAP
ambient,0.9850375627355537,4.0,3.0149624372644466,0.7537406093161116,POSITIVE_LOWER_BOUND_WITH_NONZERO_GAP
projected,0.0,3.0,3.0,1.0,NO_POSITIVE_LOWER_BOUND_OBTAINED
normal,0.9850375627355537,4.0,3.0149624372644466,0.7537406093161116,POSITIVE_LOWER_BOUND_WITH_NONZERO_GAP
ambient,0.9850375627355537,4.0,3.0149624372644466,0.7537406093161116,POSITIVE_LOWER_BOUND_WITH_NONZERO_GAP
projected,0.0,3.0,3.0,1.0,NO_POSITIVE_LOWER_BOUND_OBTAINED
normal,0.9850375627355537,4.0,3.0149624372644466,0.7537406093161116,POSITIVE_LOWER_BOUND_WITH_NONZERO_GAP
ambient,0.6495190528383289,4.0,3.350480947161671,0.8376202367904177,POSITIVE_LOWER_BOUND_WITH_NONZERO_GAP
projected,0.0,3.0,3.0,1.0,NO_POSITIVE_LOWER_BOUND_OBTAINED
normal,0.6495190528383289,4.0,3.350480947161671,0.8376202367904177,POSITIVE_LOWER_BOUND_WITH_NONZERO_GAP
ambient,0.6495190528383289,4.0,3.350480947161671,0.8376202367904177,POSITIVE_LOWER_BOUND_WITH_NONZERO_GAP
projected,0.0,3.0,3.0,1.0,NO_POSITIVE_LOWER_BOUND_OBTAINED
normal,0.6495190528383289,4.0,3.350480947161671,0.8376202367904177,POSITIVE_LOWER_BOUND_WITH_NONZERO_GAP
ambient,0.6495190528383289,4.0,3.350480947161671,0.8376202367904177,POSITIVE_LOWER_BOUND_WITH_NONZERO_GAP
projected,0.0,3.0,3.0,1.0,NO_POSITIVE_LOWER_BOUND_OBTAINED
normal,0.6495190528383289,4.0,3.350480947161671,0.8376202367904177,POSITIVE_LOWER_BOUND_WITH_NONZERO_GAP
ambient,0.0,4.0,4.0,1.0,NO_POSITIVE_LOWER_BOUND_OBTAINED
projected,0.0,3.0,3.0,1.0,NO_POSITIVE_LOWER_BOUND_OBTAINED
normal,0.0,4.0,4.0,1.0,NO_POSITIVE_LOWER_BOUND_OBTAINED
ambient,0.0,4.0,4.0,1.0,NO_POSITIVE_LOWER_BOUND_OBTAINED
projected,0.0,3.0,3.0,1.0,NO_POSITIVE_LOWER_BOUND_OBTAINED
normal,0.0,4.0,4.0,1.0,NO_POSITIVE_LOWER_BOUND_OBTAINED
ambient,0.0,4.0,4.0,1.0,NO_POSITIVE_LOWER_BOUND_OBTAINED
projected,0.0,3.0,3.0,1.0,NO_POSITIVE_LOWER_BOUND_OBTAINED
normal,0.0,4.0,4.0,1.0,NO_POSITIVE_LOWER_BOUND_OBTAINED
ambient,0.999998000001,4.0,3.000001999999,0.75000049999975,POSITIVE_LOWER_BOUND_WITH_NONZERO_GAP
projected,0.000999999,3.0,2.999000001,0.999666667,POSITIVE_LOWER_BOUND_WITH_NONZERO_GAP
normal,0.999997500000875,4.0,3.000002499999125,0.7500006249997813,POSITIVE_LOWER_BOUND_WITH_NONZERO_GAP
ambient,0.999998000001,4.0,3.000001999999,0.75000049999975,POSITIVE_LOWER_BOUND_WITH_NONZERO_GAP
projected,0.000999999,3.0,2.999000001,0.999666667,POSITIVE_LOWER_BOUND_WITH_NONZERO_GAP
normal,0.999997500000875,4.0,3.000002499999125,0.7500006249997813,POSITIVE_LOWER_BOUND_WITH_NONZERO_GAP
ambient,0.999998000001,4.0,3.000001999999,0.75000049999975,POSITIVE_LOWER_BOUND_WITH_NONZERO_GAP
projected,0.000999999,3.0,2.999000001,0.999666667,POSITIVE_LOWER_BOUND_WITH_NONZERO_GAP
normal,0.999997500000875,4.0,3.000002499999125,0.7500006249997813,POSITIVE_LOWER_BOUND_WITH_NONZERO_GAP
ambient,0.9998000100005,4.0,3.0001999899995,0.750049997499875,POSITIVE_LOWER_BOUND_WITH_NONZERO_GAP
projected,0.009999,3.0,2.990001,0.996667,POSITIVE_LOWER_BOUND_WITH_NONZERO_GAP
normal,0.9997500087501876,4.0,3.0002499912498126,0.7500624978124532,POSITIVE_LOWER_BOUND_WITH_NONZERO_GAP
ambient,0.9998000100005,4.0,3.0001999899995,0.750049997499875,POSITIVE_LOWER_BOUND_WITH_NONZERO_GAP
projected,0.009999,3.0,2.990001,0.996667,POSITIVE_LOWER_BOUND_WITH_NONZERO_GAP
normal,0.9997500087501876,4.0,3.0002499912498126,0.7500624978124532,POSITIVE_LOWER_BOUND_WITH_NONZERO_GAP
ambient,0.9998000100005,4.0,3.0001999899995,0.750049997499875,POSITIVE_LOWER_BOUND_WITH_NONZERO_GAP
projected,0.009999,3.0,2.990001,0.996667,POSITIVE_LOWER_BOUND_WITH_NONZERO_GAP
normal,0.9997500087501876,4.0,3.0002499912498126,0.7500624978124532,POSITIVE_LOWER_BOUND_WITH_NONZERO_GAP
ambient,0.9801005050503748,4.0,3.019899494949625,0.7549748737374062,POSITIVE_LOWER_BOUND_WITH_NONZERO_GAP
projected,0.0989999999999999,3.0,2.901,0.967,POSITIVE_LOWER_BOUND_WITH_NONZERO_GAP
normal,0.9750876883644874,4.0,3.024912311635513,0.7562280779088781,POSITIVE_LOWER_BOUND_WITH_NONZERO_GAP
ambient,0.9801005050503748,4.0,3.019899494949625,0.7549748737374062,POSITIVE_LOWER_BOUND_WITH_NONZERO_GAP
projected,0.0989999999999999,3.0,2.901,0.967,POSITIVE_LOWER_BOUND_WITH_NONZERO_GAP
normal,0.9750876883644874,4.0,3.024912311635513,0.7562280779088781,POSITIVE_LOWER_BOUND_WITH_NONZERO_GAP
ambient,0.9801005050503748,4.0,3.019899494949625,0.7549748737374062,POSITIVE_LOWER_BOUND_WITH_NONZERO_GAP
projected,0.0989999999999999,3.0,2.901,0.967,POSITIVE_LOWER_BOUND_WITH_NONZERO_GAP
normal,0.9750876883644874,4.0,3.024912311635513,0.7562280779088781,POSITIVE_LOWER_BOUND_WITH_NONZERO_GAP
ambient,0.57282196186948,4.0,3.42717803813052,0.85679450953263,POSITIVE_LOWER_BOUND_WITH_NONZERO_GAP
projected,0.3749999999999999,3.0,2.625,0.875,POSITIVE_LOWER_BOUND_WITH_NONZERO_GAP
normal,0.4330127018922193,4.0,3.566987298107781,0.8917468245269452,POSITIVE_LOWER_BOUND_WITH_NONZERO_GAP
ambient,0.57282196186948,4.0,3.42717803813052,0.85679450953263,POSITIVE_LOWER_BOUND_WITH_NONZERO_GAP
projected,0.3749999999999999,3.0,2.625,0.875,POSITIVE_LOWER_BOUND_WITH_NONZERO_GAP
normal,0.4330127018922193,4.0,3.566987298107781,0.8917468245269452,POSITIVE_LOWER_BOUND_WITH_NONZERO_GAP
ambient,0.57282196186948,4.0,3.42717803813052,0.85679450953263,POSITIVE_LOWER_BOUND_WITH_NONZERO_GAP
projected,0.3749999999999999,3.0,2.625,0.875,POSITIVE_LOWER_BOUND_WITH_NONZERO_GAP
normal,0.4330127018922193,4.0,3.566987298107781,0.8917468245269452,POSITIVE_LOWER_BOUND_WITH_NONZERO_GAP
ambient,0.0,4.0,4.0,1.0,NO_POSITIVE_LOWER_BOUND_OBTAINED
projected,0.0,3.0,3.0,1.0,NO_POSITIVE_LOWER_BOUND_OBTAINED
normal,0.0,4.0,4.0,1.0,NO_POSITIVE_LOWER_BOUND_OBTAINED
ambient,0.0,4.0,4.0,1.0,NO_POSITIVE_LOWER_BOUND_OBTAINED
projected,0.0,3.0,3.0,1.0,NO_POSITIVE_LOWER_BOUND_OBTAINED
normal,0.0,4.0,4.0,1.0,NO_POSITIVE_LOWER_BOUND_OBTAINED
ambient,0.0,4.0,4.0,1.0,NO_POSITIVE_LOWER_BOUND_OBTAINED
projected,0.0,3.0,3.0,1.0,NO_POSITIVE_LOWER_BOUND_OBTAINED
normal,0.0,4.0,4.0,1.0,NO_POSITIVE_LOWER_BOUND_OBTAINED
ambient,0.9999985000003748,4.0,3.000001499999625,0.7500003749999062,POSITIVE_LOWER_BOUND_WITH_NONZERO_GAP
projected,0.0,3.0,3.0,1.0,NO_POSITIVE_LOWER_BOUND_OBTAINED
normal,0.9999985000003748,4.0,3.000001499999625,0.7500003749999062,POSITIVE_LOWER_BOUND_WITH_NONZERO_GAP
ambient,0.9999985000003748,4.0,3.000001499999625,0.7500003749999062,POSITIVE_LOWER_BOUND_WITH_NONZERO_GAP
projected,0.0,3.0,3.0,1.0,NO_POSITIVE_LOWER_BOUND_OBTAINED
normal,0.9999985000003748,4.0,3.000001499999625,0.7500003749999062,POSITIVE_LOWER_BOUND_WITH_NONZERO_GAP
ambient,0.9999985000003748,4.0,3.000001499999625,0.7500003749999062,POSITIVE_LOWER_BOUND_WITH_NONZERO_GAP
projected,0.0,3.0,3.0,1.0,NO_POSITIVE_LOWER_BOUND_OBTAINED
normal,0.9999985000003748,4.0,3.000001499999625,0.7500003749999062,POSITIVE_LOWER_BOUND_WITH_NONZERO_GAP
ambient,0.9998500037500624,4.0,3.0001499962499376,0.7500374990624844,POSITIVE_LOWER_BOUND_WITH_NONZERO_GAP
projected,0.0,3.0,3.0,1.0,NO_POSITIVE_LOWER_BOUND_OBTAINED
normal,0.9998500037500624,4.0,3.0001499962499376,0.7500374990624844,POSITIVE_LOWER_BOUND_WITH_NONZERO_GAP
ambient,0.9998500037500624,4.0,3.0001499962499376,0.7500374990624844,POSITIVE_LOWER_BOUND_WITH_NONZERO_GAP
projected,0.0,3.0,3.0,1.0,NO_POSITIVE_LOWER_BOUND_OBTAINED
normal,0.9998500037500624,4.0,3.0001499962499376,0.7500374990624844,POSITIVE_LOWER_BOUND_WITH_NONZERO_GAP
ambient,0.9998500037500624,4.0,3.0001499962499376,0.7500374990624844,POSITIVE_LOWER_BOUND_WITH_NONZERO_GAP
projected,0.0,3.0,3.0,1.0,NO_POSITIVE_LOWER_BOUND_OBTAINED
normal,0.9998500037500624,4.0,3.0001499962499376,0.7500374990624844,POSITIVE_LOWER_BOUND_WITH_NONZERO_GAP
ambient,0.9850375627355537,4.0,3.0149624372644466,0.7537406093161116,POSITIVE_LOWER_BOUND_WITH_NONZERO_GAP
projected,0.0,3.0,3.0,1.0,NO_POSITIVE_LOWER_BOUND_OBTAINED
normal,0.9850375627355537,4.0,3.0149624372644466,0.7537406093161116,POSITIVE_LOWER_BOUND_WITH_NONZERO_GAP
ambient,0.9850375627355537,4.0,3.0149624372644466,0.7537406093161116,POSITIVE_LOWER_BOUND_WITH_NONZERO_GAP
projected,0.0,3.0,3.0,1.0,NO_POSITIVE_LOWER_BOUND_OBTAINED
normal,0.9850375627355537,4.0,3.0149624372644466,0.7537406093161116,POSITIVE_LOWER_BOUND_WITH_NONZERO_GAP
ambient,0.9850375627355537,4.0,3.0149624372644466,0.7537406093161116,POSITIVE_LOWER_BOUND_WITH_NONZERO_GAP
projected,0.0,3.0,3.0,1.0,NO_POSITIVE_LOWER_BOUND_OBTAINED
normal,0.9850375627355537,4.0,3.0149624372644466,0.7537406093161116,POSITIVE_LOWER_BOUND_WITH_NONZERO_GAP
ambient,0.6495190528383289,4.0,3.350480947161671,0.8376202367904177,POSITIVE_LOWER_BOUND_WITH_NONZERO_GAP
projected,0.0,3.0,3.0,1.0,NO_POSITIVE_LOWER_BOUND_OBTAINED
normal,0.6495190528383289,4.0,3.350480947161671,0.8376202367904177,POSITIVE_LOWER_BOUND_WITH_NONZERO_GAP
ambient,0.6495190528383289,4.0,3.350480947161671,0.8376202367904177,POSITIVE_LOWER_BOUND_WITH_NONZERO_GAP
projected,0.0,3.0,3.0,1.0,NO_POSITIVE_LOWER_BOUND_OBTAINED
normal,0.6495190528383289,4.0,3.350480947161671,0.8376202367904177,POSITIVE_LOWER_BOUND_WITH_NONZERO_GAP
ambient,0.6495190528383289,4.0,3.350480947161671,0.8376202367904177,POSITIVE_LOWER_BOUND_WITH_NONZERO_GAP
projected,0.0,3.0,3.0,1.0,NO_POSITIVE_LOWER_BOUND_OBTAINED
normal,0.6495190528383289,4.0,3.350480947161671,0.8376202367904177,POSITIVE_LOWER_BOUND_WITH_NONZERO_GAP
ambient,0.0,4.0,4.0,1.0,NO_POSITIVE_LOWER_BOUND_OBTAINED
projected,0.0,3.0,3.0,1.0,NO_POSITIVE_LOWER_BOUND_OBTAINED
normal,0.0,4.0,4.0,1.0,NO_POSITIVE_LOWER_BOUND_OBTAINED
ambient,0.0,4.0,4.0,1.0,NO_POSITIVE_LOWER_BOUND_OBTAINED
projected,0.0,3.0,3.0,1.0,NO_POSITIVE_LOWER_BOUND_OBTAINED
normal,0.0,4.0,4.0,1.0,NO_POSITIVE_LOWER_BOUND_OBTAINED
ambient,0.0,4.0,4.0,1.0,NO_POSITIVE_LOWER_BOUND_OBTAINED
projected,0.0,3.0,3.0,1.0,NO_POSITIVE_LOWER_BOUND_OBTAINED
normal,0.0,4.0,4.0,1.0,NO_POSITIVE_LOWER_BOUND_OBTAINED
ambient,0.9999985000003748,4.0,3.000001499999625,0.7500003749999062,POSITIVE_LOWER_BOUND_WITH_NONZERO_GAP
projected,0.0,3.0,3.0,1.0,NO_POSITIVE_LOWER_BOUND_OBTAINED
normal,0.9999985000003748,4.0,3.000001499999625,0.7500003749999062,POSITIVE_LOWER_BOUND_WITH_NONZERO_GAP
ambient,0.9999985000003748,4.0,3.000001499999625,0.7500003749999062,POSITIVE_LOWER_BOUND_WITH_NONZERO_GAP
projected,0.0,3.0,3.0,1.0,NO_POSITIVE_LOWER_BOUND_OBTAINED
normal,0.9999985000003748,4.0,3.000001499999625,0.7500003749999062,POSITIVE_LOWER_BOUND_WITH_NONZERO_GAP
ambient,0.9999985000003748,4.0,3.000001499999625,0.7500003749999062,POSITIVE_LOWER_BOUND_WITH_NONZERO_GAP
projected,0.0,3.0,3.0,1.0,NO_POSITIVE_LOWER_BOUND_OBTAINED
normal,0.9999985000003748,4.0,3.000001499999625,0.7500003749999062,POSITIVE_LOWER_BOUND_WITH_NONZERO_GAP
ambient,0.9998500037500624,4.0,3.0001499962499376,0.7500374990624844,POSITIVE_LOWER_BOUND_WITH_NONZERO_GAP
projected,0.0,3.0,3.0,1.0,NO_POSITIVE_LOWER_BOUND_OBTAINED
normal,0.9998500037500624,4.0,3.0001499962499376,0.7500374990624844,POSITIVE_LOWER_BOUND_WITH_NONZERO_GAP
ambient,0.9998500037500624,4.0,3.0001499962499376,0.7500374990624844,POSITIVE_LOWER_BOUND_WITH_NONZERO_GAP
projected,0.0,3.0,3.0,1.0,NO_POSITIVE_LOWER_BOUND_OBTAINED
normal,0.9998500037500624,4.0,3.0001499962499376,0.7500374990624844,POSITIVE_LOWER_BOUND_WITH_NONZERO_GAP
ambient,0.9998500037500624,4.0,3.0001499962499376,0.7500374990624844,POSITIVE_LOWER_BOUND_WITH_NONZERO_GAP
projected,0.0,3.0,3.0,1.0,NO_POSITIVE_LOWER_BOUND_OBTAINED
normal,0.9998500037500624,4.0,3.0001499962499376,0.7500374990624844,POSITIVE_LOWER_BOUND_WITH_NONZERO_GAP
ambient,0.9850375627355537,4.0,3.0149624372644466,0.7537406093161116,POSITIVE_LOWER_BOUND_WITH_NONZERO_GAP
projected,0.0,3.0,3.0,1.0,NO_POSITIVE_LOWER_BOUND_OBTAINED
normal,0.9850375627355537,4.0,3.0149624372644466,0.7537406093161116,POSITIVE_LOWER_BOUND_WITH_NONZERO_GAP
ambient,0.9850375627355537,4.0,3.0149624372644466,0.7537406093161116,POSITIVE_LOWER_BOUND_WITH_NONZERO_GAP
projected,0.0,3.0,3.0,1.0,NO_POSITIVE_LOWER_BOUND_OBTAINED
normal,0.9850375627355537,4.0,3.0149624372644466,0.7537406093161116,POSITIVE_LOWER_BOUND_WITH_NONZERO_GAP
ambient,0.9850375627355537,4.0,3.0149624372644466,0.7537406093161116,POSITIVE_LOWER_BOUND_WITH_NONZERO_GAP
projected,0.0,3.0,3.0,1.0,NO_POSITIVE_LOWER_BOUND_OBTAINED
normal,0.9850375627355537,4.0,3.0149624372644466,0.7537406093161116,POSITIVE_LOWER_BOUND_WITH_NONZERO_GAP
ambient,0.6495190528383289,4.0,3.350480947161671,0.8376202367904177,POSITIVE_LOWER_BOUND_WITH_NONZERO_GAP
projected,0.0,3.0,3.0,1.0,NO_POSITIVE_LOWER_BOUND_OBTAINED
normal,0.6495190528383289,4.0,3.350480947161671,0.8376202367904177,POSITIVE_LOWER_BOUND_WITH_NONZERO_GAP
ambient,0.6495190528383289,4.0,3.350480947161671,0.8376202367904177,POSITIVE_LOWER_BOUND_WITH_NONZERO_GAP
projected,0.0,3.0,3.0,1.0,NO_POSITIVE_LOWER_BOUND_OBTAINED
normal,0.6495190528383289,4.0,3.350480947161671,0.8376202367904177,POSITIVE_LOWER_BOUND_WITH_NONZERO_GAP
ambient,0.6495190528383289,4.0,3.350480947161671,0.8376202367904177,POSITIVE_LOWER_BOUND_WITH_NONZERO_GAP
projected,0.0,3.0,3.0,1.0,NO_POSITIVE_LOWER_BOUND_OBTAINED
normal,0.6495190528383289,4.0,3.350480947161671,0.8376202367904177,POSITIVE_LOWER_BOUND_WITH_NONZERO_GAP
ambient,0.0,4.0,4.0,1.0,NO_POSITIVE_LOWER_BOUND_OBTAINED
projected,0.0,3.0,3.0,1.0,NO_POSITIVE_LOWER_BOUND_OBTAINED
normal,0.0,4.0,4.0,1.0,NO_POSITIVE_LOWER_BOUND_OBTAINED
ambient,0.0,4.0,4.0,1.0,NO_POSITIVE_LOWER_BOUND_OBTAINED
projected,0.0,3.0,3.0,1.0,NO_POSITIVE_LOWER_BOUND_OBTAINED
normal,0.0,4.0,4.0,1.0,NO_POSITIVE_LOWER_BOUND_OBTAINED
ambient,0.0,4.0,4.0,1.0,NO_POSITIVE_LOWER_BOUND_OBTAINED
projected,0.0,3.0,3.0,1.0,NO_POSITIVE_LOWER_BOUND_OBTAINED
normal,0.0,4.0,4.0,1.0,NO_POSITIVE_LOWER_BOUND_OBTAINED
ambient,0.999998000001,4.0,3.000001999999,0.75000049999975,POSITIVE_LOWER_BOUND_WITH_NONZERO_GAP
projected,0.000999999,3.0,2.999000001,0.999666667,POSITIVE_LOWER_BOUND_WITH_NONZERO_GAP
normal,0.999997500000875,4.0,3.000002499999125,0.7500006249997813,POSITIVE_LOWER_BOUND_WITH_NONZERO_GAP
ambient,0.999998000001,4.0,3.000001999999,0.75000049999975,POSITIVE_LOWER_BOUND_WITH_NONZERO_GAP
projected,0.000999999,3.0,2.999000001,0.999666667,POSITIVE_LOWER_BOUND_WITH_NONZERO_GAP
normal,0.999997500000875,4.0,3.000002499999125,0.7500006249997813,POSITIVE_LOWER_BOUND_WITH_NONZERO_GAP
ambient,0.999998000001,4.0,3.000001999999,0.75000049999975,POSITIVE_LOWER_BOUND_WITH_NONZERO_GAP
projected,0.000999999,3.0,2.999000001,0.999666667,POSITIVE_LOWER_BOUND_WITH_NONZERO_GAP
normal,0.999997500000875,4.0,3.000002499999125,0.7500006249997813,POSITIVE_LOWER_BOUND_WITH_NONZERO_GAP
ambient,0.9998000100005,4.0,3.0001999899995,0.750049997499875,POSITIVE_LOWER_BOUND_WITH_NONZERO_GAP
projected,0.009999,3.0,2.990001,0.996667,POSITIVE_LOWER_BOUND_WITH_NONZERO_GAP
normal,0.9997500087501876,4.0,3.0002499912498126,0.7500624978124532,POSITIVE_LOWER_BOUND_WITH_NONZERO_GAP
ambient,0.9998000100005,4.0,3.0001999899995,0.750049997499875,POSITIVE_LOWER_BOUND_WITH_NONZERO_GAP
projected,0.009999,3.0,2.990001,0.996667,POSITIVE_LOWER_BOUND_WITH_NONZERO_GAP
normal,0.9997500087501876,4.0,3.0002499912498126,0.7500624978124532,POSITIVE_LOWER_BOUND_WITH_NONZERO_GAP
ambient,0.9998000100005,4.0,3.0001999899995,0.750049997499875,POSITIVE_LOWER_BOUND_WITH_NONZERO_GAP
projected,0.009999,3.0,2.990001,0.996667,POSITIVE_LOWER_BOUND_WITH_NONZERO_GAP
normal,0.9997500087501876,4.0,3.0002499912498126,0.7500624978124532,POSITIVE_LOWER_BOUND_WITH_NONZERO_GAP
ambient,0.9801005050503748,4.0,3.019899494949625,0.7549748737374062,POSITIVE_LOWER_BOUND_WITH_NONZERO_GAP
projected,0.0989999999999999,3.0,2.901,0.967,POSITIVE_LOWER_BOUND_WITH_NONZERO_GAP
normal,0.9750876883644874,4.0,3.024912311635513,0.7562280779088781,POSITIVE_LOWER_BOUND_WITH_NONZERO_GAP
ambient,0.9801005050503748,4.0,3.019899494949625,0.7549748737374062,POSITIVE_LOWER_BOUND_WITH_NONZERO_GAP
projected,0.0989999999999999,3.0,2.901,0.967,POSITIVE_LOWER_BOUND_WITH_NONZERO_GAP
normal,0.9750876883644874,4.0,3.024912311635513,0.7562280779088781,POSITIVE_LOWER_BOUND_WITH_NONZERO_GAP
ambient,0.9801005050503748,4.0,3.019899494949625,0.7549748737374062,POSITIVE_LOWER_BOUND_WITH_NONZERO_GAP
projected,0.0989999999999999,3.0,2.901,0.967,POSITIVE_LOWER_BOUND_WITH_NONZERO_GAP
normal,0.9750876883644874,4.0,3.024912311635513,0.7562280779088781,POSITIVE_LOWER_BOUND_WITH_NONZERO_GAP
ambient,0.57282196186948,4.0,3.42717803813052,0.85679450953263,POSITIVE_LOWER_BOUND_WITH_NONZERO_GAP
projected,0.3749999999999999,3.0,2.625,0.875,POSITIVE_LOWER_BOUND_WITH_NONZERO_GAP
normal,0.4330127018922193,4.0,3.566987298107781,0.8917468245269452,POSITIVE_LOWER_BOUND_WITH_NONZERO_GAP
ambient,0.57282196186948,4.0,3.42717803813052,0.85679450953263,POSITIVE_LOWER_BOUND_WITH_NONZERO_GAP
projected,0.3749999999999999,3.0,2.625,0.875,POSITIVE_LOWER_BOUND_WITH_NONZERO_GAP
normal,0.4330127018922193,4.0,3.566987298107781,0.8917468245269452,POSITIVE_LOWER_BOUND_WITH_NONZERO_GAP
ambient,0.57282196186948,4.0,3.42717803813052,0.85679450953263,POSITIVE_LOWER_BOUND_WITH_NONZERO_GAP
projected,0.3749999999999999,3.0,2.625,0.875,POSITIVE_LOWER_BOUND_WITH_NONZERO_GAP
normal,0.4330127018922193,4.0,3.566987298107781,0.8917468245269452,POSITIVE_LOWER_BOUND_WITH_NONZERO_GAP
ambient,0.0,4.0,4.0,1.0,NO_POSITIVE_LOWER_BOUND_OBTAINED
projected,0.0,3.0,3.0,1.0,NO_POSITIVE_LOWER_BOUND_OBTAINED
normal,0.0,4.0,4.0,1.0,NO_POSITIVE_LOWER_BOUND_OBTAINED
ambient,0.0,4.0,4.0,1.0,NO_POSITIVE_LOWER_BOUND_OBTAINED
projected,0.0,3.0,3.0,1.0,NO_POSITIVE_LOWER_BOUND_OBTAINED
normal,0.0,4.0,4.0,1.0,NO_POSITIVE_LOWER_BOUND_OBTAINED
ambient,0.0,4.0,4.0,1.0,NO_POSITIVE_LOWER_BOUND_OBTAINED
projected,0.0,3.0,3.0,1.0,NO_POSITIVE_LOWER_BOUND_OBTAINED
normal,0.0,4.0,4.0,1.0,NO_POSITIVE_LOWER_BOUND_OBTAINED
ambient,0.9999985000003748,4.0,3.000001499999625,0.7500003749999062,POSITIVE_LOWER_BOUND_WITH_NONZERO_GAP
projected,0.0,3.0,3.0,1.0,NO_POSITIVE_LOWER_BOUND_OBTAINED
normal,0.9999985000003748,4.0,3.000001499999625,0.7500003749999062,POSITIVE_LOWER_BOUND_WITH_NONZERO_GAP
ambient,0.9999985000003748,4.0,3.000001499999625,0.7500003749999062,POSITIVE_LOWER_BOUND_WITH_NONZERO_GAP
projected,0.0,3.0,3.0,1.0,NO_POSITIVE_LOWER_BOUND_OBTAINED
normal,0.9999985000003748,4.0,3.000001499999625,0.7500003749999062,POSITIVE_LOWER_BOUND_WITH_NONZERO_GAP
ambient,0.9999985000003748,4.0,3.000001499999625,0.7500003749999062,POSITIVE_LOWER_BOUND_WITH_NONZERO_GAP
projected,0.0,3.0,3.0,1.0,NO_POSITIVE_LOWER_BOUND_OBTAINED
normal,0.9999985000003748,4.0,3.000001499999625,0.7500003749999062,POSITIVE_LOWER_BOUND_WITH_NONZERO_GAP
ambient,0.9998500037500624,4.0,3.0001499962499376,0.7500374990624844,POSITIVE_LOWER_BOUND_WITH_NONZERO_GAP
projected,0.0,3.0,3.0,1.0,NO_POSITIVE_LOWER_BOUND_OBTAINED
normal,0.9998500037500624,4.0,3.0001499962499376,0.7500374990624844,POSITIVE_LOWER_BOUND_WITH_NONZERO_GAP
ambient,0.9998500037500624,4.0,3.0001499962499376,0.7500374990624844,POSITIVE_LOWER_BOUND_WITH_NONZERO_GAP
projected,0.0,3.0,3.0,1.0,NO_POSITIVE_LOWER_BOUND_OBTAINED
normal,0.9998500037500624,4.0,3.0001499962499376,0.7500374990624844,POSITIVE_LOWER_BOUND_WITH_NONZERO_GAP
ambient,0.9998500037500624,4.0,3.0001499962499376,0.7500374990624844,POSITIVE_LOWER_BOUND_WITH_NONZERO_GAP
projected,0.0,3.0,3.0,1.0,NO_POSITIVE_LOWER_BOUND_OBTAINED
normal,0.9998500037500624,4.0,3.0001499962499376,0.7500374990624844,POSITIVE_LOWER_BOUND_WITH_NONZERO_GAP
ambient,0.9850375627355537,4.0,3.0149624372644466,0.7537406093161116,POSITIVE_LOWER_BOUND_WITH_NONZERO_GAP
projected,0.0,3.0,3.0,1.0,NO_POSITIVE_LOWER_BOUND_OBTAINED
normal,0.9850375627355537,4.0,3.0149624372644466,0.7537406093161116,POSITIVE_LOWER_BOUND_WITH_NONZERO_GAP
ambient,0.9850375627355537,4.0,3.0149624372644466,0.7537406093161116,POSITIVE_LOWER_BOUND_WITH_NONZERO_GAP
projected,0.0,3.0,3.0,1.0,NO_POSITIVE_LOWER_BOUND_OBTAINED
normal,0.9850375627355537,4.0,3.0149624372644466,0.7537406093161116,POSITIVE_LOWER_BOUND_WITH_NONZERO_GAP
ambient,0.9850375627355537,4.0,3.0149624372644466,0.7537406093161116,POSITIVE_LOWER_BOUND_WITH_NONZERO_GAP
projected,0.0,3.0,3.0,1.0,NO_POSITIVE_LOWER_BOUND_OBTAINED
normal,0.9850375627355537,4.0,3.0149624372644466,0.7537406093161116,POSITIVE_LOWER_BOUND_WITH_NONZERO_GAP
ambient,0.6495190528383289,4.0,3.350480947161671,0.8376202367904177,POSITIVE_LOWER_BOUND_WITH_NONZERO_GAP
projected,0.0,3.0,3.0,1.0,NO_POSITIVE_LOWER_BOUND_OBTAINED
normal,0.6495190528383289,4.0,3.350480947161671,0.8376202367904177,POSITIVE_LOWER_BOUND_WITH_NONZERO_GAP
ambient,0.6495190528383289,4.0,3.350480947161671,0.8376202367904177,POSITIVE_LOWER_BOUND_WITH_NONZERO_GAP
projected,0.0,3.0,3.0,1.0,NO_POSITIVE_LOWER_BOUND_OBTAINED
normal,0.6495190528383289,4.0,3.350480947161671,0.8376202367904177,POSITIVE_LOWER_BOUND_WITH_NONZERO_GAP
ambient,0.6495190528383289,4.0,3.350480947161671,0.8376202367904177,POSITIVE_LOWER_BOUND_WITH_NONZERO_GAP
projected,0.0,3.0,3.0,1.0,NO_POSITIVE_LOWER_BOUND_OBTAINED
normal,0.6495190528383289,4.0,3.350480947161671,0.8376202367904177,POSITIVE_LOWER_BOUND_WITH_NONZERO_GAP
ambient,0.0,4.0,4.0,1.0,NO_POSITIVE_LOWER_BOUND_OBTAINED
projected,0.0,3.0,3.0,1.0,NO_POSITIVE_LOWER_BOUND_OBTAINED
normal,0.0,4.0,4.0,1.0,NO_POSITIVE_LOWER_BOUND_OBTAINED
ambient,0.0,4.0,4.0,1.0,NO_POSITIVE_LOWER_BOUND_OBTAINED
projected,0.0,3.0,3.0,1.0,NO_POSITIVE_LOWER_BOUND_OBTAINED
normal,0.0,4.0,4.0,1.0,NO_POSITIVE_LOWER_BOUND_OBTAINED
ambient,0.0,4.0,4.0,1.0,NO_POSITIVE_LOWER_BOUND_OBTAINED
projected,0.0,3.0,3.0,1.0,NO_POSITIVE_LOWER_BOUND_OBTAINED
normal,0.0,4.0,4.0,1.0,NO_POSITIVE_LOWER_BOUND_OBTAINED
ambient,0.9999985000003748,4.0,3.000001499999625,0.7500003749999062,POSITIVE_LOWER_BOUND_WITH_NONZERO_GAP
projected,0.0,3.0,3.0,1.0,NO_POSITIVE_LOWER_BOUND_OBTAINED
normal,0.9999985000003748,4.0,3.000001499999625,0.7500003749999062,POSITIVE_LOWER_BOUND_WITH_NONZERO_GAP
ambient,0.9999985000003748,4.0,3.000001499999625,0.7500003749999062,POSITIVE_LOWER_BOUND_WITH_NONZERO_GAP
projected,0.0,3.0,3.0,1.0,NO_POSITIVE_LOWER_BOUND_OBTAINED
normal,0.9999985000003748,4.0,3.000001499999625,0.7500003749999062,POSITIVE_LOWER_BOUND_WITH_NONZERO_GAP
ambient,0.9999985000003748,4.0,3.000001499999625,0.7500003749999062,POSITIVE_LOWER_BOUND_WITH_NONZERO_GAP
projected,0.0,3.0,3.0,1.0,NO_POSITIVE_LOWER_BOUND_OBTAINED
normal,0.9999985000003748,4.0,3.000001499999625,0.7500003749999062,POSITIVE_LOWER_BOUND_WITH_NONZERO_GAP
ambient,0.9998500037500624,4.0,3.0001499962499376,0.7500374990624844,POSITIVE_LOWER_BOUND_WITH_NONZERO_GAP
projected,0.0,3.0,3.0,1.0,NO_POSITIVE_LOWER_BOUND_OBTAINED
normal,0.9998500037500624,4.0,3.0001499962499376,0.7500374990624844,POSITIVE_LOWER_BOUND_WITH_NONZERO_GAP
ambient,0.9998500037500624,4.0,3.0001499962499376,0.7500374990624844,POSITIVE_LOWER_BOUND_WITH_NONZERO_GAP
projected,0.0,3.0,3.0,1.0,NO_POSITIVE_LOWER_BOUND_OBTAINED
normal,0.9998500037500624,4.0,3.0001499962499376,0.7500374990624844,POSITIVE_LOWER_BOUND_WITH_NONZERO_GAP
ambient,0.9998500037500624,4.0,3.0001499962499376,0.7500374990624844,POSITIVE_LOWER_BOUND_WITH_NONZERO_GAP
projected,0.0,3.0,3.0,1.0,NO_POSITIVE_LOWER_BOUND_OBTAINED
normal,0.9998500037500624,4.0,3.0001499962499376,0.7500374990624844,POSITIVE_LOWER_BOUND_WITH_NONZERO_GAP
ambient,0.9850375627355537,4.0,3.0149624372644466,0.7537406093161116,POSITIVE_LOWER_BOUND_WITH_NONZERO_GAP
projected,0.0,3.0,3.0,1.0,NO_POSITIVE_LOWER_BOUND_OBTAINED
normal,0.9850375627355537,4.0,3.0149624372644466,0.7537406093161116,POSITIVE_LOWER_BOUND_WITH_NONZERO_GAP
ambient,0.9850375627355537,4.0,3.0149624372644466,0.7537406093161116,POSITIVE_LOWER_BOUND_WITH_NONZERO_GAP
projected,0.0,3.0,3.0,1.0,NO_POSITIVE_LOWER_BOUND_OBTAINED
normal,0.9850375627355537,4.0,3.0149624372644466,0.7537406093161116,POSITIVE_LOWER_BOUND_WITH_NONZERO_GAP
ambient,0.9850375627355537,4.0,3.0149624372644466,0.7537406093161116,POSITIVE_LOWER_BOUND_WITH_NONZERO_GAP
projected,0.0,3.0,3.0,1.0,NO_POSITIVE_LOWER_BOUND_OBTAINED
normal,0.9850375627355537,4.0,3.0149624372644466,0.7537406093161116,POSITIVE_LOWER_BOUND_WITH_NONZERO_GAP
ambient,0.6495190528383289,4.0,3.350480947161671,0.8376202367904177,POSITIVE_LOWER_BOUND_WITH_NONZERO_GAP
projected,0.0,3.0,3.0,1.0,NO_POSITIVE_LOWER_BOUND_OBTAINED
normal,0.6495190528383289,4.0,3.350480947161671,0.8376202367904177,POSITIVE_LOWER_BOUND_WITH_NONZERO_GAP
ambient,0.6495190528383289,4.0,3.350480947161671,0.8376202367904177,POSITIVE_LOWER_BOUND_WITH_NONZERO_GAP
projected,0.0,3.0,3.0,1.0,NO_POSITIVE_LOWER_BOUND_OBTAINED
normal,0.6495190528383289,4.0,3.350480947161671,0.8376202367904177,POSITIVE_LOWER_BOUND_WITH_NONZERO_GAP
ambient,0.6495190528383289,4.0,3.350480947161671,0.8376202367904177,POSITIVE_LOWER_BOUND_WITH_NONZERO_GAP
projected,0.0,3.0,3.0,1.0,NO_POSITIVE_LOWER_BOUND_OBTAINED
normal,0.6495190528383289,4.0,3.350480947161671,0.8376202367904177,POSITIVE_LOWER_BOUND_WITH_NONZERO_GAP
ambient,0.0,4.0,4.0,1.0,NO_POSITIVE_LOWER_BOUND_OBTAINED
projected,0.0,3.0,3.0,1.0,NO_POSITIVE_LOWER_BOUND_OBTAINED
normal,0.0,4.0,4.0,1.0,NO_POSITIVE_LOWER_BOUND_OBTAINED
ambient,0.0,4.0,4.0,1.0,NO_POSITIVE_LOWER_BOUND_OBTAINED
projected,0.0,3.0,3.0,1.0,NO_POSITIVE_LOWER_BOUND_OBTAINED
normal,0.0,4.0,4.0,1.0,NO_POSITIVE_LOWER_BOUND_OBTAINED
ambient,0.0,4.0,4.0,1.0,NO_POSITIVE_LOWER_BOUND_OBTAINED
projected,0.0,3.0,3.0,1.0,NO_POSITIVE_LOWER_BOUND_OBTAINED
normal,0.0,4.0,4.0,1.0,NO_POSITIVE_LOWER_BOUND_OBTAINED
ambient,0.999998000001,4.0,3.000001999999,0.75000049999975,POSITIVE_LOWER_BOUND_WITH_NONZERO_GAP
projected,0.000999999,3.0,2.999000001,0.999666667,POSITIVE_LOWER_BOUND_WITH_NONZERO_GAP
normal,0.999997500000875,4.0,3.000002499999125,0.7500006249997813,POSITIVE_LOWER_BOUND_WITH_NONZERO_GAP
ambient,0.999998000001,4.0,3.000001999999,0.75000049999975,POSITIVE_LOWER_BOUND_WITH_NONZERO_GAP
projected,0.000999999,3.0,2.999000001,0.999666667,POSITIVE_LOWER_BOUND_WITH_NONZERO_GAP
normal,0.999997500000875,4.0,3.000002499999125,0.7500006249997813,POSITIVE_LOWER_BOUND_WITH_NONZERO_GAP
ambient,0.999998000001,4.0,3.000001999999,0.75000049999975,POSITIVE_LOWER_BOUND_WITH_NONZERO_GAP
projected,0.000999999,3.0,2.999000001,0.999666667,POSITIVE_LOWER_BOUND_WITH_NONZERO_GAP
normal,0.999997500000875,4.0,3.000002499999125,0.7500006249997813,POSITIVE_LOWER_BOUND_WITH_NONZERO_GAP
ambient,0.9998000100005,4.0,3.0001999899995,0.750049997499875,POSITIVE_LOWER_BOUND_WITH_NONZERO_GAP
projected,0.009999,3.0,2.990001,0.996667,POSITIVE_LOWER_BOUND_WITH_NONZERO_GAP
normal,0.9997500087501876,4.0,3.0002499912498126,0.7500624978124532,POSITIVE_LOWER_BOUND_WITH_NONZERO_GAP
ambient,0.9998000100005,4.0,3.0001999899995,0.750049997499875,POSITIVE_LOWER_BOUND_WITH_NONZERO_GAP
projected,0.009999,3.0,2.990001,0.996667,POSITIVE_LOWER_BOUND_WITH_NONZERO_GAP
normal,0.9997500087501876,4.0,3.0002499912498126,0.7500624978124532,POSITIVE_LOWER_BOUND_WITH_NONZERO_GAP
ambient,0.9998000100005,4.0,3.0001999899995,0.750049997499875,POSITIVE_LOWER_BOUND_WITH_NONZERO_GAP
projected,0.009999,3.0,2.990001,0.996667,POSITIVE_LOWER_BOUND_WITH_NONZERO_GAP
normal,0.9997500087501876,4.0,3.0002499912498126,0.7500624978124532,POSITIVE_LOWER_BOUND_WITH_NONZERO_GAP
ambient,0.9801005050503748,4.0,3.019899494949625,0.7549748737374062,POSITIVE_LOWER_BOUND_WITH_NONZERO_GAP
projected,0.0989999999999999,3.0,2.901,0.967,POSITIVE_LOWER_BOUND_WITH_NONZERO_GAP
normal,0.9750876883644874,4.0,3.024912311635513,0.7562280779088781,POSITIVE_LOWER_BOUND_WITH_NONZERO_GAP
ambient,0.9801005050503748,4.0,3.019899494949625,0.7549748737374062,POSITIVE_LOWER_BOUND_WITH_NONZERO_GAP
projected,0.0989999999999999,3.0,2.901,0.967,POSITIVE_LOWER_BOUND_WITH_NONZERO_GAP
normal,0.9750876883644874,4.0,3.024912311635513,0.7562280779088781,POSITIVE_LOWER_BOUND_WITH_NONZERO_GAP
ambient,0.9801005050503748,4.0,3.019899494949625,0.7549748737374062,POSITIVE_LOWER_BOUND_WITH_NONZERO_GAP
projected,0.0989999999999999,3.0,2.901,0.967,POSITIVE_LOWER_BOUND_WITH_NONZERO_GAP
normal,0.9750876883644874,4.0,3.024912311635513,0.7562280779088781,POSITIVE_LOWER_BOUND_WITH_NONZERO_GAP
ambient,0.57282196186948,4.0,3.42717803813052,0.85679450953263,POSITIVE_LOWER_BOUND_WITH_NONZERO_GAP
projected,0.3749999999999999,3.0,2.625,0.875,POSITIVE_LOWER_BOUND_WITH_NONZERO_GAP
normal,0.4330127018922193,4.0,3.566987298107781,0.8917468245269452,POSITIVE_LOWER_BOUND_WITH_NONZERO_GAP
ambient,0.57282196186948,4.0,3.42717803813052,0.85679450953263,POSITIVE_LOWER_BOUND_WITH_NONZERO_GAP
projected,0.3749999999999999,3.0,2.625,0.875,POSITIVE_LOWER_BOUND_WITH_NONZERO_GAP
normal,0.4330127018922193,4.0,3.566987298107781,0.8917468245269452,POSITIVE_LOWER_BOUND_WITH_NONZERO_GAP
ambient,0.57282196186948,4.0,3.42717803813052,0.85679450953263,POSITIVE_LOWER_BOUND_WITH_NONZERO_GAP
projected,0.3749999999999999,3.0,2.625,0.875,POSITIVE_LOWER_BOUND_WITH_NONZERO_GAP
normal,0.4330127018922193,4.0,3.566987298107781,0.8917468245269452,POSITIVE_LOWER_BOUND_WITH_NONZERO_GAP
ambient,0.0,4.0,4.0,1.0,NO_POSITIVE_LOWER_BOUND_OBTAINED
projected,0.0,3.0,3.0,1.0,NO_POSITIVE_LOWER_BOUND_OBTAINED
normal,0.0,4.0,4.0,1.0,NO_POSITIVE_LOWER_BOUND_OBTAINED
ambient,0.0,4.0,4.0,1.0,NO_POSITIVE_LOWER_BOUND_OBTAINED
projected,0.0,3.0,3.0,1.0,NO_POSITIVE_LOWER_BOUND_OBTAINED
normal,0.0,4.0,4.0,1.0,NO_POSITIVE_LOWER_BOUND_OBTAINED
ambient,0.0,4.0,4.0,1.0,NO_POSITIVE_LOWER_BOUND_OBTAINED
projected,0.0,3.0,3.0,1.0,NO_POSITIVE_LOWER_BOUND_OBTAINED
normal,0.0,4.0,4.0,1.0,NO_POSITIVE_LOWER_BOUND_OBTAINED
ambient,0.9999985000003748,4.0,3.000001499999625,0.7500003749999062,POSITIVE_LOWER_BOUND_WITH_NONZERO_GAP
projected,0.0,3.0,3.0,1.0,NO_POSITIVE_LOWER_BOUND_OBTAINED
normal,0.9999985000003748,4.0,3.000001499999625,0.7500003749999062,POSITIVE_LOWER_BOUND_WITH_NONZERO_GAP
ambient,0.9999985000003748,4.0,3.000001499999625,0.7500003749999062,POSITIVE_LOWER_BOUND_WITH_NONZERO_GAP
projected,0.0,3.0,3.0,1.0,NO_POSITIVE_LOWER_BOUND_OBTAINED
normal,0.9999985000003748,4.0,3.000001499999625,0.7500003749999062,POSITIVE_LOWER_BOUND_WITH_NONZERO_GAP
ambient,0.9999985000003748,4.0,3.000001499999625,0.7500003749999062,POSITIVE_LOWER_BOUND_WITH_NONZERO_GAP
projected,0.0,3.0,3.0,1.0,NO_POSITIVE_LOWER_BOUND_OBTAINED
normal,0.9999985000003748,4.0,3.000001499999625,0.7500003749999062,POSITIVE_LOWER_BOUND_WITH_NONZERO_GAP
ambient,0.9998500037500624,4.0,3.0001499962499376,0.7500374990624844,POSITIVE_LOWER_BOUND_WITH_NONZERO_GAP
projected,0.0,3.0,3.0,1.0,NO_POSITIVE_LOWER_BOUND_OBTAINED
normal,0.9998500037500624,4.0,3.0001499962499376,0.7500374990624844,POSITIVE_LOWER_BOUND_WITH_NONZERO_GAP
ambient,0.9998500037500624,4.0,3.0001499962499376,0.7500374990624844,POSITIVE_LOWER_BOUND_WITH_NONZERO_GAP
projected,0.0,3.0,3.0,1.0,NO_POSITIVE_LOWER_BOUND_OBTAINED
normal,0.9998500037500624,4.0,3.0001499962499376,0.7500374990624844,POSITIVE_LOWER_BOUND_WITH_NONZERO_GAP
ambient,0.9998500037500624,4.0,3.0001499962499376,0.7500374990624844,POSITIVE_LOWER_BOUND_WITH_NONZERO_GAP
projected,0.0,3.0,3.0,1.0,NO_POSITIVE_LOWER_BOUND_OBTAINED
normal,0.9998500037500624,4.0,3.0001499962499376,0.7500374990624844,POSITIVE_LOWER_BOUND_WITH_NONZERO_GAP
ambient,0.9850375627355537,4.0,3.0149624372644466,0.7537406093161116,POSITIVE_LOWER_BOUND_WITH_NONZERO_GAP
projected,0.0,3.0,3.0,1.0,NO_POSITIVE_LOWER_BOUND_OBTAINED
normal,0.9850375627355537,4.0,3.0149624372644466,0.7537406093161116,POSITIVE_LOWER_BOUND_WITH_NONZERO_GAP
ambient,0.9850375627355537,4.0,3.0149624372644466,0.7537406093161116,POSITIVE_LOWER_BOUND_WITH_NONZERO_GAP
projected,0.0,3.0,3.0,1.0,NO_POSITIVE_LOWER_BOUND_OBTAINED
normal,0.9850375627355537,4.0,3.0149624372644466,0.7537406093161116,POSITIVE_LOWER_BOUND_WITH_NONZERO_GAP
ambient,0.9850375627355537,4.0,3.0149624372644466,0.7537406093161116,POSITIVE_LOWER_BOUND_WITH_NONZERO_GAP
projected,0.0,3.0,3.0,1.0,NO_POSITIVE_LOWER_BOUND_OBTAINED
normal,0.9850375627355537,4.0,3.0149624372644466,0.7537406093161116,POSITIVE_LOWER_BOUND_WITH_NONZERO_GAP
ambient,0.6495190528383289,4.0,3.350480947161671,0.8376202367904177,POSITIVE_LOWER_BOUND_WITH_NONZERO_GAP
projected,0.0,3.0,3.0,1.0,NO_POSITIVE_LOWER_BOUND_OBTAINED
normal,0.6495190528383289,4.0,3.350480947161671,0.8376202367904177,POSITIVE_LOWER_BOUND_WITH_NONZERO_GAP
ambient,0.6495190528383289,4.0,3.350480947161671,0.8376202367904177,POSITIVE_LOWER_BOUND_WITH_NONZERO_GAP
projected,0.0,3.0,3.0,1.0,NO_POSITIVE_LOWER_BOUND_OBTAINED
normal,0.6495190528383289,4.0,3.350480947161671,0.8376202367904177,POSITIVE_LOWER_BOUND_WITH_NONZERO_GAP
ambient,0.6495190528383289,4.0,3.350480947161671,0.8376202367904177,POSITIVE_LOWER_BOUND_WITH_NONZERO_GAP
projected,0.0,3.0,3.0,1.0,NO_POSITIVE_LOWER_BOUND_OBTAINED
normal,0.6495190528383289,4.0,3.350480947161671,0.8376202367904177,POSITIVE_LOWER_BOUND_WITH_NONZERO_GAP
ambient,0.0,4.0,4.0,1.0,NO_POSITIVE_LOWER_BOUND_OBTAINED
projected,0.0,3.0,3.0,1.0,NO_POSITIVE_LOWER_BOUND_OBTAINED
normal,0.0,4.0,4.0,1.0,NO_POSITIVE_LOWER_BOUND_OBTAINED
ambient,0.0,4.0,4.0,1.0,NO_POSITIVE_LOWER_BOUND_OBTAINED
projected,0.0,3.0,3.0,1.0,NO_POSITIVE_LOWER_BOUND_OBTAINED
normal,0.0,4.0,4.0,1.0,NO_POSITIVE_LOWER_BOUND_OBTAINED
ambient,0.0,4.0,4.0,1.0,NO_POSITIVE_LOWER_BOUND_OBTAINED
projected,0.0,3.0,3.0,1.0,NO_POSITIVE_LOWER_BOUND_OBTAINED
normal,0.0,4.0,4.0,1.0,NO_POSITIVE_LOWER_BOUND_OBTAINED
ambient,0.9999985000003748,4.0,3.000001499999625,0.7500003749999062,POSITIVE_LOWER_BOUND_WITH_NONZERO_GAP
projected,0.0,3.0,3.0,1.0,NO_POSITIVE_LOWER_BOUND_OBTAINED
normal,0.9999985000003748,4.0,3.000001499999625,0.7500003749999062,POSITIVE_LOWER_BOUND_WITH_NONZERO_GAP
ambient,0.9999985000003748,4.0,3.000001499999625,0.7500003749999062,POSITIVE_LOWER_BOUND_WITH_NONZERO_GAP
projected,0.0,3.0,3.0,1.0,NO_POSITIVE_LOWER_BOUND_OBTAINED
normal,0.9999985000003748,4.0,3.000001499999625,0.7500003749999062,POSITIVE_LOWER_BOUND_WITH_NONZERO_GAP
ambient,0.9999985000003748,4.0,3.000001499999625,0.7500003749999062,POSITIVE_LOWER_BOUND_WITH_NONZERO_GAP
projected,0.0,3.0,3.0,1.0,NO_POSITIVE_LOWER_BOUND_OBTAINED
normal,0.9999985000003748,4.0,3.000001499999625,0.7500003749999062,POSITIVE_LOWER_BOUND_WITH_NONZERO_GAP
ambient,0.9998500037500624,4.0,3.0001499962499376,0.7500374990624844,POSITIVE_LOWER_BOUND_WITH_NONZERO_GAP
projected,0.0,3.0,3.0,1.0,NO_POSITIVE_LOWER_BOUND_OBTAINED
normal,0.9998500037500624,4.0,3.0001499962499376,0.7500374990624844,POSITIVE_LOWER_BOUND_WITH_NONZERO_GAP
ambient,0.9998500037500624,4.0,3.0001499962499376,0.7500374990624844,POSITIVE_LOWER_BOUND_WITH_NONZERO_GAP
projected,0.0,3.0,3.0,1.0,NO_POSITIVE_LOWER_BOUND_OBTAINED
normal,0.9998500037500624,4.0,3.0001499962499376,0.7500374990624844,POSITIVE_LOWER_BOUND_WITH_NONZERO_GAP
ambient,0.9998500037500624,4.0,3.0001499962499376,0.7500374990624844,POSITIVE_LOWER_BOUND_WITH_NONZERO_GAP
projected,0.0,3.0,3.0,1.0,NO_POSITIVE_LOWER_BOUND_OBTAINED
normal,0.9998500037500624,4.0,3.0001499962499376,0.7500374990624844,POSITIVE_LOWER_BOUND_WITH_NONZERO_GAP
ambient,0.9850375627355537,4.0,3.0149624372644466,0.7537406093161116,POSITIVE_LOWER_BOUND_WITH_NONZERO_GAP
projected,0.0,3.0,3.0,1.0,NO_POSITIVE_LOWER_BOUND_OBTAINED
normal,0.9850375627355537,4.0,3.0149624372644466,0.7537406093161116,POSITIVE_LOWER_BOUND_WITH_NONZERO_GAP
ambient,0.9850375627355537,4.0,3.0149624372644466,0.7537406093161116,POSITIVE_LOWER_BOUND_WITH_NONZERO_GAP
projected,0.0,3.0,3.0,1.0,NO_POSITIVE_LOWER_BOUND_OBTAINED
normal,0.9850375627355537,4.0,3.0149624372644466,0.7537406093161116,POSITIVE_LOWER_BOUND_WITH_NONZERO_GAP
ambient,0.9850375627355537,4.0,3.0149624372644466,0.7537406093161116,POSITIVE_LOWER_BOUND_WITH_NONZERO_GAP
projected,0.0,3.0,3.0,1.0,NO_POSITIVE_LOWER_BOUND_OBTAINED
normal,0.9850375627355537,4.0,3.0149624372644466,0.7537406093161116,POSITIVE_LOWER_BOUND_WITH_NONZERO_GAP
ambient,0.6495190528383289,4.0,3.350480947161671,0.8376202367904177,POSITIVE_LOWER_BOUND_WITH_NONZERO_GAP
projected,0.0,3.0,3.0,1.0,NO_POSITIVE_LOWER_BOUND_OBTAINED
normal,0.6495190528383289,4.0,3.350480947161671,0.8376202367904177,POSITIVE_LOWER_BOUND_WITH_NONZERO_GAP
ambient,0.6495190528383289,4.0,3.350480947161671,0.8376202367904177,POSITIVE_LOWER_BOUND_WITH_NONZERO_GAP
projected,0.0,3.0,3.0,1.0,NO_POSITIVE_LOWER_BOUND_OBTAINED
normal,0.6495190528383289,4.0,3.350480947161671,0.8376202367904177,POSITIVE_LOWER_BOUND_WITH_NONZERO_GAP
ambient,0.6495190528383289,4.0,3.350480947161671,0.8376202367904177,POSITIVE_LOWER_BOUND_WITH_NONZERO_GAP
projected,0.0,3.0,3.0,1.0,NO_POSITIVE_LOWER_BOUND_OBTAINED
normal,0.6495190528383289,4.0,3.350480947161671,0.8376202367904177,POSITIVE_LOWER_BOUND_WITH_NONZERO_GAP
ambient,0.0,4.0,4.0,1.0,NO_POSITIVE_LOWER_BOUND_OBTAINED
projected,0.0,3.0,3.0,1.0,NO_POSITIVE_LOWER_BOUND_OBTAINED
normal,0.0,4.0,4.0,1.0,NO_POSITIVE_LOWER_BOUND_OBTAINED
ambient,0.0,4.0,4.0,1.0,NO_POSITIVE_LOWER_BOUND_OBTAINED
projected,0.0,3.0,3.0,1.0,NO_POSITIVE_LOWER_BOUND_OBTAINED
normal,0.0,4.0,4.0,1.0,NO_POSITIVE_LOWER_BOUND_OBTAINED
ambient,0.0,4.0,4.0,1.0,NO_POSITIVE_LOWER_BOUND_OBTAINED
projected,0.0,3.0,3.0,1.0,NO_POSITIVE_LOWER_BOUND_OBTAINED
normal,0.0,4.0,4.0,1.0,NO_POSITIVE_LOWER_BOUND_OBTAINED
ambient,0.9999985000003748,4.0,3.000001499999625,0.7500003749999062,POSITIVE_LOWER_BOUND_WITH_NONZERO_GAP
projected,0.0,3.0,3.0,1.0,NO_POSITIVE_LOWER_BOUND_OBTAINED
normal,0.9999985000003748,4.0,3.000001499999625,0.7500003749999062,POSITIVE_LOWER_BOUND_WITH_NONZERO_GAP
ambient,0.9999985000003748,4.0,3.000001499999625,0.7500003749999062,POSITIVE_LOWER_BOUND_WITH_NONZERO_GAP
projected,0.0,3.0,3.0,1.0,NO_POSITIVE_LOWER_BOUND_OBTAINED
normal,0.9999985000003748,4.0,3.000001499999625,0.7500003749999062,POSITIVE_LOWER_BOUND_WITH_NONZERO_GAP
ambient,0.9999985000003748,4.0,3.000001499999625,0.7500003749999062,POSITIVE_LOWER_BOUND_WITH_NONZERO_GAP
projected,0.0,3.0,3.0,1.0,NO_POSITIVE_LOWER_BOUND_OBTAINED
normal,0.9999985000003748,4.0,3.000001499999625,0.7500003749999062,POSITIVE_LOWER_BOUND_WITH_NONZERO_GAP
ambient,0.9998500037500624,4.0,3.0001499962499376,0.7500374990624844,POSITIVE_LOWER_BOUND_WITH_NONZERO_GAP
projected,0.0,3.0,3.0,1.0,NO_POSITIVE_LOWER_BOUND_OBTAINED
normal,0.9998500037500624,4.0,3.0001499962499376,0.7500374990624844,POSITIVE_LOWER_BOUND_WITH_NONZERO_GAP
ambient,0.9998500037500624,4.0,3.0001499962499376,0.7500374990624844,POSITIVE_LOWER_BOUND_WITH_NONZERO_GAP
projected,0.0,3.0,3.0,1.0,NO_POSITIVE_LOWER_BOUND_OBTAINED
normal,0.9998500037500624,4.0,3.0001499962499376,0.7500374990624844,POSITIVE_LOWER_BOUND_WITH_NONZERO_GAP
ambient,0.9998500037500624,4.0,3.0001499962499376,0.7500374990624844,POSITIVE_LOWER_BOUND_WITH_NONZERO_GAP
projected,0.0,3.0,3.0,1.0,NO_POSITIVE_LOWER_BOUND_OBTAINED
normal,0.9998500037500624,4.0,3.0001499962499376,0.7500374990624844,POSITIVE_LOWER_BOUND_WITH_NONZERO_GAP
ambient,0.9850375627355537,4.0,3.0149624372644466,0.7537406093161116,POSITIVE_LOWER_BOUND_WITH_NONZERO_GAP
projected,0.0,3.0,3.0,1.0,NO_POSITIVE_LOWER_BOUND_OBTAINED
normal,0.9850375627355537,4.0,3.0149624372644466,0.7537406093161116,POSITIVE_LOWER_BOUND_WITH_NONZERO_GAP
ambient,0.9850375627355537,4.0,3.0149624372644466,0.7537406093161116,POSITIVE_LOWER_BOUND_WITH_NONZERO_GAP
projected,0.0,3.0,3.0,1.0,NO_POSITIVE_LOWER_BOUND_OBTAINED
normal,0.9850375627355537,4.0,3.0149624372644466,0.7537406093161116,POSITIVE_LOWER_BOUND_WITH_NONZERO_GAP
ambient,0.9850375627355537,4.0,3.0149624372644466,0.7537406093161116,POSITIVE_LOWER_BOUND_WITH_NONZERO_GAP
projected,0.0,3.0,3.0,1.0,NO_POSITIVE_LOWER_BOUND_OBTAINED
normal,0.9850375627355537,4.0,3.0149624372644466,0.7537406093161116,POSITIVE_LOWER_BOUND_WITH_NONZERO_GAP
ambient,0.6495190528383289,4.0,3.350480947161671,0.8376202367904177,POSITIVE_LOWER_BOUND_WITH_NONZERO_GAP
projected,0.0,3.0,3.0,1.0,NO_POSITIVE_LOWER_BOUND_OBTAINED
normal,0.6495190528383289,4.0,3.350480947161671,0.8376202367904177,POSITIVE_LOWER_BOUND_WITH_NONZERO_GAP
ambient,0.6495190528383289,4.0,3.350480947161671,0.8376202367904177,POSITIVE_LOWER_BOUND_WITH_NONZERO_GAP
projected,0.0,3.0,3.0,1.0,NO_POSITIVE_LOWER_BOUND_OBTAINED
normal,0.6495190528383289,4.0,3.350480947161671,0.8376202367904177,POSITIVE_LOWER_BOUND_WITH_NONZERO_GAP
ambient,0.6495190528383289,4.0,3.350480947161671,0.8376202367904177,POSITIVE_LOWER_BOUND_WITH_NONZERO_GAP
projected,0.0,3.0,3.0,1.0,NO_POSITIVE_LOWER_BOUND_OBTAINED
normal,0.6495190528383289,4.0,3.350480947161671,0.8376202367904177,POSITIVE_LOWER_BOUND_WITH_NONZERO_GAP
ambient,0.0,4.0,4.0,1.0,NO_POSITIVE_LOWER_BOUND_OBTAINED
projected,0.0,3.0,3.0,1.0,NO_POSITIVE_LOWER_BOUND_OBTAINED
normal,0.0,4.0,4.0,1.0,NO_POSITIVE_LOWER_BOUND_OBTAINED
ambient,0.0,4.0,4.0,1.0,NO_POSITIVE_LOWER_BOUND_OBTAINED
projected,0.0,3.0,3.0,1.0,NO_POSITIVE_LOWER_BOUND_OBTAINED
normal,0.0,4.0,4.0,1.0,NO_POSITIVE_LOWER_BOUND_OBTAINED
ambient,0.0,4.0,4.0,1.0,NO_POSITIVE_LOWER_BOUND_OBTAINED
projected,0.0,3.0,3.0,1.0,NO_POSITIVE_LOWER_BOUND_OBTAINED
normal,0.0,4.0,4.0,1.0,NO_POSITIVE_LOWER_BOUND_OBTAINED
ambient,0.999998000001,4.0,3.000001999999,0.75000049999975,POSITIVE_LOWER_BOUND_WITH_NONZERO_GAP
projected,0.000999999,3.0,2.999000001,0.999666667,POSITIVE_LOWER_BOUND_WITH_NONZERO_GAP
normal,0.999997500000875,4.0,3.000002499999125,0.7500006249997813,POSITIVE_LOWER_BOUND_WITH_NONZERO_GAP
ambient,0.999998000001,4.0,3.000001999999,0.75000049999975,POSITIVE_LOWER_BOUND_WITH_NONZERO_GAP
projected,0.000999999,3.0,2.999000001,0.999666667,POSITIVE_LOWER_BOUND_WITH_NONZERO_GAP
normal,0.999997500000875,4.0,3.000002499999125,0.7500006249997813,POSITIVE_LOWER_BOUND_WITH_NONZERO_GAP
ambient,0.999998000001,4.0,3.000001999999,0.75000049999975,POSITIVE_LOWER_BOUND_WITH_NONZERO_GAP
projected,0.000999999,3.0,2.999000001,0.999666667,POSITIVE_LOWER_BOUND_WITH_NONZERO_GAP
normal,0.999997500000875,4.0,3.000002499999125,0.7500006249997813,POSITIVE_LOWER_BOUND_WITH_NONZERO_GAP
ambient,0.9998000100005,4.0,3.0001999899995,0.750049997499875,POSITIVE_LOWER_BOUND_WITH_NONZERO_GAP
projected,0.009999,3.0,2.990001,0.996667,POSITIVE_LOWER_BOUND_WITH_NONZERO_GAP
normal,0.9997500087501876,4.0,3.0002499912498126,0.7500624978124532,POSITIVE_LOWER_BOUND_WITH_NONZERO_GAP
ambient,0.9998000100005,4.0,3.0001999899995,0.750049997499875,POSITIVE_LOWER_BOUND_WITH_NONZERO_GAP
projected,0.009999,3.0,2.990001,0.996667,POSITIVE_LOWER_BOUND_WITH_NONZERO_GAP
normal,0.9997500087501876,4.0,3.0002499912498126,0.7500624978124532,POSITIVE_LOWER_BOUND_WITH_NONZERO_GAP
ambient,0.9998000100005,4.0,3.0001999899995,0.750049997499875,POSITIVE_LOWER_BOUND_WITH_NONZERO_GAP
projected,0.009999,3.0,2.990001,0.996667,POSITIVE_LOWER_BOUND_WITH_NONZERO_GAP
normal,0.9997500087501876,4.0,3.0002499912498126,0.7500624978124532,POSITIVE_LOWER_BOUND_WITH_NONZERO_GAP
ambient,0.9801005050503748,4.0,3.019899494949625,0.7549748737374062,POSITIVE_LOWER_BOUND_WITH_NONZERO_GAP
projected,0.0989999999999999,3.0,2.901,0.967,POSITIVE_LOWER_BOUND_WITH_NONZERO_GAP
normal,0.9750876883644874,4.0,3.024912311635513,0.7562280779088781,POSITIVE_LOWER_BOUND_WITH_NONZERO_GAP
ambient,0.9801005050503748,4.0,3.019899494949625,0.7549748737374062,POSITIVE_LOWER_BOUND_WITH_NONZERO_GAP
projected,0.0989999999999999,3.0,2.901,0.967,POSITIVE_LOWER_BOUND_WITH_NONZERO_GAP
normal,0.9750876883644874,4.0,3.024912311635513,0.7562280779088781,POSITIVE_LOWER_BOUND_WITH_NONZERO_GAP
ambient,0.9801005050503748,4.0,3.019899494949625,0.7549748737374062,POSITIVE_LOWER_BOUND_WITH_NONZERO_GAP
projected,0.0989999999999999,3.0,2.901,0.967,POSITIVE_LOWER_BOUND_WITH_NONZERO_GAP
normal,0.9750876883644874,4.0,3.024912311635513,0.7562280779088781,POSITIVE_LOWER_BOUND_WITH_NONZERO_GAP
ambient,0.57282196186948,4.0,3.42717803813052,0.85679450953263,POSITIVE_LOWER_BOUND_WITH_NONZERO_GAP
projected,0.3749999999999999,3.0,2.625,0.875,POSITIVE_LOWER_BOUND_WITH_NONZERO_GAP
normal,0.4330127018922193,4.0,3.566987298107781,0.8917468245269452,POSITIVE_LOWER_BOUND_WITH_NONZERO_GAP
ambient,0.57282196186948,4.0,3.42717803813052,0.85679450953263,POSITIVE_LOWER_BOUND_WITH_NONZERO_GAP
projected,0.3749999999999999,3.0,2.625,0.875,POSITIVE_LOWER_BOUND_WITH_NONZERO_GAP
normal,0.4330127018922193,4.0,3.566987298107781,0.8917468245269452,POSITIVE_LOWER_BOUND_WITH_NONZERO_GAP
ambient,0.57282196186948,4.0,3.42717803813052,0.85679450953263,POSITIVE_LOWER_BOUND_WITH_NONZERO_GAP
projected,0.3749999999999999,3.0,2.625,0.875,POSITIVE_LOWER_BOUND_WITH_NONZERO_GAP
normal,0.4330127018922193,4.0,3.566987298107781,0.8917468245269452,POSITIVE_LOWER_BOUND_WITH_NONZERO_GAP
ambient,0.0,4.0,4.0,1.0,NO_POSITIVE_LOWER_BOUND_OBTAINED
projected,0.0,3.0,3.0,1.0,NO_POSITIVE_LOWER_BOUND_OBTAINED
normal,0.0,4.0,4.0,1.0,NO_POSITIVE_LOWER_BOUND_OBTAINED
ambient,0.0,4.0,4.0,1.0,NO_POSITIVE_LOWER_BOUND_OBTAINED
projected,0.0,3.0,3.0,1.0,NO_POSITIVE_LOWER_BOUND_OBTAINED
normal,0.0,4.0,4.0,1.0,NO_POSITIVE_LOWER_BOUND_OBTAINED
ambient,0.0,4.0,4.0,1.0,NO_POSITIVE_LOWER_BOUND_OBTAINED
projected,0.0,3.0,3.0,1.0,NO_POSITIVE_LOWER_BOUND_OBTAINED
normal,0.0,4.0,4.0,1.0,NO_POSITIVE_LOWER_BOUND_OBTAINED
ambient,0.999998000001,4.0,3.000001999999,0.75000049999975,POSITIVE_LOWER_BOUND_WITH_NONZERO_GAP
projected,0.000999999,3.0,2.999000001,0.999666667,POSITIVE_LOWER_BOUND_WITH_NONZERO_GAP
normal,0.999997500000875,4.0,3.000002499999125,0.7500006249997813,POSITIVE_LOWER_BOUND_WITH_NONZERO_GAP
ambient,0.999998000001,4.0,3.000001999999,0.75000049999975,POSITIVE_LOWER_BOUND_WITH_NONZERO_GAP
projected,0.000999999,3.0,2.999000001,0.999666667,POSITIVE_LOWER_BOUND_WITH_NONZERO_GAP
normal,0.999997500000875,4.0,3.000002499999125,0.7500006249997813,POSITIVE_LOWER_BOUND_WITH_NONZERO_GAP
ambient,0.999998000001,4.0,3.000001999999,0.75000049999975,POSITIVE_LOWER_BOUND_WITH_NONZERO_GAP
projected,0.000999999,3.0,2.999000001,0.999666667,POSITIVE_LOWER_BOUND_WITH_NONZERO_GAP
normal,0.999997500000875,4.0,3.000002499999125,0.7500006249997813,POSITIVE_LOWER_BOUND_WITH_NONZERO_GAP
ambient,0.9998000100005,4.0,3.0001999899995,0.750049997499875,POSITIVE_LOWER_BOUND_WITH_NONZERO_GAP
projected,0.009999,3.0,2.990001,0.996667,POSITIVE_LOWER_BOUND_WITH_NONZERO_GAP
normal,0.9997500087501876,4.0,3.0002499912498126,0.7500624978124532,POSITIVE_LOWER_BOUND_WITH_NONZERO_GAP
ambient,0.9998000100005,4.0,3.0001999899995,0.750049997499875,POSITIVE_LOWER_BOUND_WITH_NONZERO_GAP
projected,0.009999,3.0,2.990001,0.996667,POSITIVE_LOWER_BOUND_WITH_NONZERO_GAP
normal,0.9997500087501876,4.0,3.0002499912498126,0.7500624978124532,POSITIVE_LOWER_BOUND_WITH_NONZERO_GAP
ambient,0.9998000100005,4.0,3.0001999899995,0.750049997499875,POSITIVE_LOWER_BOUND_WITH_NONZERO_GAP
projected,0.009999,3.0,2.990001,0.996667,POSITIVE_LOWER_BOUND_WITH_NONZERO_GAP
normal,0.9997500087501876,4.0,3.0002499912498126,0.7500624978124532,POSITIVE_LOWER_BOUND_WITH_NONZERO_GAP
ambient,0.9801005050503748,4.0,3.019899494949625,0.7549748737374062,POSITIVE_LOWER_BOUND_WITH_NONZERO_GAP
projected,0.0989999999999999,3.0,2.901,0.967,POSITIVE_LOWER_BOUND_WITH_NONZERO_GAP
normal,0.9750876883644874,4.0,3.024912311635513,0.7562280779088781,POSITIVE_LOWER_BOUND_WITH_NONZERO_GAP
ambient,0.9801005050503748,4.0,3.019899494949625,0.7549748737374062,POSITIVE_LOWER_BOUND_WITH_NONZERO_GAP
projected,0.0989999999999999,3.0,2.901,0.967,POSITIVE_LOWER_BOUND_WITH_NONZERO_GAP
normal,0.9750876883644874,4.0,3.024912311635513,0.7562280779088781,POSITIVE_LOWER_BOUND_WITH_NONZERO_GAP
ambient,0.9801005050503748,4.0,3.019899494949625,0.7549748737374062,POSITIVE_LOWER_BOUND_WITH_NONZERO_GAP
projected,0.0989999999999999,3.0,2.901,0.967,POSITIVE_LOWER_BOUND_WITH_NONZERO_GAP
normal,0.9750876883644874,4.0,3.024912311635513,0.7562280779088781,POSITIVE_LOWER_BOUND_WITH_NONZERO_GAP
ambient,0.57282196186948,4.0,3.42717803813052,0.85679450953263,POSITIVE_LOWER_BOUND_WITH_NONZERO_GAP
projected,0.3749999999999999,3.0,2.625,0.875,POSITIVE_LOWER_BOUND_WITH_NONZERO_GAP
normal,0.4330127018922193,4.0,3.566987298107781,0.8917468245269452,POSITIVE_LOWER_BOUND_WITH_NONZERO_GAP
ambient,0.57282196186948,4.0,3.42717803813052,0.85679450953263,POSITIVE_LOWER_BOUND_WITH_NONZERO_GAP
projected,0.3749999999999999,3.0,2.625,0.875,POSITIVE_LOWER_BOUND_WITH_NONZERO_GAP
normal,0.4330127018922193,4.0,3.566987298107781,0.8917468245269452,POSITIVE_LOWER_BOUND_WITH_NONZERO_GAP
ambient,0.57282196186948,4.0,3.42717803813052,0.85679450953263,POSITIVE_LOWER_BOUND_WITH_NONZERO_GAP
projected,0.3749999999999999,3.0,2.625,0.875,POSITIVE_LOWER_BOUND_WITH_NONZERO_GAP
normal,0.4330127018922193,4.0,3.566987298107781,0.8917468245269452,POSITIVE_LOWER_BOUND_WITH_NONZERO_GAP
ambient,0.0,4.0,4.0,1.0,NO_POSITIVE_LOWER_BOUND_OBTAINED
projected,0.0,3.0,3.0,1.0,NO_POSITIVE_LOWER_BOUND_OBTAINED
normal,0.0,4.0,4.0,1.0,NO_POSITIVE_LOWER_BOUND_OBTAINED
ambient,0.0,4.0,4.0,1.0,NO_POSITIVE_LOWER_BOUND_OBTAINED
projected,0.0,3.0,3.0,1.0,NO_POSITIVE_LOWER_BOUND_OBTAINED
normal,0.0,4.0,4.0,1.0,NO_POSITIVE_LOWER_BOUND_OBTAINED
ambient,0.0,4.0,4.0,1.0,NO_POSITIVE_LOWER_BOUND_OBTAINED
projected,0.0,3.0,3.0,1.0,NO_POSITIVE_LOWER_BOUND_OBTAINED
normal,0.0,4.0,4.0,1.0,NO_POSITIVE_LOWER_BOUND_OBTAINED
ambient,0.999998000001,4.0,3.000001999999,0.75000049999975,POSITIVE_LOWER_BOUND_WITH_NONZERO_GAP
projected,0.000999999,3.0,2.999000001,0.999666667,POSITIVE_LOWER_BOUND_WITH_NONZERO_GAP
normal,0.999997500000875,4.0,3.000002499999125,0.7500006249997813,POSITIVE_LOWER_BOUND_WITH_NONZERO_GAP
ambient,0.999998000001,4.0,3.000001999999,0.75000049999975,POSITIVE_LOWER_BOUND_WITH_NONZERO_GAP
projected,0.000999999,3.0,2.999000001,0.999666667,POSITIVE_LOWER_BOUND_WITH_NONZERO_GAP
normal,0.999997500000875,4.0,3.000002499999125,0.7500006249997813,POSITIVE_LOWER_BOUND_WITH_NONZERO_GAP
ambient,0.999998000001,4.0,3.000001999999,0.75000049999975,POSITIVE_LOWER_BOUND_WITH_NONZERO_GAP
projected,0.000999999,3.0,2.999000001,0.999666667,POSITIVE_LOWER_BOUND_WITH_NONZERO_GAP
normal,0.999997500000875,4.0,3.000002499999125,0.7500006249997813,POSITIVE_LOWER_BOUND_WITH_NONZERO_GAP
ambient,0.9998000100005,4.0,3.0001999899995,0.750049997499875,POSITIVE_LOWER_BOUND_WITH_NONZERO_GAP
projected,0.009999,3.0,2.990001,0.996667,POSITIVE_LOWER_BOUND_WITH_NONZERO_GAP
normal,0.9997500087501876,4.0,3.0002499912498126,0.7500624978124532,POSITIVE_LOWER_BOUND_WITH_NONZERO_GAP
ambient,0.9998000100005,4.0,3.0001999899995,0.750049997499875,POSITIVE_LOWER_BOUND_WITH_NONZERO_GAP
projected,0.009999,3.0,2.990001,0.996667,POSITIVE_LOWER_BOUND_WITH_NONZERO_GAP
normal,0.9997500087501876,4.0,3.0002499912498126,0.7500624978124532,POSITIVE_LOWER_BOUND_WITH_NONZERO_GAP
ambient,0.9998000100005,4.0,3.0001999899995,0.750049997499875,POSITIVE_LOWER_BOUND_WITH_NONZERO_GAP
projected,0.009999,3.0,2.990001,0.996667,POSITIVE_LOWER_BOUND_WITH_NONZERO_GAP
normal,0.9997500087501876,4.0,3.0002499912498126,0.7500624978124532,POSITIVE_LOWER_BOUND_WITH_NONZERO_GAP
ambient,0.9801005050503748,4.0,3.019899494949625,0.7549748737374062,POSITIVE_LOWER_BOUND_WITH_NONZERO_GAP
projected,0.0989999999999999,3.0,2.901,0.967,POSITIVE_LOWER_BOUND_WITH_NONZERO_GAP
normal,0.9750876883644874,4.0,3.024912311635513,0.7562280779088781,POSITIVE_LOWER_BOUND_WITH_NONZERO_GAP
ambient,0.9801005050503748,4.0,3.019899494949625,0.7549748737374062,POSITIVE_LOWER_BOUND_WITH_NONZERO_GAP
projected,0.0989999999999999,3.0,2.901,0.967,POSITIVE_LOWER_BOUND_WITH_NONZERO_GAP
normal,0.9750876883644874,4.0,3.024912311635513,0.7562280779088781,POSITIVE_LOWER_BOUND_WITH_NONZERO_GAP
ambient,0.9801005050503748,4.0,3.019899494949625,0.7549748737374062,POSITIVE_LOWER_BOUND_WITH_NONZERO_GAP
projected,0.0989999999999999,3.0,2.901,0.967,POSITIVE_LOWER_BOUND_WITH_NONZERO_GAP
normal,0.9750876883644874,4.0,3.024912311635513,0.7562280779088781,POSITIVE_LOWER_BOUND_WITH_NONZERO_GAP
ambient,0.57282196186948,4.0,3.42717803813052,0.85679450953263,POSITIVE_LOWER_BOUND_WITH_NONZERO_GAP
projected,0.3749999999999999,3.0,2.625,0.875,POSITIVE_LOWER_BOUND_WITH_NONZERO_GAP
normal,0.4330127018922193,4.0,3.566987298107781,0.8917468245269452,POSITIVE_LOWER_BOUND_WITH_NONZERO_GAP
ambient,0.57282196186948,4.0,3.42717803813052,0.85679450953263,POSITIVE_LOWER_BOUND_WITH_NONZERO_GAP
projected,0.3749999999999999,3.0,2.625,0.875,POSITIVE_LOWER_BOUND_WITH_NONZERO_GAP
normal,0.4330127018922193,4.0,3.566987298107781,0.8917468245269452,POSITIVE_LOWER_BOUND_WITH_NONZERO_GAP
ambient,0.57282196186948,4.0,3.42717803813052,0.85679450953263,POSITIVE_LOWER_BOUND_WITH_NONZERO_GAP
projected,0.3749999999999999,3.0,2.625,0.875,POSITIVE_LOWER_BOUND_WITH_NONZERO_GAP
normal,0.4330127018922193,4.0,3.566987298107781,0.8917468245269452,POSITIVE_LOWER_BOUND_WITH_NONZERO_GAP
ambient,0.0,4.0,4.0,1.0,NO_POSITIVE_LOWER_BOUND_OBTAINED
projected,0.0,3.0,3.0,1.0,NO_POSITIVE_LOWER_BOUND_OBTAINED
normal,0.0,4.0,4.0,1.0,NO_POSITIVE_LOWER_BOUND_OBTAINED
ambient,0.0,4.0,4.0,1.0,NO_POSITIVE_LOWER_BOUND_OBTAINED
projected,0.0,3.0,3.0,1.0,NO_POSITIVE_LOWER_BOUND_OBTAINED
normal,0.0,4.0,4.0,1.0,NO_POSITIVE_LOWER_BOUND_OBTAINED
ambient,0.0,4.0,4.0,1.0,NO_POSITIVE_LOWER_BOUND_OBTAINED
projected,0.0,3.0,3.0,1.0,NO_POSITIVE_LOWER_BOUND_OBTAINED
normal,0.0,4.0,4.0,1.0,NO_POSITIVE_LOWER_BOUND_OBTAINED
ambient,0.999998000001,4.0,3.000001999999,0.75000049999975,POSITIVE_LOWER_BOUND_WITH_NONZERO_GAP
projected,0.000999999,3.0,2.999000001,0.999666667,POSITIVE_LOWER_BOUND_WITH_NONZERO_GAP
normal,0.999997500000875,4.0,3.000002499999125,0.7500006249997813,POSITIVE_LOWER_BOUND_WITH_NONZERO_GAP
ambient,0.999998000001,4.0,3.000001999999,0.75000049999975,POSITIVE_LOWER_BOUND_WITH_NONZERO_GAP
projected,0.000999999,3.0,2.999000001,0.999666667,POSITIVE_LOWER_BOUND_WITH_NONZERO_GAP
normal,0.999997500000875,4.0,3.000002499999125,0.7500006249997813,POSITIVE_LOWER_BOUND_WITH_NONZERO_GAP
ambient,0.999998000001,4.0,3.000001999999,0.75000049999975,POSITIVE_LOWER_BOUND_WITH_NONZERO_GAP
projected,0.000999999,3.0,2.999000001,0.999666667,POSITIVE_LOWER_BOUND_WITH_NONZERO_GAP
normal,0.999997500000875,4.0,3.000002499999125,0.7500006249997813,POSITIVE_LOWER_BOUND_WITH_NONZERO_GAP
ambient,0.9998000100005,4.0,3.0001999899995,0.750049997499875,POSITIVE_LOWER_BOUND_WITH_NONZERO_GAP
projected,0.009999,3.0,2.990001,0.996667,POSITIVE_LOWER_BOUND_WITH_NONZERO_GAP
normal,0.9997500087501876,4.0,3.0002499912498126,0.7500624978124532,POSITIVE_LOWER_BOUND_WITH_NONZERO_GAP
ambient,0.9998000100005,4.0,3.0001999899995,0.750049997499875,POSITIVE_LOWER_BOUND_WITH_NONZERO_GAP
projected,0.009999,3.0,2.990001,0.996667,POSITIVE_LOWER_BOUND_WITH_NONZERO_GAP
normal,0.9997500087501876,4.0,3.0002499912498126,0.7500624978124532,POSITIVE_LOWER_BOUND_WITH_NONZERO_GAP
ambient,0.9998000100005,4.0,3.0001999899995,0.750049997499875,POSITIVE_LOWER_BOUND_WITH_NONZERO_GAP
projected,0.009999,3.0,2.990001,0.996667,POSITIVE_LOWER_BOUND_WITH_NONZERO_GAP
normal,0.9997500087501876,4.0,3.0002499912498126,0.7500624978124532,POSITIVE_LOWER_BOUND_WITH_NONZERO_GAP
ambient,0.9801005050503748,4.0,3.019899494949625,0.7549748737374062,POSITIVE_LOWER_BOUND_WITH_NONZERO_GAP
projected,0.0989999999999999,3.0,2.901,0.967,POSITIVE_LOWER_BOUND_WITH_NONZERO_GAP
normal,0.9750876883644874,4.0,3.024912311635513,0.7562280779088781,POSITIVE_LOWER_BOUND_WITH_NONZERO_GAP
ambient,0.9801005050503748,4.0,3.019899494949625,0.7549748737374062,POSITIVE_LOWER_BOUND_WITH_NONZERO_GAP
projected,0.0989999999999999,3.0,2.901,0.967,POSITIVE_LOWER_BOUND_WITH_NONZERO_GAP
normal,0.9750876883644874,4.0,3.024912311635513,0.7562280779088781,POSITIVE_LOWER_BOUND_WITH_NONZERO_GAP
ambient,0.9801005050503748,4.0,3.019899494949625,0.7549748737374062,POSITIVE_LOWER_BOUND_WITH_NONZERO_GAP
projected,0.0989999999999999,3.0,2.901,0.967,POSITIVE_LOWER_BOUND_WITH_NONZERO_GAP
normal,0.9750876883644874,4.0,3.024912311635513,0.7562280779088781,POSITIVE_LOWER_BOUND_WITH_NONZERO_GAP
ambient,0.57282196186948,4.0,3.42717803813052,0.85679450953263,POSITIVE_LOWER_BOUND_WITH_NONZERO_GAP
projected,0.3749999999999999,3.0,2.625,0.875,POSITIVE_LOWER_BOUND_WITH_NONZERO_GAP
normal,0.4330127018922193,4.0,3.566987298107781,0.8917468245269452,POSITIVE_LOWER_BOUND_WITH_NONZERO_GAP
ambient,0.57282196186948,4.0,3.42717803813052,0.85679450953263,POSITIVE_LOWER_BOUND_WITH_NONZERO_GAP
projected,0.3749999999999999,3.0,2.625,0.875,POSITIVE_LOWER_BOUND_WITH_NONZERO_GAP
normal,0.4330127018922193,4.0,3.566987298107781,0.8917468245269452,POSITIVE_LOWER_BOUND_WITH_NONZERO_GAP
ambient,0.57282196186948,4.0,3.42717803813052,0.85679450953263,POSITIVE_LOWER_BOUND_WITH_NONZERO_GAP
projected,0.3749999999999999,3.0,2.625,0.875,POSITIVE_LOWER_BOUND_WITH_NONZERO_GAP
normal,0.4330127018922193,4.0,3.566987298107781,0.8917468245269452,POSITIVE_LOWER_BOUND_WITH_NONZERO_GAP
ambient,0.0,4.0,4.0,1.0,NO_POSITIVE_LOWER_BOUND_OBTAINED
projected,0.0,3.0,3.0,1.0,NO_POSITIVE_LOWER_BOUND_OBTAINED
normal,0.0,4.0,4.0,1.0,NO_POSITIVE_LOWER_BOUND_OBTAINED
ambient,0.0,4.0,4.0,1.0,NO_POSITIVE_LOWER_BOUND_OBTAINED
projected,0.0,3.0,3.0,1.0,NO_POSITIVE_LOWER_BOUND_OBTAINED
normal,0.0,4.0,4.0,1.0,NO_POSITIVE_LOWER_BOUND_OBTAINED
ambient,0.0,4.0,4.0,1.0,NO_POSITIVE_LOWER_BOUND_OBTAINED
projected,0.0,3.0,3.0,1.0,NO_POSITIVE_LOWER_BOUND_OBTAINED
normal,0.0,4.0,4.0,1.0,NO_POSITIVE_LOWER_BOUND_OBTAINED
ambient,0.999998000001,4.0,3.000001999999,0.75000049999975,POSITIVE_LOWER_BOUND_WITH_NONZERO_GAP
projected,0.000999999,3.0,2.999000001,0.999666667,POSITIVE_LOWER_BOUND_WITH_NONZERO_GAP
normal,0.999997500000875,4.0,3.000002499999125,0.7500006249997813,POSITIVE_LOWER_BOUND_WITH_NONZERO_GAP
ambient,0.999998000001,4.0,3.000001999999,0.75000049999975,POSITIVE_LOWER_BOUND_WITH_NONZERO_GAP
projected,0.000999999,3.0,2.999000001,0.999666667,POSITIVE_LOWER_BOUND_WITH_NONZERO_GAP
normal,0.999997500000875,4.0,3.000002499999125,0.7500006249997813,POSITIVE_LOWER_BOUND_WITH_NONZERO_GAP
ambient,0.999998000001,4.0,3.000001999999,0.75000049999975,POSITIVE_LOWER_BOUND_WITH_NONZERO_GAP
projected,0.000999999,3.0,2.999000001,0.999666667,POSITIVE_LOWER_BOUND_WITH_NONZERO_GAP
normal,0.999997500000875,4.0,3.000002499999125,0.7500006249997813,POSITIVE_LOWER_BOUND_WITH_NONZERO_GAP
ambient,0.9998000100005,4.0,3.0001999899995,0.750049997499875,POSITIVE_LOWER_BOUND_WITH_NONZERO_GAP
projected,0.009999,3.0,2.990001,0.996667,POSITIVE_LOWER_BOUND_WITH_NONZERO_GAP
normal,0.9997500087501876,4.0,3.0002499912498126,0.7500624978124532,POSITIVE_LOWER_BOUND_WITH_NONZERO_GAP
ambient,0.9998000100005,4.0,3.0001999899995,0.750049997499875,POSITIVE_LOWER_BOUND_WITH_NONZERO_GAP
projected,0.009999,3.0,2.990001,0.996667,POSITIVE_LOWER_BOUND_WITH_NONZERO_GAP
normal,0.9997500087501876,4.0,3.0002499912498126,0.7500624978124532,POSITIVE_LOWER_BOUND_WITH_NONZERO_GAP
ambient,0.9998000100005,4.0,3.0001999899995,0.750049997499875,POSITIVE_LOWER_BOUND_WITH_NONZERO_GAP
projected,0.009999,3.0,2.990001,0.996667,POSITIVE_LOWER_BOUND_WITH_NONZERO_GAP
normal,0.9997500087501876,4.0,3.0002499912498126,0.7500624978124532,POSITIVE_LOWER_BOUND_WITH_NONZERO_GAP
ambient,0.9801005050503748,4.0,3.019899494949625,0.7549748737374062,POSITIVE_LOWER_BOUND_WITH_NONZERO_GAP
projected,0.0989999999999999,3.0,2.901,0.967,POSITIVE_LOWER_BOUND_WITH_NONZERO_GAP
normal,0.9750876883644874,4.0,3.024912311635513,0.7562280779088781,POSITIVE_LOWER_BOUND_WITH_NONZERO_GAP
ambient,0.9801005050503748,4.0,3.019899494949625,0.7549748737374062,POSITIVE_LOWER_BOUND_WITH_NONZERO_GAP
projected,0.0989999999999999,3.0,2.901,0.967,POSITIVE_LOWER_BOUND_WITH_NONZERO_GAP
normal,0.9750876883644874,4.0,3.024912311635513,0.7562280779088781,POSITIVE_LOWER_BOUND_WITH_NONZERO_GAP
ambient,0.9801005050503748,4.0,3.019899494949625,0.7549748737374062,POSITIVE_LOWER_BOUND_WITH_NONZERO_GAP
projected,0.0989999999999999,3.0,2.901,0.967,POSITIVE_LOWER_BOUND_WITH_NONZERO_GAP
normal,0.9750876883644874,4.0,3.024912311635513,0.7562280779088781,POSITIVE_LOWER_BOUND_WITH_NONZERO_GAP
ambient,0.57282196186948,4.0,3.42717803813052,0.85679450953263,POSITIVE_LOWER_BOUND_WITH_NONZERO_GAP
projected,0.3749999999999999,3.0,2.625,0.875,POSITIVE_LOWER_BOUND_WITH_NONZERO_GAP
normal,0.4330127018922193,4.0,3.566987298107781,0.8917468245269452,POSITIVE_LOWER_BOUND_WITH_NONZERO_GAP
ambient,0.57282196186948,4.0,3.42717803813052,0.85679450953263,POSITIVE_LOWER_BOUND_WITH_NONZERO_GAP
projected,0.3749999999999999,3.0,2.625,0.875,POSITIVE_LOWER_BOUND_WITH_NONZERO_GAP
normal,0.4330127018922193,4.0,3.566987298107781,0.8917468245269452,POSITIVE_LOWER_BOUND_WITH_NONZERO_GAP
ambient,0.57282196186948,4.0,3.42717803813052,0.85679450953263,POSITIVE_LOWER_BOUND_WITH_NONZERO_GAP
projected,0.3749999999999999,3.0,2.625,0.875,POSITIVE_LOWER_BOUND_WITH_NONZERO_GAP
normal,0.4330127018922193,4.0,3.566987298107781,0.8917468245269452,POSITIVE_LOWER_BOUND_WITH_NONZERO_GAP
ambient,0.0,4.0,4.0,1.0,NO_POSITIVE_LOWER_BOUND_OBTAINED
projected,0.0,3.0,3.0,1.0,NO_POSITIVE_LOWER_BOUND_OBTAINED
normal,0.0,4.0,4.0,1.0,NO_POSITIVE_LOWER_BOUND_OBTAINED
ambient,0.0,4.0,4.0,1.0,NO_POSITIVE_LOWER_BOUND_OBTAINED
projected,0.0,3.0,3.0,1.0,NO_POSITIVE_LOWER_BOUND_OBTAINED
normal,0.0,4.0,4.0,1.0,NO_POSITIVE_LOWER_BOUND_OBTAINED
ambient,0.0,4.0,4.0,1.0,NO_POSITIVE_LOWER_BOUND_OBTAINED
projected,0.0,3.0,3.0,1.0,NO_POSITIVE_LOWER_BOUND_OBTAINED
normal,0.0,4.0,4.0,1.0,NO_POSITIVE_LOWER_BOUND_OBTAINED
ambient,1.0000000000029998,4.0,2.999999999997,0.74999999999925,POSITIVE_LOWER_BOUND_WITH_NONZERO_GAP
projected,0.002999997,3.0,2.997000003,0.999000001,POSITIVE_LOWER_BOUND_WITH_NONZERO_GAP
normal,0.999995500001875,4.0,3.000004499998125,0.7500011249995313,POSITIVE_LOWER_BOUND_WITH_NONZERO_GAP
ambient,1.0000000000029998,4.0,2.999999999997,0.74999999999925,POSITIVE_LOWER_BOUND_WITH_NONZERO_GAP
projected,0.002999997,3.0,2.997000003,0.999000001,POSITIVE_LOWER_BOUND_WITH_NONZERO_GAP
normal,0.999995500001875,4.0,3.000004499998125,0.7500011249995313,POSITIVE_LOWER_BOUND_WITH_NONZERO_GAP
ambient,1.0000000000029998,4.0,2.999999999997,0.74999999999925,POSITIVE_LOWER_BOUND_WITH_NONZERO_GAP
projected,0.002999997,3.0,2.997000003,0.999000001,POSITIVE_LOWER_BOUND_WITH_NONZERO_GAP
normal,0.999995500001875,4.0,3.000004499998125,0.7500011249995313,POSITIVE_LOWER_BOUND_WITH_NONZERO_GAP
ambient,1.0000000299964995,4.0,2.9999999700035005,0.7499999925008751,POSITIVE_LOWER_BOUND_WITH_NONZERO_GAP
projected,0.029997,3.0,2.970003,0.990001,POSITIVE_LOWER_BOUND_WITH_NONZERO_GAP
normal,0.9995500187504376,4.0,3.000449981249562,0.7501124953123907,POSITIVE_LOWER_BOUND_WITH_NONZERO_GAP
ambient,1.0000000299964995,4.0,2.9999999700035005,0.7499999925008751,POSITIVE_LOWER_BOUND_WITH_NONZERO_GAP
projected,0.029997,3.0,2.970003,0.990001,POSITIVE_LOWER_BOUND_WITH_NONZERO_GAP
normal,0.9995500187504376,4.0,3.000449981249562,0.7501124953123907,POSITIVE_LOWER_BOUND_WITH_NONZERO_GAP
ambient,1.0000000299964995,4.0,2.9999999700035005,0.7499999925008751,POSITIVE_LOWER_BOUND_WITH_NONZERO_GAP
projected,0.029997,3.0,2.970003,0.990001,POSITIVE_LOWER_BOUND_WITH_NONZERO_GAP
normal,0.9995500187504376,4.0,3.000449981249562,0.7501124953123907,POSITIVE_LOWER_BOUND_WITH_NONZERO_GAP
ambient,1.000296456056903,4.0,2.999703543943097,0.7499258859857743,POSITIVE_LOWER_BOUND_WITH_NONZERO_GAP
projected,0.297,3.0,2.703,0.901,POSITIVE_LOWER_BOUND_WITH_NONZERO_GAP
normal,0.9551879396223552,4.0,3.044812060377645,0.7612030150944112,POSITIVE_LOWER_BOUND_WITH_NONZERO_GAP
ambient,1.000296456056903,4.0,2.999703543943097,0.7499258859857743,POSITIVE_LOWER_BOUND_WITH_NONZERO_GAP
projected,0.297,3.0,2.703,0.901,POSITIVE_LOWER_BOUND_WITH_NONZERO_GAP
normal,0.9551879396223552,4.0,3.044812060377645,0.7612030150944112,POSITIVE_LOWER_BOUND_WITH_NONZERO_GAP
ambient,1.000296456056903,4.0,2.999703543943097,0.7499258859857743,POSITIVE_LOWER_BOUND_WITH_NONZERO_GAP
projected,0.297,3.0,2.703,0.901,POSITIVE_LOWER_BOUND_WITH_NONZERO_GAP
normal,0.9551879396223552,4.0,3.044812060377645,0.7612030150944112,POSITIVE_LOWER_BOUND_WITH_NONZERO_GAP
ambient,1.1249999999999998,4.0,2.875,0.71875,POSITIVE_LOWER_BOUND_WITH_NONZERO_GAP
projected,1.1249999999999998,3.0,1.875,0.6250000000000001,POSITIVE_LOWER_BOUND_WITH_NONZERO_GAP
normal,0.0,4.0,4.0,1.0,NO_POSITIVE_LOWER_BOUND_OBTAINED
ambient,1.1249999999999998,4.0,2.875,0.71875,POSITIVE_LOWER_BOUND_WITH_NONZERO_GAP
projected,1.1249999999999998,3.0,1.875,0.6250000000000001,POSITIVE_LOWER_BOUND_WITH_NONZERO_GAP
normal,0.0,4.0,4.0,1.0,NO_POSITIVE_LOWER_BOUND_OBTAINED
ambient,1.1249999999999998,4.0,2.875,0.71875,POSITIVE_LOWER_BOUND_WITH_NONZERO_GAP
projected,1.1249999999999998,3.0,1.875,0.6250000000000001,POSITIVE_LOWER_BOUND_WITH_NONZERO_GAP
normal,0.0,4.0,4.0,1.0,NO_POSITIVE_LOWER_BOUND_OBTAINED
ambient,0.0,4.0,4.0,1.0,NO_POSITIVE_LOWER_BOUND_OBTAINED
projected,0.0,3.0,3.0,1.0,NO_POSITIVE_LOWER_BOUND_OBTAINED
normal,0.0,4.0,4.0,1.0,NO_POSITIVE_LOWER_BOUND_OBTAINED
ambient,0.0,4.0,4.0,1.0,NO_POSITIVE_LOWER_BOUND_OBTAINED
projected,0.0,3.0,3.0,1.0,NO_POSITIVE_LOWER_BOUND_OBTAINED
normal,0.0,4.0,4.0,1.0,NO_POSITIVE_LOWER_BOUND_OBTAINED
ambient,0.0,4.0,4.0,1.0,NO_POSITIVE_LOWER_BOUND_OBTAINED
projected,0.0,3.0,3.0,1.0,NO_POSITIVE_LOWER_BOUND_OBTAINED
normal,0.0,4.0,4.0,1.0,NO_POSITIVE_LOWER_BOUND_OBTAINED
ambient,1.9999972500006091,4.0,2.000002749999391,0.5000006874998477,POSITIVE_LOWER_BOUND_WITH_NONZERO_GAP
projected,0.000999999,3.0,2.999000001,0.999666667,POSITIVE_LOWER_BOUND_WITH_NONZERO_GAP
normal,1.9999970000007496,4.0,2.00000299999925,0.5000007499998125,POSITIVE_LOWER_BOUND_WITH_NONZERO_GAP
ambient,1.9999972500006091,4.0,2.000002749999391,0.5000006874998477,POSITIVE_LOWER_BOUND_WITH_NONZERO_GAP
projected,0.000999999,3.0,2.999000001,0.999666667,POSITIVE_LOWER_BOUND_WITH_NONZERO_GAP
normal,1.9999970000007496,4.0,2.00000299999925,0.5000007499998125,POSITIVE_LOWER_BOUND_WITH_NONZERO_GAP
ambient,1.9999972500006091,4.0,2.000002749999391,0.5000006874998477,POSITIVE_LOWER_BOUND_WITH_NONZERO_GAP
projected,0.000999999,3.0,2.999000001,0.999666667,POSITIVE_LOWER_BOUND_WITH_NONZERO_GAP
normal,1.9999970000007496,4.0,2.00000299999925,0.5000007499998125,POSITIVE_LOWER_BOUND_WITH_NONZERO_GAP
ambient,1.9997250060938376,4.0,2.000274993906162,0.5000687484765405,POSITIVE_LOWER_BOUND_WITH_NONZERO_GAP
projected,0.009999,3.0,2.990001,0.996667,POSITIVE_LOWER_BOUND_WITH_NONZERO_GAP
normal,1.999700007500125,4.0,2.0002999924998752,0.5000749981249688,POSITIVE_LOWER_BOUND_WITH_NONZERO_GAP
ambient,1.9997250060938376,4.0,2.000274993906162,0.5000687484765405,POSITIVE_LOWER_BOUND_WITH_NONZERO_GAP
projected,0.009999,3.0,2.990001,0.996667,POSITIVE_LOWER_BOUND_WITH_NONZERO_GAP
normal,1.999700007500125,4.0,2.0002999924998752,0.5000749981249688,POSITIVE_LOWER_BOUND_WITH_NONZERO_GAP
ambient,1.9997250060938376,4.0,2.000274993906162,0.5000687484765405,POSITIVE_LOWER_BOUND_WITH_NONZERO_GAP
projected,0.009999,3.0,2.990001,0.996667,POSITIVE_LOWER_BOUND_WITH_NONZERO_GAP
normal,1.999700007500125,4.0,2.0002999924998752,0.5000749981249688,POSITIVE_LOWER_BOUND_WITH_NONZERO_GAP
ambient,1.972561025671956,4.0,2.027438974328044,0.506859743582011,POSITIVE_LOWER_BOUND_WITH_NONZERO_GAP
projected,0.0989999999999999,3.0,2.901,0.967,POSITIVE_LOWER_BOUND_WITH_NONZERO_GAP
normal,1.9700751254711075,4.0,2.0299248745288927,0.5074812186322232,POSITIVE_LOWER_BOUND_WITH_NONZERO_GAP
ambient,1.972561025671956,4.0,2.027438974328044,0.506859743582011,POSITIVE_LOWER_BOUND_WITH_NONZERO_GAP
projected,0.0989999999999999,3.0,2.901,0.967,POSITIVE_LOWER_BOUND_WITH_NONZERO_GAP
normal,1.9700751254711075,4.0,2.0299248745288927,0.5074812186322232,POSITIVE_LOWER_BOUND_WITH_NONZERO_GAP
ambient,1.972561025671956,4.0,2.027438974328044,0.506859743582011,POSITIVE_LOWER_BOUND_WITH_NONZERO_GAP
projected,0.0989999999999999,3.0,2.901,0.967,POSITIVE_LOWER_BOUND_WITH_NONZERO_GAP
normal,1.9700751254711075,4.0,2.0299248745288927,0.5074812186322232,POSITIVE_LOWER_BOUND_WITH_NONZERO_GAP
ambient,1.352081728298996,4.0,2.647918271701004,0.661979567925251,POSITIVE_LOWER_BOUND_WITH_NONZERO_GAP
projected,0.3749999999999999,3.0,2.625,0.875,POSITIVE_LOWER_BOUND_WITH_NONZERO_GAP
normal,1.2990381056766578,4.0,2.700961894323342,0.6752404735808355,POSITIVE_LOWER_BOUND_WITH_NONZERO_GAP
ambient,1.352081728298996,4.0,2.647918271701004,0.661979567925251,POSITIVE_LOWER_BOUND_WITH_NONZERO_GAP
projected,0.3749999999999999,3.0,2.625,0.875,POSITIVE_LOWER_BOUND_WITH_NONZERO_GAP
normal,1.2990381056766578,4.0,2.700961894323342,0.6752404735808355,POSITIVE_LOWER_BOUND_WITH_NONZERO_GAP
ambient,1.352081728298996,4.0,2.647918271701004,0.661979567925251,POSITIVE_LOWER_BOUND_WITH_NONZERO_GAP
projected,0.3749999999999999,3.0,2.625,0.875,POSITIVE_LOWER_BOUND_WITH_NONZERO_GAP
normal,1.2990381056766578,4.0,2.700961894323342,0.6752404735808355,POSITIVE_LOWER_BOUND_WITH_NONZERO_GAP
ambient,0.0,4.0,4.0,1.0,NO_POSITIVE_LOWER_BOUND_OBTAINED
projected,0.0,3.0,3.0,1.0,NO_POSITIVE_LOWER_BOUND_OBTAINED
normal,0.0,4.0,4.0,1.0,NO_POSITIVE_LOWER_BOUND_OBTAINED
ambient,0.0,4.0,4.0,1.0,NO_POSITIVE_LOWER_BOUND_OBTAINED
projected,0.0,3.0,3.0,1.0,NO_POSITIVE_LOWER_BOUND_OBTAINED
normal,0.0,4.0,4.0,1.0,NO_POSITIVE_LOWER_BOUND_OBTAINED
ambient,0.0,4.0,4.0,1.0,NO_POSITIVE_LOWER_BOUND_OBTAINED
projected,0.0,3.0,3.0,1.0,NO_POSITIVE_LOWER_BOUND_OBTAINED
normal,0.0,4.0,4.0,1.0,NO_POSITIVE_LOWER_BOUND_OBTAINED
ambient,1.9999972500006091,4.0,2.000002749999391,0.5000006874998477,POSITIVE_LOWER_BOUND_WITH_NONZERO_GAP
projected,0.000999999,3.0,2.999000001,0.999666667,POSITIVE_LOWER_BOUND_WITH_NONZERO_GAP
normal,1.9999970000007496,4.0,2.00000299999925,0.5000007499998125,POSITIVE_LOWER_BOUND_WITH_NONZERO_GAP
ambient,1.9999972500006091,4.0,2.000002749999391,0.5000006874998477,POSITIVE_LOWER_BOUND_WITH_NONZERO_GAP
projected,0.000999999,3.0,2.999000001,0.999666667,POSITIVE_LOWER_BOUND_WITH_NONZERO_GAP
normal,1.9999970000007496,4.0,2.00000299999925,0.5000007499998125,POSITIVE_LOWER_BOUND_WITH_NONZERO_GAP
ambient,1.9999972500006091,4.0,2.000002749999391,0.5000006874998477,POSITIVE_LOWER_BOUND_WITH_NONZERO_GAP
projected,0.000999999,3.0,2.999000001,0.999666667,POSITIVE_LOWER_BOUND_WITH_NONZERO_GAP
normal,1.9999970000007496,4.0,2.00000299999925,0.5000007499998125,POSITIVE_LOWER_BOUND_WITH_NONZERO_GAP
ambient,1.9997250060938376,4.0,2.000274993906162,0.5000687484765405,POSITIVE_LOWER_BOUND_WITH_NONZERO_GAP
projected,0.009999,3.0,2.990001,0.996667,POSITIVE_LOWER_BOUND_WITH_NONZERO_GAP
normal,1.999700007500125,4.0,2.0002999924998752,0.5000749981249688,POSITIVE_LOWER_BOUND_WITH_NONZERO_GAP
ambient,1.9997250060938376,4.0,2.000274993906162,0.5000687484765405,POSITIVE_LOWER_BOUND_WITH_NONZERO_GAP
projected,0.009999,3.0,2.990001,0.996667,POSITIVE_LOWER_BOUND_WITH_NONZERO_GAP
normal,1.999700007500125,4.0,2.0002999924998752,0.5000749981249688,POSITIVE_LOWER_BOUND_WITH_NONZERO_GAP
ambient,1.9997250060938376,4.0,2.000274993906162,0.5000687484765405,POSITIVE_LOWER_BOUND_WITH_NONZERO_GAP
projected,0.009999,3.0,2.990001,0.996667,POSITIVE_LOWER_BOUND_WITH_NONZERO_GAP
normal,1.999700007500125,4.0,2.0002999924998752,0.5000749981249688,POSITIVE_LOWER_BOUND_WITH_NONZERO_GAP
ambient,1.972561025671956,4.0,2.027438974328044,0.506859743582011,POSITIVE_LOWER_BOUND_WITH_NONZERO_GAP
projected,0.0989999999999999,3.0,2.901,0.967,POSITIVE_LOWER_BOUND_WITH_NONZERO_GAP
normal,1.9700751254711075,4.0,2.0299248745288927,0.5074812186322232,POSITIVE_LOWER_BOUND_WITH_NONZERO_GAP
ambient,1.972561025671956,4.0,2.027438974328044,0.506859743582011,POSITIVE_LOWER_BOUND_WITH_NONZERO_GAP
projected,0.0989999999999999,3.0,2.901,0.967,POSITIVE_LOWER_BOUND_WITH_NONZERO_GAP
normal,1.9700751254711075,4.0,2.0299248745288927,0.5074812186322232,POSITIVE_LOWER_BOUND_WITH_NONZERO_GAP
ambient,1.972561025671956,4.0,2.027438974328044,0.506859743582011,POSITIVE_LOWER_BOUND_WITH_NONZERO_GAP
projected,0.0989999999999999,3.0,2.901,0.967,POSITIVE_LOWER_BOUND_WITH_NONZERO_GAP
normal,1.9700751254711075,4.0,2.0299248745288927,0.5074812186322232,POSITIVE_LOWER_BOUND_WITH_NONZERO_GAP
ambient,1.352081728298996,4.0,2.647918271701004,0.661979567925251,POSITIVE_LOWER_BOUND_WITH_NONZERO_GAP
projected,0.3749999999999999,3.0,2.625,0.875,POSITIVE_LOWER_BOUND_WITH_NONZERO_GAP
normal,1.2990381056766578,4.0,2.700961894323342,0.6752404735808355,POSITIVE_LOWER_BOUND_WITH_NONZERO_GAP
ambient,1.352081728298996,4.0,2.647918271701004,0.661979567925251,POSITIVE_LOWER_BOUND_WITH_NONZERO_GAP
projected,0.3749999999999999,3.0,2.625,0.875,POSITIVE_LOWER_BOUND_WITH_NONZERO_GAP
normal,1.2990381056766578,4.0,2.700961894323342,0.6752404735808355,POSITIVE_LOWER_BOUND_WITH_NONZERO_GAP
ambient,1.352081728298996,4.0,2.647918271701004,0.661979567925251,POSITIVE_LOWER_BOUND_WITH_NONZERO_GAP
projected,0.3749999999999999,3.0,2.625,0.875,POSITIVE_LOWER_BOUND_WITH_NONZERO_GAP
normal,1.2990381056766578,4.0,2.700961894323342,0.6752404735808355,POSITIVE_LOWER_BOUND_WITH_NONZERO_GAP
ambient,0.0,4.0,4.0,1.0,NO_POSITIVE_LOWER_BOUND_OBTAINED
projected,0.0,3.0,3.0,1.0,NO_POSITIVE_LOWER_BOUND_OBTAINED
normal,0.0,4.0,4.0,1.0,NO_POSITIVE_LOWER_BOUND_OBTAINED
ambient,0.0,4.0,4.0,1.0,NO_POSITIVE_LOWER_BOUND_OBTAINED
projected,0.0,3.0,3.0,1.0,NO_POSITIVE_LOWER_BOUND_OBTAINED
normal,0.0,4.0,4.0,1.0,NO_POSITIVE_LOWER_BOUND_OBTAINED
ambient,0.0,4.0,4.0,1.0,NO_POSITIVE_LOWER_BOUND_OBTAINED
projected,0.0,3.0,3.0,1.0,NO_POSITIVE_LOWER_BOUND_OBTAINED
normal,0.0,4.0,4.0,1.0,NO_POSITIVE_LOWER_BOUND_OBTAINED
ambient,1.999996000001,4.0,2.000003999999,0.50000099999975,POSITIVE_LOWER_BOUND_WITH_NONZERO_GAP
projected,0.001999997,3.0,2.998000003,0.9993333343333334,POSITIVE_LOWER_BOUND_WITH_NONZERO_GAP
normal,1.99999500000175,4.0,2.00000499999825,0.5000012499995625,POSITIVE_LOWER_BOUND_WITH_NONZERO_GAP
ambient,1.999996000001,4.0,2.000003999999,0.50000099999975,POSITIVE_LOWER_BOUND_WITH_NONZERO_GAP
projected,0.001999997,3.0,2.998000003,0.9993333343333334,POSITIVE_LOWER_BOUND_WITH_NONZERO_GAP
normal,1.99999500000175,4.0,2.00000499999825,0.5000012499995625,POSITIVE_LOWER_BOUND_WITH_NONZERO_GAP
ambient,1.999996000001,4.0,2.000003999999,0.50000099999975,POSITIVE_LOWER_BOUND_WITH_NONZERO_GAP
projected,0.001999997,3.0,2.998000003,0.9993333343333334,POSITIVE_LOWER_BOUND_WITH_NONZERO_GAP
normal,1.99999500000175,4.0,2.00000499999825,0.5000012499995625,POSITIVE_LOWER_BOUND_WITH_NONZERO_GAP
ambient,1.99960001000025,4.0,2.00039998999975,0.5000999974999375,POSITIVE_LOWER_BOUND_WITH_NONZERO_GAP
projected,0.0199969999999999,3.0,2.980003,0.9933343333333332,POSITIVE_LOWER_BOUND_WITH_NONZERO_GAP
normal,1.999500017500375,4.0,2.000499982499625,0.5001249956249063,POSITIVE_LOWER_BOUND_WITH_NONZERO_GAP
ambient,1.99960001000025,4.0,2.00039998999975,0.5000999974999375,POSITIVE_LOWER_BOUND_WITH_NONZERO_GAP
projected,0.0199969999999999,3.0,2.980003,0.9933343333333332,POSITIVE_LOWER_BOUND_WITH_NONZERO_GAP
normal,1.999500017500375,4.0,2.000499982499625,0.5001249956249063,POSITIVE_LOWER_BOUND_WITH_NONZERO_GAP
ambient,1.99960001000025,4.0,2.00039998999975,0.5000999974999375,POSITIVE_LOWER_BOUND_WITH_NONZERO_GAP
projected,0.0199969999999999,3.0,2.980003,0.9933343333333332,POSITIVE_LOWER_BOUND_WITH_NONZERO_GAP
normal,1.999500017500375,4.0,2.000499982499625,0.5001249956249063,POSITIVE_LOWER_BOUND_WITH_NONZERO_GAP
ambient,1.9601002525381197,4.0,2.0398997474618805,0.5099749368654701,POSITIVE_LOWER_BOUND_WITH_NONZERO_GAP
projected,0.1969999999999999,3.0,2.803,0.9343333333333332,POSITIVE_LOWER_BOUND_WITH_NONZERO_GAP
normal,1.950175376728975,4.0,2.049824623271025,0.5124561558177563,POSITIVE_LOWER_BOUND_WITH_NONZERO_GAP
ambient,1.9601002525381197,4.0,2.0398997474618805,0.5099749368654701,POSITIVE_LOWER_BOUND_WITH_NONZERO_GAP
projected,0.1969999999999999,3.0,2.803,0.9343333333333332,POSITIVE_LOWER_BOUND_WITH_NONZERO_GAP
normal,1.950175376728975,4.0,2.049824623271025,0.5124561558177563,POSITIVE_LOWER_BOUND_WITH_NONZERO_GAP
ambient,1.9601002525381197,4.0,2.0398997474618805,0.5099749368654701,POSITIVE_LOWER_BOUND_WITH_NONZERO_GAP
projected,0.1969999999999999,3.0,2.803,0.9343333333333332,POSITIVE_LOWER_BOUND_WITH_NONZERO_GAP
normal,1.950175376728975,4.0,2.049824623271025,0.5124561558177563,POSITIVE_LOWER_BOUND_WITH_NONZERO_GAP
ambient,1.0680004681646913,4.0,2.9319995318353085,0.7329998829588271,POSITIVE_LOWER_BOUND_WITH_NONZERO_GAP
projected,0.6249999999999999,3.0,2.375,0.7916666666666666,POSITIVE_LOWER_BOUND_WITH_NONZERO_GAP
normal,0.8660254037844386,4.0,3.1339745962155616,0.7834936490538904,POSITIVE_LOWER_BOUND_WITH_NONZERO_GAP
ambient,1.0680004681646913,4.0,2.9319995318353085,0.7329998829588271,POSITIVE_LOWER_BOUND_WITH_NONZERO_GAP
projected,0.6249999999999999,3.0,2.375,0.7916666666666666,POSITIVE_LOWER_BOUND_WITH_NONZERO_GAP
normal,0.8660254037844386,4.0,3.1339745962155616,0.7834936490538904,POSITIVE_LOWER_BOUND_WITH_NONZERO_GAP
ambient,1.0680004681646913,4.0,2.9319995318353085,0.7329998829588271,POSITIVE_LOWER_BOUND_WITH_NONZERO_GAP
projected,0.6249999999999999,3.0,2.375,0.7916666666666666,POSITIVE_LOWER_BOUND_WITH_NONZERO_GAP
normal,0.8660254037844386,4.0,3.1339745962155616,0.7834936490538904,POSITIVE_LOWER_BOUND_WITH_NONZERO_GAP
ambient,1.0,4.0,3.0,0.75,POSITIVE_LOWER_BOUND_WITH_NONZERO_GAP
projected,1.0,3.0,2.0,0.6666666666666666,POSITIVE_LOWER_BOUND_WITH_NONZERO_GAP
normal,0.0,4.0,4.0,1.0,NO_POSITIVE_LOWER_BOUND_OBTAINED
ambient,1.0,4.0,3.0,0.75,POSITIVE_LOWER_BOUND_WITH_NONZERO_GAP
projected,1.0,3.0,2.0,0.6666666666666666,POSITIVE_LOWER_BOUND_WITH_NONZERO_GAP
normal,0.0,4.0,4.0,1.0,NO_POSITIVE_LOWER_BOUND_OBTAINED
ambient,1.0,4.0,3.0,0.75,POSITIVE_LOWER_BOUND_WITH_NONZERO_GAP
projected,1.0,3.0,2.0,0.6666666666666666,POSITIVE_LOWER_BOUND_WITH_NONZERO_GAP
normal,0.0,4.0,4.0,1.0,NO_POSITIVE_LOWER_BOUND_OBTAINED
ambient,1.9999972500006091,4.0,2.000002749999391,0.5000006874998477,POSITIVE_LOWER_BOUND_WITH_NONZERO_GAP
projected,0.000999999,3.0,2.999000001,0.999666667,POSITIVE_LOWER_BOUND_WITH_NONZERO_GAP
normal,1.9999970000007496,4.0,2.00000299999925,0.5000007499998125,POSITIVE_LOWER_BOUND_WITH_NONZERO_GAP
ambient,1.9999972500006091,4.0,2.000002749999391,0.5000006874998477,POSITIVE_LOWER_BOUND_WITH_NONZERO_GAP
projected,0.000999999,3.0,2.999000001,0.999666667,POSITIVE_LOWER_BOUND_WITH_NONZERO_GAP
normal,1.9999970000007496,4.0,2.00000299999925,0.5000007499998125,POSITIVE_LOWER_BOUND_WITH_NONZERO_GAP
ambient,1.9999972500006091,4.0,2.000002749999391,0.5000006874998477,POSITIVE_LOWER_BOUND_WITH_NONZERO_GAP
projected,0.000999999,3.0,2.999000001,0.999666667,POSITIVE_LOWER_BOUND_WITH_NONZERO_GAP
normal,1.9999970000007496,4.0,2.00000299999925,0.5000007499998125,POSITIVE_LOWER_BOUND_WITH_NONZERO_GAP
ambient,1.9997250060938376,4.0,2.000274993906162,0.5000687484765405,POSITIVE_LOWER_BOUND_WITH_NONZERO_GAP
projected,0.009999,3.0,2.990001,0.996667,POSITIVE_LOWER_BOUND_WITH_NONZERO_GAP
normal,1.999700007500125,4.0,2.0002999924998752,0.5000749981249688,POSITIVE_LOWER_BOUND_WITH_NONZERO_GAP
ambient,1.9997250060938376,4.0,2.000274993906162,0.5000687484765405,POSITIVE_LOWER_BOUND_WITH_NONZERO_GAP
projected,0.009999,3.0,2.990001,0.996667,POSITIVE_LOWER_BOUND_WITH_NONZERO_GAP
normal,1.999700007500125,4.0,2.0002999924998752,0.5000749981249688,POSITIVE_LOWER_BOUND_WITH_NONZERO_GAP
ambient,1.9997250060938376,4.0,2.000274993906162,0.5000687484765405,POSITIVE_LOWER_BOUND_WITH_NONZERO_GAP
projected,0.009999,3.0,2.990001,0.996667,POSITIVE_LOWER_BOUND_WITH_NONZERO_GAP
normal,1.999700007500125,4.0,2.0002999924998752,0.5000749981249688,POSITIVE_LOWER_BOUND_WITH_NONZERO_GAP
ambient,1.972561025671956,4.0,2.027438974328044,0.506859743582011,POSITIVE_LOWER_BOUND_WITH_NONZERO_GAP
projected,0.0989999999999999,3.0,2.901,0.967,POSITIVE_LOWER_BOUND_WITH_NONZERO_GAP
normal,1.9700751254711075,4.0,2.0299248745288927,0.5074812186322232,POSITIVE_LOWER_BOUND_WITH_NONZERO_GAP
ambient,1.972561025671956,4.0,2.027438974328044,0.506859743582011,POSITIVE_LOWER_BOUND_WITH_NONZERO_GAP
projected,0.0989999999999999,3.0,2.901,0.967,POSITIVE_LOWER_BOUND_WITH_NONZERO_GAP
normal,1.9700751254711075,4.0,2.0299248745288927,0.5074812186322232,POSITIVE_LOWER_BOUND_WITH_NONZERO_GAP
ambient,1.972561025671956,4.0,2.027438974328044,0.506859743582011,POSITIVE_LOWER_BOUND_WITH_NONZERO_GAP
projected,0.0989999999999999,3.0,2.901,0.967,POSITIVE_LOWER_BOUND_WITH_NONZERO_GAP
normal,1.9700751254711075,4.0,2.0299248745288927,0.5074812186322232,POSITIVE_LOWER_BOUND_WITH_NONZERO_GAP
ambient,1.352081728298996,4.0,2.647918271701004,0.661979567925251,POSITIVE_LOWER_BOUND_WITH_NONZERO_GAP
projected,0.3749999999999999,3.0,2.625,0.875,POSITIVE_LOWER_BOUND_WITH_NONZERO_GAP
normal,1.2990381056766578,4.0,2.700961894323342,0.6752404735808355,POSITIVE_LOWER_BOUND_WITH_NONZERO_GAP
ambient,1.352081728298996,4.0,2.647918271701004,0.661979567925251,POSITIVE_LOWER_BOUND_WITH_NONZERO_GAP
projected,0.3749999999999999,3.0,2.625,0.875,POSITIVE_LOWER_BOUND_WITH_NONZERO_GAP
normal,1.2990381056766578,4.0,2.700961894323342,0.6752404735808355,POSITIVE_LOWER_BOUND_WITH_NONZERO_GAP
ambient,1.352081728298996,4.0,2.647918271701004,0.661979567925251,POSITIVE_LOWER_BOUND_WITH_NONZERO_GAP
projected,0.3749999999999999,3.0,2.625,0.875,POSITIVE_LOWER_BOUND_WITH_NONZERO_GAP
normal,1.2990381056766578,4.0,2.700961894323342,0.6752404735808355,POSITIVE_LOWER_BOUND_WITH_NONZERO_GAP
ambient,0.0,4.0,4.0,1.0,NO_POSITIVE_LOWER_BOUND_OBTAINED
projected,0.0,3.0,3.0,1.0,NO_POSITIVE_LOWER_BOUND_OBTAINED
normal,0.0,4.0,4.0,1.0,NO_POSITIVE_LOWER_BOUND_OBTAINED
ambient,0.0,4.0,4.0,1.0,NO_POSITIVE_LOWER_BOUND_OBTAINED
projected,0.0,3.0,3.0,1.0,NO_POSITIVE_LOWER_BOUND_OBTAINED
normal,0.0,4.0,4.0,1.0,NO_POSITIVE_LOWER_BOUND_OBTAINED
ambient,0.0,4.0,4.0,1.0,NO_POSITIVE_LOWER_BOUND_OBTAINED
projected,0.0,3.0,3.0,1.0,NO_POSITIVE_LOWER_BOUND_OBTAINED
normal,0.0,4.0,4.0,1.0,NO_POSITIVE_LOWER_BOUND_OBTAINED
ambient,1.9999972500006091,4.0,2.000002749999391,0.5000006874998477,POSITIVE_LOWER_BOUND_WITH_NONZERO_GAP
projected,0.000999999,3.0,2.999000001,0.999666667,POSITIVE_LOWER_BOUND_WITH_NONZERO_GAP
normal,1.9999970000007496,4.0,2.00000299999925,0.5000007499998125,POSITIVE_LOWER_BOUND_WITH_NONZERO_GAP
ambient,1.9999972500006091,4.0,2.000002749999391,0.5000006874998477,POSITIVE_LOWER_BOUND_WITH_NONZERO_GAP
projected,0.000999999,3.0,2.999000001,0.999666667,POSITIVE_LOWER_BOUND_WITH_NONZERO_GAP
normal,1.9999970000007496,4.0,2.00000299999925,0.5000007499998125,POSITIVE_LOWER_BOUND_WITH_NONZERO_GAP
ambient,1.9999972500006091,4.0,2.000002749999391,0.5000006874998477,POSITIVE_LOWER_BOUND_WITH_NONZERO_GAP
projected,0.000999999,3.0,2.999000001,0.999666667,POSITIVE_LOWER_BOUND_WITH_NONZERO_GAP
normal,1.9999970000007496,4.0,2.00000299999925,0.5000007499998125,POSITIVE_LOWER_BOUND_WITH_NONZERO_GAP
ambient,1.9997250060938376,4.0,2.000274993906162,0.5000687484765405,POSITIVE_LOWER_BOUND_WITH_NONZERO_GAP
projected,0.009999,3.0,2.990001,0.996667,POSITIVE_LOWER_BOUND_WITH_NONZERO_GAP
normal,1.999700007500125,4.0,2.0002999924998752,0.5000749981249688,POSITIVE_LOWER_BOUND_WITH_NONZERO_GAP
ambient,1.9997250060938376,4.0,2.000274993906162,0.5000687484765405,POSITIVE_LOWER_BOUND_WITH_NONZERO_GAP
projected,0.009999,3.0,2.990001,0.996667,POSITIVE_LOWER_BOUND_WITH_NONZERO_GAP
normal,1.999700007500125,4.0,2.0002999924998752,0.5000749981249688,POSITIVE_LOWER_BOUND_WITH_NONZERO_GAP
ambient,1.9997250060938376,4.0,2.000274993906162,0.5000687484765405,POSITIVE_LOWER_BOUND_WITH_NONZERO_GAP
projected,0.009999,3.0,2.990001,0.996667,POSITIVE_LOWER_BOUND_WITH_NONZERO_GAP
normal,1.999700007500125,4.0,2.0002999924998752,0.5000749981249688,POSITIVE_LOWER_BOUND_WITH_NONZERO_GAP
ambient,1.972561025671956,4.0,2.027438974328044,0.506859743582011,POSITIVE_LOWER_BOUND_WITH_NONZERO_GAP
projected,0.0989999999999999,3.0,2.901,0.967,POSITIVE_LOWER_BOUND_WITH_NONZERO_GAP
normal,1.9700751254711075,4.0,2.0299248745288927,0.5074812186322232,POSITIVE_LOWER_BOUND_WITH_NONZERO_GAP
ambient,1.972561025671956,4.0,2.027438974328044,0.506859743582011,POSITIVE_LOWER_BOUND_WITH_NONZERO_GAP
projected,0.0989999999999999,3.0,2.901,0.967,POSITIVE_LOWER_BOUND_WITH_NONZERO_GAP
normal,1.9700751254711075,4.0,2.0299248745288927,0.5074812186322232,POSITIVE_LOWER_BOUND_WITH_NONZERO_GAP
ambient,1.972561025671956,4.0,2.027438974328044,0.506859743582011,POSITIVE_LOWER_BOUND_WITH_NONZERO_GAP
projected,0.0989999999999999,3.0,2.901,0.967,POSITIVE_LOWER_BOUND_WITH_NONZERO_GAP
normal,1.9700751254711075,4.0,2.0299248745288927,0.5074812186322232,POSITIVE_LOWER_BOUND_WITH_NONZERO_GAP
ambient,1.352081728298996,4.0,2.647918271701004,0.661979567925251,POSITIVE_LOWER_BOUND_WITH_NONZERO_GAP
projected,0.3749999999999999,3.0,2.625,0.875,POSITIVE_LOWER_BOUND_WITH_NONZERO_GAP
normal,1.2990381056766578,4.0,2.700961894323342,0.6752404735808355,POSITIVE_LOWER_BOUND_WITH_NONZERO_GAP
ambient,1.352081728298996,4.0,2.647918271701004,0.661979567925251,POSITIVE_LOWER_BOUND_WITH_NONZERO_GAP
projected,0.3749999999999999,3.0,2.625,0.875,POSITIVE_LOWER_BOUND_WITH_NONZERO_GAP
normal,1.2990381056766578,4.0,2.700961894323342,0.6752404735808355,POSITIVE_LOWER_BOUND_WITH_NONZERO_GAP
ambient,1.352081728298996,4.0,2.647918271701004,0.661979567925251,POSITIVE_LOWER_BOUND_WITH_NONZERO_GAP
projected,0.3749999999999999,3.0,2.625,0.875,POSITIVE_LOWER_BOUND_WITH_NONZERO_GAP
normal,1.2990381056766578,4.0,2.700961894323342,0.6752404735808355,POSITIVE_LOWER_BOUND_WITH_NONZERO_GAP
ambient,0.0,4.0,4.0,1.0,NO_POSITIVE_LOWER_BOUND_OBTAINED
projected,0.0,3.0,3.0,1.0,NO_POSITIVE_LOWER_BOUND_OBTAINED
normal,0.0,4.0,4.0,1.0,NO_POSITIVE_LOWER_BOUND_OBTAINED
ambient,0.0,4.0,4.0,1.0,NO_POSITIVE_LOWER_BOUND_OBTAINED
projected,0.0,3.0,3.0,1.0,NO_POSITIVE_LOWER_BOUND_OBTAINED
normal,0.0,4.0,4.0,1.0,NO_POSITIVE_LOWER_BOUND_OBTAINED
ambient,0.0,4.0,4.0,1.0,NO_POSITIVE_LOWER_BOUND_OBTAINED
projected,0.0,3.0,3.0,1.0,NO_POSITIVE_LOWER_BOUND_OBTAINED
normal,0.0,4.0,4.0,1.0,NO_POSITIVE_LOWER_BOUND_OBTAINED
ambient,1.9999972500006091,4.0,2.000002749999391,0.5000006874998477,POSITIVE_LOWER_BOUND_WITH_NONZERO_GAP
projected,0.000999999,3.0,2.999000001,0.999666667,POSITIVE_LOWER_BOUND_WITH_NONZERO_GAP
normal,1.9999970000007496,4.0,2.00000299999925,0.5000007499998125,POSITIVE_LOWER_BOUND_WITH_NONZERO_GAP
ambient,1.9999972500006091,4.0,2.000002749999391,0.5000006874998477,POSITIVE_LOWER_BOUND_WITH_NONZERO_GAP
projected,0.000999999,3.0,2.999000001,0.999666667,POSITIVE_LOWER_BOUND_WITH_NONZERO_GAP
normal,1.9999970000007496,4.0,2.00000299999925,0.5000007499998125,POSITIVE_LOWER_BOUND_WITH_NONZERO_GAP
ambient,1.9999972500006091,4.0,2.000002749999391,0.5000006874998477,POSITIVE_LOWER_BOUND_WITH_NONZERO_GAP
projected,0.000999999,3.0,2.999000001,0.999666667,POSITIVE_LOWER_BOUND_WITH_NONZERO_GAP
normal,1.9999970000007496,4.0,2.00000299999925,0.5000007499998125,POSITIVE_LOWER_BOUND_WITH_NONZERO_GAP
ambient,1.9997250060938376,4.0,2.000274993906162,0.5000687484765405,POSITIVE_LOWER_BOUND_WITH_NONZERO_GAP
projected,0.009999,3.0,2.990001,0.996667,POSITIVE_LOWER_BOUND_WITH_NONZERO_GAP
normal,1.999700007500125,4.0,2.0002999924998752,0.5000749981249688,POSITIVE_LOWER_BOUND_WITH_NONZERO_GAP
ambient,1.9997250060938376,4.0,2.000274993906162,0.5000687484765405,POSITIVE_LOWER_BOUND_WITH_NONZERO_GAP
projected,0.009999,3.0,2.990001,0.996667,POSITIVE_LOWER_BOUND_WITH_NONZERO_GAP
normal,1.999700007500125,4.0,2.0002999924998752,0.5000749981249688,POSITIVE_LOWER_BOUND_WITH_NONZERO_GAP
ambient,1.9997250060938376,4.0,2.000274993906162,0.5000687484765405,POSITIVE_LOWER_BOUND_WITH_NONZERO_GAP
projected,0.009999,3.0,2.990001,0.996667,POSITIVE_LOWER_BOUND_WITH_NONZERO_GAP
normal,1.999700007500125,4.0,2.0002999924998752,0.5000749981249688,POSITIVE_LOWER_BOUND_WITH_NONZERO_GAP
ambient,1.972561025671956,4.0,2.027438974328044,0.506859743582011,POSITIVE_LOWER_BOUND_WITH_NONZERO_GAP
projected,0.0989999999999999,3.0,2.901,0.967,POSITIVE_LOWER_BOUND_WITH_NONZERO_GAP
normal,1.9700751254711075,4.0,2.0299248745288927,0.5074812186322232,POSITIVE_LOWER_BOUND_WITH_NONZERO_GAP
ambient,1.972561025671956,4.0,2.027438974328044,0.506859743582011,POSITIVE_LOWER_BOUND_WITH_NONZERO_GAP
projected,0.0989999999999999,3.0,2.901,0.967,POSITIVE_LOWER_BOUND_WITH_NONZERO_GAP
normal,1.9700751254711075,4.0,2.0299248745288927,0.5074812186322232,POSITIVE_LOWER_BOUND_WITH_NONZERO_GAP
ambient,1.972561025671956,4.0,2.027438974328044,0.506859743582011,POSITIVE_LOWER_BOUND_WITH_NONZERO_GAP
projected,0.0989999999999999,3.0,2.901,0.967,POSITIVE_LOWER_BOUND_WITH_NONZERO_GAP
normal,1.9700751254711075,4.0,2.0299248745288927,0.5074812186322232,POSITIVE_LOWER_BOUND_WITH_NONZERO_GAP
ambient,1.352081728298996,4.0,2.647918271701004,0.661979567925251,POSITIVE_LOWER_BOUND_WITH_NONZERO_GAP
projected,0.3749999999999999,3.0,2.625,0.875,POSITIVE_LOWER_BOUND_WITH_NONZERO_GAP
normal,1.2990381056766578,4.0,2.700961894323342,0.6752404735808355,POSITIVE_LOWER_BOUND_WITH_NONZERO_GAP
ambient,1.352081728298996,4.0,2.647918271701004,0.661979567925251,POSITIVE_LOWER_BOUND_WITH_NONZERO_GAP
projected,0.3749999999999999,3.0,2.625,0.875,POSITIVE_LOWER_BOUND_WITH_NONZERO_GAP
normal,1.2990381056766578,4.0,2.700961894323342,0.6752404735808355,POSITIVE_LOWER_BOUND_WITH_NONZERO_GAP
ambient,1.352081728298996,4.0,2.647918271701004,0.661979567925251,POSITIVE_LOWER_BOUND_WITH_NONZERO_GAP
projected,0.3749999999999999,3.0,2.625,0.875,POSITIVE_LOWER_BOUND_WITH_NONZERO_GAP
normal,1.2990381056766578,4.0,2.700961894323342,0.6752404735808355,POSITIVE_LOWER_BOUND_WITH_NONZERO_GAP
ambient,0.0,4.0,4.0,1.0,NO_POSITIVE_LOWER_BOUND_OBTAINED
projected,0.0,3.0,3.0,1.0,NO_POSITIVE_LOWER_BOUND_OBTAINED
normal,0.0,4.0,4.0,1.0,NO_POSITIVE_LOWER_BOUND_OBTAINED
ambient,0.0,4.0,4.0,1.0,NO_POSITIVE_LOWER_BOUND_OBTAINED
projected,0.0,3.0,3.0,1.0,NO_POSITIVE_LOWER_BOUND_OBTAINED
normal,0.0,4.0,4.0,1.0,NO_POSITIVE_LOWER_BOUND_OBTAINED
ambient,0.0,4.0,4.0,1.0,NO_POSITIVE_LOWER_BOUND_OBTAINED
projected,0.0,3.0,3.0,1.0,NO_POSITIVE_LOWER_BOUND_OBTAINED
normal,0.0,4.0,4.0,1.0,NO_POSITIVE_LOWER_BOUND_OBTAINED
ambient,1.999996000001,4.0,2.000003999999,0.50000099999975,POSITIVE_LOWER_BOUND_WITH_NONZERO_GAP
projected,0.001999997,3.0,2.998000003,0.9993333343333334,POSITIVE_LOWER_BOUND_WITH_NONZERO_GAP
normal,1.99999500000175,4.0,2.00000499999825,0.5000012499995625,POSITIVE_LOWER_BOUND_WITH_NONZERO_GAP
ambient,1.999996000001,4.0,2.000003999999,0.50000099999975,POSITIVE_LOWER_BOUND_WITH_NONZERO_GAP
projected,0.001999997,3.0,2.998000003,0.9993333343333334,POSITIVE_LOWER_BOUND_WITH_NONZERO_GAP
normal,1.99999500000175,4.0,2.00000499999825,0.5000012499995625,POSITIVE_LOWER_BOUND_WITH_NONZERO_GAP
ambient,1.999996000001,4.0,2.000003999999,0.50000099999975,POSITIVE_LOWER_BOUND_WITH_NONZERO_GAP
projected,0.001999997,3.0,2.998000003,0.9993333343333334,POSITIVE_LOWER_BOUND_WITH_NONZERO_GAP
normal,1.99999500000175,4.0,2.00000499999825,0.5000012499995625,POSITIVE_LOWER_BOUND_WITH_NONZERO_GAP
ambient,1.99960001000025,4.0,2.00039998999975,0.5000999974999375,POSITIVE_LOWER_BOUND_WITH_NONZERO_GAP
projected,0.0199969999999999,3.0,2.980003,0.9933343333333332,POSITIVE_LOWER_BOUND_WITH_NONZERO_GAP
normal,1.999500017500375,4.0,2.000499982499625,0.5001249956249063,POSITIVE_LOWER_BOUND_WITH_NONZERO_GAP
ambient,1.99960001000025,4.0,2.00039998999975,0.5000999974999375,POSITIVE_LOWER_BOUND_WITH_NONZERO_GAP
projected,0.0199969999999999,3.0,2.980003,0.9933343333333332,POSITIVE_LOWER_BOUND_WITH_NONZERO_GAP
normal,1.999500017500375,4.0,2.000499982499625,0.5001249956249063,POSITIVE_LOWER_BOUND_WITH_NONZERO_GAP
ambient,1.99960001000025,4.0,2.00039998999975,0.5000999974999375,POSITIVE_LOWER_BOUND_WITH_NONZERO_GAP
projected,0.0199969999999999,3.0,2.980003,0.9933343333333332,POSITIVE_LOWER_BOUND_WITH_NONZERO_GAP
normal,1.999500017500375,4.0,2.000499982499625,0.5001249956249063,POSITIVE_LOWER_BOUND_WITH_NONZERO_GAP
ambient,1.9601002525381197,4.0,2.0398997474618805,0.5099749368654701,POSITIVE_LOWER_BOUND_WITH_NONZERO_GAP
projected,0.1969999999999999,3.0,2.803,0.9343333333333332,POSITIVE_LOWER_BOUND_WITH_NONZERO_GAP
normal,1.950175376728975,4.0,2.049824623271025,0.5124561558177563,POSITIVE_LOWER_BOUND_WITH_NONZERO_GAP
ambient,1.9601002525381197,4.0,2.0398997474618805,0.5099749368654701,POSITIVE_LOWER_BOUND_WITH_NONZERO_GAP
projected,0.1969999999999999,3.0,2.803,0.9343333333333332,POSITIVE_LOWER_BOUND_WITH_NONZERO_GAP
normal,1.950175376728975,4.0,2.049824623271025,0.5124561558177563,POSITIVE_LOWER_BOUND_WITH_NONZERO_GAP
ambient,1.9601002525381197,4.0,2.0398997474618805,0.5099749368654701,POSITIVE_LOWER_BOUND_WITH_NONZERO_GAP
projected,0.1969999999999999,3.0,2.803,0.9343333333333332,POSITIVE_LOWER_BOUND_WITH_NONZERO_GAP
normal,1.950175376728975,4.0,2.049824623271025,0.5124561558177563,POSITIVE_LOWER_BOUND_WITH_NONZERO_GAP
ambient,1.0680004681646913,4.0,2.9319995318353085,0.7329998829588271,POSITIVE_LOWER_BOUND_WITH_NONZERO_GAP
projected,0.6249999999999999,3.0,2.375,0.7916666666666666,POSITIVE_LOWER_BOUND_WITH_NONZERO_GAP
normal,0.8660254037844386,4.0,3.1339745962155616,0.7834936490538904,POSITIVE_LOWER_BOUND_WITH_NONZERO_GAP
ambient,1.0680004681646913,4.0,2.9319995318353085,0.7329998829588271,POSITIVE_LOWER_BOUND_WITH_NONZERO_GAP
projected,0.6249999999999999,3.0,2.375,0.7916666666666666,POSITIVE_LOWER_BOUND_WITH_NONZERO_GAP
normal,0.8660254037844386,4.0,3.1339745962155616,0.7834936490538904,POSITIVE_LOWER_BOUND_WITH_NONZERO_GAP
ambient,1.0680004681646913,4.0,2.9319995318353085,0.7329998829588271,POSITIVE_LOWER_BOUND_WITH_NONZERO_GAP
projected,0.6249999999999999,3.0,2.375,0.7916666666666666,POSITIVE_LOWER_BOUND_WITH_NONZERO_GAP
normal,0.8660254037844386,4.0,3.1339745962155616,0.7834936490538904,POSITIVE_LOWER_BOUND_WITH_NONZERO_GAP
ambient,1.0,4.0,3.0,0.75,POSITIVE_LOWER_BOUND_WITH_NONZERO_GAP
projected,1.0,3.0,2.0,0.6666666666666666,POSITIVE_LOWER_BOUND_WITH_NONZERO_GAP
normal,0.0,4.0,4.0,1.0,NO_POSITIVE_LOWER_BOUND_OBTAINED
ambient,1.0,4.0,3.0,0.75,POSITIVE_LOWER_BOUND_WITH_NONZERO_GAP
projected,1.0,3.0,2.0,0.6666666666666666,POSITIVE_LOWER_BOUND_WITH_NONZERO_GAP
normal,0.0,4.0,4.0,1.0,NO_POSITIVE_LOWER_BOUND_OBTAINED
ambient,1.0,4.0,3.0,0.75,POSITIVE_LOWER_BOUND_WITH_NONZERO_GAP
projected,1.0,3.0,2.0,0.6666666666666666,POSITIVE_LOWER_BOUND_WITH_NONZERO_GAP
normal,0.0,4.0,4.0,1.0,NO_POSITIVE_LOWER_BOUND_OBTAINED
ambient,1.9999972500006091,4.0,2.000002749999391,0.5000006874998477,POSITIVE_LOWER_BOUND_WITH_NONZERO_GAP
projected,0.000999999,3.0,2.999000001,0.999666667,POSITIVE_LOWER_BOUND_WITH_NONZERO_GAP
normal,1.9999970000007496,4.0,2.00000299999925,0.5000007499998125,POSITIVE_LOWER_BOUND_WITH_NONZERO_GAP
ambient,1.9999972500006091,4.0,2.000002749999391,0.5000006874998477,POSITIVE_LOWER_BOUND_WITH_NONZERO_GAP
projected,0.000999999,3.0,2.999000001,0.999666667,POSITIVE_LOWER_BOUND_WITH_NONZERO_GAP
normal,1.9999970000007496,4.0,2.00000299999925,0.5000007499998125,POSITIVE_LOWER_BOUND_WITH_NONZERO_GAP
ambient,1.9999972500006091,4.0,2.000002749999391,0.5000006874998477,POSITIVE_LOWER_BOUND_WITH_NONZERO_GAP
projected,0.000999999,3.0,2.999000001,0.999666667,POSITIVE_LOWER_BOUND_WITH_NONZERO_GAP
normal,1.9999970000007496,4.0,2.00000299999925,0.5000007499998125,POSITIVE_LOWER_BOUND_WITH_NONZERO_GAP
ambient,1.9997250060938376,4.0,2.000274993906162,0.5000687484765405,POSITIVE_LOWER_BOUND_WITH_NONZERO_GAP
projected,0.009999,3.0,2.990001,0.996667,POSITIVE_LOWER_BOUND_WITH_NONZERO_GAP
normal,1.999700007500125,4.0,2.0002999924998752,0.5000749981249688,POSITIVE_LOWER_BOUND_WITH_NONZERO_GAP
ambient,1.9997250060938376,4.0,2.000274993906162,0.5000687484765405,POSITIVE_LOWER_BOUND_WITH_NONZERO_GAP
projected,0.009999,3.0,2.990001,0.996667,POSITIVE_LOWER_BOUND_WITH_NONZERO_GAP
normal,1.999700007500125,4.0,2.0002999924998752,0.5000749981249688,POSITIVE_LOWER_BOUND_WITH_NONZERO_GAP
ambient,1.9997250060938376,4.0,2.000274993906162,0.5000687484765405,POSITIVE_LOWER_BOUND_WITH_NONZERO_GAP
projected,0.009999,3.0,2.990001,0.996667,POSITIVE_LOWER_BOUND_WITH_NONZERO_GAP
normal,1.999700007500125,4.0,2.0002999924998752,0.5000749981249688,POSITIVE_LOWER_BOUND_WITH_NONZERO_GAP
ambient,1.972561025671956,4.0,2.027438974328044,0.506859743582011,POSITIVE_LOWER_BOUND_WITH_NONZERO_GAP
projected,0.0989999999999999,3.0,2.901,0.967,POSITIVE_LOWER_BOUND_WITH_NONZERO_GAP
normal,1.9700751254711075,4.0,2.0299248745288927,0.5074812186322232,POSITIVE_LOWER_BOUND_WITH_NONZERO_GAP
ambient,1.972561025671956,4.0,2.027438974328044,0.506859743582011,POSITIVE_LOWER_BOUND_WITH_NONZERO_GAP
projected,0.0989999999999999,3.0,2.901,0.967,POSITIVE_LOWER_BOUND_WITH_NONZERO_GAP
normal,1.9700751254711075,4.0,2.0299248745288927,0.5074812186322232,POSITIVE_LOWER_BOUND_WITH_NONZERO_GAP
ambient,1.972561025671956,4.0,2.027438974328044,0.506859743582011,POSITIVE_LOWER_BOUND_WITH_NONZERO_GAP
projected,0.0989999999999999,3.0,2.901,0.967,POSITIVE_LOWER_BOUND_WITH_NONZERO_GAP
normal,1.9700751254711075,4.0,2.0299248745288927,0.5074812186322232,POSITIVE_LOWER_BOUND_WITH_NONZERO_GAP
ambient,1.352081728298996,4.0,2.647918271701004,0.661979567925251,POSITIVE_LOWER_BOUND_WITH_NONZERO_GAP
projected,0.3749999999999999,3.0,2.625,0.875,POSITIVE_LOWER_BOUND_WITH_NONZERO_GAP
normal,1.2990381056766578,4.0,2.700961894323342,0.6752404735808355,POSITIVE_LOWER_BOUND_WITH_NONZERO_GAP
ambient,1.352081728298996,4.0,2.647918271701004,0.661979567925251,POSITIVE_LOWER_BOUND_WITH_NONZERO_GAP
projected,0.3749999999999999,3.0,2.625,0.875,POSITIVE_LOWER_BOUND_WITH_NONZERO_GAP
normal,1.2990381056766578,4.0,2.700961894323342,0.6752404735808355,POSITIVE_LOWER_BOUND_WITH_NONZERO_GAP
ambient,1.352081728298996,4.0,2.647918271701004,0.661979567925251,POSITIVE_LOWER_BOUND_WITH_NONZERO_GAP
projected,0.3749999999999999,3.0,2.625,0.875,POSITIVE_LOWER_BOUND_WITH_NONZERO_GAP
normal,1.2990381056766578,4.0,2.700961894323342,0.6752404735808355,POSITIVE_LOWER_BOUND_WITH_NONZERO_GAP
ambient,0.0,4.0,4.0,1.0,NO_POSITIVE_LOWER_BOUND_OBTAINED
projected,0.0,3.0,3.0,1.0,NO_POSITIVE_LOWER_BOUND_OBTAINED
normal,0.0,4.0,4.0,1.0,NO_POSITIVE_LOWER_BOUND_OBTAINED
ambient,0.0,4.0,4.0,1.0,NO_POSITIVE_LOWER_BOUND_OBTAINED
projected,0.0,3.0,3.0,1.0,NO_POSITIVE_LOWER_BOUND_OBTAINED
normal,0.0,4.0,4.0,1.0,NO_POSITIVE_LOWER_BOUND_OBTAINED
ambient,0.0,4.0,4.0,1.0,NO_POSITIVE_LOWER_BOUND_OBTAINED
projected,0.0,3.0,3.0,1.0,NO_POSITIVE_LOWER_BOUND_OBTAINED
normal,0.0,4.0,4.0,1.0,NO_POSITIVE_LOWER_BOUND_OBTAINED
ambient,1.9999972500006091,4.0,2.000002749999391,0.5000006874998477,POSITIVE_LOWER_BOUND_WITH_NONZERO_GAP
projected,0.000999999,3.0,2.999000001,0.999666667,POSITIVE_LOWER_BOUND_WITH_NONZERO_GAP
normal,1.9999970000007496,4.0,2.00000299999925,0.5000007499998125,POSITIVE_LOWER_BOUND_WITH_NONZERO_GAP
ambient,1.9999972500006091,4.0,2.000002749999391,0.5000006874998477,POSITIVE_LOWER_BOUND_WITH_NONZERO_GAP
projected,0.000999999,3.0,2.999000001,0.999666667,POSITIVE_LOWER_BOUND_WITH_NONZERO_GAP
normal,1.9999970000007496,4.0,2.00000299999925,0.5000007499998125,POSITIVE_LOWER_BOUND_WITH_NONZERO_GAP
ambient,1.9999972500006091,4.0,2.000002749999391,0.5000006874998477,POSITIVE_LOWER_BOUND_WITH_NONZERO_GAP
projected,0.000999999,3.0,2.999000001,0.999666667,POSITIVE_LOWER_BOUND_WITH_NONZERO_GAP
normal,1.9999970000007496,4.0,2.00000299999925,0.5000007499998125,POSITIVE_LOWER_BOUND_WITH_NONZERO_GAP
ambient,1.9997250060938376,4.0,2.000274993906162,0.5000687484765405,POSITIVE_LOWER_BOUND_WITH_NONZERO_GAP
projected,0.009999,3.0,2.990001,0.996667,POSITIVE_LOWER_BOUND_WITH_NONZERO_GAP
normal,1.999700007500125,4.0,2.0002999924998752,0.5000749981249688,POSITIVE_LOWER_BOUND_WITH_NONZERO_GAP
ambient,1.9997250060938376,4.0,2.000274993906162,0.5000687484765405,POSITIVE_LOWER_BOUND_WITH_NONZERO_GAP
projected,0.009999,3.0,2.990001,0.996667,POSITIVE_LOWER_BOUND_WITH_NONZERO_GAP
normal,1.999700007500125,4.0,2.0002999924998752,0.5000749981249688,POSITIVE_LOWER_BOUND_WITH_NONZERO_GAP
ambient,1.9997250060938376,4.0,2.000274993906162,0.5000687484765405,POSITIVE_LOWER_BOUND_WITH_NONZERO_GAP
projected,0.009999,3.0,2.990001,0.996667,POSITIVE_LOWER_BOUND_WITH_NONZERO_GAP
normal,1.999700007500125,4.0,2.0002999924998752,0.5000749981249688,POSITIVE_LOWER_BOUND_WITH_NONZERO_GAP
ambient,1.972561025671956,4.0,2.027438974328044,0.506859743582011,POSITIVE_LOWER_BOUND_WITH_NONZERO_GAP
projected,0.0989999999999999,3.0,2.901,0.967,POSITIVE_LOWER_BOUND_WITH_NONZERO_GAP
normal,1.9700751254711075,4.0,2.0299248745288927,0.5074812186322232,POSITIVE_LOWER_BOUND_WITH_NONZERO_GAP
ambient,1.972561025671956,4.0,2.027438974328044,0.506859743582011,POSITIVE_LOWER_BOUND_WITH_NONZERO_GAP
projected,0.0989999999999999,3.0,2.901,0.967,POSITIVE_LOWER_BOUND_WITH_NONZERO_GAP
normal,1.9700751254711075,4.0,2.0299248745288927,0.5074812186322232,POSITIVE_LOWER_BOUND_WITH_NONZERO_GAP
ambient,1.972561025671956,4.0,2.027438974328044,0.506859743582011,POSITIVE_LOWER_BOUND_WITH_NONZERO_GAP
projected,0.0989999999999999,3.0,2.901,0.967,POSITIVE_LOWER_BOUND_WITH_NONZERO_GAP
normal,1.9700751254711075,4.0,2.0299248745288927,0.5074812186322232,POSITIVE_LOWER_BOUND_WITH_NONZERO_GAP
ambient,1.352081728298996,4.0,2.647918271701004,0.661979567925251,POSITIVE_LOWER_BOUND_WITH_NONZERO_GAP
projected,0.3749999999999999,3.0,2.625,0.875,POSITIVE_LOWER_BOUND_WITH_NONZERO_GAP
normal,1.2990381056766578,4.0,2.700961894323342,0.6752404735808355,POSITIVE_LOWER_BOUND_WITH_NONZERO_GAP
ambient,1.352081728298996,4.0,2.647918271701004,0.661979567925251,POSITIVE_LOWER_BOUND_WITH_NONZERO_GAP
projected,0.3749999999999999,3.0,2.625,0.875,POSITIVE_LOWER_BOUND_WITH_NONZERO_GAP
normal,1.2990381056766578,4.0,2.700961894323342,0.6752404735808355,POSITIVE_LOWER_BOUND_WITH_NONZERO_GAP
ambient,1.352081728298996,4.0,2.647918271701004,0.661979567925251,POSITIVE_LOWER_BOUND_WITH_NONZERO_GAP
projected,0.3749999999999999,3.0,2.625,0.875,POSITIVE_LOWER_BOUND_WITH_NONZERO_GAP
normal,1.2990381056766578,4.0,2.700961894323342,0.6752404735808355,POSITIVE_LOWER_BOUND_WITH_NONZERO_GAP
ambient,0.0,4.0,4.0,1.0,NO_POSITIVE_LOWER_BOUND_OBTAINED
projected,0.0,3.0,3.0,1.0,NO_POSITIVE_LOWER_BOUND_OBTAINED
normal,0.0,4.0,4.0,1.0,NO_POSITIVE_LOWER_BOUND_OBTAINED
ambient,0.0,4.0,4.0,1.0,NO_POSITIVE_LOWER_BOUND_OBTAINED
projected,0.0,3.0,3.0,1.0,NO_POSITIVE_LOWER_BOUND_OBTAINED
normal,0.0,4.0,4.0,1.0,NO_POSITIVE_LOWER_BOUND_OBTAINED
ambient,0.0,4.0,4.0,1.0,NO_POSITIVE_LOWER_BOUND_OBTAINED
projected,0.0,3.0,3.0,1.0,NO_POSITIVE_LOWER_BOUND_OBTAINED
normal,0.0,4.0,4.0,1.0,NO_POSITIVE_LOWER_BOUND_OBTAINED
ambient,2.999996000001,4.0,1.000003999999,0.25000099999975,POSITIVE_LOWER_BOUND_WITH_NONZERO_GAP
projected,0.002999997,3.0,2.997000003,0.999000001,POSITIVE_LOWER_BOUND_WITH_NONZERO_GAP
normal,2.9999945000016246,4.0,1.0000054999983754,0.2500013749995938,POSITIVE_LOWER_BOUND_WITH_NONZERO_GAP
ambient,2.999996000001,4.0,1.000003999999,0.25000099999975,POSITIVE_LOWER_BOUND_WITH_NONZERO_GAP
projected,0.002999997,3.0,2.997000003,0.999000001,POSITIVE_LOWER_BOUND_WITH_NONZERO_GAP
normal,2.9999945000016246,4.0,1.0000054999983754,0.2500013749995938,POSITIVE_LOWER_BOUND_WITH_NONZERO_GAP
ambient,2.999996000001,4.0,1.000003999999,0.25000099999975,POSITIVE_LOWER_BOUND_WITH_NONZERO_GAP
projected,0.002999997,3.0,2.997000003,0.999000001,POSITIVE_LOWER_BOUND_WITH_NONZERO_GAP
normal,2.9999945000016246,4.0,1.0000054999983754,0.2500013749995938,POSITIVE_LOWER_BOUND_WITH_NONZERO_GAP
ambient,2.9996000100001665,4.0,1.0003999899998337,0.2500999974999583,POSITIVE_LOWER_BOUND_WITH_NONZERO_GAP
projected,0.029997,3.0,2.970003,0.990001,POSITIVE_LOWER_BOUND_WITH_NONZERO_GAP
normal,2.999450016250312,4.0,1.0005499837496878,0.2501374959374219,POSITIVE_LOWER_BOUND_WITH_NONZERO_GAP
ambient,2.9996000100001665,4.0,1.0003999899998337,0.2500999974999583,POSITIVE_LOWER_BOUND_WITH_NONZERO_GAP
projected,0.029997,3.0,2.970003,0.990001,POSITIVE_LOWER_BOUND_WITH_NONZERO_GAP
normal,2.999450016250312,4.0,1.0005499837496878,0.2501374959374219,POSITIVE_LOWER_BOUND_WITH_NONZERO_GAP
ambient,2.9996000100001665,4.0,1.0003999899998337,0.2500999974999583,POSITIVE_LOWER_BOUND_WITH_NONZERO_GAP
projected,0.029997,3.0,2.970003,0.990001,POSITIVE_LOWER_BOUND_WITH_NONZERO_GAP
normal,2.999450016250312,4.0,1.0005499837496878,0.2501374959374219,POSITIVE_LOWER_BOUND_WITH_NONZERO_GAP
ambient,2.960100167224075,4.0,1.0398998327759248,0.2599749581939812,POSITIVE_LOWER_BOUND_WITH_NONZERO_GAP
projected,0.297,3.0,2.703,0.901,POSITIVE_LOWER_BOUND_WITH_NONZERO_GAP
normal,2.9451628138355948,4.0,1.0548371861644052,0.2637092965411013,POSITIVE_LOWER_BOUND_WITH_NONZERO_GAP
ambient,2.960100167224075,4.0,1.0398998327759248,0.2599749581939812,POSITIVE_LOWER_BOUND_WITH_NONZERO_GAP
projected,0.297,3.0,2.703,0.901,POSITIVE_LOWER_BOUND_WITH_NONZERO_GAP
normal,2.9451628138355948,4.0,1.0548371861644052,0.2637092965411013,POSITIVE_LOWER_BOUND_WITH_NONZERO_GAP
ambient,2.960100167224075,4.0,1.0398998327759248,0.2599749581939812,POSITIVE_LOWER_BOUND_WITH_NONZERO_GAP
projected,0.297,3.0,2.703,0.901,POSITIVE_LOWER_BOUND_WITH_NONZERO_GAP
normal,2.9451628138355948,4.0,1.0548371861644052,0.2637092965411013,POSITIVE_LOWER_BOUND_WITH_NONZERO_GAP
ambient,2.065338955232288,4.0,1.934661044767712,0.483665261191928,POSITIVE_LOWER_BOUND_WITH_NONZERO_GAP
projected,1.1249999999999998,3.0,1.875,0.6250000000000001,POSITIVE_LOWER_BOUND_WITH_NONZERO_GAP
normal,1.7320508075688772,4.0,2.267949192431123,0.5669872981077807,POSITIVE_LOWER_BOUND_WITH_NONZERO_GAP
ambient,2.065338955232288,4.0,1.934661044767712,0.483665261191928,POSITIVE_LOWER_BOUND_WITH_NONZERO_GAP
projected,1.1249999999999998,3.0,1.875,0.6250000000000001,POSITIVE_LOWER_BOUND_WITH_NONZERO_GAP
normal,1.7320508075688772,4.0,2.267949192431123,0.5669872981077807,POSITIVE_LOWER_BOUND_WITH_NONZERO_GAP
ambient,2.065338955232288,4.0,1.934661044767712,0.483665261191928,POSITIVE_LOWER_BOUND_WITH_NONZERO_GAP
projected,1.1249999999999998,3.0,1.875,0.6250000000000001,POSITIVE_LOWER_BOUND_WITH_NONZERO_GAP
normal,1.7320508075688772,4.0,2.267949192431123,0.5669872981077807,POSITIVE_LOWER_BOUND_WITH_NONZERO_GAP
ambient,0.0,4.0,4.0,1.0,NO_POSITIVE_LOWER_BOUND_OBTAINED
projected,0.0,3.0,3.0,1.0,NO_POSITIVE_LOWER_BOUND_OBTAINED
normal,0.0,4.0,4.0,1.0,NO_POSITIVE_LOWER_BOUND_OBTAINED
ambient,0.0,4.0,4.0,1.0,NO_POSITIVE_LOWER_BOUND_OBTAINED
projected,0.0,3.0,3.0,1.0,NO_POSITIVE_LOWER_BOUND_OBTAINED
normal,0.0,4.0,4.0,1.0,NO_POSITIVE_LOWER_BOUND_OBTAINED
ambient,0.0,4.0,4.0,1.0,NO_POSITIVE_LOWER_BOUND_OBTAINED
projected,0.0,3.0,3.0,1.0,NO_POSITIVE_LOWER_BOUND_OBTAINED
normal,0.0,4.0,4.0,1.0,NO_POSITIVE_LOWER_BOUND_OBTAINED
ambient,1.9999972500006091,4.0,2.000002749999391,0.5000006874998477,POSITIVE_LOWER_BOUND_WITH_NONZERO_GAP
projected,0.000999999,3.0,2.999000001,0.999666667,POSITIVE_LOWER_BOUND_WITH_NONZERO_GAP
normal,1.9999970000007496,4.0,2.00000299999925,0.5000007499998125,POSITIVE_LOWER_BOUND_WITH_NONZERO_GAP
ambient,1.9999972500006091,4.0,2.000002749999391,0.5000006874998477,POSITIVE_LOWER_BOUND_WITH_NONZERO_GAP
projected,0.000999999,3.0,2.999000001,0.999666667,POSITIVE_LOWER_BOUND_WITH_NONZERO_GAP
normal,1.9999970000007496,4.0,2.00000299999925,0.5000007499998125,POSITIVE_LOWER_BOUND_WITH_NONZERO_GAP
ambient,1.9999972500006091,4.0,2.000002749999391,0.5000006874998477,POSITIVE_LOWER_BOUND_WITH_NONZERO_GAP
projected,0.000999999,3.0,2.999000001,0.999666667,POSITIVE_LOWER_BOUND_WITH_NONZERO_GAP
normal,1.9999970000007496,4.0,2.00000299999925,0.5000007499998125,POSITIVE_LOWER_BOUND_WITH_NONZERO_GAP
ambient,1.9997250060938376,4.0,2.000274993906162,0.5000687484765405,POSITIVE_LOWER_BOUND_WITH_NONZERO_GAP
projected,0.009999,3.0,2.990001,0.996667,POSITIVE_LOWER_BOUND_WITH_NONZERO_GAP
normal,1.999700007500125,4.0,2.0002999924998752,0.5000749981249688,POSITIVE_LOWER_BOUND_WITH_NONZERO_GAP
ambient,1.9997250060938376,4.0,2.000274993906162,0.5000687484765405,POSITIVE_LOWER_BOUND_WITH_NONZERO_GAP
projected,0.009999,3.0,2.990001,0.996667,POSITIVE_LOWER_BOUND_WITH_NONZERO_GAP
normal,1.999700007500125,4.0,2.0002999924998752,0.5000749981249688,POSITIVE_LOWER_BOUND_WITH_NONZERO_GAP
ambient,1.9997250060938376,4.0,2.000274993906162,0.5000687484765405,POSITIVE_LOWER_BOUND_WITH_NONZERO_GAP
projected,0.009999,3.0,2.990001,0.996667,POSITIVE_LOWER_BOUND_WITH_NONZERO_GAP
normal,1.999700007500125,4.0,2.0002999924998752,0.5000749981249688,POSITIVE_LOWER_BOUND_WITH_NONZERO_GAP
ambient,1.972561025671956,4.0,2.027438974328044,0.506859743582011,POSITIVE_LOWER_BOUND_WITH_NONZERO_GAP
projected,0.0989999999999999,3.0,2.901,0.967,POSITIVE_LOWER_BOUND_WITH_NONZERO_GAP
normal,1.9700751254711075,4.0,2.0299248745288927,0.5074812186322232,POSITIVE_LOWER_BOUND_WITH_NONZERO_GAP
ambient,1.972561025671956,4.0,2.027438974328044,0.506859743582011,POSITIVE_LOWER_BOUND_WITH_NONZERO_GAP
projected,0.0989999999999999,3.0,2.901,0.967,POSITIVE_LOWER_BOUND_WITH_NONZERO_GAP
normal,1.9700751254711075,4.0,2.0299248745288927,0.5074812186322232,POSITIVE_LOWER_BOUND_WITH_NONZERO_GAP
ambient,1.972561025671956,4.0,2.027438974328044,0.506859743582011,POSITIVE_LOWER_BOUND_WITH_NONZERO_GAP
projected,0.0989999999999999,3.0,2.901,0.967,POSITIVE_LOWER_BOUND_WITH_NONZERO_GAP
normal,1.9700751254711075,4.0,2.0299248745288927,0.5074812186322232,POSITIVE_LOWER_BOUND_WITH_NONZERO_GAP
ambient,1.352081728298996,4.0,2.647918271701004,0.661979567925251,POSITIVE_LOWER_BOUND_WITH_NONZERO_GAP
projected,0.3749999999999999,3.0,2.625,0.875,POSITIVE_LOWER_BOUND_WITH_NONZERO_GAP
normal,1.2990381056766578,4.0,2.700961894323342,0.6752404735808355,POSITIVE_LOWER_BOUND_WITH_NONZERO_GAP
ambient,1.352081728298996,4.0,2.647918271701004,0.661979567925251,POSITIVE_LOWER_BOUND_WITH_NONZERO_GAP
projected,0.3749999999999999,3.0,2.625,0.875,POSITIVE_LOWER_BOUND_WITH_NONZERO_GAP
normal,1.2990381056766578,4.0,2.700961894323342,0.6752404735808355,POSITIVE_LOWER_BOUND_WITH_NONZERO_GAP
ambient,1.352081728298996,4.0,2.647918271701004,0.661979567925251,POSITIVE_LOWER_BOUND_WITH_NONZERO_GAP
projected,0.3749999999999999,3.0,2.625,0.875,POSITIVE_LOWER_BOUND_WITH_NONZERO_GAP
normal,1.2990381056766578,4.0,2.700961894323342,0.6752404735808355,POSITIVE_LOWER_BOUND_WITH_NONZERO_GAP
ambient,0.0,4.0,4.0,1.0,NO_POSITIVE_LOWER_BOUND_OBTAINED
projected,0.0,3.0,3.0,1.0,NO_POSITIVE_LOWER_BOUND_OBTAINED
normal,0.0,4.0,4.0,1.0,NO_POSITIVE_LOWER_BOUND_OBTAINED
ambient,0.0,4.0,4.0,1.0,NO_POSITIVE_LOWER_BOUND_OBTAINED
projected,0.0,3.0,3.0,1.0,NO_POSITIVE_LOWER_BOUND_OBTAINED
normal,0.0,4.0,4.0,1.0,NO_POSITIVE_LOWER_BOUND_OBTAINED
ambient,0.0,4.0,4.0,1.0,NO_POSITIVE_LOWER_BOUND_OBTAINED
projected,0.0,3.0,3.0,1.0,NO_POSITIVE_LOWER_BOUND_OBTAINED
normal,0.0,4.0,4.0,1.0,NO_POSITIVE_LOWER_BOUND_OBTAINED
ambient,1.9999972500006091,4.0,2.000002749999391,0.5000006874998477,POSITIVE_LOWER_BOUND_WITH_NONZERO_GAP
projected,0.000999999,3.0,2.999000001,0.999666667,POSITIVE_LOWER_BOUND_WITH_NONZERO_GAP
normal,1.9999970000007496,4.0,2.00000299999925,0.5000007499998125,POSITIVE_LOWER_BOUND_WITH_NONZERO_GAP
ambient,1.9999972500006091,4.0,2.000002749999391,0.5000006874998477,POSITIVE_LOWER_BOUND_WITH_NONZERO_GAP
projected,0.000999999,3.0,2.999000001,0.999666667,POSITIVE_LOWER_BOUND_WITH_NONZERO_GAP
normal,1.9999970000007496,4.0,2.00000299999925,0.5000007499998125,POSITIVE_LOWER_BOUND_WITH_NONZERO_GAP
ambient,1.9999972500006091,4.0,2.000002749999391,0.5000006874998477,POSITIVE_LOWER_BOUND_WITH_NONZERO_GAP
projected,0.000999999,3.0,2.999000001,0.999666667,POSITIVE_LOWER_BOUND_WITH_NONZERO_GAP
normal,1.9999970000007496,4.0,2.00000299999925,0.5000007499998125,POSITIVE_LOWER_BOUND_WITH_NONZERO_GAP
ambient,1.9997250060938376,4.0,2.000274993906162,0.5000687484765405,POSITIVE_LOWER_BOUND_WITH_NONZERO_GAP
projected,0.009999,3.0,2.990001,0.996667,POSITIVE_LOWER_BOUND_WITH_NONZERO_GAP
normal,1.999700007500125,4.0,2.0002999924998752,0.5000749981249688,POSITIVE_LOWER_BOUND_WITH_NONZERO_GAP
ambient,1.9997250060938376,4.0,2.000274993906162,0.5000687484765405,POSITIVE_LOWER_BOUND_WITH_NONZERO_GAP
projected,0.009999,3.0,2.990001,0.996667,POSITIVE_LOWER_BOUND_WITH_NONZERO_GAP
normal,1.999700007500125,4.0,2.0002999924998752,0.5000749981249688,POSITIVE_LOWER_BOUND_WITH_NONZERO_GAP
ambient,1.9997250060938376,4.0,2.000274993906162,0.5000687484765405,POSITIVE_LOWER_BOUND_WITH_NONZERO_GAP
projected,0.009999,3.0,2.990001,0.996667,POSITIVE_LOWER_BOUND_WITH_NONZERO_GAP
normal,1.999700007500125,4.0,2.0002999924998752,0.5000749981249688,POSITIVE_LOWER_BOUND_WITH_NONZERO_GAP
ambient,1.972561025671956,4.0,2.027438974328044,0.506859743582011,POSITIVE_LOWER_BOUND_WITH_NONZERO_GAP
projected,0.0989999999999999,3.0,2.901,0.967,POSITIVE_LOWER_BOUND_WITH_NONZERO_GAP
normal,1.9700751254711075,4.0,2.0299248745288927,0.5074812186322232,POSITIVE_LOWER_BOUND_WITH_NONZERO_GAP
ambient,1.972561025671956,4.0,2.027438974328044,0.506859743582011,POSITIVE_LOWER_BOUND_WITH_NONZERO_GAP
projected,0.0989999999999999,3.0,2.901,0.967,POSITIVE_LOWER_BOUND_WITH_NONZERO_GAP
normal,1.9700751254711075,4.0,2.0299248745288927,0.5074812186322232,POSITIVE_LOWER_BOUND_WITH_NONZERO_GAP
ambient,1.972561025671956,4.0,2.027438974328044,0.506859743582011,POSITIVE_LOWER_BOUND_WITH_NONZERO_GAP
projected,0.0989999999999999,3.0,2.901,0.967,POSITIVE_LOWER_BOUND_WITH_NONZERO_GAP
normal,1.9700751254711075,4.0,2.0299248745288927,0.5074812186322232,POSITIVE_LOWER_BOUND_WITH_NONZERO_GAP
ambient,1.352081728298996,4.0,2.647918271701004,0.661979567925251,POSITIVE_LOWER_BOUND_WITH_NONZERO_GAP
projected,0.3749999999999999,3.0,2.625,0.875,POSITIVE_LOWER_BOUND_WITH_NONZERO_GAP
normal,1.2990381056766578,4.0,2.700961894323342,0.6752404735808355,POSITIVE_LOWER_BOUND_WITH_NONZERO_GAP
ambient,1.352081728298996,4.0,2.647918271701004,0.661979567925251,POSITIVE_LOWER_BOUND_WITH_NONZERO_GAP
projected,0.3749999999999999,3.0,2.625,0.875,POSITIVE_LOWER_BOUND_WITH_NONZERO_GAP
normal,1.2990381056766578,4.0,2.700961894323342,0.6752404735808355,POSITIVE_LOWER_BOUND_WITH_NONZERO_GAP
ambient,1.352081728298996,4.0,2.647918271701004,0.661979567925251,POSITIVE_LOWER_BOUND_WITH_NONZERO_GAP
projected,0.3749999999999999,3.0,2.625,0.875,POSITIVE_LOWER_BOUND_WITH_NONZERO_GAP
normal,1.2990381056766578,4.0,2.700961894323342,0.6752404735808355,POSITIVE_LOWER_BOUND_WITH_NONZERO_GAP
ambient,0.0,4.0,4.0,1.0,NO_POSITIVE_LOWER_BOUND_OBTAINED
projected,0.0,3.0,3.0,1.0,NO_POSITIVE_LOWER_BOUND_OBTAINED
normal,0.0,4.0,4.0,1.0,NO_POSITIVE_LOWER_BOUND_OBTAINED
ambient,0.0,4.0,4.0,1.0,NO_POSITIVE_LOWER_BOUND_OBTAINED
projected,0.0,3.0,3.0,1.0,NO_POSITIVE_LOWER_BOUND_OBTAINED
normal,0.0,4.0,4.0,1.0,NO_POSITIVE_LOWER_BOUND_OBTAINED
ambient,0.0,4.0,4.0,1.0,NO_POSITIVE_LOWER_BOUND_OBTAINED
projected,0.0,3.0,3.0,1.0,NO_POSITIVE_LOWER_BOUND_OBTAINED
normal,0.0,4.0,4.0,1.0,NO_POSITIVE_LOWER_BOUND_OBTAINED
ambient,2.999996000001,4.0,1.000003999999,0.25000099999975,POSITIVE_LOWER_BOUND_WITH_NONZERO_GAP
projected,0.002999997,3.0,2.997000003,0.999000001,POSITIVE_LOWER_BOUND_WITH_NONZERO_GAP
normal,2.9999945000016246,4.0,1.0000054999983754,0.2500013749995938,POSITIVE_LOWER_BOUND_WITH_NONZERO_GAP
ambient,2.999996000001,4.0,1.000003999999,0.25000099999975,POSITIVE_LOWER_BOUND_WITH_NONZERO_GAP
projected,0.002999997,3.0,2.997000003,0.999000001,POSITIVE_LOWER_BOUND_WITH_NONZERO_GAP
normal,2.9999945000016246,4.0,1.0000054999983754,0.2500013749995938,POSITIVE_LOWER_BOUND_WITH_NONZERO_GAP
ambient,2.999996000001,4.0,1.000003999999,0.25000099999975,POSITIVE_LOWER_BOUND_WITH_NONZERO_GAP
projected,0.002999997,3.0,2.997000003,0.999000001,POSITIVE_LOWER_BOUND_WITH_NONZERO_GAP
normal,2.9999945000016246,4.0,1.0000054999983754,0.2500013749995938,POSITIVE_LOWER_BOUND_WITH_NONZERO_GAP
ambient,2.9996000100001665,4.0,1.0003999899998337,0.2500999974999583,POSITIVE_LOWER_BOUND_WITH_NONZERO_GAP
projected,0.029997,3.0,2.970003,0.990001,POSITIVE_LOWER_BOUND_WITH_NONZERO_GAP
normal,2.999450016250312,4.0,1.0005499837496878,0.2501374959374219,POSITIVE_LOWER_BOUND_WITH_NONZERO_GAP
ambient,2.9996000100001665,4.0,1.0003999899998337,0.2500999974999583,POSITIVE_LOWER_BOUND_WITH_NONZERO_GAP
projected,0.029997,3.0,2.970003,0.990001,POSITIVE_LOWER_BOUND_WITH_NONZERO_GAP
normal,2.999450016250312,4.0,1.0005499837496878,0.2501374959374219,POSITIVE_LOWER_BOUND_WITH_NONZERO_GAP
ambient,2.9996000100001665,4.0,1.0003999899998337,0.2500999974999583,POSITIVE_LOWER_BOUND_WITH_NONZERO_GAP
projected,0.029997,3.0,2.970003,0.990001,POSITIVE_LOWER_BOUND_WITH_NONZERO_GAP
normal,2.999450016250312,4.0,1.0005499837496878,0.2501374959374219,POSITIVE_LOWER_BOUND_WITH_NONZERO_GAP
ambient,2.960100167224075,4.0,1.0398998327759248,0.2599749581939812,POSITIVE_LOWER_BOUND_WITH_NONZERO_GAP
projected,0.297,3.0,2.703,0.901,POSITIVE_LOWER_BOUND_WITH_NONZERO_GAP
normal,2.9451628138355948,4.0,1.0548371861644052,0.2637092965411013,POSITIVE_LOWER_BOUND_WITH_NONZERO_GAP
ambient,2.960100167224075,4.0,1.0398998327759248,0.2599749581939812,POSITIVE_LOWER_BOUND_WITH_NONZERO_GAP
projected,0.297,3.0,2.703,0.901,POSITIVE_LOWER_BOUND_WITH_NONZERO_GAP
normal,2.9451628138355948,4.0,1.0548371861644052,0.2637092965411013,POSITIVE_LOWER_BOUND_WITH_NONZERO_GAP
ambient,2.960100167224075,4.0,1.0398998327759248,0.2599749581939812,POSITIVE_LOWER_BOUND_WITH_NONZERO_GAP
projected,0.297,3.0,2.703,0.901,POSITIVE_LOWER_BOUND_WITH_NONZERO_GAP
normal,2.9451628138355948,4.0,1.0548371861644052,0.2637092965411013,POSITIVE_LOWER_BOUND_WITH_NONZERO_GAP
ambient,2.065338955232288,4.0,1.934661044767712,0.483665261191928,POSITIVE_LOWER_BOUND_WITH_NONZERO_GAP
projected,1.1249999999999998,3.0,1.875,0.6250000000000001,POSITIVE_LOWER_BOUND_WITH_NONZERO_GAP
normal,1.7320508075688772,4.0,2.267949192431123,0.5669872981077807,POSITIVE_LOWER_BOUND_WITH_NONZERO_GAP
ambient,2.065338955232288,4.0,1.934661044767712,0.483665261191928,POSITIVE_LOWER_BOUND_WITH_NONZERO_GAP
projected,1.1249999999999998,3.0,1.875,0.6250000000000001,POSITIVE_LOWER_BOUND_WITH_NONZERO_GAP
normal,1.7320508075688772,4.0,2.267949192431123,0.5669872981077807,POSITIVE_LOWER_BOUND_WITH_NONZERO_GAP
ambient,2.065338955232288,4.0,1.934661044767712,0.483665261191928,POSITIVE_LOWER_BOUND_WITH_NONZERO_GAP
projected,1.1249999999999998,3.0,1.875,0.6250000000000001,POSITIVE_LOWER_BOUND_WITH_NONZERO_GAP
normal,1.7320508075688772,4.0,2.267949192431123,0.5669872981077807,POSITIVE_LOWER_BOUND_WITH_NONZERO_GAP
ambient,0.0,4.0,4.0,1.0,NO_POSITIVE_LOWER_BOUND_OBTAINED
projected,0.0,3.0,3.0,1.0,NO_POSITIVE_LOWER_BOUND_OBTAINED
normal,0.0,4.0,4.0,1.0,NO_POSITIVE_LOWER_BOUND_OBTAINED
ambient,0.0,4.0,4.0,1.0,NO_POSITIVE_LOWER_BOUND_OBTAINED
projected,0.0,3.0,3.0,1.0,NO_POSITIVE_LOWER_BOUND_OBTAINED
normal,0.0,4.0,4.0,1.0,NO_POSITIVE_LOWER_BOUND_OBTAINED
ambient,0.0,4.0,4.0,1.0,NO_POSITIVE_LOWER_BOUND_OBTAINED
projected,0.0,3.0,3.0,1.0,NO_POSITIVE_LOWER_BOUND_OBTAINED
normal,0.0,4.0,4.0,1.0,NO_POSITIVE_LOWER_BOUND_OBTAINED
ambient,1.9999972500006091,4.0,2.000002749999391,0.5000006874998477,POSITIVE_LOWER_BOUND_WITH_NONZERO_GAP
projected,0.000999999,3.0,2.999000001,0.999666667,POSITIVE_LOWER_BOUND_WITH_NONZERO_GAP
normal,1.9999970000007496,4.0,2.00000299999925,0.5000007499998125,POSITIVE_LOWER_BOUND_WITH_NONZERO_GAP
ambient,1.9999972500006091,4.0,2.000002749999391,0.5000006874998477,POSITIVE_LOWER_BOUND_WITH_NONZERO_GAP
projected,0.000999999,3.0,2.999000001,0.999666667,POSITIVE_LOWER_BOUND_WITH_NONZERO_GAP
normal,1.9999970000007496,4.0,2.00000299999925,0.5000007499998125,POSITIVE_LOWER_BOUND_WITH_NONZERO_GAP
ambient,1.9999972500006091,4.0,2.000002749999391,0.5000006874998477,POSITIVE_LOWER_BOUND_WITH_NONZERO_GAP
projected,0.000999999,3.0,2.999000001,0.999666667,POSITIVE_LOWER_BOUND_WITH_NONZERO_GAP
normal,1.9999970000007496,4.0,2.00000299999925,0.5000007499998125,POSITIVE_LOWER_BOUND_WITH_NONZERO_GAP
ambient,1.9997250060938376,4.0,2.000274993906162,0.5000687484765405,POSITIVE_LOWER_BOUND_WITH_NONZERO_GAP
projected,0.009999,3.0,2.990001,0.996667,POSITIVE_LOWER_BOUND_WITH_NONZERO_GAP
normal,1.999700007500125,4.0,2.0002999924998752,0.5000749981249688,POSITIVE_LOWER_BOUND_WITH_NONZERO_GAP
ambient,1.9997250060938376,4.0,2.000274993906162,0.5000687484765405,POSITIVE_LOWER_BOUND_WITH_NONZERO_GAP
projected,0.009999,3.0,2.990001,0.996667,POSITIVE_LOWER_BOUND_WITH_NONZERO_GAP
normal,1.999700007500125,4.0,2.0002999924998752,0.5000749981249688,POSITIVE_LOWER_BOUND_WITH_NONZERO_GAP
ambient,1.9997250060938376,4.0,2.000274993906162,0.5000687484765405,POSITIVE_LOWER_BOUND_WITH_NONZERO_GAP
projected,0.009999,3.0,2.990001,0.996667,POSITIVE_LOWER_BOUND_WITH_NONZERO_GAP
normal,1.999700007500125,4.0,2.0002999924998752,0.5000749981249688,POSITIVE_LOWER_BOUND_WITH_NONZERO_GAP
ambient,1.972561025671956,4.0,2.027438974328044,0.506859743582011,POSITIVE_LOWER_BOUND_WITH_NONZERO_GAP
projected,0.0989999999999999,3.0,2.901,0.967,POSITIVE_LOWER_BOUND_WITH_NONZERO_GAP
normal,1.9700751254711075,4.0,2.0299248745288927,0.5074812186322232,POSITIVE_LOWER_BOUND_WITH_NONZERO_GAP
ambient,1.972561025671956,4.0,2.027438974328044,0.506859743582011,POSITIVE_LOWER_BOUND_WITH_NONZERO_GAP
projected,0.0989999999999999,3.0,2.901,0.967,POSITIVE_LOWER_BOUND_WITH_NONZERO_GAP
normal,1.9700751254711075,4.0,2.0299248745288927,0.5074812186322232,POSITIVE_LOWER_BOUND_WITH_NONZERO_GAP
ambient,1.972561025671956,4.0,2.027438974328044,0.506859743582011,POSITIVE_LOWER_BOUND_WITH_NONZERO_GAP
projected,0.0989999999999999,3.0,2.901,0.967,POSITIVE_LOWER_BOUND_WITH_NONZERO_GAP
normal,1.9700751254711075,4.0,2.0299248745288927,0.5074812186322232,POSITIVE_LOWER_BOUND_WITH_NONZERO_GAP
ambient,1.352081728298996,4.0,2.647918271701004,0.661979567925251,POSITIVE_LOWER_BOUND_WITH_NONZERO_GAP
projected,0.3749999999999999,3.0,2.625,0.875,POSITIVE_LOWER_BOUND_WITH_NONZERO_GAP
normal,1.2990381056766578,4.0,2.700961894323342,0.6752404735808355,POSITIVE_LOWER_BOUND_WITH_NONZERO_GAP
ambient,1.352081728298996,4.0,2.647918271701004,0.661979567925251,POSITIVE_LOWER_BOUND_WITH_NONZERO_GAP
projected,0.3749999999999999,3.0,2.625,0.875,POSITIVE_LOWER_BOUND_WITH_NONZERO_GAP
normal,1.2990381056766578,4.0,2.700961894323342,0.6752404735808355,POSITIVE_LOWER_BOUND_WITH_NONZERO_GAP
ambient,1.352081728298996,4.0,2.647918271701004,0.661979567925251,POSITIVE_LOWER_BOUND_WITH_NONZERO_GAP
projected,0.3749999999999999,3.0,2.625,0.875,POSITIVE_LOWER_BOUND_WITH_NONZERO_GAP
normal,1.2990381056766578,4.0,2.700961894323342,0.6752404735808355,POSITIVE_LOWER_BOUND_WITH_NONZERO_GAP
ambient,0.0,4.0,4.0,1.0,NO_POSITIVE_LOWER_BOUND_OBTAINED
projected,0.0,3.0,3.0,1.0,NO_POSITIVE_LOWER_BOUND_OBTAINED
normal,0.0,4.0,4.0,1.0,NO_POSITIVE_LOWER_BOUND_OBTAINED
ambient,0.0,4.0,4.0,1.0,NO_POSITIVE_LOWER_BOUND_OBTAINED
projected,0.0,3.0,3.0,1.0,NO_POSITIVE_LOWER_BOUND_OBTAINED
normal,0.0,4.0,4.0,1.0,NO_POSITIVE_LOWER_BOUND_OBTAINED
ambient,0.0,4.0,4.0,1.0,NO_POSITIVE_LOWER_BOUND_OBTAINED
projected,0.0,3.0,3.0,1.0,NO_POSITIVE_LOWER_BOUND_OBTAINED
normal,0.0,4.0,4.0,1.0,NO_POSITIVE_LOWER_BOUND_OBTAINED
ambient,1.9999972500006091,4.0,2.000002749999391,0.5000006874998477,POSITIVE_LOWER_BOUND_WITH_NONZERO_GAP
projected,0.000999999,3.0,2.999000001,0.999666667,POSITIVE_LOWER_BOUND_WITH_NONZERO_GAP
normal,1.9999970000007496,4.0,2.00000299999925,0.5000007499998125,POSITIVE_LOWER_BOUND_WITH_NONZERO_GAP
ambient,1.9999972500006091,4.0,2.000002749999391,0.5000006874998477,POSITIVE_LOWER_BOUND_WITH_NONZERO_GAP
projected,0.000999999,3.0,2.999000001,0.999666667,POSITIVE_LOWER_BOUND_WITH_NONZERO_GAP
normal,1.9999970000007496,4.0,2.00000299999925,0.5000007499998125,POSITIVE_LOWER_BOUND_WITH_NONZERO_GAP
ambient,1.9999972500006091,4.0,2.000002749999391,0.5000006874998477,POSITIVE_LOWER_BOUND_WITH_NONZERO_GAP
projected,0.000999999,3.0,2.999000001,0.999666667,POSITIVE_LOWER_BOUND_WITH_NONZERO_GAP
normal,1.9999970000007496,4.0,2.00000299999925,0.5000007499998125,POSITIVE_LOWER_BOUND_WITH_NONZERO_GAP
ambient,1.9997250060938376,4.0,2.000274993906162,0.5000687484765405,POSITIVE_LOWER_BOUND_WITH_NONZERO_GAP
projected,0.009999,3.0,2.990001,0.996667,POSITIVE_LOWER_BOUND_WITH_NONZERO_GAP
normal,1.999700007500125,4.0,2.0002999924998752,0.5000749981249688,POSITIVE_LOWER_BOUND_WITH_NONZERO_GAP
ambient,1.9997250060938376,4.0,2.000274993906162,0.5000687484765405,POSITIVE_LOWER_BOUND_WITH_NONZERO_GAP
projected,0.009999,3.0,2.990001,0.996667,POSITIVE_LOWER_BOUND_WITH_NONZERO_GAP
normal,1.999700007500125,4.0,2.0002999924998752,0.5000749981249688,POSITIVE_LOWER_BOUND_WITH_NONZERO_GAP
ambient,1.9997250060938376,4.0,2.000274993906162,0.5000687484765405,POSITIVE_LOWER_BOUND_WITH_NONZERO_GAP
projected,0.009999,3.0,2.990001,0.996667,POSITIVE_LOWER_BOUND_WITH_NONZERO_GAP
normal,1.999700007500125,4.0,2.0002999924998752,0.5000749981249688,POSITIVE_LOWER_BOUND_WITH_NONZERO_GAP
ambient,1.972561025671956,4.0,2.027438974328044,0.506859743582011,POSITIVE_LOWER_BOUND_WITH_NONZERO_GAP
projected,0.0989999999999999,3.0,2.901,0.967,POSITIVE_LOWER_BOUND_WITH_NONZERO_GAP
normal,1.9700751254711075,4.0,2.0299248745288927,0.5074812186322232,POSITIVE_LOWER_BOUND_WITH_NONZERO_GAP
ambient,1.972561025671956,4.0,2.027438974328044,0.506859743582011,POSITIVE_LOWER_BOUND_WITH_NONZERO_GAP
projected,0.0989999999999999,3.0,2.901,0.967,POSITIVE_LOWER_BOUND_WITH_NONZERO_GAP
normal,1.9700751254711075,4.0,2.0299248745288927,0.5074812186322232,POSITIVE_LOWER_BOUND_WITH_NONZERO_GAP
ambient,1.972561025671956,4.0,2.027438974328044,0.506859743582011,POSITIVE_LOWER_BOUND_WITH_NONZERO_GAP
projected,0.0989999999999999,3.0,2.901,0.967,POSITIVE_LOWER_BOUND_WITH_NONZERO_GAP
normal,1.9700751254711075,4.0,2.0299248745288927,0.5074812186322232,POSITIVE_LOWER_BOUND_WITH_NONZERO_GAP
ambient,1.352081728298996,4.0,2.647918271701004,0.661979567925251,POSITIVE_LOWER_BOUND_WITH_NONZERO_GAP
projected,0.3749999999999999,3.0,2.625,0.875,POSITIVE_LOWER_BOUND_WITH_NONZERO_GAP
normal,1.2990381056766578,4.0,2.700961894323342,0.6752404735808355,POSITIVE_LOWER_BOUND_WITH_NONZERO_GAP
ambient,1.352081728298996,4.0,2.647918271701004,0.661979567925251,POSITIVE_LOWER_BOUND_WITH_NONZERO_GAP
projected,0.3749999999999999,3.0,2.625,0.875,POSITIVE_LOWER_BOUND_WITH_NONZERO_GAP
normal,1.2990381056766578,4.0,2.700961894323342,0.6752404735808355,POSITIVE_LOWER_BOUND_WITH_NONZERO_GAP
ambient,1.352081728298996,4.0,2.647918271701004,0.661979567925251,POSITIVE_LOWER_BOUND_WITH_NONZERO_GAP
projected,0.3749999999999999,3.0,2.625,0.875,POSITIVE_LOWER_BOUND_WITH_NONZERO_GAP
normal,1.2990381056766578,4.0,2.700961894323342,0.6752404735808355,POSITIVE_LOWER_BOUND_WITH_NONZERO_GAP
ambient,0.0,4.0,4.0,1.0,NO_POSITIVE_LOWER_BOUND_OBTAINED
projected,0.0,3.0,3.0,1.0,NO_POSITIVE_LOWER_BOUND_OBTAINED
normal,0.0,4.0,4.0,1.0,NO_POSITIVE_LOWER_BOUND_OBTAINED
ambient,0.0,4.0,4.0,1.0,NO_POSITIVE_LOWER_BOUND_OBTAINED
projected,0.0,3.0,3.0,1.0,NO_POSITIVE_LOWER_BOUND_OBTAINED
normal,0.0,4.0,4.0,1.0,NO_POSITIVE_LOWER_BOUND_OBTAINED
ambient,0.0,4.0,4.0,1.0,NO_POSITIVE_LOWER_BOUND_OBTAINED
projected,0.0,3.0,3.0,1.0,NO_POSITIVE_LOWER_BOUND_OBTAINED
normal,0.0,4.0,4.0,1.0,NO_POSITIVE_LOWER_BOUND_OBTAINED
ambient,1.999996000001,4.0,2.000003999999,0.50000099999975,POSITIVE_LOWER_BOUND_WITH_NONZERO_GAP
projected,0.001999997,3.0,2.998000003,0.9993333343333334,POSITIVE_LOWER_BOUND_WITH_NONZERO_GAP
normal,1.99999500000175,4.0,2.00000499999825,0.5000012499995625,POSITIVE_LOWER_BOUND_WITH_NONZERO_GAP
ambient,1.999996000001,4.0,2.000003999999,0.50000099999975,POSITIVE_LOWER_BOUND_WITH_NONZERO_GAP
projected,0.001999997,3.0,2.998000003,0.9993333343333334,POSITIVE_LOWER_BOUND_WITH_NONZERO_GAP
normal,1.99999500000175,4.0,2.00000499999825,0.5000012499995625,POSITIVE_LOWER_BOUND_WITH_NONZERO_GAP
ambient,1.999996000001,4.0,2.000003999999,0.50000099999975,POSITIVE_LOWER_BOUND_WITH_NONZERO_GAP
projected,0.001999997,3.0,2.998000003,0.9993333343333334,POSITIVE_LOWER_BOUND_WITH_NONZERO_GAP
normal,1.99999500000175,4.0,2.00000499999825,0.5000012499995625,POSITIVE_LOWER_BOUND_WITH_NONZERO_GAP
ambient,1.99960001000025,4.0,2.00039998999975,0.5000999974999375,POSITIVE_LOWER_BOUND_WITH_NONZERO_GAP
projected,0.0199969999999999,3.0,2.980003,0.9933343333333332,POSITIVE_LOWER_BOUND_WITH_NONZERO_GAP
normal,1.999500017500375,4.0,2.000499982499625,0.5001249956249063,POSITIVE_LOWER_BOUND_WITH_NONZERO_GAP
ambient,1.99960001000025,4.0,2.00039998999975,0.5000999974999375,POSITIVE_LOWER_BOUND_WITH_NONZERO_GAP
projected,0.0199969999999999,3.0,2.980003,0.9933343333333332,POSITIVE_LOWER_BOUND_WITH_NONZERO_GAP
normal,1.999500017500375,4.0,2.000499982499625,0.5001249956249063,POSITIVE_LOWER_BOUND_WITH_NONZERO_GAP
ambient,1.99960001000025,4.0,2.00039998999975,0.5000999974999375,POSITIVE_LOWER_BOUND_WITH_NONZERO_GAP
projected,0.0199969999999999,3.0,2.980003,0.9933343333333332,POSITIVE_LOWER_BOUND_WITH_NONZERO_GAP
normal,1.999500017500375,4.0,2.000499982499625,0.5001249956249063,POSITIVE_LOWER_BOUND_WITH_NONZERO_GAP
ambient,1.9601002525381197,4.0,2.0398997474618805,0.5099749368654701,POSITIVE_LOWER_BOUND_WITH_NONZERO_GAP
projected,0.1969999999999999,3.0,2.803,0.9343333333333332,POSITIVE_LOWER_BOUND_WITH_NONZERO_GAP
normal,1.950175376728975,4.0,2.049824623271025,0.5124561558177563,POSITIVE_LOWER_BOUND_WITH_NONZERO_GAP
ambient,1.9601002525381197,4.0,2.0398997474618805,0.5099749368654701,POSITIVE_LOWER_BOUND_WITH_NONZERO_GAP
projected,0.1969999999999999,3.0,2.803,0.9343333333333332,POSITIVE_LOWER_BOUND_WITH_NONZERO_GAP
normal,1.950175376728975,4.0,2.049824623271025,0.5124561558177563,POSITIVE_LOWER_BOUND_WITH_NONZERO_GAP
ambient,1.9601002525381197,4.0,2.0398997474618805,0.5099749368654701,POSITIVE_LOWER_BOUND_WITH_NONZERO_GAP
projected,0.1969999999999999,3.0,2.803,0.9343333333333332,POSITIVE_LOWER_BOUND_WITH_NONZERO_GAP
normal,1.950175376728975,4.0,2.049824623271025,0.5124561558177563,POSITIVE_LOWER_BOUND_WITH_NONZERO_GAP
ambient,1.0680004681646913,4.0,2.9319995318353085,0.7329998829588271,POSITIVE_LOWER_BOUND_WITH_NONZERO_GAP
projected,0.6249999999999999,3.0,2.375,0.7916666666666666,POSITIVE_LOWER_BOUND_WITH_NONZERO_GAP
normal,0.8660254037844386,4.0,3.1339745962155616,0.7834936490538904,POSITIVE_LOWER_BOUND_WITH_NONZERO_GAP
ambient,1.0680004681646913,4.0,2.9319995318353085,0.7329998829588271,POSITIVE_LOWER_BOUND_WITH_NONZERO_GAP
projected,0.6249999999999999,3.0,2.375,0.7916666666666666,POSITIVE_LOWER_BOUND_WITH_NONZERO_GAP
normal,0.8660254037844386,4.0,3.1339745962155616,0.7834936490538904,POSITIVE_LOWER_BOUND_WITH_NONZERO_GAP
ambient,1.0680004681646913,4.0,2.9319995318353085,0.7329998829588271,POSITIVE_LOWER_BOUND_WITH_NONZERO_GAP
projected,0.6249999999999999,3.0,2.375,0.7916666666666666,POSITIVE_LOWER_BOUND_WITH_NONZERO_GAP
normal,0.8660254037844386,4.0,3.1339745962155616,0.7834936490538904,POSITIVE_LOWER_BOUND_WITH_NONZERO_GAP
ambient,1.0,4.0,3.0,0.75,POSITIVE_LOWER_BOUND_WITH_NONZERO_GAP
projected,1.0,3.0,2.0,0.6666666666666666,POSITIVE_LOWER_BOUND_WITH_NONZERO_GAP
normal,0.0,4.0,4.0,1.0,NO_POSITIVE_LOWER_BOUND_OBTAINED
ambient,1.0,4.0,3.0,0.75,POSITIVE_LOWER_BOUND_WITH_NONZERO_GAP
projected,1.0,3.0,2.0,0.6666666666666666,POSITIVE_LOWER_BOUND_WITH_NONZERO_GAP
normal,0.0,4.0,4.0,1.0,NO_POSITIVE_LOWER_BOUND_OBTAINED
ambient,1.0,4.0,3.0,0.75,POSITIVE_LOWER_BOUND_WITH_NONZERO_GAP
projected,1.0,3.0,2.0,0.6666666666666666,POSITIVE_LOWER_BOUND_WITH_NONZERO_GAP
normal,0.0,4.0,4.0,1.0,NO_POSITIVE_LOWER_BOUND_OBTAINED
ambient,1.9999972500006091,4.0,2.000002749999391,0.5000006874998477,POSITIVE_LOWER_BOUND_WITH_NONZERO_GAP
projected,0.000999999,3.0,2.999000001,0.999666667,POSITIVE_LOWER_BOUND_WITH_NONZERO_GAP
normal,1.9999970000007496,4.0,2.00000299999925,0.5000007499998125,POSITIVE_LOWER_BOUND_WITH_NONZERO_GAP
ambient,1.9999972500006091,4.0,2.000002749999391,0.5000006874998477,POSITIVE_LOWER_BOUND_WITH_NONZERO_GAP
projected,0.000999999,3.0,2.999000001,0.999666667,POSITIVE_LOWER_BOUND_WITH_NONZERO_GAP
normal,1.9999970000007496,4.0,2.00000299999925,0.5000007499998125,POSITIVE_LOWER_BOUND_WITH_NONZERO_GAP
ambient,1.9999972500006091,4.0,2.000002749999391,0.5000006874998477,POSITIVE_LOWER_BOUND_WITH_NONZERO_GAP
projected,0.000999999,3.0,2.999000001,0.999666667,POSITIVE_LOWER_BOUND_WITH_NONZERO_GAP
normal,1.9999970000007496,4.0,2.00000299999925,0.5000007499998125,POSITIVE_LOWER_BOUND_WITH_NONZERO_GAP
ambient,1.9997250060938376,4.0,2.000274993906162,0.5000687484765405,POSITIVE_LOWER_BOUND_WITH_NONZERO_GAP
projected,0.009999,3.0,2.990001,0.996667,POSITIVE_LOWER_BOUND_WITH_NONZERO_GAP
normal,1.999700007500125,4.0,2.0002999924998752,0.5000749981249688,POSITIVE_LOWER_BOUND_WITH_NONZERO_GAP
ambient,1.9997250060938376,4.0,2.000274993906162,0.5000687484765405,POSITIVE_LOWER_BOUND_WITH_NONZERO_GAP
projected,0.009999,3.0,2.990001,0.996667,POSITIVE_LOWER_BOUND_WITH_NONZERO_GAP
normal,1.999700007500125,4.0,2.0002999924998752,0.5000749981249688,POSITIVE_LOWER_BOUND_WITH_NONZERO_GAP
ambient,1.9997250060938376,4.0,2.000274993906162,0.5000687484765405,POSITIVE_LOWER_BOUND_WITH_NONZERO_GAP
projected,0.009999,3.0,2.990001,0.996667,POSITIVE_LOWER_BOUND_WITH_NONZERO_GAP
normal,1.999700007500125,4.0,2.0002999924998752,0.5000749981249688,POSITIVE_LOWER_BOUND_WITH_NONZERO_GAP
ambient,1.972561025671956,4.0,2.027438974328044,0.506859743582011,POSITIVE_LOWER_BOUND_WITH_NONZERO_GAP
projected,0.0989999999999999,3.0,2.901,0.967,POSITIVE_LOWER_BOUND_WITH_NONZERO_GAP
normal,1.9700751254711075,4.0,2.0299248745288927,0.5074812186322232,POSITIVE_LOWER_BOUND_WITH_NONZERO_GAP
ambient,1.972561025671956,4.0,2.027438974328044,0.506859743582011,POSITIVE_LOWER_BOUND_WITH_NONZERO_GAP
projected,0.0989999999999999,3.0,2.901,0.967,POSITIVE_LOWER_BOUND_WITH_NONZERO_GAP
normal,1.9700751254711075,4.0,2.0299248745288927,0.5074812186322232,POSITIVE_LOWER_BOUND_WITH_NONZERO_GAP
ambient,1.972561025671956,4.0,2.027438974328044,0.506859743582011,POSITIVE_LOWER_BOUND_WITH_NONZERO_GAP
projected,0.0989999999999999,3.0,2.901,0.967,POSITIVE_LOWER_BOUND_WITH_NONZERO_GAP
normal,1.9700751254711075,4.0,2.0299248745288927,0.5074812186322232,POSITIVE_LOWER_BOUND_WITH_NONZERO_GAP
ambient,1.352081728298996,4.0,2.647918271701004,0.661979567925251,POSITIVE_LOWER_BOUND_WITH_NONZERO_GAP
projected,0.3749999999999999,3.0,2.625,0.875,POSITIVE_LOWER_BOUND_WITH_NONZERO_GAP
normal,1.2990381056766578,4.0,2.700961894323342,0.6752404735808355,POSITIVE_LOWER_BOUND_WITH_NONZERO_GAP
ambient,1.352081728298996,4.0,2.647918271701004,0.661979567925251,POSITIVE_LOWER_BOUND_WITH_NONZERO_GAP
projected,0.3749999999999999,3.0,2.625,0.875,POSITIVE_LOWER_BOUND_WITH_NONZERO_GAP
normal,1.2990381056766578,4.0,2.700961894323342,0.6752404735808355,POSITIVE_LOWER_BOUND_WITH_NONZERO_GAP
ambient,1.352081728298996,4.0,2.647918271701004,0.661979567925251,POSITIVE_LOWER_BOUND_WITH_NONZERO_GAP
projected,0.3749999999999999,3.0,2.625,0.875,POSITIVE_LOWER_BOUND_WITH_NONZERO_GAP
normal,1.2990381056766578,4.0,2.700961894323342,0.6752404735808355,POSITIVE_LOWER_BOUND_WITH_NONZERO_GAP
ambient,0.0,4.0,4.0,1.0,NO_POSITIVE_LOWER_BOUND_OBTAINED
projected,0.0,3.0,3.0,1.0,NO_POSITIVE_LOWER_BOUND_OBTAINED
normal,0.0,4.0,4.0,1.0,NO_POSITIVE_LOWER_BOUND_OBTAINED
ambient,0.0,4.0,4.0,1.0,NO_POSITIVE_LOWER_BOUND_OBTAINED
projected,0.0,3.0,3.0,1.0,NO_POSITIVE_LOWER_BOUND_OBTAINED
normal,0.0,4.0,4.0,1.0,NO_POSITIVE_LOWER_BOUND_OBTAINED
ambient,0.0,4.0,4.0,1.0,NO_POSITIVE_LOWER_BOUND_OBTAINED
projected,0.0,3.0,3.0,1.0,NO_POSITIVE_LOWER_BOUND_OBTAINED
normal,0.0,4.0,4.0,1.0,NO_POSITIVE_LOWER_BOUND_OBTAINED
ambient,1.9999972500006091,4.0,2.000002749999391,0.5000006874998477,POSITIVE_LOWER_BOUND_WITH_NONZERO_GAP
projected,0.000999999,3.0,2.999000001,0.999666667,POSITIVE_LOWER_BOUND_WITH_NONZERO_GAP
normal,1.9999970000007496,4.0,2.00000299999925,0.5000007499998125,POSITIVE_LOWER_BOUND_WITH_NONZERO_GAP
ambient,1.9999972500006091,4.0,2.000002749999391,0.5000006874998477,POSITIVE_LOWER_BOUND_WITH_NONZERO_GAP
projected,0.000999999,3.0,2.999000001,0.999666667,POSITIVE_LOWER_BOUND_WITH_NONZERO_GAP
normal,1.9999970000007496,4.0,2.00000299999925,0.5000007499998125,POSITIVE_LOWER_BOUND_WITH_NONZERO_GAP
ambient,1.9999972500006091,4.0,2.000002749999391,0.5000006874998477,POSITIVE_LOWER_BOUND_WITH_NONZERO_GAP
projected,0.000999999,3.0,2.999000001,0.999666667,POSITIVE_LOWER_BOUND_WITH_NONZERO_GAP
normal,1.9999970000007496,4.0,2.00000299999925,0.5000007499998125,POSITIVE_LOWER_BOUND_WITH_NONZERO_GAP
ambient,1.9997250060938376,4.0,2.000274993906162,0.5000687484765405,POSITIVE_LOWER_BOUND_WITH_NONZERO_GAP
projected,0.009999,3.0,2.990001,0.996667,POSITIVE_LOWER_BOUND_WITH_NONZERO_GAP
normal,1.999700007500125,4.0,2.0002999924998752,0.5000749981249688,POSITIVE_LOWER_BOUND_WITH_NONZERO_GAP
ambient,1.9997250060938376,4.0,2.000274993906162,0.5000687484765405,POSITIVE_LOWER_BOUND_WITH_NONZERO_GAP
projected,0.009999,3.0,2.990001,0.996667,POSITIVE_LOWER_BOUND_WITH_NONZERO_GAP
normal,1.999700007500125,4.0,2.0002999924998752,0.5000749981249688,POSITIVE_LOWER_BOUND_WITH_NONZERO_GAP
ambient,1.9997250060938376,4.0,2.000274993906162,0.5000687484765405,POSITIVE_LOWER_BOUND_WITH_NONZERO_GAP
projected,0.009999,3.0,2.990001,0.996667,POSITIVE_LOWER_BOUND_WITH_NONZERO_GAP
normal,1.999700007500125,4.0,2.0002999924998752,0.5000749981249688,POSITIVE_LOWER_BOUND_WITH_NONZERO_GAP
ambient,1.972561025671956,4.0,2.027438974328044,0.506859743582011,POSITIVE_LOWER_BOUND_WITH_NONZERO_GAP
projected,0.0989999999999999,3.0,2.901,0.967,POSITIVE_LOWER_BOUND_WITH_NONZERO_GAP
normal,1.9700751254711075,4.0,2.0299248745288927,0.5074812186322232,POSITIVE_LOWER_BOUND_WITH_NONZERO_GAP
ambient,1.972561025671956,4.0,2.027438974328044,0.506859743582011,POSITIVE_LOWER_BOUND_WITH_NONZERO_GAP
projected,0.0989999999999999,3.0,2.901,0.967,POSITIVE_LOWER_BOUND_WITH_NONZERO_GAP
normal,1.9700751254711075,4.0,2.0299248745288927,0.5074812186322232,POSITIVE_LOWER_BOUND_WITH_NONZERO_GAP
ambient,1.972561025671956,4.0,2.027438974328044,0.506859743582011,POSITIVE_LOWER_BOUND_WITH_NONZERO_GAP
projected,0.0989999999999999,3.0,2.901,0.967,POSITIVE_LOWER_BOUND_WITH_NONZERO_GAP
normal,1.9700751254711075,4.0,2.0299248745288927,0.5074812186322232,POSITIVE_LOWER_BOUND_WITH_NONZERO_GAP
ambient,1.352081728298996,4.0,2.647918271701004,0.661979567925251,POSITIVE_LOWER_BOUND_WITH_NONZERO_GAP
projected,0.3749999999999999,3.0,2.625,0.875,POSITIVE_LOWER_BOUND_WITH_NONZERO_GAP
normal,1.2990381056766578,4.0,2.700961894323342,0.6752404735808355,POSITIVE_LOWER_BOUND_WITH_NONZERO_GAP
ambient,1.352081728298996,4.0,2.647918271701004,0.661979567925251,POSITIVE_LOWER_BOUND_WITH_NONZERO_GAP
projected,0.3749999999999999,3.0,2.625,0.875,POSITIVE_LOWER_BOUND_WITH_NONZERO_GAP
normal,1.2990381056766578,4.0,2.700961894323342,0.6752404735808355,POSITIVE_LOWER_BOUND_WITH_NONZERO_GAP
ambient,1.352081728298996,4.0,2.647918271701004,0.661979567925251,POSITIVE_LOWER_BOUND_WITH_NONZERO_GAP
projected,0.3749999999999999,3.0,2.625,0.875,POSITIVE_LOWER_BOUND_WITH_NONZERO_GAP
normal,1.2990381056766578,4.0,2.700961894323342,0.6752404735808355,POSITIVE_LOWER_BOUND_WITH_NONZERO_GAP
ambient,0.0,4.0,4.0,1.0,NO_POSITIVE_LOWER_BOUND_OBTAINED
projected,0.0,3.0,3.0,1.0,NO_POSITIVE_LOWER_BOUND_OBTAINED
normal,0.0,4.0,4.0,1.0,NO_POSITIVE_LOWER_BOUND_OBTAINED
ambient,0.0,4.0,4.0,1.0,NO_POSITIVE_LOWER_BOUND_OBTAINED
projected,0.0,3.0,3.0,1.0,NO_POSITIVE_LOWER_BOUND_OBTAINED
normal,0.0,4.0,4.0,1.0,NO_POSITIVE_LOWER_BOUND_OBTAINED
ambient,0.0,4.0,4.0,1.0,NO_POSITIVE_LOWER_BOUND_OBTAINED
projected,0.0,3.0,3.0,1.0,NO_POSITIVE_LOWER_BOUND_OBTAINED
normal,0.0,4.0,4.0,1.0,NO_POSITIVE_LOWER_BOUND_OBTAINED
ambient,1.9999972500006091,4.0,2.000002749999391,0.5000006874998477,POSITIVE_LOWER_BOUND_WITH_NONZERO_GAP
projected,0.000999999,3.0,2.999000001,0.999666667,POSITIVE_LOWER_BOUND_WITH_NONZERO_GAP
normal,1.9999970000007496,4.0,2.00000299999925,0.5000007499998125,POSITIVE_LOWER_BOUND_WITH_NONZERO_GAP
ambient,1.9999972500006091,4.0,2.000002749999391,0.5000006874998477,POSITIVE_LOWER_BOUND_WITH_NONZERO_GAP
projected,0.000999999,3.0,2.999000001,0.999666667,POSITIVE_LOWER_BOUND_WITH_NONZERO_GAP
normal,1.9999970000007496,4.0,2.00000299999925,0.5000007499998125,POSITIVE_LOWER_BOUND_WITH_NONZERO_GAP
ambient,1.9999972500006091,4.0,2.000002749999391,0.5000006874998477,POSITIVE_LOWER_BOUND_WITH_NONZERO_GAP
projected,0.000999999,3.0,2.999000001,0.999666667,POSITIVE_LOWER_BOUND_WITH_NONZERO_GAP
normal,1.9999970000007496,4.0,2.00000299999925,0.5000007499998125,POSITIVE_LOWER_BOUND_WITH_NONZERO_GAP
ambient,1.9997250060938376,4.0,2.000274993906162,0.5000687484765405,POSITIVE_LOWER_BOUND_WITH_NONZERO_GAP
projected,0.009999,3.0,2.990001,0.996667,POSITIVE_LOWER_BOUND_WITH_NONZERO_GAP
normal,1.999700007500125,4.0,2.0002999924998752,0.5000749981249688,POSITIVE_LOWER_BOUND_WITH_NONZERO_GAP
ambient,1.9997250060938376,4.0,2.000274993906162,0.5000687484765405,POSITIVE_LOWER_BOUND_WITH_NONZERO_GAP
projected,0.009999,3.0,2.990001,0.996667,POSITIVE_LOWER_BOUND_WITH_NONZERO_GAP
normal,1.999700007500125,4.0,2.0002999924998752,0.5000749981249688,POSITIVE_LOWER_BOUND_WITH_NONZERO_GAP
ambient,1.9997250060938376,4.0,2.000274993906162,0.5000687484765405,POSITIVE_LOWER_BOUND_WITH_NONZERO_GAP
projected,0.009999,3.0,2.990001,0.996667,POSITIVE_LOWER_BOUND_WITH_NONZERO_GAP
normal,1.999700007500125,4.0,2.0002999924998752,0.5000749981249688,POSITIVE_LOWER_BOUND_WITH_NONZERO_GAP
ambient,1.972561025671956,4.0,2.027438974328044,0.506859743582011,POSITIVE_LOWER_BOUND_WITH_NONZERO_GAP
projected,0.0989999999999999,3.0,2.901,0.967,POSITIVE_LOWER_BOUND_WITH_NONZERO_GAP
normal,1.9700751254711075,4.0,2.0299248745288927,0.5074812186322232,POSITIVE_LOWER_BOUND_WITH_NONZERO_GAP
ambient,1.972561025671956,4.0,2.027438974328044,0.506859743582011,POSITIVE_LOWER_BOUND_WITH_NONZERO_GAP
projected,0.0989999999999999,3.0,2.901,0.967,POSITIVE_LOWER_BOUND_WITH_NONZERO_GAP
normal,1.9700751254711075,4.0,2.0299248745288927,0.5074812186322232,POSITIVE_LOWER_BOUND_WITH_NONZERO_GAP
ambient,1.972561025671956,4.0,2.027438974328044,0.506859743582011,POSITIVE_LOWER_BOUND_WITH_NONZERO_GAP
projected,0.0989999999999999,3.0,2.901,0.967,POSITIVE_LOWER_BOUND_WITH_NONZERO_GAP
normal,1.9700751254711075,4.0,2.0299248745288927,0.5074812186322232,POSITIVE_LOWER_BOUND_WITH_NONZERO_GAP
ambient,1.352081728298996,4.0,2.647918271701004,0.661979567925251,POSITIVE_LOWER_BOUND_WITH_NONZERO_GAP
projected,0.3749999999999999,3.0,2.625,0.875,POSITIVE_LOWER_BOUND_WITH_NONZERO_GAP
normal,1.2990381056766578,4.0,2.700961894323342,0.6752404735808355,POSITIVE_LOWER_BOUND_WITH_NONZERO_GAP
ambient,1.352081728298996,4.0,2.647918271701004,0.661979567925251,POSITIVE_LOWER_BOUND_WITH_NONZERO_GAP
projected,0.3749999999999999,3.0,2.625,0.875,POSITIVE_LOWER_BOUND_WITH_NONZERO_GAP
normal,1.2990381056766578,4.0,2.700961894323342,0.6752404735808355,POSITIVE_LOWER_BOUND_WITH_NONZERO_GAP
ambient,1.352081728298996,4.0,2.647918271701004,0.661979567925251,POSITIVE_LOWER_BOUND_WITH_NONZERO_GAP
projected,0.3749999999999999,3.0,2.625,0.875,POSITIVE_LOWER_BOUND_WITH_NONZERO_GAP
normal,1.2990381056766578,4.0,2.700961894323342,0.6752404735808355,POSITIVE_LOWER_BOUND_WITH_NONZERO_GAP
ambient,0.0,4.0,4.0,1.0,NO_POSITIVE_LOWER_BOUND_OBTAINED
projected,0.0,3.0,3.0,1.0,NO_POSITIVE_LOWER_BOUND_OBTAINED
normal,0.0,4.0,4.0,1.0,NO_POSITIVE_LOWER_BOUND_OBTAINED
ambient,0.0,4.0,4.0,1.0,NO_POSITIVE_LOWER_BOUND_OBTAINED
projected,0.0,3.0,3.0,1.0,NO_POSITIVE_LOWER_BOUND_OBTAINED
normal,0.0,4.0,4.0,1.0,NO_POSITIVE_LOWER_BOUND_OBTAINED
ambient,0.0,4.0,4.0,1.0,NO_POSITIVE_LOWER_BOUND_OBTAINED
projected,0.0,3.0,3.0,1.0,NO_POSITIVE_LOWER_BOUND_OBTAINED
normal,0.0,4.0,4.0,1.0,NO_POSITIVE_LOWER_BOUND_OBTAINED
ambient,1.999996000001,4.0,2.000003999999,0.50000099999975,POSITIVE_LOWER_BOUND_WITH_NONZERO_GAP
projected,0.001999997,3.0,2.998000003,0.9993333343333334,POSITIVE_LOWER_BOUND_WITH_NONZERO_GAP
normal,1.99999500000175,4.0,2.00000499999825,0.5000012499995625,POSITIVE_LOWER_BOUND_WITH_NONZERO_GAP
ambient,1.999996000001,4.0,2.000003999999,0.50000099999975,POSITIVE_LOWER_BOUND_WITH_NONZERO_GAP
projected,0.001999997,3.0,2.998000003,0.9993333343333334,POSITIVE_LOWER_BOUND_WITH_NONZERO_GAP
normal,1.99999500000175,4.0,2.00000499999825,0.5000012499995625,POSITIVE_LOWER_BOUND_WITH_NONZERO_GAP
ambient,1.999996000001,4.0,2.000003999999,0.50000099999975,POSITIVE_LOWER_BOUND_WITH_NONZERO_GAP
projected,0.001999997,3.0,2.998000003,0.9993333343333334,POSITIVE_LOWER_BOUND_WITH_NONZERO_GAP
normal,1.99999500000175,4.0,2.00000499999825,0.5000012499995625,POSITIVE_LOWER_BOUND_WITH_NONZERO_GAP
ambient,1.99960001000025,4.0,2.00039998999975,0.5000999974999375,POSITIVE_LOWER_BOUND_WITH_NONZERO_GAP
projected,0.0199969999999999,3.0,2.980003,0.9933343333333332,POSITIVE_LOWER_BOUND_WITH_NONZERO_GAP
normal,1.999500017500375,4.0,2.000499982499625,0.5001249956249063,POSITIVE_LOWER_BOUND_WITH_NONZERO_GAP
ambient,1.99960001000025,4.0,2.00039998999975,0.5000999974999375,POSITIVE_LOWER_BOUND_WITH_NONZERO_GAP
projected,0.0199969999999999,3.0,2.980003,0.9933343333333332,POSITIVE_LOWER_BOUND_WITH_NONZERO_GAP
normal,1.999500017500375,4.0,2.000499982499625,0.5001249956249063,POSITIVE_LOWER_BOUND_WITH_NONZERO_GAP
ambient,1.99960001000025,4.0,2.00039998999975,0.5000999974999375,POSITIVE_LOWER_BOUND_WITH_NONZERO_GAP
projected,0.0199969999999999,3.0,2.980003,0.9933343333333332,POSITIVE_LOWER_BOUND_WITH_NONZERO_GAP
normal,1.999500017500375,4.0,2.000499982499625,0.5001249956249063,POSITIVE_LOWER_BOUND_WITH_NONZERO_GAP
ambient,1.9601002525381197,4.0,2.0398997474618805,0.5099749368654701,POSITIVE_LOWER_BOUND_WITH_NONZERO_GAP
projected,0.1969999999999999,3.0,2.803,0.9343333333333332,POSITIVE_LOWER_BOUND_WITH_NONZERO_GAP
normal,1.950175376728975,4.0,2.049824623271025,0.5124561558177563,POSITIVE_LOWER_BOUND_WITH_NONZERO_GAP
ambient,1.9601002525381197,4.0,2.0398997474618805,0.5099749368654701,POSITIVE_LOWER_BOUND_WITH_NONZERO_GAP
projected,0.1969999999999999,3.0,2.803,0.9343333333333332,POSITIVE_LOWER_BOUND_WITH_NONZERO_GAP
normal,1.950175376728975,4.0,2.049824623271025,0.5124561558177563,POSITIVE_LOWER_BOUND_WITH_NONZERO_GAP
ambient,1.9601002525381197,4.0,2.0398997474618805,0.5099749368654701,POSITIVE_LOWER_BOUND_WITH_NONZERO_GAP
projected,0.1969999999999999,3.0,2.803,0.9343333333333332,POSITIVE_LOWER_BOUND_WITH_NONZERO_GAP
normal,1.950175376728975,4.0,2.049824623271025,0.5124561558177563,POSITIVE_LOWER_BOUND_WITH_NONZERO_GAP
ambient,1.0680004681646913,4.0,2.9319995318353085,0.7329998829588271,POSITIVE_LOWER_BOUND_WITH_NONZERO_GAP
projected,0.6249999999999999,3.0,2.375,0.7916666666666666,POSITIVE_LOWER_BOUND_WITH_NONZERO_GAP
normal,0.8660254037844386,4.0,3.1339745962155616,0.7834936490538904,POSITIVE_LOWER_BOUND_WITH_NONZERO_GAP
ambient,1.0680004681646913,4.0,2.9319995318353085,0.7329998829588271,POSITIVE_LOWER_BOUND_WITH_NONZERO_GAP
projected,0.6249999999999999,3.0,2.375,0.7916666666666666,POSITIVE_LOWER_BOUND_WITH_NONZERO_GAP
normal,0.8660254037844386,4.0,3.1339745962155616,0.7834936490538904,POSITIVE_LOWER_BOUND_WITH_NONZERO_GAP
ambient,1.0680004681646913,4.0,2.9319995318353085,0.7329998829588271,POSITIVE_LOWER_BOUND_WITH_NONZERO_GAP
projected,0.6249999999999999,3.0,2.375,0.7916666666666666,POSITIVE_LOWER_BOUND_WITH_NONZERO_GAP
normal,0.8660254037844386,4.0,3.1339745962155616,0.7834936490538904,POSITIVE_LOWER_BOUND_WITH_NONZERO_GAP
ambient,1.0,4.0,3.0,0.75,POSITIVE_LOWER_BOUND_WITH_NONZERO_GAP
projected,1.0,3.0,2.0,0.6666666666666666,POSITIVE_LOWER_BOUND_WITH_NONZERO_GAP
normal,0.0,4.0,4.0,1.0,NO_POSITIVE_LOWER_BOUND_OBTAINED
ambient,1.0,4.0,3.0,0.75,POSITIVE_LOWER_BOUND_WITH_NONZERO_GAP
projected,1.0,3.0,2.0,0.6666666666666666,POSITIVE_LOWER_BOUND_WITH_NONZERO_GAP
normal,0.0,4.0,4.0,1.0,NO_POSITIVE_LOWER_BOUND_OBTAINED
ambient,1.0,4.0,3.0,0.75,POSITIVE_LOWER_BOUND_WITH_NONZERO_GAP
projected,1.0,3.0,2.0,0.6666666666666666,POSITIVE_LOWER_BOUND_WITH_NONZERO_GAP
normal,0.0,4.0,4.0,1.0,NO_POSITIVE_LOWER_BOUND_OBTAINED
ambient,2.999996000001,4.0,1.000003999999,0.25000099999975,POSITIVE_LOWER_BOUND_WITH_NONZERO_GAP
projected,0.002999997,3.0,2.997000003,0.999000001,POSITIVE_LOWER_BOUND_WITH_NONZERO_GAP
normal,2.9999945000016246,4.0,1.0000054999983754,0.2500013749995938,POSITIVE_LOWER_BOUND_WITH_NONZERO_GAP
ambient,2.999996000001,4.0,1.000003999999,0.25000099999975,POSITIVE_LOWER_BOUND_WITH_NONZERO_GAP
projected,0.002999997,3.0,2.997000003,0.999000001,POSITIVE_LOWER_BOUND_WITH_NONZERO_GAP
normal,2.9999945000016246,4.0,1.0000054999983754,0.2500013749995938,POSITIVE_LOWER_BOUND_WITH_NONZERO_GAP
ambient,2.999996000001,4.0,1.000003999999,0.25000099999975,POSITIVE_LOWER_BOUND_WITH_NONZERO_GAP
projected,0.002999997,3.0,2.997000003,0.999000001,POSITIVE_LOWER_BOUND_WITH_NONZERO_GAP
normal,2.9999945000016246,4.0,1.0000054999983754,0.2500013749995938,POSITIVE_LOWER_BOUND_WITH_NONZERO_GAP
ambient,2.9996000100001665,4.0,1.0003999899998337,0.2500999974999583,POSITIVE_LOWER_BOUND_WITH_NONZERO_GAP
projected,0.029997,3.0,2.970003,0.990001,POSITIVE_LOWER_BOUND_WITH_NONZERO_GAP
normal,2.999450016250312,4.0,1.0005499837496878,0.2501374959374219,POSITIVE_LOWER_BOUND_WITH_NONZERO_GAP
ambient,2.9996000100001665,4.0,1.0003999899998337,0.2500999974999583,POSITIVE_LOWER_BOUND_WITH_NONZERO_GAP
projected,0.029997,3.0,2.970003,0.990001,POSITIVE_LOWER_BOUND_WITH_NONZERO_GAP
normal,2.999450016250312,4.0,1.0005499837496878,0.2501374959374219,POSITIVE_LOWER_BOUND_WITH_NONZERO_GAP
ambient,2.9996000100001665,4.0,1.0003999899998337,0.2500999974999583,POSITIVE_LOWER_BOUND_WITH_NONZERO_GAP
projected,0.029997,3.0,2.970003,0.990001,POSITIVE_LOWER_BOUND_WITH_NONZERO_GAP
normal,2.999450016250312,4.0,1.0005499837496878,0.2501374959374219,POSITIVE_LOWER_BOUND_WITH_NONZERO_GAP
ambient,2.960100167224075,4.0,1.0398998327759248,0.2599749581939812,POSITIVE_LOWER_BOUND_WITH_NONZERO_GAP
projected,0.297,3.0,2.703,0.901,POSITIVE_LOWER_BOUND_WITH_NONZERO_GAP
normal,2.9451628138355948,4.0,1.0548371861644052,0.2637092965411013,POSITIVE_LOWER_BOUND_WITH_NONZERO_GAP
ambient,2.960100167224075,4.0,1.0398998327759248,0.2599749581939812,POSITIVE_LOWER_BOUND_WITH_NONZERO_GAP
projected,0.297,3.0,2.703,0.901,POSITIVE_LOWER_BOUND_WITH_NONZERO_GAP
normal,2.9451628138355948,4.0,1.0548371861644052,0.2637092965411013,POSITIVE_LOWER_BOUND_WITH_NONZERO_GAP
ambient,2.960100167224075,4.0,1.0398998327759248,0.2599749581939812,POSITIVE_LOWER_BOUND_WITH_NONZERO_GAP
projected,0.297,3.0,2.703,0.901,POSITIVE_LOWER_BOUND_WITH_NONZERO_GAP
normal,2.9451628138355948,4.0,1.0548371861644052,0.2637092965411013,POSITIVE_LOWER_BOUND_WITH_NONZERO_GAP
ambient,2.065338955232288,4.0,1.934661044767712,0.483665261191928,POSITIVE_LOWER_BOUND_WITH_NONZERO_GAP
projected,1.1249999999999998,3.0,1.875,0.6250000000000001,POSITIVE_LOWER_BOUND_WITH_NONZERO_GAP
normal,1.7320508075688772,4.0,2.267949192431123,0.5669872981077807,POSITIVE_LOWER_BOUND_WITH_NONZERO_GAP
ambient,2.065338955232288,4.0,1.934661044767712,0.483665261191928,POSITIVE_LOWER_BOUND_WITH_NONZERO_GAP
projected,1.1249999999999998,3.0,1.875,0.6250000000000001,POSITIVE_LOWER_BOUND_WITH_NONZERO_GAP
normal,1.7320508075688772,4.0,2.267949192431123,0.5669872981077807,POSITIVE_LOWER_BOUND_WITH_NONZERO_GAP
ambient,2.065338955232288,4.0,1.934661044767712,0.483665261191928,POSITIVE_LOWER_BOUND_WITH_NONZERO_GAP
projected,1.1249999999999998,3.0,1.875,0.6250000000000001,POSITIVE_LOWER_BOUND_WITH_NONZERO_GAP
normal,1.7320508075688772,4.0,2.267949192431123,0.5669872981077807,POSITIVE_LOWER_BOUND_WITH_NONZERO_GAP
ambient,0.0,4.0,4.0,1.0,NO_POSITIVE_LOWER_BOUND_OBTAINED
projected,0.0,3.0,3.0,1.0,NO_POSITIVE_LOWER_BOUND_OBTAINED
normal,0.0,4.0,4.0,1.0,NO_POSITIVE_LOWER_BOUND_OBTAINED
ambient,0.0,4.0,4.0,1.0,NO_POSITIVE_LOWER_BOUND_OBTAINED
projected,0.0,3.0,3.0,1.0,NO_POSITIVE_LOWER_BOUND_OBTAINED
normal,0.0,4.0,4.0,1.0,NO_POSITIVE_LOWER_BOUND_OBTAINED
ambient,0.0,4.0,4.0,1.0,NO_POSITIVE_LOWER_BOUND_OBTAINED
projected,0.0,3.0,3.0,1.0,NO_POSITIVE_LOWER_BOUND_OBTAINED
normal,0.0,4.0,4.0,1.0,NO_POSITIVE_LOWER_BOUND_OBTAINED
ambient,2.999996000001,4.0,1.000003999999,0.25000099999975,POSITIVE_LOWER_BOUND_WITH_NONZERO_GAP
projected,0.002999997,3.0,2.997000003,0.999000001,POSITIVE_LOWER_BOUND_WITH_NONZERO_GAP
normal,2.9999945000016246,4.0,1.0000054999983754,0.2500013749995938,POSITIVE_LOWER_BOUND_WITH_NONZERO_GAP
ambient,2.999996000001,4.0,1.000003999999,0.25000099999975,POSITIVE_LOWER_BOUND_WITH_NONZERO_GAP
projected,0.002999997,3.0,2.997000003,0.999000001,POSITIVE_LOWER_BOUND_WITH_NONZERO_GAP
normal,2.9999945000016246,4.0,1.0000054999983754,0.2500013749995938,POSITIVE_LOWER_BOUND_WITH_NONZERO_GAP
ambient,2.999996000001,4.0,1.000003999999,0.25000099999975,POSITIVE_LOWER_BOUND_WITH_NONZERO_GAP
projected,0.002999997,3.0,2.997000003,0.999000001,POSITIVE_LOWER_BOUND_WITH_NONZERO_GAP
normal,2.9999945000016246,4.0,1.0000054999983754,0.2500013749995938,POSITIVE_LOWER_BOUND_WITH_NONZERO_GAP
ambient,2.9996000100001665,4.0,1.0003999899998337,0.2500999974999583,POSITIVE_LOWER_BOUND_WITH_NONZERO_GAP
projected,0.029997,3.0,2.970003,0.990001,POSITIVE_LOWER_BOUND_WITH_NONZERO_GAP
normal,2.999450016250312,4.0,1.0005499837496878,0.2501374959374219,POSITIVE_LOWER_BOUND_WITH_NONZERO_GAP
ambient,2.9996000100001665,4.0,1.0003999899998337,0.2500999974999583,POSITIVE_LOWER_BOUND_WITH_NONZERO_GAP
projected,0.029997,3.0,2.970003,0.990001,POSITIVE_LOWER_BOUND_WITH_NONZERO_GAP
normal,2.999450016250312,4.0,1.0005499837496878,0.2501374959374219,POSITIVE_LOWER_BOUND_WITH_NONZERO_GAP
ambient,2.9996000100001665,4.0,1.0003999899998337,0.2500999974999583,POSITIVE_LOWER_BOUND_WITH_NONZERO_GAP
projected,0.029997,3.0,2.970003,0.990001,POSITIVE_LOWER_BOUND_WITH_NONZERO_GAP
normal,2.999450016250312,4.0,1.0005499837496878,0.2501374959374219,POSITIVE_LOWER_BOUND_WITH_NONZERO_GAP
ambient,2.960100167224075,4.0,1.0398998327759248,0.2599749581939812,POSITIVE_LOWER_BOUND_WITH_NONZERO_GAP
projected,0.297,3.0,2.703,0.901,POSITIVE_LOWER_BOUND_WITH_NONZERO_GAP
normal,2.9451628138355948,4.0,1.0548371861644052,0.2637092965411013,POSITIVE_LOWER_BOUND_WITH_NONZERO_GAP
ambient,2.960100167224075,4.0,1.0398998327759248,0.2599749581939812,POSITIVE_LOWER_BOUND_WITH_NONZERO_GAP
projected,0.297,3.0,2.703,0.901,POSITIVE_LOWER_BOUND_WITH_NONZERO_GAP
normal,2.9451628138355948,4.0,1.0548371861644052,0.2637092965411013,POSITIVE_LOWER_BOUND_WITH_NONZERO_GAP
ambient,2.960100167224075,4.0,1.0398998327759248,0.2599749581939812,POSITIVE_LOWER_BOUND_WITH_NONZERO_GAP
projected,0.297,3.0,2.703,0.901,POSITIVE_LOWER_BOUND_WITH_NONZERO_GAP
normal,2.9451628138355948,4.0,1.0548371861644052,0.2637092965411013,POSITIVE_LOWER_BOUND_WITH_NONZERO_GAP
ambient,2.065338955232288,4.0,1.934661044767712,0.483665261191928,POSITIVE_LOWER_BOUND_WITH_NONZERO_GAP
projected,1.1249999999999998,3.0,1.875,0.6250000000000001,POSITIVE_LOWER_BOUND_WITH_NONZERO_GAP
normal,1.7320508075688772,4.0,2.267949192431123,0.5669872981077807,POSITIVE_LOWER_BOUND_WITH_NONZERO_GAP
ambient,2.065338955232288,4.0,1.934661044767712,0.483665261191928,POSITIVE_LOWER_BOUND_WITH_NONZERO_GAP
projected,1.1249999999999998,3.0,1.875,0.6250000000000001,POSITIVE_LOWER_BOUND_WITH_NONZERO_GAP
normal,1.7320508075688772,4.0,2.267949192431123,0.5669872981077807,POSITIVE_LOWER_BOUND_WITH_NONZERO_GAP
ambient,2.065338955232288,4.0,1.934661044767712,0.483665261191928,POSITIVE_LOWER_BOUND_WITH_NONZERO_GAP
projected,1.1249999999999998,3.0,1.875,0.6250000000000001,POSITIVE_LOWER_BOUND_WITH_NONZERO_GAP
normal,1.7320508075688772,4.0,2.267949192431123,0.5669872981077807,POSITIVE_LOWER_BOUND_WITH_NONZERO_GAP
ambient,0.0,4.0,4.0,1.0,NO_POSITIVE_LOWER_BOUND_OBTAINED
projected,0.0,3.0,3.0,1.0,NO_POSITIVE_LOWER_BOUND_OBTAINED
normal,0.0,4.0,4.0,1.0,NO_POSITIVE_LOWER_BOUND_OBTAINED
ambient,0.0,4.0,4.0,1.0,NO_POSITIVE_LOWER_BOUND_OBTAINED
projected,0.0,3.0,3.0,1.0,NO_POSITIVE_LOWER_BOUND_OBTAINED
normal,0.0,4.0,4.0,1.0,NO_POSITIVE_LOWER_BOUND_OBTAINED
ambient,0.0,4.0,4.0,1.0,NO_POSITIVE_LOWER_BOUND_OBTAINED
projected,0.0,3.0,3.0,1.0,NO_POSITIVE_LOWER_BOUND_OBTAINED
normal,0.0,4.0,4.0,1.0,NO_POSITIVE_LOWER_BOUND_OBTAINED
ambient,2.999996000001,4.0,1.000003999999,0.25000099999975,POSITIVE_LOWER_BOUND_WITH_NONZERO_GAP
projected,0.002999997,3.0,2.997000003,0.999000001,POSITIVE_LOWER_BOUND_WITH_NONZERO_GAP
normal,2.9999945000016246,4.0,1.0000054999983754,0.2500013749995938,POSITIVE_LOWER_BOUND_WITH_NONZERO_GAP
ambient,2.999996000001,4.0,1.000003999999,0.25000099999975,POSITIVE_LOWER_BOUND_WITH_NONZERO_GAP
projected,0.002999997,3.0,2.997000003,0.999000001,POSITIVE_LOWER_BOUND_WITH_NONZERO_GAP
normal,2.9999945000016246,4.0,1.0000054999983754,0.2500013749995938,POSITIVE_LOWER_BOUND_WITH_NONZERO_GAP
ambient,2.999996000001,4.0,1.000003999999,0.25000099999975,POSITIVE_LOWER_BOUND_WITH_NONZERO_GAP
projected,0.002999997,3.0,2.997000003,0.999000001,POSITIVE_LOWER_BOUND_WITH_NONZERO_GAP
normal,2.9999945000016246,4.0,1.0000054999983754,0.2500013749995938,POSITIVE_LOWER_BOUND_WITH_NONZERO_GAP
ambient,2.9996000100001665,4.0,1.0003999899998337,0.2500999974999583,POSITIVE_LOWER_BOUND_WITH_NONZERO_GAP
projected,0.029997,3.0,2.970003,0.990001,POSITIVE_LOWER_BOUND_WITH_NONZERO_GAP
normal,2.999450016250312,4.0,1.0005499837496878,0.2501374959374219,POSITIVE_LOWER_BOUND_WITH_NONZERO_GAP
ambient,2.9996000100001665,4.0,1.0003999899998337,0.2500999974999583,POSITIVE_LOWER_BOUND_WITH_NONZERO_GAP
projected,0.029997,3.0,2.970003,0.990001,POSITIVE_LOWER_BOUND_WITH_NONZERO_GAP
normal,2.999450016250312,4.0,1.0005499837496878,0.2501374959374219,POSITIVE_LOWER_BOUND_WITH_NONZERO_GAP
ambient,2.9996000100001665,4.0,1.0003999899998337,0.2500999974999583,POSITIVE_LOWER_BOUND_WITH_NONZERO_GAP
projected,0.029997,3.0,2.970003,0.990001,POSITIVE_LOWER_BOUND_WITH_NONZERO_GAP
normal,2.999450016250312,4.0,1.0005499837496878,0.2501374959374219,POSITIVE_LOWER_BOUND_WITH_NONZERO_GAP
ambient,2.960100167224075,4.0,1.0398998327759248,0.2599749581939812,POSITIVE_LOWER_BOUND_WITH_NONZERO_GAP
projected,0.297,3.0,2.703,0.901,POSITIVE_LOWER_BOUND_WITH_NONZERO_GAP
normal,2.9451628138355948,4.0,1.0548371861644052,0.2637092965411013,POSITIVE_LOWER_BOUND_WITH_NONZERO_GAP
ambient,2.960100167224075,4.0,1.0398998327759248,0.2599749581939812,POSITIVE_LOWER_BOUND_WITH_NONZERO_GAP
projected,0.297,3.0,2.703,0.901,POSITIVE_LOWER_BOUND_WITH_NONZERO_GAP
normal,2.9451628138355948,4.0,1.0548371861644052,0.2637092965411013,POSITIVE_LOWER_BOUND_WITH_NONZERO_GAP
ambient,2.960100167224075,4.0,1.0398998327759248,0.2599749581939812,POSITIVE_LOWER_BOUND_WITH_NONZERO_GAP
projected,0.297,3.0,2.703,0.901,POSITIVE_LOWER_BOUND_WITH_NONZERO_GAP
normal,2.9451628138355948,4.0,1.0548371861644052,0.2637092965411013,POSITIVE_LOWER_BOUND_WITH_NONZERO_GAP
ambient,2.065338955232288,4.0,1.934661044767712,0.483665261191928,POSITIVE_LOWER_BOUND_WITH_NONZERO_GAP
projected,1.1249999999999998,3.0,1.875,0.6250000000000001,POSITIVE_LOWER_BOUND_WITH_NONZERO_GAP
normal,1.7320508075688772,4.0,2.267949192431123,0.5669872981077807,POSITIVE_LOWER_BOUND_WITH_NONZERO_GAP
ambient,2.065338955232288,4.0,1.934661044767712,0.483665261191928,POSITIVE_LOWER_BOUND_WITH_NONZERO_GAP
projected,1.1249999999999998,3.0,1.875,0.6250000000000001,POSITIVE_LOWER_BOUND_WITH_NONZERO_GAP
normal,1.7320508075688772,4.0,2.267949192431123,0.5669872981077807,POSITIVE_LOWER_BOUND_WITH_NONZERO_GAP
ambient,2.065338955232288,4.0,1.934661044767712,0.483665261191928,POSITIVE_LOWER_BOUND_WITH_NONZERO_GAP
projected,1.1249999999999998,3.0,1.875,0.6250000000000001,POSITIVE_LOWER_BOUND_WITH_NONZERO_GAP
normal,1.7320508075688772,4.0,2.267949192431123,0.5669872981077807,POSITIVE_LOWER_BOUND_WITH_NONZERO_GAP
ambient,0.0,4.0,4.0,1.0,NO_POSITIVE_LOWER_BOUND_OBTAINED
projected,0.0,3.0,3.0,1.0,NO_POSITIVE_LOWER_BOUND_OBTAINED
normal,0.0,4.0,4.0,1.0,NO_POSITIVE_LOWER_BOUND_OBTAINED
ambient,0.0,4.0,4.0,1.0,NO_POSITIVE_LOWER_BOUND_OBTAINED
projected,0.0,3.0,3.0,1.0,NO_POSITIVE_LOWER_BOUND_OBTAINED
normal,0.0,4.0,4.0,1.0,NO_POSITIVE_LOWER_BOUND_OBTAINED
ambient,0.0,4.0,4.0,1.0,NO_POSITIVE_LOWER_BOUND_OBTAINED
projected,0.0,3.0,3.0,1.0,NO_POSITIVE_LOWER_BOUND_OBTAINED
normal,0.0,4.0,4.0,1.0,NO_POSITIVE_LOWER_BOUND_OBTAINED
ambient,2.999996000001,4.0,1.000003999999,0.25000099999975,POSITIVE_LOWER_BOUND_WITH_NONZERO_GAP
projected,0.002999997,3.0,2.997000003,0.999000001,POSITIVE_LOWER_BOUND_WITH_NONZERO_GAP
normal,2.9999945000016246,4.0,1.0000054999983754,0.2500013749995938,POSITIVE_LOWER_BOUND_WITH_NONZERO_GAP
ambient,2.999996000001,4.0,1.000003999999,0.25000099999975,POSITIVE_LOWER_BOUND_WITH_NONZERO_GAP
projected,0.002999997,3.0,2.997000003,0.999000001,POSITIVE_LOWER_BOUND_WITH_NONZERO_GAP
normal,2.9999945000016246,4.0,1.0000054999983754,0.2500013749995938,POSITIVE_LOWER_BOUND_WITH_NONZERO_GAP
ambient,2.999996000001,4.0,1.000003999999,0.25000099999975,POSITIVE_LOWER_BOUND_WITH_NONZERO_GAP
projected,0.002999997,3.0,2.997000003,0.999000001,POSITIVE_LOWER_BOUND_WITH_NONZERO_GAP
normal,2.9999945000016246,4.0,1.0000054999983754,0.2500013749995938,POSITIVE_LOWER_BOUND_WITH_NONZERO_GAP
ambient,2.9996000100001665,4.0,1.0003999899998337,0.2500999974999583,POSITIVE_LOWER_BOUND_WITH_NONZERO_GAP
projected,0.029997,3.0,2.970003,0.990001,POSITIVE_LOWER_BOUND_WITH_NONZERO_GAP
normal,2.999450016250312,4.0,1.0005499837496878,0.2501374959374219,POSITIVE_LOWER_BOUND_WITH_NONZERO_GAP
ambient,2.9996000100001665,4.0,1.0003999899998337,0.2500999974999583,POSITIVE_LOWER_BOUND_WITH_NONZERO_GAP
projected,0.029997,3.0,2.970003,0.990001,POSITIVE_LOWER_BOUND_WITH_NONZERO_GAP
normal,2.999450016250312,4.0,1.0005499837496878,0.2501374959374219,POSITIVE_LOWER_BOUND_WITH_NONZERO_GAP
ambient,2.9996000100001665,4.0,1.0003999899998337,0.2500999974999583,POSITIVE_LOWER_BOUND_WITH_NONZERO_GAP
projected,0.029997,3.0,2.970003,0.990001,POSITIVE_LOWER_BOUND_WITH_NONZERO_GAP
normal,2.999450016250312,4.0,1.0005499837496878,0.2501374959374219,POSITIVE_LOWER_BOUND_WITH_NONZERO_GAP
ambient,2.960100167224075,4.0,1.0398998327759248,0.2599749581939812,POSITIVE_LOWER_BOUND_WITH_NONZERO_GAP
projected,0.297,3.0,2.703,0.901,POSITIVE_LOWER_BOUND_WITH_NONZERO_GAP
normal,2.9451628138355948,4.0,1.0548371861644052,0.2637092965411013,POSITIVE_LOWER_BOUND_WITH_NONZERO_GAP
ambient,2.960100167224075,4.0,1.0398998327759248,0.2599749581939812,POSITIVE_LOWER_BOUND_WITH_NONZERO_GAP
projected,0.297,3.0,2.703,0.901,POSITIVE_LOWER_BOUND_WITH_NONZERO_GAP
normal,2.9451628138355948,4.0,1.0548371861644052,0.2637092965411013,POSITIVE_LOWER_BOUND_WITH_NONZERO_GAP
ambient,2.960100167224075,4.0,1.0398998327759248,0.2599749581939812,POSITIVE_LOWER_BOUND_WITH_NONZERO_GAP
projected,0.297,3.0,2.703,0.901,POSITIVE_LOWER_BOUND_WITH_NONZERO_GAP
normal,2.9451628138355948,4.0,1.0548371861644052,0.2637092965411013,POSITIVE_LOWER_BOUND_WITH_NONZERO_GAP
ambient,2.065338955232288,4.0,1.934661044767712,0.483665261191928,POSITIVE_LOWER_BOUND_WITH_NONZERO_GAP
projected,1.1249999999999998,3.0,1.875,0.6250000000000001,POSITIVE_LOWER_BOUND_WITH_NONZERO_GAP
normal,1.7320508075688772,4.0,2.267949192431123,0.5669872981077807,POSITIVE_LOWER_BOUND_WITH_NONZERO_GAP
ambient,2.065338955232288,4.0,1.934661044767712,0.483665261191928,POSITIVE_LOWER_BOUND_WITH_NONZERO_GAP
projected,1.1249999999999998,3.0,1.875,0.6250000000000001,POSITIVE_LOWER_BOUND_WITH_NONZERO_GAP
normal,1.7320508075688772,4.0,2.267949192431123,0.5669872981077807,POSITIVE_LOWER_BOUND_WITH_NONZERO_GAP
ambient,2.065338955232288,4.0,1.934661044767712,0.483665261191928,POSITIVE_LOWER_BOUND_WITH_NONZERO_GAP
projected,1.1249999999999998,3.0,1.875,0.6250000000000001,POSITIVE_LOWER_BOUND_WITH_NONZERO_GAP
normal,1.7320508075688772,4.0,2.267949192431123,0.5669872981077807,POSITIVE_LOWER_BOUND_WITH_NONZERO_GAP
ambient,0.0,4.0,4.0,1.0,NO_POSITIVE_LOWER_BOUND_OBTAINED
projected,0.0,3.0,3.0,1.0,NO_POSITIVE_LOWER_BOUND_OBTAINED
normal,0.0,4.0,4.0,1.0,NO_POSITIVE_LOWER_BOUND_OBTAINED
ambient,0.0,4.0,4.0,1.0,NO_POSITIVE_LOWER_BOUND_OBTAINED
projected,0.0,3.0,3.0,1.0,NO_POSITIVE_LOWER_BOUND_OBTAINED
normal,0.0,4.0,4.0,1.0,NO_POSITIVE_LOWER_BOUND_OBTAINED
ambient,0.0,4.0,4.0,1.0,NO_POSITIVE_LOWER_BOUND_OBTAINED
projected,0.0,3.0,3.0,1.0,NO_POSITIVE_LOWER_BOUND_OBTAINED
normal,0.0,4.0,4.0,1.0,NO_POSITIVE_LOWER_BOUND_OBTAINED
ambient,3.999994500001719,4.0,5.499998281255358e-06,1.3749995703138396e-06,POSITIVE_LOWER_BOUND_WITH_NONZERO_GAP
projected,0.0059999929999999,3.0,2.994000007,0.9980000023333332,POSITIVE_LOWER_BOUND_WITH_NONZERO_GAP
normal,3.9999900000035,4.0,9.99999650019845e-06,2.4999991250496123e-06,POSITIVE_LOWER_BOUND_WITH_NONZERO_GAP
ambient,3.999994500001719,4.0,5.499998281255358e-06,1.3749995703138396e-06,POSITIVE_LOWER_BOUND_WITH_NONZERO_GAP
projected,0.0059999929999999,3.0,2.994000007,0.9980000023333332,POSITIVE_LOWER_BOUND_WITH_NONZERO_GAP
normal,3.9999900000035,4.0,9.99999650019845e-06,2.4999991250496123e-06,POSITIVE_LOWER_BOUND_WITH_NONZERO_GAP
ambient,3.999994500001719,4.0,5.499998281255358e-06,1.3749995703138396e-06,POSITIVE_LOWER_BOUND_WITH_NONZERO_GAP
projected,0.0059999929999999,3.0,2.994000007,0.9980000023333332,POSITIVE_LOWER_BOUND_WITH_NONZERO_GAP
normal,3.9999900000035,4.0,9.99999650019845e-06,2.4999991250496123e-06,POSITIVE_LOWER_BOUND_WITH_NONZERO_GAP
ambient,3.999450017187988,4.0,0.0005499828120121,0.000137495703003,POSITIVE_LOWER_BOUND_WITH_NONZERO_GAP
projected,0.059993,3.0,2.940007,0.9800023333333332,POSITIVE_LOWER_BOUND_WITH_NONZERO_GAP
normal,3.99900003500075,4.0,0.00099996499925,0.0002499912498125,POSITIVE_LOWER_BOUND_WITH_NONZERO_GAP
ambient,3.999450017187988,4.0,0.0005499828120121,0.000137495703003,POSITIVE_LOWER_BOUND_WITH_NONZERO_GAP
projected,0.059993,3.0,2.940007,0.9800023333333332,POSITIVE_LOWER_BOUND_WITH_NONZERO_GAP
normal,3.99900003500075,4.0,0.00099996499925,0.0002499912498125,POSITIVE_LOWER_BOUND_WITH_NONZERO_GAP
ambient,3.999450017187988,4.0,0.0005499828120121,0.000137495703003,POSITIVE_LOWER_BOUND_WITH_NONZERO_GAP
projected,0.059993,3.0,2.940007,0.9800023333333332,POSITIVE_LOWER_BOUND_WITH_NONZERO_GAP
normal,3.99900003500075,4.0,0.00099996499925,0.0002499912498125,POSITIVE_LOWER_BOUND_WITH_NONZERO_GAP
ambient,3.945172366323175,4.0,0.0548276336768251,0.0137069084192062,POSITIVE_LOWER_BOUND_WITH_NONZERO_GAP
projected,0.593,3.0,2.407,0.8023333333333333,POSITIVE_LOWER_BOUND_WITH_NONZERO_GAP
normal,3.90035075345795,4.0,0.0996492465420502,0.0249123116355125,POSITIVE_LOWER_BOUND_WITH_NONZERO_GAP
ambient,3.945172366323175,4.0,0.0548276336768251,0.0137069084192062,POSITIVE_LOWER_BOUND_WITH_NONZERO_GAP
projected,0.593,3.0,2.407,0.8023333333333333,POSITIVE_LOWER_BOUND_WITH_NONZERO_GAP
normal,3.90035075345795,4.0,0.0996492465420502,0.0249123116355125,POSITIVE_LOWER_BOUND_WITH_NONZERO_GAP
ambient,3.945172366323175,4.0,0.0548276336768251,0.0137069084192062,POSITIVE_LOWER_BOUND_WITH_NONZERO_GAP
projected,0.593,3.0,2.407,0.8023333333333333,POSITIVE_LOWER_BOUND_WITH_NONZERO_GAP
normal,3.90035075345795,4.0,0.0996492465420502,0.0249123116355125,POSITIVE_LOWER_BOUND_WITH_NONZERO_GAP
ambient,2.741464024932663,4.0,1.2585359750673368,0.3146339937668342,POSITIVE_LOWER_BOUND_WITH_NONZERO_GAP
projected,2.125,3.0,0.8750000000000004,0.2916666666666668,POSITIVE_LOWER_BOUND_WITH_NONZERO_GAP
normal,1.7320508075688772,4.0,2.267949192431123,0.5669872981077807,POSITIVE_LOWER_BOUND_WITH_NONZERO_GAP
ambient,2.741464024932663,4.0,1.2585359750673368,0.3146339937668342,POSITIVE_LOWER_BOUND_WITH_NONZERO_GAP
projected,2.125,3.0,0.8750000000000004,0.2916666666666668,POSITIVE_LOWER_BOUND_WITH_NONZERO_GAP
normal,1.7320508075688772,4.0,2.267949192431123,0.5669872981077807,POSITIVE_LOWER_BOUND_WITH_NONZERO_GAP
ambient,2.741464024932663,4.0,1.2585359750673368,0.3146339937668342,POSITIVE_LOWER_BOUND_WITH_NONZERO_GAP
projected,2.125,3.0,0.8750000000000004,0.2916666666666668,POSITIVE_LOWER_BOUND_WITH_NONZERO_GAP
normal,1.7320508075688772,4.0,2.267949192431123,0.5669872981077807,POSITIVE_LOWER_BOUND_WITH_NONZERO_GAP
ambient,1.0,4.0,3.0,0.75,POSITIVE_LOWER_BOUND_WITH_NONZERO_GAP
projected,1.0,3.0,2.0,0.6666666666666666,POSITIVE_LOWER_BOUND_WITH_NONZERO_GAP
normal,0.0,4.0,4.0,1.0,NO_POSITIVE_LOWER_BOUND_OBTAINED
ambient,1.0,4.0,3.0,0.75,POSITIVE_LOWER_BOUND_WITH_NONZERO_GAP
projected,1.0,3.0,2.0,0.6666666666666666,POSITIVE_LOWER_BOUND_WITH_NONZERO_GAP
normal,0.0,4.0,4.0,1.0,NO_POSITIVE_LOWER_BOUND_OBTAINED
ambient,1.0,4.0,3.0,0.75,POSITIVE_LOWER_BOUND_WITH_NONZERO_GAP
projected,1.0,3.0,2.0,0.6666666666666666,POSITIVE_LOWER_BOUND_WITH_NONZERO_GAP
normal,0.0,4.0,4.0,1.0,NO_POSITIVE_LOWER_BOUND_OBTAINED
